gene,category
Montipora_capitata_HIv3___RNAseq.g4581.t1,ko04714
Montipora_capitata_HIv3___RNAseq.g4581.t1,ko05230
Montipora_capitata_HIv3___RNAseq.g4582.t1,ko00250
Montipora_capitata_HIv3___RNAseq.g4582.t1,ko00280
Montipora_capitata_HIv3___RNAseq.g4582.t1,ko00410
Montipora_capitata_HIv3___RNAseq.g4582.t1,ko00640
Montipora_capitata_HIv3___RNAseq.g4582.t1,ko00650
Montipora_capitata_HIv3___RNAseq.g4582.t1,ko01100
Montipora_capitata_HIv3___RNAseq.g4582.t1,ko01120
Montipora_capitata_HIv3___RNAseq.g4582.t1,ko04727
Montipora_capitata_HIv3___RNAseq.g4584.t1,ko03060
Montipora_capitata_HIv3___RNAseq.g4586.t1,ko03450
Montipora_capitata_HIv3___RNAseq.g4586.t1,ko04110
Montipora_capitata_HIv3___RNAseq.g4589.t1,ko03450
Montipora_capitata_HIv3___RNAseq.g4589.t1,ko04110
Montipora_capitata_HIv3___RNAseq.g4591.t1b,ko00513
Montipora_capitata_HIv3___RNAseq.g4591.t1b,ko01100
Montipora_capitata_HIv3___RNAseq.g4604.t1,ko00531
Montipora_capitata_HIv3___RNAseq.g4604.t1,ko01100
Montipora_capitata_HIv3___RNAseq.g4604.t1,ko04142
Montipora_capitata_HIv3___RNAseq.g4594.t1,ko05202
Montipora_capitata_HIv3___TS.g26295.t1,ko03013
Montipora_capitata_HIv3___RNAseq.g4611.t2,ko04714
Montipora_capitata_HIv3___TS.g26298.t1,ko00230
Montipora_capitata_HIv3___TS.g26298.t1,ko00240
Montipora_capitata_HIv3___RNAseq.g4620.t1,ko03060
Montipora_capitata_HIv3___RNAseq.g4638.t1,ko00010
Montipora_capitata_HIv3___RNAseq.g4638.t1,ko01100
Montipora_capitata_HIv3___RNAseq.g4638.t1,ko01110
Montipora_capitata_HIv3___RNAseq.g4638.t1,ko01130
Montipora_capitata_HIv3___RNAseq.g4638.t1,ko01200
Montipora_capitata_HIv3___RNAseq.g4639.t1,ko00010
Montipora_capitata_HIv3___RNAseq.g4639.t1,ko01100
Montipora_capitata_HIv3___RNAseq.g4639.t1,ko01110
Montipora_capitata_HIv3___RNAseq.g4639.t1,ko01130
Montipora_capitata_HIv3___RNAseq.g4639.t1,ko01200
Montipora_capitata_HIv3___TS.g26337.t3,ko01524
Montipora_capitata_HIv3___TS.g26337.t3,ko03420
Montipora_capitata_HIv3___TS.g26337.t3,ko03460
Montipora_capitata_HIv3___RNAseq.g4642.t1,ko04144
Montipora_capitata_HIv3___RNAseq.g4643.t1,ko04144
Montipora_capitata_HIv3___RNAseq.g4643.t1,ko04217
Montipora_capitata_HIv3___RNAseq.g4647.t1,ko04152
Montipora_capitata_HIv3___RNAseq.g4647.t1,ko04921
Montipora_capitata_HIv3___RNAseq.g4650.t1,ko03010
Montipora_capitata_HIv3___RNAseq.g4666.t1,ko04710
Montipora_capitata_HIv3___RNAseq.g4666.t1,ko04711
Montipora_capitata_HIv3___RNAseq.g4666.t1,ko04728
Montipora_capitata_HIv3___RNAseq.g4666.t1,ko05168
Montipora_capitata_HIv3___TS.g26352.t1,ko04142
Montipora_capitata_HIv3___TS.g26352.t1,ko05205
Montipora_capitata_HIv3___RNAseq.g4671.t1,ko00515
Montipora_capitata_HIv3___RNAseq.g4671.t1,ko01100
Montipora_capitata_HIv3___RNAseq.g4674.t1,ko04666
Montipora_capitata_HIv3___RNAseq.g4674.t1,ko04810
Montipora_capitata_HIv3___RNAseq.g4674.t1,ko05203
Montipora_capitata_HIv3___TS.g26365.t1,ko04927
Montipora_capitata_HIv3___TS.g26365.t1,ko04934
Montipora_capitata_HIv3___RNAseq.g4676.t1,ko04666
Montipora_capitata_HIv3___RNAseq.g4676.t1,ko04810
Montipora_capitata_HIv3___RNAseq.g4676.t1,ko05203
Montipora_capitata_HIv3___RNAseq.g4688.t1,ko04141
Montipora_capitata_HIv3___RNAseq.g4691.t1,ko00500
Montipora_capitata_HIv3___RNAseq.g4691.t1,ko01100
Montipora_capitata_HIv3___RNAseq.g4691.t1,ko04151
Montipora_capitata_HIv3___RNAseq.g4691.t1,ko04152
Montipora_capitata_HIv3___RNAseq.g4691.t1,ko04910
Montipora_capitata_HIv3___RNAseq.g4691.t1,ko04922
Montipora_capitata_HIv3___RNAseq.g4691.t1,ko04931
Montipora_capitata_HIv3___RNAseq.g4696.t1,ko00052
Montipora_capitata_HIv3___RNAseq.g4696.t1,ko00520
Montipora_capitata_HIv3___RNAseq.g4696.t1,ko01100
Montipora_capitata_HIv3___TS.g26379.t2,ko01523
Montipora_capitata_HIv3___TS.g26379.t2,ko02010
Montipora_capitata_HIv3___TS.g26379.t2,ko04024
Montipora_capitata_HIv3___TS.g26379.t2,ko04976
Montipora_capitata_HIv3___RNAseq.g4693.t1,ko00230
Montipora_capitata_HIv3___RNAseq.g4703.t1,ko04979
Montipora_capitata_HIv3___TS.g26395.t2,ko00564
Montipora_capitata_HIv3___TS.g26395.t2,ko01100
Montipora_capitata_HIv3___TS.g26395.t2,ko05231
Montipora_capitata_HIv3___RNAseq.g4705.t1,ko03010
Montipora_capitata_HIv3___RNAseq.g4707.t1,ko04710
Montipora_capitata_HIv3___RNAseq.g4707.t1,ko04711
Montipora_capitata_HIv3___RNAseq.g4707.t1,ko04728
Montipora_capitata_HIv3___RNAseq.g4707.t1,ko05168
Montipora_capitata_HIv3___RNAseq.164_t,ko00900
Montipora_capitata_HIv3___RNAseq.164_t,ko01100
Montipora_capitata_HIv3___RNAseq.164_t,ko01110
Montipora_capitata_HIv3___RNAseq.164_t,ko01130
Montipora_capitata_HIv3___RNAseq.g4744.t1,ko04010
Montipora_capitata_HIv3___RNAseq.g4744.t1,ko04012
Montipora_capitata_HIv3___RNAseq.g4744.t1,ko04110
Montipora_capitata_HIv3___RNAseq.g4744.t1,ko04151
Montipora_capitata_HIv3___RNAseq.g4744.t1,ko04218
Montipora_capitata_HIv3___RNAseq.g4744.t1,ko04310
Montipora_capitata_HIv3___RNAseq.g4744.t1,ko04350
Montipora_capitata_HIv3___RNAseq.g4744.t1,ko04390
Montipora_capitata_HIv3___RNAseq.g4744.t1,ko04391
Montipora_capitata_HIv3___RNAseq.g4744.t1,ko04550
Montipora_capitata_HIv3___RNAseq.g4744.t1,ko04630
Montipora_capitata_HIv3___RNAseq.g4744.t1,ko04919
Montipora_capitata_HIv3___RNAseq.g4744.t1,ko05161
Montipora_capitata_HIv3___RNAseq.g4744.t1,ko05166
Montipora_capitata_HIv3___RNAseq.g4744.t1,ko05167
Montipora_capitata_HIv3___RNAseq.g4744.t1,ko05169
Montipora_capitata_HIv3___RNAseq.g4744.t1,ko05200
Montipora_capitata_HIv3___RNAseq.g4744.t1,ko05202
Montipora_capitata_HIv3___RNAseq.g4744.t1,ko05205
Montipora_capitata_HIv3___RNAseq.g4744.t1,ko05206
Montipora_capitata_HIv3___RNAseq.g4744.t1,ko05210
Montipora_capitata_HIv3___RNAseq.g4744.t1,ko05213
Montipora_capitata_HIv3___RNAseq.g4744.t1,ko05216
Montipora_capitata_HIv3___RNAseq.g4744.t1,ko05219
Montipora_capitata_HIv3___RNAseq.g4744.t1,ko05220
Montipora_capitata_HIv3___RNAseq.g4744.t1,ko05221
Montipora_capitata_HIv3___RNAseq.g4744.t1,ko05222
Montipora_capitata_HIv3___RNAseq.g4744.t1,ko05224
Montipora_capitata_HIv3___RNAseq.g4744.t1,ko05225
Montipora_capitata_HIv3___RNAseq.g4744.t1,ko05226
Montipora_capitata_HIv3___RNAseq.g4744.t1,ko05230
Montipora_capitata_HIv3___RNAseq.g4756.t1,ko00512
Montipora_capitata_HIv3___RNAseq.g4756.t1,ko01100
Montipora_capitata_HIv3___RNAseq.g4752.t1,ko03013
Montipora_capitata_HIv3___RNAseq.g4752.t1,ko04064
Montipora_capitata_HIv3___RNAseq.g4752.t1,ko04120
Montipora_capitata_HIv3___RNAseq.g4752.t1,ko05206
Montipora_capitata_HIv3___TS.g26463.t2,ko00513
Montipora_capitata_HIv3___TS.g26463.t2,ko01100
Montipora_capitata_HIv3___RNAseq.g4782.t1b,ko00531
Montipora_capitata_HIv3___RNAseq.g4782.t1b,ko01100
Montipora_capitata_HIv3___RNAseq.g4782.t1b,ko04142
Montipora_capitata_HIv3___RNAseq.g4780.t1,ko03420
Montipora_capitata_HIv3___RNAseq.g4780.t1,ko04120
Montipora_capitata_HIv3___RNAseq.g4780.t1,ko05161
Montipora_capitata_HIv3___RNAseq.g4780.t1,ko05203
Montipora_capitata_HIv3___RNAseq.g4781.t1,ko00531
Montipora_capitata_HIv3___RNAseq.g4781.t1,ko01100
Montipora_capitata_HIv3___RNAseq.g4781.t1,ko04142
Montipora_capitata_HIv3___RNAseq.g4796.t2,ko00330
Montipora_capitata_HIv3___RNAseq.g4796.t2,ko00340
Montipora_capitata_HIv3___RNAseq.g4796.t2,ko00410
Montipora_capitata_HIv3___RNAseq.g4796.t2,ko01100
Montipora_capitata_HIv3___TS.g26488.t2,ko04150
Montipora_capitata_HIv3___TS.g26488.t2,ko04310
Montipora_capitata_HIv3___TS.g26488.t2,ko05200
Montipora_capitata_HIv3___TS.g26488.t2,ko05224
Montipora_capitata_HIv3___TS.g26488.t2,ko05225
Montipora_capitata_HIv3___TS.g26488.t2,ko05226
Montipora_capitata_HIv3___RNAseq.g4795.t2,ko04150
Montipora_capitata_HIv3___RNAseq.g4795.t2,ko04310
Montipora_capitata_HIv3___RNAseq.g4795.t2,ko05200
Montipora_capitata_HIv3___RNAseq.g4795.t2,ko05224
Montipora_capitata_HIv3___RNAseq.g4795.t2,ko05225
Montipora_capitata_HIv3___RNAseq.g4795.t2,ko05226
Montipora_capitata_HIv3___TS.g26523.t2,ko03015
Montipora_capitata_HIv3___TS.g26523.t2,ko04970
Montipora_capitata_HIv3___TS.g26534.t1b,ko00970
Montipora_capitata_HIv3___RNAseq.g4838.t1,ko00562
Montipora_capitata_HIv3___RNAseq.g4838.t1,ko04070
Montipora_capitata_HIv3___RNAseq.g4838.t1,ko04810
Montipora_capitata_HIv3___TS.g26537.t3,ko04927
Montipora_capitata_HIv3___TS.g26537.t3,ko04934
Montipora_capitata_HIv3___RNAseq.g4841.t1,ko03040
Montipora_capitata_HIv3___TS.g26540.t1,ko05230
Montipora_capitata_HIv3___RNAseq.g4858.t1,ko04080
Montipora_capitata_HIv3___RNAseq.g4858.t1,ko04610
Montipora_capitata_HIv3___RNAseq.g4858.t1,ko05150
Montipora_capitata_HIv3___RNAseq.g4858.t1,ko05164
Montipora_capitata_HIv3___RNAseq.g4887.t1,ko00564
Montipora_capitata_HIv3___RNAseq.g4887.t1,ko01100
Montipora_capitata_HIv3___RNAseq.g4887.t1,ko01110
Montipora_capitata_HIv3___RNAseq.g4891.t1,ko00100
Montipora_capitata_HIv3___RNAseq.g4891.t1,ko01100
Montipora_capitata_HIv3___RNAseq.g4891.t1,ko01110
Montipora_capitata_HIv3___RNAseq.g4901.t1,ko00310
Montipora_capitata_HIv3___RNAseq.g4924.t1,ko04022
Montipora_capitata_HIv3___RNAseq.g4924.t1,ko04080
Montipora_capitata_HIv3___RNAseq.g4923.t1,ko00511
Montipora_capitata_HIv3___RNAseq.g4923.t1,ko00513
Montipora_capitata_HIv3___RNAseq.g4923.t1,ko01100
Montipora_capitata_HIv3___RNAseq.g4923.t1,ko04120
Montipora_capitata_HIv3___RNAseq.g4923.t1,ko04144
Montipora_capitata_HIv3___RNAseq.g4923.t1,ko04340
Montipora_capitata_HIv3___RNAseq.g4923.t1,ko04341
Montipora_capitata_HIv3___RNAseq.g4923.t1,ko04350
Montipora_capitata_HIv3___TS.g26618.t3,ko00564
Montipora_capitata_HIv3___TS.g26618.t3,ko01100
Montipora_capitata_HIv3___RNAseq.g4919.t1,ko00190
Montipora_capitata_HIv3___RNAseq.g4919.t1,ko01100
Montipora_capitata_HIv3___RNAseq.g4919.t1,ko04714
Montipora_capitata_HIv3___RNAseq.g4919.t1,ko04723
Montipora_capitata_HIv3___RNAseq.g4919.t1,ko04932
Montipora_capitata_HIv3___RNAseq.g4919.t1,ko05010
Montipora_capitata_HIv3___RNAseq.g4919.t1,ko05012
Montipora_capitata_HIv3___RNAseq.g4919.t1,ko05016
Montipora_capitata_HIv3___RNAseq.g4931.t1,ko03010
Montipora_capitata_HIv3___RNAseq.g4936.t1,ko00440
Montipora_capitata_HIv3___RNAseq.g4936.t1,ko00564
Montipora_capitata_HIv3___RNAseq.g4936.t1,ko00565
Montipora_capitata_HIv3___RNAseq.g4936.t1,ko01100
Montipora_capitata_HIv3___RNAseq.g4936.t1,ko01110
Montipora_capitata_HIv3___RNAseq.g4936.t1,ko05231
Montipora_capitata_HIv3___TS.g26688.t1a,ko04218
Montipora_capitata_HIv3___RNAseq.g5011.t1,ko04068
Montipora_capitata_HIv3___RNAseq.g5011.t1,ko04922
Montipora_capitata_HIv3___RNAseq.g4982.t1,ko00532
Montipora_capitata_HIv3___RNAseq.g4982.t1,ko00534
Montipora_capitata_HIv3___RNAseq.g4982.t1,ko01100
Montipora_capitata_HIv3___TS.g26690.t1,ko04080
Montipora_capitata_HIv3___TS.g26690.t1,ko04926
Montipora_capitata_HIv3___RNAseq.476_t,ko04010
Montipora_capitata_HIv3___RNAseq.476_t,ko04022
Montipora_capitata_HIv3___RNAseq.476_t,ko04137
Montipora_capitata_HIv3___RNAseq.476_t,ko04141
Montipora_capitata_HIv3___RNAseq.476_t,ko04151
Montipora_capitata_HIv3___RNAseq.476_t,ko04210
Montipora_capitata_HIv3___RNAseq.476_t,ko04211
Montipora_capitata_HIv3___RNAseq.476_t,ko04212
Montipora_capitata_HIv3___RNAseq.476_t,ko04214
Montipora_capitata_HIv3___RNAseq.476_t,ko04261
Montipora_capitata_HIv3___RNAseq.476_t,ko04668
Montipora_capitata_HIv3___RNAseq.476_t,ko04720
Montipora_capitata_HIv3___RNAseq.476_t,ko04722
Montipora_capitata_HIv3___RNAseq.476_t,ko04725
Montipora_capitata_HIv3___RNAseq.476_t,ko04728
Montipora_capitata_HIv3___RNAseq.476_t,ko04911
Montipora_capitata_HIv3___RNAseq.476_t,ko04912
Montipora_capitata_HIv3___RNAseq.476_t,ko04915
Montipora_capitata_HIv3___RNAseq.476_t,ko04918
Montipora_capitata_HIv3___RNAseq.476_t,ko04922
Montipora_capitata_HIv3___RNAseq.476_t,ko04925
Montipora_capitata_HIv3___RNAseq.476_t,ko04926
Montipora_capitata_HIv3___RNAseq.476_t,ko04927
Montipora_capitata_HIv3___RNAseq.476_t,ko04932
Montipora_capitata_HIv3___RNAseq.476_t,ko04934
Montipora_capitata_HIv3___RNAseq.476_t,ko05030
Montipora_capitata_HIv3___RNAseq.476_t,ko05031
Montipora_capitata_HIv3___RNAseq.476_t,ko05034
Montipora_capitata_HIv3___RNAseq.476_t,ko05161
Montipora_capitata_HIv3___RNAseq.476_t,ko05166
Montipora_capitata_HIv3___RNAseq.476_t,ko05203
Montipora_capitata_HIv3___RNAseq.476_t,ko05215
Montipora_capitata_HIv3___RNAseq.g5004.t1,ko00564
Montipora_capitata_HIv3___RNAseq.g5004.t1,ko01100
Montipora_capitata_HIv3___RNAseq.g5005.t1,ko05016
Montipora_capitata_HIv3___RNAseq.g5006.t1,ko04142
Montipora_capitata_HIv3___RNAseq.g5006.t1,ko05205
Montipora_capitata_HIv3___RNAseq.g5007.t1,ko05034
Montipora_capitata_HIv3___RNAseq.g5007.t1,ko05165
Montipora_capitata_HIv3___RNAseq.g5007.t1,ko05203
Montipora_capitata_HIv3___RNAseq.g5017.t1,ko03013
Montipora_capitata_HIv3___RNAseq.g5017.t1,ko05416
Montipora_capitata_HIv3___RNAseq.g5036.t1,ko03450
Montipora_capitata_HIv3___RNAseq.g5032.t1,ko03013
Montipora_capitata_HIv3___RNAseq.g5033.t1,ko05165
Montipora_capitata_HIv3___RNAseq.g5033.t1,ko05203
Montipora_capitata_HIv3___TS.g26755.t2,ko00970
Montipora_capitata_HIv3___TS.g26755.t2,ko01100
Montipora_capitata_HIv3___RNAseq.g5060.t1,ko00240
Montipora_capitata_HIv3___RNAseq.g5060.t1,ko00670
Montipora_capitata_HIv3___RNAseq.g5060.t1,ko01100
Montipora_capitata_HIv3___RNAseq.g5060.t1,ko01523
Montipora_capitata_HIv3___RNAseq.g5046.t1c,ko04010
Montipora_capitata_HIv3___RNAseq.g5046.t1c,ko04013
Montipora_capitata_HIv3___RNAseq.g5046.t1c,ko04064
Montipora_capitata_HIv3___RNAseq.g5046.t1c,ko04120
Montipora_capitata_HIv3___RNAseq.g5046.t1c,ko04140
Montipora_capitata_HIv3___RNAseq.g5046.t1c,ko04144
Montipora_capitata_HIv3___RNAseq.g5046.t1c,ko04214
Montipora_capitata_HIv3___RNAseq.g5046.t1c,ko04380
Montipora_capitata_HIv3___RNAseq.g5046.t1c,ko04620
Montipora_capitata_HIv3___RNAseq.g5046.t1c,ko04621
Montipora_capitata_HIv3___RNAseq.g5046.t1c,ko04622
Montipora_capitata_HIv3___RNAseq.g5046.t1c,ko04657
Montipora_capitata_HIv3___RNAseq.g5046.t1c,ko04722
Montipora_capitata_HIv3___RNAseq.g5046.t1c,ko05133
Montipora_capitata_HIv3___RNAseq.g5046.t1c,ko05140
Montipora_capitata_HIv3___RNAseq.g5046.t1c,ko05142
Montipora_capitata_HIv3___RNAseq.g5046.t1c,ko05145
Montipora_capitata_HIv3___RNAseq.g5046.t1c,ko05152
Montipora_capitata_HIv3___RNAseq.g5046.t1c,ko05160
Montipora_capitata_HIv3___RNAseq.g5046.t1c,ko05162
Montipora_capitata_HIv3___RNAseq.g5046.t1c,ko05168
Montipora_capitata_HIv3___RNAseq.g5046.t1c,ko05169
Montipora_capitata_HIv3___RNAseq.g5046.t1c,ko05200
Montipora_capitata_HIv3___RNAseq.g5046.t1c,ko05222
Montipora_capitata_HIv3___RNAseq.g5053.t1,ko04010
Montipora_capitata_HIv3___RNAseq.g5053.t1,ko04013
Montipora_capitata_HIv3___RNAseq.g5053.t1,ko04064
Montipora_capitata_HIv3___RNAseq.g5053.t1,ko04120
Montipora_capitata_HIv3___RNAseq.g5053.t1,ko04140
Montipora_capitata_HIv3___RNAseq.g5053.t1,ko04144
Montipora_capitata_HIv3___RNAseq.g5053.t1,ko04214
Montipora_capitata_HIv3___RNAseq.g5053.t1,ko04380
Montipora_capitata_HIv3___RNAseq.g5053.t1,ko04620
Montipora_capitata_HIv3___RNAseq.g5053.t1,ko04621
Montipora_capitata_HIv3___RNAseq.g5053.t1,ko04622
Montipora_capitata_HIv3___RNAseq.g5053.t1,ko04657
Montipora_capitata_HIv3___RNAseq.g5053.t1,ko04722
Montipora_capitata_HIv3___RNAseq.g5053.t1,ko05133
Montipora_capitata_HIv3___RNAseq.g5053.t1,ko05140
Montipora_capitata_HIv3___RNAseq.g5053.t1,ko05142
Montipora_capitata_HIv3___RNAseq.g5053.t1,ko05145
Montipora_capitata_HIv3___RNAseq.g5053.t1,ko05152
Montipora_capitata_HIv3___RNAseq.g5053.t1,ko05160
Montipora_capitata_HIv3___RNAseq.g5053.t1,ko05162
Montipora_capitata_HIv3___RNAseq.g5053.t1,ko05168
Montipora_capitata_HIv3___RNAseq.g5053.t1,ko05169
Montipora_capitata_HIv3___RNAseq.g5053.t1,ko05200
Montipora_capitata_HIv3___RNAseq.g5053.t1,ko05222
Montipora_capitata_HIv3___RNAseq.g5066.t1,ko01524
Montipora_capitata_HIv3___RNAseq.g5066.t1,ko04115
Montipora_capitata_HIv3___RNAseq.g5066.t1,ko04210
Montipora_capitata_HIv3___RNAseq.g5066.t1,ko04214
Montipora_capitata_HIv3___RNAseq.g5066.t1,ko04215
Montipora_capitata_HIv3___RNAseq.g5066.t1,ko05010
Montipora_capitata_HIv3___RNAseq.g5066.t1,ko05012
Montipora_capitata_HIv3___RNAseq.g5066.t1,ko05014
Montipora_capitata_HIv3___RNAseq.g5066.t1,ko05016
Montipora_capitata_HIv3___RNAseq.g5066.t1,ko05134
Montipora_capitata_HIv3___RNAseq.g5066.t1,ko05152
Montipora_capitata_HIv3___RNAseq.g5066.t1,ko05161
Montipora_capitata_HIv3___RNAseq.g5066.t1,ko05200
Montipora_capitata_HIv3___RNAseq.g5066.t1,ko05222
Montipora_capitata_HIv3___RNAseq.g5067.t1,ko01524
Montipora_capitata_HIv3___RNAseq.g5067.t1,ko04115
Montipora_capitata_HIv3___RNAseq.g5067.t1,ko04210
Montipora_capitata_HIv3___RNAseq.g5067.t1,ko04214
Montipora_capitata_HIv3___RNAseq.g5067.t1,ko04215
Montipora_capitata_HIv3___RNAseq.g5067.t1,ko05010
Montipora_capitata_HIv3___RNAseq.g5067.t1,ko05012
Montipora_capitata_HIv3___RNAseq.g5067.t1,ko05014
Montipora_capitata_HIv3___RNAseq.g5067.t1,ko05016
Montipora_capitata_HIv3___RNAseq.g5067.t1,ko05134
Montipora_capitata_HIv3___RNAseq.g5067.t1,ko05152
Montipora_capitata_HIv3___RNAseq.g5067.t1,ko05161
Montipora_capitata_HIv3___RNAseq.g5067.t1,ko05200
Montipora_capitata_HIv3___RNAseq.g5067.t1,ko05222
Montipora_capitata_HIv3___TS.g26801.t2,ko00270
Montipora_capitata_HIv3___TS.g26801.t2,ko01100
Montipora_capitata_HIv3___RNAseq.g5068.t1b,ko03010
Montipora_capitata_HIv3___RNAseq.g5098.t1,ko04623
Montipora_capitata_HIv3___RNAseq.g5098.t1,ko05162
Montipora_capitata_HIv3___RNAseq.g5098.t1,ko05164
Montipora_capitata_HIv3___RNAseq.g5100.t1,ko04013
Montipora_capitata_HIv3___RNAseq.g5100.t1,ko04320
Montipora_capitata_HIv3___RNAseq.g5100.t1,ko05202
Montipora_capitata_HIv3___RNAseq.g5104.t1,ko00230
Montipora_capitata_HIv3___RNAseq.g5104.t1,ko00240
Montipora_capitata_HIv3___RNAseq.g5104.t1,ko01100
Montipora_capitata_HIv3___RNAseq.g5104.t1,ko03030
Montipora_capitata_HIv3___RNAseq.g5104.t1,ko03410
Montipora_capitata_HIv3___RNAseq.g5104.t1,ko03420
Montipora_capitata_HIv3___RNAseq.g5104.t1,ko03430
Montipora_capitata_HIv3___RNAseq.g5104.t1,ko03440
Montipora_capitata_HIv3___RNAseq.g5104.t1,ko05166
Montipora_capitata_HIv3___RNAseq.601_t,ko00561
Montipora_capitata_HIv3___RNAseq.601_t,ko01100
Montipora_capitata_HIv3___RNAseq.601_t,ko04714
Montipora_capitata_HIv3___RNAseq.601_t,ko04923
Montipora_capitata_HIv3___TS.g26817.t1b,ko00561
Montipora_capitata_HIv3___TS.g26817.t1b,ko01100
Montipora_capitata_HIv3___TS.g26817.t1b,ko04714
Montipora_capitata_HIv3___TS.g26817.t1b,ko04923
Montipora_capitata_HIv3___RNAseq.604_t,ko00561
Montipora_capitata_HIv3___RNAseq.604_t,ko01100
Montipora_capitata_HIv3___RNAseq.604_t,ko04714
Montipora_capitata_HIv3___RNAseq.604_t,ko04923
Montipora_capitata_HIv3___TS.g26821.t2,ko00480
Montipora_capitata_HIv3___TS.g26821.t2,ko00590
Montipora_capitata_HIv3___TS.g26821.t2,ko04918
Montipora_capitata_HIv3___RNAseq.g5121.t1,ko04146
Montipora_capitata_HIv3___RNAseq.g5113.t1,ko00640
Montipora_capitata_HIv3___RNAseq.g5113.t1,ko01100
Montipora_capitata_HIv3___TS.g26835.t1,ko01521
Montipora_capitata_HIv3___TS.g26835.t1,ko01522
Montipora_capitata_HIv3___TS.g26835.t1,ko01524
Montipora_capitata_HIv3___TS.g26835.t1,ko04071
Montipora_capitata_HIv3___TS.g26835.t1,ko04115
Montipora_capitata_HIv3___TS.g26835.t1,ko04141
Montipora_capitata_HIv3___TS.g26835.t1,ko04210
Montipora_capitata_HIv3___TS.g26835.t1,ko04211
Montipora_capitata_HIv3___TS.g26835.t1,ko04215
Montipora_capitata_HIv3___TS.g26835.t1,ko04217
Montipora_capitata_HIv3___TS.g26835.t1,ko04722
Montipora_capitata_HIv3___TS.g26835.t1,ko04932
Montipora_capitata_HIv3___TS.g26835.t1,ko04933
Montipora_capitata_HIv3___TS.g26835.t1,ko05014
Montipora_capitata_HIv3___TS.g26835.t1,ko05016
Montipora_capitata_HIv3___TS.g26835.t1,ko05020
Montipora_capitata_HIv3___TS.g26835.t1,ko05152
Montipora_capitata_HIv3___TS.g26835.t1,ko05161
Montipora_capitata_HIv3___TS.g26835.t1,ko05165
Montipora_capitata_HIv3___TS.g26835.t1,ko05166
Montipora_capitata_HIv3___TS.g26835.t1,ko05167
Montipora_capitata_HIv3___TS.g26835.t1,ko05200
Montipora_capitata_HIv3___TS.g26835.t1,ko05202
Montipora_capitata_HIv3___TS.g26835.t1,ko05203
Montipora_capitata_HIv3___TS.g26835.t1,ko05206
Montipora_capitata_HIv3___TS.g26835.t1,ko05210
Montipora_capitata_HIv3___TS.g26835.t1,ko05212
Montipora_capitata_HIv3___TS.g26835.t1,ko05213
Montipora_capitata_HIv3___TS.g26835.t1,ko05214
Montipora_capitata_HIv3___TS.g26835.t1,ko05216
Montipora_capitata_HIv3___TS.g26835.t1,ko05217
Montipora_capitata_HIv3___TS.g26835.t1,ko05218
Montipora_capitata_HIv3___TS.g26835.t1,ko05220
Montipora_capitata_HIv3___TS.g26835.t1,ko05222
Montipora_capitata_HIv3___TS.g26835.t1,ko05223
Montipora_capitata_HIv3___TS.g26835.t1,ko05224
Montipora_capitata_HIv3___TS.g26835.t1,ko05225
Montipora_capitata_HIv3___TS.g26835.t1,ko05226
Montipora_capitata_HIv3___RNAseq.g5124.t1,ko03010
Montipora_capitata_HIv3___RNAseq.g5130.t1,ko04071
Montipora_capitata_HIv3___RNAseq.g5130.t1,ko04140
Montipora_capitata_HIv3___RNAseq.g5130.t1,ko04142
Montipora_capitata_HIv3___RNAseq.g5130.t1,ko04210
Montipora_capitata_HIv3___RNAseq.g5130.t1,ko04915
Montipora_capitata_HIv3___RNAseq.g5130.t1,ko05152
Montipora_capitata_HIv3___RNAseq.g5150.t1,ko03015
Montipora_capitata_HIv3___RNAseq.g5150.t1,ko04022
Montipora_capitata_HIv3___RNAseq.g5150.t1,ko04024
Montipora_capitata_HIv3___RNAseq.g5150.t1,ko04113
Montipora_capitata_HIv3___RNAseq.g5150.t1,ko04114
Montipora_capitata_HIv3___RNAseq.g5150.t1,ko04144
Montipora_capitata_HIv3___RNAseq.g5150.t1,ko04218
Montipora_capitata_HIv3___RNAseq.g5150.t1,ko04261
Montipora_capitata_HIv3___RNAseq.g5150.t1,ko04270
Montipora_capitata_HIv3___RNAseq.g5150.t1,ko04390
Montipora_capitata_HIv3___RNAseq.g5150.t1,ko04510
Montipora_capitata_HIv3___RNAseq.g5150.t1,ko04611
Montipora_capitata_HIv3___RNAseq.g5150.t1,ko04720
Montipora_capitata_HIv3___RNAseq.g5150.t1,ko04728
Montipora_capitata_HIv3___RNAseq.g5150.t1,ko04750
Montipora_capitata_HIv3___RNAseq.g5150.t1,ko04810
Montipora_capitata_HIv3___RNAseq.g5150.t1,ko04910
Montipora_capitata_HIv3___RNAseq.g5150.t1,ko04915
Montipora_capitata_HIv3___RNAseq.g5150.t1,ko04921
Montipora_capitata_HIv3___RNAseq.g5150.t1,ko04931
Montipora_capitata_HIv3___RNAseq.g5150.t1,ko05031
Montipora_capitata_HIv3___RNAseq.g5150.t1,ko05034
Montipora_capitata_HIv3___RNAseq.g5150.t1,ko05168
Montipora_capitata_HIv3___RNAseq.g5150.t1,ko05205
Montipora_capitata_HIv3___RNAseq.g5152.t1,ko03015
Montipora_capitata_HIv3___RNAseq.g5152.t1,ko04022
Montipora_capitata_HIv3___RNAseq.g5152.t1,ko04024
Montipora_capitata_HIv3___RNAseq.g5152.t1,ko04113
Montipora_capitata_HIv3___RNAseq.g5152.t1,ko04114
Montipora_capitata_HIv3___RNAseq.g5152.t1,ko04144
Montipora_capitata_HIv3___RNAseq.g5152.t1,ko04218
Montipora_capitata_HIv3___RNAseq.g5152.t1,ko04261
Montipora_capitata_HIv3___RNAseq.g5152.t1,ko04270
Montipora_capitata_HIv3___RNAseq.g5152.t1,ko04390
Montipora_capitata_HIv3___RNAseq.g5152.t1,ko04510
Montipora_capitata_HIv3___RNAseq.g5152.t1,ko04611
Montipora_capitata_HIv3___RNAseq.g5152.t1,ko04720
Montipora_capitata_HIv3___RNAseq.g5152.t1,ko04728
Montipora_capitata_HIv3___RNAseq.g5152.t1,ko04750
Montipora_capitata_HIv3___RNAseq.g5152.t1,ko04810
Montipora_capitata_HIv3___RNAseq.g5152.t1,ko04910
Montipora_capitata_HIv3___RNAseq.g5152.t1,ko04915
Montipora_capitata_HIv3___RNAseq.g5152.t1,ko04921
Montipora_capitata_HIv3___RNAseq.g5152.t1,ko04931
Montipora_capitata_HIv3___RNAseq.g5152.t1,ko05031
Montipora_capitata_HIv3___RNAseq.g5152.t1,ko05034
Montipora_capitata_HIv3___RNAseq.g5152.t1,ko05168
Montipora_capitata_HIv3___RNAseq.g5152.t1,ko05205
Montipora_capitata_HIv3___RNAseq.g5157.t1,ko00260
Montipora_capitata_HIv3___RNAseq.g5157.t1,ko01100
Montipora_capitata_HIv3___TS.g26901.t1,ko04141
Montipora_capitata_HIv3___TS.g26963.t2,ko03022
Montipora_capitata_HIv3___TS.g26963.t2,ko03420
Montipora_capitata_HIv3___TS.g26963.t2,ko05203
Montipora_capitata_HIv3___RNAseq.g5248.t1,ko00073
Montipora_capitata_HIv3___RNAseq.g5248.t1,ko04146
Montipora_capitata_HIv3___RNAseq.g5248.t1,ko04212
Montipora_capitata_HIv3___RNAseq.788_t,ko00340
Montipora_capitata_HIv3___RNAseq.788_t,ko01100
Montipora_capitata_HIv3___RNAseq.g5321.t1,ko00330
Montipora_capitata_HIv3___RNAseq.g5321.t1,ko01100
Montipora_capitata_HIv3___RNAseq.g5316.t1,ko04218
Montipora_capitata_HIv3___RNAseq.g5317.t1,ko04218
Montipora_capitata_HIv3___RNAseq.g5369.t1,ko04144
Montipora_capitata_HIv3___RNAseq.g5369.t1,ko04721
Montipora_capitata_HIv3___RNAseq.g5369.t1,ko04961
Montipora_capitata_HIv3___RNAseq.g5369.t1,ko05016
Montipora_capitata_HIv3___RNAseq.g5370.t1,ko04136
Montipora_capitata_HIv3___RNAseq.g5370.t1,ko04138
Montipora_capitata_HIv3___RNAseq.g5370.t1,ko04140
Montipora_capitata_HIv3___RNAseq.g5370.t1,ko04211
Montipora_capitata_HIv3___RNAseq.g5371.t1,ko04136
Montipora_capitata_HIv3___RNAseq.g5371.t1,ko04138
Montipora_capitata_HIv3___RNAseq.g5371.t1,ko04140
Montipora_capitata_HIv3___RNAseq.g5371.t1,ko04211
Montipora_capitata_HIv3___RNAseq.g5373.t1c,ko03010
Montipora_capitata_HIv3___RNAseq.g5390.t1,ko03460
Montipora_capitata_HIv3___RNAseq.g5390.t1,ko04150
Montipora_capitata_HIv3___RNAseq.g5394.t1,ko03022
Montipora_capitata_HIv3___RNAseq.g5395.t1,ko04010
Montipora_capitata_HIv3___RNAseq.g5395.t1,ko04013
Montipora_capitata_HIv3___RNAseq.g5401.t1,ko04120
Montipora_capitata_HIv3___RNAseq.g5402.t1,ko00270
Montipora_capitata_HIv3___RNAseq.g5402.t1,ko00280
Montipora_capitata_HIv3___RNAseq.g5402.t1,ko00290
Montipora_capitata_HIv3___RNAseq.g5402.t1,ko00770
Montipora_capitata_HIv3___RNAseq.g5402.t1,ko01100
Montipora_capitata_HIv3___RNAseq.g5402.t1,ko01110
Montipora_capitata_HIv3___RNAseq.g5402.t1,ko01130
Montipora_capitata_HIv3___RNAseq.g5402.t1,ko01210
Montipora_capitata_HIv3___RNAseq.g5402.t1,ko01230
Montipora_capitata_HIv3___RNAseq.g5404.t1,ko00785
Montipora_capitata_HIv3___RNAseq.g5404.t1,ko01100
Montipora_capitata_HIv3___RNAseq.g5445.t1,ko04721
Montipora_capitata_HIv3___RNAseq.g5445.t1,ko04723
Montipora_capitata_HIv3___RNAseq.g5445.t1,ko04724
Montipora_capitata_HIv3___RNAseq.g5445.t1,ko05033
Montipora_capitata_HIv3___RNAseq.g5451.t1,ko03008
Montipora_capitata_HIv3___RNAseq.g5494.t1,ko04137
Montipora_capitata_HIv3___RNAseq.g5494.t1,ko04140
Montipora_capitata_HIv3___RNAseq.g5520.t2,ko00062
Montipora_capitata_HIv3___RNAseq.g5520.t2,ko01110
Montipora_capitata_HIv3___RNAseq.g5521.t1,ko00062
Montipora_capitata_HIv3___RNAseq.g5521.t1,ko01110
Montipora_capitata_HIv3___RNAseq.g5535.t1b,ko04013
Montipora_capitata_HIv3___TS.g27259.t2,ko04964
Montipora_capitata_HIv3___TS.g27259.t2,ko04970
Montipora_capitata_HIv3___TS.g27259.t2,ko04971
Montipora_capitata_HIv3___TS.g27259.t2,ko04972
Montipora_capitata_HIv3___TS.g27259.t2,ko04976
Montipora_capitata_HIv3___RNAseq.g5550.t1,ko00565
Montipora_capitata_HIv3___RNAseq.g5542.t1,ko04152
Montipora_capitata_HIv3___RNAseq.g5542.t1,ko04211
Montipora_capitata_HIv3___RNAseq.g5542.t1,ko04920
Montipora_capitata_HIv3___RNAseq.g5542.t1,ko04932
Montipora_capitata_HIv3___TS.g27262.t1,ko00562
Montipora_capitata_HIv3___TS.g27262.t1,ko01100
Montipora_capitata_HIv3___TS.g27262.t1,ko04070
Montipora_capitata_HIv3___TS.g27270.t1,ko04144
Montipora_capitata_HIv3___RNAseq.g5735.t1,ko04068
Montipora_capitata_HIv3___RNAseq.g5735.t1,ko05168
Montipora_capitata_HIv3___RNAseq.g5735.t1,ko05169
Montipora_capitata_HIv3___RNAseq.g5735.t1,ko05203
Montipora_capitata_HIv3___RNAseq.g5757.t1,ko00190
Montipora_capitata_HIv3___RNAseq.g5757.t1,ko01100
Montipora_capitata_HIv3___RNAseq.g5757.t1,ko04714
Montipora_capitata_HIv3___RNAseq.g5757.t1,ko05010
Montipora_capitata_HIv3___RNAseq.g5757.t1,ko05012
Montipora_capitata_HIv3___RNAseq.g5757.t1,ko05016
Montipora_capitata_HIv3___RNAseq.g5737.t1,ko03010
Montipora_capitata_HIv3___RNAseq.g5738.t1,ko00190
Montipora_capitata_HIv3___RNAseq.g5738.t1,ko01100
Montipora_capitata_HIv3___RNAseq.g5738.t1,ko04714
Montipora_capitata_HIv3___RNAseq.g5738.t1,ko04723
Montipora_capitata_HIv3___RNAseq.g5738.t1,ko04932
Montipora_capitata_HIv3___RNAseq.g5738.t1,ko05010
Montipora_capitata_HIv3___RNAseq.g5738.t1,ko05012
Montipora_capitata_HIv3___RNAseq.g5738.t1,ko05016
Montipora_capitata_HIv3___RNAseq.g5770.t1,ko04146
Montipora_capitata_HIv3___RNAseq.g5884.t1,ko00190
Montipora_capitata_HIv3___RNAseq.g5884.t1,ko01100
Montipora_capitata_HIv3___RNAseq.g5884.t1,ko04714
Montipora_capitata_HIv3___RNAseq.g5884.t1,ko04723
Montipora_capitata_HIv3___RNAseq.g5884.t1,ko04932
Montipora_capitata_HIv3___RNAseq.g5884.t1,ko05010
Montipora_capitata_HIv3___RNAseq.g5884.t1,ko05012
Montipora_capitata_HIv3___RNAseq.g5884.t1,ko05016
Montipora_capitata_HIv3___RNAseq.g5933.t1,ko03010
Montipora_capitata_HIv3___RNAseq.g5969.t1,ko04010
Montipora_capitata_HIv3___RNAseq.g5969.t1,ko04022
Montipora_capitata_HIv3___RNAseq.g5969.t1,ko04071
Montipora_capitata_HIv3___RNAseq.g5969.t1,ko04072
Montipora_capitata_HIv3___RNAseq.g5969.t1,ko04270
Montipora_capitata_HIv3___RNAseq.g5969.t1,ko04730
Montipora_capitata_HIv3___RNAseq.g5969.t1,ko04810
Montipora_capitata_HIv3___RNAseq.g5969.t1,ko05200
Montipora_capitata_HIv3___RNAseq.g5970.t1,ko04010
Montipora_capitata_HIv3___RNAseq.g5970.t1,ko04022
Montipora_capitata_HIv3___RNAseq.g5970.t1,ko04071
Montipora_capitata_HIv3___RNAseq.g5970.t1,ko04072
Montipora_capitata_HIv3___RNAseq.g5970.t1,ko04270
Montipora_capitata_HIv3___RNAseq.g5970.t1,ko04730
Montipora_capitata_HIv3___RNAseq.g5970.t1,ko04810
Montipora_capitata_HIv3___RNAseq.g5970.t1,ko05200
Montipora_capitata_HIv3___RNAseq.1535_t,ko00061
Montipora_capitata_HIv3___RNAseq.1535_t,ko01100
Montipora_capitata_HIv3___RNAseq.1535_t,ko01212
Montipora_capitata_HIv3___RNAseq.1535_t,ko04152
Montipora_capitata_HIv3___RNAseq.1535_t,ko04910
Montipora_capitata_HIv3___RNAseq.g6003.t1,ko04217
Montipora_capitata_HIv3___RNAseq.g6003.t1,ko05034
Montipora_capitata_HIv3___RNAseq.g6003.t1,ko05322
Montipora_capitata_HIv3___RNAseq.g6158.t1,ko00190
Montipora_capitata_HIv3___RNAseq.g6158.t1,ko01100
Montipora_capitata_HIv3___RNAseq.g6158.t1,ko04260
Montipora_capitata_HIv3___RNAseq.g6158.t1,ko04714
Montipora_capitata_HIv3___RNAseq.g6158.t1,ko04932
Montipora_capitata_HIv3___RNAseq.g6158.t1,ko05010
Montipora_capitata_HIv3___RNAseq.g6158.t1,ko05012
Montipora_capitata_HIv3___RNAseq.g6158.t1,ko05016
Montipora_capitata_HIv3___RNAseq.g6163.t1,ko05206
Montipora_capitata_HIv3___RNAseq.g6169.t1,ko00230
Montipora_capitata_HIv3___RNAseq.g6169.t1,ko00240
Montipora_capitata_HIv3___RNAseq.g6169.t1,ko03020
Montipora_capitata_HIv3___RNAseq.g6169.t1,ko04623
Montipora_capitata_HIv3___RNAseq.g6169.t1,ko05169
Montipora_capitata_HIv3___TS.g27918.t2,ko04144
Montipora_capitata_HIv3___TS.g27918.t2,ko04145
Montipora_capitata_HIv3___RNAseq.g6175.t2,ko05202
Montipora_capitata_HIv3___RNAseq.g6177.t1,ko04310
Montipora_capitata_HIv3___RNAseq.g6177.t1,ko04390
Montipora_capitata_HIv3___RNAseq.g6177.t1,ko04550
Montipora_capitata_HIv3___RNAseq.g6177.t1,ko04934
Montipora_capitata_HIv3___RNAseq.g6177.t1,ko05165
Montipora_capitata_HIv3___RNAseq.g6177.t1,ko05200
Montipora_capitata_HIv3___RNAseq.g6177.t1,ko05210
Montipora_capitata_HIv3___RNAseq.g6177.t1,ko05213
Montipora_capitata_HIv3___RNAseq.g6177.t1,ko05217
Montipora_capitata_HIv3___RNAseq.g6177.t1,ko05224
Montipora_capitata_HIv3___RNAseq.g6177.t1,ko05225
Montipora_capitata_HIv3___RNAseq.g6177.t1,ko05226
Montipora_capitata_HIv3___TS.g27931.t1,ko03420
Montipora_capitata_HIv3___RNAseq.g6185.t1,ko03420
Montipora_capitata_HIv3___TS.g27926.t2,ko03013
Montipora_capitata_HIv3___TS.g27944.t1,ko05110
Montipora_capitata_HIv3___RNAseq.g6255.t1b,ko03010
Montipora_capitata_HIv3___RNAseq.g6267.t1,ko00052
Montipora_capitata_HIv3___RNAseq.g6267.t1,ko00460
Montipora_capitata_HIv3___RNAseq.g6267.t1,ko00500
Montipora_capitata_HIv3___RNAseq.g6267.t1,ko00940
Montipora_capitata_HIv3___RNAseq.g6267.t1,ko01100
Montipora_capitata_HIv3___RNAseq.g6267.t1,ko01110
Montipora_capitata_HIv3___RNAseq.g6267.t1,ko04973
Montipora_capitata_HIv3___TS.g28019.t1,ko00052
Montipora_capitata_HIv3___TS.g28019.t1,ko00460
Montipora_capitata_HIv3___TS.g28019.t1,ko00500
Montipora_capitata_HIv3___TS.g28019.t1,ko00940
Montipora_capitata_HIv3___TS.g28019.t1,ko01100
Montipora_capitata_HIv3___TS.g28019.t1,ko01110
Montipora_capitata_HIv3___TS.g28019.t1,ko04973
Montipora_capitata_HIv3___RNAseq.g6264.t1,ko04014
Montipora_capitata_HIv3___RNAseq.g6296.t1,ko03040
Montipora_capitata_HIv3___RNAseq.g6331.t1,ko00140
Montipora_capitata_HIv3___RNAseq.g6331.t1,ko00590
Montipora_capitata_HIv3___RNAseq.g6331.t1,ko00591
Montipora_capitata_HIv3___RNAseq.g6331.t1,ko00830
Montipora_capitata_HIv3___RNAseq.g6331.t1,ko01100
Montipora_capitata_HIv3___RNAseq.g6331.t1,ko04611
Montipora_capitata_HIv3___RNAseq.g6331.t1,ko05204
Montipora_capitata_HIv3___RNAseq.g6332.t1,ko00140
Montipora_capitata_HIv3___RNAseq.g6332.t1,ko00590
Montipora_capitata_HIv3___RNAseq.g6332.t1,ko00591
Montipora_capitata_HIv3___RNAseq.g6332.t1,ko00830
Montipora_capitata_HIv3___RNAseq.g6332.t1,ko01100
Montipora_capitata_HIv3___RNAseq.g6332.t1,ko04611
Montipora_capitata_HIv3___RNAseq.g6332.t1,ko05204
Montipora_capitata_HIv3___RNAseq.g6371.t1,ko01523
Montipora_capitata_HIv3___RNAseq.g6371.t1,ko02010
Montipora_capitata_HIv3___RNAseq.g6371.t1,ko04024
Montipora_capitata_HIv3___RNAseq.g6371.t1,ko04976
Montipora_capitata_HIv3___RNAseq.g6372.t1,ko00230
Montipora_capitata_HIv3___RNAseq.g6372.t1,ko00240
Montipora_capitata_HIv3___RNAseq.g6372.t1,ko00760
Montipora_capitata_HIv3___RNAseq.g6372.t1,ko01100
Montipora_capitata_HIv3___RNAseq.g6372.t1,ko01110
Montipora_capitata_HIv3___RNAseq.g6394.t1,ko04910
Montipora_capitata_HIv3___RNAseq.g6397.t1,ko00190
Montipora_capitata_HIv3___RNAseq.g6397.t1,ko00860
Montipora_capitata_HIv3___RNAseq.g6397.t1,ko01100
Montipora_capitata_HIv3___RNAseq.g6397.t1,ko01110
Montipora_capitata_HIv3___RNAseq.g6397.t1,ko04714
Montipora_capitata_HIv3___RNAseq.g6398.t1,ko03013
Montipora_capitata_HIv3___RNAseq.g6407.t1,ko03018
Montipora_capitata_HIv3___RNAseq.g6437.t1,ko04740
Montipora_capitata_HIv3___TS.g28184.t1,ko00230
Montipora_capitata_HIv3___TS.g28184.t1,ko00250
Montipora_capitata_HIv3___TS.g28184.t1,ko01100
Montipora_capitata_HIv3___TS.g28184.t1,ko01110
Montipora_capitata_HIv3___TS.g28184.t1,ko01130
Montipora_capitata_HIv3___TS.g28191.t1,ko00230
Montipora_capitata_HIv3___TS.g28191.t1,ko00250
Montipora_capitata_HIv3___TS.g28191.t1,ko01100
Montipora_capitata_HIv3___TS.g28191.t1,ko01110
Montipora_capitata_HIv3___TS.g28191.t1,ko01130
Montipora_capitata_HIv3___RNAseq.g6441.t1,ko04740
Montipora_capitata_HIv3___TS.g28232.t1,ko00020
Montipora_capitata_HIv3___TS.g28232.t1,ko00630
Montipora_capitata_HIv3___TS.g28232.t1,ko00720
Montipora_capitata_HIv3___TS.g28232.t1,ko01100
Montipora_capitata_HIv3___TS.g28232.t1,ko01110
Montipora_capitata_HIv3___TS.g28232.t1,ko01120
Montipora_capitata_HIv3___TS.g28232.t1,ko01130
Montipora_capitata_HIv3___TS.g28232.t1,ko01200
Montipora_capitata_HIv3___TS.g28232.t1,ko01210
Montipora_capitata_HIv3___TS.g28232.t1,ko01230
Montipora_capitata_HIv3___RNAseq.g6487.t1,ko04136
Montipora_capitata_HIv3___RNAseq.g6487.t1,ko04138
Montipora_capitata_HIv3___RNAseq.g6487.t1,ko04140
Montipora_capitata_HIv3___RNAseq.g6487.t1,ko04150
Montipora_capitata_HIv3___RNAseq.g6487.t1,ko04151
Montipora_capitata_HIv3___RNAseq.g6487.t1,ko04714
Montipora_capitata_HIv3___RNAseq.2092_t,ko01521
Montipora_capitata_HIv3___RNAseq.2092_t,ko01522
Montipora_capitata_HIv3___RNAseq.2092_t,ko04010
Montipora_capitata_HIv3___RNAseq.2092_t,ko04012
Montipora_capitata_HIv3___RNAseq.2092_t,ko04013
Montipora_capitata_HIv3___RNAseq.2092_t,ko04014
Montipora_capitata_HIv3___RNAseq.2092_t,ko04015
Montipora_capitata_HIv3___RNAseq.2092_t,ko04024
Montipora_capitata_HIv3___RNAseq.2092_t,ko04062
Montipora_capitata_HIv3___RNAseq.2092_t,ko04068
Montipora_capitata_HIv3___RNAseq.2092_t,ko04071
Montipora_capitata_HIv3___RNAseq.2092_t,ko04072
Montipora_capitata_HIv3___RNAseq.2092_t,ko04137
Montipora_capitata_HIv3___RNAseq.2092_t,ko04138
Montipora_capitata_HIv3___RNAseq.2092_t,ko04140
Montipora_capitata_HIv3___RNAseq.2092_t,ko04150
Montipora_capitata_HIv3___RNAseq.2092_t,ko04151
Montipora_capitata_HIv3___RNAseq.2092_t,ko04152
Montipora_capitata_HIv3___RNAseq.2092_t,ko04210
Montipora_capitata_HIv3___RNAseq.2092_t,ko04211
Montipora_capitata_HIv3___RNAseq.2092_t,ko04213
Montipora_capitata_HIv3___RNAseq.2092_t,ko04214
Montipora_capitata_HIv3___RNAseq.2092_t,ko04218
Montipora_capitata_HIv3___RNAseq.2092_t,ko04320
Montipora_capitata_HIv3___RNAseq.2092_t,ko04360
Montipora_capitata_HIv3___RNAseq.2092_t,ko04370
Montipora_capitata_HIv3___RNAseq.2092_t,ko04371
Montipora_capitata_HIv3___RNAseq.2092_t,ko04510
Montipora_capitata_HIv3___RNAseq.2092_t,ko04530
Montipora_capitata_HIv3___RNAseq.2092_t,ko04540
Montipora_capitata_HIv3___RNAseq.2092_t,ko04550
Montipora_capitata_HIv3___RNAseq.2092_t,ko04611
Montipora_capitata_HIv3___RNAseq.2092_t,ko04650
Montipora_capitata_HIv3___RNAseq.2092_t,ko04660
Montipora_capitata_HIv3___RNAseq.2092_t,ko04662
Montipora_capitata_HIv3___RNAseq.2092_t,ko04664
Montipora_capitata_HIv3___RNAseq.2092_t,ko04670
Montipora_capitata_HIv3___RNAseq.2092_t,ko04714
Montipora_capitata_HIv3___RNAseq.2092_t,ko04720
Montipora_capitata_HIv3___RNAseq.2092_t,ko04722
Montipora_capitata_HIv3___RNAseq.2092_t,ko04725
Montipora_capitata_HIv3___RNAseq.2092_t,ko04726
Montipora_capitata_HIv3___RNAseq.2092_t,ko04730
Montipora_capitata_HIv3___RNAseq.2092_t,ko04810
Montipora_capitata_HIv3___RNAseq.2092_t,ko04910
Montipora_capitata_HIv3___RNAseq.2092_t,ko04912
Montipora_capitata_HIv3___RNAseq.2092_t,ko04914
Montipora_capitata_HIv3___RNAseq.2092_t,ko04915
Montipora_capitata_HIv3___RNAseq.2092_t,ko04916
Montipora_capitata_HIv3___RNAseq.2092_t,ko04917
Montipora_capitata_HIv3___RNAseq.2092_t,ko04919
Montipora_capitata_HIv3___RNAseq.2092_t,ko04921
Montipora_capitata_HIv3___RNAseq.2092_t,ko04926
Montipora_capitata_HIv3___RNAseq.2092_t,ko04933
Montipora_capitata_HIv3___RNAseq.2092_t,ko04934
Montipora_capitata_HIv3___RNAseq.2092_t,ko04960
Montipora_capitata_HIv3___RNAseq.2092_t,ko04972
Montipora_capitata_HIv3___RNAseq.2092_t,ko05034
Montipora_capitata_HIv3___RNAseq.2092_t,ko05160
Montipora_capitata_HIv3___RNAseq.2092_t,ko05161
Montipora_capitata_HIv3___RNAseq.2092_t,ko05165
Montipora_capitata_HIv3___RNAseq.2092_t,ko05166
Montipora_capitata_HIv3___RNAseq.2092_t,ko05167
Montipora_capitata_HIv3___RNAseq.2092_t,ko05200
Montipora_capitata_HIv3___RNAseq.2092_t,ko05203
Montipora_capitata_HIv3___RNAseq.2092_t,ko05205
Montipora_capitata_HIv3___RNAseq.2092_t,ko05206
Montipora_capitata_HIv3___RNAseq.2092_t,ko05210
Montipora_capitata_HIv3___RNAseq.2092_t,ko05211
Montipora_capitata_HIv3___RNAseq.2092_t,ko05212
Montipora_capitata_HIv3___RNAseq.2092_t,ko05213
Montipora_capitata_HIv3___RNAseq.2092_t,ko05214
Montipora_capitata_HIv3___RNAseq.2092_t,ko05215
Montipora_capitata_HIv3___RNAseq.2092_t,ko05216
Montipora_capitata_HIv3___RNAseq.2092_t,ko05218
Montipora_capitata_HIv3___RNAseq.2092_t,ko05219
Montipora_capitata_HIv3___RNAseq.2092_t,ko05220
Montipora_capitata_HIv3___RNAseq.2092_t,ko05221
Montipora_capitata_HIv3___RNAseq.2092_t,ko05223
Montipora_capitata_HIv3___RNAseq.2092_t,ko05224
Montipora_capitata_HIv3___RNAseq.2092_t,ko05225
Montipora_capitata_HIv3___RNAseq.2092_t,ko05226
Montipora_capitata_HIv3___RNAseq.2092_t,ko05230
Montipora_capitata_HIv3___RNAseq.2092_t,ko05231
Montipora_capitata_HIv3___RNAseq.g6581.t1,ko00562
Montipora_capitata_HIv3___RNAseq.g6581.t1,ko01100
Montipora_capitata_HIv3___RNAseq.g6581.t1,ko04020
Montipora_capitata_HIv3___RNAseq.g6581.t1,ko04070
Montipora_capitata_HIv3___RNAseq.g6581.t1,ko04919
Montipora_capitata_HIv3___RNAseq.g6581.t1,ko04933
Montipora_capitata_HIv3___RNAseq.g6582.t1,ko03040
Montipora_capitata_HIv3___RNAseq.g6586.t1,ko02010
Montipora_capitata_HIv3___RNAseq.g6616.t1,ko03410
Montipora_capitata_HIv3___RNAseq.g6617.t1,ko00730
Montipora_capitata_HIv3___RNAseq.g6617.t1,ko01100
Montipora_capitata_HIv3___RNAseq.g6639.t1,ko04072
Montipora_capitata_HIv3___RNAseq.g6639.t1,ko04144
Montipora_capitata_HIv3___RNAseq.g6641.t1,ko04015
Montipora_capitata_HIv3___RNAseq.g6641.t1,ko04145
Montipora_capitata_HIv3___RNAseq.g6641.t1,ko04210
Montipora_capitata_HIv3___RNAseq.g6641.t1,ko04390
Montipora_capitata_HIv3___RNAseq.g6641.t1,ko04391
Montipora_capitata_HIv3___RNAseq.g6641.t1,ko04510
Montipora_capitata_HIv3___RNAseq.g6641.t1,ko04520
Montipora_capitata_HIv3___RNAseq.g6641.t1,ko04530
Montipora_capitata_HIv3___RNAseq.g6641.t1,ko04611
Montipora_capitata_HIv3___RNAseq.g6641.t1,ko04670
Montipora_capitata_HIv3___RNAseq.g6641.t1,ko04714
Montipora_capitata_HIv3___RNAseq.g6641.t1,ko04745
Montipora_capitata_HIv3___RNAseq.g6641.t1,ko04810
Montipora_capitata_HIv3___RNAseq.g6641.t1,ko04919
Montipora_capitata_HIv3___RNAseq.g6641.t1,ko04921
Montipora_capitata_HIv3___RNAseq.g6641.t1,ko05100
Montipora_capitata_HIv3___RNAseq.g6641.t1,ko05110
Montipora_capitata_HIv3___RNAseq.g6641.t1,ko05130
Montipora_capitata_HIv3___RNAseq.g6641.t1,ko05131
Montipora_capitata_HIv3___RNAseq.g6641.t1,ko05132
Montipora_capitata_HIv3___RNAseq.g6641.t1,ko05164
Montipora_capitata_HIv3___RNAseq.g6641.t1,ko05205
Montipora_capitata_HIv3___RNAseq.g6641.t1,ko05225
Montipora_capitata_HIv3___RNAseq.g6641.t1,ko05410
Montipora_capitata_HIv3___RNAseq.g6641.t1,ko05412
Montipora_capitata_HIv3___RNAseq.g6641.t1,ko05414
Montipora_capitata_HIv3___RNAseq.g6641.t1,ko05416
Montipora_capitata_HIv3___RNAseq.g6641.t1,ko05418
Montipora_capitata_HIv3___RNAseq.g6642.t1,ko03050
Montipora_capitata_HIv3___RNAseq.g6642.t1,ko05169
Montipora_capitata_HIv3___RNAseq.g6648.t1,ko04110
Montipora_capitata_HIv3___RNAseq.g6648.t1,ko04111
Montipora_capitata_HIv3___RNAseq.g6648.t1,ko04113
Montipora_capitata_HIv3___RNAseq.g6648.t1,ko04114
Montipora_capitata_HIv3___RNAseq.g6648.t1,ko04120
Montipora_capitata_HIv3___RNAseq.g6648.t1,ko04914
Montipora_capitata_HIv3___RNAseq.g6648.t1,ko05166
Montipora_capitata_HIv3___RNAseq.g6649.t1,ko03040
Montipora_capitata_HIv3___RNAseq.g6655.t1,ko04391
Montipora_capitata_HIv3___RNAseq.g6684.t1,ko04010
Montipora_capitata_HIv3___RNAseq.g6685.t1,ko03010
Montipora_capitata_HIv3___TS.g28470.t2,ko00190
Montipora_capitata_HIv3___TS.g28470.t2,ko01100
Montipora_capitata_HIv3___TS.g28470.t2,ko04260
Montipora_capitata_HIv3___TS.g28470.t2,ko04714
Montipora_capitata_HIv3___TS.g28470.t2,ko04932
Montipora_capitata_HIv3___TS.g28470.t2,ko05010
Montipora_capitata_HIv3___TS.g28470.t2,ko05012
Montipora_capitata_HIv3___TS.g28470.t2,ko05016
Montipora_capitata_HIv3___RNAseq.g6695.t1,ko00510
Montipora_capitata_HIv3___RNAseq.g6695.t1,ko00513
Montipora_capitata_HIv3___RNAseq.g6695.t1,ko01100
Montipora_capitata_HIv3___RNAseq.g6699.t1,ko04120
Montipora_capitata_HIv3___RNAseq.g6701.t1b,ko04120
Montipora_capitata_HIv3___RNAseq.g6724.t1,ko04962
Montipora_capitata_HIv3___RNAseq.g6735.t1,ko03015
Montipora_capitata_HIv3___RNAseq.g6735.t1,ko05164
Montipora_capitata_HIv3___RNAseq.g6737.t1,ko00052
Montipora_capitata_HIv3___RNAseq.g6737.t1,ko00520
Montipora_capitata_HIv3___RNAseq.g6737.t1,ko01100
Montipora_capitata_HIv3___TS.g28520.t1,ko00511
Montipora_capitata_HIv3___TS.g28541.t1a,ko05016
Montipora_capitata_HIv3___RNAseq.g6764.t1,ko05016
Montipora_capitata_HIv3___TS.g28538.t1,ko03010
Montipora_capitata_HIv3___RNAseq.g6759.t1,ko03008
Montipora_capitata_HIv3___RNAseq.g6759.t1,ko03013
Montipora_capitata_HIv3___RNAseq.g6771.t1,ko03013
Montipora_capitata_HIv3___RNAseq.g6776.t2,ko03015
Montipora_capitata_HIv3___TS.g28557.t1,ko00040
Montipora_capitata_HIv3___TS.g28557.t1,ko01100
Montipora_capitata_HIv3___RNAseq.g6784.t1,ko04659
Montipora_capitata_HIv3___RNAseq.g6784.t1,ko04934
Montipora_capitata_HIv3___RNAseq.g6786.t1,ko03013
Montipora_capitata_HIv3___RNAseq.g6792.t1,ko03013
Montipora_capitata_HIv3___RNAseq.g6792.t1,ko04064
Montipora_capitata_HIv3___RNAseq.g6792.t1,ko04120
Montipora_capitata_HIv3___RNAseq.g6792.t1,ko05206
Montipora_capitata_HIv3___RNAseq.g6793.t1,ko01524
Montipora_capitata_HIv3___RNAseq.g6793.t1,ko03320
Montipora_capitata_HIv3___RNAseq.g6793.t1,ko04011
Montipora_capitata_HIv3___RNAseq.g6793.t1,ko04068
Montipora_capitata_HIv3___RNAseq.g6793.t1,ko04071
Montipora_capitata_HIv3___RNAseq.g6793.t1,ko04140
Montipora_capitata_HIv3___RNAseq.g6793.t1,ko04150
Montipora_capitata_HIv3___RNAseq.g6793.t1,ko04151
Montipora_capitata_HIv3___RNAseq.g6793.t1,ko04152
Montipora_capitata_HIv3___RNAseq.g6793.t1,ko04210
Montipora_capitata_HIv3___RNAseq.g6793.t1,ko04510
Montipora_capitata_HIv3___RNAseq.g6793.t1,ko04660
Montipora_capitata_HIv3___RNAseq.g6793.t1,ko04664
Montipora_capitata_HIv3___RNAseq.g6793.t1,ko04722
Montipora_capitata_HIv3___RNAseq.g6793.t1,ko04910
Montipora_capitata_HIv3___RNAseq.g6793.t1,ko04919
Montipora_capitata_HIv3___RNAseq.g6793.t1,ko04931
Montipora_capitata_HIv3___RNAseq.g6793.t1,ko04960
Montipora_capitata_HIv3___RNAseq.g6793.t1,ko05145
Montipora_capitata_HIv3___RNAseq.g6793.t1,ko05160
Montipora_capitata_HIv3___RNAseq.g6793.t1,ko05205
Montipora_capitata_HIv3___RNAseq.g6793.t1,ko05213
Montipora_capitata_HIv3___RNAseq.g6793.t1,ko05215
Montipora_capitata_HIv3___RNAseq.g6793.t1,ko05223
Montipora_capitata_HIv3___RNAseq.g6793.t1,ko05231
Montipora_capitata_HIv3___RNAseq.g6801.t1,ko04136
Montipora_capitata_HIv3___RNAseq.g6801.t1,ko04138
Montipora_capitata_HIv3___RNAseq.g6801.t1,ko04140
Montipora_capitata_HIv3___RNAseq.g6801.t1,ko04150
Montipora_capitata_HIv3___RNAseq.g6801.t1,ko04151
Montipora_capitata_HIv3___RNAseq.g6801.t1,ko04152
Montipora_capitata_HIv3___RNAseq.g6801.t1,ko04211
Montipora_capitata_HIv3___RNAseq.g6801.t1,ko04213
Montipora_capitata_HIv3___RNAseq.g6801.t1,ko04714
Montipora_capitata_HIv3___RNAseq.g6801.t1,ko04910
Montipora_capitata_HIv3___RNAseq.g6801.t1,ko05206
Montipora_capitata_HIv3___RNAseq.g6802.t1,ko04136
Montipora_capitata_HIv3___RNAseq.g6802.t1,ko04138
Montipora_capitata_HIv3___RNAseq.g6802.t1,ko04140
Montipora_capitata_HIv3___RNAseq.g6802.t1,ko04150
Montipora_capitata_HIv3___RNAseq.g6802.t1,ko04151
Montipora_capitata_HIv3___RNAseq.g6802.t1,ko04152
Montipora_capitata_HIv3___RNAseq.g6802.t1,ko04211
Montipora_capitata_HIv3___RNAseq.g6802.t1,ko04213
Montipora_capitata_HIv3___RNAseq.g6802.t1,ko04714
Montipora_capitata_HIv3___RNAseq.g6802.t1,ko04910
Montipora_capitata_HIv3___RNAseq.g6802.t1,ko05206
Montipora_capitata_HIv3___RNAseq.g6816.t1,ko04015
Montipora_capitata_HIv3___RNAseq.g6816.t1,ko04145
Montipora_capitata_HIv3___RNAseq.g6816.t1,ko04210
Montipora_capitata_HIv3___RNAseq.g6816.t1,ko04390
Montipora_capitata_HIv3___RNAseq.g6816.t1,ko04391
Montipora_capitata_HIv3___RNAseq.g6816.t1,ko04510
Montipora_capitata_HIv3___RNAseq.g6816.t1,ko04520
Montipora_capitata_HIv3___RNAseq.g6816.t1,ko04530
Montipora_capitata_HIv3___RNAseq.g6816.t1,ko04611
Montipora_capitata_HIv3___RNAseq.g6816.t1,ko04670
Montipora_capitata_HIv3___RNAseq.g6816.t1,ko04714
Montipora_capitata_HIv3___RNAseq.g6816.t1,ko04745
Montipora_capitata_HIv3___RNAseq.g6816.t1,ko04810
Montipora_capitata_HIv3___RNAseq.g6816.t1,ko04919
Montipora_capitata_HIv3___RNAseq.g6816.t1,ko04921
Montipora_capitata_HIv3___RNAseq.g6816.t1,ko05100
Montipora_capitata_HIv3___RNAseq.g6816.t1,ko05110
Montipora_capitata_HIv3___RNAseq.g6816.t1,ko05130
Montipora_capitata_HIv3___RNAseq.g6816.t1,ko05131
Montipora_capitata_HIv3___RNAseq.g6816.t1,ko05132
Montipora_capitata_HIv3___RNAseq.g6816.t1,ko05164
Montipora_capitata_HIv3___RNAseq.g6816.t1,ko05205
Montipora_capitata_HIv3___RNAseq.g6816.t1,ko05225
Montipora_capitata_HIv3___RNAseq.g6816.t1,ko05410
Montipora_capitata_HIv3___RNAseq.g6816.t1,ko05412
Montipora_capitata_HIv3___RNAseq.g6816.t1,ko05414
Montipora_capitata_HIv3___RNAseq.g6816.t1,ko05416
Montipora_capitata_HIv3___RNAseq.g6816.t1,ko05418
Montipora_capitata_HIv3___RNAseq.g6829.t1,ko00230
Montipora_capitata_HIv3___RNAseq.g6829.t1,ko00240
Montipora_capitata_HIv3___RNAseq.g6829.t1,ko01100
Montipora_capitata_HIv3___RNAseq.g6829.t1,ko03020
Montipora_capitata_HIv3___RNAseq.g6829.t1,ko04623
Montipora_capitata_HIv3___RNAseq.g6829.t1,ko05169
Montipora_capitata_HIv3___TS.g28604.t1,ko04137
Montipora_capitata_HIv3___RNAseq.g6836.t1,ko04110
Montipora_capitata_HIv3___RNAseq.g6836.t1,ko04914
Montipora_capitata_HIv3___RNAseq.g6836.t1,ko05203
Montipora_capitata_HIv3___RNAseq.g6837.t1,ko04110
Montipora_capitata_HIv3___RNAseq.g6837.t1,ko04914
Montipora_capitata_HIv3___RNAseq.g6837.t1,ko05203
Montipora_capitata_HIv3___RNAseq.g6845.t1,ko05034
Montipora_capitata_HIv3___RNAseq.g6845.t1,ko05203
Montipora_capitata_HIv3___RNAseq.g6845.t1,ko05322
Montipora_capitata_HIv3___RNAseq.g6848.t1,ko03030
Montipora_capitata_HIv3___TS.g28636.t1,ko03010
Montipora_capitata_HIv3___RNAseq.g6866.t1,ko01521
Montipora_capitata_HIv3___RNAseq.g6866.t1,ko01522
Montipora_capitata_HIv3___RNAseq.g6866.t1,ko04010
Montipora_capitata_HIv3___RNAseq.g6866.t1,ko04012
Montipora_capitata_HIv3___RNAseq.g6866.t1,ko04013
Montipora_capitata_HIv3___RNAseq.g6866.t1,ko04014
Montipora_capitata_HIv3___RNAseq.g6866.t1,ko04015
Montipora_capitata_HIv3___RNAseq.g6866.t1,ko04024
Montipora_capitata_HIv3___RNAseq.g6866.t1,ko04062
Montipora_capitata_HIv3___RNAseq.g6866.t1,ko04068
Montipora_capitata_HIv3___RNAseq.g6866.t1,ko04071
Montipora_capitata_HIv3___RNAseq.g6866.t1,ko04072
Montipora_capitata_HIv3___RNAseq.g6866.t1,ko04137
Montipora_capitata_HIv3___RNAseq.g6866.t1,ko04138
Montipora_capitata_HIv3___RNAseq.g6866.t1,ko04140
Montipora_capitata_HIv3___RNAseq.g6866.t1,ko04150
Montipora_capitata_HIv3___RNAseq.g6866.t1,ko04151
Montipora_capitata_HIv3___RNAseq.g6866.t1,ko04152
Montipora_capitata_HIv3___RNAseq.g6866.t1,ko04210
Montipora_capitata_HIv3___RNAseq.g6866.t1,ko04211
Montipora_capitata_HIv3___RNAseq.g6866.t1,ko04213
Montipora_capitata_HIv3___RNAseq.g6866.t1,ko04214
Montipora_capitata_HIv3___RNAseq.g6866.t1,ko04218
Montipora_capitata_HIv3___RNAseq.g6866.t1,ko04320
Montipora_capitata_HIv3___RNAseq.g6866.t1,ko04360
Montipora_capitata_HIv3___RNAseq.g6866.t1,ko04370
Montipora_capitata_HIv3___RNAseq.g6866.t1,ko04371
Montipora_capitata_HIv3___RNAseq.g6866.t1,ko04510
Montipora_capitata_HIv3___RNAseq.g6866.t1,ko04530
Montipora_capitata_HIv3___RNAseq.g6866.t1,ko04540
Montipora_capitata_HIv3___RNAseq.g6866.t1,ko04550
Montipora_capitata_HIv3___RNAseq.g6866.t1,ko04611
Montipora_capitata_HIv3___RNAseq.g6866.t1,ko04650
Montipora_capitata_HIv3___RNAseq.g6866.t1,ko04660
Montipora_capitata_HIv3___RNAseq.g6866.t1,ko04662
Montipora_capitata_HIv3___RNAseq.g6866.t1,ko04664
Montipora_capitata_HIv3___RNAseq.g6866.t1,ko04670
Montipora_capitata_HIv3___RNAseq.g6866.t1,ko04714
Montipora_capitata_HIv3___RNAseq.g6866.t1,ko04720
Montipora_capitata_HIv3___RNAseq.g6866.t1,ko04722
Montipora_capitata_HIv3___RNAseq.g6866.t1,ko04725
Montipora_capitata_HIv3___RNAseq.g6866.t1,ko04726
Montipora_capitata_HIv3___RNAseq.g6866.t1,ko04730
Montipora_capitata_HIv3___RNAseq.g6866.t1,ko04810
Montipora_capitata_HIv3___RNAseq.g6866.t1,ko04910
Montipora_capitata_HIv3___RNAseq.g6866.t1,ko04912
Montipora_capitata_HIv3___RNAseq.g6866.t1,ko04914
Montipora_capitata_HIv3___RNAseq.g6866.t1,ko04915
Montipora_capitata_HIv3___RNAseq.g6866.t1,ko04916
Montipora_capitata_HIv3___RNAseq.g6866.t1,ko04917
Montipora_capitata_HIv3___RNAseq.g6866.t1,ko04919
Montipora_capitata_HIv3___RNAseq.g6866.t1,ko04921
Montipora_capitata_HIv3___RNAseq.g6866.t1,ko04926
Montipora_capitata_HIv3___RNAseq.g6866.t1,ko04933
Montipora_capitata_HIv3___RNAseq.g6866.t1,ko04934
Montipora_capitata_HIv3___RNAseq.g6866.t1,ko04960
Montipora_capitata_HIv3___RNAseq.g6866.t1,ko04972
Montipora_capitata_HIv3___RNAseq.g6866.t1,ko05034
Montipora_capitata_HIv3___RNAseq.g6866.t1,ko05160
Montipora_capitata_HIv3___RNAseq.g6866.t1,ko05161
Montipora_capitata_HIv3___RNAseq.g6866.t1,ko05165
Montipora_capitata_HIv3___RNAseq.g6866.t1,ko05166
Montipora_capitata_HIv3___RNAseq.g6866.t1,ko05167
Montipora_capitata_HIv3___RNAseq.g6866.t1,ko05200
Montipora_capitata_HIv3___RNAseq.g6866.t1,ko05203
Montipora_capitata_HIv3___RNAseq.g6866.t1,ko05205
Montipora_capitata_HIv3___RNAseq.g6866.t1,ko05206
Montipora_capitata_HIv3___RNAseq.g6866.t1,ko05210
Montipora_capitata_HIv3___RNAseq.g6866.t1,ko05211
Montipora_capitata_HIv3___RNAseq.g6866.t1,ko05212
Montipora_capitata_HIv3___RNAseq.g6866.t1,ko05213
Montipora_capitata_HIv3___RNAseq.g6866.t1,ko05214
Montipora_capitata_HIv3___RNAseq.g6866.t1,ko05215
Montipora_capitata_HIv3___RNAseq.g6866.t1,ko05216
Montipora_capitata_HIv3___RNAseq.g6866.t1,ko05218
Montipora_capitata_HIv3___RNAseq.g6866.t1,ko05219
Montipora_capitata_HIv3___RNAseq.g6866.t1,ko05220
Montipora_capitata_HIv3___RNAseq.g6866.t1,ko05221
Montipora_capitata_HIv3___RNAseq.g6866.t1,ko05223
Montipora_capitata_HIv3___RNAseq.g6866.t1,ko05224
Montipora_capitata_HIv3___RNAseq.g6866.t1,ko05225
Montipora_capitata_HIv3___RNAseq.g6866.t1,ko05226
Montipora_capitata_HIv3___RNAseq.g6866.t1,ko05230
Montipora_capitata_HIv3___RNAseq.g6866.t1,ko05231
Montipora_capitata_HIv3___RNAseq.g6873.t1,ko01521
Montipora_capitata_HIv3___RNAseq.g6873.t1,ko04010
Montipora_capitata_HIv3___RNAseq.g6873.t1,ko04011
Montipora_capitata_HIv3___RNAseq.g6873.t1,ko04012
Montipora_capitata_HIv3___RNAseq.g6873.t1,ko04014
Montipora_capitata_HIv3___RNAseq.g6873.t1,ko04015
Montipora_capitata_HIv3___RNAseq.g6873.t1,ko04020
Montipora_capitata_HIv3___RNAseq.g6873.t1,ko04062
Montipora_capitata_HIv3___RNAseq.g6873.t1,ko04064
Montipora_capitata_HIv3___RNAseq.g6873.t1,ko04066
Montipora_capitata_HIv3___RNAseq.g6873.t1,ko04070
Montipora_capitata_HIv3___RNAseq.g6873.t1,ko04071
Montipora_capitata_HIv3___RNAseq.g6873.t1,ko04072
Montipora_capitata_HIv3___RNAseq.g6873.t1,ko04139
Montipora_capitata_HIv3___RNAseq.g6873.t1,ko04150
Montipora_capitata_HIv3___RNAseq.g6873.t1,ko04151
Montipora_capitata_HIv3___RNAseq.g6873.t1,ko04261
Montipora_capitata_HIv3___RNAseq.g6873.t1,ko04270
Montipora_capitata_HIv3___RNAseq.g6873.t1,ko04310
Montipora_capitata_HIv3___RNAseq.g6873.t1,ko04360
Montipora_capitata_HIv3___RNAseq.g6873.t1,ko04370
Montipora_capitata_HIv3___RNAseq.g6873.t1,ko04510
Montipora_capitata_HIv3___RNAseq.g6873.t1,ko04540
Montipora_capitata_HIv3___RNAseq.g6873.t1,ko04650
Montipora_capitata_HIv3___RNAseq.g6873.t1,ko04662
Montipora_capitata_HIv3___RNAseq.g6873.t1,ko04664
Montipora_capitata_HIv3___RNAseq.g6873.t1,ko04666
Montipora_capitata_HIv3___RNAseq.g6873.t1,ko04670
Montipora_capitata_HIv3___RNAseq.g6873.t1,ko04713
Montipora_capitata_HIv3___RNAseq.g6873.t1,ko04720
Montipora_capitata_HIv3___RNAseq.g6873.t1,ko04723
Montipora_capitata_HIv3___RNAseq.g6873.t1,ko04724
Montipora_capitata_HIv3___RNAseq.g6873.t1,ko04725
Montipora_capitata_HIv3___RNAseq.g6873.t1,ko04726
Montipora_capitata_HIv3___RNAseq.g6873.t1,ko04727
Montipora_capitata_HIv3___RNAseq.g6873.t1,ko04728
Montipora_capitata_HIv3___RNAseq.g6873.t1,ko04730
Montipora_capitata_HIv3___RNAseq.g6873.t1,ko04745
Montipora_capitata_HIv3___RNAseq.g6873.t1,ko04750
Montipora_capitata_HIv3___RNAseq.g6873.t1,ko04911
Montipora_capitata_HIv3___RNAseq.g6873.t1,ko04912
Montipora_capitata_HIv3___RNAseq.g6873.t1,ko04916
Montipora_capitata_HIv3___RNAseq.g6873.t1,ko04918
Montipora_capitata_HIv3___RNAseq.g6873.t1,ko04919
Montipora_capitata_HIv3___RNAseq.g6873.t1,ko04921
Montipora_capitata_HIv3___RNAseq.g6873.t1,ko04925
Montipora_capitata_HIv3___RNAseq.g6873.t1,ko04926
Montipora_capitata_HIv3___RNAseq.g6873.t1,ko04931
Montipora_capitata_HIv3___RNAseq.g6873.t1,ko04933
Montipora_capitata_HIv3___RNAseq.g6873.t1,ko04960
Montipora_capitata_HIv3___RNAseq.g6873.t1,ko04961
Montipora_capitata_HIv3___RNAseq.g6873.t1,ko04970
Montipora_capitata_HIv3___RNAseq.g6873.t1,ko04971
Montipora_capitata_HIv3___RNAseq.g6873.t1,ko04972
Montipora_capitata_HIv3___RNAseq.g6873.t1,ko04973
Montipora_capitata_HIv3___RNAseq.g6873.t1,ko05031
Montipora_capitata_HIv3___RNAseq.g6873.t1,ko05032
Montipora_capitata_HIv3___RNAseq.g6873.t1,ko05110
Montipora_capitata_HIv3___RNAseq.g6873.t1,ko05130
Montipora_capitata_HIv3___RNAseq.g6873.t1,ko05140
Montipora_capitata_HIv3___RNAseq.g6873.t1,ko05143
Montipora_capitata_HIv3___RNAseq.g6873.t1,ko05146
Montipora_capitata_HIv3___RNAseq.g6873.t1,ko05161
Montipora_capitata_HIv3___RNAseq.g6873.t1,ko05164
Montipora_capitata_HIv3___RNAseq.g6873.t1,ko05200
Montipora_capitata_HIv3___RNAseq.g6873.t1,ko05205
Montipora_capitata_HIv3___RNAseq.g6873.t1,ko05206
Montipora_capitata_HIv3___RNAseq.g6873.t1,ko05214
Montipora_capitata_HIv3___RNAseq.g6873.t1,ko05223
Montipora_capitata_HIv3___RNAseq.g6873.t1,ko05225
Montipora_capitata_HIv3___RNAseq.g6873.t1,ko05231
Montipora_capitata_HIv3___RNAseq.g6916.t1,ko04072
Montipora_capitata_HIv3___RNAseq.g6916.t1,ko04115
Montipora_capitata_HIv3___RNAseq.g6916.t1,ko04140
Montipora_capitata_HIv3___RNAseq.g6916.t1,ko04150
Montipora_capitata_HIv3___RNAseq.g6916.t1,ko04151
Montipora_capitata_HIv3___RNAseq.g6916.t1,ko04152
Montipora_capitata_HIv3___RNAseq.g6916.t1,ko04211
Montipora_capitata_HIv3___RNAseq.g6916.t1,ko04218
Montipora_capitata_HIv3___RNAseq.g6916.t1,ko04714
Montipora_capitata_HIv3___RNAseq.g6916.t1,ko04910
Montipora_capitata_HIv3___RNAseq.g6916.t1,ko04919
Montipora_capitata_HIv3___RNAseq.g6916.t1,ko05165
Montipora_capitata_HIv3___RNAseq.g6916.t1,ko05231
Montipora_capitata_HIv3___RNAseq.g6927.t1,ko04015
Montipora_capitata_HIv3___RNAseq.g6927.t1,ko04145
Montipora_capitata_HIv3___RNAseq.g6927.t1,ko04210
Montipora_capitata_HIv3___RNAseq.g6927.t1,ko04390
Montipora_capitata_HIv3___RNAseq.g6927.t1,ko04391
Montipora_capitata_HIv3___RNAseq.g6927.t1,ko04510
Montipora_capitata_HIv3___RNAseq.g6927.t1,ko04520
Montipora_capitata_HIv3___RNAseq.g6927.t1,ko04530
Montipora_capitata_HIv3___RNAseq.g6927.t1,ko04611
Montipora_capitata_HIv3___RNAseq.g6927.t1,ko04670
Montipora_capitata_HIv3___RNAseq.g6927.t1,ko04714
Montipora_capitata_HIv3___RNAseq.g6927.t1,ko04745
Montipora_capitata_HIv3___RNAseq.g6927.t1,ko04810
Montipora_capitata_HIv3___RNAseq.g6927.t1,ko04919
Montipora_capitata_HIv3___RNAseq.g6927.t1,ko04921
Montipora_capitata_HIv3___RNAseq.g6927.t1,ko05100
Montipora_capitata_HIv3___RNAseq.g6927.t1,ko05110
Montipora_capitata_HIv3___RNAseq.g6927.t1,ko05130
Montipora_capitata_HIv3___RNAseq.g6927.t1,ko05131
Montipora_capitata_HIv3___RNAseq.g6927.t1,ko05132
Montipora_capitata_HIv3___RNAseq.g6927.t1,ko05164
Montipora_capitata_HIv3___RNAseq.g6927.t1,ko05205
Montipora_capitata_HIv3___RNAseq.g6927.t1,ko05225
Montipora_capitata_HIv3___RNAseq.g6927.t1,ko05410
Montipora_capitata_HIv3___RNAseq.g6927.t1,ko05412
Montipora_capitata_HIv3___RNAseq.g6927.t1,ko05414
Montipora_capitata_HIv3___RNAseq.g6927.t1,ko05416
Montipora_capitata_HIv3___RNAseq.g6927.t1,ko05418
Montipora_capitata_HIv3___RNAseq.g6930.t1,ko04138
Montipora_capitata_HIv3___RNAseq.g6929.t1,ko03030
Montipora_capitata_HIv3___TS.g28704.t1,ko04138
Montipora_capitata_HIv3___RNAseq.g6934.t1,ko00564
Montipora_capitata_HIv3___RNAseq.2591_t,ko00564
Montipora_capitata_HIv3___RNAseq.g6947.t1,ko05016
Montipora_capitata_HIv3___RNAseq.g6948.t1,ko05016
Montipora_capitata_HIv3___TS.g28721.t1,ko00240
Montipora_capitata_HIv3___TS.g28721.t1,ko00983
Montipora_capitata_HIv3___TS.g28721.t1,ko01100
Montipora_capitata_HIv3___RNAseq.g6968.t1,ko00480
Montipora_capitata_HIv3___RNAseq.g6968.t1,ko00980
Montipora_capitata_HIv3___RNAseq.g6968.t1,ko00982
Montipora_capitata_HIv3___RNAseq.g6968.t1,ko00983
Montipora_capitata_HIv3___RNAseq.g6968.t1,ko01524
Montipora_capitata_HIv3___RNAseq.g6968.t1,ko05200
Montipora_capitata_HIv3___RNAseq.g6968.t1,ko05204
Montipora_capitata_HIv3___RNAseq.g6968.t1,ko05225
Montipora_capitata_HIv3___RNAseq.g6968.t1,ko05418
Montipora_capitata_HIv3___RNAseq.g6962.t1,ko03008
Montipora_capitata_HIv3___RNAseq.g6969.t1,ko00051
Montipora_capitata_HIv3___RNAseq.g6969.t1,ko00520
Montipora_capitata_HIv3___RNAseq.g6969.t1,ko01100
Montipora_capitata_HIv3___RNAseq.g6969.t1,ko01110
Montipora_capitata_HIv3___RNAseq.g6969.t1,ko01130
Montipora_capitata_HIv3___RNAseq.g6971.t1,ko03440
Montipora_capitata_HIv3___RNAseq.g6971.t1,ko03460
Montipora_capitata_HIv3___RNAseq.g7018.t1,ko03040
Montipora_capitata_HIv3___TS.g28799.t1,ko04110
Montipora_capitata_HIv3___TS.g28799.t1,ko04111
Montipora_capitata_HIv3___TS.g28799.t1,ko04113
Montipora_capitata_HIv3___RNAseq.g7033.t1,ko04141
Montipora_capitata_HIv3___RNAseq.g7034.t1,ko01524
Montipora_capitata_HIv3___RNAseq.g7034.t1,ko04210
Montipora_capitata_HIv3___RNAseq.g7034.t1,ko04215
Montipora_capitata_HIv3___RNAseq.g7034.t1,ko04390
Montipora_capitata_HIv3___RNAseq.g7034.t1,ko05161
Montipora_capitata_HIv3___RNAseq.g7034.t1,ko05200
Montipora_capitata_HIv3___RNAseq.g7034.t1,ko05210
Montipora_capitata_HIv3___TS.g28805.t1,ko00511
Montipora_capitata_HIv3___TS.g28822.t2,ko00130
Montipora_capitata_HIv3___TS.g28822.t2,ko01100
Montipora_capitata_HIv3___TS.g28822.t2,ko01110
Montipora_capitata_HIv3___RNAseq.g7065.t1,ko03440
Montipora_capitata_HIv3___RNAseq.g7065.t1,ko03460
Montipora_capitata_HIv3___RNAseq.g7075.t2,ko04723
Montipora_capitata_HIv3___RNAseq.g7075.t2,ko04745
Montipora_capitata_HIv3___RNAseq.g7075.t2,ko04925
Montipora_capitata_HIv3___TS.g28849.t1,ko04010
Montipora_capitata_HIv3___TS.g28849.t1,ko04012
Montipora_capitata_HIv3___TS.g28849.t1,ko04013
Montipora_capitata_HIv3___TS.g28849.t1,ko04620
Montipora_capitata_HIv3___TS.g28849.t1,ko04664
Montipora_capitata_HIv3___TS.g28849.t1,ko04668
Montipora_capitata_HIv3___TS.g28849.t1,ko04912
Montipora_capitata_HIv3___TS.g28849.t1,ko04926
Montipora_capitata_HIv3___TS.g28849.t1,ko05120
Montipora_capitata_HIv3___TS.g28849.t1,ko05142
Montipora_capitata_HIv3___TS.g28849.t1,ko05161
Montipora_capitata_HIv3___TS.g28849.t1,ko05164
Montipora_capitata_HIv3___TS.g28849.t1,ko05166
Montipora_capitata_HIv3___TS.g28849.t1,ko05167
Montipora_capitata_HIv3___TS.g28849.t1,ko05169
Montipora_capitata_HIv3___TS.g28849.t1,ko05418
Montipora_capitata_HIv3___TS.g28917.t1,ko04136
Montipora_capitata_HIv3___TS.g28917.t1,ko04138
Montipora_capitata_HIv3___TS.g28917.t1,ko04140
Montipora_capitata_HIv3___RNAseq.g7138.t1,ko03015
Montipora_capitata_HIv3___RNAseq.g7136.t1,ko04260
Montipora_capitata_HIv3___RNAseq.g7136.t1,ko04261
Montipora_capitata_HIv3___RNAseq.g7136.t1,ko04530
Montipora_capitata_HIv3___RNAseq.g7136.t1,ko05416
Montipora_capitata_HIv3___RNAseq.g7142.t1,ko00310
Montipora_capitata_HIv3___RNAseq.g7144.t1,ko03010
Montipora_capitata_HIv3___RNAseq.g7144.t1,ko04964
Montipora_capitata_HIv3___RNAseq.g7152.t1,ko04120
Montipora_capitata_HIv3___RNAseq.g7152.t1,ko04141
Montipora_capitata_HIv3___RNAseq.g7175.t1,ko03013
Montipora_capitata_HIv3___RNAseq.g7210.t1,ko04120
Montipora_capitata_HIv3___RNAseq.g7210.t1,ko04910
Montipora_capitata_HIv3___RNAseq.g7219.t1,ko00130
Montipora_capitata_HIv3___RNAseq.g7219.t1,ko01100
Montipora_capitata_HIv3___RNAseq.g7219.t1,ko01110
Montipora_capitata_HIv3___RNAseq.g7220.t1,ko00790
Montipora_capitata_HIv3___RNAseq.g7220.t1,ko01523
Montipora_capitata_HIv3___RNAseq.g7237.t1,ko00620
Montipora_capitata_HIv3___RNAseq.g7238.t1,ko03460
Montipora_capitata_HIv3___RNAseq.g7239.t1,ko00230
Montipora_capitata_HIv3___RNAseq.g7239.t1,ko00240
Montipora_capitata_HIv3___RNAseq.g7239.t1,ko01100
Montipora_capitata_HIv3___RNAseq.g7239.t1,ko03030
Montipora_capitata_HIv3___RNAseq.g7239.t1,ko03410
Montipora_capitata_HIv3___RNAseq.g7239.t1,ko03420
Montipora_capitata_HIv3___RNAseq.g7239.t1,ko03430
Montipora_capitata_HIv3___RNAseq.g7239.t1,ko03440
Montipora_capitata_HIv3___RNAseq.g7239.t1,ko05166
Montipora_capitata_HIv3___RNAseq.g7241.t1,ko04010
Montipora_capitata_HIv3___RNAseq.g7241.t1,ko04013
Montipora_capitata_HIv3___RNAseq.g7241.t1,ko04015
Montipora_capitata_HIv3___RNAseq.g7241.t1,ko04212
Montipora_capitata_HIv3___RNAseq.g7241.t1,ko04218
Montipora_capitata_HIv3___RNAseq.g7241.t1,ko04380
Montipora_capitata_HIv3___RNAseq.g7241.t1,ko04620
Montipora_capitata_HIv3___RNAseq.g7241.t1,ko04624
Montipora_capitata_HIv3___RNAseq.g7241.t1,ko04664
Montipora_capitata_HIv3___RNAseq.g7241.t1,ko04668
Montipora_capitata_HIv3___RNAseq.g7241.t1,ko04714
Montipora_capitata_HIv3___RNAseq.g7241.t1,ko04750
Montipora_capitata_HIv3___RNAseq.g7241.t1,ko04912
Montipora_capitata_HIv3___RNAseq.g7241.t1,ko05014
Montipora_capitata_HIv3___RNAseq.g7241.t1,ko05145
Montipora_capitata_HIv3___RNAseq.g7241.t1,ko05164
Montipora_capitata_HIv3___RNAseq.g7241.t1,ko05167
Montipora_capitata_HIv3___RNAseq.g7241.t1,ko05169
Montipora_capitata_HIv3___RNAseq.g7241.t1,ko05418
Montipora_capitata_HIv3___RNAseq.g7244.t1,ko00480
Montipora_capitata_HIv3___RNAseq.g7244.t1,ko00790
Montipora_capitata_HIv3___RNAseq.g7244.t1,ko00980
Montipora_capitata_HIv3___RNAseq.g7244.t1,ko00982
Montipora_capitata_HIv3___RNAseq.g7244.t1,ko00983
Montipora_capitata_HIv3___RNAseq.g7244.t1,ko01524
Montipora_capitata_HIv3___RNAseq.g7244.t1,ko05200
Montipora_capitata_HIv3___RNAseq.g7244.t1,ko05204
Montipora_capitata_HIv3___RNAseq.g7244.t1,ko05225
Montipora_capitata_HIv3___RNAseq.g7244.t1,ko05418
Montipora_capitata_HIv3___RNAseq.g7245.t1,ko00480
Montipora_capitata_HIv3___RNAseq.g7245.t1,ko00790
Montipora_capitata_HIv3___RNAseq.g7245.t1,ko00980
Montipora_capitata_HIv3___RNAseq.g7245.t1,ko00982
Montipora_capitata_HIv3___RNAseq.g7245.t1,ko00983
Montipora_capitata_HIv3___RNAseq.g7245.t1,ko01524
Montipora_capitata_HIv3___RNAseq.g7245.t1,ko05200
Montipora_capitata_HIv3___RNAseq.g7245.t1,ko05204
Montipora_capitata_HIv3___RNAseq.g7245.t1,ko05225
Montipora_capitata_HIv3___RNAseq.g7245.t1,ko05418
Montipora_capitata_HIv3___RNAseq.g7242.t1,ko03040
Montipora_capitata_HIv3___RNAseq.g7242.t1,ko05202
Montipora_capitata_HIv3___RNAseq.g7242.t1,ko05205
Montipora_capitata_HIv3___RNAseq.g7258.t1,ko04024
Montipora_capitata_HIv3___RNAseq.g7260.t1,ko04725
Montipora_capitata_HIv3___RNAseq.g7260.t1,ko04921
Montipora_capitata_HIv3___RNAseq.g7262.t1,ko04725
Montipora_capitata_HIv3___RNAseq.g7262.t1,ko04921
Montipora_capitata_HIv3___TS.g29049.t1,ko03420
Montipora_capitata_HIv3___TS.g29052.t1,ko00230
Montipora_capitata_HIv3___TS.g29052.t1,ko04022
Montipora_capitata_HIv3___TS.g29052.t1,ko04024
Montipora_capitata_HIv3___TS.g29052.t1,ko04270
Montipora_capitata_HIv3___TS.g29052.t1,ko04714
Montipora_capitata_HIv3___TS.g29052.t1,ko04921
Montipora_capitata_HIv3___TS.g29052.t1,ko04923
Montipora_capitata_HIv3___TS.g29052.t1,ko04924
Montipora_capitata_HIv3___TS.g29052.t1,ko04925
Montipora_capitata_HIv3___TS.g29056.t1,ko00230
Montipora_capitata_HIv3___TS.g29056.t1,ko04022
Montipora_capitata_HIv3___TS.g29056.t1,ko04024
Montipora_capitata_HIv3___TS.g29056.t1,ko04270
Montipora_capitata_HIv3___TS.g29056.t1,ko04714
Montipora_capitata_HIv3___TS.g29056.t1,ko04921
Montipora_capitata_HIv3___TS.g29056.t1,ko04923
Montipora_capitata_HIv3___TS.g29056.t1,ko04924
Montipora_capitata_HIv3___TS.g29056.t1,ko04925
Montipora_capitata_HIv3___TS.g29057.t1,ko00230
Montipora_capitata_HIv3___TS.g29057.t1,ko04022
Montipora_capitata_HIv3___TS.g29057.t1,ko04024
Montipora_capitata_HIv3___TS.g29057.t1,ko04270
Montipora_capitata_HIv3___TS.g29057.t1,ko04714
Montipora_capitata_HIv3___TS.g29057.t1,ko04921
Montipora_capitata_HIv3___TS.g29057.t1,ko04923
Montipora_capitata_HIv3___TS.g29057.t1,ko04924
Montipora_capitata_HIv3___TS.g29057.t1,ko04925
Montipora_capitata_HIv3___RNAseq.g7280.t1,ko04130
Montipora_capitata_HIv3___RNAseq.g7287.t1,ko04964
Montipora_capitata_HIv3___RNAseq.g7284.t2,ko04530
Montipora_capitata_HIv3___RNAseq.g7288.t1,ko03008
Montipora_capitata_HIv3___RNAseq.g7282.t1,ko03040
Montipora_capitata_HIv3___RNAseq.g7282.t1,ko05168
Montipora_capitata_HIv3___RNAseq.g7283.t1,ko04150
Montipora_capitata_HIv3___RNAseq.g7314.t1,ko03410
Montipora_capitata_HIv3___RNAseq.g7315.t1,ko03410
Montipora_capitata_HIv3___RNAseq.g7299.t1,ko03013
Montipora_capitata_HIv3___RNAseq.g7299.t1,ko03015
Montipora_capitata_HIv3___RNAseq.g7299.t1,ko03040
Montipora_capitata_HIv3___RNAseq.g7299.t1,ko05168
Montipora_capitata_HIv3___RNAseq.g7302.t1,ko04141
Montipora_capitata_HIv3___RNAseq.g7303.t1,ko04722
Montipora_capitata_HIv3___RNAseq.g7303.t1,ko04962
Montipora_capitata_HIv3___RNAseq.g7317.t1,ko03013
Montipora_capitata_HIv3___RNAseq.g7317.t1,ko03015
Montipora_capitata_HIv3___RNAseq.g7321.t1,ko04140
Montipora_capitata_HIv3___RNAseq.g7321.t1,ko04141
Montipora_capitata_HIv3___RNAseq.g7321.t1,ko04210
Montipora_capitata_HIv3___RNAseq.g7321.t1,ko04932
Montipora_capitata_HIv3___RNAseq.g7321.t1,ko05010
Montipora_capitata_HIv3___RNAseq.g7324.t2,ko03030
Montipora_capitata_HIv3___RNAseq.g7324.t2,ko03410
Montipora_capitata_HIv3___RNAseq.g7324.t2,ko03420
Montipora_capitata_HIv3___RNAseq.g7324.t2,ko03430
Montipora_capitata_HIv3___RNAseq.g7324.t2,ko04013
Montipora_capitata_HIv3___RNAseq.g7324.t2,ko04214
Montipora_capitata_HIv3___RNAseq.g7324.t2,ko04215
Montipora_capitata_HIv3___RNAseq.g7324.t2,ko04391
Montipora_capitata_HIv3___TS.g29106.t2,ko04137
Montipora_capitata_HIv3___TS.g29106.t2,ko04214
Montipora_capitata_HIv3___RNAseq.g7325.t1,ko04010
Montipora_capitata_HIv3___RNAseq.g7325.t1,ko04013
Montipora_capitata_HIv3___RNAseq.g7325.t1,ko04014
Montipora_capitata_HIv3___RNAseq.g7325.t1,ko04015
Montipora_capitata_HIv3___RNAseq.g7325.t1,ko04024
Montipora_capitata_HIv3___RNAseq.g7325.t1,ko04062
Montipora_capitata_HIv3___RNAseq.g7325.t1,ko04071
Montipora_capitata_HIv3___RNAseq.g7325.t1,ko04145
Montipora_capitata_HIv3___RNAseq.g7325.t1,ko04151
Montipora_capitata_HIv3___RNAseq.g7325.t1,ko04310
Montipora_capitata_HIv3___RNAseq.g7325.t1,ko04360
Montipora_capitata_HIv3___RNAseq.g7325.t1,ko04370
Montipora_capitata_HIv3___RNAseq.g7325.t1,ko04380
Montipora_capitata_HIv3___RNAseq.g7325.t1,ko04510
Montipora_capitata_HIv3___RNAseq.g7325.t1,ko04520
Montipora_capitata_HIv3___RNAseq.g7325.t1,ko04530
Montipora_capitata_HIv3___RNAseq.g7325.t1,ko04620
Montipora_capitata_HIv3___RNAseq.g7325.t1,ko04650
Montipora_capitata_HIv3___RNAseq.g7325.t1,ko04662
Montipora_capitata_HIv3___RNAseq.g7325.t1,ko04664
Montipora_capitata_HIv3___RNAseq.g7325.t1,ko04666
Montipora_capitata_HIv3___RNAseq.g7325.t1,ko04670
Montipora_capitata_HIv3___RNAseq.g7325.t1,ko04722
Montipora_capitata_HIv3___RNAseq.g7325.t1,ko04810
Montipora_capitata_HIv3___RNAseq.g7325.t1,ko04932
Montipora_capitata_HIv3___RNAseq.g7325.t1,ko04933
Montipora_capitata_HIv3___RNAseq.g7325.t1,ko04972
Montipora_capitata_HIv3___RNAseq.g7325.t1,ko05014
Montipora_capitata_HIv3___RNAseq.g7325.t1,ko05100
Montipora_capitata_HIv3___RNAseq.g7325.t1,ko05120
Montipora_capitata_HIv3___RNAseq.g7325.t1,ko05131
Montipora_capitata_HIv3___RNAseq.g7325.t1,ko05132
Montipora_capitata_HIv3___RNAseq.g7325.t1,ko05167
Montipora_capitata_HIv3___RNAseq.g7325.t1,ko05200
Montipora_capitata_HIv3___RNAseq.g7325.t1,ko05203
Montipora_capitata_HIv3___RNAseq.g7325.t1,ko05205
Montipora_capitata_HIv3___RNAseq.g7325.t1,ko05210
Montipora_capitata_HIv3___RNAseq.g7325.t1,ko05211
Montipora_capitata_HIv3___RNAseq.g7325.t1,ko05212
Montipora_capitata_HIv3___RNAseq.g7325.t1,ko05231
Montipora_capitata_HIv3___RNAseq.g7325.t1,ko05416
Montipora_capitata_HIv3___RNAseq.g7325.t1,ko05418
Montipora_capitata_HIv3___RNAseq.g7326.t1,ko03018
Montipora_capitata_HIv3___RNAseq.g7336.t1,ko03008
Montipora_capitata_HIv3___RNAseq.g7336.t1,ko03040
Montipora_capitata_HIv3___RNAseq.g7331.t1,ko01521
Montipora_capitata_HIv3___RNAseq.g7331.t1,ko01522
Montipora_capitata_HIv3___RNAseq.g7331.t1,ko04010
Montipora_capitata_HIv3___RNAseq.g7331.t1,ko04012
Montipora_capitata_HIv3___RNAseq.g7331.t1,ko04013
Montipora_capitata_HIv3___RNAseq.g7331.t1,ko04014
Montipora_capitata_HIv3___RNAseq.g7331.t1,ko04062
Montipora_capitata_HIv3___RNAseq.g7331.t1,ko04068
Montipora_capitata_HIv3___RNAseq.g7331.t1,ko04072
Montipora_capitata_HIv3___RNAseq.g7331.t1,ko04150
Montipora_capitata_HIv3___RNAseq.g7331.t1,ko04151
Montipora_capitata_HIv3___RNAseq.g7331.t1,ko04320
Montipora_capitata_HIv3___RNAseq.g7331.t1,ko04380
Montipora_capitata_HIv3___RNAseq.g7331.t1,ko04510
Montipora_capitata_HIv3___RNAseq.g7331.t1,ko04540
Montipora_capitata_HIv3___RNAseq.g7331.t1,ko04550
Montipora_capitata_HIv3___RNAseq.g7331.t1,ko04630
Montipora_capitata_HIv3___RNAseq.g7331.t1,ko04650
Montipora_capitata_HIv3___RNAseq.g7331.t1,ko04660
Montipora_capitata_HIv3___RNAseq.g7331.t1,ko04662
Montipora_capitata_HIv3___RNAseq.g7331.t1,ko04664
Montipora_capitata_HIv3___RNAseq.g7331.t1,ko04714
Montipora_capitata_HIv3___RNAseq.g7331.t1,ko04722
Montipora_capitata_HIv3___RNAseq.g7331.t1,ko04910
Montipora_capitata_HIv3___RNAseq.g7331.t1,ko04912
Montipora_capitata_HIv3___RNAseq.g7331.t1,ko04915
Montipora_capitata_HIv3___RNAseq.g7331.t1,ko04917
Montipora_capitata_HIv3___RNAseq.g7331.t1,ko04926
Montipora_capitata_HIv3___RNAseq.g7331.t1,ko05034
Montipora_capitata_HIv3___RNAseq.g7331.t1,ko05160
Montipora_capitata_HIv3___RNAseq.g7331.t1,ko05161
Montipora_capitata_HIv3___RNAseq.g7331.t1,ko05165
Montipora_capitata_HIv3___RNAseq.g7331.t1,ko05200
Montipora_capitata_HIv3___RNAseq.g7331.t1,ko05203
Montipora_capitata_HIv3___RNAseq.g7331.t1,ko05205
Montipora_capitata_HIv3___RNAseq.g7331.t1,ko05206
Montipora_capitata_HIv3___RNAseq.g7331.t1,ko05210
Montipora_capitata_HIv3___RNAseq.g7331.t1,ko05211
Montipora_capitata_HIv3___RNAseq.g7331.t1,ko05213
Montipora_capitata_HIv3___RNAseq.g7331.t1,ko05214
Montipora_capitata_HIv3___RNAseq.g7331.t1,ko05215
Montipora_capitata_HIv3___RNAseq.g7331.t1,ko05220
Montipora_capitata_HIv3___RNAseq.g7331.t1,ko05221
Montipora_capitata_HIv3___RNAseq.g7331.t1,ko05223
Montipora_capitata_HIv3___RNAseq.g7331.t1,ko05224
Montipora_capitata_HIv3___RNAseq.g7331.t1,ko05225
Montipora_capitata_HIv3___RNAseq.g7331.t1,ko05226
Montipora_capitata_HIv3___RNAseq.g7331.t1,ko05231
Montipora_capitata_HIv3___TS.g29119.t1,ko04010
Montipora_capitata_HIv3___TS.g29119.t1,ko04064
Montipora_capitata_HIv3___TS.g29119.t1,ko04380
Montipora_capitata_HIv3___TS.g29119.t1,ko04620
Montipora_capitata_HIv3___TS.g29119.t1,ko04621
Montipora_capitata_HIv3___TS.g29119.t1,ko04668
Montipora_capitata_HIv3___TS.g29119.t1,ko05140
Montipora_capitata_HIv3___TS.g29119.t1,ko05145
Montipora_capitata_HIv3___TS.g29119.t1,ko05168
Montipora_capitata_HIv3___TS.g29119.t1,ko05169
Montipora_capitata_HIv3___RNAseq.g7337.t1,ko04111
Montipora_capitata_HIv3___RNAseq.g7337.t1,ko04260
Montipora_capitata_HIv3___RNAseq.g7337.t1,ko04261
Montipora_capitata_HIv3___RNAseq.g7337.t1,ko04530
Montipora_capitata_HIv3___RNAseq.g7337.t1,ko05416
Montipora_capitata_HIv3___RNAseq.g7343.t1,ko00220
Montipora_capitata_HIv3___RNAseq.g7343.t1,ko00250
Montipora_capitata_HIv3___RNAseq.g7343.t1,ko00471
Montipora_capitata_HIv3___RNAseq.g7343.t1,ko00910
Montipora_capitata_HIv3___RNAseq.g7343.t1,ko01100
Montipora_capitata_HIv3___RNAseq.g7343.t1,ko01200
Montipora_capitata_HIv3___RNAseq.g7343.t1,ko04217
Montipora_capitata_HIv3___RNAseq.g7343.t1,ko04964
Montipora_capitata_HIv3___RNAseq.g7346.t1,ko04120
Montipora_capitata_HIv3___RNAseq.g7347.t1,ko01521
Montipora_capitata_HIv3___RNAseq.g7347.t1,ko01522
Montipora_capitata_HIv3___RNAseq.g7347.t1,ko04010
Montipora_capitata_HIv3___RNAseq.g7347.t1,ko04012
Montipora_capitata_HIv3___RNAseq.g7347.t1,ko04013
Montipora_capitata_HIv3___RNAseq.g7347.t1,ko04014
Montipora_capitata_HIv3___RNAseq.g7347.t1,ko04062
Montipora_capitata_HIv3___RNAseq.g7347.t1,ko04068
Montipora_capitata_HIv3___RNAseq.g7347.t1,ko04072
Montipora_capitata_HIv3___RNAseq.g7347.t1,ko04150
Montipora_capitata_HIv3___RNAseq.g7347.t1,ko04151
Montipora_capitata_HIv3___RNAseq.g7347.t1,ko04320
Montipora_capitata_HIv3___RNAseq.g7347.t1,ko04380
Montipora_capitata_HIv3___RNAseq.g7347.t1,ko04510
Montipora_capitata_HIv3___RNAseq.g7347.t1,ko04540
Montipora_capitata_HIv3___RNAseq.g7347.t1,ko04550
Montipora_capitata_HIv3___RNAseq.g7347.t1,ko04630
Montipora_capitata_HIv3___RNAseq.g7347.t1,ko04650
Montipora_capitata_HIv3___RNAseq.g7347.t1,ko04660
Montipora_capitata_HIv3___RNAseq.g7347.t1,ko04662
Montipora_capitata_HIv3___RNAseq.g7347.t1,ko04664
Montipora_capitata_HIv3___RNAseq.g7347.t1,ko04714
Montipora_capitata_HIv3___RNAseq.g7347.t1,ko04722
Montipora_capitata_HIv3___RNAseq.g7347.t1,ko04910
Montipora_capitata_HIv3___RNAseq.g7347.t1,ko04912
Montipora_capitata_HIv3___RNAseq.g7347.t1,ko04915
Montipora_capitata_HIv3___RNAseq.g7347.t1,ko04917
Montipora_capitata_HIv3___RNAseq.g7347.t1,ko04926
Montipora_capitata_HIv3___RNAseq.g7347.t1,ko05034
Montipora_capitata_HIv3___RNAseq.g7347.t1,ko05160
Montipora_capitata_HIv3___RNAseq.g7347.t1,ko05161
Montipora_capitata_HIv3___RNAseq.g7347.t1,ko05165
Montipora_capitata_HIv3___RNAseq.g7347.t1,ko05200
Montipora_capitata_HIv3___RNAseq.g7347.t1,ko05203
Montipora_capitata_HIv3___RNAseq.g7347.t1,ko05205
Montipora_capitata_HIv3___RNAseq.g7347.t1,ko05206
Montipora_capitata_HIv3___RNAseq.g7347.t1,ko05210
Montipora_capitata_HIv3___RNAseq.g7347.t1,ko05211
Montipora_capitata_HIv3___RNAseq.g7347.t1,ko05213
Montipora_capitata_HIv3___RNAseq.g7347.t1,ko05214
Montipora_capitata_HIv3___RNAseq.g7347.t1,ko05215
Montipora_capitata_HIv3___RNAseq.g7347.t1,ko05220
Montipora_capitata_HIv3___RNAseq.g7347.t1,ko05221
Montipora_capitata_HIv3___RNAseq.g7347.t1,ko05223
Montipora_capitata_HIv3___RNAseq.g7347.t1,ko05224
Montipora_capitata_HIv3___RNAseq.g7347.t1,ko05225
Montipora_capitata_HIv3___RNAseq.g7347.t1,ko05226
Montipora_capitata_HIv3___RNAseq.g7347.t1,ko05231
Montipora_capitata_HIv3___RNAseq.g7352.t1,ko04150
Montipora_capitata_HIv3___TS.g29144.t1,ko03008
Montipora_capitata_HIv3___RNAseq.g7364.t1,ko04142
Montipora_capitata_HIv3___RNAseq.g7368.t1,ko00062
Montipora_capitata_HIv3___RNAseq.g7368.t1,ko00071
Montipora_capitata_HIv3___RNAseq.g7368.t1,ko00280
Montipora_capitata_HIv3___RNAseq.g7368.t1,ko00310
Montipora_capitata_HIv3___RNAseq.g7368.t1,ko00380
Montipora_capitata_HIv3___RNAseq.g7368.t1,ko00410
Montipora_capitata_HIv3___RNAseq.g7368.t1,ko00627
Montipora_capitata_HIv3___RNAseq.g7368.t1,ko00640
Montipora_capitata_HIv3___RNAseq.g7368.t1,ko00650
Montipora_capitata_HIv3___RNAseq.g7368.t1,ko00930
Montipora_capitata_HIv3___RNAseq.g7368.t1,ko01100
Montipora_capitata_HIv3___RNAseq.g7368.t1,ko01110
Montipora_capitata_HIv3___RNAseq.g7368.t1,ko01120
Montipora_capitata_HIv3___RNAseq.g7368.t1,ko01130
Montipora_capitata_HIv3___RNAseq.g7368.t1,ko01200
Montipora_capitata_HIv3___RNAseq.g7368.t1,ko01212
Montipora_capitata_HIv3___RNAseq.g7373.t1,ko04144
Montipora_capitata_HIv3___RNAseq.g7373.t1,ko04666
Montipora_capitata_HIv3___RNAseq.g7373.t1,ko04810
Montipora_capitata_HIv3___RNAseq.g7373.t1,ko05100
Montipora_capitata_HIv3___RNAseq.g7373.t1,ko05130
Montipora_capitata_HIv3___RNAseq.g7373.t1,ko05131
Montipora_capitata_HIv3___RNAseq.g7373.t1,ko05132
Montipora_capitata_HIv3___RNAseq.g7396.t1,ko00190
Montipora_capitata_HIv3___RNAseq.g7396.t1,ko01100
Montipora_capitata_HIv3___RNAseq.g7396.t1,ko04714
Montipora_capitata_HIv3___RNAseq.g7375.t1,ko04934
Montipora_capitata_HIv3___RNAseq.g7406.t1,ko03040
Montipora_capitata_HIv3___RNAseq.g7407.t1,ko04144
Montipora_capitata_HIv3___RNAseq.3096_t,ko04146
Montipora_capitata_HIv3___RNAseq.g7413.t1,ko00100
Montipora_capitata_HIv3___RNAseq.g7413.t1,ko01100
Montipora_capitata_HIv3___RNAseq.g7413.t1,ko01130
Montipora_capitata_HIv3___TS.g29199.t2,ko04910
Montipora_capitata_HIv3___TS.g29213.t2,ko00260
Montipora_capitata_HIv3___TS.g29213.t2,ko00460
Montipora_capitata_HIv3___TS.g29213.t2,ko00630
Montipora_capitata_HIv3___TS.g29213.t2,ko00670
Montipora_capitata_HIv3___TS.g29213.t2,ko00680
Montipora_capitata_HIv3___TS.g29213.t2,ko01100
Montipora_capitata_HIv3___TS.g29213.t2,ko01110
Montipora_capitata_HIv3___TS.g29213.t2,ko01120
Montipora_capitata_HIv3___TS.g29213.t2,ko01130
Montipora_capitata_HIv3___TS.g29213.t2,ko01200
Montipora_capitata_HIv3___TS.g29213.t2,ko01230
Montipora_capitata_HIv3___TS.g29213.t2,ko01523
Montipora_capitata_HIv3___RNAseq.g7432.t1,ko04120
Montipora_capitata_HIv3___RNAseq.g7432.t1,ko04380
Montipora_capitata_HIv3___RNAseq.g7432.t1,ko04630
Montipora_capitata_HIv3___RNAseq.g7432.t1,ko04668
Montipora_capitata_HIv3___RNAseq.g7432.t1,ko04910
Montipora_capitata_HIv3___RNAseq.g7432.t1,ko04917
Montipora_capitata_HIv3___RNAseq.g7432.t1,ko04920
Montipora_capitata_HIv3___RNAseq.g7432.t1,ko04930
Montipora_capitata_HIv3___RNAseq.g7432.t1,ko04931
Montipora_capitata_HIv3___RNAseq.g7432.t1,ko04932
Montipora_capitata_HIv3___RNAseq.g7432.t1,ko05160
Montipora_capitata_HIv3___RNAseq.g7432.t1,ko05164
Montipora_capitata_HIv3___RNAseq.g7432.t1,ko05168
Montipora_capitata_HIv3___RNAseq.g7433.t1,ko00565
Montipora_capitata_HIv3___RNAseq.g7433.t1,ko01100
Montipora_capitata_HIv3___RNAseq.g7433.t1,ko04146
Montipora_capitata_HIv3___RNAseq.g7434.t1,ko00565
Montipora_capitata_HIv3___RNAseq.g7434.t1,ko01100
Montipora_capitata_HIv3___RNAseq.g7434.t1,ko04146
Montipora_capitata_HIv3___RNAseq.3107_t,ko04144
Montipora_capitata_HIv3___RNAseq.3107_t,ko04217
Montipora_capitata_HIv3___RNAseq.g7423.t1,ko03015
Montipora_capitata_HIv3___RNAseq.g7426.t1,ko03015
Montipora_capitata_HIv3___TS.g29203.t1,ko04390
Montipora_capitata_HIv3___TS.g29203.t1,ko04391
Montipora_capitata_HIv3___TS.g29203.t1,ko04530
Montipora_capitata_HIv3___TS.g29203.t1,ko05165
Montipora_capitata_HIv3___RNAseq.g7435.t1,ko03040
Montipora_capitata_HIv3___RNAseq.g7435.t1,ko05168
Montipora_capitata_HIv3___RNAseq.g7436.t1,ko00600
Montipora_capitata_HIv3___RNAseq.g7436.t1,ko01100
Montipora_capitata_HIv3___RNAseq.g7436.t1,ko04020
Montipora_capitata_HIv3___RNAseq.g7436.t1,ko04071
Montipora_capitata_HIv3___RNAseq.g7436.t1,ko04072
Montipora_capitata_HIv3___RNAseq.g7436.t1,ko04370
Montipora_capitata_HIv3___RNAseq.g7436.t1,ko04371
Montipora_capitata_HIv3___RNAseq.g7436.t1,ko04666
Montipora_capitata_HIv3___RNAseq.g7436.t1,ko05152
Montipora_capitata_HIv3___RNAseq.g7438.t1,ko04068
Montipora_capitata_HIv3___RNAseq.g7438.t1,ko04136
Montipora_capitata_HIv3___RNAseq.g7438.t1,ko04138
Montipora_capitata_HIv3___RNAseq.g7438.t1,ko04140
Montipora_capitata_HIv3___RNAseq.g7438.t1,ko04621
Montipora_capitata_HIv3___RNAseq.g7438.t1,ko04622
Montipora_capitata_HIv3___RNAseq.g7442.t1,ko00564
Montipora_capitata_HIv3___RNAseq.g7451.t1,ko03410
Montipora_capitata_HIv3___RNAseq.g7452.t1,ko04740
Montipora_capitata_HIv3___RNAseq.g7454.t1,ko04740
Montipora_capitata_HIv3___TS.g29237.t1,ko04740
Montipora_capitata_HIv3___RNAseq.g7455.t1,ko04740
Montipora_capitata_HIv3___RNAseq.g7463.t1,ko00250
Montipora_capitata_HIv3___RNAseq.g7463.t1,ko00260
Montipora_capitata_HIv3___RNAseq.g7463.t1,ko00270
Montipora_capitata_HIv3___RNAseq.g7463.t1,ko00280
Montipora_capitata_HIv3___RNAseq.g7463.t1,ko01100
Montipora_capitata_HIv3___RNAseq.g7463.t1,ko01110
Montipora_capitata_HIv3___RNAseq.g7477.t1,ko04010
Montipora_capitata_HIv3___RNAseq.g7477.t1,ko04020
Montipora_capitata_HIv3___RNAseq.g7477.t1,ko04713
Montipora_capitata_HIv3___RNAseq.g7477.t1,ko04925
Montipora_capitata_HIv3___RNAseq.g7477.t1,ko04927
Montipora_capitata_HIv3___RNAseq.g7477.t1,ko04930
Montipora_capitata_HIv3___RNAseq.g7477.t1,ko04934
Montipora_capitata_HIv3___RNAseq.g7480.t1,ko00511
Montipora_capitata_HIv3___TS.g29264.t2,ko03440
Montipora_capitata_HIv3___TS.g29264.t2,ko03460
Montipora_capitata_HIv3___RNAseq.g7486.t1,ko05100
Montipora_capitata_HIv3___RNAseq.g7493.t1,ko00983
Montipora_capitata_HIv3___RNAseq.g7505.t1,ko03015
Montipora_capitata_HIv3___RNAseq.g7505.t1,ko04022
Montipora_capitata_HIv3___RNAseq.g7505.t1,ko04024
Montipora_capitata_HIv3___RNAseq.g7505.t1,ko04113
Montipora_capitata_HIv3___RNAseq.g7505.t1,ko04114
Montipora_capitata_HIv3___RNAseq.g7505.t1,ko04218
Montipora_capitata_HIv3___RNAseq.g7505.t1,ko04261
Montipora_capitata_HIv3___RNAseq.g7505.t1,ko04270
Montipora_capitata_HIv3___RNAseq.g7505.t1,ko04390
Montipora_capitata_HIv3___RNAseq.g7505.t1,ko04510
Montipora_capitata_HIv3___RNAseq.g7505.t1,ko04611
Montipora_capitata_HIv3___RNAseq.g7505.t1,ko04720
Montipora_capitata_HIv3___RNAseq.g7505.t1,ko04728
Montipora_capitata_HIv3___RNAseq.g7505.t1,ko04750
Montipora_capitata_HIv3___RNAseq.g7505.t1,ko04810
Montipora_capitata_HIv3___RNAseq.g7505.t1,ko04910
Montipora_capitata_HIv3___RNAseq.g7505.t1,ko04921
Montipora_capitata_HIv3___RNAseq.g7505.t1,ko04931
Montipora_capitata_HIv3___RNAseq.g7505.t1,ko05031
Montipora_capitata_HIv3___RNAseq.g7505.t1,ko05034
Montipora_capitata_HIv3___RNAseq.g7505.t1,ko05168
Montipora_capitata_HIv3___RNAseq.g7505.t1,ko05205
Montipora_capitata_HIv3___TS.g29283.t1,ko00561
Montipora_capitata_HIv3___TS.g29283.t1,ko00564
Montipora_capitata_HIv3___TS.g29283.t1,ko01100
Montipora_capitata_HIv3___TS.g29283.t1,ko01110
Montipora_capitata_HIv3___TS.g29283.t1,ko04070
Montipora_capitata_HIv3___TS.g29283.t1,ko04072
Montipora_capitata_HIv3___TS.g29283.t1,ko05231
Montipora_capitata_HIv3___RNAseq.g7504.t1,ko04136
Montipora_capitata_HIv3___RNAseq.g7504.t1,ko04140
Montipora_capitata_HIv3___RNAseq.g7504.t1,ko04211
Montipora_capitata_HIv3___RNAseq.g7510.t1,ko04020
Montipora_capitata_HIv3___RNAseq.g7510.t1,ko04022
Montipora_capitata_HIv3___RNAseq.g7510.t1,ko04371
Montipora_capitata_HIv3___RNAseq.g7510.t1,ko04740
Montipora_capitata_HIv3___RNAseq.g7510.t1,ko04974
Montipora_capitata_HIv3___RNAseq.g7511.t1,ko04068
Montipora_capitata_HIv3___RNAseq.g7511.t1,ko04310
Montipora_capitata_HIv3___RNAseq.g7511.t1,ko04340
Montipora_capitata_HIv3___RNAseq.g7511.t1,ko04341
Montipora_capitata_HIv3___RNAseq.g7511.t1,ko04390
Montipora_capitata_HIv3___RNAseq.g7511.t1,ko04391
Montipora_capitata_HIv3___RNAseq.g7511.t1,ko04392
Montipora_capitata_HIv3___RNAseq.g7511.t1,ko04540
Montipora_capitata_HIv3___RNAseq.g7511.t1,ko04710
Montipora_capitata_HIv3___RNAseq.g7511.t1,ko04711
Montipora_capitata_HIv3___TS.g29302.t1,ko03010
Montipora_capitata_HIv3___RNAseq.g8662.t1,ko04110
Montipora_capitata_HIv3___RNAseq.g8662.t1,ko04111
Montipora_capitata_HIv3___RNAseq.g8662.t1,ko04113
Montipora_capitata_HIv3___RNAseq.g8664.t1,ko00430
Montipora_capitata_HIv3___RNAseq.g8664.t1,ko01100
Montipora_capitata_HIv3___RNAseq.g8669.t1,ko04142
Montipora_capitata_HIv3___RNAseq.g8667.t1,ko03030
Montipora_capitata_HIv3___RNAseq.g8667.t1,ko03420
Montipora_capitata_HIv3___RNAseq.g8667.t1,ko03430
Montipora_capitata_HIv3___RNAseq.g8667.t1,ko03440
Montipora_capitata_HIv3___RNAseq.g8667.t1,ko03460
Montipora_capitata_HIv3___RNAseq.g8676.t1,ko00053
Montipora_capitata_HIv3___RNAseq.g8676.t1,ko00562
Montipora_capitata_HIv3___RNAseq.g8678.t1,ko04020
Montipora_capitata_HIv3___RNAseq.g8678.t1,ko04080
Montipora_capitata_HIv3___RNAseq.g8678.t1,ko04140
Montipora_capitata_HIv3___RNAseq.g8678.t1,ko04152
Montipora_capitata_HIv3___RNAseq.g8678.t1,ko04211
Montipora_capitata_HIv3___RNAseq.g8678.t1,ko04611
Montipora_capitata_HIv3___RNAseq.g8678.t1,ko04920
Montipora_capitata_HIv3___RNAseq.g8678.t1,ko04921
Montipora_capitata_HIv3___RNAseq.g8678.t1,ko05034
Montipora_capitata_HIv3___RNAseq.g8682.t1,ko04144
Montipora_capitata_HIv3___TS.g41484.t4,ko03008
Montipora_capitata_HIv3___RNAseq.g8686.t1,ko04934
Montipora_capitata_HIv3___RNAseq.g8687.t1,ko00230
Montipora_capitata_HIv3___RNAseq.g8687.t1,ko00240
Montipora_capitata_HIv3___RNAseq.g8687.t1,ko01100
Montipora_capitata_HIv3___RNAseq.g8687.t1,ko03030
Montipora_capitata_HIv3___RNAseq.g8687.t1,ko03410
Montipora_capitata_HIv3___RNAseq.g8687.t1,ko03420
Montipora_capitata_HIv3___RNAseq.g8687.t1,ko03430
Montipora_capitata_HIv3___RNAseq.g8687.t1,ko03440
Montipora_capitata_HIv3___RNAseq.g8687.t1,ko05166
Montipora_capitata_HIv3___RNAseq.g8698.t1,ko00600
Montipora_capitata_HIv3___RNAseq.g8698.t1,ko01100
Montipora_capitata_HIv3___RNAseq.g8698.t1,ko04071
Montipora_capitata_HIv3___RNAseq.g8698.t1,ko04142
Montipora_capitata_HIv3___RNAseq.g8698.t1,ko04217
Montipora_capitata_HIv3___RNAseq.g8700.t1,ko00600
Montipora_capitata_HIv3___RNAseq.g8700.t1,ko01100
Montipora_capitata_HIv3___RNAseq.g8700.t1,ko04071
Montipora_capitata_HIv3___RNAseq.g8700.t1,ko04142
Montipora_capitata_HIv3___RNAseq.g8700.t1,ko04217
Montipora_capitata_HIv3___TS.g41504.t1,ko01100
Montipora_capitata_HIv3___TS.g41504.t1,ko04151
Montipora_capitata_HIv3___TS.g41504.t1,ko04510
Montipora_capitata_HIv3___TS.g41504.t1,ko04512
Montipora_capitata_HIv3___TS.g41504.t1,ko05145
Montipora_capitata_HIv3___TS.g41504.t1,ko05146
Montipora_capitata_HIv3___TS.g41504.t1,ko05165
Montipora_capitata_HIv3___TS.g41504.t1,ko05200
Montipora_capitata_HIv3___TS.g41504.t1,ko05222
Montipora_capitata_HIv3___RNAseq.g8704.t1,ko04657
Montipora_capitata_HIv3___TS.g41512.t1,ko03010
Montipora_capitata_HIv3___RNAseq.g8714.t1,ko04110
Montipora_capitata_HIv3___RNAseq.g8714.t1,ko04213
Montipora_capitata_HIv3___RNAseq.g8714.t1,ko04330
Montipora_capitata_HIv3___RNAseq.g8714.t1,ko04919
Montipora_capitata_HIv3___RNAseq.g8714.t1,ko05016
Montipora_capitata_HIv3___RNAseq.g8714.t1,ko05034
Montipora_capitata_HIv3___RNAseq.g8714.t1,ko05165
Montipora_capitata_HIv3___RNAseq.g8714.t1,ko05169
Montipora_capitata_HIv3___RNAseq.g8714.t1,ko05200
Montipora_capitata_HIv3___RNAseq.g8714.t1,ko05202
Montipora_capitata_HIv3___RNAseq.g8714.t1,ko05203
Montipora_capitata_HIv3___RNAseq.g8714.t1,ko05220
Montipora_capitata_HIv3___TS.g41518.t1,ko00052
Montipora_capitata_HIv3___TS.g41518.t1,ko00520
Montipora_capitata_HIv3___TS.g41518.t1,ko01100
Montipora_capitata_HIv3___RNAseq.g8720.t1,ko03008
Montipora_capitata_HIv3___RNAseq.g8720.t1,ko03013
Montipora_capitata_HIv3___RNAseq.g8721.t1,ko03008
Montipora_capitata_HIv3___RNAseq.g8737.t1,ko00514
Montipora_capitata_HIv3___TS.g41542.t1,ko03440
Montipora_capitata_HIv3___RNAseq.g8742.t1,ko03440
Montipora_capitata_HIv3___RNAseq.g8744.t1,ko04145
Montipora_capitata_HIv3___RNAseq.g8744.t1,ko05152
Montipora_capitata_HIv3___RNAseq.g8745.t1,ko00600
Montipora_capitata_HIv3___RNAseq.g8745.t1,ko01100
Montipora_capitata_HIv3___RNAseq.g8752.t1,ko00980
Montipora_capitata_HIv3___TS.g41569.t1,ko03010
Montipora_capitata_HIv3___TS.g41573.t1,ko00440
Montipora_capitata_HIv3___TS.g41573.t1,ko01100
Montipora_capitata_HIv3___TS.g41573.t1,ko01120
Montipora_capitata_HIv3___TS.g41573.t1,ko01130
Montipora_capitata_HIv3___RNAseq.g8769.t1,ko04130
Montipora_capitata_HIv3___RNAseq.g8769.t1,ko04721
Montipora_capitata_HIv3___RNAseq.g8769.t1,ko04911
Montipora_capitata_HIv3___RNAseq.g8769.t1,ko05031
Montipora_capitata_HIv3___RNAseq.g8766.t1,ko04020
Montipora_capitata_HIv3___RNAseq.g8766.t1,ko04022
Montipora_capitata_HIv3___RNAseq.g8766.t1,ko04972
Montipora_capitata_HIv3___RNAseq.g8766.t1,ko05010
Montipora_capitata_HIv3___RNAseq.g8767.t1,ko04115
Montipora_capitata_HIv3___RNAseq.g8771.t1,ko03008
Montipora_capitata_HIv3___RNAseq.g8771.t1,ko03013
Montipora_capitata_HIv3___RNAseq.g8771.t1,ko05166
Montipora_capitata_HIv3___RNAseq.g8771.t1,ko05169
Montipora_capitata_HIv3___RNAseq.g8773.t1,ko00240
Montipora_capitata_HIv3___RNAseq.g8773.t1,ko00410
Montipora_capitata_HIv3___RNAseq.g8773.t1,ko00770
Montipora_capitata_HIv3___RNAseq.g8773.t1,ko00983
Montipora_capitata_HIv3___RNAseq.g8773.t1,ko01100
Montipora_capitata_HIv3___RNAseq.g8774.t2,ko00240
Montipora_capitata_HIv3___RNAseq.g8774.t2,ko00410
Montipora_capitata_HIv3___RNAseq.g8774.t2,ko00770
Montipora_capitata_HIv3___RNAseq.g8774.t2,ko00983
Montipora_capitata_HIv3___RNAseq.g8774.t2,ko01100
Montipora_capitata_HIv3___RNAseq.g8775.t1,ko00280
Montipora_capitata_HIv3___RNAseq.g8775.t1,ko00650
Montipora_capitata_HIv3___RNAseq.g8794.t1,ko04120
Montipora_capitata_HIv3___RNAseq.g8788.t1,ko04144
Montipora_capitata_HIv3___RNAseq.g8788.t1,ko04666
Montipora_capitata_HIv3___RNAseq.g8788.t1,ko04810
Montipora_capitata_HIv3___RNAseq.g8788.t1,ko05100
Montipora_capitata_HIv3___RNAseq.g8788.t1,ko05130
Montipora_capitata_HIv3___RNAseq.g8788.t1,ko05131
Montipora_capitata_HIv3___RNAseq.g8788.t1,ko05132
Montipora_capitata_HIv3___RNAseq.g8803.t1,ko00190
Montipora_capitata_HIv3___RNAseq.g8803.t1,ko01100
Montipora_capitata_HIv3___RNAseq.g8803.t1,ko04260
Montipora_capitata_HIv3___RNAseq.g8803.t1,ko04714
Montipora_capitata_HIv3___RNAseq.g8803.t1,ko04932
Montipora_capitata_HIv3___RNAseq.g8803.t1,ko05010
Montipora_capitata_HIv3___RNAseq.g8803.t1,ko05012
Montipora_capitata_HIv3___RNAseq.g8803.t1,ko05016
Montipora_capitata_HIv3___RNAseq.g8805.t1,ko00563
Montipora_capitata_HIv3___RNAseq.g8805.t1,ko01100
Montipora_capitata_HIv3___RNAseq.g8812.t1,ko00620
Montipora_capitata_HIv3___RNAseq.g8812.t1,ko00630
Montipora_capitata_HIv3___RNAseq.g8812.t1,ko01100
Montipora_capitata_HIv3___RNAseq.g8812.t1,ko01110
Montipora_capitata_HIv3___RNAseq.g8812.t1,ko01120
Montipora_capitata_HIv3___RNAseq.g8812.t1,ko01200
Montipora_capitata_HIv3___RNAseq.3408_t,ko03013
Montipora_capitata_HIv3___RNAseq.g8814.t1,ko03040
Montipora_capitata_HIv3___RNAseq.g8814.t1,ko04139
Montipora_capitata_HIv3___RNAseq.g8814.t1,ko05322
Montipora_capitata_HIv3___RNAseq.g8829.t1,ko04144
Montipora_capitata_HIv3___RNAseq.g8870.t1,ko00562
Montipora_capitata_HIv3___RNAseq.g8870.t1,ko00564
Montipora_capitata_HIv3___RNAseq.g8870.t1,ko01100
Montipora_capitata_HIv3___RNAseq.g8870.t1,ko04070
Montipora_capitata_HIv3___TS.g41673.t1,ko04910
Montipora_capitata_HIv3___RNAseq.g8867.t2,ko00562
Montipora_capitata_HIv3___RNAseq.g8867.t2,ko00564
Montipora_capitata_HIv3___RNAseq.g8867.t2,ko01100
Montipora_capitata_HIv3___RNAseq.g8867.t2,ko04070
Montipora_capitata_HIv3___RNAseq.g8872.t2,ko00564
Montipora_capitata_HIv3___RNAseq.g8872.t2,ko01100
Montipora_capitata_HIv3___RNAseq.g8872.t2,ko01110
Montipora_capitata_HIv3___TS.g41681.t2,ko03013
Montipora_capitata_HIv3___RNAseq.g8877.t1,ko04141
Montipora_capitata_HIv3___RNAseq.g8878.t1,ko04066
Montipora_capitata_HIv3___RNAseq.g8878.t1,ko04120
Montipora_capitata_HIv3___RNAseq.g8878.t1,ko05200
Montipora_capitata_HIv3___RNAseq.g8878.t1,ko05211
Montipora_capitata_HIv3___RNAseq.g8879.t1,ko04922
Montipora_capitata_HIv3___RNAseq.g8882.t1,ko00440
Montipora_capitata_HIv3___RNAseq.g8882.t1,ko00564
Montipora_capitata_HIv3___RNAseq.g8882.t1,ko01100
Montipora_capitata_HIv3___RNAseq.g8886.t1,ko04137
Montipora_capitata_HIv3___RNAseq.g8888.t1,ko05168
Montipora_capitata_HIv3___RNAseq.g8889.t1,ko03015
Montipora_capitata_HIv3___RNAseq.g8889.t1,ko04022
Montipora_capitata_HIv3___RNAseq.g8889.t1,ko04024
Montipora_capitata_HIv3___RNAseq.g8889.t1,ko04113
Montipora_capitata_HIv3___RNAseq.g8889.t1,ko04114
Montipora_capitata_HIv3___RNAseq.g8889.t1,ko04218
Montipora_capitata_HIv3___RNAseq.g8889.t1,ko04261
Montipora_capitata_HIv3___RNAseq.g8889.t1,ko04270
Montipora_capitata_HIv3___RNAseq.g8889.t1,ko04390
Montipora_capitata_HIv3___RNAseq.g8889.t1,ko04510
Montipora_capitata_HIv3___RNAseq.g8889.t1,ko04611
Montipora_capitata_HIv3___RNAseq.g8889.t1,ko04720
Montipora_capitata_HIv3___RNAseq.g8889.t1,ko04728
Montipora_capitata_HIv3___RNAseq.g8889.t1,ko04750
Montipora_capitata_HIv3___RNAseq.g8889.t1,ko04810
Montipora_capitata_HIv3___RNAseq.g8889.t1,ko04910
Montipora_capitata_HIv3___RNAseq.g8889.t1,ko04921
Montipora_capitata_HIv3___RNAseq.g8889.t1,ko04931
Montipora_capitata_HIv3___RNAseq.g8889.t1,ko05031
Montipora_capitata_HIv3___RNAseq.g8889.t1,ko05034
Montipora_capitata_HIv3___RNAseq.g8889.t1,ko05168
Montipora_capitata_HIv3___RNAseq.g8889.t1,ko05205
Montipora_capitata_HIv3___RNAseq.g8899.t1,ko00071
Montipora_capitata_HIv3___RNAseq.g8899.t1,ko00280
Montipora_capitata_HIv3___RNAseq.g8899.t1,ko00650
Montipora_capitata_HIv3___RNAseq.g8899.t1,ko01100
Montipora_capitata_HIv3___RNAseq.g8899.t1,ko01110
Montipora_capitata_HIv3___RNAseq.g8899.t1,ko01120
Montipora_capitata_HIv3___RNAseq.g8899.t1,ko01200
Montipora_capitata_HIv3___RNAseq.g8899.t1,ko01212
Montipora_capitata_HIv3___RNAseq.g8891.t1,ko00130
Montipora_capitata_HIv3___RNAseq.g8891.t1,ko01100
Montipora_capitata_HIv3___RNAseq.g8891.t1,ko01110
Montipora_capitata_HIv3___RNAseq.g8893.t1,ko03040
Montipora_capitata_HIv3___RNAseq.g8893.t1,ko04657
Montipora_capitata_HIv3___RNAseq.g8893.t1,ko05168
Montipora_capitata_HIv3___RNAseq.g8902.t1,ko00563
Montipora_capitata_HIv3___RNAseq.g8902.t1,ko01100
Montipora_capitata_HIv3___RNAseq.g8911.t1,ko04014
Montipora_capitata_HIv3___RNAseq.g8919.t1,ko04140
Montipora_capitata_HIv3___RNAseq.g8919.t1,ko04150
Montipora_capitata_HIv3___RNAseq.g8918.t1,ko00561
Montipora_capitata_HIv3___RNAseq.g8918.t1,ko00564
Montipora_capitata_HIv3___RNAseq.g8918.t1,ko01100
Montipora_capitata_HIv3___RNAseq.g8918.t1,ko01110
Montipora_capitata_HIv3___RNAseq.g8918.t1,ko04072
Montipora_capitata_HIv3___RNAseq.g8929.t1a,ko04120
Montipora_capitata_HIv3___RNAseq.g8930.t1,ko00565
Montipora_capitata_HIv3___TS.g41744.t1a,ko04110
Montipora_capitata_HIv3___TS.g41744.t1a,ko04111
Montipora_capitata_HIv3___TS.g41744.t1a,ko04113
Montipora_capitata_HIv3___TS.g41744.t1a,ko04114
Montipora_capitata_HIv3___TS.g41744.t1a,ko04120
Montipora_capitata_HIv3___TS.g41744.t1a,ko04914
Montipora_capitata_HIv3___TS.g41744.t1a,ko05166
Montipora_capitata_HIv3___RNAseq.g8962.t1,ko00260
Montipora_capitata_HIv3___RNAseq.g8965.t1,ko00062
Montipora_capitata_HIv3___RNAseq.g8965.t1,ko01100
Montipora_capitata_HIv3___RNAseq.g8965.t1,ko01212
Montipora_capitata_HIv3___RNAseq.g8965.t1,ko04142
Montipora_capitata_HIv3___TS.g41801.t1,ko04141
Montipora_capitata_HIv3___RNAseq.g9015.t1,ko04145
Montipora_capitata_HIv3___TS.g41815.t2,ko05010
Montipora_capitata_HIv3___RNAseq.g9021.t1,ko00330
Montipora_capitata_HIv3___RNAseq.g9021.t1,ko01100
Montipora_capitata_HIv3___RNAseq.g9028.t3,ko04137
Montipora_capitata_HIv3___RNAseq.g9028.t3,ko04217
Montipora_capitata_HIv3___RNAseq.g9028.t3,ko04668
Montipora_capitata_HIv3___RNAseq.g9053.t1,ko04141
Montipora_capitata_HIv3___RNAseq.g9059.t1,ko04146
Montipora_capitata_HIv3___RNAseq.g9094.t1a,ko03030
Montipora_capitata_HIv3___RNAseq.g9094.t1a,ko03420
Montipora_capitata_HIv3___RNAseq.g9094.t1a,ko03430
Montipora_capitata_HIv3___RNAseq.g9086.t1,ko04621
Montipora_capitata_HIv3___RNAseq.g9095.t1,ko04120
Montipora_capitata_HIv3___RNAseq.g9135.t1,ko03030
Montipora_capitata_HIv3___RNAseq.g9135.t1,ko03420
Montipora_capitata_HIv3___RNAseq.g9135.t1,ko03430
Montipora_capitata_HIv3___RNAseq.g9135.t1,ko03440
Montipora_capitata_HIv3___RNAseq.g9135.t1,ko03460
Montipora_capitata_HIv3___RNAseq.3753_t,ko04010
Montipora_capitata_HIv3___RNAseq.3753_t,ko04260
Montipora_capitata_HIv3___RNAseq.3753_t,ko04261
Montipora_capitata_HIv3___RNAseq.3753_t,ko04921
Montipora_capitata_HIv3___RNAseq.3753_t,ko05410
Montipora_capitata_HIv3___RNAseq.3753_t,ko05412
Montipora_capitata_HIv3___RNAseq.3753_t,ko05414
Montipora_capitata_HIv3___TS.g41951.t2,ko03013
Montipora_capitata_HIv3___TS.g41951.t2,ko05160
Montipora_capitata_HIv3___RNAseq.3772_t,ko00562
Montipora_capitata_HIv3___RNAseq.3772_t,ko00920
Montipora_capitata_HIv3___RNAseq.3772_t,ko01100
Montipora_capitata_HIv3___RNAseq.3772_t,ko01120
Montipora_capitata_HIv3___RNAseq.3772_t,ko04070
Montipora_capitata_HIv3___RNAseq.g9177.t2,ko05203
Montipora_capitata_HIv3___RNAseq.g9191.t1,ko04391
Montipora_capitata_HIv3___RNAseq.g9191.t1,ko04392
Montipora_capitata_HIv3___RNAseq.g9196.t1,ko01521
Montipora_capitata_HIv3___RNAseq.g9196.t1,ko04010
Montipora_capitata_HIv3___RNAseq.g9196.t1,ko04014
Montipora_capitata_HIv3___RNAseq.g9209.t1,ko00230
Montipora_capitata_HIv3___RNAseq.g9213.t1,ko00230
Montipora_capitata_HIv3___RNAseq.g9225.t1,ko03010
Montipora_capitata_HIv3___RNAseq.g9230.t2,ko04341
Montipora_capitata_HIv3___TS.g42036.t1,ko04727
Montipora_capitata_HIv3___TS.g42025.t1,ko04014
Montipora_capitata_HIv3___RNAseq.g9216.t1,ko03040
Montipora_capitata_HIv3___RNAseq.3837_t,ko03040
Montipora_capitata_HIv3___RNAseq.g9232.t1,ko04141
Montipora_capitata_HIv3___RNAseq.g9231.t1b,ko03040
Montipora_capitata_HIv3___RNAseq.g9231.t1b,ko05168
Montipora_capitata_HIv3___RNAseq.g9249.t1,ko00750
Montipora_capitata_HIv3___RNAseq.g9250.t1,ko00750
Montipora_capitata_HIv3___RNAseq.g9254.t1,ko05100
Montipora_capitata_HIv3___RNAseq.g9267.t2a,ko04360
Montipora_capitata_HIv3___RNAseq.g9267.t2a,ko04666
Montipora_capitata_HIv3___RNAseq.g9267.t2a,ko04810
Montipora_capitata_HIv3___RNAseq.g9270.t1,ko04138
Montipora_capitata_HIv3___RNAseq.g9273.t1,ko04020
Montipora_capitata_HIv3___RNAseq.g9273.t1,ko04910
Montipora_capitata_HIv3___RNAseq.g9273.t1,ko04922
Montipora_capitata_HIv3___TS.g42081.t2,ko04020
Montipora_capitata_HIv3___TS.g42081.t2,ko04910
Montipora_capitata_HIv3___TS.g42081.t2,ko04922
Montipora_capitata_HIv3___TS.g42088.t1,ko00130
Montipora_capitata_HIv3___TS.g42088.t1,ko01110
Montipora_capitata_HIv3___RNAseq.g9281.t1,ko03022
Montipora_capitata_HIv3___RNAseq.g9281.t1,ko03420
Montipora_capitata_HIv3___RNAseq.g9281.t1,ko05203
Montipora_capitata_HIv3___RNAseq.g9282.t1,ko04010
Montipora_capitata_HIv3___RNAseq.g9282.t1,ko04011
Montipora_capitata_HIv3___RNAseq.g9282.t1,ko04138
Montipora_capitata_HIv3___RNAseq.g9282.t1,ko04139
Montipora_capitata_HIv3___RNAseq.g9282.t1,ko04540
Montipora_capitata_HIv3___RNAseq.g9282.t1,ko04657
Montipora_capitata_HIv3___RNAseq.g9282.t1,ko04722
Montipora_capitata_HIv3___RNAseq.g9282.t1,ko04912
Montipora_capitata_HIv3___RNAseq.g9282.t1,ko04921
Montipora_capitata_HIv3___RNAseq.g9282.t1,ko05206
Montipora_capitata_HIv3___RNAseq.g9282.t1,ko05418
Montipora_capitata_HIv3___RNAseq.g9289.t1,ko04120
Montipora_capitata_HIv3___RNAseq.g9289.t1,ko04141
Montipora_capitata_HIv3___RNAseq.g9289.t1,ko05012
Montipora_capitata_HIv3___TS.g42134.t1,ko00910
Montipora_capitata_HIv3___RNAseq.g9334.t2,ko05200
Montipora_capitata_HIv3___RNAseq.g9334.t2,ko05220
Montipora_capitata_HIv3___RNAseq.g9350.t2b,ko00562
Montipora_capitata_HIv3___RNAseq.g9350.t2b,ko01100
Montipora_capitata_HIv3___RNAseq.g9350.t2b,ko04070
Montipora_capitata_HIv3___RNAseq.g9335.t1,ko04010
Montipora_capitata_HIv3___RNAseq.g9337.t1,ko00230
Montipora_capitata_HIv3___RNAseq.g9337.t1,ko05222
Montipora_capitata_HIv3___RNAseq.g9337.t1,ko05223
Montipora_capitata_HIv3___RNAseq.g9339.t1,ko00230
Montipora_capitata_HIv3___RNAseq.g9339.t1,ko05222
Montipora_capitata_HIv3___RNAseq.g9339.t1,ko05223
Montipora_capitata_HIv3___RNAseq.g9351.t1,ko04062
Montipora_capitata_HIv3___RNAseq.g9351.t1,ko04144
Montipora_capitata_HIv3___RNAseq.g9351.t1,ko04340
Montipora_capitata_HIv3___RNAseq.g9351.t1,ko04724
Montipora_capitata_HIv3___RNAseq.g9351.t1,ko04740
Montipora_capitata_HIv3___RNAseq.g9351.t1,ko04745
Montipora_capitata_HIv3___RNAseq.g9351.t1,ko05032
Montipora_capitata_HIv3___RNAseq.g9363.t2,ko04020
Montipora_capitata_HIv3___RNAseq.g9363.t2,ko04910
Montipora_capitata_HIv3___RNAseq.g9363.t2,ko04922
Montipora_capitata_HIv3___RNAseq.g9368.t1,ko04218
Montipora_capitata_HIv3___RNAseq.g9374.t1,ko04010
Montipora_capitata_HIv3___RNAseq.g9374.t1,ko04013
Montipora_capitata_HIv3___RNAseq.g9374.t1,ko04064
Montipora_capitata_HIv3___RNAseq.g9374.t1,ko04120
Montipora_capitata_HIv3___RNAseq.g9374.t1,ko04140
Montipora_capitata_HIv3___RNAseq.g9374.t1,ko04144
Montipora_capitata_HIv3___RNAseq.g9374.t1,ko04214
Montipora_capitata_HIv3___RNAseq.g9374.t1,ko04380
Montipora_capitata_HIv3___RNAseq.g9374.t1,ko04620
Montipora_capitata_HIv3___RNAseq.g9374.t1,ko04621
Montipora_capitata_HIv3___RNAseq.g9374.t1,ko04622
Montipora_capitata_HIv3___RNAseq.g9374.t1,ko04657
Montipora_capitata_HIv3___RNAseq.g9374.t1,ko04668
Montipora_capitata_HIv3___RNAseq.g9374.t1,ko04722
Montipora_capitata_HIv3___RNAseq.g9374.t1,ko05133
Montipora_capitata_HIv3___RNAseq.g9374.t1,ko05140
Montipora_capitata_HIv3___RNAseq.g9374.t1,ko05142
Montipora_capitata_HIv3___RNAseq.g9374.t1,ko05145
Montipora_capitata_HIv3___RNAseq.g9374.t1,ko05152
Montipora_capitata_HIv3___RNAseq.g9374.t1,ko05160
Montipora_capitata_HIv3___RNAseq.g9374.t1,ko05162
Montipora_capitata_HIv3___RNAseq.g9374.t1,ko05165
Montipora_capitata_HIv3___RNAseq.g9374.t1,ko05167
Montipora_capitata_HIv3___RNAseq.g9374.t1,ko05168
Montipora_capitata_HIv3___RNAseq.g9374.t1,ko05169
Montipora_capitata_HIv3___RNAseq.g9374.t1,ko05200
Montipora_capitata_HIv3___RNAseq.g9374.t1,ko05203
Montipora_capitata_HIv3___RNAseq.g9374.t1,ko05222
Montipora_capitata_HIv3___RNAseq.g9372.t1,ko00120
Montipora_capitata_HIv3___RNAseq.g9372.t1,ko01100
Montipora_capitata_HIv3___RNAseq.g9372.t1,ko04146
Montipora_capitata_HIv3___RNAseq.g9373.t1,ko00071
Montipora_capitata_HIv3___RNAseq.g9373.t1,ko00592
Montipora_capitata_HIv3___RNAseq.g9373.t1,ko01040
Montipora_capitata_HIv3___RNAseq.g9373.t1,ko01100
Montipora_capitata_HIv3___RNAseq.g9373.t1,ko01110
Montipora_capitata_HIv3___RNAseq.g9373.t1,ko01212
Montipora_capitata_HIv3___RNAseq.g9373.t1,ko03320
Montipora_capitata_HIv3___RNAseq.g9373.t1,ko04024
Montipora_capitata_HIv3___RNAseq.g9373.t1,ko04146
Montipora_capitata_HIv3___RNAseq.g9394.t1,ko03440
Montipora_capitata_HIv3___RNAseq.g9399.t1,ko04020
Montipora_capitata_HIv3___RNAseq.g9399.t1,ko04080
Montipora_capitata_HIv3___RNAseq.g9399.t1,ko04611
Montipora_capitata_HIv3___RNAseq.g9399.t1,ko04742
Montipora_capitata_HIv3___TS.g42217.t1,ko03410
Montipora_capitata_HIv3___RNAseq.g9408.t1,ko03018
Montipora_capitata_HIv3___RNAseq.g9440.t1,ko04144
Montipora_capitata_HIv3___RNAseq.g9440.t1,ko05100
Montipora_capitata_HIv3___RNAseq.g9430.t1,ko04111
Montipora_capitata_HIv3___RNAseq.g9430.t1,ko04113
Montipora_capitata_HIv3___RNAseq.g9430.t1,ko04218
Montipora_capitata_HIv3___RNAseq.g9433.t1,ko01521
Montipora_capitata_HIv3___RNAseq.g9433.t1,ko01522
Montipora_capitata_HIv3___RNAseq.g9433.t1,ko04012
Montipora_capitata_HIv3___RNAseq.g9433.t1,ko04066
Montipora_capitata_HIv3___RNAseq.g9433.t1,ko04140
Montipora_capitata_HIv3___RNAseq.g9433.t1,ko04150
Montipora_capitata_HIv3___RNAseq.g9433.t1,ko04151
Montipora_capitata_HIv3___RNAseq.g9433.t1,ko04152
Montipora_capitata_HIv3___RNAseq.g9433.t1,ko04211
Montipora_capitata_HIv3___RNAseq.g9433.t1,ko04212
Montipora_capitata_HIv3___RNAseq.g9433.t1,ko04213
Montipora_capitata_HIv3___RNAseq.g9433.t1,ko04350
Montipora_capitata_HIv3___RNAseq.g9433.t1,ko04371
Montipora_capitata_HIv3___RNAseq.g9433.t1,ko04666
Montipora_capitata_HIv3___RNAseq.g9433.t1,ko04714
Montipora_capitata_HIv3___RNAseq.g9433.t1,ko04910
Montipora_capitata_HIv3___RNAseq.g9433.t1,ko04931
Montipora_capitata_HIv3___RNAseq.g9433.t1,ko05165
Montipora_capitata_HIv3___RNAseq.g9433.t1,ko05200
Montipora_capitata_HIv3___RNAseq.g9433.t1,ko05205
Montipora_capitata_HIv3___RNAseq.g9433.t1,ko05210
Montipora_capitata_HIv3___RNAseq.g9433.t1,ko05212
Montipora_capitata_HIv3___RNAseq.g9433.t1,ko05221
Montipora_capitata_HIv3___RNAseq.g9433.t1,ko05224
Montipora_capitata_HIv3___RNAseq.g9433.t1,ko05225
Montipora_capitata_HIv3___RNAseq.g9433.t1,ko05226
Montipora_capitata_HIv3___RNAseq.g9433.t1,ko05231
Montipora_capitata_HIv3___RNAseq.g9441.t2,ko00514
Montipora_capitata_HIv3___RNAseq.g9441.t2,ko03040
Montipora_capitata_HIv3___RNAseq.g9445.t1,ko00565
Montipora_capitata_HIv3___RNAseq.g9445.t1,ko01100
Montipora_capitata_HIv3___RNAseq.g9459.t1,ko00260
Montipora_capitata_HIv3___RNAseq.g9459.t1,ko00270
Montipora_capitata_HIv3___RNAseq.g9459.t1,ko00290
Montipora_capitata_HIv3___RNAseq.g9459.t1,ko01100
Montipora_capitata_HIv3___RNAseq.g9459.t1,ko01110
Montipora_capitata_HIv3___RNAseq.g9459.t1,ko01130
Montipora_capitata_HIv3___RNAseq.g9459.t1,ko01200
Montipora_capitata_HIv3___RNAseq.g9459.t1,ko01230
Montipora_capitata_HIv3___RNAseq.g9464.t1,ko04330
Montipora_capitata_HIv3___RNAseq.g9474.t2,ko00220
Montipora_capitata_HIv3___RNAseq.g9474.t2,ko00330
Montipora_capitata_HIv3___RNAseq.g9474.t2,ko01100
Montipora_capitata_HIv3___RNAseq.g9474.t2,ko01110
Montipora_capitata_HIv3___RNAseq.g9474.t2,ko04020
Montipora_capitata_HIv3___RNAseq.g9474.t2,ko04145
Montipora_capitata_HIv3___RNAseq.g9474.t2,ko04371
Montipora_capitata_HIv3___RNAseq.g9474.t2,ko04713
Montipora_capitata_HIv3___RNAseq.g9474.t2,ko04730
Montipora_capitata_HIv3___RNAseq.g9474.t2,ko04926
Montipora_capitata_HIv3___RNAseq.g9474.t2,ko04970
Montipora_capitata_HIv3___RNAseq.g9474.t2,ko05010
Montipora_capitata_HIv3___RNAseq.g9474.t2,ko05014
Montipora_capitata_HIv3___RNAseq.g9462.t1,ko03040
Montipora_capitata_HIv3___RNAseq.g9462.t1,ko04120
Montipora_capitata_HIv3___TS.g42286.t1,ko05016
Montipora_capitata_HIv3___RNAseq.g9511.t1,ko05166
Montipora_capitata_HIv3___RNAseq.g9511.t1,ko05203
Montipora_capitata_HIv3___RNAseq.g9515.t1a,ko03440
Montipora_capitata_HIv3___RNAseq.g9515.t1a,ko03460
Montipora_capitata_HIv3___RNAseq.g9522.t1,ko04013
Montipora_capitata_HIv3___RNAseq.g9522.t1,ko04550
Montipora_capitata_HIv3___RNAseq.g9527.t1,ko04020
Montipora_capitata_HIv3___RNAseq.g9527.t1,ko04080
Montipora_capitata_HIv3___RNAseq.g9527.t1,ko04611
Montipora_capitata_HIv3___RNAseq.g9527.t1,ko04742
Montipora_capitata_HIv3___RNAseq.g9525.t1,ko04144
Montipora_capitata_HIv3___RNAseq.g9525.t1,ko04152
Montipora_capitata_HIv3___RNAseq.g9525.t1,ko04530
Montipora_capitata_HIv3___RNAseq.g9525.t1,ko04972
Montipora_capitata_HIv3___RNAseq.g9544.t1,ko04141
Montipora_capitata_HIv3___TS.g42345.t1,ko04714
Montipora_capitata_HIv3___TS.g42345.t1,ko05225
Montipora_capitata_HIv3___RNAseq.g9537.t1,ko03022
Montipora_capitata_HIv3___RNAseq.g9537.t1,ko05202
Montipora_capitata_HIv3___RNAseq.g9540.t1,ko03040
Montipora_capitata_HIv3___RNAseq.g9543.t1,ko04144
Montipora_capitata_HIv3___RNAseq.g9556.t1,ko00240
Montipora_capitata_HIv3___RNAseq.g9556.t1,ko01100
Montipora_capitata_HIv3___RNAseq.g9557.t1,ko00190
Montipora_capitata_HIv3___RNAseq.g9557.t1,ko01100
Montipora_capitata_HIv3___RNAseq.g9557.t1,ko04260
Montipora_capitata_HIv3___RNAseq.g9557.t1,ko04714
Montipora_capitata_HIv3___RNAseq.g9557.t1,ko04932
Montipora_capitata_HIv3___RNAseq.g9557.t1,ko05010
Montipora_capitata_HIv3___RNAseq.g9557.t1,ko05012
Montipora_capitata_HIv3___RNAseq.g9557.t1,ko05016
Montipora_capitata_HIv3___RNAseq.g9570.t1,ko04110
Montipora_capitata_HIv3___RNAseq.g9570.t1,ko04111
Montipora_capitata_HIv3___RNAseq.g9570.t1,ko04115
Montipora_capitata_HIv3___RNAseq.g9570.t1,ko04218
Montipora_capitata_HIv3___RNAseq.g9570.t1,ko05166
Montipora_capitata_HIv3___TS.g42394.t2,ko00040
Montipora_capitata_HIv3___TS.g42394.t2,ko00531
Montipora_capitata_HIv3___TS.g42394.t2,ko00860
Montipora_capitata_HIv3___TS.g42394.t2,ko00944
Montipora_capitata_HIv3___TS.g42394.t2,ko00983
Montipora_capitata_HIv3___TS.g42394.t2,ko01100
Montipora_capitata_HIv3___TS.g42394.t2,ko01110
Montipora_capitata_HIv3___TS.g42394.t2,ko04142
Montipora_capitata_HIv3___TS.g42366.t2,ko00982
Montipora_capitata_HIv3___TS.g42366.t2,ko01120
Montipora_capitata_HIv3___RNAseq.g9561.t1,ko00982
Montipora_capitata_HIv3___RNAseq.g9561.t1,ko01120
Montipora_capitata_HIv3___RNAseq.g9562.t1,ko03460
Montipora_capitata_HIv3___RNAseq.g9562.t1,ko04212
Montipora_capitata_HIv3___RNAseq.g9563.t1,ko00190
Montipora_capitata_HIv3___RNAseq.g9563.t1,ko01100
Montipora_capitata_HIv3___RNAseq.g9563.t1,ko04714
Montipora_capitata_HIv3___RNAseq.g9563.t1,ko04723
Montipora_capitata_HIv3___RNAseq.g9563.t1,ko04932
Montipora_capitata_HIv3___RNAseq.g9563.t1,ko05010
Montipora_capitata_HIv3___RNAseq.g9563.t1,ko05012
Montipora_capitata_HIv3___RNAseq.g9563.t1,ko05016
Montipora_capitata_HIv3___RNAseq.g9577.t1,ko00513
Montipora_capitata_HIv3___RNAseq.g9577.t1,ko00515
Montipora_capitata_HIv3___RNAseq.g9577.t1,ko00601
Montipora_capitata_HIv3___RNAseq.g9577.t1,ko01100
Montipora_capitata_HIv3___RNAseq.g9579.t1,ko00513
Montipora_capitata_HIv3___RNAseq.g9579.t1,ko00515
Montipora_capitata_HIv3___RNAseq.g9579.t1,ko00601
Montipora_capitata_HIv3___RNAseq.g9579.t1,ko01100
Montipora_capitata_HIv3___RNAseq.g9580.t1,ko00513
Montipora_capitata_HIv3___RNAseq.g9580.t1,ko00515
Montipora_capitata_HIv3___RNAseq.g9580.t1,ko00601
Montipora_capitata_HIv3___RNAseq.g9580.t1,ko01100
Montipora_capitata_HIv3___TS.g42392.t1a,ko00513
Montipora_capitata_HIv3___TS.g42392.t1a,ko00515
Montipora_capitata_HIv3___TS.g42392.t1a,ko00601
Montipora_capitata_HIv3___TS.g42392.t1a,ko01100
Montipora_capitata_HIv3___RNAseq.g9590.t1,ko00982
Montipora_capitata_HIv3___RNAseq.g9590.t1,ko01120
Montipora_capitata_HIv3___RNAseq.g9587.t1,ko04919
Montipora_capitata_HIv3___RNAseq.g9588.t1,ko04919
Montipora_capitata_HIv3___RNAseq.g9601.t1,ko03440
Montipora_capitata_HIv3___RNAseq.g9602.t1,ko00010
Montipora_capitata_HIv3___RNAseq.g9602.t1,ko00020
Montipora_capitata_HIv3___RNAseq.g9602.t1,ko00620
Montipora_capitata_HIv3___RNAseq.g9602.t1,ko01100
Montipora_capitata_HIv3___RNAseq.g9602.t1,ko01110
Montipora_capitata_HIv3___RNAseq.g9602.t1,ko01120
Montipora_capitata_HIv3___RNAseq.g9602.t1,ko01130
Montipora_capitata_HIv3___RNAseq.g9602.t1,ko01200
Montipora_capitata_HIv3___RNAseq.g9616.t1,ko04210
Montipora_capitata_HIv3___RNAseq.g9616.t1,ko04215
Montipora_capitata_HIv3___RNAseq.g9616.t1,ko04512
Montipora_capitata_HIv3___RNAseq.g9616.t1,ko04611
Montipora_capitata_HIv3___RNAseq.g9616.t1,ko04640
Montipora_capitata_HIv3___RNAseq.g9616.t1,ko05012
Montipora_capitata_HIv3___RNAseq.g9616.t1,ko05100
Montipora_capitata_HIv3___RNAseq.g9635.t1,ko03320
Montipora_capitata_HIv3___RNAseq.g9635.t1,ko04142
Montipora_capitata_HIv3___RNAseq.g9635.t1,ko04145
Montipora_capitata_HIv3___RNAseq.g9635.t1,ko04152
Montipora_capitata_HIv3___RNAseq.g9635.t1,ko04512
Montipora_capitata_HIv3___RNAseq.g9635.t1,ko04640
Montipora_capitata_HIv3___RNAseq.g9635.t1,ko04913
Montipora_capitata_HIv3___RNAseq.g9635.t1,ko04920
Montipora_capitata_HIv3___RNAseq.g9635.t1,ko04925
Montipora_capitata_HIv3___RNAseq.g9635.t1,ko04927
Montipora_capitata_HIv3___RNAseq.g9635.t1,ko04931
Montipora_capitata_HIv3___RNAseq.g9635.t1,ko04934
Montipora_capitata_HIv3___RNAseq.g9635.t1,ko04975
Montipora_capitata_HIv3___RNAseq.g9635.t1,ko04976
Montipora_capitata_HIv3___RNAseq.g9635.t1,ko04977
Montipora_capitata_HIv3___RNAseq.g9635.t1,ko04979
Montipora_capitata_HIv3___RNAseq.g9635.t1,ko05144
Montipora_capitata_HIv3___RNAseq.g9635.t1,ko05160
Montipora_capitata_HIv3___RNAseq.g9637.t1,ko03440
Montipora_capitata_HIv3___RNAseq.g9637.t1,ko03460
Montipora_capitata_HIv3___RNAseq.g9682.t1,ko03010
Montipora_capitata_HIv3___TS.g42494.t1,ko00350
Montipora_capitata_HIv3___TS.g42494.t1,ko01100
Montipora_capitata_HIv3___TS.g42497.t1,ko04013
Montipora_capitata_HIv3___TS.g42497.t1,ko04014
Montipora_capitata_HIv3___TS.g42497.t1,ko05152
Montipora_capitata_HIv3___RNAseq.g9698.t1,ko05200
Montipora_capitata_HIv3___RNAseq.g9698.t1,ko05220
Montipora_capitata_HIv3___TS.g42514.t2,ko00513
Montipora_capitata_HIv3___TS.g42514.t2,ko00601
Montipora_capitata_HIv3___TS.g42514.t2,ko01100
Montipora_capitata_HIv3___RNAseq.g9704.t1,ko03030
Montipora_capitata_HIv3___RNAseq.g9704.t1,ko03420
Montipora_capitata_HIv3___RNAseq.g9704.t1,ko03430
Montipora_capitata_HIv3___RNAseq.g9718.t1,ko00710
Montipora_capitata_HIv3___RNAseq.g9722.t1,ko00562
Montipora_capitata_HIv3___RNAseq.g9722.t1,ko01100
Montipora_capitata_HIv3___RNAseq.g9722.t1,ko03010
Montipora_capitata_HIv3___RNAseq.g9722.t1,ko03040
Montipora_capitata_HIv3___RNAseq.g9722.t1,ko04011
Montipora_capitata_HIv3___RNAseq.g9722.t1,ko04070
Montipora_capitata_HIv3___TS.g42532.t1c,ko03013
Montipora_capitata_HIv3___RNAseq.g9750.t1,ko04120
Montipora_capitata_HIv3___RNAseq.g9780.t1,ko04010
Montipora_capitata_HIv3___RNAseq.g9780.t1,ko04013
Montipora_capitata_HIv3___RNAseq.g9780.t1,ko04064
Montipora_capitata_HIv3___RNAseq.g9780.t1,ko04120
Montipora_capitata_HIv3___RNAseq.g9780.t1,ko04140
Montipora_capitata_HIv3___RNAseq.g9780.t1,ko04144
Montipora_capitata_HIv3___RNAseq.g9780.t1,ko04214
Montipora_capitata_HIv3___RNAseq.g9780.t1,ko04380
Montipora_capitata_HIv3___RNAseq.g9780.t1,ko04620
Montipora_capitata_HIv3___RNAseq.g9780.t1,ko04621
Montipora_capitata_HIv3___RNAseq.g9780.t1,ko04622
Montipora_capitata_HIv3___RNAseq.g9780.t1,ko04657
Montipora_capitata_HIv3___RNAseq.g9780.t1,ko04722
Montipora_capitata_HIv3___RNAseq.g9780.t1,ko05133
Montipora_capitata_HIv3___RNAseq.g9780.t1,ko05140
Montipora_capitata_HIv3___RNAseq.g9780.t1,ko05142
Montipora_capitata_HIv3___RNAseq.g9780.t1,ko05145
Montipora_capitata_HIv3___RNAseq.g9780.t1,ko05152
Montipora_capitata_HIv3___RNAseq.g9780.t1,ko05160
Montipora_capitata_HIv3___RNAseq.g9780.t1,ko05162
Montipora_capitata_HIv3___RNAseq.g9780.t1,ko05168
Montipora_capitata_HIv3___RNAseq.g9780.t1,ko05169
Montipora_capitata_HIv3___RNAseq.g9780.t1,ko05200
Montipora_capitata_HIv3___RNAseq.g9780.t1,ko05222
Montipora_capitata_HIv3___RNAseq.g9774.t1,ko03015
Montipora_capitata_HIv3___RNAseq.g9817.t1,ko04150
Montipora_capitata_HIv3___RNAseq.g9839.t1,ko00630
Montipora_capitata_HIv3___RNAseq.g9839.t1,ko01100
Montipora_capitata_HIv3___RNAseq.g9839.t1,ko01110
Montipora_capitata_HIv3___RNAseq.g9839.t1,ko01130
Montipora_capitata_HIv3___RNAseq.g9839.t1,ko01200
Montipora_capitata_HIv3___RNAseq.g9841.t1,ko00010
Montipora_capitata_HIv3___RNAseq.g9841.t1,ko00030
Montipora_capitata_HIv3___RNAseq.g9841.t1,ko00051
Montipora_capitata_HIv3___RNAseq.g9841.t1,ko00680
Montipora_capitata_HIv3___RNAseq.g9841.t1,ko00710
Montipora_capitata_HIv3___RNAseq.g9841.t1,ko01100
Montipora_capitata_HIv3___RNAseq.g9841.t1,ko01110
Montipora_capitata_HIv3___RNAseq.g9841.t1,ko01120
Montipora_capitata_HIv3___RNAseq.g9841.t1,ko01130
Montipora_capitata_HIv3___RNAseq.g9841.t1,ko01200
Montipora_capitata_HIv3___RNAseq.g9841.t1,ko01230
Montipora_capitata_HIv3___RNAseq.g9870.t1,ko03010
Montipora_capitata_HIv3___RNAseq.g9857.t1,ko04612
Montipora_capitata_HIv3___RNAseq.g9857.t1,ko05152
Montipora_capitata_HIv3___RNAseq.g9880.t1,ko04910
Montipora_capitata_HIv3___RNAseq.g10165.t1,ko04144
Montipora_capitata_HIv3___RNAseq.g10204.t1,ko04310
Montipora_capitata_HIv3___TS.g43012.t1,ko01524
Montipora_capitata_HIv3___TS.g43055.t1b,ko00230
Montipora_capitata_HIv3___TS.g43055.t1b,ko05032
Montipora_capitata_HIv3___RNAseq.g10285.t1,ko00512
Montipora_capitata_HIv3___RNAseq.g10285.t1,ko00601
Montipora_capitata_HIv3___RNAseq.g10285.t1,ko01100
Montipora_capitata_HIv3___RNAseq.g10261.t1,ko00100
Montipora_capitata_HIv3___RNAseq.g10261.t1,ko04142
Montipora_capitata_HIv3___RNAseq.g10261.t1,ko04979
Montipora_capitata_HIv3___RNAseq.g10263.t1,ko00100
Montipora_capitata_HIv3___RNAseq.g10263.t1,ko00561
Montipora_capitata_HIv3___RNAseq.g10263.t1,ko01100
Montipora_capitata_HIv3___RNAseq.g10263.t1,ko04142
Montipora_capitata_HIv3___RNAseq.g10263.t1,ko04975
Montipora_capitata_HIv3___RNAseq.g10263.t1,ko04979
Montipora_capitata_HIv3___RNAseq.g10265.t1,ko00100
Montipora_capitata_HIv3___RNAseq.g10265.t1,ko04142
Montipora_capitata_HIv3___RNAseq.g10265.t1,ko04979
Montipora_capitata_HIv3___RNAseq.g10268.t1,ko00100
Montipora_capitata_HIv3___RNAseq.g10268.t1,ko04142
Montipora_capitata_HIv3___RNAseq.g10268.t1,ko04979
Montipora_capitata_HIv3___TS.g43109.t1,ko00512
Montipora_capitata_HIv3___TS.g43109.t1,ko00601
Montipora_capitata_HIv3___TS.g43109.t1,ko01100
Montipora_capitata_HIv3___RNAseq.g10314.t1,ko04144
Montipora_capitata_HIv3___RNAseq.5043_t,ko01522
Montipora_capitata_HIv3___RNAseq.5043_t,ko04320
Montipora_capitata_HIv3___RNAseq.5043_t,ko04330
Montipora_capitata_HIv3___RNAseq.5043_t,ko04371
Montipora_capitata_HIv3___RNAseq.5043_t,ko04612
Montipora_capitata_HIv3___RNAseq.5043_t,ko04658
Montipora_capitata_HIv3___RNAseq.5043_t,ko04919
Montipora_capitata_HIv3___RNAseq.5043_t,ko05165
Montipora_capitata_HIv3___RNAseq.5043_t,ko05200
Montipora_capitata_HIv3___RNAseq.5043_t,ko05206
Montipora_capitata_HIv3___RNAseq.5043_t,ko05224
Montipora_capitata_HIv3___RNAseq.g10377.t1,ko05016
Montipora_capitata_HIv3___RNAseq.g10437.t1,ko03008
Montipora_capitata_HIv3___RNAseq.g10444.t1,ko04020
Montipora_capitata_HIv3___RNAseq.g10444.t1,ko04024
Montipora_capitata_HIv3___RNAseq.g10444.t1,ko04611
Montipora_capitata_HIv3___RNAseq.g10444.t1,ko04924
Montipora_capitata_HIv3___RNAseq.g10444.t1,ko04925
Montipora_capitata_HIv3___RNAseq.g10444.t1,ko04927
Montipora_capitata_HIv3___RNAseq.g10444.t1,ko04934
Montipora_capitata_HIv3___RNAseq.g10444.t1,ko05340
Montipora_capitata_HIv3___RNAseq.g10739.t1,ko03018
Montipora_capitata_HIv3___RNAseq.g10750.t1a,ko03015
Montipora_capitata_HIv3___RNAseq.g10750.t1a,ko05134
Montipora_capitata_HIv3___RNAseq.g10752.t1,ko00260
Montipora_capitata_HIv3___RNAseq.g10752.t1,ko00310
Montipora_capitata_HIv3___RNAseq.g10752.t1,ko01100
Montipora_capitata_HIv3___RNAseq.g10752.t1,ko04146
Montipora_capitata_HIv3___RNAseq.g10755.t1,ko00310
Montipora_capitata_HIv3___TS.g43589.t1,ko04141
Montipora_capitata_HIv3___TS.g43589.t1,ko04932
Montipora_capitata_HIv3___TS.g43589.t1,ko05166
Montipora_capitata_HIv3___RNAseq.g10762.t1,ko03010
Montipora_capitata_HIv3___RNAseq.g10764.t1b,ko03013
Montipora_capitata_HIv3___RNAseq.g10764.t1b,ko03040
Montipora_capitata_HIv3___TS.g43602.t1,ko00860
Montipora_capitata_HIv3___TS.g43602.t1,ko01100
Montipora_capitata_HIv3___RNAseq.g10767.t1,ko04142
Montipora_capitata_HIv3___RNAseq.g10767.t1,ko04144
Montipora_capitata_HIv3___RNAseq.g10767.t1,ko04721
Montipora_capitata_HIv3___RNAseq.g10767.t1,ko04961
Montipora_capitata_HIv3___RNAseq.g10767.t1,ko05016
Montipora_capitata_HIv3___RNAseq.g10767.t1,ko05100
Montipora_capitata_HIv3___RNAseq.g10769.t1,ko00310
Montipora_capitata_HIv3___TS.g43610.t1,ko00760
Montipora_capitata_HIv3___TS.g43610.t1,ko01100
Montipora_capitata_HIv3___RNAseq.g10809.t1,ko04150
Montipora_capitata_HIv3___TS.g43653.t1,ko04150
Montipora_capitata_HIv3___RNAseq.g10854.t1,ko03015
Montipora_capitata_HIv3___RNAseq.g10856.t1,ko03015
Montipora_capitata_HIv3___TS.g43704.t1,ko03015
Montipora_capitata_HIv3___RNAseq.g10970.t1,ko01522
Montipora_capitata_HIv3___RNAseq.g10970.t1,ko04330
Montipora_capitata_HIv3___RNAseq.g10970.t1,ko04919
Montipora_capitata_HIv3___RNAseq.g10970.t1,ko05169
Montipora_capitata_HIv3___RNAseq.g10970.t1,ko05202
Montipora_capitata_HIv3___RNAseq.g11110.t1,ko05202
Montipora_capitata_HIv3___RNAseq.g11119.t2,ko00062
Montipora_capitata_HIv3___RNAseq.g11119.t2,ko01100
Montipora_capitata_HIv3___RNAseq.g11119.t2,ko01212
Montipora_capitata_HIv3___RNAseq.g11126.t1,ko04360
Montipora_capitata_HIv3___RNAseq.g11126.t1,ko04810
Montipora_capitata_HIv3___RNAseq.g11159.t1,ko04120
Montipora_capitata_HIv3___RNAseq.g11159.t1,ko04141
Montipora_capitata_HIv3___RNAseq.g11159.t1,ko05012
Montipora_capitata_HIv3___RNAseq.g11167.t1,ko00250
Montipora_capitata_HIv3___RNAseq.g11167.t1,ko00260
Montipora_capitata_HIv3___RNAseq.g11167.t1,ko00311
Montipora_capitata_HIv3___RNAseq.g11167.t1,ko00330
Montipora_capitata_HIv3___RNAseq.g11167.t1,ko00472
Montipora_capitata_HIv3___RNAseq.g11167.t1,ko01100
Montipora_capitata_HIv3___RNAseq.g11167.t1,ko01130
Montipora_capitata_HIv3___RNAseq.g11167.t1,ko04146
Montipora_capitata_HIv3___RNAseq.g11173.t1,ko00250
Montipora_capitata_HIv3___RNAseq.g11173.t1,ko00260
Montipora_capitata_HIv3___RNAseq.g11173.t1,ko00311
Montipora_capitata_HIv3___RNAseq.g11173.t1,ko00330
Montipora_capitata_HIv3___RNAseq.g11173.t1,ko00472
Montipora_capitata_HIv3___RNAseq.g11173.t1,ko01100
Montipora_capitata_HIv3___RNAseq.g11173.t1,ko01130
Montipora_capitata_HIv3___RNAseq.g11173.t1,ko04146
Montipora_capitata_HIv3___RNAseq.g11172.t1,ko00250
Montipora_capitata_HIv3___RNAseq.g11172.t1,ko00260
Montipora_capitata_HIv3___RNAseq.g11172.t1,ko00311
Montipora_capitata_HIv3___RNAseq.g11172.t1,ko00330
Montipora_capitata_HIv3___RNAseq.g11172.t1,ko00472
Montipora_capitata_HIv3___RNAseq.g11172.t1,ko01100
Montipora_capitata_HIv3___RNAseq.g11172.t1,ko01130
Montipora_capitata_HIv3___RNAseq.g11172.t1,ko04146
Montipora_capitata_HIv3___RNAseq.g11150.t2,ko03040
Montipora_capitata_HIv3___RNAseq.g11150.t2,ko05168
Montipora_capitata_HIv3___RNAseq.g11177.t1,ko01521
Montipora_capitata_HIv3___RNAseq.g11177.t1,ko01522
Montipora_capitata_HIv3___RNAseq.g11177.t1,ko01524
Montipora_capitata_HIv3___RNAseq.g11177.t1,ko04010
Montipora_capitata_HIv3___RNAseq.g11177.t1,ko04011
Montipora_capitata_HIv3___RNAseq.g11177.t1,ko04012
Montipora_capitata_HIv3___RNAseq.g11177.t1,ko04013
Montipora_capitata_HIv3___RNAseq.g11177.t1,ko04014
Montipora_capitata_HIv3___RNAseq.g11177.t1,ko04015
Montipora_capitata_HIv3___RNAseq.g11177.t1,ko04022
Montipora_capitata_HIv3___RNAseq.g11177.t1,ko04024
Montipora_capitata_HIv3___RNAseq.g11177.t1,ko04062
Montipora_capitata_HIv3___RNAseq.g11177.t1,ko04066
Montipora_capitata_HIv3___RNAseq.g11177.t1,ko04068
Montipora_capitata_HIv3___RNAseq.g11177.t1,ko04071
Montipora_capitata_HIv3___RNAseq.g11177.t1,ko04072
Montipora_capitata_HIv3___RNAseq.g11177.t1,ko04114
Montipora_capitata_HIv3___RNAseq.g11177.t1,ko04140
Montipora_capitata_HIv3___RNAseq.g11177.t1,ko04150
Montipora_capitata_HIv3___RNAseq.g11177.t1,ko04151
Montipora_capitata_HIv3___RNAseq.g11177.t1,ko04210
Montipora_capitata_HIv3___RNAseq.g11177.t1,ko04214
Montipora_capitata_HIv3___RNAseq.g11177.t1,ko04218
Montipora_capitata_HIv3___RNAseq.g11177.t1,ko04261
Montipora_capitata_HIv3___RNAseq.g11177.t1,ko04270
Montipora_capitata_HIv3___RNAseq.g11177.t1,ko04320
Montipora_capitata_HIv3___RNAseq.g11177.t1,ko04350
Montipora_capitata_HIv3___RNAseq.g11177.t1,ko04360
Montipora_capitata_HIv3___RNAseq.g11177.t1,ko04370
Montipora_capitata_HIv3___RNAseq.g11177.t1,ko04371
Montipora_capitata_HIv3___RNAseq.g11177.t1,ko04380
Montipora_capitata_HIv3___RNAseq.g11177.t1,ko04510
Montipora_capitata_HIv3___RNAseq.g11177.t1,ko04520
Montipora_capitata_HIv3___RNAseq.g11177.t1,ko04540
Montipora_capitata_HIv3___RNAseq.g11177.t1,ko04550
Montipora_capitata_HIv3___RNAseq.g11177.t1,ko04611
Montipora_capitata_HIv3___RNAseq.g11177.t1,ko04620
Montipora_capitata_HIv3___RNAseq.g11177.t1,ko04621
Montipora_capitata_HIv3___RNAseq.g11177.t1,ko04650
Montipora_capitata_HIv3___RNAseq.g11177.t1,ko04657
Montipora_capitata_HIv3___RNAseq.g11177.t1,ko04658
Montipora_capitata_HIv3___RNAseq.g11177.t1,ko04659
Montipora_capitata_HIv3___RNAseq.g11177.t1,ko04660
Montipora_capitata_HIv3___RNAseq.g11177.t1,ko04662
Montipora_capitata_HIv3___RNAseq.g11177.t1,ko04664
Montipora_capitata_HIv3___RNAseq.g11177.t1,ko04666
Montipora_capitata_HIv3___RNAseq.g11177.t1,ko04668
Montipora_capitata_HIv3___RNAseq.g11177.t1,ko04713
Montipora_capitata_HIv3___RNAseq.g11177.t1,ko04720
Montipora_capitata_HIv3___RNAseq.g11177.t1,ko04722
Montipora_capitata_HIv3___RNAseq.g11177.t1,ko04723
Montipora_capitata_HIv3___RNAseq.g11177.t1,ko04724
Montipora_capitata_HIv3___RNAseq.g11177.t1,ko04725
Montipora_capitata_HIv3___RNAseq.g11177.t1,ko04726
Montipora_capitata_HIv3___RNAseq.g11177.t1,ko04730
Montipora_capitata_HIv3___RNAseq.g11177.t1,ko04810
Montipora_capitata_HIv3___RNAseq.g11177.t1,ko04910
Montipora_capitata_HIv3___RNAseq.g11177.t1,ko04912
Montipora_capitata_HIv3___RNAseq.g11177.t1,ko04914
Montipora_capitata_HIv3___RNAseq.g11177.t1,ko04915
Montipora_capitata_HIv3___RNAseq.g11177.t1,ko04916
Montipora_capitata_HIv3___RNAseq.g11177.t1,ko04917
Montipora_capitata_HIv3___RNAseq.g11177.t1,ko04919
Montipora_capitata_HIv3___RNAseq.g11177.t1,ko04921
Montipora_capitata_HIv3___RNAseq.g11177.t1,ko04926
Montipora_capitata_HIv3___RNAseq.g11177.t1,ko04930
Montipora_capitata_HIv3___RNAseq.g11177.t1,ko04933
Montipora_capitata_HIv3___RNAseq.g11177.t1,ko04934
Montipora_capitata_HIv3___RNAseq.g11177.t1,ko04960
Montipora_capitata_HIv3___RNAseq.g11177.t1,ko05010
Montipora_capitata_HIv3___RNAseq.g11177.t1,ko05020
Montipora_capitata_HIv3___RNAseq.g11177.t1,ko05034
Montipora_capitata_HIv3___RNAseq.g11177.t1,ko05131
Montipora_capitata_HIv3___RNAseq.g11177.t1,ko05132
Montipora_capitata_HIv3___RNAseq.g11177.t1,ko05133
Montipora_capitata_HIv3___RNAseq.g11177.t1,ko05140
Montipora_capitata_HIv3___RNAseq.g11177.t1,ko05142
Montipora_capitata_HIv3___RNAseq.g11177.t1,ko05145
Montipora_capitata_HIv3___RNAseq.g11177.t1,ko05152
Montipora_capitata_HIv3___RNAseq.g11177.t1,ko05160
Montipora_capitata_HIv3___RNAseq.g11177.t1,ko05161
Montipora_capitata_HIv3___RNAseq.g11177.t1,ko05164
Montipora_capitata_HIv3___RNAseq.g11177.t1,ko05165
Montipora_capitata_HIv3___RNAseq.g11177.t1,ko05167
Montipora_capitata_HIv3___RNAseq.g11177.t1,ko05200
Montipora_capitata_HIv3___RNAseq.g11177.t1,ko05203
Montipora_capitata_HIv3___RNAseq.g11177.t1,ko05205
Montipora_capitata_HIv3___RNAseq.g11177.t1,ko05210
Montipora_capitata_HIv3___RNAseq.g11177.t1,ko05211
Montipora_capitata_HIv3___RNAseq.g11177.t1,ko05212
Montipora_capitata_HIv3___RNAseq.g11177.t1,ko05213
Montipora_capitata_HIv3___RNAseq.g11177.t1,ko05214
Montipora_capitata_HIv3___RNAseq.g11177.t1,ko05215
Montipora_capitata_HIv3___RNAseq.g11177.t1,ko05216
Montipora_capitata_HIv3___RNAseq.g11177.t1,ko05218
Montipora_capitata_HIv3___RNAseq.g11177.t1,ko05219
Montipora_capitata_HIv3___RNAseq.g11177.t1,ko05220
Montipora_capitata_HIv3___RNAseq.g11177.t1,ko05221
Montipora_capitata_HIv3___RNAseq.g11177.t1,ko05223
Montipora_capitata_HIv3___RNAseq.g11177.t1,ko05224
Montipora_capitata_HIv3___RNAseq.g11177.t1,ko05225
Montipora_capitata_HIv3___RNAseq.g11177.t1,ko05226
Montipora_capitata_HIv3___RNAseq.g11177.t1,ko05230
Montipora_capitata_HIv3___RNAseq.g11177.t1,ko05231
Montipora_capitata_HIv3___RNAseq.g11218.t1,ko04062
Montipora_capitata_HIv3___RNAseq.g11218.t1,ko04370
Montipora_capitata_HIv3___RNAseq.g11218.t1,ko04510
Montipora_capitata_HIv3___RNAseq.g11218.t1,ko04670
Montipora_capitata_HIv3___RNAseq.g11218.t1,ko04810
Montipora_capitata_HIv3___RNAseq.g11218.t1,ko05100
Montipora_capitata_HIv3___RNAseq.g11218.t1,ko05165
Montipora_capitata_HIv3___RNAseq.g11218.t1,ko05203
Montipora_capitata_HIv3___RNAseq.g11218.t1,ko05205
Montipora_capitata_HIv3___RNAseq.g11219.t1,ko04110
Montipora_capitata_HIv3___RNAseq.g11219.t1,ko04111
Montipora_capitata_HIv3___RNAseq.g11219.t1,ko04113
Montipora_capitata_HIv3___RNAseq.g11269.t1,ko00250
Montipora_capitata_HIv3___RNAseq.g11269.t1,ko00260
Montipora_capitata_HIv3___RNAseq.g11269.t1,ko00311
Montipora_capitata_HIv3___RNAseq.g11269.t1,ko00330
Montipora_capitata_HIv3___RNAseq.g11269.t1,ko00472
Montipora_capitata_HIv3___RNAseq.g11269.t1,ko01100
Montipora_capitata_HIv3___RNAseq.g11269.t1,ko01130
Montipora_capitata_HIv3___RNAseq.g11269.t1,ko04146
Montipora_capitata_HIv3___RNAseq.g11409.t1,ko04722
Montipora_capitata_HIv3___RNAseq.g11409.t1,ko04910
Montipora_capitata_HIv3___RNAseq.g11410.t1,ko04130
Montipora_capitata_HIv3___RNAseq.g11410.t1,ko04140
Montipora_capitata_HIv3___RNAseq.g11415.t1,ko00430
Montipora_capitata_HIv3___RNAseq.g11415.t1,ko00460
Montipora_capitata_HIv3___RNAseq.g11415.t1,ko00480
Montipora_capitata_HIv3___RNAseq.g11415.t1,ko00590
Montipora_capitata_HIv3___RNAseq.g11415.t1,ko01100
Montipora_capitata_HIv3___RNAseq.g11448.t1,ko04140
Montipora_capitata_HIv3___RNAseq.g11416.t1,ko00430
Montipora_capitata_HIv3___RNAseq.g11416.t1,ko00460
Montipora_capitata_HIv3___RNAseq.g11416.t1,ko00480
Montipora_capitata_HIv3___RNAseq.g11416.t1,ko00590
Montipora_capitata_HIv3___RNAseq.g11416.t1,ko01100
Montipora_capitata_HIv3___RNAseq.g11473.t1,ko00860
Montipora_capitata_HIv3___RNAseq.g11473.t1,ko01100
Montipora_capitata_HIv3___RNAseq.g11473.t1,ko01110
Montipora_capitata_HIv3___RNAseq.g11474.t1,ko03010
Montipora_capitata_HIv3___RNAseq.g11475.t1,ko04011
Montipora_capitata_HIv3___RNAseq.g11475.t1,ko04110
Montipora_capitata_HIv3___RNAseq.g11475.t1,ko04114
Montipora_capitata_HIv3___RNAseq.g11475.t1,ko04151
Montipora_capitata_HIv3___RNAseq.g11475.t1,ko04390
Montipora_capitata_HIv3___RNAseq.g11475.t1,ko04391
Montipora_capitata_HIv3___RNAseq.g11475.t1,ko04722
Montipora_capitata_HIv3___RNAseq.g11475.t1,ko05169
Montipora_capitata_HIv3___RNAseq.g11475.t1,ko05203
Montipora_capitata_HIv3___RNAseq.g11476.t1,ko04011
Montipora_capitata_HIv3___RNAseq.g11476.t1,ko04110
Montipora_capitata_HIv3___RNAseq.g11476.t1,ko04114
Montipora_capitata_HIv3___RNAseq.g11476.t1,ko04151
Montipora_capitata_HIv3___RNAseq.g11476.t1,ko04390
Montipora_capitata_HIv3___RNAseq.g11476.t1,ko04391
Montipora_capitata_HIv3___RNAseq.g11476.t1,ko04722
Montipora_capitata_HIv3___RNAseq.g11476.t1,ko05169
Montipora_capitata_HIv3___RNAseq.g11476.t1,ko05203
Montipora_capitata_HIv3___TS.g44340.t2,ko04011
Montipora_capitata_HIv3___TS.g44340.t2,ko04110
Montipora_capitata_HIv3___TS.g44340.t2,ko04114
Montipora_capitata_HIv3___TS.g44340.t2,ko04151
Montipora_capitata_HIv3___TS.g44340.t2,ko04390
Montipora_capitata_HIv3___TS.g44340.t2,ko04391
Montipora_capitata_HIv3___TS.g44340.t2,ko04722
Montipora_capitata_HIv3___TS.g44340.t2,ko05169
Montipora_capitata_HIv3___TS.g44340.t2,ko05203
Montipora_capitata_HIv3___RNAseq.g11490.t1,ko04011
Montipora_capitata_HIv3___RNAseq.g11490.t1,ko04110
Montipora_capitata_HIv3___RNAseq.g11490.t1,ko04114
Montipora_capitata_HIv3___RNAseq.g11490.t1,ko04151
Montipora_capitata_HIv3___RNAseq.g11490.t1,ko04390
Montipora_capitata_HIv3___RNAseq.g11490.t1,ko04391
Montipora_capitata_HIv3___RNAseq.g11490.t1,ko04722
Montipora_capitata_HIv3___RNAseq.g11490.t1,ko05169
Montipora_capitata_HIv3___RNAseq.g11490.t1,ko05203
Montipora_capitata_HIv3___TS.g44342.t2,ko00430
Montipora_capitata_HIv3___TS.g44342.t2,ko00460
Montipora_capitata_HIv3___TS.g44342.t2,ko00480
Montipora_capitata_HIv3___TS.g44342.t2,ko00590
Montipora_capitata_HIv3___TS.g44342.t2,ko01100
Montipora_capitata_HIv3___RNAseq.g11498.t1,ko00430
Montipora_capitata_HIv3___RNAseq.g11498.t1,ko00460
Montipora_capitata_HIv3___RNAseq.g11498.t1,ko00480
Montipora_capitata_HIv3___RNAseq.g11498.t1,ko00590
Montipora_capitata_HIv3___RNAseq.g11498.t1,ko01100
Montipora_capitata_HIv3___RNAseq.g11502.t1,ko00430
Montipora_capitata_HIv3___RNAseq.g11502.t1,ko00460
Montipora_capitata_HIv3___RNAseq.g11502.t1,ko00480
Montipora_capitata_HIv3___RNAseq.g11502.t1,ko00590
Montipora_capitata_HIv3___RNAseq.g11502.t1,ko01100
Montipora_capitata_HIv3___RNAseq.g11506.t1,ko04136
Montipora_capitata_HIv3___RNAseq.g11506.t1,ko04137
Montipora_capitata_HIv3___RNAseq.g11506.t1,ko04138
Montipora_capitata_HIv3___RNAseq.g11506.t1,ko04139
Montipora_capitata_HIv3___RNAseq.g11506.t1,ko04140
Montipora_capitata_HIv3___RNAseq.g11506.t1,ko04150
Montipora_capitata_HIv3___RNAseq.g11506.t1,ko04152
Montipora_capitata_HIv3___RNAseq.g11506.t1,ko04211
Montipora_capitata_HIv3___RNAseq.g11506.t1,ko04212
Montipora_capitata_HIv3___RNAseq.g11516.t1,ko04142
Montipora_capitata_HIv3___RNAseq.g11522.t1,ko00330
Montipora_capitata_HIv3___RNAseq.g11522.t1,ko01100
Montipora_capitata_HIv3___RNAseq.g11522.t1,ko01110
Montipora_capitata_HIv3___RNAseq.g11522.t1,ko01130
Montipora_capitata_HIv3___TS.g44376.t1,ko00514
Montipora_capitata_HIv3___RNAseq.g11565.t1,ko00130
Montipora_capitata_HIv3___RNAseq.g11565.t1,ko00350
Montipora_capitata_HIv3___RNAseq.g11565.t1,ko00360
Montipora_capitata_HIv3___RNAseq.g11565.t1,ko01100
Montipora_capitata_HIv3___RNAseq.g11554.t1,ko03013
Montipora_capitata_HIv3___RNAseq.g11554.t1,ko05200
Montipora_capitata_HIv3___RNAseq.g11554.t1,ko05216
Montipora_capitata_HIv3___RNAseq.g11581.t1,ko04144
Montipora_capitata_HIv3___RNAseq.g11594.t1,ko01522
Montipora_capitata_HIv3___RNAseq.g11594.t1,ko04012
Montipora_capitata_HIv3___RNAseq.g11594.t1,ko04020
Montipora_capitata_HIv3___RNAseq.g11594.t1,ko04062
Montipora_capitata_HIv3___RNAseq.g11594.t1,ko04072
Montipora_capitata_HIv3___RNAseq.g11594.t1,ko04151
Montipora_capitata_HIv3___RNAseq.g11594.t1,ko04360
Montipora_capitata_HIv3___RNAseq.g11594.t1,ko04370
Montipora_capitata_HIv3___RNAseq.g11594.t1,ko04510
Montipora_capitata_HIv3___RNAseq.g11594.t1,ko04650
Montipora_capitata_HIv3___RNAseq.g11594.t1,ko04670
Montipora_capitata_HIv3___RNAseq.g11594.t1,ko04810
Montipora_capitata_HIv3___RNAseq.g11594.t1,ko04912
Montipora_capitata_HIv3___RNAseq.g11594.t1,ko05100
Montipora_capitata_HIv3___RNAseq.g11594.t1,ko05146
Montipora_capitata_HIv3___RNAseq.g11594.t1,ko05161
Montipora_capitata_HIv3___RNAseq.g11594.t1,ko05165
Montipora_capitata_HIv3___RNAseq.g11594.t1,ko05200
Montipora_capitata_HIv3___RNAseq.g11594.t1,ko05202
Montipora_capitata_HIv3___RNAseq.g11594.t1,ko05205
Montipora_capitata_HIv3___RNAseq.g11594.t1,ko05222
Montipora_capitata_HIv3___RNAseq.g11594.t1,ko05418
Montipora_capitata_HIv3___RNAseq.g11583.t1,ko04144
Montipora_capitata_HIv3___RNAseq.g11583.t1,ko04152
Montipora_capitata_HIv3___TS.g44451.t1,ko04320
Montipora_capitata_HIv3___TS.g44450.t1b,ko03010
Montipora_capitata_HIv3___RNAseq.g11610.t1,ko00062
Montipora_capitata_HIv3___RNAseq.g11610.t1,ko00071
Montipora_capitata_HIv3___RNAseq.g11610.t1,ko00280
Montipora_capitata_HIv3___RNAseq.g11610.t1,ko00310
Montipora_capitata_HIv3___RNAseq.g11610.t1,ko00380
Montipora_capitata_HIv3___RNAseq.g11610.t1,ko00410
Montipora_capitata_HIv3___RNAseq.g11610.t1,ko00627
Montipora_capitata_HIv3___RNAseq.g11610.t1,ko00640
Montipora_capitata_HIv3___RNAseq.g11610.t1,ko00650
Montipora_capitata_HIv3___RNAseq.g11610.t1,ko00930
Montipora_capitata_HIv3___RNAseq.g11610.t1,ko01040
Montipora_capitata_HIv3___RNAseq.g11610.t1,ko01100
Montipora_capitata_HIv3___RNAseq.g11610.t1,ko01110
Montipora_capitata_HIv3___RNAseq.g11610.t1,ko01120
Montipora_capitata_HIv3___RNAseq.g11610.t1,ko01130
Montipora_capitata_HIv3___RNAseq.g11610.t1,ko01200
Montipora_capitata_HIv3___RNAseq.g11610.t1,ko01212
Montipora_capitata_HIv3___RNAseq.g11611.t1,ko00062
Montipora_capitata_HIv3___RNAseq.g11611.t1,ko00071
Montipora_capitata_HIv3___RNAseq.g11611.t1,ko00280
Montipora_capitata_HIv3___RNAseq.g11611.t1,ko00310
Montipora_capitata_HIv3___RNAseq.g11611.t1,ko00380
Montipora_capitata_HIv3___RNAseq.g11611.t1,ko00410
Montipora_capitata_HIv3___RNAseq.g11611.t1,ko00627
Montipora_capitata_HIv3___RNAseq.g11611.t1,ko00640
Montipora_capitata_HIv3___RNAseq.g11611.t1,ko00650
Montipora_capitata_HIv3___RNAseq.g11611.t1,ko00930
Montipora_capitata_HIv3___RNAseq.g11611.t1,ko01040
Montipora_capitata_HIv3___RNAseq.g11611.t1,ko01100
Montipora_capitata_HIv3___RNAseq.g11611.t1,ko01110
Montipora_capitata_HIv3___RNAseq.g11611.t1,ko01120
Montipora_capitata_HIv3___RNAseq.g11611.t1,ko01130
Montipora_capitata_HIv3___RNAseq.g11611.t1,ko01200
Montipora_capitata_HIv3___RNAseq.g11611.t1,ko01212
Montipora_capitata_HIv3___RNAseq.g11657.t1,ko04142
Montipora_capitata_HIv3___RNAseq.g11658.t1,ko03010
Montipora_capitata_HIv3___RNAseq.g11666.t1,ko03030
Montipora_capitata_HIv3___RNAseq.g11650.t1b,ko04080
Montipora_capitata_HIv3___RNAseq.g11651.t1,ko00062
Montipora_capitata_HIv3___RNAseq.g11651.t1,ko00071
Montipora_capitata_HIv3___RNAseq.g11651.t1,ko00280
Montipora_capitata_HIv3___RNAseq.g11651.t1,ko01100
Montipora_capitata_HIv3___RNAseq.g11651.t1,ko01110
Montipora_capitata_HIv3___RNAseq.g11651.t1,ko01130
Montipora_capitata_HIv3___RNAseq.g11651.t1,ko01212
Montipora_capitata_HIv3___RNAseq.g11704.t1,ko04015
Montipora_capitata_HIv3___RNAseq.g11704.t1,ko04115
Montipora_capitata_HIv3___RNAseq.g11704.t1,ko04145
Montipora_capitata_HIv3___RNAseq.g11704.t1,ko04151
Montipora_capitata_HIv3___RNAseq.g11704.t1,ko04350
Montipora_capitata_HIv3___RNAseq.g11704.t1,ko04510
Montipora_capitata_HIv3___RNAseq.g11704.t1,ko04512
Montipora_capitata_HIv3___RNAseq.g11704.t1,ko05144
Montipora_capitata_HIv3___RNAseq.g11704.t1,ko05165
Montipora_capitata_HIv3___RNAseq.g11704.t1,ko05205
Montipora_capitata_HIv3___RNAseq.g11704.t1,ko05206
Montipora_capitata_HIv3___RNAseq.g11704.t1,ko05219
Montipora_capitata_HIv3___RNAseq.g11715.t1,ko00230
Montipora_capitata_HIv3___RNAseq.g11715.t1,ko00240
Montipora_capitata_HIv3___RNAseq.g11715.t1,ko00983
Montipora_capitata_HIv3___RNAseq.g11715.t1,ko01100
Montipora_capitata_HIv3___RNAseq.g11715.t1,ko01110
Montipora_capitata_HIv3___RNAseq.g11715.t1,ko01130
Montipora_capitata_HIv3___RNAseq.g11715.t1,ko04016
Montipora_capitata_HIv3___TS.g44567.t1,ko04350
Montipora_capitata_HIv3___RNAseq.g11717.t1,ko00240
Montipora_capitata_HIv3___RNAseq.g11717.t1,ko00983
Montipora_capitata_HIv3___RNAseq.g11717.t1,ko01100
Montipora_capitata_HIv3___RNAseq.g11700.t1,ko03013
Montipora_capitata_HIv3___RNAseq.g11700.t1,ko04138
Montipora_capitata_HIv3___RNAseq.g11700.t1,ko04140
Montipora_capitata_HIv3___RNAseq.g11700.t1,ko04141
Montipora_capitata_HIv3___RNAseq.g11700.t1,ko04210
Montipora_capitata_HIv3___RNAseq.g11700.t1,ko04932
Montipora_capitata_HIv3___RNAseq.g11700.t1,ko05160
Montipora_capitata_HIv3___RNAseq.g11700.t1,ko05162
Montipora_capitata_HIv3___RNAseq.g11700.t1,ko05164
Montipora_capitata_HIv3___RNAseq.g11700.t1,ko05168
Montipora_capitata_HIv3___RNAseq.g11701.t1,ko04146
Montipora_capitata_HIv3___RNAseq.g11702.t1,ko00230
Montipora_capitata_HIv3___RNAseq.g11702.t1,ko00240
Montipora_capitata_HIv3___RNAseq.g11702.t1,ko00480
Montipora_capitata_HIv3___RNAseq.g11702.t1,ko00983
Montipora_capitata_HIv3___RNAseq.g11702.t1,ko01100
Montipora_capitata_HIv3___RNAseq.g11702.t1,ko04115
Montipora_capitata_HIv3___RNAseq.g11703.t1,ko00190
Montipora_capitata_HIv3___RNAseq.g11703.t1,ko01100
Montipora_capitata_HIv3___RNAseq.g11703.t1,ko04714
Montipora_capitata_HIv3___RNAseq.g11703.t1,ko04723
Montipora_capitata_HIv3___RNAseq.g11703.t1,ko04932
Montipora_capitata_HIv3___RNAseq.g11703.t1,ko05010
Montipora_capitata_HIv3___RNAseq.g11703.t1,ko05012
Montipora_capitata_HIv3___RNAseq.g11703.t1,ko05016
Montipora_capitata_HIv3___RNAseq.g11721.t1,ko04144
Montipora_capitata_HIv3___RNAseq.g11723.t1,ko03022
Montipora_capitata_HIv3___RNAseq.g11724.t1,ko03022
Montipora_capitata_HIv3___RNAseq.g11725.t1,ko04144
Montipora_capitata_HIv3___RNAseq.g11733.t1,ko00562
Montipora_capitata_HIv3___RNAseq.g11733.t1,ko00564
Montipora_capitata_HIv3___RNAseq.g11733.t1,ko01100
Montipora_capitata_HIv3___RNAseq.g11733.t1,ko04070
Montipora_capitata_HIv3___RNAseq.g11739.t1,ko04120
Montipora_capitata_HIv3___RNAseq.g11756.t1,ko00051
Montipora_capitata_HIv3___RNAseq.g11756.t1,ko01120
Montipora_capitata_HIv3___RNAseq.g11759.t1,ko00051
Montipora_capitata_HIv3___RNAseq.g11759.t1,ko01120
Montipora_capitata_HIv3___TS.g44616.t2,ko04010
Montipora_capitata_HIv3___RNAseq.g11780.t1,ko04130
Montipora_capitata_HIv3___TS.g44629.t1,ko04130
Montipora_capitata_HIv3___TS.g44629.t1,ko04721
Montipora_capitata_HIv3___TS.g44629.t1,ko04911
Montipora_capitata_HIv3___TS.g44629.t1,ko05031
Montipora_capitata_HIv3___RNAseq.g11826.t1,ko03050
Montipora_capitata_HIv3___RNAseq.g11835.t1,ko03013
Montipora_capitata_HIv3___RNAseq.g11835.t1,ko05164
Montipora_capitata_HIv3___RNAseq.g11839.t1,ko04740
Montipora_capitata_HIv3___RNAseq.g11841.t2,ko04022
Montipora_capitata_HIv3___RNAseq.g11841.t2,ko04024
Montipora_capitata_HIv3___RNAseq.g11841.t2,ko04062
Montipora_capitata_HIv3___RNAseq.g11841.t2,ko04071
Montipora_capitata_HIv3___RNAseq.g11841.t2,ko04270
Montipora_capitata_HIv3___RNAseq.g11841.t2,ko04310
Montipora_capitata_HIv3___RNAseq.g11841.t2,ko04350
Montipora_capitata_HIv3___RNAseq.g11841.t2,ko04360
Montipora_capitata_HIv3___RNAseq.g11841.t2,ko04510
Montipora_capitata_HIv3___RNAseq.g11841.t2,ko04530
Montipora_capitata_HIv3___RNAseq.g11841.t2,ko04611
Montipora_capitata_HIv3___RNAseq.g11841.t2,ko04670
Montipora_capitata_HIv3___RNAseq.g11841.t2,ko04810
Montipora_capitata_HIv3___RNAseq.g11841.t2,ko04921
Montipora_capitata_HIv3___RNAseq.g11841.t2,ko05130
Montipora_capitata_HIv3___RNAseq.g11841.t2,ko05131
Montipora_capitata_HIv3___RNAseq.g11841.t2,ko05132
Montipora_capitata_HIv3___RNAseq.g11841.t2,ko05200
Montipora_capitata_HIv3___RNAseq.g11841.t2,ko05205
Montipora_capitata_HIv3___RNAseq.g11841.t2,ko05206
Montipora_capitata_HIv3___RNAseq.g11846.t1,ko03008
Montipora_capitata_HIv3___RNAseq.g11846.t1,ko03013
Montipora_capitata_HIv3___RNAseq.g11847.t1,ko00564
Montipora_capitata_HIv3___RNAseq.g11847.t1,ko05231
Montipora_capitata_HIv3___RNAseq.g11880.t1,ko03030
Montipora_capitata_HIv3___TS.g44730.t1,ko03030
Montipora_capitata_HIv3___RNAseq.g11884.t1,ko03030
Montipora_capitata_HIv3___RNAseq.g11885.t1,ko04066
Montipora_capitata_HIv3___RNAseq.g11885.t1,ko04120
Montipora_capitata_HIv3___RNAseq.g11885.t1,ko05200
Montipora_capitata_HIv3___RNAseq.g11885.t1,ko05211
Montipora_capitata_HIv3___TS.g44761.t1,ko00230
Montipora_capitata_HIv3___TS.g44761.t1,ko00240
Montipora_capitata_HIv3___TS.g44761.t1,ko01100
Montipora_capitata_HIv3___TS.g44761.t1,ko03030
Montipora_capitata_HIv3___RNAseq.g11912.t1,ko04977
Montipora_capitata_HIv3___RNAseq.g11931.t1,ko03022
Montipora_capitata_HIv3___RNAseq.g11931.t1,ko05169
Montipora_capitata_HIv3___RNAseq.g11931.t1,ko05203
Montipora_capitata_HIv3___RNAseq.g11929.t1,ko04013
Montipora_capitata_HIv3___RNAseq.g11930.t1,ko03013
Montipora_capitata_HIv3___RNAseq.g11930.t1,ko05162
Montipora_capitata_HIv3___RNAseq.g11935.t1,ko00440
Montipora_capitata_HIv3___RNAseq.g11935.t1,ko00564
Montipora_capitata_HIv3___RNAseq.g11935.t1,ko00565
Montipora_capitata_HIv3___RNAseq.g11935.t1,ko01100
Montipora_capitata_HIv3___RNAseq.g11935.t1,ko01110
Montipora_capitata_HIv3___RNAseq.g11936.t1,ko00440
Montipora_capitata_HIv3___RNAseq.g11936.t1,ko00564
Montipora_capitata_HIv3___RNAseq.g11936.t1,ko00565
Montipora_capitata_HIv3___RNAseq.g11936.t1,ko01100
Montipora_capitata_HIv3___RNAseq.g11936.t1,ko01110
Montipora_capitata_HIv3___RNAseq.g11942.t1,ko04013
Montipora_capitata_HIv3___RNAseq.g11940.t1,ko00190
Montipora_capitata_HIv3___RNAseq.g11940.t1,ko01100
Montipora_capitata_HIv3___RNAseq.g11940.t1,ko04260
Montipora_capitata_HIv3___RNAseq.g11940.t1,ko04714
Montipora_capitata_HIv3___RNAseq.g11940.t1,ko04932
Montipora_capitata_HIv3___RNAseq.g11940.t1,ko05010
Montipora_capitata_HIv3___RNAseq.g11940.t1,ko05012
Montipora_capitata_HIv3___RNAseq.g11940.t1,ko05016
Montipora_capitata_HIv3___RNAseq.g11943.t1,ko01521
Montipora_capitata_HIv3___RNAseq.g11943.t1,ko01522
Montipora_capitata_HIv3___RNAseq.g11943.t1,ko04012
Montipora_capitata_HIv3___RNAseq.g11943.t1,ko04013
Montipora_capitata_HIv3___RNAseq.g11943.t1,ko04015
Montipora_capitata_HIv3___RNAseq.g11943.t1,ko04062
Montipora_capitata_HIv3___RNAseq.g11943.t1,ko04064
Montipora_capitata_HIv3___RNAseq.g11943.t1,ko04071
Montipora_capitata_HIv3___RNAseq.g11943.t1,ko04072
Montipora_capitata_HIv3___RNAseq.g11943.t1,ko04137
Montipora_capitata_HIv3___RNAseq.g11943.t1,ko04144
Montipora_capitata_HIv3___RNAseq.g11943.t1,ko04360
Montipora_capitata_HIv3___RNAseq.g11943.t1,ko04370
Montipora_capitata_HIv3___RNAseq.g11943.t1,ko04380
Montipora_capitata_HIv3___RNAseq.g11943.t1,ko04510
Montipora_capitata_HIv3___RNAseq.g11943.t1,ko04520
Montipora_capitata_HIv3___RNAseq.g11943.t1,ko04530
Montipora_capitata_HIv3___RNAseq.g11943.t1,ko04540
Montipora_capitata_HIv3___RNAseq.g11943.t1,ko04611
Montipora_capitata_HIv3___RNAseq.g11943.t1,ko04650
Montipora_capitata_HIv3___RNAseq.g11943.t1,ko04658
Montipora_capitata_HIv3___RNAseq.g11943.t1,ko04659
Montipora_capitata_HIv3___RNAseq.g11943.t1,ko04660
Montipora_capitata_HIv3___RNAseq.g11943.t1,ko04662
Montipora_capitata_HIv3___RNAseq.g11943.t1,ko04664
Montipora_capitata_HIv3___RNAseq.g11943.t1,ko04666
Montipora_capitata_HIv3___RNAseq.g11943.t1,ko04725
Montipora_capitata_HIv3___RNAseq.g11943.t1,ko04727
Montipora_capitata_HIv3___RNAseq.g11943.t1,ko04730
Montipora_capitata_HIv3___RNAseq.g11943.t1,ko04750
Montipora_capitata_HIv3___RNAseq.g11943.t1,ko04810
Montipora_capitata_HIv3___RNAseq.g11943.t1,ko04912
Montipora_capitata_HIv3___RNAseq.g11943.t1,ko04915
Montipora_capitata_HIv3___RNAseq.g11943.t1,ko04917
Montipora_capitata_HIv3___RNAseq.g11943.t1,ko04919
Montipora_capitata_HIv3___RNAseq.g11943.t1,ko04921
Montipora_capitata_HIv3___RNAseq.g11943.t1,ko04926
Montipora_capitata_HIv3___RNAseq.g11943.t1,ko05020
Montipora_capitata_HIv3___RNAseq.g11943.t1,ko05100
Montipora_capitata_HIv3___RNAseq.g11943.t1,ko05120
Montipora_capitata_HIv3___RNAseq.g11943.t1,ko05130
Montipora_capitata_HIv3___RNAseq.g11943.t1,ko05131
Montipora_capitata_HIv3___RNAseq.g11943.t1,ko05152
Montipora_capitata_HIv3___RNAseq.g11943.t1,ko05161
Montipora_capitata_HIv3___RNAseq.g11943.t1,ko05162
Montipora_capitata_HIv3___RNAseq.g11943.t1,ko05166
Montipora_capitata_HIv3___RNAseq.g11943.t1,ko05167
Montipora_capitata_HIv3___RNAseq.g11943.t1,ko05169
Montipora_capitata_HIv3___RNAseq.g11943.t1,ko05203
Montipora_capitata_HIv3___RNAseq.g11943.t1,ko05205
Montipora_capitata_HIv3___RNAseq.g11943.t1,ko05219
Montipora_capitata_HIv3___RNAseq.g11943.t1,ko05340
Montipora_capitata_HIv3___RNAseq.g11943.t1,ko05416
Montipora_capitata_HIv3___RNAseq.g11943.t1,ko05418
Montipora_capitata_HIv3___RNAseq.g11963.t1,ko04614
Montipora_capitata_HIv3___RNAseq.g11965.t1,ko04060
Montipora_capitata_HIv3___RNAseq.g11965.t1,ko04062
Montipora_capitata_HIv3___RNAseq.g11984.t1,ko04120
Montipora_capitata_HIv3___RNAseq.g11984.t1,ko04630
Montipora_capitata_HIv3___RNAseq.g11984.t1,ko05160
Montipora_capitata_HIv3___RNAseq.g12011.t1,ko00010
Montipora_capitata_HIv3___RNAseq.g12011.t1,ko00620
Montipora_capitata_HIv3___RNAseq.g12011.t1,ko00640
Montipora_capitata_HIv3___RNAseq.g12011.t1,ko00680
Montipora_capitata_HIv3___RNAseq.g12011.t1,ko00720
Montipora_capitata_HIv3___RNAseq.g12011.t1,ko01100
Montipora_capitata_HIv3___RNAseq.g12011.t1,ko01110
Montipora_capitata_HIv3___RNAseq.g12011.t1,ko01120
Montipora_capitata_HIv3___RNAseq.g12011.t1,ko01130
Montipora_capitata_HIv3___RNAseq.g12011.t1,ko01200
Montipora_capitata_HIv3___RNAseq.g12013.t1,ko00010
Montipora_capitata_HIv3___RNAseq.g12013.t1,ko00620
Montipora_capitata_HIv3___RNAseq.g12013.t1,ko00640
Montipora_capitata_HIv3___RNAseq.g12013.t1,ko00680
Montipora_capitata_HIv3___RNAseq.g12013.t1,ko00720
Montipora_capitata_HIv3___RNAseq.g12013.t1,ko01100
Montipora_capitata_HIv3___RNAseq.g12013.t1,ko01110
Montipora_capitata_HIv3___RNAseq.g12013.t1,ko01120
Montipora_capitata_HIv3___RNAseq.g12013.t1,ko01130
Montipora_capitata_HIv3___RNAseq.g12013.t1,ko01200
Montipora_capitata_HIv3___RNAseq.g12018.t1,ko00515
Montipora_capitata_HIv3___RNAseq.g12018.t1,ko01100
Montipora_capitata_HIv3___RNAseq.g12019.t1,ko04068
Montipora_capitata_HIv3___RNAseq.g12019.t1,ko04150
Montipora_capitata_HIv3___RNAseq.g12019.t1,ko04151
Montipora_capitata_HIv3___RNAseq.g12019.t1,ko04960
Montipora_capitata_HIv3___RNAseq.g12023.t1,ko04068
Montipora_capitata_HIv3___RNAseq.g12023.t1,ko04150
Montipora_capitata_HIv3___RNAseq.g12023.t1,ko04151
Montipora_capitata_HIv3___RNAseq.g12023.t1,ko04960
Montipora_capitata_HIv3___TS.g44916.t1,ko00040
Montipora_capitata_HIv3___TS.g44916.t1,ko00051
Montipora_capitata_HIv3___TS.g44916.t1,ko01100
Montipora_capitata_HIv3___RNAseq.g12076.t1,ko03008
Montipora_capitata_HIv3___RNAseq.g12047.t1,ko04120
Montipora_capitata_HIv3___RNAseq.g12047.t1,ko05012
Montipora_capitata_HIv3___RNAseq.g12055.t1,ko03018
Montipora_capitata_HIv3___RNAseq.g12057.t1,ko03018
Montipora_capitata_HIv3___RNAseq.g12059.t1,ko03018
Montipora_capitata_HIv3___TS.g44923.t1,ko04010
Montipora_capitata_HIv3___TS.g44923.t1,ko04012
Montipora_capitata_HIv3___TS.g44923.t1,ko04110
Montipora_capitata_HIv3___TS.g44923.t1,ko04151
Montipora_capitata_HIv3___TS.g44923.t1,ko04218
Montipora_capitata_HIv3___TS.g44923.t1,ko04310
Montipora_capitata_HIv3___TS.g44923.t1,ko04350
Montipora_capitata_HIv3___TS.g44923.t1,ko04390
Montipora_capitata_HIv3___TS.g44923.t1,ko04391
Montipora_capitata_HIv3___TS.g44923.t1,ko04550
Montipora_capitata_HIv3___TS.g44923.t1,ko04630
Montipora_capitata_HIv3___TS.g44923.t1,ko04919
Montipora_capitata_HIv3___TS.g44923.t1,ko05161
Montipora_capitata_HIv3___TS.g44923.t1,ko05166
Montipora_capitata_HIv3___TS.g44923.t1,ko05167
Montipora_capitata_HIv3___TS.g44923.t1,ko05169
Montipora_capitata_HIv3___TS.g44923.t1,ko05200
Montipora_capitata_HIv3___TS.g44923.t1,ko05202
Montipora_capitata_HIv3___TS.g44923.t1,ko05205
Montipora_capitata_HIv3___TS.g44923.t1,ko05206
Montipora_capitata_HIv3___TS.g44923.t1,ko05210
Montipora_capitata_HIv3___TS.g44923.t1,ko05213
Montipora_capitata_HIv3___TS.g44923.t1,ko05216
Montipora_capitata_HIv3___TS.g44923.t1,ko05219
Montipora_capitata_HIv3___TS.g44923.t1,ko05220
Montipora_capitata_HIv3___TS.g44923.t1,ko05221
Montipora_capitata_HIv3___TS.g44923.t1,ko05222
Montipora_capitata_HIv3___TS.g44923.t1,ko05224
Montipora_capitata_HIv3___TS.g44923.t1,ko05225
Montipora_capitata_HIv3___TS.g44923.t1,ko05226
Montipora_capitata_HIv3___TS.g44923.t1,ko05230
Montipora_capitata_HIv3___RNAseq.g12087.t1,ko04390
Montipora_capitata_HIv3___RNAseq.g12087.t1,ko04391
Montipora_capitata_HIv3___RNAseq.g12087.t1,ko04392
Montipora_capitata_HIv3___RNAseq.g12087.t1,ko04530
Montipora_capitata_HIv3___RNAseq.g12097.t1,ko00240
Montipora_capitata_HIv3___RNAseq.g12097.t1,ko00250
Montipora_capitata_HIv3___RNAseq.g12097.t1,ko01100
Montipora_capitata_HIv3___RNAseq.g12098.t1,ko04142
Montipora_capitata_HIv3___RNAseq.g12098.t1,ko04144
Montipora_capitata_HIv3___RNAseq.g12098.t1,ko04721
Montipora_capitata_HIv3___RNAseq.g12098.t1,ko04961
Montipora_capitata_HIv3___RNAseq.g12098.t1,ko05016
Montipora_capitata_HIv3___RNAseq.g12105.t1,ko03013
Montipora_capitata_HIv3___RNAseq.g12106.t1,ko04010
Montipora_capitata_HIv3___RNAseq.g12106.t1,ko04068
Montipora_capitata_HIv3___RNAseq.g12106.t1,ko04310
Montipora_capitata_HIv3___RNAseq.g12106.t1,ko04520
Montipora_capitata_HIv3___RNAseq.g12109.t1,ko00020
Montipora_capitata_HIv3___RNAseq.g12109.t1,ko00270
Montipora_capitata_HIv3___RNAseq.g12109.t1,ko00620
Montipora_capitata_HIv3___RNAseq.g12109.t1,ko00630
Montipora_capitata_HIv3___RNAseq.g12109.t1,ko00710
Montipora_capitata_HIv3___RNAseq.g12109.t1,ko01100
Montipora_capitata_HIv3___RNAseq.g12109.t1,ko01110
Montipora_capitata_HIv3___RNAseq.g12109.t1,ko01120
Montipora_capitata_HIv3___RNAseq.g12109.t1,ko01130
Montipora_capitata_HIv3___RNAseq.g12109.t1,ko01200
Montipora_capitata_HIv3___RNAseq.g12127.t1,ko04144
Montipora_capitata_HIv3___RNAseq.g12127.t1,ko04810
Montipora_capitata_HIv3___RNAseq.g12127.t1,ko05120
Montipora_capitata_HIv3___RNAseq.g12135.t1,ko00260
Montipora_capitata_HIv3___RNAseq.g12135.t1,ko00290
Montipora_capitata_HIv3___RNAseq.g12135.t1,ko01100
Montipora_capitata_HIv3___RNAseq.g12135.t1,ko01110
Montipora_capitata_HIv3___RNAseq.g12135.t1,ko01130
Montipora_capitata_HIv3___RNAseq.g12135.t1,ko01200
Montipora_capitata_HIv3___RNAseq.g12135.t1,ko01230
Montipora_capitata_HIv3___RNAseq.g12143.t1,ko03013
Montipora_capitata_HIv3___RNAseq.g12145.t1,ko04062
Montipora_capitata_HIv3___RNAseq.g12145.t1,ko04145
Montipora_capitata_HIv3___RNAseq.g12145.t1,ko04380
Montipora_capitata_HIv3___RNAseq.g12145.t1,ko04666
Montipora_capitata_HIv3___RNAseq.g12145.t1,ko04670
Montipora_capitata_HIv3___RNAseq.g12145.t1,ko05140
Montipora_capitata_HIv3___RNAseq.g12145.t1,ko05418
Montipora_capitata_HIv3___RNAseq.g12148.t1,ko04320
Montipora_capitata_HIv3___RNAseq.g12154.t1,ko04120
Montipora_capitata_HIv3___RNAseq.g12164.t1,ko00260
Montipora_capitata_HIv3___RNAseq.g12164.t1,ko00680
Montipora_capitata_HIv3___RNAseq.g12164.t1,ko01100
Montipora_capitata_HIv3___RNAseq.g12164.t1,ko01120
Montipora_capitata_HIv3___RNAseq.g12164.t1,ko01130
Montipora_capitata_HIv3___RNAseq.g12164.t1,ko01200
Montipora_capitata_HIv3___RNAseq.g12164.t1,ko01230
Montipora_capitata_HIv3___TS.g45010.t2,ko03010
Montipora_capitata_HIv3___TS.g45010.t2,ko04914
Montipora_capitata_HIv3___RNAseq.g12169.t1b,ko00562
Montipora_capitata_HIv3___RNAseq.g12169.t1b,ko01100
Montipora_capitata_HIv3___RNAseq.g12169.t1b,ko04070
Montipora_capitata_HIv3___RNAseq.g12169.t1b,ko04140
Montipora_capitata_HIv3___RNAseq.g12171.t1,ko00562
Montipora_capitata_HIv3___RNAseq.g12171.t1,ko01100
Montipora_capitata_HIv3___RNAseq.g12171.t1,ko04070
Montipora_capitata_HIv3___RNAseq.g12171.t1,ko04140
Montipora_capitata_HIv3___TS.g45016.t1,ko03013
Montipora_capitata_HIv3___RNAseq.g348.t1,ko03015
Montipora_capitata_HIv3___RNAseq.g348.t1,ko03040
Montipora_capitata_HIv3___RNAseq.g349.t1,ko03410
Montipora_capitata_HIv3___RNAseq.g378.t1,ko03013
Montipora_capitata_HIv3___RNAseq.g373.t1,ko04136
Montipora_capitata_HIv3___RNAseq.g373.t1,ko04137
Montipora_capitata_HIv3___RNAseq.g373.t1,ko04138
Montipora_capitata_HIv3___RNAseq.g373.t1,ko04140
Montipora_capitata_HIv3___RNAseq.g352.t1,ko03010
Montipora_capitata_HIv3___RNAseq.g355.t1,ko05165
Montipora_capitata_HIv3___RNAseq.g356.t1,ko00562
Montipora_capitata_HIv3___RNAseq.g356.t1,ko01100
Montipora_capitata_HIv3___RNAseq.g356.t1,ko04070
Montipora_capitata_HIv3___RNAseq.g359.t2,ko04150
Montipora_capitata_HIv3___RNAseq.g379.t1,ko04014
Montipora_capitata_HIv3___RNAseq.g379.t1,ko04015
Montipora_capitata_HIv3___RNAseq.g379.t1,ko04072
Montipora_capitata_HIv3___RNAseq.g379.t1,ko05200
Montipora_capitata_HIv3___RNAseq.g379.t1,ko05210
Montipora_capitata_HIv3___RNAseq.g379.t1,ko05212
Montipora_capitata_HIv3___RNAseq.g383.t1,ko04150
Montipora_capitata_HIv3___RNAseq.g402.t1,ko04145
Montipora_capitata_HIv3___RNAseq.g402.t1,ko04962
Montipora_capitata_HIv3___RNAseq.g402.t1,ko05132
Montipora_capitata_HIv3___RNAseq.g395.t1,ko03050
Montipora_capitata_HIv3___RNAseq.g395.t1,ko04612
Montipora_capitata_HIv3___RNAseq.g395.t1,ko05160
Montipora_capitata_HIv3___RNAseq.g403.t1,ko03008
Montipora_capitata_HIv3___TS.g37924.t2,ko00330
Montipora_capitata_HIv3___TS.g37924.t2,ko00360
Montipora_capitata_HIv3___TS.g37924.t2,ko00380
Montipora_capitata_HIv3___TS.g37924.t2,ko00627
Montipora_capitata_HIv3___TS.g37924.t2,ko00643
Montipora_capitata_HIv3___TS.g37924.t2,ko01120
Montipora_capitata_HIv3___TS.g37921.t2,ko04360
Montipora_capitata_HIv3___TS.g37921.t2,ko05010
Montipora_capitata_HIv3___TS.g37921.t2,ko05030
Montipora_capitata_HIv3___RNAseq.g417.t1,ko03008
Montipora_capitata_HIv3___RNAseq.g418.t1,ko00900
Montipora_capitata_HIv3___RNAseq.g418.t1,ko01110
Montipora_capitata_HIv3___RNAseq.g430.t2b,ko03018
Montipora_capitata_HIv3___RNAseq.g440.t1,ko00590
Montipora_capitata_HIv3___RNAseq.g440.t1,ko01100
Montipora_capitata_HIv3___RNAseq.g448.t1,ko04330
Montipora_capitata_HIv3___RNAseq.g452.t1,ko04145
Montipora_capitata_HIv3___RNAseq.g452.t1,ko04540
Montipora_capitata_HIv3___RNAseq.g452.t1,ko05130
Montipora_capitata_HIv3___TS.g37993.t2,ko04150
Montipora_capitata_HIv3___TS.g37993.t2,ko04152
Montipora_capitata_HIv3___RNAseq.g477.t1,ko04330
Montipora_capitata_HIv3___RNAseq.g477.t1,ko04919
Montipora_capitata_HIv3___RNAseq.g477.t1,ko05166
Montipora_capitata_HIv3___RNAseq.g477.t1,ko05203
Montipora_capitata_HIv3___RNAseq.g478.t1,ko00730
Montipora_capitata_HIv3___RNAseq.g478.t1,ko00740
Montipora_capitata_HIv3___RNAseq.g478.t1,ko01100
Montipora_capitata_HIv3___RNAseq.g482.t1,ko03013
Montipora_capitata_HIv3___RNAseq.g482.t1,ko04150
Montipora_capitata_HIv3___RNAseq.g482.t1,ko04151
Montipora_capitata_HIv3___RNAseq.g482.t1,ko05205
Montipora_capitata_HIv3___RNAseq.g500.t1,ko00730
Montipora_capitata_HIv3___RNAseq.g500.t1,ko01100
Montipora_capitata_HIv3___TS.g38017.t3,ko03010
Montipora_capitata_HIv3___RNAseq.g503.t1,ko04144
Montipora_capitata_HIv3___RNAseq.g503.t1,ko04666
Montipora_capitata_HIv3___RNAseq.g504.t1,ko04144
Montipora_capitata_HIv3___TS.g38016.t1,ko04144
Montipora_capitata_HIv3___RNAseq.g510.t1,ko03050
Montipora_capitata_HIv3___RNAseq.g512.t1b,ko00970
Montipora_capitata_HIv3___RNAseq.g514.t1,ko03060
Montipora_capitata_HIv3___RNAseq.g514.t1,ko04141
Montipora_capitata_HIv3___RNAseq.g514.t1,ko04145
Montipora_capitata_HIv3___RNAseq.g514.t1,ko05110
Montipora_capitata_HIv3___RNAseq.g519.t1,ko03010
Montipora_capitata_HIv3___RNAseq.g520.t1,ko05165
Montipora_capitata_HIv3___RNAseq.g520.t1,ko05200
Montipora_capitata_HIv3___RNAseq.g520.t1,ko05224
Montipora_capitata_HIv3___RNAseq.g517.t1,ko00590
Montipora_capitata_HIv3___RNAseq.g517.t1,ko01100
Montipora_capitata_HIv3___RNAseq.g517.t1,ko04664
Montipora_capitata_HIv3___RNAseq.g517.t1,ko04726
Montipora_capitata_HIv3___RNAseq.g517.t1,ko04913
Montipora_capitata_HIv3___RNAseq.g517.t1,ko05145
Montipora_capitata_HIv3___RNAseq.g523.t1,ko04141
Montipora_capitata_HIv3___RNAseq.g536.t1,ko00061
Montipora_capitata_HIv3___RNAseq.g536.t1,ko00780
Montipora_capitata_HIv3___RNAseq.g536.t1,ko01100
Montipora_capitata_HIv3___RNAseq.g536.t1,ko01212
Montipora_capitata_HIv3___RNAseq.g527.t1a,ko04970
Montipora_capitata_HIv3___RNAseq.g527.t1a,ko04972
Montipora_capitata_HIv3___RNAseq.g527.t1a,ko05110
Montipora_capitata_HIv3___TS.g38038.t2,ko04141
Montipora_capitata_HIv3___RNAseq.g530.t1,ko00760
Montipora_capitata_HIv3___RNAseq.g530.t1,ko01100
Montipora_capitata_HIv3___TS.g38055.t1b,ko00230
Montipora_capitata_HIv3___TS.g38055.t1b,ko00240
Montipora_capitata_HIv3___TS.g38055.t1b,ko01100
Montipora_capitata_HIv3___TS.g38055.t1b,ko03020
Montipora_capitata_HIv3___RNAseq.g545.t1a,ko04138
Montipora_capitata_HIv3___RNAseq.g542.t1,ko04144
Montipora_capitata_HIv3___RNAseq.g553.t1,ko05200
Montipora_capitata_HIv3___RNAseq.g553.t1,ko05216
Montipora_capitata_HIv3___RNAseq.g553.t1,ko05230
Montipora_capitata_HIv3___RNAseq.g559.t1,ko04072
Montipora_capitata_HIv3___RNAseq.g559.t1,ko04144
Montipora_capitata_HIv3___RNAseq.g559.t1,ko05110
Montipora_capitata_HIv3___RNAseq.g559.t1,ko05134
Montipora_capitata_HIv3___RNAseq.g566.t1,ko04962
Montipora_capitata_HIv3___RNAseq.g566.t1,ko04976
Montipora_capitata_HIv3___RNAseq.g570.t1,ko04140
Montipora_capitata_HIv3___RNAseq.g570.t1,ko04150
Montipora_capitata_HIv3___RNAseq.g584.t2,ko04015
Montipora_capitata_HIv3___RNAseq.g584.t2,ko04062
Montipora_capitata_HIv3___RNAseq.g584.t2,ko04080
Montipora_capitata_HIv3___RNAseq.g584.t2,ko04144
Montipora_capitata_HIv3___RNAseq.g584.t2,ko04360
Montipora_capitata_HIv3___RNAseq.g584.t2,ko04390
Montipora_capitata_HIv3___RNAseq.g584.t2,ko04391
Montipora_capitata_HIv3___RNAseq.g584.t2,ko04520
Montipora_capitata_HIv3___RNAseq.g584.t2,ko04530
Montipora_capitata_HIv3___RNAseq.g584.t2,ko05165
Montipora_capitata_HIv3___RNAseq.g593.t1,ko04144
Montipora_capitata_HIv3___RNAseq.g595.t1,ko01521
Montipora_capitata_HIv3___RNAseq.g595.t1,ko01522
Montipora_capitata_HIv3___RNAseq.g595.t1,ko01524
Montipora_capitata_HIv3___RNAseq.g595.t1,ko04014
Montipora_capitata_HIv3___RNAseq.g595.t1,ko04064
Montipora_capitata_HIv3___RNAseq.g595.t1,ko04066
Montipora_capitata_HIv3___RNAseq.g595.t1,ko04071
Montipora_capitata_HIv3___RNAseq.g595.t1,ko04137
Montipora_capitata_HIv3___RNAseq.g595.t1,ko04140
Montipora_capitata_HIv3___RNAseq.g595.t1,ko04141
Montipora_capitata_HIv3___RNAseq.g595.t1,ko04151
Montipora_capitata_HIv3___RNAseq.g595.t1,ko04210
Montipora_capitata_HIv3___RNAseq.g595.t1,ko04215
Montipora_capitata_HIv3___RNAseq.g595.t1,ko04217
Montipora_capitata_HIv3___RNAseq.g595.t1,ko04261
Montipora_capitata_HIv3___RNAseq.g595.t1,ko04340
Montipora_capitata_HIv3___RNAseq.g595.t1,ko04510
Montipora_capitata_HIv3___RNAseq.g595.t1,ko04621
Montipora_capitata_HIv3___RNAseq.g595.t1,ko04630
Montipora_capitata_HIv3___RNAseq.g595.t1,ko04722
Montipora_capitata_HIv3___RNAseq.g595.t1,ko04725
Montipora_capitata_HIv3___RNAseq.g595.t1,ko04915
Montipora_capitata_HIv3___RNAseq.g595.t1,ko04933
Montipora_capitata_HIv3___RNAseq.g595.t1,ko05014
Montipora_capitata_HIv3___RNAseq.g595.t1,ko05145
Montipora_capitata_HIv3___RNAseq.g595.t1,ko05152
Montipora_capitata_HIv3___RNAseq.g595.t1,ko05161
Montipora_capitata_HIv3___RNAseq.g595.t1,ko05166
Montipora_capitata_HIv3___RNAseq.g595.t1,ko05169
Montipora_capitata_HIv3___RNAseq.g595.t1,ko05200
Montipora_capitata_HIv3___RNAseq.g595.t1,ko05202
Montipora_capitata_HIv3___RNAseq.g595.t1,ko05206
Montipora_capitata_HIv3___RNAseq.g595.t1,ko05210
Montipora_capitata_HIv3___RNAseq.g595.t1,ko05212
Montipora_capitata_HIv3___RNAseq.g595.t1,ko05215
Montipora_capitata_HIv3___RNAseq.g595.t1,ko05220
Montipora_capitata_HIv3___RNAseq.g595.t1,ko05222
Montipora_capitata_HIv3___RNAseq.g595.t1,ko05225
Montipora_capitata_HIv3___RNAseq.g595.t1,ko05226
Montipora_capitata_HIv3___RNAseq.g595.t1,ko05418
Montipora_capitata_HIv3___RNAseq.g611.t1,ko04141
Montipora_capitata_HIv3___RNAseq.g611.t1,ko04918
Montipora_capitata_HIv3___RNAseq.g611.t1,ko05110
Montipora_capitata_HIv3___RNAseq.g612.t1,ko00230
Montipora_capitata_HIv3___RNAseq.g612.t1,ko00983
Montipora_capitata_HIv3___RNAseq.g612.t1,ko01100
Montipora_capitata_HIv3___RNAseq.g612.t1,ko01110
Montipora_capitata_HIv3___TS.g38124.t1,ko00030
Montipora_capitata_HIv3___TS.g38124.t1,ko00040
Montipora_capitata_HIv3___TS.g38124.t1,ko00710
Montipora_capitata_HIv3___TS.g38124.t1,ko01100
Montipora_capitata_HIv3___TS.g38124.t1,ko01110
Montipora_capitata_HIv3___TS.g38124.t1,ko01120
Montipora_capitata_HIv3___TS.g38124.t1,ko01130
Montipora_capitata_HIv3___TS.g38124.t1,ko01200
Montipora_capitata_HIv3___TS.g38124.t1,ko01230
Montipora_capitata_HIv3___RNAseq.g633.t1,ko03040
Montipora_capitata_HIv3___TS.g38155.t3,ko04145
Montipora_capitata_HIv3___TS.g38155.t3,ko04151
Montipora_capitata_HIv3___TS.g38155.t3,ko04510
Montipora_capitata_HIv3___TS.g38155.t3,ko04512
Montipora_capitata_HIv3___TS.g38155.t3,ko04514
Montipora_capitata_HIv3___TS.g38155.t3,ko04640
Montipora_capitata_HIv3___TS.g38155.t3,ko04670
Montipora_capitata_HIv3___TS.g38155.t3,ko04672
Montipora_capitata_HIv3___TS.g38155.t3,ko04810
Montipora_capitata_HIv3___TS.g38155.t3,ko04919
Montipora_capitata_HIv3___TS.g38155.t3,ko05100
Montipora_capitata_HIv3___TS.g38155.t3,ko05131
Montipora_capitata_HIv3___TS.g38155.t3,ko05133
Montipora_capitata_HIv3___TS.g38155.t3,ko05140
Montipora_capitata_HIv3___TS.g38155.t3,ko05165
Montipora_capitata_HIv3___TS.g38155.t3,ko05200
Montipora_capitata_HIv3___TS.g38155.t3,ko05205
Montipora_capitata_HIv3___TS.g38155.t3,ko05206
Montipora_capitata_HIv3___TS.g38155.t3,ko05222
Montipora_capitata_HIv3___TS.g38155.t3,ko05410
Montipora_capitata_HIv3___TS.g38155.t3,ko05412
Montipora_capitata_HIv3___TS.g38155.t3,ko05414
Montipora_capitata_HIv3___TS.g38155.t3,ko05418
Montipora_capitata_HIv3___TS.g38156.t1a,ko04145
Montipora_capitata_HIv3___TS.g38156.t1a,ko04151
Montipora_capitata_HIv3___TS.g38156.t1a,ko04510
Montipora_capitata_HIv3___TS.g38156.t1a,ko04512
Montipora_capitata_HIv3___TS.g38156.t1a,ko04514
Montipora_capitata_HIv3___TS.g38156.t1a,ko04640
Montipora_capitata_HIv3___TS.g38156.t1a,ko04670
Montipora_capitata_HIv3___TS.g38156.t1a,ko04672
Montipora_capitata_HIv3___TS.g38156.t1a,ko04810
Montipora_capitata_HIv3___TS.g38156.t1a,ko04919
Montipora_capitata_HIv3___TS.g38156.t1a,ko05100
Montipora_capitata_HIv3___TS.g38156.t1a,ko05131
Montipora_capitata_HIv3___TS.g38156.t1a,ko05133
Montipora_capitata_HIv3___TS.g38156.t1a,ko05140
Montipora_capitata_HIv3___TS.g38156.t1a,ko05165
Montipora_capitata_HIv3___TS.g38156.t1a,ko05200
Montipora_capitata_HIv3___TS.g38156.t1a,ko05205
Montipora_capitata_HIv3___TS.g38156.t1a,ko05206
Montipora_capitata_HIv3___TS.g38156.t1a,ko05222
Montipora_capitata_HIv3___TS.g38156.t1a,ko05410
Montipora_capitata_HIv3___TS.g38156.t1a,ko05412
Montipora_capitata_HIv3___TS.g38156.t1a,ko05414
Montipora_capitata_HIv3___TS.g38156.t1a,ko05418
Montipora_capitata_HIv3___RNAseq.g658.t1,ko03440
Montipora_capitata_HIv3___RNAseq.g659.t1,ko03440
Montipora_capitata_HIv3___TS.g38169.t1,ko04145
Montipora_capitata_HIv3___TS.g38169.t1,ko04151
Montipora_capitata_HIv3___TS.g38169.t1,ko04510
Montipora_capitata_HIv3___TS.g38169.t1,ko04512
Montipora_capitata_HIv3___TS.g38169.t1,ko04514
Montipora_capitata_HIv3___TS.g38169.t1,ko04640
Montipora_capitata_HIv3___TS.g38169.t1,ko04810
Montipora_capitata_HIv3___TS.g38169.t1,ko04919
Montipora_capitata_HIv3___TS.g38169.t1,ko05100
Montipora_capitata_HIv3___TS.g38169.t1,ko05131
Montipora_capitata_HIv3___TS.g38169.t1,ko05133
Montipora_capitata_HIv3___TS.g38169.t1,ko05165
Montipora_capitata_HIv3___TS.g38169.t1,ko05200
Montipora_capitata_HIv3___TS.g38169.t1,ko05205
Montipora_capitata_HIv3___TS.g38169.t1,ko05206
Montipora_capitata_HIv3___TS.g38169.t1,ko05222
Montipora_capitata_HIv3___TS.g38169.t1,ko05410
Montipora_capitata_HIv3___TS.g38169.t1,ko05412
Montipora_capitata_HIv3___TS.g38169.t1,ko05414
Montipora_capitata_HIv3___TS.g38169.t1,ko05418
Montipora_capitata_HIv3___RNAseq.g665.t1,ko03010
Montipora_capitata_HIv3___RNAseq.g666.t1,ko04139
Montipora_capitata_HIv3___RNAseq.g669.t1,ko04970
Montipora_capitata_HIv3___RNAseq.g669.t1,ko04972
Montipora_capitata_HIv3___RNAseq.g669.t1,ko05110
Montipora_capitata_HIv3___TS.g38178.t1,ko04970
Montipora_capitata_HIv3___TS.g38178.t1,ko04972
Montipora_capitata_HIv3___TS.g38178.t1,ko05110
Montipora_capitata_HIv3___RNAseq.g668.t1,ko04970
Montipora_capitata_HIv3___RNAseq.g668.t1,ko04972
Montipora_capitata_HIv3___RNAseq.g668.t1,ko05110
Montipora_capitata_HIv3___RNAseq.g718.t1,ko00340
Montipora_capitata_HIv3___RNAseq.g718.t1,ko00670
Montipora_capitata_HIv3___RNAseq.g718.t1,ko01100
Montipora_capitata_HIv3___RNAseq.g726.t1,ko00512
Montipora_capitata_HIv3___RNAseq.g726.t1,ko01100
Montipora_capitata_HIv3___TS.g38275.t1b,ko04144
Montipora_capitata_HIv3___RNAseq.g764.t1,ko00750
Montipora_capitata_HIv3___RNAseq.g764.t1,ko01100
Montipora_capitata_HIv3___RNAseq.g771.t2,ko04068
Montipora_capitata_HIv3___RNAseq.g771.t2,ko04144
Montipora_capitata_HIv3___RNAseq.g774.t1,ko05202
Montipora_capitata_HIv3___TS.g38295.t1,ko04072
Montipora_capitata_HIv3___TS.g38295.t1,ko04140
Montipora_capitata_HIv3___TS.g38295.t1,ko04150
Montipora_capitata_HIv3___TS.g38295.t1,ko04151
Montipora_capitata_HIv3___TS.g38295.t1,ko04152
Montipora_capitata_HIv3___TS.g38295.t1,ko04211
Montipora_capitata_HIv3___TS.g38295.t1,ko04218
Montipora_capitata_HIv3___TS.g38295.t1,ko04714
Montipora_capitata_HIv3___TS.g38295.t1,ko04910
Montipora_capitata_HIv3___TS.g38295.t1,ko04919
Montipora_capitata_HIv3___TS.g38295.t1,ko05165
Montipora_capitata_HIv3___TS.g38295.t1,ko05231
Montipora_capitata_HIv3___RNAseq.g800.t1,ko00970
Montipora_capitata_HIv3___RNAseq.g802.t1,ko00190
Montipora_capitata_HIv3___RNAseq.g802.t1,ko01100
Montipora_capitata_HIv3___RNAseq.g802.t1,ko04714
Montipora_capitata_HIv3___RNAseq.g802.t1,ko04723
Montipora_capitata_HIv3___RNAseq.g802.t1,ko04932
Montipora_capitata_HIv3___RNAseq.g802.t1,ko05010
Montipora_capitata_HIv3___RNAseq.g802.t1,ko05012
Montipora_capitata_HIv3___RNAseq.g802.t1,ko05016
Montipora_capitata_HIv3___RNAseq.7529_t,ko04210
Montipora_capitata_HIv3___RNAseq.g810.t1,ko04141
Montipora_capitata_HIv3___RNAseq.g818.t1,ko00513
Montipora_capitata_HIv3___RNAseq.g818.t1,ko01100
Montipora_capitata_HIv3___TS.g38337.t1,ko00830
Montipora_capitata_HIv3___TS.g38337.t1,ko01100
Montipora_capitata_HIv3___RNAseq.g831.t1,ko00190
Montipora_capitata_HIv3___RNAseq.g831.t1,ko01100
Montipora_capitata_HIv3___RNAseq.g831.t1,ko04714
Montipora_capitata_HIv3___RNAseq.g831.t1,ko04723
Montipora_capitata_HIv3___RNAseq.g831.t1,ko04932
Montipora_capitata_HIv3___RNAseq.g831.t1,ko05010
Montipora_capitata_HIv3___RNAseq.g831.t1,ko05012
Montipora_capitata_HIv3___RNAseq.g831.t1,ko05016
Montipora_capitata_HIv3___RNAseq.g837.t1,ko00140
Montipora_capitata_HIv3___RNAseq.g837.t1,ko00590
Montipora_capitata_HIv3___RNAseq.g837.t1,ko00591
Montipora_capitata_HIv3___RNAseq.g837.t1,ko00830
Montipora_capitata_HIv3___RNAseq.g837.t1,ko01100
Montipora_capitata_HIv3___RNAseq.g837.t1,ko04611
Montipora_capitata_HIv3___RNAseq.g837.t1,ko05204
Montipora_capitata_HIv3___TS.g38416.t1,ko00230
Montipora_capitata_HIv3___TS.g38416.t1,ko04934
Montipora_capitata_HIv3___TS.g38416.t1,ko05032
Montipora_capitata_HIv3___RNAseq.g902.t1,ko05034
Montipora_capitata_HIv3___TS.g38421.t1,ko04931
Montipora_capitata_HIv3___TS.g38421.t1,ko04932
Montipora_capitata_HIv3___RNAseq.g907.t1,ko00240
Montipora_capitata_HIv3___RNAseq.g907.t1,ko00983
Montipora_capitata_HIv3___RNAseq.g907.t1,ko01100
Montipora_capitata_HIv3___RNAseq.g939.t1,ko03013
Montipora_capitata_HIv3___RNAseq.g934.t1,ko00450
Montipora_capitata_HIv3___RNAseq.g934.t1,ko00970
Montipora_capitata_HIv3___RNAseq.g948.t1,ko03040
Montipora_capitata_HIv3___TS.g38464.t2c,ko04142
Montipora_capitata_HIv3___TS.g38464.t2c,ko04216
Montipora_capitata_HIv3___TS.g38464.t2c,ko04978
Montipora_capitata_HIv3___TS.g38472.t1,ko03050
Montipora_capitata_HIv3___TS.g38472.t1,ko05169
Montipora_capitata_HIv3___RNAseq.g972.t1,ko04010
Montipora_capitata_HIv3___TS.g38489.t1,ko04010
Montipora_capitata_HIv3___RNAseq.g978.t1b,ko04514
Montipora_capitata_HIv3___RNAseq.g978.t1b,ko04520
Montipora_capitata_HIv3___RNAseq.g978.t1b,ko04630
Montipora_capitata_HIv3___RNAseq.g978.t1b,ko04910
Montipora_capitata_HIv3___RNAseq.g978.t1b,ko04931
Montipora_capitata_HIv3___RNAseq.g1018.t1,ko04550
Montipora_capitata_HIv3___RNAseq.g1018.t1,ko05202
Montipora_capitata_HIv3___RNAseq.g1018.t1,ko05206
Montipora_capitata_HIv3___RNAseq.g1052.t1,ko04550
Montipora_capitata_HIv3___RNAseq.g1052.t1,ko05202
Montipora_capitata_HIv3___RNAseq.g1052.t1,ko05206
Montipora_capitata_HIv3___TS.g38595.t1,ko00562
Montipora_capitata_HIv3___TS.g38595.t1,ko01100
Montipora_capitata_HIv3___TS.g38595.t1,ko04011
Montipora_capitata_HIv3___TS.g38595.t1,ko04070
Montipora_capitata_HIv3___TS.g38595.t1,ko04072
Montipora_capitata_HIv3___TS.g38595.t1,ko04139
Montipora_capitata_HIv3___TS.g38595.t1,ko04144
Montipora_capitata_HIv3___TS.g38595.t1,ko04666
Montipora_capitata_HIv3___TS.g38595.t1,ko04810
Montipora_capitata_HIv3___TS.g38595.t1,ko05231
Montipora_capitata_HIv3___TS.g38601.t1,ko00510
Montipora_capitata_HIv3___TS.g38601.t1,ko00513
Montipora_capitata_HIv3___TS.g38601.t1,ko01100
Montipora_capitata_HIv3___TS.g38601.t1,ko04141
Montipora_capitata_HIv3___RNAseq.g1123.t1,ko04714
Montipora_capitata_HIv3___RNAseq.g1123.t1,ko05225
Montipora_capitata_HIv3___RNAseq.g1142.t1,ko04979
Montipora_capitata_HIv3___RNAseq.g1148.t1,ko05206
Montipora_capitata_HIv3___RNAseq.g1149.t1,ko03450
Montipora_capitata_HIv3___RNAseq.7881_t,ko04340
Montipora_capitata_HIv3___RNAseq.7881_t,ko04341
Montipora_capitata_HIv3___RNAseq.7881_t,ko04360
Montipora_capitata_HIv3___RNAseq.7881_t,ko05200
Montipora_capitata_HIv3___RNAseq.7881_t,ko05205
Montipora_capitata_HIv3___RNAseq.7881_t,ko05217
Montipora_capitata_HIv3___RNAseq.7881_t,ko05226
Montipora_capitata_HIv3___RNAseq.7882_t,ko04340
Montipora_capitata_HIv3___RNAseq.7882_t,ko04341
Montipora_capitata_HIv3___RNAseq.7882_t,ko04360
Montipora_capitata_HIv3___RNAseq.7882_t,ko05200
Montipora_capitata_HIv3___RNAseq.7882_t,ko05205
Montipora_capitata_HIv3___RNAseq.7882_t,ko05217
Montipora_capitata_HIv3___RNAseq.7882_t,ko05226
Montipora_capitata_HIv3___RNAseq.g1166.t1,ko04146
Montipora_capitata_HIv3___RNAseq.g1163.t1,ko00280
Montipora_capitata_HIv3___RNAseq.g1163.t1,ko00410
Montipora_capitata_HIv3___RNAseq.g1163.t1,ko00640
Montipora_capitata_HIv3___RNAseq.g1163.t1,ko01100
Montipora_capitata_HIv3___RNAseq.g1163.t1,ko01200
Montipora_capitata_HIv3___RNAseq.g1164.t1,ko04013
Montipora_capitata_HIv3___RNAseq.g1164.t1,ko04068
Montipora_capitata_HIv3___RNAseq.g1164.t1,ko04146
Montipora_capitata_HIv3___RNAseq.g1164.t1,ko04211
Montipora_capitata_HIv3___RNAseq.g1164.t1,ko04212
Montipora_capitata_HIv3___RNAseq.g1164.t1,ko04213
Montipora_capitata_HIv3___RNAseq.g1164.t1,ko05016
Montipora_capitata_HIv3___TS.g38692.t1c,ko04015
Montipora_capitata_HIv3___TS.g38692.t1c,ko04145
Montipora_capitata_HIv3___TS.g38692.t1c,ko04151
Montipora_capitata_HIv3___TS.g38692.t1c,ko04360
Montipora_capitata_HIv3___TS.g38692.t1c,ko04380
Montipora_capitata_HIv3___TS.g38692.t1c,ko04390
Montipora_capitata_HIv3___TS.g38692.t1c,ko04510
Montipora_capitata_HIv3___TS.g38692.t1c,ko04512
Montipora_capitata_HIv3___TS.g38692.t1c,ko04514
Montipora_capitata_HIv3___TS.g38692.t1c,ko04530
Montipora_capitata_HIv3___TS.g38692.t1c,ko04610
Montipora_capitata_HIv3___TS.g38692.t1c,ko04611
Montipora_capitata_HIv3___TS.g38692.t1c,ko04640
Montipora_capitata_HIv3___TS.g38692.t1c,ko04650
Montipora_capitata_HIv3___TS.g38692.t1c,ko04670
Montipora_capitata_HIv3___TS.g38692.t1c,ko04810
Montipora_capitata_HIv3___TS.g38692.t1c,ko04919
Montipora_capitata_HIv3___TS.g38692.t1c,ko05100
Montipora_capitata_HIv3___TS.g38692.t1c,ko05130
Montipora_capitata_HIv3___TS.g38692.t1c,ko05131
Montipora_capitata_HIv3___TS.g38692.t1c,ko05133
Montipora_capitata_HIv3___TS.g38692.t1c,ko05134
Montipora_capitata_HIv3___TS.g38692.t1c,ko05140
Montipora_capitata_HIv3___TS.g38692.t1c,ko05144
Montipora_capitata_HIv3___TS.g38692.t1c,ko05145
Montipora_capitata_HIv3___TS.g38692.t1c,ko05146
Montipora_capitata_HIv3___TS.g38692.t1c,ko05150
Montipora_capitata_HIv3___TS.g38692.t1c,ko05152
Montipora_capitata_HIv3___TS.g38692.t1c,ko05165
Montipora_capitata_HIv3___TS.g38692.t1c,ko05166
Montipora_capitata_HIv3___TS.g38692.t1c,ko05200
Montipora_capitata_HIv3___TS.g38692.t1c,ko05205
Montipora_capitata_HIv3___TS.g38692.t1c,ko05206
Montipora_capitata_HIv3___TS.g38692.t1c,ko05222
Montipora_capitata_HIv3___TS.g38692.t1c,ko05323
Montipora_capitata_HIv3___TS.g38692.t1c,ko05410
Montipora_capitata_HIv3___TS.g38692.t1c,ko05412
Montipora_capitata_HIv3___TS.g38692.t1c,ko05414
Montipora_capitata_HIv3___TS.g38692.t1c,ko05416
Montipora_capitata_HIv3___TS.g38692.t1c,ko05418
Montipora_capitata_HIv3___RNAseq.g1186.t1,ko03040
Montipora_capitata_HIv3___RNAseq.g1192.t1,ko00900
Montipora_capitata_HIv3___RNAseq.g1192.t1,ko01130
Montipora_capitata_HIv3___TS.g38868.t1,ko00071
Montipora_capitata_HIv3___TS.g38868.t1,ko00592
Montipora_capitata_HIv3___TS.g38868.t1,ko01040
Montipora_capitata_HIv3___TS.g38868.t1,ko01100
Montipora_capitata_HIv3___TS.g38868.t1,ko01110
Montipora_capitata_HIv3___TS.g38868.t1,ko01212
Montipora_capitata_HIv3___TS.g38868.t1,ko03320
Montipora_capitata_HIv3___TS.g38868.t1,ko04024
Montipora_capitata_HIv3___TS.g38868.t1,ko04146
Montipora_capitata_HIv3___RNAseq.8106_t,ko00071
Montipora_capitata_HIv3___RNAseq.8106_t,ko00592
Montipora_capitata_HIv3___RNAseq.8106_t,ko01040
Montipora_capitata_HIv3___RNAseq.8106_t,ko01100
Montipora_capitata_HIv3___RNAseq.8106_t,ko01110
Montipora_capitata_HIv3___RNAseq.8106_t,ko01212
Montipora_capitata_HIv3___RNAseq.8106_t,ko03320
Montipora_capitata_HIv3___RNAseq.8106_t,ko04024
Montipora_capitata_HIv3___RNAseq.8106_t,ko04146
Montipora_capitata_HIv3___RNAseq.g1536.t1,ko04146
Montipora_capitata_HIv3___RNAseq.g1537.t1,ko03018
Montipora_capitata_HIv3___RNAseq.g1539.t1,ko00750
Montipora_capitata_HIv3___RNAseq.g1539.t1,ko01100
Montipora_capitata_HIv3___RNAseq.g1539.t1,ko01120
Montipora_capitata_HIv3___RNAseq.g1540.t1,ko03015
Montipora_capitata_HIv3___RNAseq.g1541.t1,ko03015
Montipora_capitata_HIv3___RNAseq.g1561.t1,ko00100
Montipora_capitata_HIv3___RNAseq.g1561.t1,ko04979
Montipora_capitata_HIv3___RNAseq.g1549.t1,ko04144
Montipora_capitata_HIv3___RNAseq.g1562.t1,ko00100
Montipora_capitata_HIv3___RNAseq.g1562.t1,ko04979
Montipora_capitata_HIv3___RNAseq.g1689.t1,ko00380
Montipora_capitata_HIv3___RNAseq.g1689.t1,ko01100
Montipora_capitata_HIv3___RNAseq.g1684.t2,ko00190
Montipora_capitata_HIv3___RNAseq.g1684.t2,ko01100
Montipora_capitata_HIv3___RNAseq.g1684.t2,ko04142
Montipora_capitata_HIv3___RNAseq.g1684.t2,ko04145
Montipora_capitata_HIv3___RNAseq.g1684.t2,ko04721
Montipora_capitata_HIv3___RNAseq.g1684.t2,ko04966
Montipora_capitata_HIv3___RNAseq.g1684.t2,ko05110
Montipora_capitata_HIv3___RNAseq.g1684.t2,ko05120
Montipora_capitata_HIv3___RNAseq.g1684.t2,ko05152
Montipora_capitata_HIv3___RNAseq.g1684.t2,ko05165
Montipora_capitata_HIv3___RNAseq.g1684.t2,ko05323
Montipora_capitata_HIv3___TS.g39200.t2,ko04015
Montipora_capitata_HIv3___TS.g39200.t2,ko04145
Montipora_capitata_HIv3___TS.g39200.t2,ko04151
Montipora_capitata_HIv3___TS.g39200.t2,ko04360
Montipora_capitata_HIv3___TS.g39200.t2,ko04380
Montipora_capitata_HIv3___TS.g39200.t2,ko04390
Montipora_capitata_HIv3___TS.g39200.t2,ko04510
Montipora_capitata_HIv3___TS.g39200.t2,ko04512
Montipora_capitata_HIv3___TS.g39200.t2,ko04514
Montipora_capitata_HIv3___TS.g39200.t2,ko04530
Montipora_capitata_HIv3___TS.g39200.t2,ko04610
Montipora_capitata_HIv3___TS.g39200.t2,ko04611
Montipora_capitata_HIv3___TS.g39200.t2,ko04640
Montipora_capitata_HIv3___TS.g39200.t2,ko04650
Montipora_capitata_HIv3___TS.g39200.t2,ko04670
Montipora_capitata_HIv3___TS.g39200.t2,ko04810
Montipora_capitata_HIv3___TS.g39200.t2,ko04919
Montipora_capitata_HIv3___TS.g39200.t2,ko05100
Montipora_capitata_HIv3___TS.g39200.t2,ko05130
Montipora_capitata_HIv3___TS.g39200.t2,ko05131
Montipora_capitata_HIv3___TS.g39200.t2,ko05133
Montipora_capitata_HIv3___TS.g39200.t2,ko05134
Montipora_capitata_HIv3___TS.g39200.t2,ko05140
Montipora_capitata_HIv3___TS.g39200.t2,ko05144
Montipora_capitata_HIv3___TS.g39200.t2,ko05145
Montipora_capitata_HIv3___TS.g39200.t2,ko05146
Montipora_capitata_HIv3___TS.g39200.t2,ko05150
Montipora_capitata_HIv3___TS.g39200.t2,ko05152
Montipora_capitata_HIv3___TS.g39200.t2,ko05165
Montipora_capitata_HIv3___TS.g39200.t2,ko05166
Montipora_capitata_HIv3___TS.g39200.t2,ko05200
Montipora_capitata_HIv3___TS.g39200.t2,ko05205
Montipora_capitata_HIv3___TS.g39200.t2,ko05206
Montipora_capitata_HIv3___TS.g39200.t2,ko05222
Montipora_capitata_HIv3___TS.g39200.t2,ko05323
Montipora_capitata_HIv3___TS.g39200.t2,ko05410
Montipora_capitata_HIv3___TS.g39200.t2,ko05412
Montipora_capitata_HIv3___TS.g39200.t2,ko05414
Montipora_capitata_HIv3___TS.g39200.t2,ko05416
Montipora_capitata_HIv3___TS.g39200.t2,ko05418
Montipora_capitata_HIv3___RNAseq.g1912.t1,ko05202
Montipora_capitata_HIv3___RNAseq.g1912.t1,ko05215
Montipora_capitata_HIv3___RNAseq.g1909.t1,ko00270
Montipora_capitata_HIv3___RNAseq.g1909.t1,ko01100
Montipora_capitata_HIv3___RNAseq.g1909.t1,ko05206
Montipora_capitata_HIv3___RNAseq.g1924.t1,ko04110
Montipora_capitata_HIv3___RNAseq.g1924.t1,ko04111
Montipora_capitata_HIv3___RNAseq.g1924.t1,ko04114
Montipora_capitata_HIv3___RNAseq.g1924.t1,ko04120
Montipora_capitata_HIv3___RNAseq.g1924.t1,ko04141
Montipora_capitata_HIv3___RNAseq.g1924.t1,ko04310
Montipora_capitata_HIv3___RNAseq.g1924.t1,ko04340
Montipora_capitata_HIv3___RNAseq.g1924.t1,ko04341
Montipora_capitata_HIv3___RNAseq.g1924.t1,ko04350
Montipora_capitata_HIv3___RNAseq.g1924.t1,ko04710
Montipora_capitata_HIv3___RNAseq.g1924.t1,ko05168
Montipora_capitata_HIv3___RNAseq.g1924.t1,ko05200
Montipora_capitata_HIv3___RNAseq.g2046.t1,ko00512
Montipora_capitata_HIv3___RNAseq.g2046.t1,ko01100
Montipora_capitata_HIv3___RNAseq.g2049.t1,ko00040
Montipora_capitata_HIv3___RNAseq.g2049.t1,ko00515
Montipora_capitata_HIv3___RNAseq.g2049.t1,ko01100
Montipora_capitata_HIv3___TS.g39602.t2,ko04110
Montipora_capitata_HIv3___TS.g39602.t2,ko04111
Montipora_capitata_HIv3___TS.g39602.t2,ko04113
Montipora_capitata_HIv3___TS.g39600.t3,ko04022
Montipora_capitata_HIv3___TS.g39600.t3,ko04024
Montipora_capitata_HIv3___TS.g39600.t3,ko04151
Montipora_capitata_HIv3___TS.g39600.t3,ko04152
Montipora_capitata_HIv3___TS.g39600.t3,ko04211
Montipora_capitata_HIv3___TS.g39600.t3,ko04261
Montipora_capitata_HIv3___TS.g39600.t3,ko04668
Montipora_capitata_HIv3___TS.g39600.t3,ko04714
Montipora_capitata_HIv3___TS.g39600.t3,ko04725
Montipora_capitata_HIv3___TS.g39600.t3,ko04728
Montipora_capitata_HIv3___TS.g39600.t3,ko04911
Montipora_capitata_HIv3___TS.g39600.t3,ko04915
Montipora_capitata_HIv3___TS.g39600.t3,ko04918
Montipora_capitata_HIv3___TS.g39600.t3,ko04922
Montipora_capitata_HIv3___TS.g39600.t3,ko04925
Montipora_capitata_HIv3___TS.g39600.t3,ko04926
Montipora_capitata_HIv3___TS.g39600.t3,ko04927
Montipora_capitata_HIv3___TS.g39600.t3,ko04931
Montipora_capitata_HIv3___TS.g39600.t3,ko04934
Montipora_capitata_HIv3___TS.g39600.t3,ko04962
Montipora_capitata_HIv3___TS.g39600.t3,ko05016
Montipora_capitata_HIv3___TS.g39600.t3,ko05030
Montipora_capitata_HIv3___TS.g39600.t3,ko05031
Montipora_capitata_HIv3___TS.g39600.t3,ko05034
Montipora_capitata_HIv3___TS.g39600.t3,ko05161
Montipora_capitata_HIv3___TS.g39600.t3,ko05165
Montipora_capitata_HIv3___TS.g39600.t3,ko05203
Montipora_capitata_HIv3___TS.g39600.t3,ko05215
Montipora_capitata_HIv3___RNAseq.g2091.t1,ko04066
Montipora_capitata_HIv3___RNAseq.g2091.t1,ko04360
Montipora_capitata_HIv3___RNAseq.g2091.t1,ko05230
Montipora_capitata_HIv3___RNAseq.g2106.t1,ko04066
Montipora_capitata_HIv3___RNAseq.g2106.t1,ko04360
Montipora_capitata_HIv3___RNAseq.g2106.t1,ko05230
Montipora_capitata_HIv3___RNAseq.g2110.t1,ko04066
Montipora_capitata_HIv3___RNAseq.g2110.t1,ko04360
Montipora_capitata_HIv3___RNAseq.g2110.t1,ko05230
Montipora_capitata_HIv3___RNAseq.g2136.t1,ko03040
Montipora_capitata_HIv3___TS.g39673.t1,ko03040
Montipora_capitata_HIv3___TS.g39675.t1,ko03040
Montipora_capitata_HIv3___RNAseq.g2141.t1,ko03040
Montipora_capitata_HIv3___RNAseq.g2145.t1,ko03040
Montipora_capitata_HIv3___RNAseq.g2349.t1,ko00330
Montipora_capitata_HIv3___RNAseq.g2349.t1,ko01100
Montipora_capitata_HIv3___TS.g39904.t1,ko04320
Montipora_capitata_HIv3___RNAseq.g2344.t1,ko00230
Montipora_capitata_HIv3___RNAseq.g2344.t1,ko00670
Montipora_capitata_HIv3___RNAseq.g2344.t1,ko01100
Montipora_capitata_HIv3___RNAseq.g2344.t1,ko01110
Montipora_capitata_HIv3___RNAseq.g2344.t1,ko01130
Montipora_capitata_HIv3___RNAseq.g2344.t1,ko01523
Montipora_capitata_HIv3___TS.g39899.t1,ko00230
Montipora_capitata_HIv3___TS.g39899.t1,ko00670
Montipora_capitata_HIv3___TS.g39899.t1,ko01100
Montipora_capitata_HIv3___TS.g39899.t1,ko01110
Montipora_capitata_HIv3___TS.g39899.t1,ko01130
Montipora_capitata_HIv3___TS.g39899.t1,ko01523
Montipora_capitata_HIv3___RNAseq.g2436.t1,ko04015
Montipora_capitata_HIv3___RNAseq.g2436.t1,ko04020
Montipora_capitata_HIv3___RNAseq.g2436.t1,ko04022
Montipora_capitata_HIv3___RNAseq.g2436.t1,ko04071
Montipora_capitata_HIv3___RNAseq.g2436.t1,ko04261
Montipora_capitata_HIv3___RNAseq.g2436.t1,ko04270
Montipora_capitata_HIv3___RNAseq.g2436.t1,ko04371
Montipora_capitata_HIv3___RNAseq.g2436.t1,ko04540
Montipora_capitata_HIv3___RNAseq.g2436.t1,ko04611
Montipora_capitata_HIv3___RNAseq.g2436.t1,ko04713
Montipora_capitata_HIv3___RNAseq.g2436.t1,ko04720
Montipora_capitata_HIv3___RNAseq.g2436.t1,ko04723
Montipora_capitata_HIv3___RNAseq.g2436.t1,ko04724
Montipora_capitata_HIv3___RNAseq.g2436.t1,ko04725
Montipora_capitata_HIv3___RNAseq.g2436.t1,ko04726
Montipora_capitata_HIv3___RNAseq.g2436.t1,ko04728
Montipora_capitata_HIv3___RNAseq.g2436.t1,ko04730
Montipora_capitata_HIv3___RNAseq.g2436.t1,ko04745
Montipora_capitata_HIv3___RNAseq.g2436.t1,ko04750
Montipora_capitata_HIv3___RNAseq.g2436.t1,ko04911
Montipora_capitata_HIv3___RNAseq.g2436.t1,ko04912
Montipora_capitata_HIv3___RNAseq.g2436.t1,ko04915
Montipora_capitata_HIv3___RNAseq.g2436.t1,ko04916
Montipora_capitata_HIv3___RNAseq.g2436.t1,ko04918
Montipora_capitata_HIv3___RNAseq.g2436.t1,ko04921
Montipora_capitata_HIv3___RNAseq.g2436.t1,ko04922
Montipora_capitata_HIv3___RNAseq.g2436.t1,ko04924
Montipora_capitata_HIv3___RNAseq.g2436.t1,ko04925
Montipora_capitata_HIv3___RNAseq.g2436.t1,ko04927
Montipora_capitata_HIv3___RNAseq.g2436.t1,ko04934
Montipora_capitata_HIv3___RNAseq.g2436.t1,ko04961
Montipora_capitata_HIv3___RNAseq.g2436.t1,ko04970
Montipora_capitata_HIv3___RNAseq.g2436.t1,ko04971
Montipora_capitata_HIv3___RNAseq.g2436.t1,ko04972
Montipora_capitata_HIv3___RNAseq.g2436.t1,ko05010
Montipora_capitata_HIv3___RNAseq.g2436.t1,ko05016
Montipora_capitata_HIv3___RNAseq.g2436.t1,ko05142
Montipora_capitata_HIv3___RNAseq.g2436.t1,ko05143
Montipora_capitata_HIv3___RNAseq.g2436.t1,ko05146
Montipora_capitata_HIv3___RNAseq.g2436.t1,ko05200
Montipora_capitata_HIv3___RNAseq.g2437.t1,ko00790
Montipora_capitata_HIv3___RNAseq.g2460.t1,ko04217
Montipora_capitata_HIv3___RNAseq.g2460.t1,ko05034
Montipora_capitata_HIv3___RNAseq.g2460.t1,ko05322
Montipora_capitata_HIv3___RNAseq.g2454.t1,ko00230
Montipora_capitata_HIv3___RNAseq.g2454.t1,ko01522
Montipora_capitata_HIv3___RNAseq.g2454.t1,ko04015
Montipora_capitata_HIv3___RNAseq.g2454.t1,ko04020
Montipora_capitata_HIv3___RNAseq.g2454.t1,ko04022
Montipora_capitata_HIv3___RNAseq.g2454.t1,ko04024
Montipora_capitata_HIv3___RNAseq.g2454.t1,ko04062
Montipora_capitata_HIv3___RNAseq.g2454.t1,ko04072
Montipora_capitata_HIv3___RNAseq.g2454.t1,ko04114
Montipora_capitata_HIv3___RNAseq.g2454.t1,ko04211
Montipora_capitata_HIv3___RNAseq.g2454.t1,ko04213
Montipora_capitata_HIv3___RNAseq.g2454.t1,ko04261
Montipora_capitata_HIv3___RNAseq.g2454.t1,ko04270
Montipora_capitata_HIv3___RNAseq.g2454.t1,ko04371
Montipora_capitata_HIv3___RNAseq.g2454.t1,ko04540
Montipora_capitata_HIv3___RNAseq.g2454.t1,ko04611
Montipora_capitata_HIv3___RNAseq.g2454.t1,ko04713
Montipora_capitata_HIv3___RNAseq.g2454.t1,ko04714
Montipora_capitata_HIv3___RNAseq.g2454.t1,ko04723
Montipora_capitata_HIv3___RNAseq.g2454.t1,ko04724
Montipora_capitata_HIv3___RNAseq.g2454.t1,ko04725
Montipora_capitata_HIv3___RNAseq.g2454.t1,ko04726
Montipora_capitata_HIv3___RNAseq.g2454.t1,ko04727
Montipora_capitata_HIv3___RNAseq.g2454.t1,ko04728
Montipora_capitata_HIv3___RNAseq.g2454.t1,ko04740
Montipora_capitata_HIv3___RNAseq.g2454.t1,ko04742
Montipora_capitata_HIv3___RNAseq.g2454.t1,ko04750
Montipora_capitata_HIv3___RNAseq.g2454.t1,ko04911
Montipora_capitata_HIv3___RNAseq.g2454.t1,ko04912
Montipora_capitata_HIv3___RNAseq.g2454.t1,ko04913
Montipora_capitata_HIv3___RNAseq.g2454.t1,ko04914
Montipora_capitata_HIv3___RNAseq.g2454.t1,ko04915
Montipora_capitata_HIv3___RNAseq.g2454.t1,ko04916
Montipora_capitata_HIv3___RNAseq.g2454.t1,ko04918
Montipora_capitata_HIv3___RNAseq.g2454.t1,ko04921
Montipora_capitata_HIv3___RNAseq.g2454.t1,ko04923
Montipora_capitata_HIv3___RNAseq.g2454.t1,ko04924
Montipora_capitata_HIv3___RNAseq.g2454.t1,ko04925
Montipora_capitata_HIv3___RNAseq.g2454.t1,ko04926
Montipora_capitata_HIv3___RNAseq.g2454.t1,ko04927
Montipora_capitata_HIv3___RNAseq.g2454.t1,ko04934
Montipora_capitata_HIv3___RNAseq.g2454.t1,ko04961
Montipora_capitata_HIv3___RNAseq.g2454.t1,ko04962
Montipora_capitata_HIv3___RNAseq.g2454.t1,ko04970
Montipora_capitata_HIv3___RNAseq.g2454.t1,ko04971
Montipora_capitata_HIv3___RNAseq.g2454.t1,ko04972
Montipora_capitata_HIv3___RNAseq.g2454.t1,ko04976
Montipora_capitata_HIv3___RNAseq.g2454.t1,ko05012
Montipora_capitata_HIv3___RNAseq.g2454.t1,ko05030
Montipora_capitata_HIv3___RNAseq.g2454.t1,ko05031
Montipora_capitata_HIv3___RNAseq.g2454.t1,ko05032
Montipora_capitata_HIv3___RNAseq.g2454.t1,ko05034
Montipora_capitata_HIv3___RNAseq.g2454.t1,ko05110
Montipora_capitata_HIv3___RNAseq.g2454.t1,ko05166
Montipora_capitata_HIv3___RNAseq.g2454.t1,ko05200
Montipora_capitata_HIv3___RNAseq.g2454.t1,ko05414
Montipora_capitata_HIv3___RNAseq.g2466.t1,ko00281
Montipora_capitata_HIv3___TS.g40030.t1,ko04012
Montipora_capitata_HIv3___TS.g40030.t1,ko04062
Montipora_capitata_HIv3___TS.g40030.t1,ko04217
Montipora_capitata_HIv3___TS.g40030.t1,ko04630
Montipora_capitata_HIv3___TS.g40030.t1,ko04658
Montipora_capitata_HIv3___TS.g40030.t1,ko04659
Montipora_capitata_HIv3___TS.g40030.t1,ko04917
Montipora_capitata_HIv3___TS.g40030.t1,ko04933
Montipora_capitata_HIv3___TS.g40030.t1,ko05161
Montipora_capitata_HIv3___TS.g40030.t1,ko05162
Montipora_capitata_HIv3___TS.g40030.t1,ko05166
Montipora_capitata_HIv3___TS.g40030.t1,ko05200
Montipora_capitata_HIv3___TS.g40030.t1,ko05203
Montipora_capitata_HIv3___TS.g40030.t1,ko05220
Montipora_capitata_HIv3___TS.g40030.t1,ko05221
Montipora_capitata_HIv3___TS.g40030.t1,ko05223
Montipora_capitata_HIv3___RNAseq.g2530.t1,ko00970
Montipora_capitata_HIv3___RNAseq.g2535.t1,ko03050
Montipora_capitata_HIv3___RNAseq.g2535.t1,ko05169
Montipora_capitata_HIv3___RNAseq.g2540.t1,ko04144
Montipora_capitata_HIv3___RNAseq.g2540.t1,ko04217
Montipora_capitata_HIv3___RNAseq.g2570.t1,ko03013
Montipora_capitata_HIv3___RNAseq.g2570.t1,ko05418
Montipora_capitata_HIv3___RNAseq.g2582.t1,ko00563
Montipora_capitata_HIv3___RNAseq.g2580.t1,ko03013
Montipora_capitata_HIv3___RNAseq.g2580.t1,ko05418
Montipora_capitata_HIv3___TS.g40158.t1,ko00531
Montipora_capitata_HIv3___TS.g40158.t1,ko01100
Montipora_capitata_HIv3___TS.g40229.t1a,ko04714
Montipora_capitata_HIv3___TS.g40229.t1a,ko05225
Montipora_capitata_HIv3___TS.g40268.t1,ko03010
Montipora_capitata_HIv3___TS.g40268.t1,ko04141
Montipora_capitata_HIv3___RNAseq.g2711.t1,ko03010
Montipora_capitata_HIv3___RNAseq.g2711.t1,ko04141
Montipora_capitata_HIv3___TS.g40322.t1,ko04138
Montipora_capitata_HIv3___RNAseq.g2809.t1,ko04510
Montipora_capitata_HIv3___RNAseq.g2809.t1,ko04530
Montipora_capitata_HIv3___RNAseq.g2809.t1,ko04611
Montipora_capitata_HIv3___RNAseq.g2809.t1,ko04670
Montipora_capitata_HIv3___RNAseq.g2809.t1,ko04810
Montipora_capitata_HIv3___RNAseq.g2805.t1,ko03040
Montipora_capitata_HIv3___RNAseq.g2806.t1,ko03008
Montipora_capitata_HIv3___RNAseq.g2806.t1,ko03013
Montipora_capitata_HIv3___RNAseq.g2813.t1,ko00600
Montipora_capitata_HIv3___RNAseq.g2813.t1,ko01100
Montipora_capitata_HIv3___RNAseq.g2813.t1,ko04071
Montipora_capitata_HIv3___RNAseq.g2816.t1,ko04721
Montipora_capitata_HIv3___RNAseq.g2816.t1,ko04723
Montipora_capitata_HIv3___RNAseq.g2816.t1,ko04727
Montipora_capitata_HIv3___RNAseq.g2816.t1,ko05032
Montipora_capitata_HIv3___RNAseq.g2816.t1,ko05033
Montipora_capitata_HIv3___RNAseq.g2817.t1,ko04721
Montipora_capitata_HIv3___RNAseq.g2817.t1,ko04723
Montipora_capitata_HIv3___RNAseq.g2817.t1,ko04727
Montipora_capitata_HIv3___RNAseq.g2817.t1,ko05032
Montipora_capitata_HIv3___RNAseq.g2817.t1,ko05033
Montipora_capitata_HIv3___TS.g40371.t1,ko04721
Montipora_capitata_HIv3___TS.g40371.t1,ko04723
Montipora_capitata_HIv3___TS.g40371.t1,ko04727
Montipora_capitata_HIv3___TS.g40371.t1,ko05032
Montipora_capitata_HIv3___TS.g40371.t1,ko05033
Montipora_capitata_HIv3___TS.g40379.t2,ko04150
Montipora_capitata_HIv3___TS.g40380.t1,ko03030
Montipora_capitata_HIv3___TS.g40380.t1,ko03420
Montipora_capitata_HIv3___TS.g40380.t1,ko03430
Montipora_capitata_HIv3___TS.g40380.t1,ko03440
Montipora_capitata_HIv3___TS.g40380.t1,ko03460
Montipora_capitata_HIv3___TS.g40459.t2,ko04015
Montipora_capitata_HIv3___TS.g40459.t2,ko04611
Montipora_capitata_HIv3___RNAseq.g2915.t1a,ko00561
Montipora_capitata_HIv3___RNAseq.g2915.t1a,ko00564
Montipora_capitata_HIv3___RNAseq.g2915.t1a,ko01100
Montipora_capitata_HIv3___RNAseq.g2915.t1a,ko01110
Montipora_capitata_HIv3___RNAseq.g2915.t1a,ko04070
Montipora_capitata_HIv3___RNAseq.g2915.t1a,ko04072
Montipora_capitata_HIv3___RNAseq.g2915.t1a,ko05231
Montipora_capitata_HIv3___RNAseq.g2919.t1,ko00190
Montipora_capitata_HIv3___RNAseq.g2919.t1,ko01100
Montipora_capitata_HIv3___RNAseq.g2919.t1,ko04145
Montipora_capitata_HIv3___RNAseq.g2919.t1,ko04150
Montipora_capitata_HIv3___RNAseq.g2919.t1,ko04721
Montipora_capitata_HIv3___RNAseq.g2919.t1,ko04966
Montipora_capitata_HIv3___RNAseq.g2919.t1,ko05110
Montipora_capitata_HIv3___RNAseq.g2919.t1,ko05120
Montipora_capitata_HIv3___RNAseq.g2919.t1,ko05323
Montipora_capitata_HIv3___RNAseq.g2918.t1,ko00190
Montipora_capitata_HIv3___RNAseq.g2918.t1,ko01100
Montipora_capitata_HIv3___RNAseq.g2918.t1,ko04714
Montipora_capitata_HIv3___RNAseq.g2918.t1,ko04723
Montipora_capitata_HIv3___RNAseq.g2918.t1,ko04932
Montipora_capitata_HIv3___RNAseq.g2918.t1,ko05010
Montipora_capitata_HIv3___RNAseq.g2918.t1,ko05012
Montipora_capitata_HIv3___RNAseq.g2918.t1,ko05016
Montipora_capitata_HIv3___TS.g40487.t2b,ko00770
Montipora_capitata_HIv3___TS.g40487.t2b,ko01100
Montipora_capitata_HIv3___RNAseq.g2926.t1,ko04136
Montipora_capitata_HIv3___RNAseq.g2926.t1,ko04138
Montipora_capitata_HIv3___RNAseq.g2926.t1,ko04140
Montipora_capitata_HIv3___TS.g40498.t2,ko00052
Montipora_capitata_HIv3___TS.g40498.t2,ko00511
Montipora_capitata_HIv3___TS.g40498.t2,ko00531
Montipora_capitata_HIv3___TS.g40498.t2,ko00600
Montipora_capitata_HIv3___TS.g40498.t2,ko00604
Montipora_capitata_HIv3___TS.g40498.t2,ko01100
Montipora_capitata_HIv3___TS.g40498.t2,ko04142
Montipora_capitata_HIv3___RNAseq.g2935.t1,ko00052
Montipora_capitata_HIv3___RNAseq.g2935.t1,ko00511
Montipora_capitata_HIv3___RNAseq.g2935.t1,ko00531
Montipora_capitata_HIv3___RNAseq.g2935.t1,ko00600
Montipora_capitata_HIv3___RNAseq.g2935.t1,ko00604
Montipora_capitata_HIv3___RNAseq.g2935.t1,ko01100
Montipora_capitata_HIv3___RNAseq.g2935.t1,ko04142
Montipora_capitata_HIv3___RNAseq.g3028.t1,ko04066
Montipora_capitata_HIv3___RNAseq.g3028.t1,ko04120
Montipora_capitata_HIv3___RNAseq.g3028.t1,ko05200
Montipora_capitata_HIv3___RNAseq.g3028.t1,ko05211
Montipora_capitata_HIv3___RNAseq.g3024.t1,ko00230
Montipora_capitata_HIv3___RNAseq.g3024.t1,ko01100
Montipora_capitata_HIv3___RNAseq.g3024.t1,ko01120
Montipora_capitata_HIv3___TS.g40595.t3,ko04144
Montipora_capitata_HIv3___TS.g40595.t3,ko04728
Montipora_capitata_HIv3___TS.g40638.t1,ko03320
Montipora_capitata_HIv3___RNAseq.g3090.t2,ko00280
Montipora_capitata_HIv3___RNAseq.g3090.t2,ko01100
Montipora_capitata_HIv3___RNAseq.g3103.t1,ko04371
Montipora_capitata_HIv3___RNAseq.g3103.t1,ko05034
Montipora_capitata_HIv3___RNAseq.g3103.t1,ko05165
Montipora_capitata_HIv3___RNAseq.g3103.t1,ko05169
Montipora_capitata_HIv3___RNAseq.g3103.t1,ko05203
Montipora_capitata_HIv3___TS.g40676.t1,ko04371
Montipora_capitata_HIv3___TS.g40676.t1,ko05034
Montipora_capitata_HIv3___TS.g40676.t1,ko05165
Montipora_capitata_HIv3___TS.g40676.t1,ko05169
Montipora_capitata_HIv3___TS.g40676.t1,ko05203
Montipora_capitata_HIv3___RNAseq.g3109.t1,ko04141
Montipora_capitata_HIv3___TS.g40670.t1b,ko04940
Montipora_capitata_HIv3___TS.g40689.t1b,ko00260
Montipora_capitata_HIv3___TS.g40689.t1b,ko00330
Montipora_capitata_HIv3___TS.g40689.t1b,ko00340
Montipora_capitata_HIv3___TS.g40689.t1b,ko00350
Montipora_capitata_HIv3___TS.g40689.t1b,ko00360
Montipora_capitata_HIv3___TS.g40689.t1b,ko00380
Montipora_capitata_HIv3___TS.g40689.t1b,ko00950
Montipora_capitata_HIv3___TS.g40689.t1b,ko00982
Montipora_capitata_HIv3___TS.g40689.t1b,ko01100
Montipora_capitata_HIv3___TS.g40689.t1b,ko01110
Montipora_capitata_HIv3___TS.g40689.t1b,ko04726
Montipora_capitata_HIv3___TS.g40689.t1b,ko04728
Montipora_capitata_HIv3___TS.g40689.t1b,ko05030
Montipora_capitata_HIv3___TS.g40689.t1b,ko05031
Montipora_capitata_HIv3___TS.g40689.t1b,ko05034
Montipora_capitata_HIv3___RNAseq.g3119.t1,ko03050
Montipora_capitata_HIv3___RNAseq.g3119.t1,ko05169
Montipora_capitata_HIv3___RNAseq.g3140.t1,ko00564
Montipora_capitata_HIv3___RNAseq.g3140.t1,ko00983
Montipora_capitata_HIv3___RNAseq.g3140.t1,ko04514
Montipora_capitata_HIv3___RNAseq.g3140.t1,ko04725
Montipora_capitata_HIv3___RNAseq.g3122.t1,ko04340
Montipora_capitata_HIv3___RNAseq.g3122.t1,ko04341
Montipora_capitata_HIv3___TS.g40708.t2,ko04270
Montipora_capitata_HIv3___TS.g40708.t2,ko04530
Montipora_capitata_HIv3___TS.g40708.t2,ko04921
Montipora_capitata_HIv3___RNAseq.g3144.t1,ko04270
Montipora_capitata_HIv3___RNAseq.g3144.t1,ko04530
Montipora_capitata_HIv3___RNAseq.g3144.t1,ko04921
Montipora_capitata_HIv3___RNAseq.g3145.t1,ko04218
Montipora_capitata_HIv3___RNAseq.g3149.t1,ko01522
Montipora_capitata_HIv3___RNAseq.g3149.t1,ko04110
Montipora_capitata_HIv3___RNAseq.g3149.t1,ko04115
Montipora_capitata_HIv3___RNAseq.g3149.t1,ko04151
Montipora_capitata_HIv3___RNAseq.g3149.t1,ko04218
Montipora_capitata_HIv3___RNAseq.g3149.t1,ko04530
Montipora_capitata_HIv3___RNAseq.g3149.t1,ko04660
Montipora_capitata_HIv3___RNAseq.g3149.t1,ko04933
Montipora_capitata_HIv3___RNAseq.g3149.t1,ko04934
Montipora_capitata_HIv3___RNAseq.g3149.t1,ko05161
Montipora_capitata_HIv3___RNAseq.g3149.t1,ko05162
Montipora_capitata_HIv3___RNAseq.g3149.t1,ko05165
Montipora_capitata_HIv3___RNAseq.g3149.t1,ko05166
Montipora_capitata_HIv3___RNAseq.g3149.t1,ko05167
Montipora_capitata_HIv3___RNAseq.g3149.t1,ko05200
Montipora_capitata_HIv3___RNAseq.g3149.t1,ko05203
Montipora_capitata_HIv3___RNAseq.g3149.t1,ko05206
Montipora_capitata_HIv3___RNAseq.g3149.t1,ko05212
Montipora_capitata_HIv3___RNAseq.g3149.t1,ko05214
Montipora_capitata_HIv3___RNAseq.g3149.t1,ko05218
Montipora_capitata_HIv3___RNAseq.g3149.t1,ko05219
Montipora_capitata_HIv3___RNAseq.g3149.t1,ko05220
Montipora_capitata_HIv3___RNAseq.g3149.t1,ko05222
Montipora_capitata_HIv3___RNAseq.g3149.t1,ko05223
Montipora_capitata_HIv3___RNAseq.g3149.t1,ko05224
Montipora_capitata_HIv3___RNAseq.g3149.t1,ko05225
Montipora_capitata_HIv3___RNAseq.g3147.t1,ko04320
Montipora_capitata_HIv3___RNAseq.g3171.t1,ko00280
Montipora_capitata_HIv3___RNAseq.g3171.t1,ko00630
Montipora_capitata_HIv3___RNAseq.g3171.t1,ko00640
Montipora_capitata_HIv3___RNAseq.g3171.t1,ko00720
Montipora_capitata_HIv3___RNAseq.g3171.t1,ko01100
Montipora_capitata_HIv3___RNAseq.g3171.t1,ko01120
Montipora_capitata_HIv3___RNAseq.g3171.t1,ko01200
Montipora_capitata_HIv3___RNAseq.g3172.t1,ko04024
Montipora_capitata_HIv3___RNAseq.g3172.t1,ko04742
Montipora_capitata_HIv3___RNAseq.g3170.t1,ko04666
Montipora_capitata_HIv3___RNAseq.g3173.t1,ko00190
Montipora_capitata_HIv3___RNAseq.g3173.t1,ko01100
Montipora_capitata_HIv3___RNAseq.g3173.t1,ko04714
Montipora_capitata_HIv3___RNAseq.g3173.t1,ko04723
Montipora_capitata_HIv3___RNAseq.g3173.t1,ko04932
Montipora_capitata_HIv3___RNAseq.g3173.t1,ko05010
Montipora_capitata_HIv3___RNAseq.g3173.t1,ko05012
Montipora_capitata_HIv3___RNAseq.g3173.t1,ko05016
Montipora_capitata_HIv3___RNAseq.g3174.t1,ko03010
Montipora_capitata_HIv3___RNAseq.g3184.t1,ko00250
Montipora_capitata_HIv3___RNAseq.g3184.t1,ko01100
Montipora_capitata_HIv3___RNAseq.g3184.t1,ko01110
Montipora_capitata_HIv3___RNAseq.g3218.t1,ko03040
Montipora_capitata_HIv3___RNAseq.g3190.t2,ko04530
Montipora_capitata_HIv3___RNAseq.g3192.t1,ko00590
Montipora_capitata_HIv3___RNAseq.g3192.t1,ko00790
Montipora_capitata_HIv3___RNAseq.g3192.t1,ko00980
Montipora_capitata_HIv3___RNAseq.g3192.t1,ko01100
Montipora_capitata_HIv3___RNAseq.g3192.t1,ko05204
Montipora_capitata_HIv3___RNAseq.g3201.t1,ko00860
Montipora_capitata_HIv3___RNAseq.g3201.t1,ko01100
Montipora_capitata_HIv3___RNAseq.g3201.t1,ko01110
Montipora_capitata_HIv3___RNAseq.g3201.t1,ko04066
Montipora_capitata_HIv3___RNAseq.g3201.t1,ko04216
Montipora_capitata_HIv3___RNAseq.g3201.t1,ko04978
Montipora_capitata_HIv3___RNAseq.g3201.t1,ko05200
Montipora_capitata_HIv3___RNAseq.g3201.t1,ko05206
Montipora_capitata_HIv3___RNAseq.g3201.t1,ko05225
Montipora_capitata_HIv3___RNAseq.g3201.t1,ko05418
Montipora_capitata_HIv3___TS.g40780.t1,ko04714
Montipora_capitata_HIv3___TS.g40780.t1,ko05225
Montipora_capitata_HIv3___RNAseq.g3277.t1,ko04060
Montipora_capitata_HIv3___RNAseq.g3277.t1,ko04350
Montipora_capitata_HIv3___RNAseq.g3277.t1,ko04550
Montipora_capitata_HIv3___RNAseq.g3277.t1,ko05418
Montipora_capitata_HIv3___RNAseq.g3278.t1,ko04060
Montipora_capitata_HIv3___RNAseq.g3278.t1,ko04350
Montipora_capitata_HIv3___RNAseq.g3278.t1,ko04550
Montipora_capitata_HIv3___RNAseq.g3278.t1,ko05418
Montipora_capitata_HIv3___RNAseq.g3299.t1,ko00310
Montipora_capitata_HIv3___RNAseq.g3286.t1a,ko05166
Montipora_capitata_HIv3___RNAseq.g3287.t1,ko05166
Montipora_capitata_HIv3___RNAseq.g3289.t1,ko04080
Montipora_capitata_HIv3___RNAseq.g3289.t1,ko04270
Montipora_capitata_HIv3___RNAseq.g3305.t1,ko05168
Montipora_capitata_HIv3___RNAseq.g3328.t1,ko04144
Montipora_capitata_HIv3___RNAseq.g3328.t1,ko04666
Montipora_capitata_HIv3___RNAseq.g3328.t1,ko04810
Montipora_capitata_HIv3___RNAseq.g3328.t1,ko05100
Montipora_capitata_HIv3___RNAseq.g3328.t1,ko05130
Montipora_capitata_HIv3___RNAseq.g3328.t1,ko05131
Montipora_capitata_HIv3___RNAseq.g3328.t1,ko05132
Montipora_capitata_HIv3___RNAseq.g3329.t1,ko04216
Montipora_capitata_HIv3___RNAseq.g3329.t1,ko04978
Montipora_capitata_HIv3___RNAseq.g3318.t1,ko04145
Montipora_capitata_HIv3___RNAseq.g3318.t1,ko04210
Montipora_capitata_HIv3___RNAseq.g3318.t1,ko04530
Montipora_capitata_HIv3___RNAseq.g3318.t1,ko04540
Montipora_capitata_HIv3___RNAseq.g3318.t1,ko05130
Montipora_capitata_HIv3___RNAseq.10207_t,ko04145
Montipora_capitata_HIv3___RNAseq.10207_t,ko04210
Montipora_capitata_HIv3___RNAseq.10207_t,ko04530
Montipora_capitata_HIv3___RNAseq.10207_t,ko04540
Montipora_capitata_HIv3___RNAseq.10207_t,ko05130
Montipora_capitata_HIv3___RNAseq.g3322.t1,ko04145
Montipora_capitata_HIv3___RNAseq.g3322.t1,ko04210
Montipora_capitata_HIv3___RNAseq.g3322.t1,ko04530
Montipora_capitata_HIv3___RNAseq.g3322.t1,ko04540
Montipora_capitata_HIv3___RNAseq.g3322.t1,ko05130
Montipora_capitata_HIv3___TS.g40896.t1,ko04060
Montipora_capitata_HIv3___TS.g40896.t1,ko04350
Montipora_capitata_HIv3___TS.g40896.t1,ko04360
Montipora_capitata_HIv3___TS.g40896.t1,ko04390
Montipora_capitata_HIv3___TS.g40896.t1,ko04550
Montipora_capitata_HIv3___TS.g40896.t1,ko05206
Montipora_capitata_HIv3___TS.g40896.t1,ko05418
Montipora_capitata_HIv3___TS.g40898.t1b,ko04110
Montipora_capitata_HIv3___TS.g40898.t1b,ko04111
Montipora_capitata_HIv3___TS.g40898.t1b,ko04113
Montipora_capitata_HIv3___TS.g40897.t2,ko04068
Montipora_capitata_HIv3___TS.g40897.t2,ko04110
Montipora_capitata_HIv3___TS.g40897.t2,ko04114
Montipora_capitata_HIv3___TS.g40897.t2,ko04115
Montipora_capitata_HIv3___TS.g40897.t2,ko04151
Montipora_capitata_HIv3___TS.g40897.t2,ko04218
Montipora_capitata_HIv3___TS.g40897.t2,ko04914
Montipora_capitata_HIv3___TS.g40897.t2,ko04934
Montipora_capitata_HIv3___TS.g40897.t2,ko05161
Montipora_capitata_HIv3___TS.g40897.t2,ko05162
Montipora_capitata_HIv3___TS.g40897.t2,ko05165
Montipora_capitata_HIv3___TS.g40897.t2,ko05168
Montipora_capitata_HIv3___TS.g40897.t2,ko05169
Montipora_capitata_HIv3___TS.g40897.t2,ko05200
Montipora_capitata_HIv3___TS.g40897.t2,ko05203
Montipora_capitata_HIv3___TS.g40897.t2,ko05215
Montipora_capitata_HIv3___TS.g40897.t2,ko05222
Montipora_capitata_HIv3___TS.g40897.t2,ko05226
Montipora_capitata_HIv3___TS.g40890.t1,ko00532
Montipora_capitata_HIv3___TS.g40890.t1,ko01100
Montipora_capitata_HIv3___TS.g40911.t1,ko04142
Montipora_capitata_HIv3___TS.g40911.t1,ko04145
Montipora_capitata_HIv3___RNAseq.g3351.t1,ko03040
Montipora_capitata_HIv3___RNAseq.g3355.t1,ko00260
Montipora_capitata_HIv3___RNAseq.g3355.t1,ko00680
Montipora_capitata_HIv3___RNAseq.g3355.t1,ko01100
Montipora_capitata_HIv3___RNAseq.g3355.t1,ko01120
Montipora_capitata_HIv3___RNAseq.g3355.t1,ko01130
Montipora_capitata_HIv3___RNAseq.g3355.t1,ko01200
Montipora_capitata_HIv3___RNAseq.g3355.t1,ko01230
Montipora_capitata_HIv3___TS.g40915.t1,ko00260
Montipora_capitata_HIv3___TS.g40915.t1,ko00680
Montipora_capitata_HIv3___TS.g40915.t1,ko01100
Montipora_capitata_HIv3___TS.g40915.t1,ko01120
Montipora_capitata_HIv3___TS.g40915.t1,ko01130
Montipora_capitata_HIv3___TS.g40915.t1,ko01200
Montipora_capitata_HIv3___TS.g40915.t1,ko01230
Montipora_capitata_HIv3___RNAseq.g3369.t1,ko04062
Montipora_capitata_HIv3___RNAseq.g3369.t1,ko04144
Montipora_capitata_HIv3___RNAseq.g3369.t1,ko04520
Montipora_capitata_HIv3___RNAseq.g3369.t1,ko04530
Montipora_capitata_HIv3___RNAseq.g3369.t1,ko04666
Montipora_capitata_HIv3___RNAseq.g3369.t1,ko04810
Montipora_capitata_HIv3___RNAseq.g3369.t1,ko05100
Montipora_capitata_HIv3___RNAseq.g3369.t1,ko05130
Montipora_capitata_HIv3___RNAseq.g3369.t1,ko05131
Montipora_capitata_HIv3___RNAseq.g3369.t1,ko05132
Montipora_capitata_HIv3___RNAseq.g3369.t1,ko05231
Montipora_capitata_HIv3___RNAseq.g3370.t1,ko04062
Montipora_capitata_HIv3___RNAseq.g3370.t1,ko04144
Montipora_capitata_HIv3___RNAseq.g3370.t1,ko04520
Montipora_capitata_HIv3___RNAseq.g3370.t1,ko04530
Montipora_capitata_HIv3___RNAseq.g3370.t1,ko04666
Montipora_capitata_HIv3___RNAseq.g3370.t1,ko04810
Montipora_capitata_HIv3___RNAseq.g3370.t1,ko05100
Montipora_capitata_HIv3___RNAseq.g3370.t1,ko05130
Montipora_capitata_HIv3___RNAseq.g3370.t1,ko05131
Montipora_capitata_HIv3___RNAseq.g3370.t1,ko05132
Montipora_capitata_HIv3___RNAseq.g3370.t1,ko05231
Montipora_capitata_HIv3___RNAseq.g3371.t1,ko03022
Montipora_capitata_HIv3___RNAseq.g3371.t1,ko03420
Montipora_capitata_HIv3___RNAseq.g3372.t1,ko01523
Montipora_capitata_HIv3___RNAseq.g3372.t1,ko04144
Montipora_capitata_HIv3___RNAseq.g3373.t1,ko04068
Montipora_capitata_HIv3___RNAseq.g3373.t1,ko04152
Montipora_capitata_HIv3___RNAseq.g3373.t1,ko04211
Montipora_capitata_HIv3___RNAseq.g3373.t1,ko04213
Montipora_capitata_HIv3___RNAseq.g3373.t1,ko04371
Montipora_capitata_HIv3___RNAseq.g3373.t1,ko04530
Montipora_capitata_HIv3___RNAseq.g3373.t1,ko04710
Montipora_capitata_HIv3___RNAseq.g3373.t1,ko04714
Montipora_capitata_HIv3___RNAseq.g3373.t1,ko04910
Montipora_capitata_HIv3___RNAseq.g3373.t1,ko04920
Montipora_capitata_HIv3___RNAseq.g3373.t1,ko04921
Montipora_capitata_HIv3___RNAseq.g3373.t1,ko04922
Montipora_capitata_HIv3___RNAseq.g3373.t1,ko04931
Montipora_capitata_HIv3___RNAseq.g3373.t1,ko04932
Montipora_capitata_HIv3___RNAseq.g3373.t1,ko05410
Montipora_capitata_HIv3___RNAseq.g3374.t1,ko00512
Montipora_capitata_HIv3___RNAseq.g3374.t1,ko01100
Montipora_capitata_HIv3___RNAseq.g3375.t1,ko00190
Montipora_capitata_HIv3___RNAseq.g3375.t1,ko01100
Montipora_capitata_HIv3___RNAseq.g3375.t1,ko04714
Montipora_capitata_HIv3___RNAseq.g3375.t1,ko05010
Montipora_capitata_HIv3___RNAseq.g3375.t1,ko05012
Montipora_capitata_HIv3___RNAseq.g3375.t1,ko05016
Montipora_capitata_HIv3___RNAseq.g3386.t1,ko00020
Montipora_capitata_HIv3___RNAseq.g3386.t1,ko00720
Montipora_capitata_HIv3___RNAseq.g3386.t1,ko01100
Montipora_capitata_HIv3___RNAseq.g3386.t1,ko01110
Montipora_capitata_HIv3___RNAseq.g3386.t1,ko01120
Montipora_capitata_HIv3___RNAseq.g3386.t1,ko01130
Montipora_capitata_HIv3___RNAseq.g3390.t1,ko00511
Montipora_capitata_HIv3___RNAseq.g3390.t1,ko04142
Montipora_capitata_HIv3___TS.g40952.t1,ko00511
Montipora_capitata_HIv3___TS.g40952.t1,ko04142
Montipora_capitata_HIv3___RNAseq.g3404.t1,ko04724
Montipora_capitata_HIv3___RNAseq.g3404.t1,ko04727
Montipora_capitata_HIv3___RNAseq.g3404.t1,ko04964
Montipora_capitata_HIv3___RNAseq.g3404.t1,ko04974
Montipora_capitata_HIv3___RNAseq.g3405.t1,ko00020
Montipora_capitata_HIv3___RNAseq.g3405.t1,ko00630
Montipora_capitata_HIv3___RNAseq.g3405.t1,ko01100
Montipora_capitata_HIv3___RNAseq.g3405.t1,ko01110
Montipora_capitata_HIv3___RNAseq.g3405.t1,ko01120
Montipora_capitata_HIv3___RNAseq.g3405.t1,ko01130
Montipora_capitata_HIv3___RNAseq.g3405.t1,ko01200
Montipora_capitata_HIv3___RNAseq.g3405.t1,ko01210
Montipora_capitata_HIv3___RNAseq.g3405.t1,ko01230
Montipora_capitata_HIv3___RNAseq.g3412.t1c,ko03010
Montipora_capitata_HIv3___RNAseq.g3413.t1,ko03460
Montipora_capitata_HIv3___RNAseq.g3414.t1,ko04011
Montipora_capitata_HIv3___RNAseq.g3414.t1,ko04013
Montipora_capitata_HIv3___RNAseq.g3414.t1,ko04110
Montipora_capitata_HIv3___RNAseq.g3414.t1,ko04114
Montipora_capitata_HIv3___RNAseq.g3414.t1,ko04151
Montipora_capitata_HIv3___RNAseq.g3414.t1,ko04212
Montipora_capitata_HIv3___RNAseq.g3414.t1,ko04390
Montipora_capitata_HIv3___RNAseq.g3414.t1,ko04391
Montipora_capitata_HIv3___RNAseq.g3414.t1,ko04722
Montipora_capitata_HIv3___RNAseq.g3414.t1,ko05161
Montipora_capitata_HIv3___RNAseq.g3414.t1,ko05169
Montipora_capitata_HIv3___RNAseq.g3414.t1,ko05203
Montipora_capitata_HIv3___RNAseq.g3420.t1,ko00260
Montipora_capitata_HIv3___RNAseq.g3420.t1,ko00460
Montipora_capitata_HIv3___RNAseq.g3420.t1,ko00630
Montipora_capitata_HIv3___RNAseq.g3420.t1,ko00670
Montipora_capitata_HIv3___RNAseq.g3420.t1,ko00680
Montipora_capitata_HIv3___RNAseq.g3420.t1,ko01100
Montipora_capitata_HIv3___RNAseq.g3420.t1,ko01110
Montipora_capitata_HIv3___RNAseq.g3420.t1,ko01120
Montipora_capitata_HIv3___RNAseq.g3420.t1,ko01130
Montipora_capitata_HIv3___RNAseq.g3420.t1,ko01200
Montipora_capitata_HIv3___RNAseq.g3420.t1,ko01230
Montipora_capitata_HIv3___RNAseq.g3420.t1,ko01523
Montipora_capitata_HIv3___RNAseq.g3421.t1,ko00260
Montipora_capitata_HIv3___RNAseq.g3421.t1,ko00460
Montipora_capitata_HIv3___RNAseq.g3421.t1,ko00630
Montipora_capitata_HIv3___RNAseq.g3421.t1,ko00670
Montipora_capitata_HIv3___RNAseq.g3421.t1,ko00680
Montipora_capitata_HIv3___RNAseq.g3421.t1,ko01100
Montipora_capitata_HIv3___RNAseq.g3421.t1,ko01110
Montipora_capitata_HIv3___RNAseq.g3421.t1,ko01120
Montipora_capitata_HIv3___RNAseq.g3421.t1,ko01130
Montipora_capitata_HIv3___RNAseq.g3421.t1,ko01200
Montipora_capitata_HIv3___RNAseq.g3421.t1,ko01230
Montipora_capitata_HIv3___RNAseq.g3421.t1,ko01523
Montipora_capitata_HIv3___RNAseq.g3423.t3,ko00514
Montipora_capitata_HIv3___RNAseq.g3415.t1,ko04011
Montipora_capitata_HIv3___RNAseq.g3415.t1,ko04013
Montipora_capitata_HIv3___RNAseq.g3415.t1,ko04110
Montipora_capitata_HIv3___RNAseq.g3415.t1,ko04114
Montipora_capitata_HIv3___RNAseq.g3415.t1,ko04151
Montipora_capitata_HIv3___RNAseq.g3415.t1,ko04212
Montipora_capitata_HIv3___RNAseq.g3415.t1,ko04390
Montipora_capitata_HIv3___RNAseq.g3415.t1,ko04391
Montipora_capitata_HIv3___RNAseq.g3415.t1,ko04722
Montipora_capitata_HIv3___RNAseq.g3415.t1,ko05161
Montipora_capitata_HIv3___RNAseq.g3415.t1,ko05169
Montipora_capitata_HIv3___RNAseq.g3415.t1,ko05203
Montipora_capitata_HIv3___RNAseq.g3416.t1,ko04962
Montipora_capitata_HIv3___RNAseq.g3416.t1,ko05016
Montipora_capitata_HIv3___RNAseq.g3427.t1,ko00190
Montipora_capitata_HIv3___RNAseq.g3427.t1,ko01100
Montipora_capitata_HIv3___RNAseq.g3427.t1,ko04714
Montipora_capitata_HIv3___RNAseq.g3427.t1,ko05010
Montipora_capitata_HIv3___RNAseq.g3427.t1,ko05012
Montipora_capitata_HIv3___RNAseq.g3427.t1,ko05016
Montipora_capitata_HIv3___RNAseq.g3429.t1,ko03018
Montipora_capitata_HIv3___RNAseq.g3429.t1,ko04212
Montipora_capitata_HIv3___RNAseq.g3429.t1,ko04940
Montipora_capitata_HIv3___RNAseq.g3429.t1,ko05134
Montipora_capitata_HIv3___RNAseq.g3429.t1,ko05152
Montipora_capitata_HIv3___TS.g41002.t2,ko04022
Montipora_capitata_HIv3___TS.g41002.t2,ko04024
Montipora_capitata_HIv3___TS.g41002.t2,ko04151
Montipora_capitata_HIv3___TS.g41002.t2,ko04152
Montipora_capitata_HIv3___TS.g41002.t2,ko04211
Montipora_capitata_HIv3___TS.g41002.t2,ko04261
Montipora_capitata_HIv3___TS.g41002.t2,ko04380
Montipora_capitata_HIv3___TS.g41002.t2,ko04612
Montipora_capitata_HIv3___TS.g41002.t2,ko04668
Montipora_capitata_HIv3___TS.g41002.t2,ko04710
Montipora_capitata_HIv3___TS.g41002.t2,ko04713
Montipora_capitata_HIv3___TS.g41002.t2,ko04714
Montipora_capitata_HIv3___TS.g41002.t2,ko04725
Montipora_capitata_HIv3___TS.g41002.t2,ko04728
Montipora_capitata_HIv3___TS.g41002.t2,ko04911
Montipora_capitata_HIv3___TS.g41002.t2,ko04915
Montipora_capitata_HIv3___TS.g41002.t2,ko04916
Montipora_capitata_HIv3___TS.g41002.t2,ko04918
Montipora_capitata_HIv3___TS.g41002.t2,ko04922
Montipora_capitata_HIv3___TS.g41002.t2,ko04924
Montipora_capitata_HIv3___TS.g41002.t2,ko04925
Montipora_capitata_HIv3___TS.g41002.t2,ko04926
Montipora_capitata_HIv3___TS.g41002.t2,ko04927
Montipora_capitata_HIv3___TS.g41002.t2,ko04931
Montipora_capitata_HIv3___TS.g41002.t2,ko04934
Montipora_capitata_HIv3___TS.g41002.t2,ko04962
Montipora_capitata_HIv3___TS.g41002.t2,ko05016
Montipora_capitata_HIv3___TS.g41002.t2,ko05030
Montipora_capitata_HIv3___TS.g41002.t2,ko05031
Montipora_capitata_HIv3___TS.g41002.t2,ko05034
Montipora_capitata_HIv3___TS.g41002.t2,ko05152
Montipora_capitata_HIv3___TS.g41002.t2,ko05161
Montipora_capitata_HIv3___TS.g41002.t2,ko05165
Montipora_capitata_HIv3___TS.g41002.t2,ko05166
Montipora_capitata_HIv3___TS.g41002.t2,ko05167
Montipora_capitata_HIv3___TS.g41002.t2,ko05203
Montipora_capitata_HIv3___TS.g41002.t2,ko05215
Montipora_capitata_HIv3___RNAseq.g3450.t1,ko04810
Montipora_capitata_HIv3___TS.g41022.t1,ko04621
Montipora_capitata_HIv3___TS.g41022.t1,ko04750
Montipora_capitata_HIv3___TS.g41022.t1,ko04921
Montipora_capitata_HIv3___RNAseq.g3463.t1,ko03040
Montipora_capitata_HIv3___RNAseq.g3464.t1,ko00310
Montipora_capitata_HIv3___TS.g41028.t3,ko00564
Montipora_capitata_HIv3___TS.g41028.t3,ko01110
Montipora_capitata_HIv3___TS.g41028.t3,ko04011
Montipora_capitata_HIv3___RNAseq.g3468.t1,ko04120
Montipora_capitata_HIv3___RNAseq.g3484.t1,ko03460
Montipora_capitata_HIv3___RNAseq.g3482.t1,ko03013
Montipora_capitata_HIv3___RNAseq.g3482.t1,ko05418
Montipora_capitata_HIv3___RNAseq.10384_t,ko04141
Montipora_capitata_HIv3___RNAseq.10384_t,ko04212
Montipora_capitata_HIv3___RNAseq.10384_t,ko05200
Montipora_capitata_HIv3___RNAseq.10384_t,ko05225
Montipora_capitata_HIv3___RNAseq.10384_t,ko05418
Montipora_capitata_HIv3___TS.g41058.t2,ko03030
Montipora_capitata_HIv3___TS.g41058.t2,ko04110
Montipora_capitata_HIv3___TS.g41058.t2,ko04111
Montipora_capitata_HIv3___TS.g41058.t2,ko04113
Montipora_capitata_HIv3___RNAseq.g24143.t1,ko00510
Montipora_capitata_HIv3___RNAseq.g24143.t1,ko00513
Montipora_capitata_HIv3___RNAseq.g24143.t1,ko01100
Montipora_capitata_HIv3___TS.g7295.t1a,ko04141
Montipora_capitata_HIv3___TS.g7295.t1a,ko04145
Montipora_capitata_HIv3___TS.g7295.t1a,ko04612
Montipora_capitata_HIv3___TS.g7295.t1a,ko04918
Montipora_capitata_HIv3___TS.g7295.t1a,ko05166
Montipora_capitata_HIv3___RNAseq.g24148.t1,ko00230
Montipora_capitata_HIv3___RNAseq.g24148.t1,ko00250
Montipora_capitata_HIv3___RNAseq.g24148.t1,ko01100
Montipora_capitata_HIv3___RNAseq.g24148.t1,ko01110
Montipora_capitata_HIv3___RNAseq.g24148.t1,ko01130
Montipora_capitata_HIv3___RNAseq.g24149.t1,ko00230
Montipora_capitata_HIv3___RNAseq.g24149.t1,ko01100
Montipora_capitata_HIv3___RNAseq.g24149.t1,ko01110
Montipora_capitata_HIv3___RNAseq.g24149.t1,ko01130
Montipora_capitata_HIv3___RNAseq.g24166.t1,ko00564
Montipora_capitata_HIv3___RNAseq.g24166.t1,ko00565
Montipora_capitata_HIv3___RNAseq.g24166.t1,ko00590
Montipora_capitata_HIv3___RNAseq.g24166.t1,ko00591
Montipora_capitata_HIv3___RNAseq.g24166.t1,ko00592
Montipora_capitata_HIv3___RNAseq.g24166.t1,ko01100
Montipora_capitata_HIv3___RNAseq.g24166.t1,ko01110
Montipora_capitata_HIv3___RNAseq.g24166.t1,ko04014
Montipora_capitata_HIv3___RNAseq.g24166.t1,ko04270
Montipora_capitata_HIv3___RNAseq.g24166.t1,ko04750
Montipora_capitata_HIv3___TS.g7318.t1,ko01521
Montipora_capitata_HIv3___TS.g7318.t1,ko04010
Montipora_capitata_HIv3___TS.g7318.t1,ko04014
Montipora_capitata_HIv3___TS.g7318.t1,ko04015
Montipora_capitata_HIv3___TS.g7318.t1,ko04144
Montipora_capitata_HIv3___TS.g7318.t1,ko04151
Montipora_capitata_HIv3___TS.g7318.t1,ko04520
Montipora_capitata_HIv3___TS.g7318.t1,ko04550
Montipora_capitata_HIv3___TS.g7318.t1,ko04714
Montipora_capitata_HIv3___TS.g7318.t1,ko04810
Montipora_capitata_HIv3___TS.g7318.t1,ko05200
Montipora_capitata_HIv3___TS.g7318.t1,ko05205
Montipora_capitata_HIv3___TS.g7318.t1,ko05206
Montipora_capitata_HIv3___TS.g7318.t1,ko05215
Montipora_capitata_HIv3___TS.g7318.t1,ko05218
Montipora_capitata_HIv3___TS.g7318.t1,ko05219
Montipora_capitata_HIv3___TS.g7318.t1,ko05224
Montipora_capitata_HIv3___TS.g7318.t1,ko05226
Montipora_capitata_HIv3___TS.g7318.t1,ko05230
Montipora_capitata_HIv3___TS.g7320.t2,ko01521
Montipora_capitata_HIv3___TS.g7320.t2,ko04010
Montipora_capitata_HIv3___TS.g7320.t2,ko04014
Montipora_capitata_HIv3___TS.g7320.t2,ko04015
Montipora_capitata_HIv3___TS.g7320.t2,ko04060
Montipora_capitata_HIv3___TS.g7320.t2,ko04066
Montipora_capitata_HIv3___TS.g7320.t2,ko04151
Montipora_capitata_HIv3___TS.g7320.t2,ko04370
Montipora_capitata_HIv3___TS.g7320.t2,ko04510
Montipora_capitata_HIv3___TS.g7320.t2,ko04520
Montipora_capitata_HIv3___TS.g7320.t2,ko04550
Montipora_capitata_HIv3___TS.g7320.t2,ko04714
Montipora_capitata_HIv3___TS.g7320.t2,ko04810
Montipora_capitata_HIv3___TS.g7320.t2,ko05200
Montipora_capitata_HIv3___TS.g7320.t2,ko05202
Montipora_capitata_HIv3___TS.g7320.t2,ko05205
Montipora_capitata_HIv3___TS.g7320.t2,ko05206
Montipora_capitata_HIv3___TS.g7320.t2,ko05215
Montipora_capitata_HIv3___TS.g7320.t2,ko05218
Montipora_capitata_HIv3___TS.g7320.t2,ko05224
Montipora_capitata_HIv3___TS.g7320.t2,ko05230
Montipora_capitata_HIv3___TS.g7320.t2,ko05323
Montipora_capitata_HIv3___TS.g7320.t2,ko05418
Montipora_capitata_HIv3___TS.g7322.t1,ko04977
Montipora_capitata_HIv3___RNAseq.g24172.t1,ko03050
Montipora_capitata_HIv3___RNAseq.g24179.t1,ko04015
Montipora_capitata_HIv3___RNAseq.g24179.t1,ko04024
Montipora_capitata_HIv3___RNAseq.g24179.t1,ko04144
Montipora_capitata_HIv3___RNAseq.g24181.t1,ko05162
Montipora_capitata_HIv3___RNAseq.g24183.t1,ko00230
Montipora_capitata_HIv3___RNAseq.g24183.t1,ko00240
Montipora_capitata_HIv3___RNAseq.g24183.t1,ko01100
Montipora_capitata_HIv3___RNAseq.g24183.t1,ko03020
Montipora_capitata_HIv3___RNAseq.g24183.t1,ko04623
Montipora_capitata_HIv3___RNAseq.g24183.t1,ko05169
Montipora_capitata_HIv3___RNAseq.g24184.t1,ko04130
Montipora_capitata_HIv3___RNAseq.g24189.t1,ko04217
Montipora_capitata_HIv3___RNAseq.g24189.t1,ko05034
Montipora_capitata_HIv3___RNAseq.g24189.t1,ko05322
Montipora_capitata_HIv3___RNAseq.g24192.t1b,ko05164
Montipora_capitata_HIv3___RNAseq.g24193.t1,ko05164
Montipora_capitata_HIv3___TS.g7350.t1,ko03320
Montipora_capitata_HIv3___TS.g7350.t1,ko04360
Montipora_capitata_HIv3___TS.g7350.t1,ko04510
Montipora_capitata_HIv3___TS.g7350.t1,ko05100
Montipora_capitata_HIv3___TS.g7350.t1,ko05213
Montipora_capitata_HIv3___RNAseq.g24195.t1,ko00230
Montipora_capitata_HIv3___RNAseq.g24195.t1,ko00240
Montipora_capitata_HIv3___RNAseq.g24195.t1,ko01100
Montipora_capitata_HIv3___RNAseq.g24195.t1,ko03020
Montipora_capitata_HIv3___RNAseq.g24197.t1,ko00230
Montipora_capitata_HIv3___RNAseq.g24197.t1,ko00240
Montipora_capitata_HIv3___RNAseq.g24197.t1,ko01100
Montipora_capitata_HIv3___RNAseq.g24197.t1,ko03020
Montipora_capitata_HIv3___RNAseq.g24202.t1,ko04711
Montipora_capitata_HIv3___TS.g7358.t3,ko04142
Montipora_capitata_HIv3___RNAseq.g24210.t1,ko05100
Montipora_capitata_HIv3___RNAseq.g24212.t1,ko04212
Montipora_capitata_HIv3___RNAseq.g24212.t1,ko05168
Montipora_capitata_HIv3___RNAseq.g24223.t1,ko04010
Montipora_capitata_HIv3___RNAseq.g24223.t1,ko04218
Montipora_capitata_HIv3___RNAseq.g24223.t1,ko04370
Montipora_capitata_HIv3___RNAseq.g24223.t1,ko04722
Montipora_capitata_HIv3___RNAseq.g24223.t1,ko05167
Montipora_capitata_HIv3___RNAseq.g24223.t1,ko05203
Montipora_capitata_HIv3___TS.g7380.t1,ko04020
Montipora_capitata_HIv3___TS.g7380.t1,ko04080
Montipora_capitata_HIv3___TS.g7380.t1,ko05162
Montipora_capitata_HIv3___RNAseq.g24229.t1,ko00511
Montipora_capitata_HIv3___RNAseq.g24268.t1,ko03018
Montipora_capitata_HIv3___RNAseq.g24285.t1,ko00010
Montipora_capitata_HIv3___RNAseq.g24285.t1,ko00020
Montipora_capitata_HIv3___RNAseq.g24285.t1,ko00260
Montipora_capitata_HIv3___RNAseq.g24285.t1,ko00280
Montipora_capitata_HIv3___RNAseq.g24285.t1,ko00620
Montipora_capitata_HIv3___RNAseq.g24285.t1,ko00630
Montipora_capitata_HIv3___RNAseq.g24285.t1,ko00640
Montipora_capitata_HIv3___RNAseq.g24285.t1,ko01100
Montipora_capitata_HIv3___RNAseq.g24285.t1,ko01110
Montipora_capitata_HIv3___RNAseq.g24285.t1,ko01120
Montipora_capitata_HIv3___RNAseq.g24285.t1,ko01130
Montipora_capitata_HIv3___RNAseq.g24285.t1,ko01200
Montipora_capitata_HIv3___RNAseq.g24286.t1,ko04714
Montipora_capitata_HIv3___RNAseq.g24297.t1,ko01523
Montipora_capitata_HIv3___RNAseq.g24297.t1,ko04144
Montipora_capitata_HIv3___RNAseq.g24308.t1,ko03030
Montipora_capitata_HIv3___RNAseq.g24308.t1,ko03420
Montipora_capitata_HIv3___RNAseq.g24308.t1,ko03430
Montipora_capitata_HIv3___TS.g7477.t2,ko04210
Montipora_capitata_HIv3___TS.g7477.t2,ko04214
Montipora_capitata_HIv3___TS.g7477.t2,ko04217
Montipora_capitata_HIv3___RNAseq.g24323.t1,ko03013
Montipora_capitata_HIv3___RNAseq.g24323.t1,ko05164
Montipora_capitata_HIv3___TS.g7491.t2,ko03010
Montipora_capitata_HIv3___RNAseq.g24340.t1,ko00260
Montipora_capitata_HIv3___RNAseq.g24340.t1,ko00330
Montipora_capitata_HIv3___RNAseq.g24340.t1,ko00340
Montipora_capitata_HIv3___RNAseq.g24340.t1,ko00350
Montipora_capitata_HIv3___RNAseq.g24340.t1,ko00360
Montipora_capitata_HIv3___RNAseq.g24340.t1,ko00380
Montipora_capitata_HIv3___RNAseq.g24340.t1,ko00950
Montipora_capitata_HIv3___RNAseq.g24340.t1,ko00982
Montipora_capitata_HIv3___RNAseq.g24340.t1,ko01100
Montipora_capitata_HIv3___RNAseq.g24340.t1,ko01110
Montipora_capitata_HIv3___RNAseq.g24340.t1,ko04726
Montipora_capitata_HIv3___RNAseq.g24340.t1,ko04728
Montipora_capitata_HIv3___RNAseq.g24340.t1,ko05030
Montipora_capitata_HIv3___RNAseq.g24340.t1,ko05031
Montipora_capitata_HIv3___RNAseq.g24340.t1,ko05034
Montipora_capitata_HIv3___RNAseq.g24341.t1,ko04978
Montipora_capitata_HIv3___RNAseq.g24339.t1,ko00600
Montipora_capitata_HIv3___RNAseq.g24339.t1,ko01100
Montipora_capitata_HIv3___RNAseq.g24339.t1,ko04071
Montipora_capitata_HIv3___RNAseq.g24339.t1,ko04142
Montipora_capitata_HIv3___RNAseq.g24342.t1,ko04020
Montipora_capitata_HIv3___RNAseq.g24342.t1,ko04611
Montipora_capitata_HIv3___TS.g7503.t2,ko03022
Montipora_capitata_HIv3___RNAseq.g24353.t1,ko04391
Montipora_capitata_HIv3___RNAseq.g24353.t1,ko04392
Montipora_capitata_HIv3___RNAseq.g24355.t1,ko03013
Montipora_capitata_HIv3___RNAseq.g24355.t1,ko03040
Montipora_capitata_HIv3___TS.g7534.t2,ko00514
Montipora_capitata_HIv3___RNAseq.g24397.t1,ko05034
Montipora_capitata_HIv3___RNAseq.g24397.t1,ko05165
Montipora_capitata_HIv3___RNAseq.g24397.t1,ko05203
Montipora_capitata_HIv3___RNAseq.g24398.t1,ko00220
Montipora_capitata_HIv3___RNAseq.g24398.t1,ko01100
Montipora_capitata_HIv3___RNAseq.g24398.t1,ko01110
Montipora_capitata_HIv3___RNAseq.g24398.t1,ko01130
Montipora_capitata_HIv3___RNAseq.g24398.t1,ko01210
Montipora_capitata_HIv3___RNAseq.g24398.t1,ko01230
Montipora_capitata_HIv3___RNAseq.g24404.t1,ko03008
Montipora_capitata_HIv3___RNAseq.g24400.t1,ko00970
Montipora_capitata_HIv3___RNAseq.g24407.t1,ko04141
Montipora_capitata_HIv3___RNAseq.g24407.t1,ko04530
Montipora_capitata_HIv3___RNAseq.g24407.t1,ko04612
Montipora_capitata_HIv3___RNAseq.g24432.t1,ko04141
Montipora_capitata_HIv3___RNAseq.g24435.t1,ko03060
Montipora_capitata_HIv3___RNAseq.g24435.t1,ko04141
Montipora_capitata_HIv3___RNAseq.g24435.t1,ko04145
Montipora_capitata_HIv3___RNAseq.g24435.t1,ko05110
Montipora_capitata_HIv3___RNAseq.g24436.t1,ko04141
Montipora_capitata_HIv3___TS.g7597.t2,ko03410
Montipora_capitata_HIv3___TS.g7597.t2,ko03450
Montipora_capitata_HIv3___RNAseq.g24440.t1,ko03018
Montipora_capitata_HIv3___RNAseq.g24441.t1,ko03018
Montipora_capitata_HIv3___RNAseq.g24442.t1,ko03018
Montipora_capitata_HIv3___RNAseq.g24450.t1,ko00010
Montipora_capitata_HIv3___RNAseq.g24450.t1,ko00270
Montipora_capitata_HIv3___RNAseq.g24450.t1,ko00620
Montipora_capitata_HIv3___RNAseq.g24450.t1,ko00640
Montipora_capitata_HIv3___RNAseq.g24450.t1,ko01100
Montipora_capitata_HIv3___RNAseq.g24450.t1,ko01110
Montipora_capitata_HIv3___RNAseq.g24450.t1,ko01120
Montipora_capitata_HIv3___RNAseq.g24450.t1,ko01130
Montipora_capitata_HIv3___RNAseq.g24450.t1,ko04922
Montipora_capitata_HIv3___RNAseq.g24455.t1,ko04391
Montipora_capitata_HIv3___RNAseq.g24455.t1,ko04392
Montipora_capitata_HIv3___RNAseq.g24531.t1,ko05410
Montipora_capitata_HIv3___RNAseq.g24531.t1,ko05412
Montipora_capitata_HIv3___RNAseq.g24531.t1,ko05414
Montipora_capitata_HIv3___RNAseq.g24531.t1,ko05416
Montipora_capitata_HIv3___RNAseq.g24532.t1,ko00140
Montipora_capitata_HIv3___RNAseq.g24532.t1,ko00830
Montipora_capitata_HIv3___RNAseq.g24532.t1,ko01100
Montipora_capitata_HIv3___RNAseq.g24538.t1,ko04144
Montipora_capitata_HIv3___RNAseq.g24554.t2,ko00970
Montipora_capitata_HIv3___RNAseq.g24558.t1,ko00230
Montipora_capitata_HIv3___RNAseq.g24558.t1,ko00240
Montipora_capitata_HIv3___RNAseq.g24558.t1,ko00983
Montipora_capitata_HIv3___RNAseq.g24558.t1,ko01100
Montipora_capitata_HIv3___RNAseq.g24558.t1,ko01110
Montipora_capitata_HIv3___RNAseq.g24558.t1,ko01130
Montipora_capitata_HIv3___RNAseq.g24558.t1,ko04016
Montipora_capitata_HIv3___TS.g7717.t2,ko00230
Montipora_capitata_HIv3___TS.g7717.t2,ko00240
Montipora_capitata_HIv3___TS.g7717.t2,ko00983
Montipora_capitata_HIv3___TS.g7717.t2,ko01100
Montipora_capitata_HIv3___TS.g7717.t2,ko01110
Montipora_capitata_HIv3___TS.g7717.t2,ko01130
Montipora_capitata_HIv3___TS.g7717.t2,ko04016
Montipora_capitata_HIv3___TS.g7747.t2,ko04310
Montipora_capitata_HIv3___RNAseq.g24594.t1,ko03022
Montipora_capitata_HIv3___RNAseq.g24594.t1,ko05168
Montipora_capitata_HIv3___RNAseq.g24597.t1,ko01521
Montipora_capitata_HIv3___RNAseq.g24597.t1,ko04010
Montipora_capitata_HIv3___RNAseq.g24597.t1,ko04014
Montipora_capitata_HIv3___RNAseq.g24597.t1,ko04015
Montipora_capitata_HIv3___RNAseq.g24597.t1,ko04020
Montipora_capitata_HIv3___RNAseq.g24597.t1,ko04060
Montipora_capitata_HIv3___RNAseq.g24597.t1,ko04066
Montipora_capitata_HIv3___RNAseq.g24597.t1,ko04072
Montipora_capitata_HIv3___RNAseq.g24597.t1,ko04151
Montipora_capitata_HIv3___RNAseq.g24597.t1,ko04370
Montipora_capitata_HIv3___RNAseq.g24597.t1,ko04510
Montipora_capitata_HIv3___RNAseq.g24597.t1,ko04540
Montipora_capitata_HIv3___RNAseq.g24597.t1,ko04630
Montipora_capitata_HIv3___RNAseq.g24597.t1,ko04810
Montipora_capitata_HIv3___RNAseq.g24597.t1,ko05165
Montipora_capitata_HIv3___RNAseq.g24597.t1,ko05166
Montipora_capitata_HIv3___RNAseq.g24597.t1,ko05200
Montipora_capitata_HIv3___RNAseq.g24597.t1,ko05202
Montipora_capitata_HIv3___RNAseq.g24597.t1,ko05205
Montipora_capitata_HIv3___RNAseq.g24597.t1,ko05206
Montipora_capitata_HIv3___RNAseq.g24597.t1,ko05214
Montipora_capitata_HIv3___RNAseq.g24597.t1,ko05215
Montipora_capitata_HIv3___RNAseq.g24597.t1,ko05218
Montipora_capitata_HIv3___RNAseq.g24597.t1,ko05230
Montipora_capitata_HIv3___RNAseq.g24597.t1,ko05231
Montipora_capitata_HIv3___RNAseq.g24597.t1,ko05323
Montipora_capitata_HIv3___RNAseq.g24597.t1,ko05418
Montipora_capitata_HIv3___RNAseq.g24624.t1,ko04152
Montipora_capitata_HIv3___RNAseq.g24624.t1,ko04910
Montipora_capitata_HIv3___RNAseq.g24624.t1,ko04931
Montipora_capitata_HIv3___RNAseq.g24624.t1,ko04932
Montipora_capitata_HIv3___RNAseq.g24626.t1,ko04137
Montipora_capitata_HIv3___RNAseq.g24626.t1,ko04217
Montipora_capitata_HIv3___RNAseq.g24626.t1,ko04218
Montipora_capitata_HIv3___RNAseq.g24626.t1,ko04380
Montipora_capitata_HIv3___RNAseq.g24626.t1,ko05418
Montipora_capitata_HIv3___TS.g7784.t2,ko01524
Montipora_capitata_HIv3___TS.g7784.t2,ko04016
Montipora_capitata_HIv3___RNAseq.g24632.t1,ko03018
Montipora_capitata_HIv3___RNAseq.g24646.t1,ko04350
Montipora_capitata_HIv3___RNAseq.g24678.t1,ko04666
Montipora_capitata_HIv3___RNAseq.g24678.t1,ko04810
Montipora_capitata_HIv3___RNAseq.g24678.t1,ko05203
Montipora_capitata_HIv3___RNAseq.g24689.t1,ko04142
Montipora_capitata_HIv3___RNAseq.g24689.t1,ko04979
Montipora_capitata_HIv3___RNAseq.g24694.t1,ko03013
Montipora_capitata_HIv3___RNAseq.g24701.t1,ko00740
Montipora_capitata_HIv3___RNAseq.g24701.t1,ko01100
Montipora_capitata_HIv3___RNAseq.g24701.t1,ko04142
Montipora_capitata_HIv3___RNAseq.g24701.t1,ko04380
Montipora_capitata_HIv3___RNAseq.g24701.t1,ko05323
Montipora_capitata_HIv3___RNAseq.g24698.t1,ko04110
Montipora_capitata_HIv3___RNAseq.g24698.t1,ko04152
Montipora_capitata_HIv3___RNAseq.g24698.t1,ko04218
Montipora_capitata_HIv3___RNAseq.g24698.t1,ko04914
Montipora_capitata_HIv3___RNAseq.g24698.t1,ko05161
Montipora_capitata_HIv3___RNAseq.g24698.t1,ko05165
Montipora_capitata_HIv3___RNAseq.g24698.t1,ko05169
Montipora_capitata_HIv3___RNAseq.g24698.t1,ko05203
Montipora_capitata_HIv3___RNAseq.g24700.t1,ko04145
Montipora_capitata_HIv3___RNAseq.g24700.t1,ko04962
Montipora_capitata_HIv3___RNAseq.g24700.t1,ko05132
Montipora_capitata_HIv3___RNAseq.g24706.t1,ko00010
Montipora_capitata_HIv3___RNAseq.g24706.t1,ko00053
Montipora_capitata_HIv3___RNAseq.g24706.t1,ko00071
Montipora_capitata_HIv3___RNAseq.g24706.t1,ko00280
Montipora_capitata_HIv3___RNAseq.g24706.t1,ko00310
Montipora_capitata_HIv3___RNAseq.g24706.t1,ko00330
Montipora_capitata_HIv3___RNAseq.g24706.t1,ko00340
Montipora_capitata_HIv3___RNAseq.g24706.t1,ko00380
Montipora_capitata_HIv3___RNAseq.g24706.t1,ko00410
Montipora_capitata_HIv3___RNAseq.g24706.t1,ko00561
Montipora_capitata_HIv3___RNAseq.g24706.t1,ko00620
Montipora_capitata_HIv3___RNAseq.g24706.t1,ko00625
Montipora_capitata_HIv3___RNAseq.g24706.t1,ko00830
Montipora_capitata_HIv3___RNAseq.g24706.t1,ko00903
Montipora_capitata_HIv3___RNAseq.g24706.t1,ko00981
Montipora_capitata_HIv3___RNAseq.g24706.t1,ko01100
Montipora_capitata_HIv3___RNAseq.g24706.t1,ko01110
Montipora_capitata_HIv3___RNAseq.g24706.t1,ko01120
Montipora_capitata_HIv3___RNAseq.g24706.t1,ko01130
Montipora_capitata_HIv3___RNAseq.g24713.t1,ko04142
Montipora_capitata_HIv3___TS.g7885.t3,ko04550
Montipora_capitata_HIv3___TS.g7922.t2,ko00510
Montipora_capitata_HIv3___TS.g7922.t2,ko00513
Montipora_capitata_HIv3___TS.g7922.t2,ko01100
Montipora_capitata_HIv3___TS.g7922.t2,ko04141
Montipora_capitata_HIv3___RNAseq.g24808.t1,ko04721
Montipora_capitata_HIv3___TS.g7970.t2,ko00562
Montipora_capitata_HIv3___TS.g7970.t2,ko01100
Montipora_capitata_HIv3___TS.g7970.t2,ko04070
Montipora_capitata_HIv3___TS.g7993.t2,ko05100
Montipora_capitata_HIv3___RNAseq.g24840.t1,ko04120
Montipora_capitata_HIv3___RNAseq.g24840.t1,ko05165
Montipora_capitata_HIv3___RNAseq.g24840.t1,ko05203
Montipora_capitata_HIv3___RNAseq.g24842.t1,ko04120
Montipora_capitata_HIv3___RNAseq.g24842.t1,ko05165
Montipora_capitata_HIv3___RNAseq.g24842.t1,ko05203
Montipora_capitata_HIv3___RNAseq.g24828.t1,ko05100
Montipora_capitata_HIv3___RNAseq.g24843.t1,ko03013
Montipora_capitata_HIv3___RNAseq.g24867.t1,ko00785
Montipora_capitata_HIv3___RNAseq.g24867.t1,ko01100
Montipora_capitata_HIv3___RNAseq.g24874.t1,ko03018
Montipora_capitata_HIv3___TS.g8041.t1,ko03018
Montipora_capitata_HIv3___RNAseq.g24880.t1,ko00020
Montipora_capitata_HIv3___RNAseq.g24880.t1,ko01100
Montipora_capitata_HIv3___RNAseq.g24880.t1,ko01110
Montipora_capitata_HIv3___RNAseq.g24880.t1,ko01120
Montipora_capitata_HIv3___RNAseq.g24880.t1,ko01130
Montipora_capitata_HIv3___RNAseq.g24880.t1,ko01200
Montipora_capitata_HIv3___RNAseq.g24880.t1,ko01210
Montipora_capitata_HIv3___RNAseq.g24880.t1,ko01230
Montipora_capitata_HIv3___TS.g8048.t1b,ko04710
Montipora_capitata_HIv3___RNAseq.g24885.t1,ko04710
Montipora_capitata_HIv3___RNAseq.g24895.t1,ko00970
Montipora_capitata_HIv3___RNAseq.g24890.t1,ko04020
Montipora_capitata_HIv3___RNAseq.g24890.t1,ko04022
Montipora_capitata_HIv3___RNAseq.g24890.t1,ko04217
Montipora_capitata_HIv3___RNAseq.g24890.t1,ko04218
Montipora_capitata_HIv3___RNAseq.g24890.t1,ko05012
Montipora_capitata_HIv3___RNAseq.g24890.t1,ko05016
Montipora_capitata_HIv3___RNAseq.g24890.t1,ko05166
Montipora_capitata_HIv3___RNAseq.g24941.t1,ko05205
Montipora_capitata_HIv3___RNAseq.g24942.t1,ko03013
Montipora_capitata_HIv3___RNAseq.g24942.t1,ko04810
Montipora_capitata_HIv3___RNAseq.g24947.t1,ko03013
Montipora_capitata_HIv3___TS.g8124.t2,ko04390
Montipora_capitata_HIv3___TS.g8124.t2,ko04391
Montipora_capitata_HIv3___TS.g8124.t2,ko04392
Montipora_capitata_HIv3___RNAseq.g24957.t1,ko00240
Montipora_capitata_HIv3___RNAseq.g24957.t1,ko01100
Montipora_capitata_HIv3___RNAseq.g24959.t1,ko00380
Montipora_capitata_HIv3___RNAseq.g24959.t1,ko01100
Montipora_capitata_HIv3___RNAseq.g24960.t1,ko04142
Montipora_capitata_HIv3___RNAseq.g24960.t1,ko04210
Montipora_capitata_HIv3___RNAseq.g24960.t1,ko04750
Montipora_capitata_HIv3___RNAseq.g24961.t1,ko04142
Montipora_capitata_HIv3___RNAseq.g24961.t1,ko04210
Montipora_capitata_HIv3___RNAseq.g24961.t1,ko04750
Montipora_capitata_HIv3___RNAseq.g25025.t1,ko04120
Montipora_capitata_HIv3___TS.g8285.t1,ko04514
Montipora_capitata_HIv3___TS.g8285.t1,ko04520
Montipora_capitata_HIv3___TS.g8285.t1,ko04630
Montipora_capitata_HIv3___TS.g8285.t1,ko04910
Montipora_capitata_HIv3___TS.g8285.t1,ko04931
Montipora_capitata_HIv3___RNAseq.g25160.t1,ko01521
Montipora_capitata_HIv3___RNAseq.g25160.t1,ko04010
Montipora_capitata_HIv3___RNAseq.g25160.t1,ko04014
Montipora_capitata_HIv3___RNAseq.g25160.t1,ko04015
Montipora_capitata_HIv3___RNAseq.g25160.t1,ko04151
Montipora_capitata_HIv3___RNAseq.g25160.t1,ko04390
Montipora_capitata_HIv3___RNAseq.g25160.t1,ko04550
Montipora_capitata_HIv3___RNAseq.g25160.t1,ko04810
Montipora_capitata_HIv3___RNAseq.g25160.t1,ko05167
Montipora_capitata_HIv3___RNAseq.g25160.t1,ko05200
Montipora_capitata_HIv3___RNAseq.g25160.t1,ko05205
Montipora_capitata_HIv3___RNAseq.g25160.t1,ko05218
Montipora_capitata_HIv3___RNAseq.g25160.t1,ko05224
Montipora_capitata_HIv3___RNAseq.g25160.t1,ko05226
Montipora_capitata_HIv3___RNAseq.g25206.t1,ko00230
Montipora_capitata_HIv3___RNAseq.g25206.t1,ko01524
Montipora_capitata_HIv3___RNAseq.g25206.t1,ko02025
Montipora_capitata_HIv3___RNAseq.g25206.t1,ko04113
Montipora_capitata_HIv3___RNAseq.g25206.t1,ko04115
Montipora_capitata_HIv3___RNAseq.g25206.t1,ko04210
Montipora_capitata_HIv3___RNAseq.g25206.t1,ko04213
Montipora_capitata_HIv3___RNAseq.g25206.t1,ko04214
Montipora_capitata_HIv3___RNAseq.g25206.t1,ko04215
Montipora_capitata_HIv3___RNAseq.g25206.t1,ko04217
Montipora_capitata_HIv3___RNAseq.g25206.t1,ko04620
Montipora_capitata_HIv3___RNAseq.g25206.t1,ko04621
Montipora_capitata_HIv3___RNAseq.g25206.t1,ko04622
Montipora_capitata_HIv3___RNAseq.g25206.t1,ko04624
Montipora_capitata_HIv3___RNAseq.g25206.t1,ko04657
Montipora_capitata_HIv3___RNAseq.g25206.t1,ko04668
Montipora_capitata_HIv3___RNAseq.g25206.t1,ko04932
Montipora_capitata_HIv3___RNAseq.g25206.t1,ko05010
Montipora_capitata_HIv3___RNAseq.g25206.t1,ko05016
Montipora_capitata_HIv3___RNAseq.g25206.t1,ko05134
Montipora_capitata_HIv3___RNAseq.g25206.t1,ko05142
Montipora_capitata_HIv3___RNAseq.g25206.t1,ko05145
Montipora_capitata_HIv3___RNAseq.g25206.t1,ko05152
Montipora_capitata_HIv3___RNAseq.g25206.t1,ko05161
Montipora_capitata_HIv3___RNAseq.g25206.t1,ko05165
Montipora_capitata_HIv3___RNAseq.g25206.t1,ko05167
Montipora_capitata_HIv3___RNAseq.g25206.t1,ko05168
Montipora_capitata_HIv3___RNAseq.g25206.t1,ko05200
Montipora_capitata_HIv3___RNAseq.g25206.t1,ko05203
Montipora_capitata_HIv3___RNAseq.g25206.t1,ko05416
Montipora_capitata_HIv3___TS.g8441.t1,ko04120
Montipora_capitata_HIv3___TS.g8441.t1,ko05012
Montipora_capitata_HIv3___RNAseq.g25260.t1,ko05034
Montipora_capitata_HIv3___RNAseq.g25260.t1,ko05165
Montipora_capitata_HIv3___RNAseq.g25260.t1,ko05203
Montipora_capitata_HIv3___RNAseq.g25284.t1,ko00190
Montipora_capitata_HIv3___RNAseq.g25284.t1,ko01100
Montipora_capitata_HIv3___RNAseq.g25284.t1,ko04714
Montipora_capitata_HIv3___RNAseq.g25284.t1,ko04723
Montipora_capitata_HIv3___RNAseq.g25284.t1,ko04932
Montipora_capitata_HIv3___RNAseq.g25284.t1,ko05010
Montipora_capitata_HIv3___RNAseq.g25284.t1,ko05012
Montipora_capitata_HIv3___RNAseq.g25284.t1,ko05016
Montipora_capitata_HIv3___RNAseq.11679_t,ko04020
Montipora_capitata_HIv3___RNAseq.11679_t,ko04910
Montipora_capitata_HIv3___RNAseq.11679_t,ko04922
Montipora_capitata_HIv3___RNAseq.g25292.t1,ko04020
Montipora_capitata_HIv3___RNAseq.g25292.t1,ko04910
Montipora_capitata_HIv3___RNAseq.g25292.t1,ko04922
Montipora_capitata_HIv3___RNAseq.g25299.t4,ko03440
Montipora_capitata_HIv3___RNAseq.g25299.t4,ko03460
Montipora_capitata_HIv3___RNAseq.g25299.t4,ko05200
Montipora_capitata_HIv3___RNAseq.g25299.t4,ko05212
Montipora_capitata_HIv3___RNAseq.g25299.t4,ko05224
Montipora_capitata_HIv3___RNAseq.g25303.t1,ko00510
Montipora_capitata_HIv3___RNAseq.g25303.t1,ko00513
Montipora_capitata_HIv3___RNAseq.g25303.t1,ko01100
Montipora_capitata_HIv3___TS.g8499.t2b,ko00590
Montipora_capitata_HIv3___TS.g8499.t2b,ko01100
Montipora_capitata_HIv3___TS.g8499.t2b,ko04664
Montipora_capitata_HIv3___TS.g8499.t2b,ko04726
Montipora_capitata_HIv3___TS.g8499.t2b,ko04913
Montipora_capitata_HIv3___TS.g8499.t2b,ko05145
Montipora_capitata_HIv3___RNAseq.g25318.t1,ko00561
Montipora_capitata_HIv3___RNAseq.g25318.t1,ko01100
Montipora_capitata_HIv3___RNAseq.g25318.t1,ko04972
Montipora_capitata_HIv3___RNAseq.g25318.t1,ko04975
Montipora_capitata_HIv3___TS.g8512.t1,ko04150
Montipora_capitata_HIv3___TS.g8518.t1,ko00561
Montipora_capitata_HIv3___TS.g8518.t1,ko01100
Montipora_capitata_HIv3___TS.g8518.t1,ko04972
Montipora_capitata_HIv3___TS.g8518.t1,ko04975
Montipora_capitata_HIv3___RNAseq.g25329.t1,ko00561
Montipora_capitata_HIv3___RNAseq.g25329.t1,ko01100
Montipora_capitata_HIv3___RNAseq.g25329.t1,ko04972
Montipora_capitata_HIv3___RNAseq.g25329.t1,ko04975
Montipora_capitata_HIv3___RNAseq.g25353.t1,ko00590
Montipora_capitata_HIv3___RNAseq.g25353.t1,ko01100
Montipora_capitata_HIv3___RNAseq.g25353.t1,ko04664
Montipora_capitata_HIv3___RNAseq.g25353.t1,ko04726
Montipora_capitata_HIv3___RNAseq.g25353.t1,ko04913
Montipora_capitata_HIv3___RNAseq.g25353.t1,ko05145
Montipora_capitata_HIv3___RNAseq.g25456.t1,ko00510
Montipora_capitata_HIv3___RNAseq.g25456.t1,ko01100
Montipora_capitata_HIv3___RNAseq.g25460.t1,ko00510
Montipora_capitata_HIv3___RNAseq.g25460.t1,ko01100
Montipora_capitata_HIv3___TS.g8646.t2,ko04745
Montipora_capitata_HIv3___RNAseq.g25472.t1,ko00330
Montipora_capitata_HIv3___RNAseq.g25472.t1,ko01100
Montipora_capitata_HIv3___RNAseq.g25472.t1,ko01110
Montipora_capitata_HIv3___RNAseq.g25472.t1,ko01130
Montipora_capitata_HIv3___RNAseq.g25472.t1,ko01230
Montipora_capitata_HIv3___RNAseq.g25473.t1,ko00330
Montipora_capitata_HIv3___RNAseq.g25473.t1,ko01100
Montipora_capitata_HIv3___RNAseq.g25473.t1,ko01110
Montipora_capitata_HIv3___RNAseq.g25473.t1,ko01130
Montipora_capitata_HIv3___RNAseq.g25473.t1,ko01230
Montipora_capitata_HIv3___RNAseq.g25496.t1,ko04064
Montipora_capitata_HIv3___TS.g8745.t1,ko00531
Montipora_capitata_HIv3___TS.g8745.t1,ko01100
Montipora_capitata_HIv3___TS.g8745.t1,ko04012
Montipora_capitata_HIv3___TS.g8745.t1,ko04020
Montipora_capitata_HIv3___TS.g8745.t1,ko04024
Montipora_capitata_HIv3___TS.g8745.t1,ko04066
Montipora_capitata_HIv3___TS.g8745.t1,ko04114
Montipora_capitata_HIv3___TS.g8745.t1,ko04142
Montipora_capitata_HIv3___TS.g8745.t1,ko04217
Montipora_capitata_HIv3___TS.g8745.t1,ko04261
Montipora_capitata_HIv3___TS.g8745.t1,ko04310
Montipora_capitata_HIv3___TS.g8745.t1,ko04360
Montipora_capitata_HIv3___TS.g8745.t1,ko04713
Montipora_capitata_HIv3___TS.g8745.t1,ko04720
Montipora_capitata_HIv3___TS.g8745.t1,ko04722
Montipora_capitata_HIv3___TS.g8745.t1,ko04725
Montipora_capitata_HIv3___TS.g8745.t1,ko04728
Montipora_capitata_HIv3___TS.g8745.t1,ko04740
Montipora_capitata_HIv3___TS.g8745.t1,ko04745
Montipora_capitata_HIv3___TS.g8745.t1,ko04750
Montipora_capitata_HIv3___TS.g8745.t1,ko04911
Montipora_capitata_HIv3___TS.g8745.t1,ko04912
Montipora_capitata_HIv3___TS.g8745.t1,ko04916
Montipora_capitata_HIv3___TS.g8745.t1,ko04921
Montipora_capitata_HIv3___TS.g8745.t1,ko04922
Montipora_capitata_HIv3___TS.g8745.t1,ko04925
Montipora_capitata_HIv3___TS.g8745.t1,ko04934
Montipora_capitata_HIv3___TS.g8745.t1,ko04971
Montipora_capitata_HIv3___TS.g8745.t1,ko05031
Montipora_capitata_HIv3___TS.g8745.t1,ko05152
Montipora_capitata_HIv3___TS.g8745.t1,ko05200
Montipora_capitata_HIv3___TS.g8745.t1,ko05205
Montipora_capitata_HIv3___TS.g8745.t1,ko05214
Montipora_capitata_HIv3___RNAseq.g25594.t1,ko04020
Montipora_capitata_HIv3___RNAseq.g25594.t1,ko04022
Montipora_capitata_HIv3___RNAseq.g25594.t1,ko04024
Montipora_capitata_HIv3___RNAseq.g25594.t1,ko04261
Montipora_capitata_HIv3___RNAseq.g25594.t1,ko04925
Montipora_capitata_HIv3___RNAseq.g25594.t1,ko04970
Montipora_capitata_HIv3___RNAseq.g25594.t1,ko04972
Montipora_capitata_HIv3___RNAseq.g25596.t1,ko04020
Montipora_capitata_HIv3___RNAseq.g25596.t1,ko04022
Montipora_capitata_HIv3___RNAseq.g25596.t1,ko04024
Montipora_capitata_HIv3___RNAseq.g25596.t1,ko04261
Montipora_capitata_HIv3___RNAseq.g25596.t1,ko04925
Montipora_capitata_HIv3___RNAseq.g25596.t1,ko04970
Montipora_capitata_HIv3___RNAseq.g25596.t1,ko04972
Montipora_capitata_HIv3___TS.g8793.t1,ko03040
Montipora_capitata_HIv3___RNAseq.g25607.t1,ko03010
Montipora_capitata_HIv3___RNAseq.g25612.t1,ko04110
Montipora_capitata_HIv3___RNAseq.g25612.t1,ko04111
Montipora_capitata_HIv3___RNAseq.g25612.t1,ko04113
Montipora_capitata_HIv3___RNAseq.g25612.t1,ko04114
Montipora_capitata_HIv3___RNAseq.g25612.t1,ko04151
Montipora_capitata_HIv3___RNAseq.g25612.t1,ko04510
Montipora_capitata_HIv3___RNAseq.g25612.t1,ko04512
Montipora_capitata_HIv3___RNAseq.g25612.t1,ko04974
Montipora_capitata_HIv3___RNAseq.g25612.t1,ko05165
Montipora_capitata_HIv3___RNAseq.g25624.t1,ko04110
Montipora_capitata_HIv3___RNAseq.g25624.t1,ko04111
Montipora_capitata_HIv3___RNAseq.g25624.t1,ko04113
Montipora_capitata_HIv3___RNAseq.g25624.t1,ko04114
Montipora_capitata_HIv3___RNAseq.g25624.t1,ko04151
Montipora_capitata_HIv3___RNAseq.g25624.t1,ko04510
Montipora_capitata_HIv3___RNAseq.g25624.t1,ko04512
Montipora_capitata_HIv3___RNAseq.g25624.t1,ko04974
Montipora_capitata_HIv3___RNAseq.g25624.t1,ko05165
Montipora_capitata_HIv3___RNAseq.g25676.t1,ko04137
Montipora_capitata_HIv3___RNAseq.g25683.t1,ko04137
Montipora_capitata_HIv3___RNAseq.g25752.t1,ko04013
Montipora_capitata_HIv3___RNAseq.g25752.t1,ko04064
Montipora_capitata_HIv3___RNAseq.g25752.t1,ko04380
Montipora_capitata_HIv3___RNAseq.g25752.t1,ko04611
Montipora_capitata_HIv3___RNAseq.g25752.t1,ko04660
Montipora_capitata_HIv3___RNAseq.g25752.t1,ko04662
Montipora_capitata_HIv3___RNAseq.g25752.t1,ko04664
Montipora_capitata_HIv3___RNAseq.g25752.t1,ko05340
Montipora_capitata_HIv3___RNAseq.g25763.t1,ko03008
Montipora_capitata_HIv3___RNAseq.g25774.t1,ko05016
Montipora_capitata_HIv3___TS.g8995.t1,ko05016
Montipora_capitata_HIv3___TS.g8997.t1a,ko05016
Montipora_capitata_HIv3___RNAseq.g25800.t1,ko00010
Montipora_capitata_HIv3___RNAseq.g25800.t1,ko00030
Montipora_capitata_HIv3___RNAseq.g25800.t1,ko00052
Montipora_capitata_HIv3___RNAseq.g25800.t1,ko00230
Montipora_capitata_HIv3___RNAseq.g25800.t1,ko00500
Montipora_capitata_HIv3___RNAseq.g25800.t1,ko00520
Montipora_capitata_HIv3___RNAseq.g25800.t1,ko00521
Montipora_capitata_HIv3___RNAseq.g25800.t1,ko01100
Montipora_capitata_HIv3___RNAseq.g25800.t1,ko01110
Montipora_capitata_HIv3___RNAseq.g25800.t1,ko01120
Montipora_capitata_HIv3___RNAseq.g25800.t1,ko01130
Montipora_capitata_HIv3___RNAseq.g25815.t1b,ko04360
Montipora_capitata_HIv3___RNAseq.g25842.t1,ko03018
Montipora_capitata_HIv3___TS.g9095.t1,ko00230
Montipora_capitata_HIv3___TS.g9095.t1,ko04022
Montipora_capitata_HIv3___TS.g9095.t1,ko04270
Montipora_capitata_HIv3___TS.g9095.t1,ko04540
Montipora_capitata_HIv3___TS.g9095.t1,ko04611
Montipora_capitata_HIv3___TS.g9095.t1,ko04713
Montipora_capitata_HIv3___TS.g9095.t1,ko04730
Montipora_capitata_HIv3___TS.g9095.t1,ko04921
Montipora_capitata_HIv3___TS.g9095.t1,ko04924
Montipora_capitata_HIv3___TS.g9095.t1,ko04970
Montipora_capitata_HIv3___RNAseq.g25863.t1,ko03013
Montipora_capitata_HIv3___TS.g9109.t1,ko03022
Montipora_capitata_HIv3___RNAseq.g26032.t2,ko03008
Montipora_capitata_HIv3___RNAseq.g26032.t2,ko03013
Montipora_capitata_HIv3___RNAseq.g26032.t2,ko03015
Montipora_capitata_HIv3___RNAseq.g26032.t2,ko05164
Montipora_capitata_HIv3___RNAseq.g26032.t2,ko05168
Montipora_capitata_HIv3___RNAseq.g26033.t1,ko00190
Montipora_capitata_HIv3___RNAseq.g26033.t1,ko01100
Montipora_capitata_HIv3___RNAseq.g26033.t1,ko04142
Montipora_capitata_HIv3___RNAseq.g26033.t1,ko04145
Montipora_capitata_HIv3___RNAseq.g26033.t1,ko04721
Montipora_capitata_HIv3___RNAseq.g26033.t1,ko04966
Montipora_capitata_HIv3___RNAseq.g26033.t1,ko05110
Montipora_capitata_HIv3___RNAseq.g26033.t1,ko05120
Montipora_capitata_HIv3___RNAseq.g26033.t1,ko05152
Montipora_capitata_HIv3___RNAseq.g26033.t1,ko05323
Montipora_capitata_HIv3___RNAseq.g26043.t1,ko04136
Montipora_capitata_HIv3___RNAseq.g26043.t1,ko04138
Montipora_capitata_HIv3___RNAseq.g26043.t1,ko04140
Montipora_capitata_HIv3___RNAseq.g26043.t1,ko04216
Montipora_capitata_HIv3___RNAseq.g26036.t1,ko00970
Montipora_capitata_HIv3___RNAseq.g26037.t1,ko00190
Montipora_capitata_HIv3___RNAseq.g26037.t1,ko01100
Montipora_capitata_HIv3___RNAseq.g26037.t1,ko04714
Montipora_capitata_HIv3___RNAseq.g26037.t1,ko04723
Montipora_capitata_HIv3___RNAseq.g26037.t1,ko04932
Montipora_capitata_HIv3___RNAseq.g26037.t1,ko05010
Montipora_capitata_HIv3___RNAseq.g26037.t1,ko05012
Montipora_capitata_HIv3___RNAseq.g26037.t1,ko05016
Montipora_capitata_HIv3___TS.g9405.t1,ko00230
Montipora_capitata_HIv3___TS.g9405.t1,ko01522
Montipora_capitata_HIv3___TS.g9405.t1,ko04015
Montipora_capitata_HIv3___TS.g9405.t1,ko04020
Montipora_capitata_HIv3___TS.g9405.t1,ko04022
Montipora_capitata_HIv3___TS.g9405.t1,ko04024
Montipora_capitata_HIv3___TS.g9405.t1,ko04062
Montipora_capitata_HIv3___TS.g9405.t1,ko04072
Montipora_capitata_HIv3___TS.g9405.t1,ko04114
Montipora_capitata_HIv3___TS.g9405.t1,ko04211
Montipora_capitata_HIv3___TS.g9405.t1,ko04213
Montipora_capitata_HIv3___TS.g9405.t1,ko04261
Montipora_capitata_HIv3___TS.g9405.t1,ko04270
Montipora_capitata_HIv3___TS.g9405.t1,ko04371
Montipora_capitata_HIv3___TS.g9405.t1,ko04540
Montipora_capitata_HIv3___TS.g9405.t1,ko04611
Montipora_capitata_HIv3___TS.g9405.t1,ko04713
Montipora_capitata_HIv3___TS.g9405.t1,ko04714
Montipora_capitata_HIv3___TS.g9405.t1,ko04723
Montipora_capitata_HIv3___TS.g9405.t1,ko04724
Montipora_capitata_HIv3___TS.g9405.t1,ko04725
Montipora_capitata_HIv3___TS.g9405.t1,ko04727
Montipora_capitata_HIv3___TS.g9405.t1,ko04750
Montipora_capitata_HIv3___TS.g9405.t1,ko04911
Montipora_capitata_HIv3___TS.g9405.t1,ko04912
Montipora_capitata_HIv3___TS.g9405.t1,ko04913
Montipora_capitata_HIv3___TS.g9405.t1,ko04914
Montipora_capitata_HIv3___TS.g9405.t1,ko04915
Montipora_capitata_HIv3___TS.g9405.t1,ko04916
Montipora_capitata_HIv3___TS.g9405.t1,ko04918
Montipora_capitata_HIv3___TS.g9405.t1,ko04921
Montipora_capitata_HIv3___TS.g9405.t1,ko04923
Montipora_capitata_HIv3___TS.g9405.t1,ko04925
Montipora_capitata_HIv3___TS.g9405.t1,ko04926
Montipora_capitata_HIv3___TS.g9405.t1,ko04927
Montipora_capitata_HIv3___TS.g9405.t1,ko04934
Montipora_capitata_HIv3___TS.g9405.t1,ko04961
Montipora_capitata_HIv3___TS.g9405.t1,ko04962
Montipora_capitata_HIv3___TS.g9405.t1,ko04970
Montipora_capitata_HIv3___TS.g9405.t1,ko04971
Montipora_capitata_HIv3___TS.g9405.t1,ko04972
Montipora_capitata_HIv3___TS.g9405.t1,ko04976
Montipora_capitata_HIv3___TS.g9405.t1,ko05032
Montipora_capitata_HIv3___TS.g9405.t1,ko05110
Montipora_capitata_HIv3___TS.g9405.t1,ko05166
Montipora_capitata_HIv3___TS.g9405.t1,ko05200
Montipora_capitata_HIv3___TS.g9405.t1,ko05414
Montipora_capitata_HIv3___TS.g9407.t1,ko00230
Montipora_capitata_HIv3___TS.g9407.t1,ko01522
Montipora_capitata_HIv3___TS.g9407.t1,ko04015
Montipora_capitata_HIv3___TS.g9407.t1,ko04020
Montipora_capitata_HIv3___TS.g9407.t1,ko04022
Montipora_capitata_HIv3___TS.g9407.t1,ko04024
Montipora_capitata_HIv3___TS.g9407.t1,ko04062
Montipora_capitata_HIv3___TS.g9407.t1,ko04072
Montipora_capitata_HIv3___TS.g9407.t1,ko04114
Montipora_capitata_HIv3___TS.g9407.t1,ko04211
Montipora_capitata_HIv3___TS.g9407.t1,ko04213
Montipora_capitata_HIv3___TS.g9407.t1,ko04261
Montipora_capitata_HIv3___TS.g9407.t1,ko04270
Montipora_capitata_HIv3___TS.g9407.t1,ko04371
Montipora_capitata_HIv3___TS.g9407.t1,ko04540
Montipora_capitata_HIv3___TS.g9407.t1,ko04611
Montipora_capitata_HIv3___TS.g9407.t1,ko04713
Montipora_capitata_HIv3___TS.g9407.t1,ko04714
Montipora_capitata_HIv3___TS.g9407.t1,ko04723
Montipora_capitata_HIv3___TS.g9407.t1,ko04724
Montipora_capitata_HIv3___TS.g9407.t1,ko04725
Montipora_capitata_HIv3___TS.g9407.t1,ko04727
Montipora_capitata_HIv3___TS.g9407.t1,ko04750
Montipora_capitata_HIv3___TS.g9407.t1,ko04911
Montipora_capitata_HIv3___TS.g9407.t1,ko04912
Montipora_capitata_HIv3___TS.g9407.t1,ko04913
Montipora_capitata_HIv3___TS.g9407.t1,ko04914
Montipora_capitata_HIv3___TS.g9407.t1,ko04915
Montipora_capitata_HIv3___TS.g9407.t1,ko04916
Montipora_capitata_HIv3___TS.g9407.t1,ko04918
Montipora_capitata_HIv3___TS.g9407.t1,ko04921
Montipora_capitata_HIv3___TS.g9407.t1,ko04923
Montipora_capitata_HIv3___TS.g9407.t1,ko04925
Montipora_capitata_HIv3___TS.g9407.t1,ko04926
Montipora_capitata_HIv3___TS.g9407.t1,ko04927
Montipora_capitata_HIv3___TS.g9407.t1,ko04934
Montipora_capitata_HIv3___TS.g9407.t1,ko04961
Montipora_capitata_HIv3___TS.g9407.t1,ko04962
Montipora_capitata_HIv3___TS.g9407.t1,ko04970
Montipora_capitata_HIv3___TS.g9407.t1,ko04971
Montipora_capitata_HIv3___TS.g9407.t1,ko04972
Montipora_capitata_HIv3___TS.g9407.t1,ko04976
Montipora_capitata_HIv3___TS.g9407.t1,ko05032
Montipora_capitata_HIv3___TS.g9407.t1,ko05110
Montipora_capitata_HIv3___TS.g9407.t1,ko05166
Montipora_capitata_HIv3___TS.g9407.t1,ko05200
Montipora_capitata_HIv3___TS.g9407.t1,ko05414
Montipora_capitata_HIv3___RNAseq.g26179.t1,ko04024
Montipora_capitata_HIv3___RNAseq.g26179.t1,ko04066
Montipora_capitata_HIv3___RNAseq.g26179.t1,ko04068
Montipora_capitata_HIv3___RNAseq.g26179.t1,ko04110
Montipora_capitata_HIv3___RNAseq.g26179.t1,ko04310
Montipora_capitata_HIv3___RNAseq.g26179.t1,ko04330
Montipora_capitata_HIv3___RNAseq.g26179.t1,ko04350
Montipora_capitata_HIv3___RNAseq.g26179.t1,ko04520
Montipora_capitata_HIv3___RNAseq.g26179.t1,ko04630
Montipora_capitata_HIv3___RNAseq.g26179.t1,ko04720
Montipora_capitata_HIv3___RNAseq.g26179.t1,ko04916
Montipora_capitata_HIv3___RNAseq.g26179.t1,ko04919
Montipora_capitata_HIv3___RNAseq.g26179.t1,ko04922
Montipora_capitata_HIv3___RNAseq.g26179.t1,ko05016
Montipora_capitata_HIv3___RNAseq.g26179.t1,ko05152
Montipora_capitata_HIv3___RNAseq.g26179.t1,ko05161
Montipora_capitata_HIv3___RNAseq.g26179.t1,ko05164
Montipora_capitata_HIv3___RNAseq.g26179.t1,ko05165
Montipora_capitata_HIv3___RNAseq.g26179.t1,ko05166
Montipora_capitata_HIv3___RNAseq.g26179.t1,ko05167
Montipora_capitata_HIv3___RNAseq.g26179.t1,ko05168
Montipora_capitata_HIv3___RNAseq.g26179.t1,ko05169
Montipora_capitata_HIv3___RNAseq.g26179.t1,ko05200
Montipora_capitata_HIv3___RNAseq.g26179.t1,ko05203
Montipora_capitata_HIv3___RNAseq.g26179.t1,ko05206
Montipora_capitata_HIv3___RNAseq.g26179.t1,ko05211
Montipora_capitata_HIv3___RNAseq.g26179.t1,ko05215
Montipora_capitata_HIv3___RNAseq.g26183.t1,ko04010
Montipora_capitata_HIv3___RNAseq.g26185.t1,ko00030
Montipora_capitata_HIv3___RNAseq.g26185.t1,ko00230
Montipora_capitata_HIv3___RNAseq.g26185.t1,ko01100
Montipora_capitata_HIv3___RNAseq.g26185.t1,ko01110
Montipora_capitata_HIv3___RNAseq.g26185.t1,ko01120
Montipora_capitata_HIv3___RNAseq.g26185.t1,ko01130
Montipora_capitata_HIv3___RNAseq.g26185.t1,ko01200
Montipora_capitata_HIv3___RNAseq.g26185.t1,ko01230
Montipora_capitata_HIv3___RNAseq.g26187.t1,ko00030
Montipora_capitata_HIv3___RNAseq.g26187.t1,ko00230
Montipora_capitata_HIv3___RNAseq.g26187.t1,ko01100
Montipora_capitata_HIv3___RNAseq.g26187.t1,ko01110
Montipora_capitata_HIv3___RNAseq.g26187.t1,ko01120
Montipora_capitata_HIv3___RNAseq.g26187.t1,ko01130
Montipora_capitata_HIv3___RNAseq.g26187.t1,ko01200
Montipora_capitata_HIv3___RNAseq.g26187.t1,ko01230
Montipora_capitata_HIv3___RNAseq.g26205.t1,ko03008
Montipora_capitata_HIv3___RNAseq.g26205.t1,ko04141
Montipora_capitata_HIv3___RNAseq.g26205.t1,ko05134
Montipora_capitata_HIv3___RNAseq.g26206.t2,ko00520
Montipora_capitata_HIv3___RNAseq.g26206.t2,ko01130
Montipora_capitata_HIv3___TS.g9440.t1b,ko04217
Montipora_capitata_HIv3___TS.g9440.t1b,ko04218
Montipora_capitata_HIv3___TS.g9442.t1,ko03018
Montipora_capitata_HIv3___TS.g9451.t2a,ko04120
Montipora_capitata_HIv3___RNAseq.g26227.t1,ko04120
Montipora_capitata_HIv3___RNAseq.g26235.t1,ko00520
Montipora_capitata_HIv3___RNAseq.g26235.t1,ko01100
Montipora_capitata_HIv3___RNAseq.g26407.t1a,ko05410
Montipora_capitata_HIv3___RNAseq.g26407.t1a,ko05412
Montipora_capitata_HIv3___RNAseq.g26407.t1a,ko05414
Montipora_capitata_HIv3___RNAseq.g26407.t1a,ko05416
Montipora_capitata_HIv3___RNAseq.g26407.t1b,ko00510
Montipora_capitata_HIv3___RNAseq.g26407.t1b,ko00513
Montipora_capitata_HIv3___RNAseq.g26407.t1b,ko01100
Montipora_capitata_HIv3___RNAseq.g26407.t1b,ko04141
Montipora_capitata_HIv3___RNAseq.g26437.t1,ko00190
Montipora_capitata_HIv3___RNAseq.g26437.t1,ko01100
Montipora_capitata_HIv3___RNAseq.g26437.t1,ko04142
Montipora_capitata_HIv3___RNAseq.g26437.t1,ko04145
Montipora_capitata_HIv3___RNAseq.g26437.t1,ko05110
Montipora_capitata_HIv3___RNAseq.g26437.t1,ko05120
Montipora_capitata_HIv3___RNAseq.g26437.t1,ko05152
Montipora_capitata_HIv3___RNAseq.g26437.t1,ko05161
Montipora_capitata_HIv3___RNAseq.g26437.t1,ko05323
Montipora_capitata_HIv3___RNAseq.g26441.t1,ko00190
Montipora_capitata_HIv3___RNAseq.g26441.t1,ko01100
Montipora_capitata_HIv3___RNAseq.g26441.t1,ko04142
Montipora_capitata_HIv3___RNAseq.g26441.t1,ko04145
Montipora_capitata_HIv3___RNAseq.g26441.t1,ko05110
Montipora_capitata_HIv3___RNAseq.g26441.t1,ko05120
Montipora_capitata_HIv3___RNAseq.g26441.t1,ko05152
Montipora_capitata_HIv3___RNAseq.g26441.t1,ko05161
Montipora_capitata_HIv3___RNAseq.g26441.t1,ko05323
Montipora_capitata_HIv3___RNAseq.g26442.t1,ko04742
Montipora_capitata_HIv3___RNAseq.g26457.t1,ko04218
Montipora_capitata_HIv3___RNAseq.g26468.t1,ko00590
Montipora_capitata_HIv3___RNAseq.g26468.t1,ko00790
Montipora_capitata_HIv3___RNAseq.g26468.t1,ko00980
Montipora_capitata_HIv3___RNAseq.g26468.t1,ko01100
Montipora_capitata_HIv3___RNAseq.g26468.t1,ko05204
Montipora_capitata_HIv3___RNAseq.g26476.t2,ko04391
Montipora_capitata_HIv3___RNAseq.g26476.t2,ko04510
Montipora_capitata_HIv3___RNAseq.g26476.t2,ko04810
Montipora_capitata_HIv3___RNAseq.g26476.t2,ko04933
Montipora_capitata_HIv3___RNAseq.g26476.t2,ko05131
Montipora_capitata_HIv3___RNAseq.g26479.t1,ko04120
Montipora_capitata_HIv3___RNAseq.g26492.t2b,ko00230
Montipora_capitata_HIv3___RNAseq.g26492.t2b,ko00250
Montipora_capitata_HIv3___RNAseq.g26492.t2b,ko01100
Montipora_capitata_HIv3___RNAseq.g26492.t2b,ko04011
Montipora_capitata_HIv3___RNAseq.g26492.t2b,ko04310
Montipora_capitata_HIv3___RNAseq.g26501.t1,ko00230
Montipora_capitata_HIv3___RNAseq.g26501.t1,ko01100
Montipora_capitata_HIv3___RNAseq.g26501.t1,ko01110
Montipora_capitata_HIv3___RNAseq.g26501.t1,ko01130
Montipora_capitata_HIv3___RNAseq.g26504.t1,ko00562
Montipora_capitata_HIv3___RNAseq.g26504.t1,ko01100
Montipora_capitata_HIv3___RNAseq.g26504.t1,ko04070
Montipora_capitata_HIv3___RNAseq.g26523.t1,ko04140
Montipora_capitata_HIv3___RNAseq.g26531.t1,ko00230
Montipora_capitata_HIv3___RNAseq.g26531.t1,ko00240
Montipora_capitata_HIv3___RNAseq.g26531.t1,ko00480
Montipora_capitata_HIv3___RNAseq.g26531.t1,ko00983
Montipora_capitata_HIv3___RNAseq.g26531.t1,ko01100
Montipora_capitata_HIv3___RNAseq.g26546.t1,ko03008
Montipora_capitata_HIv3___RNAseq.g26548.t1,ko03008
Montipora_capitata_HIv3___TS.g9808.t1,ko04310
Montipora_capitata_HIv3___RNAseq.g26552.t1,ko00230
Montipora_capitata_HIv3___RNAseq.g26552.t1,ko04022
Montipora_capitata_HIv3___RNAseq.g26552.t1,ko04934
Montipora_capitata_HIv3___RNAseq.g26552.t1,ko05032
Montipora_capitata_HIv3___RNAseq.g26563.t2,ko00860
Montipora_capitata_HIv3___RNAseq.g26563.t2,ko04216
Montipora_capitata_HIv3___RNAseq.g26563.t2,ko04978
Montipora_capitata_HIv3___RNAseq.g26578.t1,ko04142
Montipora_capitata_HIv3___RNAseq.g26579.t1,ko03008
Montipora_capitata_HIv3___RNAseq.g26579.t1,ko03013
Montipora_capitata_HIv3___RNAseq.g26579.t1,ko03015
Montipora_capitata_HIv3___RNAseq.g26579.t1,ko05164
Montipora_capitata_HIv3___RNAseq.g26580.t1,ko04621
Montipora_capitata_HIv3___RNAseq.g26580.t1,ko04626
Montipora_capitata_HIv3___RNAseq.g26581.t1,ko04621
Montipora_capitata_HIv3___RNAseq.g26581.t1,ko04626
Montipora_capitata_HIv3___TS.g9818.t1b,ko05203
Montipora_capitata_HIv3___RNAseq.g26603.t1,ko04350
Montipora_capitata_HIv3___RNAseq.g26603.t1,ko04390
Montipora_capitata_HIv3___RNAseq.g26603.t1,ko04391
Montipora_capitata_HIv3___RNAseq.g26603.t1,ko04550
Montipora_capitata_HIv3___RNAseq.g26603.t1,ko05202
Montipora_capitata_HIv3___TS.g9836.t1,ko04350
Montipora_capitata_HIv3___TS.g9836.t1,ko04390
Montipora_capitata_HIv3___TS.g9836.t1,ko04391
Montipora_capitata_HIv3___TS.g9836.t1,ko04550
Montipora_capitata_HIv3___TS.g9836.t1,ko05202
Montipora_capitata_HIv3___RNAseq.g26604.t1b,ko03018
Montipora_capitata_HIv3___RNAseq.g26605.t1,ko04140
Montipora_capitata_HIv3___TS.g9835.t1,ko00514
Montipora_capitata_HIv3___TS.g9835.t1,ko04931
Montipora_capitata_HIv3___RNAseq.g26601.t1,ko04810
Montipora_capitata_HIv3___RNAseq.g26610.t1,ko00230
Montipora_capitata_HIv3___RNAseq.g26610.t1,ko00240
Montipora_capitata_HIv3___RNAseq.g26610.t1,ko00510
Montipora_capitata_HIv3___RNAseq.g26610.t1,ko01100
Montipora_capitata_HIv3___RNAseq.g26610.t1,ko03020
Montipora_capitata_HIv3___RNAseq.g26610.t1,ko04623
Montipora_capitata_HIv3___RNAseq.g26610.t1,ko05169
Montipora_capitata_HIv3___RNAseq.g26608.t1,ko04350
Montipora_capitata_HIv3___RNAseq.g26608.t1,ko04390
Montipora_capitata_HIv3___RNAseq.g26608.t1,ko04391
Montipora_capitata_HIv3___RNAseq.g26608.t1,ko04550
Montipora_capitata_HIv3___RNAseq.g26608.t1,ko05202
Montipora_capitata_HIv3___RNAseq.g26609.t1,ko04350
Montipora_capitata_HIv3___RNAseq.g26609.t1,ko04390
Montipora_capitata_HIv3___RNAseq.g26609.t1,ko04391
Montipora_capitata_HIv3___RNAseq.g26609.t1,ko04550
Montipora_capitata_HIv3___RNAseq.g26609.t1,ko05202
Montipora_capitata_HIv3___RNAseq.g26612.t1,ko00100
Montipora_capitata_HIv3___RNAseq.g26612.t1,ko01100
Montipora_capitata_HIv3___RNAseq.g26612.t1,ko01130
Montipora_capitata_HIv3___RNAseq.g26613.t1,ko03013
Montipora_capitata_HIv3___TS.g9863.t1b,ko00360
Montipora_capitata_HIv3___TS.g9863.t1b,ko00380
Montipora_capitata_HIv3___TS.g9863.t1b,ko00400
Montipora_capitata_HIv3___TS.g9863.t1b,ko00790
Montipora_capitata_HIv3___TS.g9863.t1b,ko01100
Montipora_capitata_HIv3___TS.g9863.t1b,ko01230
Montipora_capitata_HIv3___TS.g9863.t1b,ko04726
Montipora_capitata_HIv3___RNAseq.g26632.t1,ko00270
Montipora_capitata_HIv3___RNAseq.g26632.t1,ko01100
Montipora_capitata_HIv3___RNAseq.g26632.t1,ko01110
Montipora_capitata_HIv3___RNAseq.g26632.t1,ko01230
Montipora_capitata_HIv3___TS.g9877.t1,ko04214
Montipora_capitata_HIv3___TS.g9877.t1,ko04657
Montipora_capitata_HIv3___TS.g9877.t1,ko05200
Montipora_capitata_HIv3___TS.g9877.t1,ko05222
Montipora_capitata_HIv3___RNAseq.g26644.t1,ko04010
Montipora_capitata_HIv3___RNAseq.g26644.t1,ko04013
Montipora_capitata_HIv3___RNAseq.g26644.t1,ko04064
Montipora_capitata_HIv3___RNAseq.g26644.t1,ko04120
Montipora_capitata_HIv3___RNAseq.g26644.t1,ko04140
Montipora_capitata_HIv3___RNAseq.g26644.t1,ko04144
Montipora_capitata_HIv3___RNAseq.g26644.t1,ko04214
Montipora_capitata_HIv3___RNAseq.g26644.t1,ko04380
Montipora_capitata_HIv3___RNAseq.g26644.t1,ko04620
Montipora_capitata_HIv3___RNAseq.g26644.t1,ko04621
Montipora_capitata_HIv3___RNAseq.g26644.t1,ko04622
Montipora_capitata_HIv3___RNAseq.g26644.t1,ko04657
Montipora_capitata_HIv3___RNAseq.g26644.t1,ko04722
Montipora_capitata_HIv3___RNAseq.g26644.t1,ko05133
Montipora_capitata_HIv3___RNAseq.g26644.t1,ko05140
Montipora_capitata_HIv3___RNAseq.g26644.t1,ko05142
Montipora_capitata_HIv3___RNAseq.g26644.t1,ko05145
Montipora_capitata_HIv3___RNAseq.g26644.t1,ko05152
Montipora_capitata_HIv3___RNAseq.g26644.t1,ko05160
Montipora_capitata_HIv3___RNAseq.g26644.t1,ko05162
Montipora_capitata_HIv3___RNAseq.g26644.t1,ko05168
Montipora_capitata_HIv3___RNAseq.g26644.t1,ko05169
Montipora_capitata_HIv3___RNAseq.g26644.t1,ko05200
Montipora_capitata_HIv3___RNAseq.g26644.t1,ko05222
Montipora_capitata_HIv3___TS.g9892.t1,ko03420
Montipora_capitata_HIv3___TS.g9892.t1,ko04066
Montipora_capitata_HIv3___TS.g9892.t1,ko04110
Montipora_capitata_HIv3___TS.g9892.t1,ko04111
Montipora_capitata_HIv3___TS.g9892.t1,ko04114
Montipora_capitata_HIv3___TS.g9892.t1,ko04120
Montipora_capitata_HIv3___TS.g9892.t1,ko04141
Montipora_capitata_HIv3___TS.g9892.t1,ko04310
Montipora_capitata_HIv3___TS.g9892.t1,ko04341
Montipora_capitata_HIv3___TS.g9892.t1,ko04350
Montipora_capitata_HIv3___TS.g9892.t1,ko04710
Montipora_capitata_HIv3___TS.g9892.t1,ko05200
Montipora_capitata_HIv3___TS.g9892.t1,ko05211
Montipora_capitata_HIv3___TS.g9895.t1,ko05010
Montipora_capitata_HIv3___RNAseq.g26671.t1,ko04144
Montipora_capitata_HIv3___RNAseq.g26677.t1,ko04014
Montipora_capitata_HIv3___RNAseq.g26679.t1,ko03010
Montipora_capitata_HIv3___RNAseq.g26680.t1,ko04138
Montipora_capitata_HIv3___RNAseq.g26689.t1,ko04020
Montipora_capitata_HIv3___RNAseq.g26689.t1,ko04022
Montipora_capitata_HIv3___RNAseq.g26689.t1,ko04070
Montipora_capitata_HIv3___RNAseq.g26689.t1,ko04114
Montipora_capitata_HIv3___RNAseq.g26689.t1,ko04140
Montipora_capitata_HIv3___RNAseq.g26689.t1,ko04210
Montipora_capitata_HIv3___RNAseq.g26689.t1,ko04218
Montipora_capitata_HIv3___RNAseq.g26689.t1,ko04270
Montipora_capitata_HIv3___RNAseq.g26689.t1,ko04371
Montipora_capitata_HIv3___RNAseq.g26689.t1,ko04540
Montipora_capitata_HIv3___RNAseq.g26689.t1,ko04611
Montipora_capitata_HIv3___RNAseq.g26689.t1,ko04621
Montipora_capitata_HIv3___RNAseq.g26689.t1,ko04713
Montipora_capitata_HIv3___RNAseq.g26689.t1,ko04720
Montipora_capitata_HIv3___RNAseq.g26689.t1,ko04723
Montipora_capitata_HIv3___RNAseq.g26689.t1,ko04724
Montipora_capitata_HIv3___RNAseq.g26689.t1,ko04725
Montipora_capitata_HIv3___RNAseq.g26689.t1,ko04726
Montipora_capitata_HIv3___RNAseq.g26689.t1,ko04728
Montipora_capitata_HIv3___RNAseq.g26689.t1,ko04730
Montipora_capitata_HIv3___RNAseq.g26689.t1,ko04745
Montipora_capitata_HIv3___RNAseq.g26689.t1,ko04750
Montipora_capitata_HIv3___RNAseq.g26689.t1,ko04912
Montipora_capitata_HIv3___RNAseq.g26689.t1,ko04915
Montipora_capitata_HIv3___RNAseq.g26689.t1,ko04918
Montipora_capitata_HIv3___RNAseq.g26689.t1,ko04921
Montipora_capitata_HIv3___RNAseq.g26689.t1,ko04922
Montipora_capitata_HIv3___RNAseq.g26689.t1,ko04924
Montipora_capitata_HIv3___RNAseq.g26689.t1,ko04925
Montipora_capitata_HIv3___RNAseq.g26689.t1,ko04927
Montipora_capitata_HIv3___RNAseq.g26689.t1,ko04934
Montipora_capitata_HIv3___RNAseq.g26689.t1,ko04970
Montipora_capitata_HIv3___RNAseq.g26689.t1,ko04971
Montipora_capitata_HIv3___RNAseq.g26689.t1,ko04972
Montipora_capitata_HIv3___RNAseq.g26689.t1,ko05010
Montipora_capitata_HIv3___RNAseq.g26689.t1,ko05016
Montipora_capitata_HIv3___RNAseq.g26689.t1,ko05167
Montipora_capitata_HIv3___RNAseq.g26689.t1,ko05205
Montipora_capitata_HIv3___TS.g9930.t1a,ko00030
Montipora_capitata_HIv3___TS.g9930.t1a,ko00260
Montipora_capitata_HIv3___TS.g9930.t1a,ko00561
Montipora_capitata_HIv3___TS.g9930.t1a,ko00630
Montipora_capitata_HIv3___TS.g9930.t1a,ko00680
Montipora_capitata_HIv3___TS.g9930.t1a,ko01100
Montipora_capitata_HIv3___TS.g9930.t1a,ko01120
Montipora_capitata_HIv3___TS.g9930.t1a,ko01130
Montipora_capitata_HIv3___TS.g9930.t1a,ko01200
Montipora_capitata_HIv3___TS.g9937.t1,ko04512
Montipora_capitata_HIv3___TS.g9937.t1,ko05410
Montipora_capitata_HIv3___TS.g9937.t1,ko05412
Montipora_capitata_HIv3___TS.g9937.t1,ko05414
Montipora_capitata_HIv3___TS.g9937.t1,ko05416
Montipora_capitata_HIv3___RNAseq.g26719.t1,ko00280
Montipora_capitata_HIv3___RNAseq.g26719.t1,ko01100
Montipora_capitata_HIv3___RNAseq.g26719.t1,ko01110
Montipora_capitata_HIv3___RNAseq.g26719.t1,ko01130
Montipora_capitata_HIv3___RNAseq.g26719.t1,ko05010
Montipora_capitata_HIv3___RNAseq.g26720.t1,ko04137
Montipora_capitata_HIv3___RNAseq.g26720.t1,ko04380
Montipora_capitata_HIv3___RNAseq.g26720.t1,ko04916
Montipora_capitata_HIv3___RNAseq.g26720.t1,ko05200
Montipora_capitata_HIv3___RNAseq.g26720.t1,ko05202
Montipora_capitata_HIv3___RNAseq.g26720.t1,ko05211
Montipora_capitata_HIv3___RNAseq.g26720.t1,ko05218
Montipora_capitata_HIv3___RNAseq.g26722.t1,ko04722
Montipora_capitata_HIv3___RNAseq.g26733.t1,ko00230
Montipora_capitata_HIv3___RNAseq.g26733.t1,ko04022
Montipora_capitata_HIv3___RNAseq.g26733.t1,ko04270
Montipora_capitata_HIv3___RNAseq.g26733.t1,ko04540
Montipora_capitata_HIv3___RNAseq.g26733.t1,ko04611
Montipora_capitata_HIv3___RNAseq.g26733.t1,ko04713
Montipora_capitata_HIv3___RNAseq.g26733.t1,ko04730
Montipora_capitata_HIv3___RNAseq.g26733.t1,ko04921
Montipora_capitata_HIv3___RNAseq.g26733.t1,ko04924
Montipora_capitata_HIv3___RNAseq.g26733.t1,ko04970
Montipora_capitata_HIv3___RNAseq.g26734.t1,ko00230
Montipora_capitata_HIv3___RNAseq.g26734.t1,ko04022
Montipora_capitata_HIv3___RNAseq.g26734.t1,ko04270
Montipora_capitata_HIv3___RNAseq.g26734.t1,ko04540
Montipora_capitata_HIv3___RNAseq.g26734.t1,ko04611
Montipora_capitata_HIv3___RNAseq.g26734.t1,ko04713
Montipora_capitata_HIv3___RNAseq.g26734.t1,ko04730
Montipora_capitata_HIv3___RNAseq.g26734.t1,ko04921
Montipora_capitata_HIv3___RNAseq.g26734.t1,ko04924
Montipora_capitata_HIv3___RNAseq.g26734.t1,ko04970
Montipora_capitata_HIv3___RNAseq.g26749.t1,ko03010
Montipora_capitata_HIv3___RNAseq.g26753.t1,ko00562
Montipora_capitata_HIv3___RNAseq.g26753.t1,ko01100
Montipora_capitata_HIv3___RNAseq.g26753.t1,ko04070
Montipora_capitata_HIv3___RNAseq.g26753.t1,ko04138
Montipora_capitata_HIv3___RNAseq.g26758.t1,ko03013
Montipora_capitata_HIv3___RNAseq.13310_t,ko00561
Montipora_capitata_HIv3___RNAseq.13310_t,ko01100
Montipora_capitata_HIv3___RNAseq.g26769.t1,ko04152
Montipora_capitata_HIv3___RNAseq.g26769.t1,ko04919
Montipora_capitata_HIv3___RNAseq.g26769.t1,ko04931
Montipora_capitata_HIv3___TS.g10032.t1,ko04142
Montipora_capitata_HIv3___RNAseq.g26789.t1,ko03010
Montipora_capitata_HIv3___TS.g10038.t1,ko00531
Montipora_capitata_HIv3___TS.g10038.t1,ko01100
Montipora_capitata_HIv3___TS.g10038.t1,ko04142
Montipora_capitata_HIv3___RNAseq.g26794.t1,ko04014
Montipora_capitata_HIv3___RNAseq.g26794.t1,ko04015
Montipora_capitata_HIv3___RNAseq.g26794.t1,ko04218
Montipora_capitata_HIv3___RNAseq.g26794.t1,ko04390
Montipora_capitata_HIv3___RNAseq.g26794.t1,ko04392
Montipora_capitata_HIv3___RNAseq.g26794.t1,ko04670
Montipora_capitata_HIv3___RNAseq.g26794.t1,ko05200
Montipora_capitata_HIv3___RNAseq.g26794.t1,ko05206
Montipora_capitata_HIv3___RNAseq.g26794.t1,ko05219
Montipora_capitata_HIv3___RNAseq.g26794.t1,ko05223
Montipora_capitata_HIv3___TS.g10041.t1,ko00340
Montipora_capitata_HIv3___TS.g10041.t1,ko01100
Montipora_capitata_HIv3___TS.g10041.t1,ko01110
Montipora_capitata_HIv3___TS.g10041.t1,ko01230
Montipora_capitata_HIv3___TS.g10043.t1,ko00130
Montipora_capitata_HIv3___TS.g10043.t1,ko01100
Montipora_capitata_HIv3___TS.g10043.t1,ko01110
Montipora_capitata_HIv3___TS.g10045.t1,ko00130
Montipora_capitata_HIv3___TS.g10045.t1,ko01100
Montipora_capitata_HIv3___TS.g10045.t1,ko01110
Montipora_capitata_HIv3___RNAseq.g26803.t1,ko03018
Montipora_capitata_HIv3___RNAseq.g26806.t1,ko03410
Montipora_capitata_HIv3___RNAseq.g26806.t1,ko04140
Montipora_capitata_HIv3___RNAseq.g26806.t1,ko04217
Montipora_capitata_HIv3___RNAseq.g26807.t1,ko03410
Montipora_capitata_HIv3___RNAseq.g26807.t1,ko04140
Montipora_capitata_HIv3___RNAseq.g26807.t1,ko04217
Montipora_capitata_HIv3___RNAseq.g26819.t1,ko00310
Montipora_capitata_HIv3___TS.g10059.t1,ko00510
Montipora_capitata_HIv3___TS.g10059.t1,ko00513
Montipora_capitata_HIv3___TS.g10059.t1,ko01100
Montipora_capitata_HIv3___RNAseq.g26820.t1,ko04974
Montipora_capitata_HIv3___RNAseq.g26842.t1,ko00970
Montipora_capitata_HIv3___TS.g10085.t1b,ko04340
Montipora_capitata_HIv3___RNAseq.g26845.t1,ko04340
Montipora_capitata_HIv3___TS.g10110.t1,ko00220
Montipora_capitata_HIv3___TS.g10110.t1,ko00250
Montipora_capitata_HIv3___TS.g10110.t1,ko00471
Montipora_capitata_HIv3___TS.g10110.t1,ko00910
Montipora_capitata_HIv3___TS.g10110.t1,ko01100
Montipora_capitata_HIv3___TS.g10110.t1,ko01200
Montipora_capitata_HIv3___TS.g10110.t1,ko04217
Montipora_capitata_HIv3___TS.g10110.t1,ko04964
Montipora_capitata_HIv3___RNAseq.g26867.t1,ko04213
Montipora_capitata_HIv3___RNAseq.g26872.t1,ko04380
Montipora_capitata_HIv3___TS.g10117.t2,ko04310
Montipora_capitata_HIv3___RNAseq.g26904.t1,ko04144
Montipora_capitata_HIv3___RNAseq.g26904.t1,ko04217
Montipora_capitata_HIv3___RNAseq.g26899.t1,ko03060
Montipora_capitata_HIv3___RNAseq.g26901.t1,ko03060
Montipora_capitata_HIv3___TS.g10151.t1,ko04711
Montipora_capitata_HIv3___RNAseq.g26909.t1,ko04711
Montipora_capitata_HIv3___RNAseq.g26974.t1,ko04068
Montipora_capitata_HIv3___RNAseq.g26976.t1,ko03015
Montipora_capitata_HIv3___RNAseq.g26985.t1,ko03320
Montipora_capitata_HIv3___RNAseq.g26985.t1,ko04142
Montipora_capitata_HIv3___RNAseq.g26985.t1,ko04145
Montipora_capitata_HIv3___RNAseq.g26985.t1,ko04152
Montipora_capitata_HIv3___RNAseq.g26985.t1,ko04512
Montipora_capitata_HIv3___RNAseq.g26985.t1,ko04640
Montipora_capitata_HIv3___RNAseq.g26985.t1,ko04913
Montipora_capitata_HIv3___RNAseq.g26985.t1,ko04920
Montipora_capitata_HIv3___RNAseq.g26985.t1,ko04925
Montipora_capitata_HIv3___RNAseq.g26985.t1,ko04927
Montipora_capitata_HIv3___RNAseq.g26985.t1,ko04931
Montipora_capitata_HIv3___RNAseq.g26985.t1,ko04934
Montipora_capitata_HIv3___RNAseq.g26985.t1,ko04975
Montipora_capitata_HIv3___RNAseq.g26985.t1,ko04976
Montipora_capitata_HIv3___RNAseq.g26985.t1,ko04977
Montipora_capitata_HIv3___RNAseq.g26985.t1,ko04979
Montipora_capitata_HIv3___RNAseq.g26985.t1,ko05144
Montipora_capitata_HIv3___RNAseq.g26985.t1,ko05160
Montipora_capitata_HIv3___TS.g10262.t4,ko00230
Montipora_capitata_HIv3___TS.g10262.t4,ko04022
Montipora_capitata_HIv3___TS.g10262.t4,ko04740
Montipora_capitata_HIv3___TS.g10262.t4,ko04925
Montipora_capitata_HIv3___TS.g10262.t4,ko05032
Montipora_capitata_HIv3___RNAseq.g27008.t1,ko04110
Montipora_capitata_HIv3___RNAseq.g27008.t1,ko04114
Montipora_capitata_HIv3___RNAseq.g27008.t1,ko04914
Montipora_capitata_HIv3___RNAseq.g27008.t1,ko05100
Montipora_capitata_HIv3___RNAseq.g27008.t1,ko05131
Montipora_capitata_HIv3___RNAseq.g27012.t1,ko04110
Montipora_capitata_HIv3___RNAseq.g27012.t1,ko04114
Montipora_capitata_HIv3___RNAseq.g27012.t1,ko04914
Montipora_capitata_HIv3___RNAseq.g27012.t1,ko05100
Montipora_capitata_HIv3___RNAseq.g27012.t1,ko05131
Montipora_capitata_HIv3___RNAseq.g27047.t1,ko01523
Montipora_capitata_HIv3___RNAseq.g27047.t1,ko02010
Montipora_capitata_HIv3___RNAseq.g27047.t1,ko04024
Montipora_capitata_HIv3___RNAseq.g27047.t1,ko04976
Montipora_capitata_HIv3___RNAseq.g27044.t1,ko04141
Montipora_capitata_HIv3___RNAseq.g27044.t1,ko05134
Montipora_capitata_HIv3___TS.g10296.t1,ko01523
Montipora_capitata_HIv3___TS.g10296.t1,ko02010
Montipora_capitata_HIv3___TS.g10296.t1,ko04024
Montipora_capitata_HIv3___TS.g10296.t1,ko04976
Montipora_capitata_HIv3___TS.g10298.t1,ko01523
Montipora_capitata_HIv3___TS.g10298.t1,ko02010
Montipora_capitata_HIv3___TS.g10298.t1,ko04024
Montipora_capitata_HIv3___TS.g10298.t1,ko04976
Montipora_capitata_HIv3___TS.g10306.t1,ko00190
Montipora_capitata_HIv3___TS.g10306.t1,ko01100
Montipora_capitata_HIv3___TS.g10306.t1,ko04260
Montipora_capitata_HIv3___TS.g10306.t1,ko04714
Montipora_capitata_HIv3___TS.g10306.t1,ko04932
Montipora_capitata_HIv3___TS.g10306.t1,ko05010
Montipora_capitata_HIv3___TS.g10306.t1,ko05012
Montipora_capitata_HIv3___TS.g10306.t1,ko05016
Montipora_capitata_HIv3___TS.g10310.t1,ko04550
Montipora_capitata_HIv3___TS.g10310.t1,ko04950
Montipora_capitata_HIv3___RNAseq.g27063.t1,ko04015
Montipora_capitata_HIv3___RNAseq.g27063.t1,ko04510
Montipora_capitata_HIv3___RNAseq.g27063.t1,ko04810
Montipora_capitata_HIv3___RNAseq.g27063.t1,ko05100
Montipora_capitata_HIv3___RNAseq.g27063.t1,ko05131
Montipora_capitata_HIv3___RNAseq.g27074.t1,ko00760
Montipora_capitata_HIv3___RNAseq.g27074.t1,ko01100
Montipora_capitata_HIv3___RNAseq.g27082.t1,ko00230
Montipora_capitata_HIv3___RNAseq.g27082.t1,ko00983
Montipora_capitata_HIv3___RNAseq.g27082.t1,ko01100
Montipora_capitata_HIv3___RNAseq.g27082.t1,ko01110
Montipora_capitata_HIv3___RNAseq.g27086.t1,ko05016
Montipora_capitata_HIv3___RNAseq.g27083.t1,ko04015
Montipora_capitata_HIv3___RNAseq.g27083.t1,ko04022
Montipora_capitata_HIv3___RNAseq.g27083.t1,ko04024
Montipora_capitata_HIv3___RNAseq.g27083.t1,ko04062
Montipora_capitata_HIv3___RNAseq.g27083.t1,ko04071
Montipora_capitata_HIv3___RNAseq.g27083.t1,ko04261
Montipora_capitata_HIv3___RNAseq.g27083.t1,ko04360
Montipora_capitata_HIv3___RNAseq.g27083.t1,ko04371
Montipora_capitata_HIv3___RNAseq.g27083.t1,ko04540
Montipora_capitata_HIv3___RNAseq.g27083.t1,ko04611
Montipora_capitata_HIv3___RNAseq.g27083.t1,ko04670
Montipora_capitata_HIv3___RNAseq.g27083.t1,ko04713
Montipora_capitata_HIv3___RNAseq.g27083.t1,ko04723
Montipora_capitata_HIv3___RNAseq.g27083.t1,ko04724
Montipora_capitata_HIv3___RNAseq.g27083.t1,ko04725
Montipora_capitata_HIv3___RNAseq.g27083.t1,ko04726
Montipora_capitata_HIv3___RNAseq.g27083.t1,ko04727
Montipora_capitata_HIv3___RNAseq.g27083.t1,ko04728
Montipora_capitata_HIv3___RNAseq.g27083.t1,ko04730
Montipora_capitata_HIv3___RNAseq.g27083.t1,ko04914
Montipora_capitata_HIv3___RNAseq.g27083.t1,ko04915
Montipora_capitata_HIv3___RNAseq.g27083.t1,ko04916
Montipora_capitata_HIv3___RNAseq.g27083.t1,ko04921
Montipora_capitata_HIv3___RNAseq.g27083.t1,ko04923
Montipora_capitata_HIv3___RNAseq.g27083.t1,ko04924
Montipora_capitata_HIv3___RNAseq.g27083.t1,ko04926
Montipora_capitata_HIv3___RNAseq.g27083.t1,ko04934
Montipora_capitata_HIv3___RNAseq.g27083.t1,ko04971
Montipora_capitata_HIv3___RNAseq.g27083.t1,ko05012
Montipora_capitata_HIv3___RNAseq.g27083.t1,ko05030
Montipora_capitata_HIv3___RNAseq.g27083.t1,ko05032
Montipora_capitata_HIv3___RNAseq.g27083.t1,ko05034
Montipora_capitata_HIv3___RNAseq.g27083.t1,ko05133
Montipora_capitata_HIv3___RNAseq.g27083.t1,ko05142
Montipora_capitata_HIv3___RNAseq.g27083.t1,ko05145
Montipora_capitata_HIv3___RNAseq.g27083.t1,ko05200
Montipora_capitata_HIv3___RNAseq.g27095.t1,ko03015
Montipora_capitata_HIv3___TS.g10358.t2b,ko01521
Montipora_capitata_HIv3___TS.g10358.t2b,ko01522
Montipora_capitata_HIv3___TS.g10358.t2b,ko04010
Montipora_capitata_HIv3___TS.g10358.t2b,ko04012
Montipora_capitata_HIv3___TS.g10358.t2b,ko04013
Montipora_capitata_HIv3___TS.g10358.t2b,ko04014
Montipora_capitata_HIv3___TS.g10358.t2b,ko04015
Montipora_capitata_HIv3___TS.g10358.t2b,ko04022
Montipora_capitata_HIv3___TS.g10358.t2b,ko04024
Montipora_capitata_HIv3___TS.g10358.t2b,ko04062
Montipora_capitata_HIv3___TS.g10358.t2b,ko04068
Montipora_capitata_HIv3___TS.g10358.t2b,ko04071
Montipora_capitata_HIv3___TS.g10358.t2b,ko04072
Montipora_capitata_HIv3___TS.g10358.t2b,ko04140
Montipora_capitata_HIv3___TS.g10358.t2b,ko04150
Montipora_capitata_HIv3___TS.g10358.t2b,ko04151
Montipora_capitata_HIv3___TS.g10358.t2b,ko04210
Montipora_capitata_HIv3___TS.g10358.t2b,ko04214
Montipora_capitata_HIv3___TS.g10358.t2b,ko04218
Montipora_capitata_HIv3___TS.g10358.t2b,ko04270
Montipora_capitata_HIv3___TS.g10358.t2b,ko04320
Montipora_capitata_HIv3___TS.g10358.t2b,ko04360
Montipora_capitata_HIv3___TS.g10358.t2b,ko04370
Montipora_capitata_HIv3___TS.g10358.t2b,ko04371
Montipora_capitata_HIv3___TS.g10358.t2b,ko04510
Montipora_capitata_HIv3___TS.g10358.t2b,ko04514
Montipora_capitata_HIv3___TS.g10358.t2b,ko04520
Montipora_capitata_HIv3___TS.g10358.t2b,ko04540
Montipora_capitata_HIv3___TS.g10358.t2b,ko04550
Montipora_capitata_HIv3___TS.g10358.t2b,ko04630
Montipora_capitata_HIv3___TS.g10358.t2b,ko04650
Montipora_capitata_HIv3___TS.g10358.t2b,ko04660
Montipora_capitata_HIv3___TS.g10358.t2b,ko04662
Montipora_capitata_HIv3___TS.g10358.t2b,ko04664
Montipora_capitata_HIv3___TS.g10358.t2b,ko04666
Montipora_capitata_HIv3___TS.g10358.t2b,ko04720
Montipora_capitata_HIv3___TS.g10358.t2b,ko04722
Montipora_capitata_HIv3___TS.g10358.t2b,ko04726
Montipora_capitata_HIv3___TS.g10358.t2b,ko04730
Montipora_capitata_HIv3___TS.g10358.t2b,ko04810
Montipora_capitata_HIv3___TS.g10358.t2b,ko04910
Montipora_capitata_HIv3___TS.g10358.t2b,ko04912
Montipora_capitata_HIv3___TS.g10358.t2b,ko04914
Montipora_capitata_HIv3___TS.g10358.t2b,ko04915
Montipora_capitata_HIv3___TS.g10358.t2b,ko04916
Montipora_capitata_HIv3___TS.g10358.t2b,ko04917
Montipora_capitata_HIv3___TS.g10358.t2b,ko04919
Montipora_capitata_HIv3___TS.g10358.t2b,ko04921
Montipora_capitata_HIv3___TS.g10358.t2b,ko04926
Montipora_capitata_HIv3___TS.g10358.t2b,ko04931
Montipora_capitata_HIv3___TS.g10358.t2b,ko04934
Montipora_capitata_HIv3___TS.g10358.t2b,ko05034
Montipora_capitata_HIv3___TS.g10358.t2b,ko05152
Montipora_capitata_HIv3___TS.g10358.t2b,ko05160
Montipora_capitata_HIv3___TS.g10358.t2b,ko05161
Montipora_capitata_HIv3___TS.g10358.t2b,ko05164
Montipora_capitata_HIv3___TS.g10358.t2b,ko05165
Montipora_capitata_HIv3___TS.g10358.t2b,ko05167
Montipora_capitata_HIv3___TS.g10358.t2b,ko05200
Montipora_capitata_HIv3___TS.g10358.t2b,ko05205
Montipora_capitata_HIv3___TS.g10358.t2b,ko05206
Montipora_capitata_HIv3___TS.g10358.t2b,ko05210
Montipora_capitata_HIv3___TS.g10358.t2b,ko05211
Montipora_capitata_HIv3___TS.g10358.t2b,ko05212
Montipora_capitata_HIv3___TS.g10358.t2b,ko05213
Montipora_capitata_HIv3___TS.g10358.t2b,ko05214
Montipora_capitata_HIv3___TS.g10358.t2b,ko05215
Montipora_capitata_HIv3___TS.g10358.t2b,ko05216
Montipora_capitata_HIv3___TS.g10358.t2b,ko05218
Montipora_capitata_HIv3___TS.g10358.t2b,ko05219
Montipora_capitata_HIv3___TS.g10358.t2b,ko05220
Montipora_capitata_HIv3___TS.g10358.t2b,ko05221
Montipora_capitata_HIv3___TS.g10358.t2b,ko05223
Montipora_capitata_HIv3___TS.g10358.t2b,ko05224
Montipora_capitata_HIv3___TS.g10358.t2b,ko05225
Montipora_capitata_HIv3___TS.g10358.t2b,ko05226
Montipora_capitata_HIv3___TS.g10358.t2b,ko05230
Montipora_capitata_HIv3___TS.g10358.t2b,ko05231
Montipora_capitata_HIv3___TS.g10371.t1a,ko01522
Montipora_capitata_HIv3___TS.g10371.t1a,ko02010
Montipora_capitata_HIv3___TS.g10371.t1a,ko04976
Montipora_capitata_HIv3___TS.g10371.t1a,ko04979
Montipora_capitata_HIv3___TS.g10371.t1a,ko05206
Montipora_capitata_HIv3___TS.g10371.t1a,ko05226
Montipora_capitata_HIv3___RNAseq.g40377.t1,ko03050
Montipora_capitata_HIv3___RNAseq.g40386.t1,ko00230
Montipora_capitata_HIv3___RNAseq.g40386.t1,ko01100
Montipora_capitata_HIv3___RNAseq.g40386.t1,ko05340
Montipora_capitata_HIv3___RNAseq.g40389.t1,ko04530
Montipora_capitata_HIv3___TS.g46869.t1,ko04927
Montipora_capitata_HIv3___TS.g46869.t1,ko04934
Montipora_capitata_HIv3___TS.g46869.t1,ko05202
Montipora_capitata_HIv3___RNAseq.g40374.t1,ko04722
Montipora_capitata_HIv3___RNAseq.g40374.t1,ko05120
Montipora_capitata_HIv3___RNAseq.g40376.t2,ko04068
Montipora_capitata_HIv3___RNAseq.g40376.t2,ko04110
Montipora_capitata_HIv3___RNAseq.g40376.t2,ko04114
Montipora_capitata_HIv3___RNAseq.g40376.t2,ko04115
Montipora_capitata_HIv3___RNAseq.g40376.t2,ko04218
Montipora_capitata_HIv3___RNAseq.g40376.t2,ko04914
Montipora_capitata_HIv3___RNAseq.g40376.t2,ko05166
Montipora_capitata_HIv3___RNAseq.g40399.t1,ko05168
Montipora_capitata_HIv3___RNAseq.g40399.t1,ko05203
Montipora_capitata_HIv3___RNAseq.g40411.t1,ko03022
Montipora_capitata_HIv3___RNAseq.g40411.t1,ko05169
Montipora_capitata_HIv3___RNAseq.g40411.t1,ko05203
Montipora_capitata_HIv3___RNAseq.13784_t,ko03008
Montipora_capitata_HIv3___TS.g46890.t3,ko03010
Montipora_capitata_HIv3___RNAseq.g40422.t1,ko04710
Montipora_capitata_HIv3___RNAseq.g40427.t1a,ko00790
Montipora_capitata_HIv3___RNAseq.g40427.t1a,ko01100
Montipora_capitata_HIv3___RNAseq.g40427.t1a,ko01523
Montipora_capitata_HIv3___TS.g46902.t1,ko00562
Montipora_capitata_HIv3___TS.g46902.t1,ko01100
Montipora_capitata_HIv3___TS.g46902.t1,ko04070
Montipora_capitata_HIv3___RNAseq.g40428.t1,ko03013
Montipora_capitata_HIv3___RNAseq.g40428.t1,ko03015
Montipora_capitata_HIv3___RNAseq.g40428.t1,ko03040
Montipora_capitata_HIv3___RNAseq.g40428.t1,ko05164
Montipora_capitata_HIv3___RNAseq.g40429.t1,ko00270
Montipora_capitata_HIv3___RNAseq.g40429.t1,ko00340
Montipora_capitata_HIv3___RNAseq.g40436.t1,ko04110
Montipora_capitata_HIv3___RNAseq.g40436.t1,ko04111
Montipora_capitata_HIv3___RNAseq.g40436.t1,ko05166
Montipora_capitata_HIv3___RNAseq.g40457.t1,ko00563
Montipora_capitata_HIv3___RNAseq.g40457.t1,ko01100
Montipora_capitata_HIv3___RNAseq.g40458.t1,ko00230
Montipora_capitata_HIv3___RNAseq.g40458.t1,ko00240
Montipora_capitata_HIv3___RNAseq.g40458.t1,ko00730
Montipora_capitata_HIv3___RNAseq.g40458.t1,ko00983
Montipora_capitata_HIv3___RNAseq.g40458.t1,ko01100
Montipora_capitata_HIv3___RNAseq.g40458.t1,ko01110
Montipora_capitata_HIv3___RNAseq.g40458.t1,ko01130
Montipora_capitata_HIv3___TS.g46950.t2,ko00534
Montipora_capitata_HIv3___TS.g46952.t2,ko00592
Montipora_capitata_HIv3___TS.g46952.t2,ko01110
Montipora_capitata_HIv3___RNAseq.g40476.t1,ko04146
Montipora_capitata_HIv3___RNAseq.g40477.t1,ko00510
Montipora_capitata_HIv3___RNAseq.g40485.t1,ko00510
Montipora_capitata_HIv3___RNAseq.g40502.t1,ko04010
Montipora_capitata_HIv3___RNAseq.g40502.t1,ko04064
Montipora_capitata_HIv3___RNAseq.g40502.t1,ko04071
Montipora_capitata_HIv3___RNAseq.g40502.t1,ko04141
Montipora_capitata_HIv3___RNAseq.g40502.t1,ko04210
Montipora_capitata_HIv3___RNAseq.g40502.t1,ko04217
Montipora_capitata_HIv3___RNAseq.g40502.t1,ko04380
Montipora_capitata_HIv3___RNAseq.g40502.t1,ko04620
Montipora_capitata_HIv3___RNAseq.g40502.t1,ko04621
Montipora_capitata_HIv3___RNAseq.g40502.t1,ko04622
Montipora_capitata_HIv3___RNAseq.g40502.t1,ko04657
Montipora_capitata_HIv3___RNAseq.g40502.t1,ko04668
Montipora_capitata_HIv3___RNAseq.g40502.t1,ko04920
Montipora_capitata_HIv3___RNAseq.g40502.t1,ko04932
Montipora_capitata_HIv3___RNAseq.g40502.t1,ko05160
Montipora_capitata_HIv3___RNAseq.g40502.t1,ko05165
Montipora_capitata_HIv3___RNAseq.g40502.t1,ko05167
Montipora_capitata_HIv3___RNAseq.g40502.t1,ko05168
Montipora_capitata_HIv3___RNAseq.g40502.t1,ko05169
Montipora_capitata_HIv3___RNAseq.g40502.t1,ko05200
Montipora_capitata_HIv3___RNAseq.g40502.t1,ko05203
Montipora_capitata_HIv3___RNAseq.g40502.t1,ko05222
Montipora_capitata_HIv3___TS.g47023.t1,ko04010
Montipora_capitata_HIv3___TS.g47023.t1,ko04064
Montipora_capitata_HIv3___TS.g47023.t1,ko04071
Montipora_capitata_HIv3___TS.g47023.t1,ko04141
Montipora_capitata_HIv3___TS.g47023.t1,ko04210
Montipora_capitata_HIv3___TS.g47023.t1,ko04217
Montipora_capitata_HIv3___TS.g47023.t1,ko04380
Montipora_capitata_HIv3___TS.g47023.t1,ko04620
Montipora_capitata_HIv3___TS.g47023.t1,ko04621
Montipora_capitata_HIv3___TS.g47023.t1,ko04622
Montipora_capitata_HIv3___TS.g47023.t1,ko04657
Montipora_capitata_HIv3___TS.g47023.t1,ko04668
Montipora_capitata_HIv3___TS.g47023.t1,ko04920
Montipora_capitata_HIv3___TS.g47023.t1,ko04932
Montipora_capitata_HIv3___TS.g47023.t1,ko05160
Montipora_capitata_HIv3___TS.g47023.t1,ko05165
Montipora_capitata_HIv3___TS.g47023.t1,ko05167
Montipora_capitata_HIv3___TS.g47023.t1,ko05168
Montipora_capitata_HIv3___TS.g47023.t1,ko05169
Montipora_capitata_HIv3___TS.g47023.t1,ko05200
Montipora_capitata_HIv3___TS.g47023.t1,ko05203
Montipora_capitata_HIv3___TS.g47023.t1,ko05222
Montipora_capitata_HIv3___RNAseq.g40579.t1,ko04010
Montipora_capitata_HIv3___RNAseq.g40579.t1,ko04064
Montipora_capitata_HIv3___RNAseq.g40579.t1,ko04071
Montipora_capitata_HIv3___RNAseq.g40579.t1,ko04141
Montipora_capitata_HIv3___RNAseq.g40579.t1,ko04210
Montipora_capitata_HIv3___RNAseq.g40579.t1,ko04217
Montipora_capitata_HIv3___RNAseq.g40579.t1,ko04380
Montipora_capitata_HIv3___RNAseq.g40579.t1,ko04620
Montipora_capitata_HIv3___RNAseq.g40579.t1,ko04621
Montipora_capitata_HIv3___RNAseq.g40579.t1,ko04622
Montipora_capitata_HIv3___RNAseq.g40579.t1,ko04657
Montipora_capitata_HIv3___RNAseq.g40579.t1,ko04668
Montipora_capitata_HIv3___RNAseq.g40579.t1,ko04920
Montipora_capitata_HIv3___RNAseq.g40579.t1,ko04932
Montipora_capitata_HIv3___RNAseq.g40579.t1,ko05160
Montipora_capitata_HIv3___RNAseq.g40579.t1,ko05165
Montipora_capitata_HIv3___RNAseq.g40579.t1,ko05167
Montipora_capitata_HIv3___RNAseq.g40579.t1,ko05168
Montipora_capitata_HIv3___RNAseq.g40579.t1,ko05169
Montipora_capitata_HIv3___RNAseq.g40579.t1,ko05200
Montipora_capitata_HIv3___RNAseq.g40579.t1,ko05203
Montipora_capitata_HIv3___RNAseq.g40579.t1,ko05222
Montipora_capitata_HIv3___TS.g47027.t2,ko04010
Montipora_capitata_HIv3___TS.g47027.t2,ko04064
Montipora_capitata_HIv3___TS.g47027.t2,ko04071
Montipora_capitata_HIv3___TS.g47027.t2,ko04141
Montipora_capitata_HIv3___TS.g47027.t2,ko04210
Montipora_capitata_HIv3___TS.g47027.t2,ko04217
Montipora_capitata_HIv3___TS.g47027.t2,ko04380
Montipora_capitata_HIv3___TS.g47027.t2,ko04620
Montipora_capitata_HIv3___TS.g47027.t2,ko04621
Montipora_capitata_HIv3___TS.g47027.t2,ko04622
Montipora_capitata_HIv3___TS.g47027.t2,ko04657
Montipora_capitata_HIv3___TS.g47027.t2,ko04668
Montipora_capitata_HIv3___TS.g47027.t2,ko04920
Montipora_capitata_HIv3___TS.g47027.t2,ko04932
Montipora_capitata_HIv3___TS.g47027.t2,ko05160
Montipora_capitata_HIv3___TS.g47027.t2,ko05165
Montipora_capitata_HIv3___TS.g47027.t2,ko05167
Montipora_capitata_HIv3___TS.g47027.t2,ko05168
Montipora_capitata_HIv3___TS.g47027.t2,ko05169
Montipora_capitata_HIv3___TS.g47027.t2,ko05200
Montipora_capitata_HIv3___TS.g47027.t2,ko05203
Montipora_capitata_HIv3___TS.g47027.t2,ko05222
Montipora_capitata_HIv3___RNAseq.g40587.t1,ko00330
Montipora_capitata_HIv3___RNAseq.g40598.t1,ko04110
Montipora_capitata_HIv3___RNAseq.g40598.t1,ko04111
Montipora_capitata_HIv3___RNAseq.g40598.t1,ko04113
Montipora_capitata_HIv3___RNAseq.g40598.t1,ko04114
Montipora_capitata_HIv3___RNAseq.g40598.t1,ko04120
Montipora_capitata_HIv3___RNAseq.g40598.t1,ko04657
Montipora_capitata_HIv3___RNAseq.g40598.t1,ko04914
Montipora_capitata_HIv3___RNAseq.g40598.t1,ko05166
Montipora_capitata_HIv3___RNAseq.g40601.t1,ko03008
Montipora_capitata_HIv3___RNAseq.g40601.t1,ko05205
Montipora_capitata_HIv3___RNAseq.g40615.t1,ko03010
Montipora_capitata_HIv3___RNAseq.g40614.t1,ko04122
Montipora_capitata_HIv3___RNAseq.g40621.t1,ko00260
Montipora_capitata_HIv3___RNAseq.g40621.t1,ko01100
Montipora_capitata_HIv3___RNAseq.g40622.t1a,ko03320
Montipora_capitata_HIv3___RNAseq.g40622.t1a,ko04151
Montipora_capitata_HIv3___RNAseq.g40622.t1a,ko04214
Montipora_capitata_HIv3___RNAseq.g40622.t1a,ko04659
Montipora_capitata_HIv3___RNAseq.g40622.t1a,ko04919
Montipora_capitata_HIv3___RNAseq.g40622.t1a,ko04920
Montipora_capitata_HIv3___RNAseq.g40622.t1a,ko04932
Montipora_capitata_HIv3___RNAseq.g40622.t1a,ko04976
Montipora_capitata_HIv3___RNAseq.g40622.t1a,ko05160
Montipora_capitata_HIv3___RNAseq.g40622.t1a,ko05200
Montipora_capitata_HIv3___RNAseq.g40622.t1a,ko05202
Montipora_capitata_HIv3___RNAseq.g40622.t1a,ko05216
Montipora_capitata_HIv3___RNAseq.g40622.t1a,ko05222
Montipora_capitata_HIv3___RNAseq.g40622.t1a,ko05223
Montipora_capitata_HIv3___RNAseq.g40622.t1a,ko05226
Montipora_capitata_HIv3___RNAseq.g40626.t1,ko04130
Montipora_capitata_HIv3___RNAseq.g40631.t1,ko03320
Montipora_capitata_HIv3___RNAseq.g40631.t1,ko04931
Montipora_capitata_HIv3___RNAseq.g40630.t1,ko04010
Montipora_capitata_HIv3___RNAseq.g40630.t1,ko04210
Montipora_capitata_HIv3___RNAseq.g40630.t1,ko05014
Montipora_capitata_HIv3___RNAseq.g40630.t1,ko05168
Montipora_capitata_HIv3___TS.g47092.t1,ko03320
Montipora_capitata_HIv3___TS.g47092.t1,ko04931
Montipora_capitata_HIv3___RNAseq.g40647.t1,ko00230
Montipora_capitata_HIv3___RNAseq.g40647.t1,ko00232
Montipora_capitata_HIv3___RNAseq.g40647.t1,ko01100
Montipora_capitata_HIv3___RNAseq.g40647.t1,ko01120
Montipora_capitata_HIv3___RNAseq.g40675.t1,ko04110
Montipora_capitata_HIv3___RNAseq.g40675.t1,ko04111
Montipora_capitata_HIv3___RNAseq.g40696.t1,ko00563
Montipora_capitata_HIv3___RNAseq.g40696.t1,ko01100
Montipora_capitata_HIv3___RNAseq.g40712.t1,ko04360
Montipora_capitata_HIv3___RNAseq.g40712.t1,ko04745
Montipora_capitata_HIv3___RNAseq.g40741.t1,ko04151
Montipora_capitata_HIv3___RNAseq.g40741.t1,ko04510
Montipora_capitata_HIv3___RNAseq.g40741.t1,ko04512
Montipora_capitata_HIv3___RNAseq.g40741.t1,ko05020
Montipora_capitata_HIv3___RNAseq.g40741.t1,ko05145
Montipora_capitata_HIv3___RNAseq.g40741.t1,ko05146
Montipora_capitata_HIv3___RNAseq.g40741.t1,ko05165
Montipora_capitata_HIv3___RNAseq.g40741.t1,ko05200
Montipora_capitata_HIv3___RNAseq.g40741.t1,ko05222
Montipora_capitata_HIv3___RNAseq.g40749.t1,ko00511
Montipora_capitata_HIv3___RNAseq.g40749.t1,ko00513
Montipora_capitata_HIv3___RNAseq.g40749.t1,ko00520
Montipora_capitata_HIv3___RNAseq.g40749.t1,ko00531
Montipora_capitata_HIv3___RNAseq.g40749.t1,ko00603
Montipora_capitata_HIv3___RNAseq.g40749.t1,ko00604
Montipora_capitata_HIv3___RNAseq.g40749.t1,ko01100
Montipora_capitata_HIv3___RNAseq.g40749.t1,ko04142
Montipora_capitata_HIv3___RNAseq.g40753.t1,ko03015
Montipora_capitata_HIv3___RNAseq.g40824.t1,ko00640
Montipora_capitata_HIv3___RNAseq.g40808.t1,ko04721
Montipora_capitata_HIv3___RNAseq.g40830.t1,ko03010
Montipora_capitata_HIv3___TS.g47225.t1,ko03010
Montipora_capitata_HIv3___RNAseq.g40770.t1,ko05010
Montipora_capitata_HIv3___RNAseq.g40770.t1,ko05120
Montipora_capitata_HIv3___TS.g47232.t1,ko04214
Montipora_capitata_HIv3___TS.g47232.t1,ko04215
Montipora_capitata_HIv3___RNAseq.g40772.t1,ko04142
Montipora_capitata_HIv3___RNAseq.g40772.t1,ko04144
Montipora_capitata_HIv3___RNAseq.g40772.t1,ko04721
Montipora_capitata_HIv3___RNAseq.g40772.t1,ko04961
Montipora_capitata_HIv3___RNAseq.g40772.t1,ko05016
Montipora_capitata_HIv3___RNAseq.g40772.t1,ko05100
Montipora_capitata_HIv3___RNAseq.g40837.t1,ko00563
Montipora_capitata_HIv3___RNAseq.g40837.t1,ko01100
Montipora_capitata_HIv3___RNAseq.g40832.t1,ko03040
Montipora_capitata_HIv3___RNAseq.g40835.t1,ko03040
Montipora_capitata_HIv3___RNAseq.g40839.t1,ko00680
Montipora_capitata_HIv3___RNAseq.g40838.t1,ko00680
Montipora_capitata_HIv3___RNAseq.g40843.t1,ko01524
Montipora_capitata_HIv3___RNAseq.g40843.t1,ko04010
Montipora_capitata_HIv3___RNAseq.g40843.t1,ko04115
Montipora_capitata_HIv3___RNAseq.g40843.t1,ko04210
Montipora_capitata_HIv3___RNAseq.g40843.t1,ko04214
Montipora_capitata_HIv3___RNAseq.g40843.t1,ko04215
Montipora_capitata_HIv3___RNAseq.g40843.t1,ko04217
Montipora_capitata_HIv3___RNAseq.g40843.t1,ko04620
Montipora_capitata_HIv3___RNAseq.g40843.t1,ko04621
Montipora_capitata_HIv3___RNAseq.g40843.t1,ko04622
Montipora_capitata_HIv3___RNAseq.g40843.t1,ko04624
Montipora_capitata_HIv3___RNAseq.g40843.t1,ko04650
Montipora_capitata_HIv3___RNAseq.g40843.t1,ko04657
Montipora_capitata_HIv3___RNAseq.g40843.t1,ko04668
Montipora_capitata_HIv3___RNAseq.g40843.t1,ko04726
Montipora_capitata_HIv3___RNAseq.g40843.t1,ko04932
Montipora_capitata_HIv3___RNAseq.g40843.t1,ko04933
Montipora_capitata_HIv3___RNAseq.g40843.t1,ko05010
Montipora_capitata_HIv3___RNAseq.g40843.t1,ko05012
Montipora_capitata_HIv3___RNAseq.g40843.t1,ko05014
Montipora_capitata_HIv3___RNAseq.g40843.t1,ko05016
Montipora_capitata_HIv3___RNAseq.g40843.t1,ko05120
Montipora_capitata_HIv3___RNAseq.g40843.t1,ko05133
Montipora_capitata_HIv3___RNAseq.g40843.t1,ko05134
Montipora_capitata_HIv3___RNAseq.g40843.t1,ko05142
Montipora_capitata_HIv3___RNAseq.g40843.t1,ko05145
Montipora_capitata_HIv3___RNAseq.g40843.t1,ko05146
Montipora_capitata_HIv3___RNAseq.g40843.t1,ko05152
Montipora_capitata_HIv3___RNAseq.g40843.t1,ko05161
Montipora_capitata_HIv3___RNAseq.g40843.t1,ko05165
Montipora_capitata_HIv3___RNAseq.g40843.t1,ko05167
Montipora_capitata_HIv3___RNAseq.g40843.t1,ko05168
Montipora_capitata_HIv3___RNAseq.g40843.t1,ko05200
Montipora_capitata_HIv3___RNAseq.g40843.t1,ko05203
Montipora_capitata_HIv3___RNAseq.g40843.t1,ko05205
Montipora_capitata_HIv3___RNAseq.g40843.t1,ko05206
Montipora_capitata_HIv3___RNAseq.g40843.t1,ko05210
Montipora_capitata_HIv3___RNAseq.g40843.t1,ko05222
Montipora_capitata_HIv3___RNAseq.g40843.t1,ko05416
Montipora_capitata_HIv3___RNAseq.g40844.t1,ko03010
Montipora_capitata_HIv3___RNAseq.g40850.t1,ko00190
Montipora_capitata_HIv3___RNAseq.g40850.t1,ko01100
Montipora_capitata_HIv3___RNAseq.g40850.t1,ko04145
Montipora_capitata_HIv3___RNAseq.g40850.t1,ko04150
Montipora_capitata_HIv3___RNAseq.g40850.t1,ko04721
Montipora_capitata_HIv3___RNAseq.g40850.t1,ko04966
Montipora_capitata_HIv3___RNAseq.g40850.t1,ko05110
Montipora_capitata_HIv3___RNAseq.g40850.t1,ko05120
Montipora_capitata_HIv3___RNAseq.g40850.t1,ko05323
Montipora_capitata_HIv3___RNAseq.g40862.t1,ko03008
Montipora_capitata_HIv3___RNAseq.g40862.t1,ko03013
Montipora_capitata_HIv3___RNAseq.g40906.t1,ko04064
Montipora_capitata_HIv3___RNAseq.g40906.t1,ko04660
Montipora_capitata_HIv3___RNAseq.g40906.t1,ko04662
Montipora_capitata_HIv3___RNAseq.g40906.t1,ko05152
Montipora_capitata_HIv3___RNAseq.g40871.t1,ko04151
Montipora_capitata_HIv3___RNAseq.g40871.t1,ko05132
Montipora_capitata_HIv3___RNAseq.g40874.t1,ko00230
Montipora_capitata_HIv3___RNAseq.g40874.t1,ko00730
Montipora_capitata_HIv3___RNAseq.g40874.t1,ko01100
Montipora_capitata_HIv3___RNAseq.g40874.t1,ko01110
Montipora_capitata_HIv3___RNAseq.g40874.t1,ko01130
Montipora_capitata_HIv3___RNAseq.g40940.t1,ko04964
Montipora_capitata_HIv3___RNAseq.g40940.t1,ko04974
Montipora_capitata_HIv3___RNAseq.g40940.t1,ko04976
Montipora_capitata_HIv3___RNAseq.g40940.t1,ko04978
Montipora_capitata_HIv3___RNAseq.g40941.t2,ko00380
Montipora_capitata_HIv3___RNAseq.g40941.t2,ko00450
Montipora_capitata_HIv3___RNAseq.g40941.t2,ko01100
Montipora_capitata_HIv3___RNAseq.g40941.t2,ko05204
Montipora_capitata_HIv3___RNAseq.g40951.t1,ko04072
Montipora_capitata_HIv3___RNAseq.g40951.t1,ko04140
Montipora_capitata_HIv3___RNAseq.g40951.t1,ko04150
Montipora_capitata_HIv3___RNAseq.g40951.t1,ko04151
Montipora_capitata_HIv3___RNAseq.g40951.t1,ko04152
Montipora_capitata_HIv3___RNAseq.g40951.t1,ko04211
Montipora_capitata_HIv3___RNAseq.g40951.t1,ko04218
Montipora_capitata_HIv3___RNAseq.g40951.t1,ko04714
Montipora_capitata_HIv3___RNAseq.g40951.t1,ko04910
Montipora_capitata_HIv3___RNAseq.g40951.t1,ko05165
Montipora_capitata_HIv3___RNAseq.g40951.t1,ko05231
Montipora_capitata_HIv3___RNAseq.g40981.t1,ko00240
Montipora_capitata_HIv3___RNAseq.g40981.t1,ko00983
Montipora_capitata_HIv3___RNAseq.g40981.t1,ko01100
Montipora_capitata_HIv3___RNAseq.g40978.t1,ko04142
Montipora_capitata_HIv3___RNAseq.g40991.t1,ko04918
Montipora_capitata_HIv3___RNAseq.g41018.t1,ko04152
Montipora_capitata_HIv3___RNAseq.g41023.t1,ko04621
Montipora_capitata_HIv3___RNAseq.g41024.t1,ko03050
Montipora_capitata_HIv3___RNAseq.g41041.t1,ko00940
Montipora_capitata_HIv3___RNAseq.g41041.t1,ko01100
Montipora_capitata_HIv3___RNAseq.g41041.t1,ko01110
Montipora_capitata_HIv3___RNAseq.g41044.t1,ko04014
Montipora_capitata_HIv3___RNAseq.g41044.t1,ko04015
Montipora_capitata_HIv3___RNAseq.g41044.t1,ko04072
Montipora_capitata_HIv3___RNAseq.g41044.t1,ko05200
Montipora_capitata_HIv3___RNAseq.g41044.t1,ko05210
Montipora_capitata_HIv3___RNAseq.g41044.t1,ko05212
Montipora_capitata_HIv3___RNAseq.g41044.t1,ko05231
Montipora_capitata_HIv3___RNAseq.g41033.t1,ko00220
Montipora_capitata_HIv3___RNAseq.g41033.t1,ko00250
Montipora_capitata_HIv3___RNAseq.g41033.t1,ko01100
Montipora_capitata_HIv3___RNAseq.g41033.t1,ko01110
Montipora_capitata_HIv3___RNAseq.g41033.t1,ko01130
Montipora_capitata_HIv3___RNAseq.g41033.t1,ko01230
Montipora_capitata_HIv3___RNAseq.g41033.t1,ko05418
Montipora_capitata_HIv3___RNAseq.g41045.t1,ko04658
Montipora_capitata_HIv3___RNAseq.g41045.t1,ko04659
Montipora_capitata_HIv3___RNAseq.g41045.t1,ko05321
Montipora_capitata_HIv3___RNAseq.g41052.t1,ko00514
Montipora_capitata_HIv3___RNAseq.g41052.t1,ko00515
Montipora_capitata_HIv3___RNAseq.g41052.t1,ko01100
Montipora_capitata_HIv3___TS.g47522.t1,ko00514
Montipora_capitata_HIv3___TS.g47522.t1,ko00515
Montipora_capitata_HIv3___TS.g47522.t1,ko01100
Montipora_capitata_HIv3___RNAseq.g41054.t1,ko03440
Montipora_capitata_HIv3___RNAseq.g41054.t1,ko03460
Montipora_capitata_HIv3___TS.g47527.t2,ko05030
Montipora_capitata_HIv3___RNAseq.g41064.t1,ko04110
Montipora_capitata_HIv3___RNAseq.g41064.t1,ko04111
Montipora_capitata_HIv3___RNAseq.g41064.t1,ko04113
Montipora_capitata_HIv3___RNAseq.g41104.t1,ko00561
Montipora_capitata_HIv3___RNAseq.g41104.t1,ko00564
Montipora_capitata_HIv3___RNAseq.g41104.t1,ko01100
Montipora_capitata_HIv3___RNAseq.g41104.t1,ko01110
Montipora_capitata_HIv3___RNAseq.g41104.t1,ko04072
Montipora_capitata_HIv3___RNAseq.g41104.t1,ko04610
Montipora_capitata_HIv3___RNAseq.g41104.t1,ko04975
Montipora_capitata_HIv3___RNAseq.g41104.t1,ko05133
Montipora_capitata_HIv3___RNAseq.g41104.t1,ko05150
Montipora_capitata_HIv3___RNAseq.g41104.t1,ko05322
Montipora_capitata_HIv3___RNAseq.g41105.t1,ko05202
Montipora_capitata_HIv3___RNAseq.g41119.t1,ko05231
Montipora_capitata_HIv3___RNAseq.g41125.t1,ko05231
Montipora_capitata_HIv3___RNAseq.g41156.t1,ko04910
Montipora_capitata_HIv3___RNAseq.g41149.t1,ko00270
Montipora_capitata_HIv3___RNAseq.g41149.t1,ko01100
Montipora_capitata_HIv3___RNAseq.g41149.t1,ko05206
Montipora_capitata_HIv3___RNAseq.g41160.t1,ko04014
Montipora_capitata_HIv3___RNAseq.g41160.t1,ko04137
Montipora_capitata_HIv3___RNAseq.g41160.t1,ko05012
Montipora_capitata_HIv3___TS.g47636.t3,ko03040
Montipora_capitata_HIv3___RNAseq.g41162.t1,ko04010
Montipora_capitata_HIv3___RNAseq.g41162.t1,ko04020
Montipora_capitata_HIv3___RNAseq.g41162.t1,ko04721
Montipora_capitata_HIv3___RNAseq.g41162.t1,ko04723
Montipora_capitata_HIv3___RNAseq.g41162.t1,ko04725
Montipora_capitata_HIv3___RNAseq.g41162.t1,ko04726
Montipora_capitata_HIv3___RNAseq.g41162.t1,ko04727
Montipora_capitata_HIv3___RNAseq.g41162.t1,ko04728
Montipora_capitata_HIv3___RNAseq.g41162.t1,ko04930
Montipora_capitata_HIv3___RNAseq.g41162.t1,ko05032
Montipora_capitata_HIv3___RNAseq.g41162.t1,ko05033
Montipora_capitata_HIv3___RNAseq.g41165.t1,ko04110
Montipora_capitata_HIv3___RNAseq.g41165.t1,ko04111
Montipora_capitata_HIv3___RNAseq.g41165.t1,ko04113
Montipora_capitata_HIv3___RNAseq.g41165.t1,ko04114
Montipora_capitata_HIv3___RNAseq.g41165.t1,ko04120
Montipora_capitata_HIv3___RNAseq.g41165.t1,ko04914
Montipora_capitata_HIv3___RNAseq.g41165.t1,ko05166
Montipora_capitata_HIv3___RNAseq.14638_t,ko04725
Montipora_capitata_HIv3___RNAseq.14638_t,ko05231
Montipora_capitata_HIv3___RNAseq.g41182.t1,ko04725
Montipora_capitata_HIv3___RNAseq.g41182.t1,ko05231
Montipora_capitata_HIv3___RNAseq.g41201.t1,ko00620
Montipora_capitata_HIv3___RNAseq.g41202.t1,ko00620
Montipora_capitata_HIv3___RNAseq.g41203.t1,ko00532
Montipora_capitata_HIv3___RNAseq.g41205.t1,ko04115
Montipora_capitata_HIv3___RNAseq.g41199.t1,ko03018
Montipora_capitata_HIv3___RNAseq.g41188.t1,ko04713
Montipora_capitata_HIv3___RNAseq.g41191.t1,ko00270
Montipora_capitata_HIv3___RNAseq.g41191.t1,ko01100
Montipora_capitata_HIv3___RNAseq.g41191.t1,ko01130
Montipora_capitata_HIv3___RNAseq.g41210.t1,ko03460
Montipora_capitata_HIv3___RNAseq.g41209.t2,ko05231
Montipora_capitata_HIv3___RNAseq.g41218.t1,ko04714
Montipora_capitata_HIv3___RNAseq.14688_t,ko04151
Montipora_capitata_HIv3___RNAseq.14688_t,ko04510
Montipora_capitata_HIv3___RNAseq.14688_t,ko04512
Montipora_capitata_HIv3___RNAseq.14688_t,ko05020
Montipora_capitata_HIv3___RNAseq.14688_t,ko05145
Montipora_capitata_HIv3___RNAseq.14688_t,ko05146
Montipora_capitata_HIv3___RNAseq.14688_t,ko05165
Montipora_capitata_HIv3___RNAseq.14688_t,ko05200
Montipora_capitata_HIv3___RNAseq.14688_t,ko05222
Montipora_capitata_HIv3___RNAseq.g41216.t1,ko04151
Montipora_capitata_HIv3___RNAseq.g41216.t1,ko04510
Montipora_capitata_HIv3___RNAseq.g41216.t1,ko04512
Montipora_capitata_HIv3___RNAseq.g41216.t1,ko05145
Montipora_capitata_HIv3___RNAseq.g41216.t1,ko05146
Montipora_capitata_HIv3___RNAseq.g41216.t1,ko05165
Montipora_capitata_HIv3___RNAseq.g41216.t1,ko05200
Montipora_capitata_HIv3___RNAseq.g41216.t1,ko05222
Montipora_capitata_HIv3___RNAseq.g41223.t1,ko03015
Montipora_capitata_HIv3___RNAseq.g41251.t1,ko04141
Montipora_capitata_HIv3___RNAseq.g41225.t1,ko03015
Montipora_capitata_HIv3___RNAseq.g41225.t1,ko03040
Montipora_capitata_HIv3___RNAseq.g41261.t1,ko04210
Montipora_capitata_HIv3___RNAseq.g41315.t1,ko00310
Montipora_capitata_HIv3___RNAseq.g41315.t1,ko04211
Montipora_capitata_HIv3___RNAseq.g41317.t1,ko00650
Montipora_capitata_HIv3___RNAseq.g41317.t1,ko01100
Montipora_capitata_HIv3___RNAseq.g41318.t1,ko00514
Montipora_capitata_HIv3___RNAseq.g41329.t1,ko03010
Montipora_capitata_HIv3___RNAseq.g41329.t1,ko05203
Montipora_capitata_HIv3___TS.g47830.t2,ko00071
Montipora_capitata_HIv3___TS.g47830.t2,ko00280
Montipora_capitata_HIv3___TS.g47830.t2,ko00410
Montipora_capitata_HIv3___TS.g47830.t2,ko00640
Montipora_capitata_HIv3___TS.g47830.t2,ko01100
Montipora_capitata_HIv3___TS.g47830.t2,ko01110
Montipora_capitata_HIv3___TS.g47830.t2,ko01130
Montipora_capitata_HIv3___TS.g47830.t2,ko01200
Montipora_capitata_HIv3___TS.g47830.t2,ko01212
Montipora_capitata_HIv3___TS.g47830.t2,ko03320
Montipora_capitata_HIv3___RNAseq.g41360.t1,ko03040
Montipora_capitata_HIv3___RNAseq.g41361.t1,ko04622
Montipora_capitata_HIv3___TS.g47843.t1,ko00230
Montipora_capitata_HIv3___TS.g47843.t1,ko00240
Montipora_capitata_HIv3___TS.g47843.t1,ko01100
Montipora_capitata_HIv3___TS.g47843.t1,ko03030
Montipora_capitata_HIv3___TS.g47843.t1,ko03410
Montipora_capitata_HIv3___TS.g47843.t1,ko03420
Montipora_capitata_HIv3___TS.g47843.t1,ko05166
Montipora_capitata_HIv3___RNAseq.g41363.t1,ko03008
Montipora_capitata_HIv3___RNAseq.g41363.t1,ko04064
Montipora_capitata_HIv3___RNAseq.g41363.t1,ko04137
Montipora_capitata_HIv3___RNAseq.g41363.t1,ko04139
Montipora_capitata_HIv3___RNAseq.g41363.t1,ko04310
Montipora_capitata_HIv3___RNAseq.g41363.t1,ko04520
Montipora_capitata_HIv3___RNAseq.g41363.t1,ko04712
Montipora_capitata_HIv3___RNAseq.g41363.t1,ko05162
Montipora_capitata_HIv3___RNAseq.g41363.t1,ko05168
Montipora_capitata_HIv3___RNAseq.g41363.t1,ko05169
Montipora_capitata_HIv3___RNAseq.g41364.t1,ko03018
Montipora_capitata_HIv3___RNAseq.g41364.t1,ko03040
Montipora_capitata_HIv3___RNAseq.g41365.t1,ko03050
Montipora_capitata_HIv3___RNAseq.g41386.t1,ko04144
Montipora_capitata_HIv3___RNAseq.g41386.t1,ko04666
Montipora_capitata_HIv3___RNAseq.g41386.t1,ko04810
Montipora_capitata_HIv3___RNAseq.g41386.t1,ko05100
Montipora_capitata_HIv3___RNAseq.g41386.t1,ko05130
Montipora_capitata_HIv3___RNAseq.g41386.t1,ko05131
Montipora_capitata_HIv3___RNAseq.g41386.t1,ko05132
Montipora_capitata_HIv3___RNAseq.g41393.t1,ko03008
Montipora_capitata_HIv3___TS.g47875.t1,ko04136
Montipora_capitata_HIv3___TS.g47875.t1,ko04137
Montipora_capitata_HIv3___TS.g47875.t1,ko04138
Montipora_capitata_HIv3___TS.g47875.t1,ko04140
Montipora_capitata_HIv3___TS.g47875.t1,ko04211
Montipora_capitata_HIv3___TS.g47875.t1,ko04213
Montipora_capitata_HIv3___TS.g47875.t1,ko04216
Montipora_capitata_HIv3___TS.g47875.t1,ko04621
Montipora_capitata_HIv3___TS.g47875.t1,ko04622
Montipora_capitata_HIv3___TS.g47875.t1,ko05131
Montipora_capitata_HIv3___RNAseq.g41382.t1,ko04910
Montipora_capitata_HIv3___RNAseq.g41383.t1,ko03010
Montipora_capitata_HIv3___RNAseq.g41385.t1,ko00920
Montipora_capitata_HIv3___RNAseq.g41385.t1,ko01100
Montipora_capitata_HIv3___RNAseq.g41385.t1,ko01120
Montipora_capitata_HIv3___RNAseq.g41385.t1,ko01524
Montipora_capitata_HIv3___RNAseq.g41385.t1,ko02020
Montipora_capitata_HIv3___RNAseq.g41385.t1,ko04115
Montipora_capitata_HIv3___RNAseq.g41385.t1,ko04210
Montipora_capitata_HIv3___RNAseq.g41385.t1,ko04214
Montipora_capitata_HIv3___RNAseq.g41385.t1,ko04215
Montipora_capitata_HIv3___RNAseq.g41385.t1,ko04932
Montipora_capitata_HIv3___RNAseq.g41385.t1,ko05010
Montipora_capitata_HIv3___RNAseq.g41385.t1,ko05012
Montipora_capitata_HIv3___RNAseq.g41385.t1,ko05014
Montipora_capitata_HIv3___RNAseq.g41385.t1,ko05016
Montipora_capitata_HIv3___RNAseq.g41385.t1,ko05134
Montipora_capitata_HIv3___RNAseq.g41385.t1,ko05145
Montipora_capitata_HIv3___RNAseq.g41385.t1,ko05152
Montipora_capitata_HIv3___RNAseq.g41385.t1,ko05161
Montipora_capitata_HIv3___RNAseq.g41385.t1,ko05164
Montipora_capitata_HIv3___RNAseq.g41385.t1,ko05167
Montipora_capitata_HIv3___RNAseq.g41385.t1,ko05168
Montipora_capitata_HIv3___RNAseq.g41385.t1,ko05200
Montipora_capitata_HIv3___RNAseq.g41385.t1,ko05210
Montipora_capitata_HIv3___RNAseq.g41385.t1,ko05222
Montipora_capitata_HIv3___RNAseq.g41385.t1,ko05416
Montipora_capitata_HIv3___RNAseq.g41416.t2a,ko00860
Montipora_capitata_HIv3___RNAseq.g41416.t2a,ko04216
Montipora_capitata_HIv3___RNAseq.g41416.t2a,ko04978
Montipora_capitata_HIv3___RNAseq.g41402.t1,ko04010
Montipora_capitata_HIv3___RNAseq.g41402.t1,ko04012
Montipora_capitata_HIv3___RNAseq.g41402.t1,ko04013
Montipora_capitata_HIv3___RNAseq.g41402.t1,ko04141
Montipora_capitata_HIv3___RNAseq.g41402.t1,ko04214
Montipora_capitata_HIv3___RNAseq.g41402.t1,ko04380
Montipora_capitata_HIv3___RNAseq.g41402.t1,ko04530
Montipora_capitata_HIv3___RNAseq.g41402.t1,ko04620
Montipora_capitata_HIv3___RNAseq.g41402.t1,ko04624
Montipora_capitata_HIv3___RNAseq.g41402.t1,ko04660
Montipora_capitata_HIv3___RNAseq.g41402.t1,ko04664
Montipora_capitata_HIv3___RNAseq.g41402.t1,ko04668
Montipora_capitata_HIv3___RNAseq.g41402.t1,ko04722
Montipora_capitata_HIv3___RNAseq.g41402.t1,ko04912
Montipora_capitata_HIv3___RNAseq.g41402.t1,ko04926
Montipora_capitata_HIv3___RNAseq.g41402.t1,ko05164
Montipora_capitata_HIv3___RNAseq.g41402.t1,ko05167
Montipora_capitata_HIv3___RNAseq.g41402.t1,ko05169
Montipora_capitata_HIv3___RNAseq.g41402.t1,ko05418
Montipora_capitata_HIv3___RNAseq.g41443.t1,ko03060
Montipora_capitata_HIv3___RNAseq.g41451.t1,ko04080
Montipora_capitata_HIv3___RNAseq.14934_t,ko04140
Montipora_capitata_HIv3___RNAseq.14934_t,ko04144
Montipora_capitata_HIv3___TS.g47945.t2,ko05165
Montipora_capitata_HIv3___TS.g47945.t2,ko05203
Montipora_capitata_HIv3___TS.g47954.t1,ko04064
Montipora_capitata_HIv3___TS.g47954.t1,ko04622
Montipora_capitata_HIv3___TS.g47954.t1,ko04623
Montipora_capitata_HIv3___TS.g47954.t1,ko05160
Montipora_capitata_HIv3___TS.g47954.t1,ko05161
Montipora_capitata_HIv3___TS.g47954.t1,ko05162
Montipora_capitata_HIv3___TS.g47954.t1,ko05164
Montipora_capitata_HIv3___TS.g47954.t1,ko05168
Montipora_capitata_HIv3___TS.g47954.t1,ko05169
Montipora_capitata_HIv3___RNAseq.g41473.t2,ko04150
Montipora_capitata_HIv3___RNAseq.g41473.t2,ko05211
Montipora_capitata_HIv3___RNAseq.g41494.t1,ko00531
Montipora_capitata_HIv3___RNAseq.g41494.t1,ko01100
Montipora_capitata_HIv3___RNAseq.g41494.t1,ko04142
Montipora_capitata_HIv3___RNAseq.g41500.t1,ko04130
Montipora_capitata_HIv3___RNAseq.g41507.t1,ko00532
Montipora_capitata_HIv3___TS.g47999.t2,ko00532
Montipora_capitata_HIv3___RNAseq.g41522.t1,ko00230
Montipora_capitata_HIv3___RNAseq.g41522.t1,ko04927
Montipora_capitata_HIv3___RNAseq.g41522.t1,ko04934
Montipora_capitata_HIv3___RNAseq.g41522.t1,ko05032
Montipora_capitata_HIv3___TS.g48013.t2,ko04141
Montipora_capitata_HIv3___RNAseq.g41527.t1,ko04014
Montipora_capitata_HIv3___RNAseq.g41527.t1,ko04062
Montipora_capitata_HIv3___RNAseq.g41527.t1,ko04151
Montipora_capitata_HIv3___RNAseq.g41527.t1,ko04371
Montipora_capitata_HIv3___RNAseq.g41527.t1,ko04713
Montipora_capitata_HIv3___RNAseq.g41527.t1,ko04723
Montipora_capitata_HIv3___RNAseq.g41527.t1,ko04724
Montipora_capitata_HIv3___RNAseq.g41527.t1,ko04725
Montipora_capitata_HIv3___RNAseq.g41527.t1,ko04726
Montipora_capitata_HIv3___RNAseq.g41527.t1,ko04727
Montipora_capitata_HIv3___RNAseq.g41527.t1,ko04728
Montipora_capitata_HIv3___RNAseq.g41527.t1,ko04926
Montipora_capitata_HIv3___RNAseq.g41527.t1,ko05032
Montipora_capitata_HIv3___RNAseq.g41527.t1,ko05034
Montipora_capitata_HIv3___RNAseq.g41527.t1,ko05167
Montipora_capitata_HIv3___RNAseq.g41527.t1,ko05200
Montipora_capitata_HIv3___RNAseq.g41529.t1,ko03008
Montipora_capitata_HIv3___RNAseq.g41565.t3,ko00510
Montipora_capitata_HIv3___RNAseq.g41565.t3,ko00513
Montipora_capitata_HIv3___RNAseq.g41565.t3,ko01100
Montipora_capitata_HIv3___RNAseq.g41565.t3,ko04141
Montipora_capitata_HIv3___RNAseq.g41567.t1,ko03013
Montipora_capitata_HIv3___RNAseq.g41567.t1,ko03040
Montipora_capitata_HIv3___RNAseq.g41571.t1,ko04310
Montipora_capitata_HIv3___RNAseq.g41615.t1,ko00513
Montipora_capitata_HIv3___RNAseq.g41615.t1,ko00515
Montipora_capitata_HIv3___RNAseq.g41615.t1,ko00532
Montipora_capitata_HIv3___RNAseq.g41615.t1,ko01100
Montipora_capitata_HIv3___RNAseq.g41618.t1,ko00532
Montipora_capitata_HIv3___TS.g48117.t1,ko04120
Montipora_capitata_HIv3___TS.g48117.t1,ko04630
Montipora_capitata_HIv3___TS.g48117.t1,ko05160
Montipora_capitata_HIv3___RNAseq.g41627.t1,ko00562
Montipora_capitata_HIv3___RNAseq.g41627.t1,ko01100
Montipora_capitata_HIv3___RNAseq.g41627.t1,ko04070
Montipora_capitata_HIv3___RNAseq.g41627.t1,ko04136
Montipora_capitata_HIv3___RNAseq.g41627.t1,ko04138
Montipora_capitata_HIv3___RNAseq.g41627.t1,ko04140
Montipora_capitata_HIv3___RNAseq.g41627.t1,ko04145
Montipora_capitata_HIv3___RNAseq.g41627.t1,ko04371
Montipora_capitata_HIv3___RNAseq.g41627.t1,ko05152
Montipora_capitata_HIv3___RNAseq.g41627.t1,ko05167
Montipora_capitata_HIv3___RNAseq.g41643.t1,ko04142
Montipora_capitata_HIv3___TS.g48137.t1,ko04142
Montipora_capitata_HIv3___TS.g48139.t1,ko00190
Montipora_capitata_HIv3___TS.g48139.t1,ko01100
Montipora_capitata_HIv3___TS.g48139.t1,ko04714
Montipora_capitata_HIv3___TS.g48139.t1,ko04723
Montipora_capitata_HIv3___TS.g48139.t1,ko04932
Montipora_capitata_HIv3___TS.g48139.t1,ko05010
Montipora_capitata_HIv3___TS.g48139.t1,ko05012
Montipora_capitata_HIv3___TS.g48139.t1,ko05016
Montipora_capitata_HIv3___RNAseq.g41648.t1,ko00190
Montipora_capitata_HIv3___RNAseq.g41648.t1,ko01100
Montipora_capitata_HIv3___RNAseq.g41648.t1,ko04714
Montipora_capitata_HIv3___RNAseq.g41648.t1,ko04723
Montipora_capitata_HIv3___RNAseq.g41648.t1,ko04932
Montipora_capitata_HIv3___RNAseq.g41648.t1,ko05010
Montipora_capitata_HIv3___RNAseq.g41648.t1,ko05012
Montipora_capitata_HIv3___RNAseq.g41648.t1,ko05016
Montipora_capitata_HIv3___TS.g48160.t2,ko03010
Montipora_capitata_HIv3___TS.g48166.t1,ko00860
Montipora_capitata_HIv3___TS.g48166.t1,ko01100
Montipora_capitata_HIv3___TS.g48166.t1,ko01110
Montipora_capitata_HIv3___TS.g48166.t1,ko01120
Montipora_capitata_HIv3___RNAseq.g41676.t1,ko00511
Montipora_capitata_HIv3___RNAseq.g41676.t1,ko04212
Montipora_capitata_HIv3___RNAseq.g41683.t1,ko05322
Montipora_capitata_HIv3___RNAseq.g41682.t1,ko03018
Montipora_capitata_HIv3___RNAseq.g41682.t1,ko04012
Montipora_capitata_HIv3___RNAseq.g41682.t1,ko04014
Montipora_capitata_HIv3___RNAseq.g41682.t1,ko04110
Montipora_capitata_HIv3___RNAseq.g41682.t1,ko04360
Montipora_capitata_HIv3___RNAseq.g41682.t1,ko04722
Montipora_capitata_HIv3___RNAseq.g41682.t1,ko05130
Montipora_capitata_HIv3___RNAseq.g41682.t1,ko05131
Montipora_capitata_HIv3___RNAseq.g41682.t1,ko05200
Montipora_capitata_HIv3___RNAseq.g41682.t1,ko05206
Montipora_capitata_HIv3___RNAseq.g41682.t1,ko05220
Montipora_capitata_HIv3___RNAseq.g41682.t1,ko05416
Montipora_capitata_HIv3___RNAseq.g41685.t1,ko05322
Montipora_capitata_HIv3___RNAseq.g41691.t2,ko03040
Montipora_capitata_HIv3___RNAseq.g41694.t1,ko00970
Montipora_capitata_HIv3___RNAseq.g41695.t1,ko02010
Montipora_capitata_HIv3___RNAseq.g41695.t1,ko04142
Montipora_capitata_HIv3___RNAseq.g41696.t1,ko03022
Montipora_capitata_HIv3___RNAseq.g41696.t1,ko03420
Montipora_capitata_HIv3___RNAseq.g41696.t1,ko05203
Montipora_capitata_HIv3___RNAseq.g41741.t1,ko00510
Montipora_capitata_HIv3___RNAseq.g41741.t1,ko00563
Montipora_capitata_HIv3___RNAseq.g41741.t1,ko01100
Montipora_capitata_HIv3___RNAseq.g41737.t1,ko03018
Montipora_capitata_HIv3___RNAseq.g41737.t1,ko04012
Montipora_capitata_HIv3___RNAseq.g41737.t1,ko04014
Montipora_capitata_HIv3___RNAseq.g41737.t1,ko04110
Montipora_capitata_HIv3___RNAseq.g41737.t1,ko04360
Montipora_capitata_HIv3___RNAseq.g41737.t1,ko04722
Montipora_capitata_HIv3___RNAseq.g41737.t1,ko05130
Montipora_capitata_HIv3___RNAseq.g41737.t1,ko05131
Montipora_capitata_HIv3___RNAseq.g41737.t1,ko05200
Montipora_capitata_HIv3___RNAseq.g41737.t1,ko05206
Montipora_capitata_HIv3___RNAseq.g41737.t1,ko05220
Montipora_capitata_HIv3___RNAseq.g41737.t1,ko05416
Montipora_capitata_HIv3___RNAseq.g41744.t1,ko04010
Montipora_capitata_HIv3___RNAseq.g41744.t1,ko04020
Montipora_capitata_HIv3___RNAseq.g41744.t1,ko04721
Montipora_capitata_HIv3___RNAseq.g41744.t1,ko04723
Montipora_capitata_HIv3___RNAseq.g41744.t1,ko04725
Montipora_capitata_HIv3___RNAseq.g41744.t1,ko04726
Montipora_capitata_HIv3___RNAseq.g41744.t1,ko04727
Montipora_capitata_HIv3___RNAseq.g41744.t1,ko04728
Montipora_capitata_HIv3___RNAseq.g41744.t1,ko04930
Montipora_capitata_HIv3___RNAseq.g41744.t1,ko05032
Montipora_capitata_HIv3___RNAseq.g41744.t1,ko05033
Montipora_capitata_HIv3___RNAseq.g41745.t1,ko04141
Montipora_capitata_HIv3___RNAseq.g41748.t1,ko00140
Montipora_capitata_HIv3___TS.g48241.t1,ko04130
Montipora_capitata_HIv3___TS.g48241.t1,ko04145
Montipora_capitata_HIv3___TS.g48241.t1,ko05134
Montipora_capitata_HIv3___RNAseq.g41757.t1,ko00010
Montipora_capitata_HIv3___RNAseq.g41757.t1,ko00053
Montipora_capitata_HIv3___RNAseq.g41757.t1,ko00071
Montipora_capitata_HIv3___RNAseq.g41757.t1,ko00280
Montipora_capitata_HIv3___RNAseq.g41757.t1,ko00310
Montipora_capitata_HIv3___RNAseq.g41757.t1,ko00330
Montipora_capitata_HIv3___RNAseq.g41757.t1,ko00340
Montipora_capitata_HIv3___RNAseq.g41757.t1,ko00380
Montipora_capitata_HIv3___RNAseq.g41757.t1,ko00410
Montipora_capitata_HIv3___RNAseq.g41757.t1,ko00561
Montipora_capitata_HIv3___RNAseq.g41757.t1,ko00620
Montipora_capitata_HIv3___RNAseq.g41757.t1,ko01100
Montipora_capitata_HIv3___RNAseq.g41757.t1,ko01110
Montipora_capitata_HIv3___RNAseq.g41757.t1,ko01120
Montipora_capitata_HIv3___RNAseq.g41757.t1,ko01130
Montipora_capitata_HIv3___RNAseq.g41758.t1,ko01524
Montipora_capitata_HIv3___RNAseq.g41758.t1,ko04978
Montipora_capitata_HIv3___RNAseq.g41746.t1,ko03040
Montipora_capitata_HIv3___RNAseq.15254_t,ko04120
Montipora_capitata_HIv3___RNAseq.g41761.t1,ko00310
Montipora_capitata_HIv3___RNAseq.g41759.t1,ko01524
Montipora_capitata_HIv3___RNAseq.g41759.t1,ko04978
Montipora_capitata_HIv3___RNAseq.g41882.t1,ko00514
Montipora_capitata_HIv3___RNAseq.g41884.t1,ko04931
Montipora_capitata_HIv3___RNAseq.g41887.t1,ko00511
Montipora_capitata_HIv3___RNAseq.g41887.t1,ko00600
Montipora_capitata_HIv3___RNAseq.g41887.t1,ko01100
Montipora_capitata_HIv3___RNAseq.g41936.t1,ko04919
Montipora_capitata_HIv3___RNAseq.g41936.t1,ko04974
Montipora_capitata_HIv3___RNAseq.g41940.t1,ko00310
Montipora_capitata_HIv3___RNAseq.g41940.t1,ko00514
Montipora_capitata_HIv3___RNAseq.g41958.t1,ko04066
Montipora_capitata_HIv3___RNAseq.g41958.t1,ko04120
Montipora_capitata_HIv3___RNAseq.g41958.t1,ko04212
Montipora_capitata_HIv3___RNAseq.g41958.t1,ko05200
Montipora_capitata_HIv3___RNAseq.g41958.t1,ko05211
Montipora_capitata_HIv3___RNAseq.g41948.t1,ko03013
Montipora_capitata_HIv3___RNAseq.g41979.t1a,ko00230
Montipora_capitata_HIv3___RNAseq.g41979.t1a,ko00983
Montipora_capitata_HIv3___RNAseq.g41979.t1a,ko01100
Montipora_capitata_HIv3___RNAseq.g42024.t1,ko04024
Montipora_capitata_HIv3___RNAseq.g42024.t1,ko04062
Montipora_capitata_HIv3___RNAseq.g42024.t1,ko04510
Montipora_capitata_HIv3___RNAseq.g42024.t1,ko04650
Montipora_capitata_HIv3___RNAseq.g42024.t1,ko04660
Montipora_capitata_HIv3___RNAseq.g42024.t1,ko04662
Montipora_capitata_HIv3___RNAseq.g42024.t1,ko04664
Montipora_capitata_HIv3___RNAseq.g42024.t1,ko04666
Montipora_capitata_HIv3___RNAseq.g42024.t1,ko04670
Montipora_capitata_HIv3___RNAseq.g42024.t1,ko04810
Montipora_capitata_HIv3___RNAseq.g41979.t1c,ko03440
Montipora_capitata_HIv3___RNAseq.g41979.t1c,ko03450
Montipora_capitata_HIv3___RNAseq.g41979.t1c,ko04218
Montipora_capitata_HIv3___RNAseq.g42066.t1,ko00310
Montipora_capitata_HIv3___TS.g48616.t1,ko04022
Montipora_capitata_HIv3___TS.g48616.t1,ko04141
Montipora_capitata_HIv3___TS.g48616.t1,ko04151
Montipora_capitata_HIv3___TS.g48616.t1,ko04211
Montipora_capitata_HIv3___TS.g48616.t1,ko04261
Montipora_capitata_HIv3___TS.g48616.t1,ko04668
Montipora_capitata_HIv3___TS.g48616.t1,ko04728
Montipora_capitata_HIv3___TS.g48616.t1,ko04911
Montipora_capitata_HIv3___TS.g48616.t1,ko04915
Montipora_capitata_HIv3___TS.g48616.t1,ko04918
Montipora_capitata_HIv3___TS.g48616.t1,ko04925
Montipora_capitata_HIv3___TS.g48616.t1,ko04926
Montipora_capitata_HIv3___TS.g48616.t1,ko04927
Montipora_capitata_HIv3___TS.g48616.t1,ko04934
Montipora_capitata_HIv3___TS.g48616.t1,ko05010
Montipora_capitata_HIv3___TS.g48616.t1,ko05030
Montipora_capitata_HIv3___TS.g48616.t1,ko05031
Montipora_capitata_HIv3___TS.g48616.t1,ko05034
Montipora_capitata_HIv3___TS.g48616.t1,ko05161
Montipora_capitata_HIv3___TS.g48616.t1,ko05203
Montipora_capitata_HIv3___RNAseq.g42121.t1,ko03008
Montipora_capitata_HIv3___RNAseq.g42146.t1,ko00270
Montipora_capitata_HIv3___RNAseq.g42146.t1,ko00480
Montipora_capitata_HIv3___RNAseq.g42146.t1,ko01100
Montipora_capitata_HIv3___RNAseq.g42146.t1,ko04216
Montipora_capitata_HIv3___RNAseq.g42147.t1,ko00270
Montipora_capitata_HIv3___RNAseq.g42147.t1,ko00480
Montipora_capitata_HIv3___RNAseq.g42147.t1,ko01100
Montipora_capitata_HIv3___RNAseq.g42147.t1,ko04216
Montipora_capitata_HIv3___RNAseq.g42149.t2,ko04011
Montipora_capitata_HIv3___RNAseq.g42149.t2,ko04120
Montipora_capitata_HIv3___RNAseq.g42149.t2,ko04144
Montipora_capitata_HIv3___RNAseq.g42149.t2,ko04530
Montipora_capitata_HIv3___RNAseq.g42149.t2,ko04960
Montipora_capitata_HIv3___RNAseq.g42149.t2,ko05169
Montipora_capitata_HIv3___RNAseq.g42151.t1,ko03010
Montipora_capitata_HIv3___RNAseq.g42156.t1,ko04144
Montipora_capitata_HIv3___TS.g48659.t1,ko00511
Montipora_capitata_HIv3___TS.g48659.t1,ko00600
Montipora_capitata_HIv3___TS.g48659.t1,ko01100
Montipora_capitata_HIv3___TS.g48659.t1,ko04142
Montipora_capitata_HIv3___TS.g48661.t1,ko00511
Montipora_capitata_HIv3___TS.g48661.t1,ko00600
Montipora_capitata_HIv3___TS.g48661.t1,ko01100
Montipora_capitata_HIv3___TS.g48661.t1,ko04142
Montipora_capitata_HIv3___RNAseq.g42218.t1,ko04530
Montipora_capitata_HIv3___RNAseq.g42225.t1,ko03022
Montipora_capitata_HIv3___RNAseq.g42225.t1,ko03420
Montipora_capitata_HIv3___RNAseq.g42225.t1,ko05203
Montipora_capitata_HIv3___RNAseq.g42226.t1,ko00061
Montipora_capitata_HIv3___RNAseq.g42226.t1,ko00071
Montipora_capitata_HIv3___RNAseq.g42226.t1,ko01100
Montipora_capitata_HIv3___RNAseq.g42226.t1,ko01212
Montipora_capitata_HIv3___RNAseq.g42226.t1,ko03320
Montipora_capitata_HIv3___RNAseq.g42226.t1,ko04920
Montipora_capitata_HIv3___RNAseq.g42231.t1,ko00061
Montipora_capitata_HIv3___RNAseq.g42231.t1,ko00071
Montipora_capitata_HIv3___RNAseq.g42231.t1,ko01100
Montipora_capitata_HIv3___RNAseq.g42231.t1,ko01212
Montipora_capitata_HIv3___RNAseq.g42231.t1,ko03320
Montipora_capitata_HIv3___RNAseq.g42231.t1,ko04920
Montipora_capitata_HIv3___RNAseq.g42232.t1,ko00061
Montipora_capitata_HIv3___RNAseq.g42232.t1,ko00071
Montipora_capitata_HIv3___RNAseq.g42232.t1,ko01100
Montipora_capitata_HIv3___RNAseq.g42232.t1,ko01212
Montipora_capitata_HIv3___RNAseq.g42232.t1,ko03320
Montipora_capitata_HIv3___RNAseq.g42232.t1,ko04920
Montipora_capitata_HIv3___RNAseq.g42234.t1,ko00061
Montipora_capitata_HIv3___RNAseq.g42234.t1,ko00071
Montipora_capitata_HIv3___RNAseq.g42234.t1,ko01100
Montipora_capitata_HIv3___RNAseq.g42234.t1,ko01212
Montipora_capitata_HIv3___RNAseq.g42234.t1,ko03320
Montipora_capitata_HIv3___RNAseq.g42234.t1,ko04920
Montipora_capitata_HIv3___RNAseq.g42241.t1,ko04144
Montipora_capitata_HIv3___RNAseq.g42243.t1,ko00562
Montipora_capitata_HIv3___RNAseq.g42243.t1,ko01100
Montipora_capitata_HIv3___RNAseq.g42243.t1,ko04070
Montipora_capitata_HIv3___RNAseq.g42244.t1,ko04934
Montipora_capitata_HIv3___RNAseq.g42279.t2,ko04115
Montipora_capitata_HIv3___RNAseq.g42279.t2,ko04120
Montipora_capitata_HIv3___RNAseq.g42279.t2,ko04712
Montipora_capitata_HIv3___RNAseq.g42287.t1,ko04919
Montipora_capitata_HIv3___RNAseq.g42289.t1,ko04919
Montipora_capitata_HIv3___RNAseq.g42280.t1,ko03060
Montipora_capitata_HIv3___RNAseq.g42280.t1,ko04141
Montipora_capitata_HIv3___RNAseq.g42280.t1,ko04918
Montipora_capitata_HIv3___RNAseq.g42280.t1,ko05020
Montipora_capitata_HIv3___RNAseq.g42328.t1,ko00590
Montipora_capitata_HIv3___RNAseq.g42328.t1,ko01100
Montipora_capitata_HIv3___RNAseq.g42325.t1,ko04141
Montipora_capitata_HIv3___RNAseq.g42342.t1,ko00361
Montipora_capitata_HIv3___RNAseq.g42342.t1,ko00364
Montipora_capitata_HIv3___RNAseq.g42342.t1,ko00623
Montipora_capitata_HIv3___RNAseq.g42342.t1,ko01100
Montipora_capitata_HIv3___RNAseq.g42342.t1,ko01110
Montipora_capitata_HIv3___RNAseq.g42342.t1,ko01120
Montipora_capitata_HIv3___RNAseq.g42342.t1,ko01130
Montipora_capitata_HIv3___RNAseq.15888_t,ko03010
Montipora_capitata_HIv3___RNAseq.g42350.t3,ko04014
Montipora_capitata_HIv3___RNAseq.g42350.t3,ko04210
Montipora_capitata_HIv3___RNAseq.g42350.t3,ko04668
Montipora_capitata_HIv3___RNAseq.g42588.t1,ko00190
Montipora_capitata_HIv3___RNAseq.g42588.t1,ko01100
Montipora_capitata_HIv3___RNAseq.g42588.t1,ko04714
Montipora_capitata_HIv3___RNAseq.g42588.t1,ko04723
Montipora_capitata_HIv3___RNAseq.g42588.t1,ko04932
Montipora_capitata_HIv3___RNAseq.g42588.t1,ko05010
Montipora_capitata_HIv3___RNAseq.g42588.t1,ko05012
Montipora_capitata_HIv3___RNAseq.g42588.t1,ko05016
Montipora_capitata_HIv3___RNAseq.g42589.t1,ko04144
Montipora_capitata_HIv3___RNAseq.g42593.t1,ko04110
Montipora_capitata_HIv3___RNAseq.g42593.t1,ko04111
Montipora_capitata_HIv3___RNAseq.g42593.t1,ko04120
Montipora_capitata_HIv3___RNAseq.g42593.t1,ko04914
Montipora_capitata_HIv3___TS.g49104.t1,ko00010
Montipora_capitata_HIv3___TS.g49104.t1,ko00053
Montipora_capitata_HIv3___TS.g49104.t1,ko00071
Montipora_capitata_HIv3___TS.g49104.t1,ko00260
Montipora_capitata_HIv3___TS.g49104.t1,ko00280
Montipora_capitata_HIv3___TS.g49104.t1,ko00310
Montipora_capitata_HIv3___TS.g49104.t1,ko00330
Montipora_capitata_HIv3___TS.g49104.t1,ko00340
Montipora_capitata_HIv3___TS.g49104.t1,ko00380
Montipora_capitata_HIv3___TS.g49104.t1,ko00410
Montipora_capitata_HIv3___TS.g49104.t1,ko00561
Montipora_capitata_HIv3___TS.g49104.t1,ko00620
Montipora_capitata_HIv3___TS.g49104.t1,ko01100
Montipora_capitata_HIv3___TS.g49104.t1,ko01110
Montipora_capitata_HIv3___TS.g49104.t1,ko01120
Montipora_capitata_HIv3___TS.g49104.t1,ko01130
Montipora_capitata_HIv3___RNAseq.g42622.t1,ko00010
Montipora_capitata_HIv3___RNAseq.g42622.t1,ko00030
Montipora_capitata_HIv3___RNAseq.g42622.t1,ko00051
Montipora_capitata_HIv3___RNAseq.g42622.t1,ko00680
Montipora_capitata_HIv3___RNAseq.g42622.t1,ko00710
Montipora_capitata_HIv3___RNAseq.g42622.t1,ko01100
Montipora_capitata_HIv3___RNAseq.g42622.t1,ko01110
Montipora_capitata_HIv3___RNAseq.g42622.t1,ko01120
Montipora_capitata_HIv3___RNAseq.g42622.t1,ko01130
Montipora_capitata_HIv3___RNAseq.g42622.t1,ko01200
Montipora_capitata_HIv3___RNAseq.g42622.t1,ko04152
Montipora_capitata_HIv3___RNAseq.g42622.t1,ko04910
Montipora_capitata_HIv3___RNAseq.g42608.t1,ko03018
Montipora_capitata_HIv3___RNAseq.g42609.t2,ko00563
Montipora_capitata_HIv3___RNAseq.g42609.t2,ko01100
Montipora_capitata_HIv3___RNAseq.g42618.t1,ko04745
Montipora_capitata_HIv3___RNAseq.g42635.t1,ko01521
Montipora_capitata_HIv3___RNAseq.g42635.t1,ko04010
Montipora_capitata_HIv3___RNAseq.g42635.t1,ko04012
Montipora_capitata_HIv3___RNAseq.g42635.t1,ko04014
Montipora_capitata_HIv3___RNAseq.g42635.t1,ko04015
Montipora_capitata_HIv3___RNAseq.g42635.t1,ko04020
Montipora_capitata_HIv3___RNAseq.g42635.t1,ko04022
Montipora_capitata_HIv3___RNAseq.g42635.t1,ko04066
Montipora_capitata_HIv3___RNAseq.g42635.t1,ko04070
Montipora_capitata_HIv3___RNAseq.g42635.t1,ko04071
Montipora_capitata_HIv3___RNAseq.g42635.t1,ko04150
Montipora_capitata_HIv3___RNAseq.g42635.t1,ko04270
Montipora_capitata_HIv3___RNAseq.g42635.t1,ko04310
Montipora_capitata_HIv3___RNAseq.g42635.t1,ko04370
Montipora_capitata_HIv3___RNAseq.g42635.t1,ko04371
Montipora_capitata_HIv3___RNAseq.g42635.t1,ko04510
Montipora_capitata_HIv3___RNAseq.g42635.t1,ko04530
Montipora_capitata_HIv3___RNAseq.g42635.t1,ko04540
Montipora_capitata_HIv3___RNAseq.g42635.t1,ko04650
Montipora_capitata_HIv3___RNAseq.g42635.t1,ko04666
Montipora_capitata_HIv3___RNAseq.g42635.t1,ko04670
Montipora_capitata_HIv3___RNAseq.g42635.t1,ko04713
Montipora_capitata_HIv3___RNAseq.g42635.t1,ko04720
Montipora_capitata_HIv3___RNAseq.g42635.t1,ko04723
Montipora_capitata_HIv3___RNAseq.g42635.t1,ko04724
Montipora_capitata_HIv3___RNAseq.g42635.t1,ko04725
Montipora_capitata_HIv3___RNAseq.g42635.t1,ko04726
Montipora_capitata_HIv3___RNAseq.g42635.t1,ko04727
Montipora_capitata_HIv3___RNAseq.g42635.t1,ko04728
Montipora_capitata_HIv3___RNAseq.g42635.t1,ko04730
Montipora_capitata_HIv3___RNAseq.g42635.t1,ko04750
Montipora_capitata_HIv3___RNAseq.g42635.t1,ko04911
Montipora_capitata_HIv3___RNAseq.g42635.t1,ko04916
Montipora_capitata_HIv3___RNAseq.g42635.t1,ko04918
Montipora_capitata_HIv3___RNAseq.g42635.t1,ko04919
Montipora_capitata_HIv3___RNAseq.g42635.t1,ko04921
Montipora_capitata_HIv3___RNAseq.g42635.t1,ko04925
Montipora_capitata_HIv3___RNAseq.g42635.t1,ko04930
Montipora_capitata_HIv3___RNAseq.g42635.t1,ko04931
Montipora_capitata_HIv3___RNAseq.g42635.t1,ko04933
Montipora_capitata_HIv3___RNAseq.g42635.t1,ko04960
Montipora_capitata_HIv3___RNAseq.g42635.t1,ko04961
Montipora_capitata_HIv3___RNAseq.g42635.t1,ko04970
Montipora_capitata_HIv3___RNAseq.g42635.t1,ko04971
Montipora_capitata_HIv3___RNAseq.g42635.t1,ko04972
Montipora_capitata_HIv3___RNAseq.g42635.t1,ko05031
Montipora_capitata_HIv3___RNAseq.g42635.t1,ko05032
Montipora_capitata_HIv3___RNAseq.g42635.t1,ko05143
Montipora_capitata_HIv3___RNAseq.g42635.t1,ko05146
Montipora_capitata_HIv3___RNAseq.g42635.t1,ko05161
Montipora_capitata_HIv3___RNAseq.g42635.t1,ko05200
Montipora_capitata_HIv3___RNAseq.g42635.t1,ko05205
Montipora_capitata_HIv3___RNAseq.g42635.t1,ko05206
Montipora_capitata_HIv3___RNAseq.g42635.t1,ko05214
Montipora_capitata_HIv3___RNAseq.g42635.t1,ko05223
Montipora_capitata_HIv3___RNAseq.g42635.t1,ko05225
Montipora_capitata_HIv3___RNAseq.g42635.t1,ko05231
Montipora_capitata_HIv3___RNAseq.g42637.t1,ko04142
Montipora_capitata_HIv3___TS.g49150.t1,ko04142
Montipora_capitata_HIv3___TS.g49150.t1,ko05205
Montipora_capitata_HIv3___RNAseq.g42667.t1,ko03040
Montipora_capitata_HIv3___RNAseq.g42667.t1,ko05168
Montipora_capitata_HIv3___RNAseq.g42674.t1,ko01521
Montipora_capitata_HIv3___RNAseq.g42674.t1,ko01522
Montipora_capitata_HIv3___RNAseq.g42674.t1,ko04012
Montipora_capitata_HIv3___RNAseq.g42674.t1,ko04013
Montipora_capitata_HIv3___RNAseq.g42674.t1,ko04014
Montipora_capitata_HIv3___RNAseq.g42674.t1,ko04062
Montipora_capitata_HIv3___RNAseq.g42674.t1,ko04072
Montipora_capitata_HIv3___RNAseq.g42674.t1,ko04370
Montipora_capitata_HIv3___RNAseq.g42674.t1,ko04510
Montipora_capitata_HIv3___RNAseq.g42674.t1,ko04650
Montipora_capitata_HIv3___RNAseq.g42674.t1,ko04722
Montipora_capitata_HIv3___RNAseq.g42674.t1,ko04910
Montipora_capitata_HIv3___RNAseq.g42674.t1,ko04915
Montipora_capitata_HIv3___RNAseq.g42674.t1,ko04917
Montipora_capitata_HIv3___RNAseq.g42674.t1,ko04926
Montipora_capitata_HIv3___RNAseq.g42674.t1,ko05034
Montipora_capitata_HIv3___RNAseq.g42674.t1,ko05100
Montipora_capitata_HIv3___RNAseq.g42674.t1,ko05206
Montipora_capitata_HIv3___RNAseq.g42674.t1,ko05214
Montipora_capitata_HIv3___RNAseq.g42674.t1,ko05220
Montipora_capitata_HIv3___RNAseq.g42674.t1,ko05224
Montipora_capitata_HIv3___RNAseq.g42674.t1,ko05225
Montipora_capitata_HIv3___RNAseq.g42674.t1,ko05226
Montipora_capitata_HIv3___RNAseq.g42676.t1,ko01521
Montipora_capitata_HIv3___RNAseq.g42676.t1,ko01522
Montipora_capitata_HIv3___RNAseq.g42676.t1,ko04012
Montipora_capitata_HIv3___RNAseq.g42676.t1,ko04013
Montipora_capitata_HIv3___RNAseq.g42676.t1,ko04014
Montipora_capitata_HIv3___RNAseq.g42676.t1,ko04062
Montipora_capitata_HIv3___RNAseq.g42676.t1,ko04072
Montipora_capitata_HIv3___RNAseq.g42676.t1,ko04370
Montipora_capitata_HIv3___RNAseq.g42676.t1,ko04510
Montipora_capitata_HIv3___RNAseq.g42676.t1,ko04650
Montipora_capitata_HIv3___RNAseq.g42676.t1,ko04722
Montipora_capitata_HIv3___RNAseq.g42676.t1,ko04910
Montipora_capitata_HIv3___RNAseq.g42676.t1,ko04915
Montipora_capitata_HIv3___RNAseq.g42676.t1,ko04917
Montipora_capitata_HIv3___RNAseq.g42676.t1,ko04926
Montipora_capitata_HIv3___RNAseq.g42676.t1,ko05034
Montipora_capitata_HIv3___RNAseq.g42676.t1,ko05100
Montipora_capitata_HIv3___RNAseq.g42676.t1,ko05206
Montipora_capitata_HIv3___RNAseq.g42676.t1,ko05214
Montipora_capitata_HIv3___RNAseq.g42676.t1,ko05220
Montipora_capitata_HIv3___RNAseq.g42676.t1,ko05224
Montipora_capitata_HIv3___RNAseq.g42676.t1,ko05225
Montipora_capitata_HIv3___RNAseq.g42676.t1,ko05226
Montipora_capitata_HIv3___RNAseq.g42677.t1,ko04140
Montipora_capitata_HIv3___RNAseq.g42677.t1,ko05200
Montipora_capitata_HIv3___RNAseq.g42677.t1,ko05219
Montipora_capitata_HIv3___RNAseq.g42738.t1,ko04142
Montipora_capitata_HIv3___RNAseq.g42740.t1,ko04142
Montipora_capitata_HIv3___RNAseq.g42781.t1,ko00190
Montipora_capitata_HIv3___RNAseq.g42781.t1,ko01100
Montipora_capitata_HIv3___RNAseq.g42781.t1,ko04714
Montipora_capitata_HIv3___RNAseq.g42781.t1,ko05010
Montipora_capitata_HIv3___RNAseq.g42781.t1,ko05012
Montipora_capitata_HIv3___RNAseq.g42781.t1,ko05016
Montipora_capitata_HIv3___RNAseq.g42792.t1,ko04013
Montipora_capitata_HIv3___RNAseq.g42792.t1,ko04014
Montipora_capitata_HIv3___RNAseq.g42784.t1,ko04520
Montipora_capitata_HIv3___RNAseq.g42784.t1,ko04810
Montipora_capitata_HIv3___RNAseq.g42784.t1,ko05205
Montipora_capitata_HIv3___TS.g49269.t2,ko04520
Montipora_capitata_HIv3___TS.g49269.t2,ko04810
Montipora_capitata_HIv3___TS.g49269.t2,ko05205
Montipora_capitata_HIv3___RNAseq.g42797.t1,ko03040
Montipora_capitata_HIv3___RNAseq.g42797.t1,ko05322
Montipora_capitata_HIv3___RNAseq.g42852.t1,ko00511
Montipora_capitata_HIv3___RNAseq.g42852.t1,ko00600
Montipora_capitata_HIv3___RNAseq.g42852.t1,ko01100
Montipora_capitata_HIv3___RNAseq.g42850.t1,ko00511
Montipora_capitata_HIv3___RNAseq.g42850.t1,ko00600
Montipora_capitata_HIv3___RNAseq.g42850.t1,ko01100
Montipora_capitata_HIv3___TS.g49426.t1,ko00982
Montipora_capitata_HIv3___TS.g49426.t1,ko01120
Montipora_capitata_HIv3___RNAseq.g42944.t1,ko04520
Montipora_capitata_HIv3___RNAseq.g42944.t1,ko04810
Montipora_capitata_HIv3___RNAseq.g42944.t1,ko05205
Montipora_capitata_HIv3___TS.g49575.t3,ko03008
Montipora_capitata_HIv3___TS.g49575.t3,ko04010
Montipora_capitata_HIv3___TS.g49575.t3,ko04014
Montipora_capitata_HIv3___TS.g49575.t3,ko04510
Montipora_capitata_HIv3___RNAseq.g43101.t1,ko03008
Montipora_capitata_HIv3___RNAseq.g43102.t1,ko03010
Montipora_capitata_HIv3___RNAseq.g43105.t1,ko03018
Montipora_capitata_HIv3___RNAseq.g43100.t1,ko03015
Montipora_capitata_HIv3___RNAseq.g43100.t1,ko03040
Montipora_capitata_HIv3___RNAseq.g43111.t1,ko03010
Montipora_capitata_HIv3___RNAseq.g43108.t1,ko04141
Montipora_capitata_HIv3___RNAseq.g43117.t1,ko04550
Montipora_capitata_HIv3___RNAseq.g43117.t1,ko04950
Montipora_capitata_HIv3___TS.g49627.t1,ko00020
Montipora_capitata_HIv3___TS.g49627.t1,ko00480
Montipora_capitata_HIv3___TS.g49627.t1,ko00720
Montipora_capitata_HIv3___TS.g49627.t1,ko01100
Montipora_capitata_HIv3___TS.g49627.t1,ko01110
Montipora_capitata_HIv3___TS.g49627.t1,ko01120
Montipora_capitata_HIv3___TS.g49627.t1,ko01130
Montipora_capitata_HIv3___TS.g49627.t1,ko01200
Montipora_capitata_HIv3___TS.g49627.t1,ko01210
Montipora_capitata_HIv3___TS.g49627.t1,ko01230
Montipora_capitata_HIv3___TS.g49627.t1,ko04146
Montipora_capitata_HIv3___RNAseq.g43142.t1,ko00071
Montipora_capitata_HIv3___RNAseq.g43142.t1,ko00592
Montipora_capitata_HIv3___RNAseq.g43142.t1,ko01040
Montipora_capitata_HIv3___RNAseq.g43142.t1,ko01100
Montipora_capitata_HIv3___RNAseq.g43142.t1,ko01110
Montipora_capitata_HIv3___RNAseq.g43142.t1,ko01212
Montipora_capitata_HIv3___RNAseq.g43142.t1,ko03320
Montipora_capitata_HIv3___RNAseq.g43142.t1,ko04024
Montipora_capitata_HIv3___RNAseq.g43142.t1,ko04146
Montipora_capitata_HIv3___RNAseq.g43135.t1,ko04120
Montipora_capitata_HIv3___TS.g49625.t1,ko04120
Montipora_capitata_HIv3___RNAseq.g43161.t1a,ko03440
Montipora_capitata_HIv3___RNAseq.g43161.t1a,ko03460
Montipora_capitata_HIv3___RNAseq.g43145.t1,ko03010
Montipora_capitata_HIv3___RNAseq.g43146.t1,ko03008
Montipora_capitata_HIv3___RNAseq.g43146.t1,ko03013
Montipora_capitata_HIv3___RNAseq.g43146.t1,ko03015
Montipora_capitata_HIv3___RNAseq.g43146.t1,ko03040
Montipora_capitata_HIv3___RNAseq.g43216.t1,ko04714
Montipora_capitata_HIv3___RNAseq.g43216.t1,ko05230
Montipora_capitata_HIv3___RNAseq.g43246.t1,ko04010
Montipora_capitata_HIv3___RNAseq.g43246.t1,ko04013
Montipora_capitata_HIv3___RNAseq.g43246.t1,ko04014
Montipora_capitata_HIv3___RNAseq.g43246.t1,ko04360
Montipora_capitata_HIv3___RNAseq.g43251.t2,ko00260
Montipora_capitata_HIv3___RNAseq.g43251.t2,ko00270
Montipora_capitata_HIv3___RNAseq.g43251.t2,ko01100
Montipora_capitata_HIv3___RNAseq.g43251.t2,ko01110
Montipora_capitata_HIv3___RNAseq.g43315.t1,ko01521
Montipora_capitata_HIv3___RNAseq.g43315.t1,ko01522
Montipora_capitata_HIv3___RNAseq.g43315.t1,ko04010
Montipora_capitata_HIv3___RNAseq.g43315.t1,ko04014
Montipora_capitata_HIv3___RNAseq.g43315.t1,ko04015
Montipora_capitata_HIv3___RNAseq.g43315.t1,ko04022
Montipora_capitata_HIv3___RNAseq.g43315.t1,ko04066
Montipora_capitata_HIv3___RNAseq.g43315.t1,ko04068
Montipora_capitata_HIv3___RNAseq.g43315.t1,ko04072
Montipora_capitata_HIv3___RNAseq.g43315.t1,ko04114
Montipora_capitata_HIv3___RNAseq.g43315.t1,ko04140
Montipora_capitata_HIv3___RNAseq.g43315.t1,ko04144
Montipora_capitata_HIv3___RNAseq.g43315.t1,ko04150
Montipora_capitata_HIv3___RNAseq.g43315.t1,ko04151
Montipora_capitata_HIv3___RNAseq.g43315.t1,ko04152
Montipora_capitata_HIv3___RNAseq.g43315.t1,ko04211
Montipora_capitata_HIv3___RNAseq.g43315.t1,ko04212
Montipora_capitata_HIv3___RNAseq.g43315.t1,ko04213
Montipora_capitata_HIv3___RNAseq.g43315.t1,ko04510
Montipora_capitata_HIv3___RNAseq.g43315.t1,ko04520
Montipora_capitata_HIv3___RNAseq.g43315.t1,ko04550
Montipora_capitata_HIv3___RNAseq.g43315.t1,ko04730
Montipora_capitata_HIv3___RNAseq.g43315.t1,ko04810
Montipora_capitata_HIv3___RNAseq.g43315.t1,ko04910
Montipora_capitata_HIv3___RNAseq.g43315.t1,ko04913
Montipora_capitata_HIv3___RNAseq.g43315.t1,ko04914
Montipora_capitata_HIv3___RNAseq.g43315.t1,ko04923
Montipora_capitata_HIv3___RNAseq.g43315.t1,ko04930
Montipora_capitata_HIv3___RNAseq.g43315.t1,ko04931
Montipora_capitata_HIv3___RNAseq.g43315.t1,ko04932
Montipora_capitata_HIv3___RNAseq.g43315.t1,ko04960
Montipora_capitata_HIv3___RNAseq.g43315.t1,ko05200
Montipora_capitata_HIv3___RNAseq.g43315.t1,ko05202
Montipora_capitata_HIv3___RNAseq.g43315.t1,ko05205
Montipora_capitata_HIv3___RNAseq.g43315.t1,ko05214
Montipora_capitata_HIv3___RNAseq.g43315.t1,ko05215
Montipora_capitata_HIv3___RNAseq.g43315.t1,ko05218
Montipora_capitata_HIv3___RNAseq.g43315.t1,ko05224
Montipora_capitata_HIv3___RNAseq.g43315.t1,ko05225
Montipora_capitata_HIv3___RNAseq.g43322.t1,ko01521
Montipora_capitata_HIv3___RNAseq.g43322.t1,ko01524
Montipora_capitata_HIv3___RNAseq.g43322.t1,ko04014
Montipora_capitata_HIv3___RNAseq.g43322.t1,ko04064
Montipora_capitata_HIv3___RNAseq.g43322.t1,ko04137
Montipora_capitata_HIv3___RNAseq.g43322.t1,ko04140
Montipora_capitata_HIv3___RNAseq.g43322.t1,ko04151
Montipora_capitata_HIv3___RNAseq.g43322.t1,ko04210
Montipora_capitata_HIv3___RNAseq.g43322.t1,ko04215
Montipora_capitata_HIv3___RNAseq.g43322.t1,ko04621
Montipora_capitata_HIv3___RNAseq.g43322.t1,ko04630
Montipora_capitata_HIv3___RNAseq.g43322.t1,ko05014
Montipora_capitata_HIv3___RNAseq.g43322.t1,ko05145
Montipora_capitata_HIv3___RNAseq.g43322.t1,ko05166
Montipora_capitata_HIv3___RNAseq.g43322.t1,ko05200
Montipora_capitata_HIv3___RNAseq.g43322.t1,ko05202
Montipora_capitata_HIv3___RNAseq.g43322.t1,ko05206
Montipora_capitata_HIv3___RNAseq.g43322.t1,ko05212
Montipora_capitata_HIv3___RNAseq.g43322.t1,ko05220
Montipora_capitata_HIv3___RNAseq.g43322.t1,ko05222
Montipora_capitata_HIv3___RNAseq.g43322.t1,ko05225
Montipora_capitata_HIv3___TS.g49854.t1,ko01522
Montipora_capitata_HIv3___TS.g49854.t1,ko04010
Montipora_capitata_HIv3___TS.g49854.t1,ko04011
Montipora_capitata_HIv3___TS.g49854.t1,ko04013
Montipora_capitata_HIv3___TS.g49854.t1,ko04015
Montipora_capitata_HIv3___TS.g49854.t1,ko04068
Montipora_capitata_HIv3___TS.g49854.t1,ko04071
Montipora_capitata_HIv3___TS.g49854.t1,ko04139
Montipora_capitata_HIv3___TS.g49854.t1,ko04212
Montipora_capitata_HIv3___TS.g49854.t1,ko04218
Montipora_capitata_HIv3___TS.g49854.t1,ko04261
Montipora_capitata_HIv3___TS.g49854.t1,ko04370
Montipora_capitata_HIv3___TS.g49854.t1,ko04380
Montipora_capitata_HIv3___TS.g49854.t1,ko04550
Montipora_capitata_HIv3___TS.g49854.t1,ko04611
Montipora_capitata_HIv3___TS.g49854.t1,ko04620
Montipora_capitata_HIv3___TS.g49854.t1,ko04621
Montipora_capitata_HIv3___TS.g49854.t1,ko04622
Montipora_capitata_HIv3___TS.g49854.t1,ko04624
Montipora_capitata_HIv3___TS.g49854.t1,ko04657
Montipora_capitata_HIv3___TS.g49854.t1,ko04658
Montipora_capitata_HIv3___TS.g49854.t1,ko04659
Montipora_capitata_HIv3___TS.g49854.t1,ko04660
Montipora_capitata_HIv3___TS.g49854.t1,ko04664
Montipora_capitata_HIv3___TS.g49854.t1,ko04668
Montipora_capitata_HIv3___TS.g49854.t1,ko04670
Montipora_capitata_HIv3___TS.g49854.t1,ko04714
Montipora_capitata_HIv3___TS.g49854.t1,ko04722
Montipora_capitata_HIv3___TS.g49854.t1,ko04723
Montipora_capitata_HIv3___TS.g49854.t1,ko04728
Montipora_capitata_HIv3___TS.g49854.t1,ko04750
Montipora_capitata_HIv3___TS.g49854.t1,ko04912
Montipora_capitata_HIv3___TS.g49854.t1,ko04914
Montipora_capitata_HIv3___TS.g49854.t1,ko04917
Montipora_capitata_HIv3___TS.g49854.t1,ko04926
Montipora_capitata_HIv3___TS.g49854.t1,ko04933
Montipora_capitata_HIv3___TS.g49854.t1,ko05014
Montipora_capitata_HIv3___TS.g49854.t1,ko05120
Montipora_capitata_HIv3___TS.g49854.t1,ko05131
Montipora_capitata_HIv3___TS.g49854.t1,ko05132
Montipora_capitata_HIv3___TS.g49854.t1,ko05133
Montipora_capitata_HIv3___TS.g49854.t1,ko05140
Montipora_capitata_HIv3___TS.g49854.t1,ko05142
Montipora_capitata_HIv3___TS.g49854.t1,ko05145
Montipora_capitata_HIv3___TS.g49854.t1,ko05152
Montipora_capitata_HIv3___TS.g49854.t1,ko05160
Montipora_capitata_HIv3___TS.g49854.t1,ko05164
Montipora_capitata_HIv3___TS.g49854.t1,ko05167
Montipora_capitata_HIv3___TS.g49854.t1,ko05169
Montipora_capitata_HIv3___TS.g49854.t1,ko05205
Montipora_capitata_HIv3___TS.g49854.t1,ko05418
Montipora_capitata_HIv3___RNAseq.g43351.t1,ko04112
Montipora_capitata_HIv3___RNAseq.g43337.t1,ko03040
Montipora_capitata_HIv3___RNAseq.g43337.t1,ko04010
Montipora_capitata_HIv3___RNAseq.g43337.t1,ko04141
Montipora_capitata_HIv3___RNAseq.g43337.t1,ko04144
Montipora_capitata_HIv3___RNAseq.g43337.t1,ko04213
Montipora_capitata_HIv3___RNAseq.g43337.t1,ko04612
Montipora_capitata_HIv3___RNAseq.g43337.t1,ko04915
Montipora_capitata_HIv3___RNAseq.g43337.t1,ko05134
Montipora_capitata_HIv3___RNAseq.g43337.t1,ko05145
Montipora_capitata_HIv3___RNAseq.g43337.t1,ko05162
Montipora_capitata_HIv3___RNAseq.g43337.t1,ko05164
Montipora_capitata_HIv3___RNAseq.g43337.t1,ko05169
Montipora_capitata_HIv3___RNAseq.g43338.t1,ko03040
Montipora_capitata_HIv3___RNAseq.g43338.t1,ko04010
Montipora_capitata_HIv3___RNAseq.g43338.t1,ko04141
Montipora_capitata_HIv3___RNAseq.g43338.t1,ko04144
Montipora_capitata_HIv3___RNAseq.g43338.t1,ko04213
Montipora_capitata_HIv3___RNAseq.g43338.t1,ko04612
Montipora_capitata_HIv3___RNAseq.g43338.t1,ko04915
Montipora_capitata_HIv3___RNAseq.g43338.t1,ko05134
Montipora_capitata_HIv3___RNAseq.g43338.t1,ko05145
Montipora_capitata_HIv3___RNAseq.g43338.t1,ko05162
Montipora_capitata_HIv3___RNAseq.g43338.t1,ko05164
Montipora_capitata_HIv3___RNAseq.g43338.t1,ko05169
Montipora_capitata_HIv3___RNAseq.g43367.t1,ko04120
Montipora_capitata_HIv3___RNAseq.g43367.t1,ko05168
Montipora_capitata_HIv3___RNAseq.g43368.t1,ko00052
Montipora_capitata_HIv3___RNAseq.g43368.t1,ko00520
Montipora_capitata_HIv3___RNAseq.g43368.t1,ko01100
Montipora_capitata_HIv3___RNAseq.g43368.t1,ko04917
Montipora_capitata_HIv3___TS.g49874.t2,ko00970
Montipora_capitata_HIv3___RNAseq.g43408.t1,ko00230
Montipora_capitata_HIv3___RNAseq.g43407.t1,ko04120
Montipora_capitata_HIv3___TS.g50025.t1,ko00512
Montipora_capitata_HIv3___TS.g50025.t1,ko00601
Montipora_capitata_HIv3___TS.g50025.t1,ko01100
Montipora_capitata_HIv3___RNAseq.g43565.t1,ko04072
Montipora_capitata_HIv3___RNAseq.g43565.t1,ko04144
Montipora_capitata_HIv3___RNAseq.g43565.t1,ko04721
Montipora_capitata_HIv3___RNAseq.g43565.t1,ko04961
Montipora_capitata_HIv3___RNAseq.g43565.t1,ko05100
Montipora_capitata_HIv3___RNAseq.g43532.t1,ko00512
Montipora_capitata_HIv3___RNAseq.g43532.t1,ko00601
Montipora_capitata_HIv3___RNAseq.g43532.t1,ko01100
Montipora_capitata_HIv3___RNAseq.g43553.t1,ko00190
Montipora_capitata_HIv3___RNAseq.g43553.t1,ko01100
Montipora_capitata_HIv3___RNAseq.g43553.t1,ko04714
Montipora_capitata_HIv3___RNAseq.g43553.t1,ko04723
Montipora_capitata_HIv3___RNAseq.g43553.t1,ko04932
Montipora_capitata_HIv3___RNAseq.g43553.t1,ko05010
Montipora_capitata_HIv3___RNAseq.g43553.t1,ko05012
Montipora_capitata_HIv3___RNAseq.g43553.t1,ko05016
Montipora_capitata_HIv3___RNAseq.g43641.t1,ko04610
Montipora_capitata_HIv3___RNAseq.g43641.t1,ko05133
Montipora_capitata_HIv3___RNAseq.g43641.t1,ko05150
Montipora_capitata_HIv3___RNAseq.g43641.t1,ko05322
Montipora_capitata_HIv3___RNAseq.g43623.t1,ko00512
Montipora_capitata_HIv3___RNAseq.g43623.t1,ko00601
Montipora_capitata_HIv3___RNAseq.g43623.t1,ko01100
Montipora_capitata_HIv3___TS.g50141.t2,ko00512
Montipora_capitata_HIv3___TS.g50141.t2,ko00601
Montipora_capitata_HIv3___TS.g50141.t2,ko01100
Montipora_capitata_HIv3___RNAseq.g43665.t1,ko01522
Montipora_capitata_HIv3___RNAseq.g43665.t1,ko04320
Montipora_capitata_HIv3___RNAseq.g43665.t1,ko04330
Montipora_capitata_HIv3___RNAseq.g43665.t1,ko04658
Montipora_capitata_HIv3___RNAseq.g43665.t1,ko04919
Montipora_capitata_HIv3___RNAseq.g43665.t1,ko05020
Montipora_capitata_HIv3___RNAseq.g43665.t1,ko05165
Montipora_capitata_HIv3___RNAseq.g43665.t1,ko05200
Montipora_capitata_HIv3___RNAseq.g43665.t1,ko05206
Montipora_capitata_HIv3___RNAseq.g43665.t1,ko05224
Montipora_capitata_HIv3___RNAseq.g43751.t1,ko00020
Montipora_capitata_HIv3___RNAseq.g43751.t1,ko01100
Montipora_capitata_HIv3___RNAseq.g43751.t1,ko01110
Montipora_capitata_HIv3___RNAseq.g43751.t1,ko01120
Montipora_capitata_HIv3___RNAseq.g43751.t1,ko01130
Montipora_capitata_HIv3___RNAseq.g43751.t1,ko01200
Montipora_capitata_HIv3___RNAseq.g43751.t1,ko01210
Montipora_capitata_HIv3___RNAseq.g43751.t1,ko01230
Montipora_capitata_HIv3___RNAseq.g43754.t1,ko03013
Montipora_capitata_HIv3___RNAseq.g43754.t1,ko03015
Montipora_capitata_HIv3___RNAseq.g43756.t1,ko00190
Montipora_capitata_HIv3___RNAseq.g43756.t1,ko01100
Montipora_capitata_HIv3___RNAseq.g43756.t1,ko04260
Montipora_capitata_HIv3___RNAseq.g43756.t1,ko04714
Montipora_capitata_HIv3___RNAseq.g43756.t1,ko04932
Montipora_capitata_HIv3___RNAseq.g43756.t1,ko05010
Montipora_capitata_HIv3___RNAseq.g43756.t1,ko05012
Montipora_capitata_HIv3___RNAseq.g43756.t1,ko05016
Montipora_capitata_HIv3___RNAseq.g43772.t1,ko00564
Montipora_capitata_HIv3___RNAseq.g43778.t1,ko03018
Montipora_capitata_HIv3___RNAseq.g43798.t1,ko04120
Montipora_capitata_HIv3___RNAseq.g43800.t1,ko00010
Montipora_capitata_HIv3___RNAseq.g43800.t1,ko00053
Montipora_capitata_HIv3___RNAseq.g43800.t1,ko00071
Montipora_capitata_HIv3___RNAseq.g43800.t1,ko00280
Montipora_capitata_HIv3___RNAseq.g43800.t1,ko00310
Montipora_capitata_HIv3___RNAseq.g43800.t1,ko00330
Montipora_capitata_HIv3___RNAseq.g43800.t1,ko00340
Montipora_capitata_HIv3___RNAseq.g43800.t1,ko00380
Montipora_capitata_HIv3___RNAseq.g43800.t1,ko00410
Montipora_capitata_HIv3___RNAseq.g43800.t1,ko00561
Montipora_capitata_HIv3___RNAseq.g43800.t1,ko00620
Montipora_capitata_HIv3___RNAseq.g43800.t1,ko00625
Montipora_capitata_HIv3___RNAseq.g43800.t1,ko00830
Montipora_capitata_HIv3___RNAseq.g43800.t1,ko00903
Montipora_capitata_HIv3___RNAseq.g43800.t1,ko00981
Montipora_capitata_HIv3___RNAseq.g43800.t1,ko01100
Montipora_capitata_HIv3___RNAseq.g43800.t1,ko01110
Montipora_capitata_HIv3___RNAseq.g43800.t1,ko01120
Montipora_capitata_HIv3___RNAseq.g43800.t1,ko01130
Montipora_capitata_HIv3___TS.g50338.t1,ko04610
Montipora_capitata_HIv3___RNAseq.g43837.t1,ko01100
Montipora_capitata_HIv3___RNAseq.g43837.t1,ko04139
Montipora_capitata_HIv3___RNAseq.g43845.t1c,ko03410
Montipora_capitata_HIv3___RNAseq.g43845.t1c,ko04210
Montipora_capitata_HIv3___RNAseq.g43845.t1c,ko04212
Montipora_capitata_HIv3___RNAseq.g43845.t1c,ko04214
Montipora_capitata_HIv3___RNAseq.g43845.t1c,ko04217
Montipora_capitata_HIv3___RNAseq.g43846.t1b,ko03410
Montipora_capitata_HIv3___RNAseq.g43846.t1b,ko04210
Montipora_capitata_HIv3___RNAseq.g43846.t1b,ko04212
Montipora_capitata_HIv3___RNAseq.g43846.t1b,ko04214
Montipora_capitata_HIv3___RNAseq.g43846.t1b,ko04217
Montipora_capitata_HIv3___RNAseq.g43848.t1,ko04152
Montipora_capitata_HIv3___RNAseq.g43848.t1,ko04921
Montipora_capitata_HIv3___RNAseq.g43850.t1,ko00030
Montipora_capitata_HIv3___RNAseq.g43850.t1,ko01100
Montipora_capitata_HIv3___RNAseq.g43850.t1,ko01110
Montipora_capitata_HIv3___RNAseq.g43850.t1,ko01120
Montipora_capitata_HIv3___RNAseq.g43850.t1,ko01130
Montipora_capitata_HIv3___RNAseq.g43850.t1,ko01200
Montipora_capitata_HIv3___RNAseq.g43870.t1,ko00970
Montipora_capitata_HIv3___RNAseq.g43870.t1,ko03010
Montipora_capitata_HIv3___TS.g50375.t1,ko04064
Montipora_capitata_HIv3___TS.g50375.t1,ko04660
Montipora_capitata_HIv3___TS.g50375.t1,ko04662
Montipora_capitata_HIv3___TS.g50375.t1,ko05152
Montipora_capitata_HIv3___RNAseq.g43852.t1,ko04064
Montipora_capitata_HIv3___RNAseq.g43852.t1,ko04660
Montipora_capitata_HIv3___RNAseq.g43852.t1,ko04662
Montipora_capitata_HIv3___RNAseq.g43852.t1,ko05152
Montipora_capitata_HIv3___RNAseq.g43866.t2,ko04610
Montipora_capitata_HIv3___RNAseq.g43871.t1,ko00520
Montipora_capitata_HIv3___RNAseq.g43871.t1,ko01100
Montipora_capitata_HIv3___RNAseq.g43871.t1,ko01130
Montipora_capitata_HIv3___TS.g50396.t1,ko04657
Montipora_capitata_HIv3___TS.g50400.t1,ko01521
Montipora_capitata_HIv3___TS.g50400.t1,ko01524
Montipora_capitata_HIv3___TS.g50400.t1,ko04014
Montipora_capitata_HIv3___TS.g50400.t1,ko04064
Montipora_capitata_HIv3___TS.g50400.t1,ko04137
Montipora_capitata_HIv3___TS.g50400.t1,ko04140
Montipora_capitata_HIv3___TS.g50400.t1,ko04151
Montipora_capitata_HIv3___TS.g50400.t1,ko04210
Montipora_capitata_HIv3___TS.g50400.t1,ko04215
Montipora_capitata_HIv3___TS.g50400.t1,ko04621
Montipora_capitata_HIv3___TS.g50400.t1,ko04630
Montipora_capitata_HIv3___TS.g50400.t1,ko05014
Montipora_capitata_HIv3___TS.g50400.t1,ko05145
Montipora_capitata_HIv3___TS.g50400.t1,ko05166
Montipora_capitata_HIv3___TS.g50400.t1,ko05200
Montipora_capitata_HIv3___TS.g50400.t1,ko05202
Montipora_capitata_HIv3___TS.g50400.t1,ko05206
Montipora_capitata_HIv3___TS.g50400.t1,ko05212
Montipora_capitata_HIv3___TS.g50400.t1,ko05220
Montipora_capitata_HIv3___TS.g50400.t1,ko05222
Montipora_capitata_HIv3___TS.g50400.t1,ko05225
Montipora_capitata_HIv3___RNAseq.g43879.t1,ko03010
Montipora_capitata_HIv3___RNAseq.g43884.t1,ko03018
Montipora_capitata_HIv3___RNAseq.g43885.t1,ko04142
Montipora_capitata_HIv3___RNAseq.g43885.t1,ko04145
Montipora_capitata_HIv3___RNAseq.g43906.t1,ko04111
Montipora_capitata_HIv3___RNAseq.g43906.t1,ko05200
Montipora_capitata_HIv3___RNAseq.g43906.t1,ko05222
Montipora_capitata_HIv3___RNAseq.g43904.t1,ko00563
Montipora_capitata_HIv3___RNAseq.g43904.t1,ko01100
Montipora_capitata_HIv3___RNAseq.g43905.t1,ko04111
Montipora_capitata_HIv3___RNAseq.g43905.t1,ko05200
Montipora_capitata_HIv3___RNAseq.g43905.t1,ko05222
Montipora_capitata_HIv3___RNAseq.17621_t,ko03013
Montipora_capitata_HIv3___RNAseq.17621_t,ko05418
Montipora_capitata_HIv3___RNAseq.17622_t,ko00532
Montipora_capitata_HIv3___RNAseq.17622_t,ko01100
Montipora_capitata_HIv3___TS.g50448.t1,ko00120
Montipora_capitata_HIv3___TS.g50448.t1,ko01100
Montipora_capitata_HIv3___TS.g50448.t1,ko04146
Montipora_capitata_HIv3___RNAseq.g43922.t1,ko01521
Montipora_capitata_HIv3___RNAseq.g43922.t1,ko04010
Montipora_capitata_HIv3___RNAseq.g43922.t1,ko04014
Montipora_capitata_HIv3___RNAseq.g43922.t1,ko04015
Montipora_capitata_HIv3___RNAseq.g43922.t1,ko04060
Montipora_capitata_HIv3___RNAseq.g43922.t1,ko04151
Montipora_capitata_HIv3___RNAseq.g43922.t1,ko04360
Montipora_capitata_HIv3___RNAseq.g43922.t1,ko04510
Montipora_capitata_HIv3___RNAseq.g43922.t1,ko04520
Montipora_capitata_HIv3___RNAseq.g43922.t1,ko05100
Montipora_capitata_HIv3___RNAseq.g43922.t1,ko05120
Montipora_capitata_HIv3___RNAseq.g43922.t1,ko05144
Montipora_capitata_HIv3___RNAseq.g43922.t1,ko05200
Montipora_capitata_HIv3___RNAseq.g43922.t1,ko05202
Montipora_capitata_HIv3___RNAseq.g43922.t1,ko05205
Montipora_capitata_HIv3___RNAseq.g43922.t1,ko05206
Montipora_capitata_HIv3___RNAseq.g43922.t1,ko05211
Montipora_capitata_HIv3___RNAseq.g43922.t1,ko05218
Montipora_capitata_HIv3___RNAseq.g43922.t1,ko05225
Montipora_capitata_HIv3___RNAseq.g43922.t1,ko05226
Montipora_capitata_HIv3___RNAseq.g43922.t1,ko05230
Montipora_capitata_HIv3___RNAseq.g43961.t1,ko00531
Montipora_capitata_HIv3___RNAseq.g43961.t1,ko01100
Montipora_capitata_HIv3___RNAseq.g43961.t1,ko04012
Montipora_capitata_HIv3___RNAseq.g43961.t1,ko04020
Montipora_capitata_HIv3___RNAseq.g43961.t1,ko04024
Montipora_capitata_HIv3___RNAseq.g43961.t1,ko04066
Montipora_capitata_HIv3___RNAseq.g43961.t1,ko04114
Montipora_capitata_HIv3___RNAseq.g43961.t1,ko04142
Montipora_capitata_HIv3___RNAseq.g43961.t1,ko04217
Montipora_capitata_HIv3___RNAseq.g43961.t1,ko04261
Montipora_capitata_HIv3___RNAseq.g43961.t1,ko04310
Montipora_capitata_HIv3___RNAseq.g43961.t1,ko04360
Montipora_capitata_HIv3___RNAseq.g43961.t1,ko04713
Montipora_capitata_HIv3___RNAseq.g43961.t1,ko04720
Montipora_capitata_HIv3___RNAseq.g43961.t1,ko04722
Montipora_capitata_HIv3___RNAseq.g43961.t1,ko04725
Montipora_capitata_HIv3___RNAseq.g43961.t1,ko04728
Montipora_capitata_HIv3___RNAseq.g43961.t1,ko04740
Montipora_capitata_HIv3___RNAseq.g43961.t1,ko04745
Montipora_capitata_HIv3___RNAseq.g43961.t1,ko04750
Montipora_capitata_HIv3___RNAseq.g43961.t1,ko04911
Montipora_capitata_HIv3___RNAseq.g43961.t1,ko04912
Montipora_capitata_HIv3___RNAseq.g43961.t1,ko04916
Montipora_capitata_HIv3___RNAseq.g43961.t1,ko04921
Montipora_capitata_HIv3___RNAseq.g43961.t1,ko04922
Montipora_capitata_HIv3___RNAseq.g43961.t1,ko04925
Montipora_capitata_HIv3___RNAseq.g43961.t1,ko04934
Montipora_capitata_HIv3___RNAseq.g43961.t1,ko04971
Montipora_capitata_HIv3___RNAseq.g43961.t1,ko05031
Montipora_capitata_HIv3___RNAseq.g43961.t1,ko05152
Montipora_capitata_HIv3___RNAseq.g43961.t1,ko05200
Montipora_capitata_HIv3___RNAseq.g43961.t1,ko05205
Montipora_capitata_HIv3___RNAseq.g43961.t1,ko05214
Montipora_capitata_HIv3___RNAseq.g43963.t1,ko00531
Montipora_capitata_HIv3___RNAseq.g43963.t1,ko01100
Montipora_capitata_HIv3___RNAseq.g43963.t1,ko04012
Montipora_capitata_HIv3___RNAseq.g43963.t1,ko04020
Montipora_capitata_HIv3___RNAseq.g43963.t1,ko04024
Montipora_capitata_HIv3___RNAseq.g43963.t1,ko04066
Montipora_capitata_HIv3___RNAseq.g43963.t1,ko04114
Montipora_capitata_HIv3___RNAseq.g43963.t1,ko04142
Montipora_capitata_HIv3___RNAseq.g43963.t1,ko04217
Montipora_capitata_HIv3___RNAseq.g43963.t1,ko04261
Montipora_capitata_HIv3___RNAseq.g43963.t1,ko04310
Montipora_capitata_HIv3___RNAseq.g43963.t1,ko04360
Montipora_capitata_HIv3___RNAseq.g43963.t1,ko04713
Montipora_capitata_HIv3___RNAseq.g43963.t1,ko04720
Montipora_capitata_HIv3___RNAseq.g43963.t1,ko04722
Montipora_capitata_HIv3___RNAseq.g43963.t1,ko04725
Montipora_capitata_HIv3___RNAseq.g43963.t1,ko04728
Montipora_capitata_HIv3___RNAseq.g43963.t1,ko04740
Montipora_capitata_HIv3___RNAseq.g43963.t1,ko04745
Montipora_capitata_HIv3___RNAseq.g43963.t1,ko04750
Montipora_capitata_HIv3___RNAseq.g43963.t1,ko04911
Montipora_capitata_HIv3___RNAseq.g43963.t1,ko04912
Montipora_capitata_HIv3___RNAseq.g43963.t1,ko04916
Montipora_capitata_HIv3___RNAseq.g43963.t1,ko04921
Montipora_capitata_HIv3___RNAseq.g43963.t1,ko04922
Montipora_capitata_HIv3___RNAseq.g43963.t1,ko04925
Montipora_capitata_HIv3___RNAseq.g43963.t1,ko04934
Montipora_capitata_HIv3___RNAseq.g43963.t1,ko04971
Montipora_capitata_HIv3___RNAseq.g43963.t1,ko05031
Montipora_capitata_HIv3___RNAseq.g43963.t1,ko05152
Montipora_capitata_HIv3___RNAseq.g43963.t1,ko05200
Montipora_capitata_HIv3___RNAseq.g43963.t1,ko05205
Montipora_capitata_HIv3___RNAseq.g43963.t1,ko05214
Montipora_capitata_HIv3___RNAseq.g44012.t1,ko00603
Montipora_capitata_HIv3___RNAseq.g44012.t1,ko04142
Montipora_capitata_HIv3___RNAseq.g44017.t1,ko01524
Montipora_capitata_HIv3___RNAseq.g44017.t1,ko03430
Montipora_capitata_HIv3___RNAseq.g44017.t1,ko05200
Montipora_capitata_HIv3___RNAseq.g44017.t1,ko05210
Montipora_capitata_HIv3___RNAseq.g44031.t1,ko04330
Montipora_capitata_HIv3___RNAseq.g44037.t1,ko03018
Montipora_capitata_HIv3___RNAseq.g44037.t1,ko03040
Montipora_capitata_HIv3___RNAseq.g44036.t1,ko03008
Montipora_capitata_HIv3___RNAseq.g44042.t1,ko05202
Montipora_capitata_HIv3___RNAseq.g44041.t1b,ko04020
Montipora_capitata_HIv3___RNAseq.g44041.t1b,ko04022
Montipora_capitata_HIv3___RNAseq.g44041.t1b,ko04371
Montipora_capitata_HIv3___RNAseq.g44041.t1b,ko04740
Montipora_capitata_HIv3___RNAseq.g44041.t1b,ko04974
Montipora_capitata_HIv3___RNAseq.g44049.t1,ko00603
Montipora_capitata_HIv3___RNAseq.g44049.t1,ko04142
Montipora_capitata_HIv3___RNAseq.g44047.t1,ko04014
Montipora_capitata_HIv3___RNAseq.g44048.t1,ko00603
Montipora_capitata_HIv3___RNAseq.g44048.t1,ko04142
Montipora_capitata_HIv3___RNAseq.g44057.t1,ko04151
Montipora_capitata_HIv3___RNAseq.g44059.t1,ko04064
Montipora_capitata_HIv3___RNAseq.g44059.t1,ko04151
Montipora_capitata_HIv3___RNAseq.g44059.t1,ko04210
Montipora_capitata_HIv3___RNAseq.g44059.t1,ko04630
Montipora_capitata_HIv3___RNAseq.g44059.t1,ko05202
Montipora_capitata_HIv3___RNAseq.g44059.t1,ko05206
Montipora_capitata_HIv3___RNAseq.g44059.t1,ko05221
Montipora_capitata_HIv3___RNAseq.g44063.t1,ko04022
Montipora_capitata_HIv3___RNAseq.g44063.t1,ko04024
Montipora_capitata_HIv3___RNAseq.g44063.t1,ko04151
Montipora_capitata_HIv3___RNAseq.g44063.t1,ko04152
Montipora_capitata_HIv3___RNAseq.g44063.t1,ko04211
Montipora_capitata_HIv3___RNAseq.g44063.t1,ko04261
Montipora_capitata_HIv3___RNAseq.g44063.t1,ko04668
Montipora_capitata_HIv3___RNAseq.g44063.t1,ko04714
Montipora_capitata_HIv3___RNAseq.g44063.t1,ko04725
Montipora_capitata_HIv3___RNAseq.g44063.t1,ko04728
Montipora_capitata_HIv3___RNAseq.g44063.t1,ko04911
Montipora_capitata_HIv3___RNAseq.g44063.t1,ko04915
Montipora_capitata_HIv3___RNAseq.g44063.t1,ko04916
Montipora_capitata_HIv3___RNAseq.g44063.t1,ko04918
Montipora_capitata_HIv3___RNAseq.g44063.t1,ko04922
Montipora_capitata_HIv3___RNAseq.g44063.t1,ko04925
Montipora_capitata_HIv3___RNAseq.g44063.t1,ko04926
Montipora_capitata_HIv3___RNAseq.g44063.t1,ko04927
Montipora_capitata_HIv3___RNAseq.g44063.t1,ko04931
Montipora_capitata_HIv3___RNAseq.g44063.t1,ko04934
Montipora_capitata_HIv3___RNAseq.g44063.t1,ko04962
Montipora_capitata_HIv3___RNAseq.g44063.t1,ko05016
Montipora_capitata_HIv3___RNAseq.g44063.t1,ko05030
Montipora_capitata_HIv3___RNAseq.g44063.t1,ko05031
Montipora_capitata_HIv3___RNAseq.g44063.t1,ko05034
Montipora_capitata_HIv3___RNAseq.g44063.t1,ko05161
Montipora_capitata_HIv3___RNAseq.g44063.t1,ko05165
Montipora_capitata_HIv3___RNAseq.g44063.t1,ko05203
Montipora_capitata_HIv3___RNAseq.g44063.t1,ko05215
Montipora_capitata_HIv3___RNAseq.g44069.t1,ko04624
Montipora_capitata_HIv3___RNAseq.g44082.t1,ko03008
Montipora_capitata_HIv3___RNAseq.g44083.t1,ko03050
Montipora_capitata_HIv3___RNAseq.g44086.t1,ko04138
Montipora_capitata_HIv3___RNAseq.g44086.t1,ko04144
Montipora_capitata_HIv3___TS.g50641.t3,ko04550
Montipora_capitata_HIv3___RNAseq.g44125.t1,ko05202
Montipora_capitata_HIv3___RNAseq.g44125.t1,ko05211
Montipora_capitata_HIv3___RNAseq.g44126.t1,ko04145
Montipora_capitata_HIv3___RNAseq.g44126.t1,ko04151
Montipora_capitata_HIv3___RNAseq.g44126.t1,ko04510
Montipora_capitata_HIv3___RNAseq.g44126.t1,ko04512
Montipora_capitata_HIv3___RNAseq.g44126.t1,ko05144
Montipora_capitata_HIv3___RNAseq.g44126.t1,ko05165
Montipora_capitata_HIv3___RNAseq.g44133.t1b,ko04145
Montipora_capitata_HIv3___RNAseq.g44133.t1b,ko04151
Montipora_capitata_HIv3___RNAseq.g44133.t1b,ko04510
Montipora_capitata_HIv3___RNAseq.g44133.t1b,ko04512
Montipora_capitata_HIv3___RNAseq.g44133.t1b,ko05144
Montipora_capitata_HIv3___RNAseq.g44133.t1b,ko05165
Montipora_capitata_HIv3___RNAseq.g44134.t1,ko04020
Montipora_capitata_HIv3___RNAseq.g44134.t1,ko04024
Montipora_capitata_HIv3___RNAseq.g44134.t1,ko04211
Montipora_capitata_HIv3___RNAseq.g44134.t1,ko04371
Montipora_capitata_HIv3___RNAseq.g44134.t1,ko04380
Montipora_capitata_HIv3___RNAseq.g44134.t1,ko04720
Montipora_capitata_HIv3___RNAseq.g44134.t1,ko04722
Montipora_capitata_HIv3___RNAseq.g44134.t1,ko04725
Montipora_capitata_HIv3___RNAseq.g44134.t1,ko04921
Montipora_capitata_HIv3___RNAseq.g44134.t1,ko04925
Montipora_capitata_HIv3___RNAseq.g44134.t1,ko05031
Montipora_capitata_HIv3___RNAseq.g44134.t1,ko05034
Montipora_capitata_HIv3___RNAseq.g44142.t1,ko00970
Montipora_capitata_HIv3___RNAseq.g44150.t1,ko05016
Montipora_capitata_HIv3___RNAseq.g44140.t1,ko03013
Montipora_capitata_HIv3___RNAseq.g44140.t1,ko03015
Montipora_capitata_HIv3___RNAseq.g44151.t1,ko00230
Montipora_capitata_HIv3___RNAseq.g44151.t1,ko00240
Montipora_capitata_HIv3___RNAseq.g44160.t1,ko03010
Montipora_capitata_HIv3___RNAseq.g44165.t1,ko00190
Montipora_capitata_HIv3___RNAseq.g44165.t1,ko01100
Montipora_capitata_HIv3___RNAseq.g44165.t1,ko04714
Montipora_capitata_HIv3___RNAseq.g44165.t1,ko04723
Montipora_capitata_HIv3___RNAseq.g44165.t1,ko04932
Montipora_capitata_HIv3___RNAseq.g44165.t1,ko05010
Montipora_capitata_HIv3___RNAseq.g44165.t1,ko05012
Montipora_capitata_HIv3___RNAseq.g44165.t1,ko05016
Montipora_capitata_HIv3___RNAseq.g44168.t1,ko04340
Montipora_capitata_HIv3___RNAseq.g44168.t1,ko04341
Montipora_capitata_HIv3___TS.g50709.t2,ko00603
Montipora_capitata_HIv3___TS.g50709.t2,ko04142
Montipora_capitata_HIv3___RNAseq.g44176.t1,ko04066
Montipora_capitata_HIv3___RNAseq.g44176.t1,ko04934
Montipora_capitata_HIv3___RNAseq.g44176.t1,ko05200
Montipora_capitata_HIv3___RNAseq.g44176.t1,ko05202
Montipora_capitata_HIv3___RNAseq.g44176.t1,ko05204
Montipora_capitata_HIv3___RNAseq.g44176.t1,ko05211
Montipora_capitata_HIv3___RNAseq.g44175.t1,ko04141
Montipora_capitata_HIv3___RNAseq.g44175.t1,ko04612
Montipora_capitata_HIv3___RNAseq.g44178.t1,ko04744
Montipora_capitata_HIv3___RNAseq.g44179.t1,ko04068
Montipora_capitata_HIv3___RNAseq.g44179.t1,ko04724
Montipora_capitata_HIv3___RNAseq.g44183.t1,ko03010
Montipora_capitata_HIv3___RNAseq.g44186.t1,ko00051
Montipora_capitata_HIv3___RNAseq.g44186.t1,ko04066
Montipora_capitata_HIv3___RNAseq.g44186.t1,ko04152
Montipora_capitata_HIv3___RNAseq.g44186.t1,ko04919
Montipora_capitata_HIv3___RNAseq.g44186.t1,ko04922
Montipora_capitata_HIv3___RNAseq.g44187.t1,ko01521
Montipora_capitata_HIv3___RNAseq.g44187.t1,ko01522
Montipora_capitata_HIv3___RNAseq.g44187.t1,ko04010
Montipora_capitata_HIv3___RNAseq.g44187.t1,ko04012
Montipora_capitata_HIv3___RNAseq.g44187.t1,ko04013
Montipora_capitata_HIv3___RNAseq.g44187.t1,ko04014
Montipora_capitata_HIv3___RNAseq.g44187.t1,ko04015
Montipora_capitata_HIv3___RNAseq.g44187.t1,ko04022
Montipora_capitata_HIv3___RNAseq.g44187.t1,ko04024
Montipora_capitata_HIv3___RNAseq.g44187.t1,ko04062
Montipora_capitata_HIv3___RNAseq.g44187.t1,ko04066
Montipora_capitata_HIv3___RNAseq.g44187.t1,ko04068
Montipora_capitata_HIv3___RNAseq.g44187.t1,ko04071
Montipora_capitata_HIv3___RNAseq.g44187.t1,ko04072
Montipora_capitata_HIv3___RNAseq.g44187.t1,ko04114
Montipora_capitata_HIv3___RNAseq.g44187.t1,ko04140
Montipora_capitata_HIv3___RNAseq.g44187.t1,ko04150
Montipora_capitata_HIv3___RNAseq.g44187.t1,ko04151
Montipora_capitata_HIv3___RNAseq.g44187.t1,ko04210
Montipora_capitata_HIv3___RNAseq.g44187.t1,ko04218
Montipora_capitata_HIv3___RNAseq.g44187.t1,ko04270
Montipora_capitata_HIv3___RNAseq.g44187.t1,ko04320
Montipora_capitata_HIv3___RNAseq.g44187.t1,ko04370
Montipora_capitata_HIv3___RNAseq.g44187.t1,ko04371
Montipora_capitata_HIv3___RNAseq.g44187.t1,ko04380
Montipora_capitata_HIv3___RNAseq.g44187.t1,ko04510
Montipora_capitata_HIv3___RNAseq.g44187.t1,ko04540
Montipora_capitata_HIv3___RNAseq.g44187.t1,ko04550
Montipora_capitata_HIv3___RNAseq.g44187.t1,ko04620
Montipora_capitata_HIv3___RNAseq.g44187.t1,ko04626
Montipora_capitata_HIv3___RNAseq.g44187.t1,ko04650
Montipora_capitata_HIv3___RNAseq.g44187.t1,ko04660
Montipora_capitata_HIv3___RNAseq.g44187.t1,ko04662
Montipora_capitata_HIv3___RNAseq.g44187.t1,ko04664
Montipora_capitata_HIv3___RNAseq.g44187.t1,ko04666
Montipora_capitata_HIv3___RNAseq.g44187.t1,ko04668
Montipora_capitata_HIv3___RNAseq.g44187.t1,ko04720
Montipora_capitata_HIv3___RNAseq.g44187.t1,ko04722
Montipora_capitata_HIv3___RNAseq.g44187.t1,ko04725
Montipora_capitata_HIv3___RNAseq.g44187.t1,ko04726
Montipora_capitata_HIv3___RNAseq.g44187.t1,ko04730
Montipora_capitata_HIv3___RNAseq.g44187.t1,ko04810
Montipora_capitata_HIv3___RNAseq.g44187.t1,ko04910
Montipora_capitata_HIv3___RNAseq.g44187.t1,ko04912
Montipora_capitata_HIv3___RNAseq.g44187.t1,ko04914
Montipora_capitata_HIv3___RNAseq.g44187.t1,ko04915
Montipora_capitata_HIv3___RNAseq.g44187.t1,ko04916
Montipora_capitata_HIv3___RNAseq.g44187.t1,ko04917
Montipora_capitata_HIv3___RNAseq.g44187.t1,ko04919
Montipora_capitata_HIv3___RNAseq.g44187.t1,ko04921
Montipora_capitata_HIv3___RNAseq.g44187.t1,ko04926
Montipora_capitata_HIv3___RNAseq.g44187.t1,ko04934
Montipora_capitata_HIv3___RNAseq.g44187.t1,ko05020
Montipora_capitata_HIv3___RNAseq.g44187.t1,ko05034
Montipora_capitata_HIv3___RNAseq.g44187.t1,ko05161
Montipora_capitata_HIv3___RNAseq.g44187.t1,ko05164
Montipora_capitata_HIv3___RNAseq.g44187.t1,ko05165
Montipora_capitata_HIv3___RNAseq.g44187.t1,ko05167
Montipora_capitata_HIv3___RNAseq.g44187.t1,ko05200
Montipora_capitata_HIv3___RNAseq.g44187.t1,ko05205
Montipora_capitata_HIv3___RNAseq.g44187.t1,ko05206
Montipora_capitata_HIv3___RNAseq.g44187.t1,ko05210
Montipora_capitata_HIv3___RNAseq.g44187.t1,ko05211
Montipora_capitata_HIv3___RNAseq.g44187.t1,ko05212
Montipora_capitata_HIv3___RNAseq.g44187.t1,ko05213
Montipora_capitata_HIv3___RNAseq.g44187.t1,ko05214
Montipora_capitata_HIv3___RNAseq.g44187.t1,ko05215
Montipora_capitata_HIv3___RNAseq.g44187.t1,ko05216
Montipora_capitata_HIv3___RNAseq.g44187.t1,ko05218
Montipora_capitata_HIv3___RNAseq.g44187.t1,ko05219
Montipora_capitata_HIv3___RNAseq.g44187.t1,ko05220
Montipora_capitata_HIv3___RNAseq.g44187.t1,ko05221
Montipora_capitata_HIv3___RNAseq.g44187.t1,ko05223
Montipora_capitata_HIv3___RNAseq.g44187.t1,ko05224
Montipora_capitata_HIv3___RNAseq.g44187.t1,ko05225
Montipora_capitata_HIv3___RNAseq.g44187.t1,ko05226
Montipora_capitata_HIv3___RNAseq.g44187.t1,ko05230
Montipora_capitata_HIv3___RNAseq.g44187.t1,ko05231
Montipora_capitata_HIv3___RNAseq.g44209.t1,ko03008
Montipora_capitata_HIv3___RNAseq.g44212.t1,ko00190
Montipora_capitata_HIv3___RNAseq.g44212.t1,ko01100
Montipora_capitata_HIv3___RNAseq.g44212.t1,ko04714
Montipora_capitata_HIv3___RNAseq.g44212.t1,ko04723
Montipora_capitata_HIv3___RNAseq.g44212.t1,ko04932
Montipora_capitata_HIv3___RNAseq.g44212.t1,ko05010
Montipora_capitata_HIv3___RNAseq.g44212.t1,ko05012
Montipora_capitata_HIv3___RNAseq.g44212.t1,ko05016
Montipora_capitata_HIv3___RNAseq.g44229.t1,ko03022
Montipora_capitata_HIv3___RNAseq.g44229.t1,ko05203
Montipora_capitata_HIv3___RNAseq.g44236.t1,ko00230
Montipora_capitata_HIv3___RNAseq.g44236.t1,ko00240
Montipora_capitata_HIv3___RNAseq.g44236.t1,ko01100
Montipora_capitata_HIv3___RNAseq.g44236.t1,ko03020
Montipora_capitata_HIv3___RNAseq.g44236.t1,ko04623
Montipora_capitata_HIv3___RNAseq.g44236.t1,ko05169
Montipora_capitata_HIv3___RNAseq.g44243.t1,ko00510
Montipora_capitata_HIv3___RNAseq.g44243.t1,ko01100
Montipora_capitata_HIv3___RNAseq.g44248.t1,ko00260
Montipora_capitata_HIv3___RNAseq.g44248.t1,ko01100
Montipora_capitata_HIv3___RNAseq.g44250.t1,ko03460
Montipora_capitata_HIv3___RNAseq.g44264.t1,ko05134
Montipora_capitata_HIv3___RNAseq.g44265.t1,ko00010
Montipora_capitata_HIv3___RNAseq.g44265.t1,ko01100
Montipora_capitata_HIv3___RNAseq.g44265.t1,ko01110
Montipora_capitata_HIv3___RNAseq.g44265.t1,ko01120
Montipora_capitata_HIv3___RNAseq.g44265.t1,ko01130
Montipora_capitata_HIv3___RNAseq.g44270.t1,ko03013
Montipora_capitata_HIv3___RNAseq.g44272.t1,ko00230
Montipora_capitata_HIv3___RNAseq.g44272.t1,ko00240
Montipora_capitata_HIv3___RNAseq.g44272.t1,ko01100
Montipora_capitata_HIv3___RNAseq.g44272.t1,ko03020
Montipora_capitata_HIv3___RNAseq.g44272.t1,ko04623
Montipora_capitata_HIv3___RNAseq.g44272.t1,ko05169
Montipora_capitata_HIv3___RNAseq.g44292.t1,ko04010
Montipora_capitata_HIv3___RNAseq.g44292.t1,ko04013
Montipora_capitata_HIv3___RNAseq.g44292.t1,ko04022
Montipora_capitata_HIv3___RNAseq.g44292.t1,ko04371
Montipora_capitata_HIv3___RNAseq.g44292.t1,ko04921
Montipora_capitata_HIv3___RNAseq.g44292.t1,ko05202
Montipora_capitata_HIv3___RNAseq.g44292.t1,ko05418
Montipora_capitata_HIv3___RNAseq.g44282.t1,ko03013
Montipora_capitata_HIv3___RNAseq.g44282.t1,ko03015
Montipora_capitata_HIv3___RNAseq.g44282.t1,ko03040
Montipora_capitata_HIv3___RNAseq.g44284.t1,ko04146
Montipora_capitata_HIv3___RNAseq.g44309.t1,ko00770
Montipora_capitata_HIv3___RNAseq.g44309.t1,ko01100
Montipora_capitata_HIv3___TS.g50840.t2,ko01524
Montipora_capitata_HIv3___TS.g50840.t2,ko03420
Montipora_capitata_HIv3___RNAseq.g44308.t1,ko04144
Montipora_capitata_HIv3___RNAseq.g44308.t1,ko04152
Montipora_capitata_HIv3___TS.g50848.t1,ko04013
Montipora_capitata_HIv3___TS.g50848.t1,ko04310
Montipora_capitata_HIv3___TS.g50848.t1,ko04330
Montipora_capitata_HIv3___TS.g50849.t1,ko03015
Montipora_capitata_HIv3___TS.g50850.t1,ko03040
Montipora_capitata_HIv3___TS.g50869.t3,ko04721
Montipora_capitata_HIv3___TS.g50876.t1,ko00230
Montipora_capitata_HIv3___TS.g50876.t1,ko00240
Montipora_capitata_HIv3___TS.g50876.t1,ko01100
Montipora_capitata_HIv3___TS.g50876.t1,ko03020
Montipora_capitata_HIv3___TS.g50876.t1,ko05016
Montipora_capitata_HIv3___TS.g50876.t1,ko05169
Montipora_capitata_HIv3___RNAseq.g44354.t2,ko00790
Montipora_capitata_HIv3___RNAseq.g44354.t2,ko01100
Montipora_capitata_HIv3___RNAseq.g44354.t2,ko04122
Montipora_capitata_HIv3___RNAseq.g44355.t1,ko00230
Montipora_capitata_HIv3___RNAseq.g44355.t1,ko00240
Montipora_capitata_HIv3___RNAseq.g44355.t1,ko01100
Montipora_capitata_HIv3___RNAseq.g44355.t1,ko03020
Montipora_capitata_HIv3___RNAseq.g44355.t1,ko04623
Montipora_capitata_HIv3___RNAseq.g44355.t1,ko05169
Montipora_capitata_HIv3___RNAseq.g44361.t1,ko00280
Montipora_capitata_HIv3___RNAseq.g44361.t1,ko00630
Montipora_capitata_HIv3___RNAseq.g44361.t1,ko00640
Montipora_capitata_HIv3___RNAseq.g44361.t1,ko00720
Montipora_capitata_HIv3___RNAseq.g44361.t1,ko01100
Montipora_capitata_HIv3___RNAseq.g44361.t1,ko01120
Montipora_capitata_HIv3___RNAseq.g44361.t1,ko01200
Montipora_capitata_HIv3___TS.g50896.t1,ko04120
Montipora_capitata_HIv3___RNAseq.g44376.t1,ko03022
Montipora_capitata_HIv3___RNAseq.g44376.t1,ko03420
Montipora_capitata_HIv3___RNAseq.g44376.t1,ko04110
Montipora_capitata_HIv3___RNAseq.g44368.t1,ko01521
Montipora_capitata_HIv3___RNAseq.g44368.t1,ko03010
Montipora_capitata_HIv3___RNAseq.g44368.t1,ko04066
Montipora_capitata_HIv3___RNAseq.g44368.t1,ko04150
Montipora_capitata_HIv3___RNAseq.g44368.t1,ko04151
Montipora_capitata_HIv3___RNAseq.g44368.t1,ko04371
Montipora_capitata_HIv3___RNAseq.g44368.t1,ko04714
Montipora_capitata_HIv3___RNAseq.g44368.t1,ko04910
Montipora_capitata_HIv3___RNAseq.g44368.t1,ko05205
Montipora_capitata_HIv3___RNAseq.g44370.t1,ko00900
Montipora_capitata_HIv3___RNAseq.g44370.t1,ko01100
Montipora_capitata_HIv3___RNAseq.g44370.t1,ko01110
Montipora_capitata_HIv3___RNAseq.g44370.t1,ko01130
Montipora_capitata_HIv3___RNAseq.g44370.t1,ko04152
Montipora_capitata_HIv3___RNAseq.g44370.t1,ko04976
Montipora_capitata_HIv3___RNAseq.g44371.t1,ko00532
Montipora_capitata_HIv3___RNAseq.g44371.t1,ko00534
Montipora_capitata_HIv3___RNAseq.g44371.t1,ko01100
Montipora_capitata_HIv3___RNAseq.g44371.t1,ko03040
Montipora_capitata_HIv3___RNAseq.g44371.t1,ko05168
Montipora_capitata_HIv3___RNAseq.g44371.t1,ko05203
Montipora_capitata_HIv3___RNAseq.g44371.t1,ko05206
Montipora_capitata_HIv3___RNAseq.g44373.t1,ko00860
Montipora_capitata_HIv3___RNAseq.g44383.t1,ko03013
Montipora_capitata_HIv3___TS.g50908.t1,ko04210
Montipora_capitata_HIv3___TS.g50908.t1,ko04214
Montipora_capitata_HIv3___TS.g50908.t1,ko05410
Montipora_capitata_HIv3___TS.g50908.t1,ko05412
Montipora_capitata_HIv3___TS.g50908.t1,ko05414
Montipora_capitata_HIv3___RNAseq.g12612.t1,ko03022
Montipora_capitata_HIv3___RNAseq.g12612.t1,ko03420
Montipora_capitata_HIv3___RNAseq.g12615.t1,ko00790
Montipora_capitata_HIv3___RNAseq.g12616.t1,ko03030
Montipora_capitata_HIv3___RNAseq.g12616.t1,ko04110
Montipora_capitata_HIv3___RNAseq.g12616.t1,ko04111
Montipora_capitata_HIv3___RNAseq.g12616.t1,ko04113
Montipora_capitata_HIv3___RNAseq.g12617.t1,ko03015
Montipora_capitata_HIv3___RNAseq.g12617.t1,ko04022
Montipora_capitata_HIv3___RNAseq.g12617.t1,ko04024
Montipora_capitata_HIv3___RNAseq.g12617.t1,ko04113
Montipora_capitata_HIv3___RNAseq.g12617.t1,ko04114
Montipora_capitata_HIv3___RNAseq.g12617.t1,ko04218
Montipora_capitata_HIv3___RNAseq.g12617.t1,ko04261
Montipora_capitata_HIv3___RNAseq.g12617.t1,ko04270
Montipora_capitata_HIv3___RNAseq.g12617.t1,ko04390
Montipora_capitata_HIv3___RNAseq.g12617.t1,ko04510
Montipora_capitata_HIv3___RNAseq.g12617.t1,ko04611
Montipora_capitata_HIv3___RNAseq.g12617.t1,ko04720
Montipora_capitata_HIv3___RNAseq.g12617.t1,ko04728
Montipora_capitata_HIv3___RNAseq.g12617.t1,ko04750
Montipora_capitata_HIv3___RNAseq.g12617.t1,ko04810
Montipora_capitata_HIv3___RNAseq.g12617.t1,ko04910
Montipora_capitata_HIv3___RNAseq.g12617.t1,ko04921
Montipora_capitata_HIv3___RNAseq.g12617.t1,ko04931
Montipora_capitata_HIv3___RNAseq.g12617.t1,ko05031
Montipora_capitata_HIv3___RNAseq.g12617.t1,ko05034
Montipora_capitata_HIv3___RNAseq.g12617.t1,ko05168
Montipora_capitata_HIv3___RNAseq.g12617.t1,ko05205
Montipora_capitata_HIv3___RNAseq.18123_t,ko03015
Montipora_capitata_HIv3___RNAseq.18123_t,ko04022
Montipora_capitata_HIv3___RNAseq.18123_t,ko04024
Montipora_capitata_HIv3___RNAseq.18123_t,ko04113
Montipora_capitata_HIv3___RNAseq.18123_t,ko04114
Montipora_capitata_HIv3___RNAseq.18123_t,ko04218
Montipora_capitata_HIv3___RNAseq.18123_t,ko04261
Montipora_capitata_HIv3___RNAseq.18123_t,ko04270
Montipora_capitata_HIv3___RNAseq.18123_t,ko04390
Montipora_capitata_HIv3___RNAseq.18123_t,ko04510
Montipora_capitata_HIv3___RNAseq.18123_t,ko04611
Montipora_capitata_HIv3___RNAseq.18123_t,ko04720
Montipora_capitata_HIv3___RNAseq.18123_t,ko04728
Montipora_capitata_HIv3___RNAseq.18123_t,ko04750
Montipora_capitata_HIv3___RNAseq.18123_t,ko04810
Montipora_capitata_HIv3___RNAseq.18123_t,ko04910
Montipora_capitata_HIv3___RNAseq.18123_t,ko04921
Montipora_capitata_HIv3___RNAseq.18123_t,ko04931
Montipora_capitata_HIv3___RNAseq.18123_t,ko05031
Montipora_capitata_HIv3___RNAseq.18123_t,ko05034
Montipora_capitata_HIv3___RNAseq.18123_t,ko05168
Montipora_capitata_HIv3___RNAseq.18123_t,ko05205
Montipora_capitata_HIv3___RNAseq.g12619.t1,ko03015
Montipora_capitata_HIv3___RNAseq.g12619.t1,ko04022
Montipora_capitata_HIv3___RNAseq.g12619.t1,ko04024
Montipora_capitata_HIv3___RNAseq.g12619.t1,ko04113
Montipora_capitata_HIv3___RNAseq.g12619.t1,ko04114
Montipora_capitata_HIv3___RNAseq.g12619.t1,ko04218
Montipora_capitata_HIv3___RNAseq.g12619.t1,ko04261
Montipora_capitata_HIv3___RNAseq.g12619.t1,ko04270
Montipora_capitata_HIv3___RNAseq.g12619.t1,ko04390
Montipora_capitata_HIv3___RNAseq.g12619.t1,ko04510
Montipora_capitata_HIv3___RNAseq.g12619.t1,ko04611
Montipora_capitata_HIv3___RNAseq.g12619.t1,ko04720
Montipora_capitata_HIv3___RNAseq.g12619.t1,ko04728
Montipora_capitata_HIv3___RNAseq.g12619.t1,ko04750
Montipora_capitata_HIv3___RNAseq.g12619.t1,ko04810
Montipora_capitata_HIv3___RNAseq.g12619.t1,ko04910
Montipora_capitata_HIv3___RNAseq.g12619.t1,ko04921
Montipora_capitata_HIv3___RNAseq.g12619.t1,ko04931
Montipora_capitata_HIv3___RNAseq.g12619.t1,ko05031
Montipora_capitata_HIv3___RNAseq.g12619.t1,ko05034
Montipora_capitata_HIv3___RNAseq.g12619.t1,ko05168
Montipora_capitata_HIv3___RNAseq.g12619.t1,ko05205
Montipora_capitata_HIv3___RNAseq.g12631.t1,ko04668
Montipora_capitata_HIv3___RNAseq.g12631.t1,ko04912
Montipora_capitata_HIv3___TS.g20726.t1,ko00515
Montipora_capitata_HIv3___TS.g20726.t1,ko01100
Montipora_capitata_HIv3___RNAseq.g12651.t1,ko00600
Montipora_capitata_HIv3___RNAseq.g12651.t1,ko01100
Montipora_capitata_HIv3___RNAseq.g12651.t1,ko04071
Montipora_capitata_HIv3___RNAseq.g12668.t1,ko03008
Montipora_capitata_HIv3___RNAseq.g12668.t1,ko03013
Montipora_capitata_HIv3___RNAseq.g12668.t1,ko04013
Montipora_capitata_HIv3___RNAseq.g12668.t1,ko05164
Montipora_capitata_HIv3___RNAseq.g12668.t1,ko05166
Montipora_capitata_HIv3___RNAseq.g12668.t1,ko05169
Montipora_capitata_HIv3___RNAseq.g12670.t1,ko03008
Montipora_capitata_HIv3___RNAseq.g12670.t1,ko03013
Montipora_capitata_HIv3___RNAseq.g12670.t1,ko04013
Montipora_capitata_HIv3___RNAseq.g12670.t1,ko05164
Montipora_capitata_HIv3___RNAseq.g12670.t1,ko05166
Montipora_capitata_HIv3___RNAseq.g12670.t1,ko05169
Montipora_capitata_HIv3___RNAseq.g12672.t1,ko04020
Montipora_capitata_HIv3___RNAseq.g12672.t1,ko04080
Montipora_capitata_HIv3___TS.g20760.t1b,ko04214
Montipora_capitata_HIv3___TS.g20760.t1b,ko04657
Montipora_capitata_HIv3___TS.g20760.t1b,ko05200
Montipora_capitata_HIv3___TS.g20760.t1b,ko05222
Montipora_capitata_HIv3___RNAseq.g12682.t1,ko04010
Montipora_capitata_HIv3___RNAseq.g12682.t1,ko04064
Montipora_capitata_HIv3___RNAseq.g12682.t1,ko04071
Montipora_capitata_HIv3___RNAseq.g12682.t1,ko04141
Montipora_capitata_HIv3___RNAseq.g12682.t1,ko04210
Montipora_capitata_HIv3___RNAseq.g12682.t1,ko04217
Montipora_capitata_HIv3___RNAseq.g12682.t1,ko04380
Montipora_capitata_HIv3___RNAseq.g12682.t1,ko04620
Montipora_capitata_HIv3___RNAseq.g12682.t1,ko04621
Montipora_capitata_HIv3___RNAseq.g12682.t1,ko04622
Montipora_capitata_HIv3___RNAseq.g12682.t1,ko04657
Montipora_capitata_HIv3___RNAseq.g12682.t1,ko04668
Montipora_capitata_HIv3___RNAseq.g12682.t1,ko04920
Montipora_capitata_HIv3___RNAseq.g12682.t1,ko04932
Montipora_capitata_HIv3___RNAseq.g12682.t1,ko05160
Montipora_capitata_HIv3___RNAseq.g12682.t1,ko05165
Montipora_capitata_HIv3___RNAseq.g12682.t1,ko05167
Montipora_capitata_HIv3___RNAseq.g12682.t1,ko05168
Montipora_capitata_HIv3___RNAseq.g12682.t1,ko05169
Montipora_capitata_HIv3___RNAseq.g12682.t1,ko05200
Montipora_capitata_HIv3___RNAseq.g12682.t1,ko05203
Montipora_capitata_HIv3___RNAseq.g12682.t1,ko05222
Montipora_capitata_HIv3___TS.g20757.t2,ko00130
Montipora_capitata_HIv3___TS.g20757.t2,ko01100
Montipora_capitata_HIv3___TS.g20757.t2,ko01110
Montipora_capitata_HIv3___RNAseq.g12677.t1,ko00600
Montipora_capitata_HIv3___RNAseq.g12677.t1,ko04071
Montipora_capitata_HIv3___TS.g20763.t1,ko04214
Montipora_capitata_HIv3___TS.g20763.t1,ko04657
Montipora_capitata_HIv3___TS.g20763.t1,ko05200
Montipora_capitata_HIv3___TS.g20763.t1,ko05222
Montipora_capitata_HIv3___RNAseq.g12687.t1,ko01522
Montipora_capitata_HIv3___RNAseq.g12687.t1,ko04320
Montipora_capitata_HIv3___RNAseq.g12687.t1,ko04330
Montipora_capitata_HIv3___RNAseq.g12687.t1,ko04371
Montipora_capitata_HIv3___RNAseq.g12687.t1,ko04658
Montipora_capitata_HIv3___RNAseq.g12687.t1,ko04668
Montipora_capitata_HIv3___RNAseq.g12687.t1,ko04919
Montipora_capitata_HIv3___RNAseq.g12687.t1,ko05020
Montipora_capitata_HIv3___RNAseq.g12687.t1,ko05165
Montipora_capitata_HIv3___RNAseq.g12687.t1,ko05200
Montipora_capitata_HIv3___RNAseq.g12687.t1,ko05206
Montipora_capitata_HIv3___RNAseq.g12687.t1,ko05224
Montipora_capitata_HIv3___RNAseq.g12689.t1,ko01522
Montipora_capitata_HIv3___RNAseq.g12689.t1,ko04330
Montipora_capitata_HIv3___RNAseq.g12689.t1,ko04371
Montipora_capitata_HIv3___RNAseq.g12689.t1,ko04658
Montipora_capitata_HIv3___RNAseq.g12689.t1,ko04668
Montipora_capitata_HIv3___RNAseq.g12689.t1,ko05165
Montipora_capitata_HIv3___RNAseq.g12689.t1,ko05200
Montipora_capitata_HIv3___RNAseq.g12689.t1,ko05224
Montipora_capitata_HIv3___TS.g20790.t2a,ko00564
Montipora_capitata_HIv3___TS.g20790.t2a,ko04146
Montipora_capitata_HIv3___RNAseq.g12712.t1,ko00900
Montipora_capitata_HIv3___RNAseq.g12712.t1,ko01130
Montipora_capitata_HIv3___RNAseq.g12697.t1,ko03440
Montipora_capitata_HIv3___RNAseq.g12697.t1,ko03460
Montipora_capitata_HIv3___RNAseq.g12697.t1,ko05200
Montipora_capitata_HIv3___RNAseq.g12697.t1,ko05212
Montipora_capitata_HIv3___RNAseq.g12698.t1,ko01523
Montipora_capitata_HIv3___RNAseq.g12714.t2b,ko03040
Montipora_capitata_HIv3___RNAseq.g12714.t2a,ko03040
Montipora_capitata_HIv3___RNAseq.g12728.t1,ko00260
Montipora_capitata_HIv3___RNAseq.g12728.t1,ko00330
Montipora_capitata_HIv3___RNAseq.g12728.t1,ko00340
Montipora_capitata_HIv3___RNAseq.g12728.t1,ko00350
Montipora_capitata_HIv3___RNAseq.g12728.t1,ko00360
Montipora_capitata_HIv3___RNAseq.g12728.t1,ko00380
Montipora_capitata_HIv3___RNAseq.g12728.t1,ko00950
Montipora_capitata_HIv3___RNAseq.g12728.t1,ko00982
Montipora_capitata_HIv3___RNAseq.g12728.t1,ko01100
Montipora_capitata_HIv3___RNAseq.g12728.t1,ko01110
Montipora_capitata_HIv3___RNAseq.g12728.t1,ko04726
Montipora_capitata_HIv3___RNAseq.g12728.t1,ko04728
Montipora_capitata_HIv3___RNAseq.g12728.t1,ko05030
Montipora_capitata_HIv3___RNAseq.g12728.t1,ko05031
Montipora_capitata_HIv3___RNAseq.g12728.t1,ko05034
Montipora_capitata_HIv3___RNAseq.g12736.t1,ko03015
Montipora_capitata_HIv3___RNAseq.g12752.t1,ko00230
Montipora_capitata_HIv3___RNAseq.g12752.t1,ko00240
Montipora_capitata_HIv3___RNAseq.g12752.t1,ko01100
Montipora_capitata_HIv3___RNAseq.g12752.t1,ko03020
Montipora_capitata_HIv3___RNAseq.g12752.t1,ko05016
Montipora_capitata_HIv3___RNAseq.g12752.t1,ko05169
Montipora_capitata_HIv3___RNAseq.g12754.t1,ko00230
Montipora_capitata_HIv3___RNAseq.g12754.t1,ko00240
Montipora_capitata_HIv3___RNAseq.g12754.t1,ko01100
Montipora_capitata_HIv3___RNAseq.g12754.t1,ko03020
Montipora_capitata_HIv3___RNAseq.g12754.t1,ko05016
Montipora_capitata_HIv3___RNAseq.g12754.t1,ko05169
Montipora_capitata_HIv3___RNAseq.g12760.t1,ko00562
Montipora_capitata_HIv3___RNAseq.g12760.t1,ko01100
Montipora_capitata_HIv3___RNAseq.g12760.t1,ko04020
Montipora_capitata_HIv3___RNAseq.g12760.t1,ko04070
Montipora_capitata_HIv3___RNAseq.g12770.t1,ko04141
Montipora_capitata_HIv3___TS.g20851.t1,ko04142
Montipora_capitata_HIv3___RNAseq.g12773.t1,ko04142
Montipora_capitata_HIv3___RNAseq.g12781.t1,ko00040
Montipora_capitata_HIv3___RNAseq.g12781.t1,ko00052
Montipora_capitata_HIv3___RNAseq.g12781.t1,ko00500
Montipora_capitata_HIv3___RNAseq.g12781.t1,ko00520
Montipora_capitata_HIv3___RNAseq.g12781.t1,ko01100
Montipora_capitata_HIv3___RNAseq.g12781.t1,ko01130
Montipora_capitata_HIv3___RNAseq.g12782.t1,ko00040
Montipora_capitata_HIv3___RNAseq.g12782.t1,ko00052
Montipora_capitata_HIv3___RNAseq.g12782.t1,ko00500
Montipora_capitata_HIv3___RNAseq.g12782.t1,ko00520
Montipora_capitata_HIv3___RNAseq.g12782.t1,ko01100
Montipora_capitata_HIv3___RNAseq.g12782.t1,ko01130
Montipora_capitata_HIv3___RNAseq.g12789.t1,ko03460
Montipora_capitata_HIv3___RNAseq.g12780.t1,ko00770
Montipora_capitata_HIv3___RNAseq.g12780.t1,ko01100
Montipora_capitata_HIv3___RNAseq.g12804.t1,ko00100
Montipora_capitata_HIv3___RNAseq.g12804.t1,ko04142
Montipora_capitata_HIv3___RNAseq.g12804.t1,ko04714
Montipora_capitata_HIv3___RNAseq.g12804.t1,ko04979
Montipora_capitata_HIv3___RNAseq.g12805.t1,ko00510
Montipora_capitata_HIv3___RNAseq.g12805.t1,ko00513
Montipora_capitata_HIv3___RNAseq.g12805.t1,ko01100
Montipora_capitata_HIv3___RNAseq.g12793.t1,ko00830
Montipora_capitata_HIv3___RNAseq.g12793.t1,ko01100
Montipora_capitata_HIv3___RNAseq.g12795.t1,ko00830
Montipora_capitata_HIv3___RNAseq.g12795.t1,ko01100
Montipora_capitata_HIv3___RNAseq.g12795.t1,ko04013
Montipora_capitata_HIv3___RNAseq.g12795.t1,ko04115
Montipora_capitata_HIv3___RNAseq.g12795.t1,ko04120
Montipora_capitata_HIv3___RNAseq.g12795.t1,ko04310
Montipora_capitata_HIv3___TS.g20888.t2,ko04390
Montipora_capitata_HIv3___TS.g20888.t2,ko04391
Montipora_capitata_HIv3___TS.g20888.t2,ko04530
Montipora_capitata_HIv3___TS.g20888.t2,ko05165
Montipora_capitata_HIv3___RNAseq.g12819.t1,ko01523
Montipora_capitata_HIv3___RNAseq.g12821.t1,ko00140
Montipora_capitata_HIv3___RNAseq.g12821.t1,ko00600
Montipora_capitata_HIv3___RNAseq.g12825.t1,ko04014
Montipora_capitata_HIv3___RNAseq.g12825.t1,ko04015
Montipora_capitata_HIv3___RNAseq.g12825.t1,ko04016
Montipora_capitata_HIv3___RNAseq.g12825.t1,ko04020
Montipora_capitata_HIv3___RNAseq.g12825.t1,ko04022
Montipora_capitata_HIv3___RNAseq.g12825.t1,ko04024
Montipora_capitata_HIv3___RNAseq.g12825.t1,ko04070
Montipora_capitata_HIv3___RNAseq.g12825.t1,ko04114
Montipora_capitata_HIv3___RNAseq.g12825.t1,ko04218
Montipora_capitata_HIv3___RNAseq.g12825.t1,ko04261
Montipora_capitata_HIv3___RNAseq.g12825.t1,ko04270
Montipora_capitata_HIv3___RNAseq.g12825.t1,ko04371
Montipora_capitata_HIv3___RNAseq.g12825.t1,ko04626
Montipora_capitata_HIv3___RNAseq.g12825.t1,ko04713
Montipora_capitata_HIv3___RNAseq.g12825.t1,ko04720
Montipora_capitata_HIv3___RNAseq.g12825.t1,ko04722
Montipora_capitata_HIv3___RNAseq.g12825.t1,ko04728
Montipora_capitata_HIv3___RNAseq.g12825.t1,ko04740
Montipora_capitata_HIv3___RNAseq.g12825.t1,ko04744
Montipora_capitata_HIv3___RNAseq.g12825.t1,ko04745
Montipora_capitata_HIv3___RNAseq.g12825.t1,ko04750
Montipora_capitata_HIv3___RNAseq.g12825.t1,ko04910
Montipora_capitata_HIv3___RNAseq.g12825.t1,ko04912
Montipora_capitata_HIv3___RNAseq.g12825.t1,ko04915
Montipora_capitata_HIv3___RNAseq.g12825.t1,ko04916
Montipora_capitata_HIv3___RNAseq.g12825.t1,ko04921
Montipora_capitata_HIv3___RNAseq.g12825.t1,ko04922
Montipora_capitata_HIv3___RNAseq.g12825.t1,ko04924
Montipora_capitata_HIv3___RNAseq.g12825.t1,ko04925
Montipora_capitata_HIv3___RNAseq.g12825.t1,ko04970
Montipora_capitata_HIv3___RNAseq.g12825.t1,ko04971
Montipora_capitata_HIv3___RNAseq.g12825.t1,ko05010
Montipora_capitata_HIv3___RNAseq.g12825.t1,ko05031
Montipora_capitata_HIv3___RNAseq.g12825.t1,ko05034
Montipora_capitata_HIv3___RNAseq.g12825.t1,ko05133
Montipora_capitata_HIv3___RNAseq.g12825.t1,ko05152
Montipora_capitata_HIv3___RNAseq.g12825.t1,ko05167
Montipora_capitata_HIv3___RNAseq.g12825.t1,ko05200
Montipora_capitata_HIv3___RNAseq.g12825.t1,ko05214
Montipora_capitata_HIv3___RNAseq.g12825.t1,ko05418
Montipora_capitata_HIv3___RNAseq.18326_t,ko04919
Montipora_capitata_HIv3___RNAseq.g12847.t1,ko04212
Montipora_capitata_HIv3___TS.g20938.t1,ko04151
Montipora_capitata_HIv3___TS.g20938.t1,ko04510
Montipora_capitata_HIv3___TS.g20938.t1,ko04512
Montipora_capitata_HIv3___TS.g20938.t1,ko05020
Montipora_capitata_HIv3___TS.g20938.t1,ko05145
Montipora_capitata_HIv3___TS.g20938.t1,ko05146
Montipora_capitata_HIv3___TS.g20938.t1,ko05165
Montipora_capitata_HIv3___TS.g20938.t1,ko05200
Montipora_capitata_HIv3___TS.g20938.t1,ko05222
Montipora_capitata_HIv3___RNAseq.g12881.t1,ko04214
Montipora_capitata_HIv3___RNAseq.g12881.t1,ko04657
Montipora_capitata_HIv3___RNAseq.g12881.t1,ko05200
Montipora_capitata_HIv3___RNAseq.g12881.t1,ko05222
Montipora_capitata_HIv3___RNAseq.g12889.t1,ko00513
Montipora_capitata_HIv3___RNAseq.g12889.t1,ko00515
Montipora_capitata_HIv3___RNAseq.g12889.t1,ko00601
Montipora_capitata_HIv3___RNAseq.g12889.t1,ko01100
Montipora_capitata_HIv3___TS.g20959.t1,ko00562
Montipora_capitata_HIv3___TS.g20959.t1,ko01100
Montipora_capitata_HIv3___TS.g20959.t1,ko04070
Montipora_capitata_HIv3___RNAseq.g12887.t1,ko03010
Montipora_capitata_HIv3___TS.g20973.t1b,ko04020
Montipora_capitata_HIv3___TS.g20973.t1b,ko04022
Montipora_capitata_HIv3___TS.g20973.t1b,ko04371
Montipora_capitata_HIv3___TS.g20973.t1b,ko04740
Montipora_capitata_HIv3___TS.g20973.t1b,ko04974
Montipora_capitata_HIv3___RNAseq.g12902.t1,ko04138
Montipora_capitata_HIv3___RNAseq.g12902.t1,ko04721
Montipora_capitata_HIv3___TS.g21022.t1,ko00230
Montipora_capitata_HIv3___TS.g21022.t1,ko00250
Montipora_capitata_HIv3___TS.g21022.t1,ko01100
Montipora_capitata_HIv3___RNAseq.g12950.t1,ko00230
Montipora_capitata_HIv3___RNAseq.g12950.t1,ko00250
Montipora_capitata_HIv3___RNAseq.g12950.t1,ko01100
Montipora_capitata_HIv3___RNAseq.g12957.t1,ko05134
Montipora_capitata_HIv3___RNAseq.g12963.t1,ko00512
Montipora_capitata_HIv3___RNAseq.g12963.t1,ko01100
Montipora_capitata_HIv3___RNAseq.g12964.t1,ko04140
Montipora_capitata_HIv3___TS.g21065.t1a,ko03008
Montipora_capitata_HIv3___TS.g21065.t1b,ko04714
Montipora_capitata_HIv3___RNAseq.g12997.t1,ko04022
Montipora_capitata_HIv3___RNAseq.g12997.t1,ko04071
Montipora_capitata_HIv3___RNAseq.g12997.t1,ko04270
Montipora_capitata_HIv3___RNAseq.g12997.t1,ko04371
Montipora_capitata_HIv3___RNAseq.g12997.t1,ko04530
Montipora_capitata_HIv3___RNAseq.g12997.t1,ko04666
Montipora_capitata_HIv3___RNAseq.g12997.t1,ko04750
Montipora_capitata_HIv3___RNAseq.g12997.t1,ko04925
Montipora_capitata_HIv3___RNAseq.g12997.t1,ko04930
Montipora_capitata_HIv3___RNAseq.g12997.t1,ko04931
Montipora_capitata_HIv3___RNAseq.g12997.t1,ko04933
Montipora_capitata_HIv3___RNAseq.g12997.t1,ko05206
Montipora_capitata_HIv3___RNAseq.g12998.t1,ko03015
Montipora_capitata_HIv3___RNAseq.g12998.t1,ko04071
Montipora_capitata_HIv3___RNAseq.g12998.t1,ko04113
Montipora_capitata_HIv3___RNAseq.g12998.t1,ko04114
Montipora_capitata_HIv3___RNAseq.g12998.t1,ko04151
Montipora_capitata_HIv3___RNAseq.g12998.t1,ko04152
Montipora_capitata_HIv3___RNAseq.g12998.t1,ko04261
Montipora_capitata_HIv3___RNAseq.g12998.t1,ko04728
Montipora_capitata_HIv3___RNAseq.g12998.t1,ko05165
Montipora_capitata_HIv3___RNAseq.g13004.t1,ko03015
Montipora_capitata_HIv3___RNAseq.g13004.t1,ko04071
Montipora_capitata_HIv3___RNAseq.g13004.t1,ko04113
Montipora_capitata_HIv3___RNAseq.g13004.t1,ko04114
Montipora_capitata_HIv3___RNAseq.g13004.t1,ko04151
Montipora_capitata_HIv3___RNAseq.g13004.t1,ko04152
Montipora_capitata_HIv3___RNAseq.g13004.t1,ko04261
Montipora_capitata_HIv3___RNAseq.g13004.t1,ko04728
Montipora_capitata_HIv3___RNAseq.g13004.t1,ko05165
Montipora_capitata_HIv3___RNAseq.g13007.t1,ko00310
Montipora_capitata_HIv3___RNAseq.g13009.t1,ko00790
Montipora_capitata_HIv3___RNAseq.g13009.t1,ko01100
Montipora_capitata_HIv3___RNAseq.g13009.t1,ko04727
Montipora_capitata_HIv3___RNAseq.g13012.t1,ko00380
Montipora_capitata_HIv3___RNAseq.g13012.t1,ko01100
Montipora_capitata_HIv3___RNAseq.g13014.t1,ko00380
Montipora_capitata_HIv3___RNAseq.g13014.t1,ko01100
Montipora_capitata_HIv3___RNAseq.g13026.t1,ko04014
Montipora_capitata_HIv3___RNAseq.g13026.t1,ko04015
Montipora_capitata_HIv3___RNAseq.g13026.t1,ko04016
Montipora_capitata_HIv3___RNAseq.g13026.t1,ko04020
Montipora_capitata_HIv3___RNAseq.g13026.t1,ko04022
Montipora_capitata_HIv3___RNAseq.g13026.t1,ko04024
Montipora_capitata_HIv3___RNAseq.g13026.t1,ko04070
Montipora_capitata_HIv3___RNAseq.g13026.t1,ko04114
Montipora_capitata_HIv3___RNAseq.g13026.t1,ko04218
Montipora_capitata_HIv3___RNAseq.g13026.t1,ko04261
Montipora_capitata_HIv3___RNAseq.g13026.t1,ko04270
Montipora_capitata_HIv3___RNAseq.g13026.t1,ko04371
Montipora_capitata_HIv3___RNAseq.g13026.t1,ko04626
Montipora_capitata_HIv3___RNAseq.g13026.t1,ko04713
Montipora_capitata_HIv3___RNAseq.g13026.t1,ko04720
Montipora_capitata_HIv3___RNAseq.g13026.t1,ko04722
Montipora_capitata_HIv3___RNAseq.g13026.t1,ko04728
Montipora_capitata_HIv3___RNAseq.g13026.t1,ko04740
Montipora_capitata_HIv3___RNAseq.g13026.t1,ko04744
Montipora_capitata_HIv3___RNAseq.g13026.t1,ko04745
Montipora_capitata_HIv3___RNAseq.g13026.t1,ko04750
Montipora_capitata_HIv3___RNAseq.g13026.t1,ko04910
Montipora_capitata_HIv3___RNAseq.g13026.t1,ko04912
Montipora_capitata_HIv3___RNAseq.g13026.t1,ko04915
Montipora_capitata_HIv3___RNAseq.g13026.t1,ko04916
Montipora_capitata_HIv3___RNAseq.g13026.t1,ko04921
Montipora_capitata_HIv3___RNAseq.g13026.t1,ko04922
Montipora_capitata_HIv3___RNAseq.g13026.t1,ko04924
Montipora_capitata_HIv3___RNAseq.g13026.t1,ko04925
Montipora_capitata_HIv3___RNAseq.g13026.t1,ko04970
Montipora_capitata_HIv3___RNAseq.g13026.t1,ko04971
Montipora_capitata_HIv3___RNAseq.g13026.t1,ko05010
Montipora_capitata_HIv3___RNAseq.g13026.t1,ko05031
Montipora_capitata_HIv3___RNAseq.g13026.t1,ko05034
Montipora_capitata_HIv3___RNAseq.g13026.t1,ko05133
Montipora_capitata_HIv3___RNAseq.g13026.t1,ko05152
Montipora_capitata_HIv3___RNAseq.g13026.t1,ko05167
Montipora_capitata_HIv3___RNAseq.g13026.t1,ko05200
Montipora_capitata_HIv3___RNAseq.g13026.t1,ko05214
Montipora_capitata_HIv3___RNAseq.g13026.t1,ko05418
Montipora_capitata_HIv3___RNAseq.g13060.t1,ko04919
Montipora_capitata_HIv3___RNAseq.g13060.t1,ko04974
Montipora_capitata_HIv3___RNAseq.g13071.t2,ko00020
Montipora_capitata_HIv3___RNAseq.g13071.t2,ko00310
Montipora_capitata_HIv3___RNAseq.g13071.t2,ko01100
Montipora_capitata_HIv3___RNAseq.g13071.t2,ko01110
Montipora_capitata_HIv3___RNAseq.g13071.t2,ko01120
Montipora_capitata_HIv3___RNAseq.g13071.t2,ko01130
Montipora_capitata_HIv3___RNAseq.g13071.t2,ko01200
Montipora_capitata_HIv3___TS.g21159.t1,ko00230
Montipora_capitata_HIv3___TS.g21159.t1,ko00240
Montipora_capitata_HIv3___TS.g21159.t1,ko01100
Montipora_capitata_HIv3___TS.g21159.t1,ko03030
Montipora_capitata_HIv3___TS.g21159.t1,ko03410
Montipora_capitata_HIv3___TS.g21159.t1,ko03420
Montipora_capitata_HIv3___TS.g21159.t1,ko05166
Montipora_capitata_HIv3___RNAseq.g13087.t2,ko04110
Montipora_capitata_HIv3___RNAseq.g13087.t2,ko04111
Montipora_capitata_HIv3___RNAseq.g13087.t2,ko04113
Montipora_capitata_HIv3___RNAseq.g13087.t2,ko04114
Montipora_capitata_HIv3___RNAseq.g13087.t2,ko04120
Montipora_capitata_HIv3___RNAseq.g13087.t2,ko04914
Montipora_capitata_HIv3___RNAseq.g13087.t2,ko05166
Montipora_capitata_HIv3___RNAseq.g13103.t1,ko05134
Montipora_capitata_HIv3___RNAseq.g13118.t1b,ko00350
Montipora_capitata_HIv3___RNAseq.g13118.t1b,ko00983
Montipora_capitata_HIv3___RNAseq.g13118.t1b,ko01100
Montipora_capitata_HIv3___RNAseq.g13118.t1b,ko04145
Montipora_capitata_HIv3___RNAseq.g13118.t1b,ko04918
Montipora_capitata_HIv3___RNAseq.g13118.t1b,ko05202
Montipora_capitata_HIv3___RNAseq.g13118.t1b,ko05221
Montipora_capitata_HIv3___RNAseq.g13118.t1b,ko05310
Montipora_capitata_HIv3___RNAseq.g13118.t1b,ko05320
Montipora_capitata_HIv3___RNAseq.g13120.t1,ko04212
Montipora_capitata_HIv3___RNAseq.g13120.t1,ko04922
Montipora_capitata_HIv3___RNAseq.g13137.t1,ko04144
Montipora_capitata_HIv3___RNAseq.g13139.t1,ko03015
Montipora_capitata_HIv3___RNAseq.g13139.t1,ko04530
Montipora_capitata_HIv3___RNAseq.g13168.t1,ko03008
Montipora_capitata_HIv3___RNAseq.g13183.t1,ko04014
Montipora_capitata_HIv3___RNAseq.g13183.t1,ko04020
Montipora_capitata_HIv3___RNAseq.g13183.t1,ko04024
Montipora_capitata_HIv3___RNAseq.g13183.t1,ko04080
Montipora_capitata_HIv3___RNAseq.g13183.t1,ko04713
Montipora_capitata_HIv3___RNAseq.g13183.t1,ko04726
Montipora_capitata_HIv3___TS.g21280.t1,ko04013
Montipora_capitata_HIv3___TS.g21280.t1,ko04214
Montipora_capitata_HIv3___TS.g21280.t1,ko04310
Montipora_capitata_HIv3___TS.g21280.t1,ko04380
Montipora_capitata_HIv3___TS.g21280.t1,ko04624
Montipora_capitata_HIv3___TS.g21280.t1,ko04657
Montipora_capitata_HIv3___TS.g21280.t1,ko05166
Montipora_capitata_HIv3___RNAseq.g13231.t1,ko03013
Montipora_capitata_HIv3___RNAseq.g13232.t1,ko03040
Montipora_capitata_HIv3___RNAseq.g13232.t1,ko04120
Montipora_capitata_HIv3___RNAseq.g13232.t1,ko04215
Montipora_capitata_HIv3___RNAseq.g13232.t1,ko05145
Montipora_capitata_HIv3___RNAseq.g13232.t1,ko05200
Montipora_capitata_HIv3___RNAseq.g13232.t1,ko05222
Montipora_capitata_HIv3___RNAseq.g13250.t1,ko03010
Montipora_capitata_HIv3___RNAseq.g13255.t1,ko03010
Montipora_capitata_HIv3___RNAseq.g13283.t1,ko00260
Montipora_capitata_HIv3___RNAseq.18871_t,ko00140
Montipora_capitata_HIv3___RNAseq.18871_t,ko00590
Montipora_capitata_HIv3___RNAseq.18871_t,ko00591
Montipora_capitata_HIv3___RNAseq.18871_t,ko00830
Montipora_capitata_HIv3___RNAseq.18871_t,ko01100
Montipora_capitata_HIv3___RNAseq.18871_t,ko04611
Montipora_capitata_HIv3___RNAseq.18871_t,ko05204
Montipora_capitata_HIv3___RNAseq.g13363.t1,ko00100
Montipora_capitata_HIv3___RNAseq.g13363.t1,ko01100
Montipora_capitata_HIv3___RNAseq.g13363.t1,ko01110
Montipora_capitata_HIv3___RNAseq.g13363.t1,ko01130
Montipora_capitata_HIv3___RNAseq.g13327.t1,ko00510
Montipora_capitata_HIv3___RNAseq.g13327.t1,ko01100
Montipora_capitata_HIv3___RNAseq.g13327.t1,ko04141
Montipora_capitata_HIv3___RNAseq.g13335.t2,ko00510
Montipora_capitata_HIv3___RNAseq.g13335.t2,ko01100
Montipora_capitata_HIv3___RNAseq.g13335.t2,ko04141
Montipora_capitata_HIv3___RNAseq.g13336.t1,ko04010
Montipora_capitata_HIv3___RNAseq.g13336.t1,ko04020
Montipora_capitata_HIv3___RNAseq.g13336.t1,ko04022
Montipora_capitata_HIv3___RNAseq.g13336.t1,ko04114
Montipora_capitata_HIv3___RNAseq.g13336.t1,ko04218
Montipora_capitata_HIv3___RNAseq.g13336.t1,ko04310
Montipora_capitata_HIv3___RNAseq.g13336.t1,ko04360
Montipora_capitata_HIv3___RNAseq.g13336.t1,ko04370
Montipora_capitata_HIv3___RNAseq.g13336.t1,ko04380
Montipora_capitata_HIv3___RNAseq.g13336.t1,ko04650
Montipora_capitata_HIv3___RNAseq.g13336.t1,ko04658
Montipora_capitata_HIv3___RNAseq.g13336.t1,ko04659
Montipora_capitata_HIv3___RNAseq.g13336.t1,ko04660
Montipora_capitata_HIv3___RNAseq.g13336.t1,ko04662
Montipora_capitata_HIv3___RNAseq.g13336.t1,ko04720
Montipora_capitata_HIv3___RNAseq.g13336.t1,ko04724
Montipora_capitata_HIv3___RNAseq.g13336.t1,ko04921
Montipora_capitata_HIv3___RNAseq.g13336.t1,ko04922
Montipora_capitata_HIv3___RNAseq.g13336.t1,ko04924
Montipora_capitata_HIv3___RNAseq.g13336.t1,ko05010
Montipora_capitata_HIv3___RNAseq.g13336.t1,ko05014
Montipora_capitata_HIv3___RNAseq.g13336.t1,ko05031
Montipora_capitata_HIv3___RNAseq.g13336.t1,ko05152
Montipora_capitata_HIv3___RNAseq.g13336.t1,ko05166
Montipora_capitata_HIv3___RNAseq.g13336.t1,ko05167
Montipora_capitata_HIv3___RNAseq.g13370.t1,ko00100
Montipora_capitata_HIv3___RNAseq.g13370.t1,ko01100
Montipora_capitata_HIv3___RNAseq.g13370.t1,ko01110
Montipora_capitata_HIv3___RNAseq.g13370.t1,ko01130
Montipora_capitata_HIv3___RNAseq.g13377.t1,ko03050
Montipora_capitata_HIv3___RNAseq.g13377.t1,ko05165
Montipora_capitata_HIv3___RNAseq.g13377.t1,ko05169
Montipora_capitata_HIv3___RNAseq.g13377.t1,ko05203
Montipora_capitata_HIv3___TS.g21453.t2,ko04360
Montipora_capitata_HIv3___TS.g21453.t2,ko04810
Montipora_capitata_HIv3___RNAseq.g13396.t1,ko00514
Montipora_capitata_HIv3___RNAseq.g13396.t1,ko00515
Montipora_capitata_HIv3___RNAseq.g13396.t1,ko01100
Montipora_capitata_HIv3___RNAseq.g13419.t1,ko03010
Montipora_capitata_HIv3___RNAseq.g13419.t1,ko04146
Montipora_capitata_HIv3___RNAseq.g13444.t1,ko00563
Montipora_capitata_HIv3___RNAseq.g13444.t1,ko00600
Montipora_capitata_HIv3___RNAseq.g13444.t1,ko01100
Montipora_capitata_HIv3___RNAseq.g13444.t1,ko03040
Montipora_capitata_HIv3___RNAseq.g13444.t1,ko04011
Montipora_capitata_HIv3___RNAseq.g13444.t1,ko04150
Montipora_capitata_HIv3___RNAseq.g13445.t1,ko00830
Montipora_capitata_HIv3___RNAseq.g13456.t1,ko00510
Montipora_capitata_HIv3___RNAseq.g13456.t1,ko00513
Montipora_capitata_HIv3___RNAseq.g13456.t1,ko01100
Montipora_capitata_HIv3___TS.g21536.t2,ko00521
Montipora_capitata_HIv3___TS.g21536.t2,ko00562
Montipora_capitata_HIv3___TS.g21536.t2,ko01100
Montipora_capitata_HIv3___TS.g21536.t2,ko01130
Montipora_capitata_HIv3___RNAseq.g13469.t1,ko00350
Montipora_capitata_HIv3___RNAseq.g13469.t1,ko00643
Montipora_capitata_HIv3___RNAseq.g13469.t1,ko01100
Montipora_capitata_HIv3___RNAseq.g13469.t1,ko01120
Montipora_capitata_HIv3___RNAseq.g13532.t1,ko04120
Montipora_capitata_HIv3___RNAseq.g13542.t1,ko00230
Montipora_capitata_HIv3___RNAseq.g13542.t1,ko04024
Montipora_capitata_HIv3___RNAseq.g13542.t1,ko04371
Montipora_capitata_HIv3___RNAseq.g13542.t1,ko04713
Montipora_capitata_HIv3___RNAseq.g13542.t1,ko04714
Montipora_capitata_HIv3___TS.g21612.t2,ko00020
Montipora_capitata_HIv3___TS.g21612.t2,ko00620
Montipora_capitata_HIv3___TS.g21612.t2,ko00720
Montipora_capitata_HIv3___TS.g21612.t2,ko01100
Montipora_capitata_HIv3___TS.g21612.t2,ko01110
Montipora_capitata_HIv3___TS.g21612.t2,ko01120
Montipora_capitata_HIv3___TS.g21612.t2,ko01130
Montipora_capitata_HIv3___TS.g21612.t2,ko01200
Montipora_capitata_HIv3___TS.g21612.t2,ko04934
Montipora_capitata_HIv3___TS.g21612.t2,ko05200
Montipora_capitata_HIv3___TS.g21612.t2,ko05211
Montipora_capitata_HIv3___RNAseq.g13572.t1,ko00900
Montipora_capitata_HIv3___RNAseq.g13572.t1,ko01100
Montipora_capitata_HIv3___RNAseq.g13572.t1,ko01110
Montipora_capitata_HIv3___RNAseq.g13572.t1,ko04146
Montipora_capitata_HIv3___RNAseq.g13573.t1,ko00830
Montipora_capitata_HIv3___RNAseq.g13573.t1,ko01100
Montipora_capitata_HIv3___RNAseq.g13566.t1,ko00900
Montipora_capitata_HIv3___RNAseq.g13566.t1,ko01100
Montipora_capitata_HIv3___RNAseq.g13566.t1,ko01110
Montipora_capitata_HIv3___RNAseq.g13566.t1,ko04146
Montipora_capitata_HIv3___RNAseq.g13575.t1,ko00970
Montipora_capitata_HIv3___RNAseq.g13575.t1,ko03010
Montipora_capitata_HIv3___RNAseq.g13579.t1,ko00020
Montipora_capitata_HIv3___RNAseq.g13579.t1,ko00270
Montipora_capitata_HIv3___RNAseq.g13579.t1,ko00620
Montipora_capitata_HIv3___RNAseq.g13579.t1,ko00630
Montipora_capitata_HIv3___RNAseq.g13579.t1,ko00710
Montipora_capitata_HIv3___RNAseq.g13579.t1,ko01100
Montipora_capitata_HIv3___RNAseq.g13579.t1,ko01110
Montipora_capitata_HIv3___RNAseq.g13579.t1,ko01120
Montipora_capitata_HIv3___RNAseq.g13579.t1,ko01130
Montipora_capitata_HIv3___RNAseq.g13579.t1,ko01200
Montipora_capitata_HIv3___RNAseq.g13579.t1,ko04964
Montipora_capitata_HIv3___RNAseq.g13595.t1,ko04216
Montipora_capitata_HIv3___RNAseq.g13609.t1,ko01522
Montipora_capitata_HIv3___RNAseq.g13609.t1,ko04330
Montipora_capitata_HIv3___RNAseq.g13609.t1,ko04658
Montipora_capitata_HIv3___RNAseq.g13609.t1,ko05200
Montipora_capitata_HIv3___RNAseq.g13609.t1,ko05224
Montipora_capitata_HIv3___RNAseq.g13613.t1,ko04064
Montipora_capitata_HIv3___RNAseq.g13613.t1,ko04620
Montipora_capitata_HIv3___RNAseq.g13613.t1,ko04621
Montipora_capitata_HIv3___RNAseq.g13613.t1,ko04622
Montipora_capitata_HIv3___RNAseq.g13613.t1,ko04657
Montipora_capitata_HIv3___RNAseq.g13613.t1,ko04668
Montipora_capitata_HIv3___RNAseq.g13613.t1,ko05160
Montipora_capitata_HIv3___RNAseq.g13613.t1,ko05165
Montipora_capitata_HIv3___RNAseq.g13613.t1,ko05167
Montipora_capitata_HIv3___RNAseq.g13613.t1,ko05168
Montipora_capitata_HIv3___RNAseq.g13613.t1,ko05169
Montipora_capitata_HIv3___RNAseq.g13613.t1,ko05200
Montipora_capitata_HIv3___RNAseq.g13613.t1,ko05203
Montipora_capitata_HIv3___RNAseq.g13613.t1,ko05222
Montipora_capitata_HIv3___RNAseq.g13610.t1,ko03040
Montipora_capitata_HIv3___RNAseq.g13611.t1,ko03040
Montipora_capitata_HIv3___RNAseq.g13644.t1,ko04144
Montipora_capitata_HIv3___RNAseq.g13644.t1,ko04152
Montipora_capitata_HIv3___RNAseq.g13646.t1,ko00500
Montipora_capitata_HIv3___RNAseq.g13646.t1,ko01100
Montipora_capitata_HIv3___RNAseq.g13646.t1,ko01110
Montipora_capitata_HIv3___RNAseq.g13646.t1,ko02026
Montipora_capitata_HIv3___RNAseq.g13646.t1,ko04217
Montipora_capitata_HIv3___RNAseq.g13646.t1,ko04910
Montipora_capitata_HIv3___RNAseq.g13646.t1,ko04922
Montipora_capitata_HIv3___RNAseq.g13646.t1,ko04931
Montipora_capitata_HIv3___RNAseq.g13647.t1,ko00562
Montipora_capitata_HIv3___RNAseq.g13647.t1,ko01100
Montipora_capitata_HIv3___RNAseq.g13647.t1,ko04070
Montipora_capitata_HIv3___RNAseq.g13650.t1,ko04714
Montipora_capitata_HIv3___RNAseq.g13653.t1,ko03010
Montipora_capitata_HIv3___RNAseq.g13818.t1,ko03010
Montipora_capitata_HIv3___RNAseq.g13820.t1,ko00512
Montipora_capitata_HIv3___RNAseq.g13820.t1,ko01100
Montipora_capitata_HIv3___TS.g21895.t1,ko04145
Montipora_capitata_HIv3___TS.g21895.t1,ko04210
Montipora_capitata_HIv3___TS.g21895.t1,ko04530
Montipora_capitata_HIv3___TS.g21895.t1,ko04540
Montipora_capitata_HIv3___TS.g21895.t1,ko05130
Montipora_capitata_HIv3___RNAseq.g13826.t1,ko04145
Montipora_capitata_HIv3___RNAseq.g13826.t1,ko04210
Montipora_capitata_HIv3___RNAseq.g13826.t1,ko04530
Montipora_capitata_HIv3___RNAseq.g13826.t1,ko04540
Montipora_capitata_HIv3___RNAseq.g13826.t1,ko05130
Montipora_capitata_HIv3___TS.g21901.t2,ko04145
Montipora_capitata_HIv3___TS.g21901.t2,ko04210
Montipora_capitata_HIv3___TS.g21901.t2,ko04530
Montipora_capitata_HIv3___TS.g21901.t2,ko04540
Montipora_capitata_HIv3___TS.g21901.t2,ko05130
Montipora_capitata_HIv3___RNAseq.g13839.t1,ko00230
Montipora_capitata_HIv3___RNAseq.g13839.t1,ko00240
Montipora_capitata_HIv3___RNAseq.g13839.t1,ko01100
Montipora_capitata_HIv3___RNAseq.g13839.t1,ko03030
Montipora_capitata_HIv3___RNAseq.g13838.t1,ko04510
Montipora_capitata_HIv3___RNAseq.g13838.t1,ko04520
Montipora_capitata_HIv3___RNAseq.g13838.t1,ko04530
Montipora_capitata_HIv3___RNAseq.g13838.t1,ko04670
Montipora_capitata_HIv3___RNAseq.g13838.t1,ko04810
Montipora_capitata_HIv3___RNAseq.g13838.t1,ko05146
Montipora_capitata_HIv3___RNAseq.g13838.t1,ko05203
Montipora_capitata_HIv3___RNAseq.g13838.t1,ko05322
Montipora_capitata_HIv3___RNAseq.g13838.t1,ko05412
Montipora_capitata_HIv3___RNAseq.g13843.t1,ko03018
Montipora_capitata_HIv3___RNAseq.g13857.t1,ko03013
Montipora_capitata_HIv3___TS.g21933.t1,ko01522
Montipora_capitata_HIv3___TS.g21933.t1,ko04010
Montipora_capitata_HIv3___TS.g21933.t1,ko04024
Montipora_capitata_HIv3___TS.g21933.t1,ko04210
Montipora_capitata_HIv3___TS.g21933.t1,ko04380
Montipora_capitata_HIv3___TS.g21933.t1,ko04620
Montipora_capitata_HIv3___TS.g21933.t1,ko04657
Montipora_capitata_HIv3___TS.g21933.t1,ko04658
Montipora_capitata_HIv3___TS.g21933.t1,ko04659
Montipora_capitata_HIv3___TS.g21933.t1,ko04660
Montipora_capitata_HIv3___TS.g21933.t1,ko04662
Montipora_capitata_HIv3___TS.g21933.t1,ko04668
Montipora_capitata_HIv3___TS.g21933.t1,ko04713
Montipora_capitata_HIv3___TS.g21933.t1,ko04725
Montipora_capitata_HIv3___TS.g21933.t1,ko04728
Montipora_capitata_HIv3___TS.g21933.t1,ko04915
Montipora_capitata_HIv3___TS.g21933.t1,ko04917
Montipora_capitata_HIv3___TS.g21933.t1,ko04921
Montipora_capitata_HIv3___TS.g21933.t1,ko04926
Montipora_capitata_HIv3___TS.g21933.t1,ko05031
Montipora_capitata_HIv3___TS.g21933.t1,ko05132
Montipora_capitata_HIv3___TS.g21933.t1,ko05133
Montipora_capitata_HIv3___TS.g21933.t1,ko05140
Montipora_capitata_HIv3___TS.g21933.t1,ko05142
Montipora_capitata_HIv3___TS.g21933.t1,ko05161
Montipora_capitata_HIv3___TS.g21933.t1,ko05166
Montipora_capitata_HIv3___TS.g21933.t1,ko05167
Montipora_capitata_HIv3___TS.g21933.t1,ko05168
Montipora_capitata_HIv3___TS.g21933.t1,ko05200
Montipora_capitata_HIv3___TS.g21933.t1,ko05210
Montipora_capitata_HIv3___TS.g21933.t1,ko05224
Montipora_capitata_HIv3___TS.g21933.t1,ko05231
Montipora_capitata_HIv3___TS.g21933.t1,ko05323
Montipora_capitata_HIv3___TS.g21933.t1,ko05418
Montipora_capitata_HIv3___RNAseq.g13869.t1,ko04714
Montipora_capitata_HIv3___TS.g21949.t1b,ko04010
Montipora_capitata_HIv3___TS.g21949.t1b,ko04013
Montipora_capitata_HIv3___TS.g21949.t1b,ko04022
Montipora_capitata_HIv3___TS.g21949.t1b,ko04024
Montipora_capitata_HIv3___TS.g21949.t1b,ko04151
Montipora_capitata_HIv3___TS.g21949.t1b,ko04152
Montipora_capitata_HIv3___TS.g21949.t1b,ko04211
Montipora_capitata_HIv3___TS.g21949.t1b,ko04261
Montipora_capitata_HIv3___TS.g21949.t1b,ko04624
Montipora_capitata_HIv3___TS.g21949.t1b,ko04668
Montipora_capitata_HIv3___TS.g21949.t1b,ko04714
Montipora_capitata_HIv3___TS.g21949.t1b,ko04725
Montipora_capitata_HIv3___TS.g21949.t1b,ko04728
Montipora_capitata_HIv3___TS.g21949.t1b,ko04911
Montipora_capitata_HIv3___TS.g21949.t1b,ko04915
Montipora_capitata_HIv3___TS.g21949.t1b,ko04918
Montipora_capitata_HIv3___TS.g21949.t1b,ko04922
Montipora_capitata_HIv3___TS.g21949.t1b,ko04925
Montipora_capitata_HIv3___TS.g21949.t1b,ko04926
Montipora_capitata_HIv3___TS.g21949.t1b,ko04927
Montipora_capitata_HIv3___TS.g21949.t1b,ko04931
Montipora_capitata_HIv3___TS.g21949.t1b,ko04934
Montipora_capitata_HIv3___TS.g21949.t1b,ko04962
Montipora_capitata_HIv3___TS.g21949.t1b,ko05016
Montipora_capitata_HIv3___TS.g21949.t1b,ko05030
Montipora_capitata_HIv3___TS.g21949.t1b,ko05031
Montipora_capitata_HIv3___TS.g21949.t1b,ko05034
Montipora_capitata_HIv3___TS.g21949.t1b,ko05161
Montipora_capitata_HIv3___TS.g21949.t1b,ko05164
Montipora_capitata_HIv3___TS.g21949.t1b,ko05165
Montipora_capitata_HIv3___TS.g21949.t1b,ko05166
Montipora_capitata_HIv3___TS.g21949.t1b,ko05169
Montipora_capitata_HIv3___TS.g21949.t1b,ko05203
Montipora_capitata_HIv3___TS.g21949.t1b,ko05215
Montipora_capitata_HIv3___TS.g22153.t1,ko00983
Montipora_capitata_HIv3___TS.g22159.t2,ko00270
Montipora_capitata_HIv3___TS.g22159.t2,ko01100
Montipora_capitata_HIv3___RNAseq.g14094.t1,ko04970
Montipora_capitata_HIv3___RNAseq.g14105.t1,ko04714
Montipora_capitata_HIv3___RNAseq.g14110.t1,ko04010
Montipora_capitata_HIv3___RNAseq.g14110.t1,ko04013
Montipora_capitata_HIv3___RNAseq.g14136.t1,ko03050
Montipora_capitata_HIv3___RNAseq.g14205.t1,ko00630
Montipora_capitata_HIv3___RNAseq.g14205.t1,ko00650
Montipora_capitata_HIv3___RNAseq.g14205.t1,ko01120
Montipora_capitata_HIv3___RNAseq.g14205.t1,ko01200
Montipora_capitata_HIv3___RNAseq.g14205.t1,ko03013
Montipora_capitata_HIv3___RNAseq.g14210.t1a,ko03040
Montipora_capitata_HIv3___TS.g22436.t3,ko05168
Montipora_capitata_HIv3___RNAseq.g14345.t1,ko03013
Montipora_capitata_HIv3___RNAseq.g14424.t1,ko04610
Montipora_capitata_HIv3___RNAseq.g14424.t1,ko05020
Montipora_capitata_HIv3___RNAseq.g14424.t1,ko05146
Montipora_capitata_HIv3___RNAseq.g14424.t1,ko05322
Montipora_capitata_HIv3___TS.g22508.t1,ko04214
Montipora_capitata_HIv3___TS.g22508.t1,ko04390
Montipora_capitata_HIv3___TS.g22508.t1,ko04391
Montipora_capitata_HIv3___TS.g22508.t1,ko04392
Montipora_capitata_HIv3___RNAseq.g14439.t1,ko00520
Montipora_capitata_HIv3___RNAseq.g14434.t1,ko03013
Montipora_capitata_HIv3___RNAseq.g14434.t1,ko03015
Montipora_capitata_HIv3___RNAseq.g14434.t1,ko03040
Montipora_capitata_HIv3___RNAseq.g14477.t1,ko00650
Montipora_capitata_HIv3___RNAseq.g14478.t1,ko01521
Montipora_capitata_HIv3___RNAseq.g14478.t1,ko01522
Montipora_capitata_HIv3___RNAseq.g14478.t1,ko04010
Montipora_capitata_HIv3___RNAseq.g14478.t1,ko04012
Montipora_capitata_HIv3___RNAseq.g14478.t1,ko04013
Montipora_capitata_HIv3___RNAseq.g14478.t1,ko04014
Montipora_capitata_HIv3___RNAseq.g14478.t1,ko04062
Montipora_capitata_HIv3___RNAseq.g14478.t1,ko04068
Montipora_capitata_HIv3___RNAseq.g14478.t1,ko04072
Montipora_capitata_HIv3___RNAseq.g14478.t1,ko04150
Montipora_capitata_HIv3___RNAseq.g14478.t1,ko04151
Montipora_capitata_HIv3___RNAseq.g14478.t1,ko04320
Montipora_capitata_HIv3___RNAseq.g14478.t1,ko04510
Montipora_capitata_HIv3___RNAseq.g14478.t1,ko04540
Montipora_capitata_HIv3___RNAseq.g14478.t1,ko04630
Montipora_capitata_HIv3___RNAseq.g14478.t1,ko04650
Montipora_capitata_HIv3___RNAseq.g14478.t1,ko04660
Montipora_capitata_HIv3___RNAseq.g14478.t1,ko04662
Montipora_capitata_HIv3___RNAseq.g14478.t1,ko04664
Montipora_capitata_HIv3___RNAseq.g14478.t1,ko04714
Montipora_capitata_HIv3___RNAseq.g14478.t1,ko04722
Montipora_capitata_HIv3___RNAseq.g14478.t1,ko04810
Montipora_capitata_HIv3___RNAseq.g14478.t1,ko04910
Montipora_capitata_HIv3___RNAseq.g14478.t1,ko04912
Montipora_capitata_HIv3___RNAseq.g14478.t1,ko04915
Montipora_capitata_HIv3___RNAseq.g14478.t1,ko04917
Montipora_capitata_HIv3___RNAseq.g14478.t1,ko04926
Montipora_capitata_HIv3___RNAseq.g14478.t1,ko05034
Montipora_capitata_HIv3___RNAseq.g14478.t1,ko05160
Montipora_capitata_HIv3___RNAseq.g14478.t1,ko05165
Montipora_capitata_HIv3___RNAseq.g14478.t1,ko05200
Montipora_capitata_HIv3___RNAseq.g14478.t1,ko05205
Montipora_capitata_HIv3___RNAseq.g14478.t1,ko05206
Montipora_capitata_HIv3___RNAseq.g14478.t1,ko05210
Montipora_capitata_HIv3___RNAseq.g14478.t1,ko05211
Montipora_capitata_HIv3___RNAseq.g14478.t1,ko05213
Montipora_capitata_HIv3___RNAseq.g14478.t1,ko05214
Montipora_capitata_HIv3___RNAseq.g14478.t1,ko05215
Montipora_capitata_HIv3___RNAseq.g14478.t1,ko05220
Montipora_capitata_HIv3___RNAseq.g14478.t1,ko05221
Montipora_capitata_HIv3___RNAseq.g14478.t1,ko05223
Montipora_capitata_HIv3___RNAseq.g14478.t1,ko05224
Montipora_capitata_HIv3___RNAseq.g14478.t1,ko05225
Montipora_capitata_HIv3___RNAseq.g14478.t1,ko05226
Montipora_capitata_HIv3___RNAseq.g14478.t1,ko05231
Montipora_capitata_HIv3___RNAseq.g14480.t1,ko01521
Montipora_capitata_HIv3___RNAseq.g14480.t1,ko01522
Montipora_capitata_HIv3___RNAseq.g14480.t1,ko04010
Montipora_capitata_HIv3___RNAseq.g14480.t1,ko04012
Montipora_capitata_HIv3___RNAseq.g14480.t1,ko04013
Montipora_capitata_HIv3___RNAseq.g14480.t1,ko04014
Montipora_capitata_HIv3___RNAseq.g14480.t1,ko04062
Montipora_capitata_HIv3___RNAseq.g14480.t1,ko04068
Montipora_capitata_HIv3___RNAseq.g14480.t1,ko04072
Montipora_capitata_HIv3___RNAseq.g14480.t1,ko04150
Montipora_capitata_HIv3___RNAseq.g14480.t1,ko04151
Montipora_capitata_HIv3___RNAseq.g14480.t1,ko04320
Montipora_capitata_HIv3___RNAseq.g14480.t1,ko04510
Montipora_capitata_HIv3___RNAseq.g14480.t1,ko04540
Montipora_capitata_HIv3___RNAseq.g14480.t1,ko04630
Montipora_capitata_HIv3___RNAseq.g14480.t1,ko04650
Montipora_capitata_HIv3___RNAseq.g14480.t1,ko04660
Montipora_capitata_HIv3___RNAseq.g14480.t1,ko04662
Montipora_capitata_HIv3___RNAseq.g14480.t1,ko04664
Montipora_capitata_HIv3___RNAseq.g14480.t1,ko04714
Montipora_capitata_HIv3___RNAseq.g14480.t1,ko04722
Montipora_capitata_HIv3___RNAseq.g14480.t1,ko04810
Montipora_capitata_HIv3___RNAseq.g14480.t1,ko04910
Montipora_capitata_HIv3___RNAseq.g14480.t1,ko04912
Montipora_capitata_HIv3___RNAseq.g14480.t1,ko04915
Montipora_capitata_HIv3___RNAseq.g14480.t1,ko04917
Montipora_capitata_HIv3___RNAseq.g14480.t1,ko04926
Montipora_capitata_HIv3___RNAseq.g14480.t1,ko05034
Montipora_capitata_HIv3___RNAseq.g14480.t1,ko05160
Montipora_capitata_HIv3___RNAseq.g14480.t1,ko05165
Montipora_capitata_HIv3___RNAseq.g14480.t1,ko05200
Montipora_capitata_HIv3___RNAseq.g14480.t1,ko05205
Montipora_capitata_HIv3___RNAseq.g14480.t1,ko05206
Montipora_capitata_HIv3___RNAseq.g14480.t1,ko05210
Montipora_capitata_HIv3___RNAseq.g14480.t1,ko05211
Montipora_capitata_HIv3___RNAseq.g14480.t1,ko05213
Montipora_capitata_HIv3___RNAseq.g14480.t1,ko05214
Montipora_capitata_HIv3___RNAseq.g14480.t1,ko05215
Montipora_capitata_HIv3___RNAseq.g14480.t1,ko05220
Montipora_capitata_HIv3___RNAseq.g14480.t1,ko05221
Montipora_capitata_HIv3___RNAseq.g14480.t1,ko05223
Montipora_capitata_HIv3___RNAseq.g14480.t1,ko05224
Montipora_capitata_HIv3___RNAseq.g14480.t1,ko05225
Montipora_capitata_HIv3___RNAseq.g14480.t1,ko05226
Montipora_capitata_HIv3___RNAseq.g14480.t1,ko05231
Montipora_capitata_HIv3___RNAseq.g14481.t1,ko01521
Montipora_capitata_HIv3___RNAseq.g14481.t1,ko01522
Montipora_capitata_HIv3___RNAseq.g14481.t1,ko04010
Montipora_capitata_HIv3___RNAseq.g14481.t1,ko04012
Montipora_capitata_HIv3___RNAseq.g14481.t1,ko04013
Montipora_capitata_HIv3___RNAseq.g14481.t1,ko04014
Montipora_capitata_HIv3___RNAseq.g14481.t1,ko04062
Montipora_capitata_HIv3___RNAseq.g14481.t1,ko04068
Montipora_capitata_HIv3___RNAseq.g14481.t1,ko04072
Montipora_capitata_HIv3___RNAseq.g14481.t1,ko04150
Montipora_capitata_HIv3___RNAseq.g14481.t1,ko04151
Montipora_capitata_HIv3___RNAseq.g14481.t1,ko04320
Montipora_capitata_HIv3___RNAseq.g14481.t1,ko04510
Montipora_capitata_HIv3___RNAseq.g14481.t1,ko04540
Montipora_capitata_HIv3___RNAseq.g14481.t1,ko04630
Montipora_capitata_HIv3___RNAseq.g14481.t1,ko04650
Montipora_capitata_HIv3___RNAseq.g14481.t1,ko04660
Montipora_capitata_HIv3___RNAseq.g14481.t1,ko04662
Montipora_capitata_HIv3___RNAseq.g14481.t1,ko04664
Montipora_capitata_HIv3___RNAseq.g14481.t1,ko04714
Montipora_capitata_HIv3___RNAseq.g14481.t1,ko04722
Montipora_capitata_HIv3___RNAseq.g14481.t1,ko04810
Montipora_capitata_HIv3___RNAseq.g14481.t1,ko04910
Montipora_capitata_HIv3___RNAseq.g14481.t1,ko04912
Montipora_capitata_HIv3___RNAseq.g14481.t1,ko04915
Montipora_capitata_HIv3___RNAseq.g14481.t1,ko04917
Montipora_capitata_HIv3___RNAseq.g14481.t1,ko04926
Montipora_capitata_HIv3___RNAseq.g14481.t1,ko05034
Montipora_capitata_HIv3___RNAseq.g14481.t1,ko05160
Montipora_capitata_HIv3___RNAseq.g14481.t1,ko05165
Montipora_capitata_HIv3___RNAseq.g14481.t1,ko05200
Montipora_capitata_HIv3___RNAseq.g14481.t1,ko05205
Montipora_capitata_HIv3___RNAseq.g14481.t1,ko05206
Montipora_capitata_HIv3___RNAseq.g14481.t1,ko05210
Montipora_capitata_HIv3___RNAseq.g14481.t1,ko05211
Montipora_capitata_HIv3___RNAseq.g14481.t1,ko05213
Montipora_capitata_HIv3___RNAseq.g14481.t1,ko05214
Montipora_capitata_HIv3___RNAseq.g14481.t1,ko05215
Montipora_capitata_HIv3___RNAseq.g14481.t1,ko05220
Montipora_capitata_HIv3___RNAseq.g14481.t1,ko05221
Montipora_capitata_HIv3___RNAseq.g14481.t1,ko05223
Montipora_capitata_HIv3___RNAseq.g14481.t1,ko05224
Montipora_capitata_HIv3___RNAseq.g14481.t1,ko05225
Montipora_capitata_HIv3___RNAseq.g14481.t1,ko05226
Montipora_capitata_HIv3___RNAseq.g14481.t1,ko05231
Montipora_capitata_HIv3___RNAseq.g14484.t1,ko04130
Montipora_capitata_HIv3___RNAseq.g14484.t1,ko04138
Montipora_capitata_HIv3___RNAseq.g14486.t1,ko04130
Montipora_capitata_HIv3___RNAseq.g14486.t1,ko04138
Montipora_capitata_HIv3___RNAseq.g14490.t1,ko03018
Montipora_capitata_HIv3___TS.g22562.t1,ko00280
Montipora_capitata_HIv3___TS.g22562.t1,ko00640
Montipora_capitata_HIv3___TS.g22562.t1,ko01100
Montipora_capitata_HIv3___TS.g22562.t1,ko01110
Montipora_capitata_HIv3___TS.g22562.t1,ko01130
Montipora_capitata_HIv3___RNAseq.g14499.t1,ko00650
Montipora_capitata_HIv3___RNAseq.g14488.t1,ko00220
Montipora_capitata_HIv3___RNAseq.g14488.t1,ko00330
Montipora_capitata_HIv3___RNAseq.g14488.t1,ko01100
Montipora_capitata_HIv3___RNAseq.g14488.t1,ko01110
Montipora_capitata_HIv3___RNAseq.g14488.t1,ko01130
Montipora_capitata_HIv3___RNAseq.g14488.t1,ko01230
Montipora_capitata_HIv3___RNAseq.g14488.t1,ko05146
Montipora_capitata_HIv3___RNAseq.g14495.t1,ko00650
Montipora_capitata_HIv3___RNAseq.g14520.t1,ko04138
Montipora_capitata_HIv3___RNAseq.g14520.t1,ko04530
Montipora_capitata_HIv3___RNAseq.20109_t,ko04140
Montipora_capitata_HIv3___RNAseq.20109_t,ko04142
Montipora_capitata_HIv3___RNAseq.20109_t,ko04145
Montipora_capitata_HIv3___RNAseq.20109_t,ko04210
Montipora_capitata_HIv3___RNAseq.20109_t,ko04612
Montipora_capitata_HIv3___RNAseq.20109_t,ko05205
Montipora_capitata_HIv3___RNAseq.20109_t,ko05323
Montipora_capitata_HIv3___RNAseq.20109_t,ko05418
Montipora_capitata_HIv3___RNAseq.g14583.t1,ko04015
Montipora_capitata_HIv3___RNAseq.g14583.t1,ko04020
Montipora_capitata_HIv3___RNAseq.g14583.t1,ko04024
Montipora_capitata_HIv3___RNAseq.g14583.t1,ko04080
Montipora_capitata_HIv3___RNAseq.g14583.t1,ko04270
Montipora_capitata_HIv3___RNAseq.g14583.t1,ko05012
Montipora_capitata_HIv3___RNAseq.g14583.t1,ko05034
Montipora_capitata_HIv3___RNAseq.g14578.t1,ko03013
Montipora_capitata_HIv3___RNAseq.g14578.t1,ko03015
Montipora_capitata_HIv3___RNAseq.g14579.t1,ko04810
Montipora_capitata_HIv3___RNAseq.g14580.t1,ko00051
Montipora_capitata_HIv3___RNAseq.g14580.t1,ko00520
Montipora_capitata_HIv3___RNAseq.g14580.t1,ko01100
Montipora_capitata_HIv3___RNAseq.g14664.t1,ko00190
Montipora_capitata_HIv3___RNAseq.g14664.t1,ko01100
Montipora_capitata_HIv3___RNAseq.g14664.t1,ko04145
Montipora_capitata_HIv3___RNAseq.g14664.t1,ko04150
Montipora_capitata_HIv3___RNAseq.g14664.t1,ko04721
Montipora_capitata_HIv3___RNAseq.g14664.t1,ko04966
Montipora_capitata_HIv3___RNAseq.g14664.t1,ko05110
Montipora_capitata_HIv3___RNAseq.g14664.t1,ko05120
Montipora_capitata_HIv3___RNAseq.g14664.t1,ko05323
Montipora_capitata_HIv3___RNAseq.g14674.t1,ko03013
Montipora_capitata_HIv3___RNAseq.g14680.t1,ko00030
Montipora_capitata_HIv3___RNAseq.g14681.t1,ko03430
Montipora_capitata_HIv3___TS.g22766.t1b,ko03430
Montipora_capitata_HIv3___RNAseq.g14693.t1,ko04120
Montipora_capitata_HIv3___RNAseq.g14693.t1,ko04214
Montipora_capitata_HIv3___RNAseq.g14693.t1,ko04215
Montipora_capitata_HIv3___RNAseq.g14694.t1,ko04120
Montipora_capitata_HIv3___RNAseq.g14694.t1,ko04214
Montipora_capitata_HIv3___RNAseq.g14694.t1,ko04215
Montipora_capitata_HIv3___TS.g22789.t1,ko00010
Montipora_capitata_HIv3___TS.g22789.t1,ko00562
Montipora_capitata_HIv3___TS.g22789.t1,ko01100
Montipora_capitata_HIv3___TS.g22820.t1,ko00120
Montipora_capitata_HIv3___RNAseq.g14741.t1,ko00120
Montipora_capitata_HIv3___RNAseq.g14742.t1,ko00120
Montipora_capitata_HIv3___TS.g22826.t1,ko00120
Montipora_capitata_HIv3___RNAseq.g14757.t1,ko00120
Montipora_capitata_HIv3___RNAseq.20338_t,ko00120
Montipora_capitata_HIv3___RNAseq.g14763.t1,ko04010
Montipora_capitata_HIv3___RNAseq.g14763.t1,ko04013
Montipora_capitata_HIv3___RNAseq.g14763.t1,ko04932
Montipora_capitata_HIv3___RNAseq.g14760.t1,ko03430
Montipora_capitata_HIv3___RNAseq.g14783.t1c,ko00062
Montipora_capitata_HIv3___RNAseq.g14783.t1c,ko01040
Montipora_capitata_HIv3___RNAseq.g14783.t1c,ko01100
Montipora_capitata_HIv3___RNAseq.g14783.t1c,ko01110
Montipora_capitata_HIv3___RNAseq.g14783.t1c,ko05016
Montipora_capitata_HIv3___RNAseq.g14786.t1,ko03022
Montipora_capitata_HIv3___RNAseq.g14786.t1,ko05016
Montipora_capitata_HIv3___RNAseq.g14786.t1,ko05165
Montipora_capitata_HIv3___RNAseq.g14786.t1,ko05166
Montipora_capitata_HIv3___RNAseq.g14786.t1,ko05168
Montipora_capitata_HIv3___RNAseq.g14786.t1,ko05169
Montipora_capitata_HIv3___RNAseq.g14786.t1,ko05203
Montipora_capitata_HIv3___TS.g22881.t2,ko04391
Montipora_capitata_HIv3___TS.g22881.t2,ko04550
Montipora_capitata_HIv3___TS.g22881.t2,ko05202
Montipora_capitata_HIv3___RNAseq.g14798.t1,ko00140
Montipora_capitata_HIv3___RNAseq.g14798.t1,ko03008
Montipora_capitata_HIv3___RNAseq.g14798.t1,ko05215
Montipora_capitata_HIv3___RNAseq.g14816.t1,ko03440
Montipora_capitata_HIv3___RNAseq.g14844.t1,ko04141
Montipora_capitata_HIv3___RNAseq.g14844.t1,ko04212
Montipora_capitata_HIv3___RNAseq.g14844.t1,ko04213
Montipora_capitata_HIv3___RNAseq.20426_t,ko04210
Montipora_capitata_HIv3___RNAseq.g14843.t1,ko04136
Montipora_capitata_HIv3___RNAseq.g14843.t1,ko04138
Montipora_capitata_HIv3___RNAseq.g14843.t1,ko04140
Montipora_capitata_HIv3___RNAseq.g14846.t1,ko04141
Montipora_capitata_HIv3___RNAseq.g14846.t1,ko04213
Montipora_capitata_HIv3___RNAseq.g14847.t1,ko04212
Montipora_capitata_HIv3___RNAseq.g14847.t1,ko04213
Montipora_capitata_HIv3___RNAseq.g14853.t1,ko04142
Montipora_capitata_HIv3___RNAseq.g14865.t1,ko00062
Montipora_capitata_HIv3___RNAseq.g14865.t1,ko01040
Montipora_capitata_HIv3___RNAseq.g14865.t1,ko01110
Montipora_capitata_HIv3___RNAseq.g14865.t1,ko01212
Montipora_capitata_HIv3___RNAseq.g14869.t1,ko04974
Montipora_capitata_HIv3___RNAseq.g14882.t1,ko05134
Montipora_capitata_HIv3___RNAseq.g14888.t1,ko00564
Montipora_capitata_HIv3___RNAseq.g14888.t1,ko00565
Montipora_capitata_HIv3___RNAseq.g14888.t1,ko00590
Montipora_capitata_HIv3___RNAseq.g14888.t1,ko00591
Montipora_capitata_HIv3___RNAseq.g14888.t1,ko00592
Montipora_capitata_HIv3___RNAseq.g14888.t1,ko01100
Montipora_capitata_HIv3___RNAseq.g14888.t1,ko01110
Montipora_capitata_HIv3___RNAseq.g14888.t1,ko04977
Montipora_capitata_HIv3___RNAseq.g14895.t1b,ko04010
Montipora_capitata_HIv3___RNAseq.g14895.t1b,ko04141
Montipora_capitata_HIv3___RNAseq.g14895.t1b,ko04213
Montipora_capitata_HIv3___RNAseq.g14895.t1b,ko04370
Montipora_capitata_HIv3___RNAseq.g14895.t1b,ko05146
Montipora_capitata_HIv3___RNAseq.g14895.t1b,ko05169
Montipora_capitata_HIv3___RNAseq.g14895.t1b,ko05205
Montipora_capitata_HIv3___RNAseq.g14898.t1,ko02010
Montipora_capitata_HIv3___RNAseq.g14898.t1,ko04212
Montipora_capitata_HIv3___RNAseq.g14903.t1,ko03010
Montipora_capitata_HIv3___RNAseq.g14914.t1,ko00010
Montipora_capitata_HIv3___RNAseq.g14914.t1,ko00052
Montipora_capitata_HIv3___RNAseq.g14914.t1,ko01100
Montipora_capitata_HIv3___RNAseq.g14914.t1,ko01110
Montipora_capitata_HIv3___RNAseq.g14914.t1,ko01120
Montipora_capitata_HIv3___RNAseq.g14914.t1,ko01130
Montipora_capitata_HIv3___RNAseq.g14937.t1,ko04142
Montipora_capitata_HIv3___RNAseq.g14937.t1,ko04979
Montipora_capitata_HIv3___RNAseq.g14930.t1,ko04110
Montipora_capitata_HIv3___RNAseq.g14930.t1,ko04111
Montipora_capitata_HIv3___RNAseq.g14930.t1,ko04113
Montipora_capitata_HIv3___RNAseq.g14930.t1,ko04114
Montipora_capitata_HIv3___RNAseq.g14930.t1,ko04914
Montipora_capitata_HIv3___RNAseq.g14930.t1,ko05166
Montipora_capitata_HIv3___TS.g23028.t2,ko04714
Montipora_capitata_HIv3___TS.g23028.t2,ko05225
Montipora_capitata_HIv3___RNAseq.g14932.t1,ko03440
Montipora_capitata_HIv3___TS.g23024.t1,ko03440
Montipora_capitata_HIv3___RNAseq.g14936.t1,ko04142
Montipora_capitata_HIv3___RNAseq.g14936.t1,ko04979
Montipora_capitata_HIv3___RNAseq.g14949.t1,ko03022
Montipora_capitata_HIv3___RNAseq.g14949.t1,ko03420
Montipora_capitata_HIv3___RNAseq.g14960.t1,ko00130
Montipora_capitata_HIv3___RNAseq.g14960.t1,ko00360
Montipora_capitata_HIv3___RNAseq.g14960.t1,ko00940
Montipora_capitata_HIv3___RNAseq.g14960.t1,ko01100
Montipora_capitata_HIv3___RNAseq.g14960.t1,ko01110
Montipora_capitata_HIv3___RNAseq.g14953.t1,ko03440
Montipora_capitata_HIv3___RNAseq.g14961.t1,ko00130
Montipora_capitata_HIv3___RNAseq.g14961.t1,ko00360
Montipora_capitata_HIv3___RNAseq.g14961.t1,ko00940
Montipora_capitata_HIv3___RNAseq.g14961.t1,ko01100
Montipora_capitata_HIv3___RNAseq.g14961.t1,ko01110
Montipora_capitata_HIv3___RNAseq.g14962.t1,ko00130
Montipora_capitata_HIv3___RNAseq.g14962.t1,ko00360
Montipora_capitata_HIv3___RNAseq.g14962.t1,ko00940
Montipora_capitata_HIv3___RNAseq.g14962.t1,ko01100
Montipora_capitata_HIv3___RNAseq.g14962.t1,ko01110
Montipora_capitata_HIv3___RNAseq.g14963.t1,ko00130
Montipora_capitata_HIv3___RNAseq.g14963.t1,ko00360
Montipora_capitata_HIv3___RNAseq.g14963.t1,ko00940
Montipora_capitata_HIv3___RNAseq.g14963.t1,ko01100
Montipora_capitata_HIv3___RNAseq.g14963.t1,ko01110
Montipora_capitata_HIv3___RNAseq.g14964.t1,ko03022
Montipora_capitata_HIv3___RNAseq.g14964.t1,ko05169
Montipora_capitata_HIv3___RNAseq.g14964.t1,ko05203
Montipora_capitata_HIv3___RNAseq.g14970.t1,ko04024
Montipora_capitata_HIv3___RNAseq.g14970.t1,ko04062
Montipora_capitata_HIv3___RNAseq.g14970.t1,ko04064
Montipora_capitata_HIv3___RNAseq.g14970.t1,ko04210
Montipora_capitata_HIv3___RNAseq.g14970.t1,ko04380
Montipora_capitata_HIv3___RNAseq.g14970.t1,ko04620
Montipora_capitata_HIv3___RNAseq.g14970.t1,ko04621
Montipora_capitata_HIv3___RNAseq.g14970.t1,ko04622
Montipora_capitata_HIv3___RNAseq.g14970.t1,ko04623
Montipora_capitata_HIv3___RNAseq.g14970.t1,ko04624
Montipora_capitata_HIv3___RNAseq.g14970.t1,ko04657
Montipora_capitata_HIv3___RNAseq.g14970.t1,ko04658
Montipora_capitata_HIv3___RNAseq.g14970.t1,ko04659
Montipora_capitata_HIv3___RNAseq.g14970.t1,ko04660
Montipora_capitata_HIv3___RNAseq.g14970.t1,ko04662
Montipora_capitata_HIv3___RNAseq.g14970.t1,ko04668
Montipora_capitata_HIv3___RNAseq.g14970.t1,ko04722
Montipora_capitata_HIv3___RNAseq.g14970.t1,ko04920
Montipora_capitata_HIv3___RNAseq.g14970.t1,ko04926
Montipora_capitata_HIv3___RNAseq.g14970.t1,ko04931
Montipora_capitata_HIv3___RNAseq.g14970.t1,ko05020
Montipora_capitata_HIv3___RNAseq.g14970.t1,ko05120
Montipora_capitata_HIv3___RNAseq.g14970.t1,ko05131
Montipora_capitata_HIv3___RNAseq.g14970.t1,ko05134
Montipora_capitata_HIv3___RNAseq.g14970.t1,ko05140
Montipora_capitata_HIv3___RNAseq.g14970.t1,ko05142
Montipora_capitata_HIv3___RNAseq.g14970.t1,ko05145
Montipora_capitata_HIv3___RNAseq.g14970.t1,ko05160
Montipora_capitata_HIv3___RNAseq.g14970.t1,ko05161
Montipora_capitata_HIv3___RNAseq.g14970.t1,ko05162
Montipora_capitata_HIv3___RNAseq.g14970.t1,ko05164
Montipora_capitata_HIv3___RNAseq.g14970.t1,ko05166
Montipora_capitata_HIv3___RNAseq.g14970.t1,ko05167
Montipora_capitata_HIv3___RNAseq.g14970.t1,ko05168
Montipora_capitata_HIv3___RNAseq.g14970.t1,ko05169
Montipora_capitata_HIv3___RNAseq.g14970.t1,ko05200
Montipora_capitata_HIv3___RNAseq.g14970.t1,ko05203
Montipora_capitata_HIv3___RNAseq.g14970.t1,ko05215
Montipora_capitata_HIv3___RNAseq.g14970.t1,ko05220
Montipora_capitata_HIv3___RNAseq.g14970.t1,ko05222
Montipora_capitata_HIv3___RNAseq.g14976.t1b,ko04714
Montipora_capitata_HIv3___TS.g23059.t1b,ko00534
Montipora_capitata_HIv3___RNAseq.g14974.t1,ko03050
Montipora_capitata_HIv3___RNAseq.g14974.t1,ko05169
Montipora_capitata_HIv3___RNAseq.g14976.t1a,ko00010
Montipora_capitata_HIv3___RNAseq.g14976.t1a,ko00052
Montipora_capitata_HIv3___RNAseq.g14976.t1a,ko00500
Montipora_capitata_HIv3___RNAseq.g14976.t1a,ko01100
Montipora_capitata_HIv3___RNAseq.g14976.t1a,ko04068
Montipora_capitata_HIv3___RNAseq.g14976.t1a,ko04151
Montipora_capitata_HIv3___RNAseq.g14976.t1a,ko04152
Montipora_capitata_HIv3___RNAseq.g14976.t1a,ko04910
Montipora_capitata_HIv3___RNAseq.g14976.t1a,ko04920
Montipora_capitata_HIv3___RNAseq.g14976.t1a,ko04922
Montipora_capitata_HIv3___RNAseq.g14976.t1a,ko04931
Montipora_capitata_HIv3___RNAseq.g14976.t1a,ko04973
Montipora_capitata_HIv3___RNAseq.g14991.t1,ko03040
Montipora_capitata_HIv3___RNAseq.g14993.t1,ko02010
Montipora_capitata_HIv3___RNAseq.g14993.t1,ko04146
Montipora_capitata_HIv3___RNAseq.g14994.t1,ko03040
Montipora_capitata_HIv3___RNAseq.g14994.t1,ko05168
Montipora_capitata_HIv3___TS.g23084.t1a,ko03040
Montipora_capitata_HIv3___TS.g23084.t1a,ko04330
Montipora_capitata_HIv3___TS.g23084.t1a,ko05169
Montipora_capitata_HIv3___TS.g23084.t1a,ko05203
Montipora_capitata_HIv3___RNAseq.g14999.t1,ko04015
Montipora_capitata_HIv3___RNAseq.g14999.t1,ko04925
Montipora_capitata_HIv3___RNAseq.g15011.t1,ko04013
Montipora_capitata_HIv3___RNAseq.g15019.t1,ko00564
Montipora_capitata_HIv3___RNAseq.g15019.t1,ko01100
Montipora_capitata_HIv3___RNAseq.g15020.t1,ko04714
Montipora_capitata_HIv3___RNAseq.g15025.t1,ko00270
Montipora_capitata_HIv3___RNAseq.g15025.t1,ko00450
Montipora_capitata_HIv3___RNAseq.g15025.t1,ko00670
Montipora_capitata_HIv3___RNAseq.g15025.t1,ko01100
Montipora_capitata_HIv3___RNAseq.g15025.t1,ko01110
Montipora_capitata_HIv3___RNAseq.g15025.t1,ko01230
Montipora_capitata_HIv3___TS.g23114.t1,ko00270
Montipora_capitata_HIv3___TS.g23114.t1,ko00450
Montipora_capitata_HIv3___TS.g23114.t1,ko00670
Montipora_capitata_HIv3___TS.g23114.t1,ko01100
Montipora_capitata_HIv3___TS.g23114.t1,ko01110
Montipora_capitata_HIv3___TS.g23114.t1,ko01230
Montipora_capitata_HIv3___RNAseq.g15029.t1b,ko04144
Montipora_capitata_HIv3___RNAseq.g15029.t1b,ko04212
Montipora_capitata_HIv3___TS.g23121.t1,ko00230
Montipora_capitata_HIv3___TS.g23121.t1,ko00232
Montipora_capitata_HIv3___TS.g23121.t1,ko00983
Montipora_capitata_HIv3___TS.g23121.t1,ko01100
Montipora_capitata_HIv3___TS.g23121.t1,ko01110
Montipora_capitata_HIv3___TS.g23121.t1,ko01120
Montipora_capitata_HIv3___TS.g23121.t1,ko04146
Montipora_capitata_HIv3___RNAseq.g15030.t1,ko05202
Montipora_capitata_HIv3___RNAseq.g15030.t1,ko05221
Montipora_capitata_HIv3___RNAseq.g15041.t1,ko04122
Montipora_capitata_HIv3___RNAseq.g15045.t1,ko03410
Montipora_capitata_HIv3___RNAseq.g15045.t1,ko04210
Montipora_capitata_HIv3___RNAseq.g15045.t1,ko04212
Montipora_capitata_HIv3___RNAseq.g15045.t1,ko04214
Montipora_capitata_HIv3___RNAseq.g15045.t1,ko04217
Montipora_capitata_HIv3___RNAseq.g15043.t1,ko04141
Montipora_capitata_HIv3___RNAseq.g15043.t1,ko04151
Montipora_capitata_HIv3___RNAseq.g15043.t1,ko04217
Montipora_capitata_HIv3___RNAseq.g15043.t1,ko04612
Montipora_capitata_HIv3___RNAseq.g15043.t1,ko04621
Montipora_capitata_HIv3___RNAseq.g15043.t1,ko04626
Montipora_capitata_HIv3___RNAseq.g15043.t1,ko04657
Montipora_capitata_HIv3___RNAseq.g15043.t1,ko04659
Montipora_capitata_HIv3___RNAseq.g15043.t1,ko04914
Montipora_capitata_HIv3___RNAseq.g15043.t1,ko04915
Montipora_capitata_HIv3___RNAseq.g15043.t1,ko05200
Montipora_capitata_HIv3___RNAseq.g15043.t1,ko05215
Montipora_capitata_HIv3___RNAseq.g15043.t1,ko05418
Montipora_capitata_HIv3___RNAseq.g15058.t2,ko04976
Montipora_capitata_HIv3___RNAseq.g15059.t1,ko02010
Montipora_capitata_HIv3___RNAseq.g15074.t1,ko04010
Montipora_capitata_HIv3___RNAseq.g15074.t1,ko04261
Montipora_capitata_HIv3___RNAseq.g15074.t1,ko04668
Montipora_capitata_HIv3___RNAseq.g15074.t1,ko04713
Montipora_capitata_HIv3___RNAseq.g15074.t1,ko04722
Montipora_capitata_HIv3___RNAseq.g15074.t1,ko05200
Montipora_capitata_HIv3___RNAseq.g15074.t1,ko05206
Montipora_capitata_HIv3___RNAseq.g15074.t1,ko05219
Montipora_capitata_HIv3___RNAseq.g15075.t1,ko00010
Montipora_capitata_HIv3___RNAseq.g15075.t1,ko00620
Montipora_capitata_HIv3___RNAseq.g15075.t1,ko00640
Montipora_capitata_HIv3___RNAseq.g15075.t1,ko00680
Montipora_capitata_HIv3___RNAseq.g15075.t1,ko00720
Montipora_capitata_HIv3___RNAseq.g15075.t1,ko01100
Montipora_capitata_HIv3___RNAseq.g15075.t1,ko01110
Montipora_capitata_HIv3___RNAseq.g15075.t1,ko01120
Montipora_capitata_HIv3___RNAseq.g15075.t1,ko01130
Montipora_capitata_HIv3___RNAseq.g15075.t1,ko01200
Montipora_capitata_HIv3___RNAseq.g15076.t1,ko04140
Montipora_capitata_HIv3___RNAseq.g15076.t1,ko05167
Montipora_capitata_HIv3___TS.g23175.t1,ko04310
Montipora_capitata_HIv3___RNAseq.g15080.t1,ko03050
Montipora_capitata_HIv3___RNAseq.g15081.t1,ko04142
Montipora_capitata_HIv3___RNAseq.g15081.t1,ko04612
Montipora_capitata_HIv3___RNAseq.g15097.t1b,ko00830
Montipora_capitata_HIv3___RNAseq.g15097.t1b,ko01100
Montipora_capitata_HIv3___RNAseq.g15109.t1,ko00020
Montipora_capitata_HIv3___RNAseq.g15109.t1,ko00620
Montipora_capitata_HIv3___RNAseq.g15109.t1,ko00720
Montipora_capitata_HIv3___RNAseq.g15109.t1,ko01100
Montipora_capitata_HIv3___RNAseq.g15109.t1,ko01120
Montipora_capitata_HIv3___RNAseq.g15109.t1,ko01200
Montipora_capitata_HIv3___RNAseq.g15109.t1,ko01230
Montipora_capitata_HIv3___RNAseq.g15110.t1,ko03022
Montipora_capitata_HIv3___RNAseq.g15110.t1,ko05168
Montipora_capitata_HIv3___RNAseq.g15117.t1,ko01523
Montipora_capitata_HIv3___RNAseq.g15117.t1,ko02010
Montipora_capitata_HIv3___RNAseq.g15117.t1,ko04024
Montipora_capitata_HIv3___RNAseq.g15117.t1,ko04976
Montipora_capitata_HIv3___RNAseq.g15120.t1,ko00051
Montipora_capitata_HIv3___RNAseq.g15120.t1,ko00561
Montipora_capitata_HIv3___RNAseq.g15120.t1,ko00680
Montipora_capitata_HIv3___RNAseq.g15120.t1,ko01100
Montipora_capitata_HIv3___RNAseq.g15120.t1,ko01120
Montipora_capitata_HIv3___RNAseq.g15120.t1,ko01200
Montipora_capitata_HIv3___RNAseq.g15120.t1,ko04622
Montipora_capitata_HIv3___TS.g23217.t1,ko03010
Montipora_capitata_HIv3___RNAseq.g15127.t1,ko03010
Montipora_capitata_HIv3___RNAseq.g15137.t1,ko00230
Montipora_capitata_HIv3___RNAseq.g15137.t1,ko00240
Montipora_capitata_HIv3___RNAseq.g15137.t1,ko00310
Montipora_capitata_HIv3___RNAseq.g15137.t1,ko01100
Montipora_capitata_HIv3___RNAseq.g15137.t1,ko03020
Montipora_capitata_HIv3___RNAseq.g15137.t1,ko04934
Montipora_capitata_HIv3___RNAseq.g15137.t1,ko05016
Montipora_capitata_HIv3___RNAseq.g15137.t1,ko05169
Montipora_capitata_HIv3___RNAseq.g15137.t1,ko05202
Montipora_capitata_HIv3___RNAseq.g15140.t1,ko05034
Montipora_capitata_HIv3___RNAseq.g15140.t1,ko05202
Montipora_capitata_HIv3___RNAseq.g15140.t1,ko05203
Montipora_capitata_HIv3___RNAseq.g15140.t1,ko05322
Montipora_capitata_HIv3___RNAseq.g15150.t1,ko00561
Montipora_capitata_HIv3___RNAseq.g15150.t1,ko00564
Montipora_capitata_HIv3___RNAseq.g15150.t1,ko01100
Montipora_capitata_HIv3___RNAseq.g15150.t1,ko01110
Montipora_capitata_HIv3___TS.g23244.t1,ko04142
Montipora_capitata_HIv3___TS.g23246.t1,ko04142
Montipora_capitata_HIv3___RNAseq.g15144.t1,ko05132
Montipora_capitata_HIv3___TS.g23237.t1,ko05132
Montipora_capitata_HIv3___RNAseq.g15146.t1,ko04934
Montipora_capitata_HIv3___RNAseq.g15146.t1,ko05202
Montipora_capitata_HIv3___RNAseq.g15147.t1,ko03013
Montipora_capitata_HIv3___RNAseq.g15147.t1,ko04214
Montipora_capitata_HIv3___RNAseq.g15161.t1,ko00230
Montipora_capitata_HIv3___RNAseq.g15161.t1,ko00730
Montipora_capitata_HIv3___RNAseq.g15161.t1,ko01100
Montipora_capitata_HIv3___RNAseq.g15161.t1,ko01110
Montipora_capitata_HIv3___RNAseq.g15161.t1,ko01130
Montipora_capitata_HIv3___RNAseq.g15156.t1,ko00330
Montipora_capitata_HIv3___RNAseq.g15156.t1,ko00410
Montipora_capitata_HIv3___RNAseq.g15156.t1,ko01100
Montipora_capitata_HIv3___RNAseq.20746_t,ko05134
Montipora_capitata_HIv3___RNAseq.20747_t,ko05134
Montipora_capitata_HIv3___RNAseq.g15163.t1,ko04310
Montipora_capitata_HIv3___RNAseq.g15163.t1,ko04330
Montipora_capitata_HIv3___RNAseq.g15163.t1,ko04722
Montipora_capitata_HIv3___RNAseq.g15163.t1,ko05010
Montipora_capitata_HIv3___RNAseq.g15163.t1,ko05165
Montipora_capitata_HIv3___RNAseq.g15164.t1,ko00230
Montipora_capitata_HIv3___RNAseq.g15164.t1,ko00240
Montipora_capitata_HIv3___RNAseq.g15164.t1,ko01100
Montipora_capitata_HIv3___RNAseq.g15164.t1,ko03020
Montipora_capitata_HIv3___RNAseq.g15164.t1,ko04623
Montipora_capitata_HIv3___RNAseq.g15164.t1,ko05169
Montipora_capitata_HIv3___RNAseq.g15166.t1,ko05166
Montipora_capitata_HIv3___RNAseq.g15170.t1,ko05206
Montipora_capitata_HIv3___RNAseq.g15171.t1,ko03018
Montipora_capitata_HIv3___RNAseq.g15172.t1a,ko03018
Montipora_capitata_HIv3___RNAseq.g15177.t1,ko04011
Montipora_capitata_HIv3___TS.g23277.t2,ko00790
Montipora_capitata_HIv3___TS.g23277.t2,ko01100
Montipora_capitata_HIv3___RNAseq.g15186.t1,ko03460
Montipora_capitata_HIv3___RNAseq.g15186.t1,ko04120
Montipora_capitata_HIv3___RNAseq.g15188.t1,ko04120
Montipora_capitata_HIv3___RNAseq.g15188.t1,ko04141
Montipora_capitata_HIv3___RNAseq.g15189.t1,ko04010
Montipora_capitata_HIv3___RNAseq.g15189.t1,ko04022
Montipora_capitata_HIv3___RNAseq.g15189.t1,ko05166
Montipora_capitata_HIv3___RNAseq.g15189.t1,ko05203
Montipora_capitata_HIv3___RNAseq.g15192.t1,ko04024
Montipora_capitata_HIv3___RNAseq.g15192.t1,ko04062
Montipora_capitata_HIv3___RNAseq.g15192.t1,ko04064
Montipora_capitata_HIv3___RNAseq.g15192.t1,ko04210
Montipora_capitata_HIv3___RNAseq.g15192.t1,ko04380
Montipora_capitata_HIv3___RNAseq.g15192.t1,ko04620
Montipora_capitata_HIv3___RNAseq.g15192.t1,ko04621
Montipora_capitata_HIv3___RNAseq.g15192.t1,ko04622
Montipora_capitata_HIv3___RNAseq.g15192.t1,ko04623
Montipora_capitata_HIv3___RNAseq.g15192.t1,ko04624
Montipora_capitata_HIv3___RNAseq.g15192.t1,ko04657
Montipora_capitata_HIv3___RNAseq.g15192.t1,ko04658
Montipora_capitata_HIv3___RNAseq.g15192.t1,ko04659
Montipora_capitata_HIv3___RNAseq.g15192.t1,ko04660
Montipora_capitata_HIv3___RNAseq.g15192.t1,ko04662
Montipora_capitata_HIv3___RNAseq.g15192.t1,ko04668
Montipora_capitata_HIv3___RNAseq.g15192.t1,ko04722
Montipora_capitata_HIv3___RNAseq.g15192.t1,ko04920
Montipora_capitata_HIv3___RNAseq.g15192.t1,ko04926
Montipora_capitata_HIv3___RNAseq.g15192.t1,ko04931
Montipora_capitata_HIv3___RNAseq.g15192.t1,ko05120
Montipora_capitata_HIv3___RNAseq.g15192.t1,ko05131
Montipora_capitata_HIv3___RNAseq.g15192.t1,ko05134
Montipora_capitata_HIv3___RNAseq.g15192.t1,ko05140
Montipora_capitata_HIv3___RNAseq.g15192.t1,ko05142
Montipora_capitata_HIv3___RNAseq.g15192.t1,ko05145
Montipora_capitata_HIv3___RNAseq.g15192.t1,ko05160
Montipora_capitata_HIv3___RNAseq.g15192.t1,ko05161
Montipora_capitata_HIv3___RNAseq.g15192.t1,ko05162
Montipora_capitata_HIv3___RNAseq.g15192.t1,ko05164
Montipora_capitata_HIv3___RNAseq.g15192.t1,ko05166
Montipora_capitata_HIv3___RNAseq.g15192.t1,ko05167
Montipora_capitata_HIv3___RNAseq.g15192.t1,ko05168
Montipora_capitata_HIv3___RNAseq.g15192.t1,ko05169
Montipora_capitata_HIv3___RNAseq.g15192.t1,ko05200
Montipora_capitata_HIv3___RNAseq.g15192.t1,ko05203
Montipora_capitata_HIv3___RNAseq.g15192.t1,ko05215
Montipora_capitata_HIv3___RNAseq.g15192.t1,ko05220
Montipora_capitata_HIv3___RNAseq.g15192.t1,ko05222
Montipora_capitata_HIv3___RNAseq.g15201.t1,ko04141
Montipora_capitata_HIv3___RNAseq.g15201.t1,ko05110
Montipora_capitata_HIv3___RNAseq.g15234.t1,ko00230
Montipora_capitata_HIv3___RNAseq.g15234.t1,ko00240
Montipora_capitata_HIv3___RNAseq.g15234.t1,ko01100
Montipora_capitata_HIv3___RNAseq.g15234.t1,ko03020
Montipora_capitata_HIv3___RNAseq.g15234.t1,ko04623
Montipora_capitata_HIv3___RNAseq.g15234.t1,ko05169
Montipora_capitata_HIv3___RNAseq.g15239.t1,ko03013
Montipora_capitata_HIv3___RNAseq.g15242.t1,ko03015
Montipora_capitata_HIv3___RNAseq.g15242.t1,ko04071
Montipora_capitata_HIv3___RNAseq.g15242.t1,ko04151
Montipora_capitata_HIv3___RNAseq.g15242.t1,ko04152
Montipora_capitata_HIv3___RNAseq.g15242.t1,ko04261
Montipora_capitata_HIv3___RNAseq.g15242.t1,ko04728
Montipora_capitata_HIv3___RNAseq.g15242.t1,ko05165
Montipora_capitata_HIv3___RNAseq.g15243.t1,ko00564
Montipora_capitata_HIv3___RNAseq.g15258.t1a,ko04141
Montipora_capitata_HIv3___RNAseq.g15261.t1,ko00920
Montipora_capitata_HIv3___RNAseq.g15261.t1,ko01100
Montipora_capitata_HIv3___RNAseq.g15261.t1,ko01120
Montipora_capitata_HIv3___RNAseq.g15261.t1,ko01130
Montipora_capitata_HIv3___RNAseq.g15263.t1,ko04714
Montipora_capitata_HIv3___RNAseq.g15264.t1,ko04144
Montipora_capitata_HIv3___TS.g23363.t1c,ko03018
Montipora_capitata_HIv3___RNAseq.g15271.t1,ko03440
Montipora_capitata_HIv3___RNAseq.g15271.t1,ko03460
Montipora_capitata_HIv3___RNAseq.g15274.t1a,ko03460
Montipora_capitata_HIv3___RNAseq.g15274.t1a,ko05200
Montipora_capitata_HIv3___RNAseq.g15274.t1a,ko05202
Montipora_capitata_HIv3___RNAseq.g15274.t1a,ko05210
Montipora_capitata_HIv3___RNAseq.g15274.t1a,ko05212
Montipora_capitata_HIv3___RNAseq.g15274.t1a,ko05213
Montipora_capitata_HIv3___RNAseq.g15274.t1a,ko05214
Montipora_capitata_HIv3___RNAseq.g15274.t1a,ko05216
Montipora_capitata_HIv3___RNAseq.g15274.t1a,ko05217
Montipora_capitata_HIv3___RNAseq.g15274.t1a,ko05218
Montipora_capitata_HIv3___RNAseq.g15274.t1a,ko05220
Montipora_capitata_HIv3___RNAseq.g15274.t1a,ko05222
Montipora_capitata_HIv3___RNAseq.g15274.t1a,ko05223
Montipora_capitata_HIv3___RNAseq.g15274.t1a,ko05224
Montipora_capitata_HIv3___RNAseq.g15274.t1a,ko05225
Montipora_capitata_HIv3___RNAseq.g15274.t1a,ko05226
Montipora_capitata_HIv3___RNAseq.g15282.t1,ko00600
Montipora_capitata_HIv3___RNAseq.g15282.t1,ko01100
Montipora_capitata_HIv3___RNAseq.g15282.t1,ko04071
Montipora_capitata_HIv3___RNAseq.g15282.t1,ko04138
Montipora_capitata_HIv3___RNAseq.g15281.t1,ko00600
Montipora_capitata_HIv3___RNAseq.g15281.t1,ko01100
Montipora_capitata_HIv3___RNAseq.g15281.t1,ko04071
Montipora_capitata_HIv3___RNAseq.g15281.t1,ko04138
Montipora_capitata_HIv3___RNAseq.g15290.t1,ko04130
Montipora_capitata_HIv3___RNAseq.g15304.t1,ko00052
Montipora_capitata_HIv3___RNAseq.g15304.t1,ko00500
Montipora_capitata_HIv3___RNAseq.g15304.t1,ko01100
Montipora_capitata_HIv3___RNAseq.g15304.t1,ko04974
Montipora_capitata_HIv3___RNAseq.g15310.t1,ko00970
Montipora_capitata_HIv3___RNAseq.g44457.t1,ko03040
Montipora_capitata_HIv3___RNAseq.g44457.t1,ko04010
Montipora_capitata_HIv3___RNAseq.g44457.t1,ko04141
Montipora_capitata_HIv3___RNAseq.g44457.t1,ko04144
Montipora_capitata_HIv3___RNAseq.g44457.t1,ko04213
Montipora_capitata_HIv3___RNAseq.g44457.t1,ko04612
Montipora_capitata_HIv3___RNAseq.g44457.t1,ko04915
Montipora_capitata_HIv3___RNAseq.g44457.t1,ko05134
Montipora_capitata_HIv3___RNAseq.g44457.t1,ko05145
Montipora_capitata_HIv3___RNAseq.g44457.t1,ko05162
Montipora_capitata_HIv3___RNAseq.g44457.t1,ko05164
Montipora_capitata_HIv3___RNAseq.g44457.t1,ko05169
Montipora_capitata_HIv3___RNAseq.g44456.t1,ko04970
Montipora_capitata_HIv3___RNAseq.g44456.t1,ko04971
Montipora_capitata_HIv3___RNAseq.g44456.t1,ko04972
Montipora_capitata_HIv3___RNAseq.g44456.t1,ko04976
Montipora_capitata_HIv3___RNAseq.g44451.t1,ko01522
Montipora_capitata_HIv3___RNAseq.g44451.t1,ko01524
Montipora_capitata_HIv3___RNAseq.g44451.t1,ko04068
Montipora_capitata_HIv3___RNAseq.g44451.t1,ko04110
Montipora_capitata_HIv3___RNAseq.g44451.t1,ko04115
Montipora_capitata_HIv3___RNAseq.g44451.t1,ko04120
Montipora_capitata_HIv3___RNAseq.g44451.t1,ko04144
Montipora_capitata_HIv3___RNAseq.g44451.t1,ko04151
Montipora_capitata_HIv3___RNAseq.g44451.t1,ko04218
Montipora_capitata_HIv3___RNAseq.g44451.t1,ko04919
Montipora_capitata_HIv3___RNAseq.g44451.t1,ko05165
Montipora_capitata_HIv3___RNAseq.g44451.t1,ko05169
Montipora_capitata_HIv3___RNAseq.g44451.t1,ko05200
Montipora_capitata_HIv3___RNAseq.g44451.t1,ko05202
Montipora_capitata_HIv3___RNAseq.g44451.t1,ko05203
Montipora_capitata_HIv3___RNAseq.g44451.t1,ko05205
Montipora_capitata_HIv3___RNAseq.g44451.t1,ko05206
Montipora_capitata_HIv3___RNAseq.g44451.t1,ko05214
Montipora_capitata_HIv3___RNAseq.g44451.t1,ko05215
Montipora_capitata_HIv3___RNAseq.g44451.t1,ko05218
Montipora_capitata_HIv3___RNAseq.g44451.t1,ko05219
Montipora_capitata_HIv3___RNAseq.g44451.t1,ko05220
Montipora_capitata_HIv3___TS.g45572.t1a,ko04010
Montipora_capitata_HIv3___RNAseq.g44464.t1,ko04130
Montipora_capitata_HIv3___RNAseq.g44466.t1,ko04010
Montipora_capitata_HIv3___RNAseq.g44466.t1,ko04540
Montipora_capitata_HIv3___RNAseq.g44466.t1,ko04722
Montipora_capitata_HIv3___RNAseq.g44466.t1,ko04912
Montipora_capitata_HIv3___RNAseq.g44466.t1,ko05166
Montipora_capitata_HIv3___TS.g45586.t1,ko03050
Montipora_capitata_HIv3___TS.g45586.t1,ko05169
Montipora_capitata_HIv3___TS.g45588.t6,ko04010
Montipora_capitata_HIv3___TS.g45588.t6,ko04260
Montipora_capitata_HIv3___TS.g45588.t6,ko04261
Montipora_capitata_HIv3___TS.g45588.t6,ko04921
Montipora_capitata_HIv3___TS.g45588.t6,ko05410
Montipora_capitata_HIv3___TS.g45588.t6,ko05412
Montipora_capitata_HIv3___TS.g45588.t6,ko05414
Montipora_capitata_HIv3___RNAseq.g44474.t1,ko04662
Montipora_capitata_HIv3___RNAseq.g44496.t3,ko04015
Montipora_capitata_HIv3___RNAseq.g44496.t3,ko04670
Montipora_capitata_HIv3___RNAseq.g44526.t1,ko03008
Montipora_capitata_HIv3___RNAseq.g44527.t1,ko00230
Montipora_capitata_HIv3___RNAseq.g44527.t1,ko00240
Montipora_capitata_HIv3___RNAseq.g44527.t1,ko00500
Montipora_capitata_HIv3___RNAseq.g44527.t1,ko00740
Montipora_capitata_HIv3___RNAseq.g44527.t1,ko00760
Montipora_capitata_HIv3___RNAseq.g44527.t1,ko00770
Montipora_capitata_HIv3___RNAseq.g44527.t1,ko01100
Montipora_capitata_HIv3___RNAseq.g44531.t1,ko04144
Montipora_capitata_HIv3___RNAseq.g44528.t1,ko00140
Montipora_capitata_HIv3___RNAseq.g44528.t1,ko00980
Montipora_capitata_HIv3___RNAseq.g44528.t1,ko01100
Montipora_capitata_HIv3___RNAseq.g44528.t1,ko05204
Montipora_capitata_HIv3___RNAseq.g44529.t1,ko00510
Montipora_capitata_HIv3___RNAseq.g44529.t1,ko00513
Montipora_capitata_HIv3___RNAseq.g44529.t1,ko01100
Montipora_capitata_HIv3___RNAseq.g44510.t2,ko04015
Montipora_capitata_HIv3___RNAseq.g44510.t2,ko04145
Montipora_capitata_HIv3___RNAseq.g44510.t2,ko04210
Montipora_capitata_HIv3___RNAseq.g44510.t2,ko04390
Montipora_capitata_HIv3___RNAseq.g44510.t2,ko04391
Montipora_capitata_HIv3___RNAseq.g44510.t2,ko04510
Montipora_capitata_HIv3___RNAseq.g44510.t2,ko04520
Montipora_capitata_HIv3___RNAseq.g44510.t2,ko04530
Montipora_capitata_HIv3___RNAseq.g44510.t2,ko04611
Montipora_capitata_HIv3___RNAseq.g44510.t2,ko04670
Montipora_capitata_HIv3___RNAseq.g44510.t2,ko04714
Montipora_capitata_HIv3___RNAseq.g44510.t2,ko04745
Montipora_capitata_HIv3___RNAseq.g44510.t2,ko04810
Montipora_capitata_HIv3___RNAseq.g44510.t2,ko04919
Montipora_capitata_HIv3___RNAseq.g44510.t2,ko04921
Montipora_capitata_HIv3___RNAseq.g44510.t2,ko05100
Montipora_capitata_HIv3___RNAseq.g44510.t2,ko05110
Montipora_capitata_HIv3___RNAseq.g44510.t2,ko05130
Montipora_capitata_HIv3___RNAseq.g44510.t2,ko05131
Montipora_capitata_HIv3___RNAseq.g44510.t2,ko05132
Montipora_capitata_HIv3___RNAseq.g44510.t2,ko05164
Montipora_capitata_HIv3___RNAseq.g44510.t2,ko05205
Montipora_capitata_HIv3___RNAseq.g44510.t2,ko05225
Montipora_capitata_HIv3___RNAseq.g44510.t2,ko05410
Montipora_capitata_HIv3___RNAseq.g44510.t2,ko05412
Montipora_capitata_HIv3___RNAseq.g44510.t2,ko05414
Montipora_capitata_HIv3___RNAseq.g44510.t2,ko05416
Montipora_capitata_HIv3___RNAseq.g44510.t2,ko05418
Montipora_capitata_HIv3___RNAseq.g44512.t1,ko04015
Montipora_capitata_HIv3___RNAseq.g44512.t1,ko04145
Montipora_capitata_HIv3___RNAseq.g44512.t1,ko04210
Montipora_capitata_HIv3___RNAseq.g44512.t1,ko04390
Montipora_capitata_HIv3___RNAseq.g44512.t1,ko04391
Montipora_capitata_HIv3___RNAseq.g44512.t1,ko04510
Montipora_capitata_HIv3___RNAseq.g44512.t1,ko04520
Montipora_capitata_HIv3___RNAseq.g44512.t1,ko04530
Montipora_capitata_HIv3___RNAseq.g44512.t1,ko04611
Montipora_capitata_HIv3___RNAseq.g44512.t1,ko04670
Montipora_capitata_HIv3___RNAseq.g44512.t1,ko04714
Montipora_capitata_HIv3___RNAseq.g44512.t1,ko04745
Montipora_capitata_HIv3___RNAseq.g44512.t1,ko04810
Montipora_capitata_HIv3___RNAseq.g44512.t1,ko04919
Montipora_capitata_HIv3___RNAseq.g44512.t1,ko04921
Montipora_capitata_HIv3___RNAseq.g44512.t1,ko05100
Montipora_capitata_HIv3___RNAseq.g44512.t1,ko05110
Montipora_capitata_HIv3___RNAseq.g44512.t1,ko05130
Montipora_capitata_HIv3___RNAseq.g44512.t1,ko05131
Montipora_capitata_HIv3___RNAseq.g44512.t1,ko05132
Montipora_capitata_HIv3___RNAseq.g44512.t1,ko05164
Montipora_capitata_HIv3___RNAseq.g44512.t1,ko05205
Montipora_capitata_HIv3___RNAseq.g44512.t1,ko05225
Montipora_capitata_HIv3___RNAseq.g44512.t1,ko05410
Montipora_capitata_HIv3___RNAseq.g44512.t1,ko05412
Montipora_capitata_HIv3___RNAseq.g44512.t1,ko05414
Montipora_capitata_HIv3___RNAseq.g44512.t1,ko05416
Montipora_capitata_HIv3___RNAseq.g44512.t1,ko05418
Montipora_capitata_HIv3___RNAseq.g44516.t1,ko00532
Montipora_capitata_HIv3___RNAseq.g44516.t1,ko01100
Montipora_capitata_HIv3___RNAseq.g44518.t1,ko00350
Montipora_capitata_HIv3___RNAseq.g44518.t1,ko00983
Montipora_capitata_HIv3___RNAseq.g44518.t1,ko01100
Montipora_capitata_HIv3___RNAseq.g44518.t1,ko04145
Montipora_capitata_HIv3___RNAseq.g44518.t1,ko04918
Montipora_capitata_HIv3___RNAseq.g44518.t1,ko05202
Montipora_capitata_HIv3___RNAseq.g44518.t1,ko05221
Montipora_capitata_HIv3___RNAseq.g44518.t1,ko05310
Montipora_capitata_HIv3___RNAseq.g44518.t1,ko05320
Montipora_capitata_HIv3___RNAseq.g44519.t1,ko00350
Montipora_capitata_HIv3___RNAseq.g44519.t1,ko00983
Montipora_capitata_HIv3___RNAseq.g44519.t1,ko01100
Montipora_capitata_HIv3___RNAseq.g44519.t1,ko04145
Montipora_capitata_HIv3___RNAseq.g44519.t1,ko04918
Montipora_capitata_HIv3___RNAseq.g44519.t1,ko05202
Montipora_capitata_HIv3___RNAseq.g44519.t1,ko05221
Montipora_capitata_HIv3___RNAseq.g44519.t1,ko05310
Montipora_capitata_HIv3___RNAseq.g44519.t1,ko05320
Montipora_capitata_HIv3___TS.g45646.t2,ko00260
Montipora_capitata_HIv3___TS.g45646.t2,ko00270
Montipora_capitata_HIv3___TS.g45646.t2,ko01100
Montipora_capitata_HIv3___TS.g45646.t2,ko01110
Montipora_capitata_HIv3___RNAseq.g44535.t1,ko05016
Montipora_capitata_HIv3___RNAseq.g44536.t1,ko05016
Montipora_capitata_HIv3___RNAseq.g44538.t1,ko00071
Montipora_capitata_HIv3___RNAseq.g44538.t1,ko00590
Montipora_capitata_HIv3___RNAseq.g44538.t1,ko00830
Montipora_capitata_HIv3___RNAseq.g44538.t1,ko01100
Montipora_capitata_HIv3___RNAseq.g44538.t1,ko04270
Montipora_capitata_HIv3___RNAseq.g44539.t1,ko00512
Montipora_capitata_HIv3___RNAseq.g44539.t1,ko01100
Montipora_capitata_HIv3___RNAseq.g44543.t2,ko04012
Montipora_capitata_HIv3___RNAseq.g44543.t2,ko04014
Montipora_capitata_HIv3___RNAseq.g44543.t2,ko04360
Montipora_capitata_HIv3___RNAseq.g44543.t2,ko04510
Montipora_capitata_HIv3___RNAseq.g44543.t2,ko04660
Montipora_capitata_HIv3___RNAseq.g44543.t2,ko04810
Montipora_capitata_HIv3___RNAseq.g44543.t2,ko05206
Montipora_capitata_HIv3___RNAseq.g44543.t2,ko05211
Montipora_capitata_HIv3___RNAseq.g44586.t1,ko04138
Montipora_capitata_HIv3___RNAseq.g44586.t1,ko04140
Montipora_capitata_HIv3___RNAseq.g44586.t1,ko04141
Montipora_capitata_HIv3___RNAseq.g44586.t1,ko05160
Montipora_capitata_HIv3___RNAseq.g44586.t1,ko05162
Montipora_capitata_HIv3___RNAseq.g44586.t1,ko05164
Montipora_capitata_HIv3___RNAseq.g44586.t1,ko05168
Montipora_capitata_HIv3___RNAseq.g44586.t1,ko05169
Montipora_capitata_HIv3___RNAseq.g44593.t1,ko00620
Montipora_capitata_HIv3___RNAseq.g44593.t1,ko00627
Montipora_capitata_HIv3___RNAseq.g44593.t1,ko01120
Montipora_capitata_HIv3___RNAseq.g44590.t1,ko04330
Montipora_capitata_HIv3___RNAseq.g44621.t1,ko04130
Montipora_capitata_HIv3___RNAseq.21109_t,ko04015
Montipora_capitata_HIv3___RNAseq.21109_t,ko04310
Montipora_capitata_HIv3___RNAseq.21109_t,ko04390
Montipora_capitata_HIv3___RNAseq.21109_t,ko04510
Montipora_capitata_HIv3___RNAseq.21109_t,ko04520
Montipora_capitata_HIv3___RNAseq.21109_t,ko04550
Montipora_capitata_HIv3___RNAseq.21109_t,ko04670
Montipora_capitata_HIv3___RNAseq.21109_t,ko04916
Montipora_capitata_HIv3___RNAseq.21109_t,ko04919
Montipora_capitata_HIv3___RNAseq.21109_t,ko04934
Montipora_capitata_HIv3___RNAseq.21109_t,ko05100
Montipora_capitata_HIv3___RNAseq.21109_t,ko05130
Montipora_capitata_HIv3___RNAseq.21109_t,ko05165
Montipora_capitata_HIv3___RNAseq.21109_t,ko05166
Montipora_capitata_HIv3___RNAseq.21109_t,ko05167
Montipora_capitata_HIv3___RNAseq.21109_t,ko05200
Montipora_capitata_HIv3___RNAseq.21109_t,ko05205
Montipora_capitata_HIv3___RNAseq.21109_t,ko05210
Montipora_capitata_HIv3___RNAseq.21109_t,ko05213
Montipora_capitata_HIv3___RNAseq.21109_t,ko05215
Montipora_capitata_HIv3___RNAseq.21109_t,ko05216
Montipora_capitata_HIv3___RNAseq.21109_t,ko05217
Montipora_capitata_HIv3___RNAseq.21109_t,ko05224
Montipora_capitata_HIv3___RNAseq.21109_t,ko05225
Montipora_capitata_HIv3___RNAseq.21109_t,ko05226
Montipora_capitata_HIv3___RNAseq.21109_t,ko05412
Montipora_capitata_HIv3___RNAseq.21109_t,ko05418
Montipora_capitata_HIv3___RNAseq.g44639.t1,ko04940
Montipora_capitata_HIv3___RNAseq.g44646.t1,ko00670
Montipora_capitata_HIv3___RNAseq.g44646.t1,ko01100
Montipora_capitata_HIv3___TS.g45780.t2,ko00670
Montipora_capitata_HIv3___TS.g45780.t2,ko01100
Montipora_capitata_HIv3___RNAseq.g44654.t2,ko05016
Montipora_capitata_HIv3___RNAseq.g44666.t1,ko00230
Montipora_capitata_HIv3___RNAseq.g44666.t1,ko00730
Montipora_capitata_HIv3___RNAseq.g44666.t1,ko01100
Montipora_capitata_HIv3___RNAseq.g44664.t1,ko04340
Montipora_capitata_HIv3___RNAseq.g44664.t1,ko04918
Montipora_capitata_HIv3___RNAseq.g44664.t1,ko04979
Montipora_capitata_HIv3___RNAseq.g44703.t1,ko00052
Montipora_capitata_HIv3___RNAseq.g44703.t1,ko00510
Montipora_capitata_HIv3___RNAseq.g44703.t1,ko00512
Montipora_capitata_HIv3___RNAseq.g44703.t1,ko00513
Montipora_capitata_HIv3___RNAseq.g44703.t1,ko00514
Montipora_capitata_HIv3___RNAseq.g44703.t1,ko00515
Montipora_capitata_HIv3___RNAseq.g44703.t1,ko00533
Montipora_capitata_HIv3___RNAseq.g44703.t1,ko00601
Montipora_capitata_HIv3___RNAseq.g44703.t1,ko01100
Montipora_capitata_HIv3___RNAseq.g44704.t1,ko00052
Montipora_capitata_HIv3___RNAseq.g44704.t1,ko00510
Montipora_capitata_HIv3___RNAseq.g44704.t1,ko00512
Montipora_capitata_HIv3___RNAseq.g44704.t1,ko00513
Montipora_capitata_HIv3___RNAseq.g44704.t1,ko00514
Montipora_capitata_HIv3___RNAseq.g44704.t1,ko00515
Montipora_capitata_HIv3___RNAseq.g44704.t1,ko00533
Montipora_capitata_HIv3___RNAseq.g44704.t1,ko00601
Montipora_capitata_HIv3___RNAseq.g44704.t1,ko01100
Montipora_capitata_HIv3___RNAseq.g44707.t1,ko04120
Montipora_capitata_HIv3___RNAseq.g44707.t1,ko04141
Montipora_capitata_HIv3___RNAseq.g44707.t1,ko05012
Montipora_capitata_HIv3___RNAseq.g44708.t1,ko03018
Montipora_capitata_HIv3___RNAseq.g44708.t1,ko03040
Montipora_capitata_HIv3___RNAseq.g44715.t1,ko04136
Montipora_capitata_HIv3___RNAseq.g44715.t1,ko04137
Montipora_capitata_HIv3___RNAseq.g44715.t1,ko04138
Montipora_capitata_HIv3___RNAseq.g44715.t1,ko04140
Montipora_capitata_HIv3___RNAseq.g44715.t1,ko04215
Montipora_capitata_HIv3___RNAseq.g44715.t1,ko04371
Montipora_capitata_HIv3___RNAseq.g44715.t1,ko05167
Montipora_capitata_HIv3___RNAseq.g44716.t1,ko04142
Montipora_capitata_HIv3___RNAseq.g44717.t1,ko04212
Montipora_capitata_HIv3___RNAseq.g44729.t1,ko00564
Montipora_capitata_HIv3___RNAseq.g44729.t1,ko01110
Montipora_capitata_HIv3___RNAseq.g44752.t1,ko03010
Montipora_capitata_HIv3___RNAseq.g44747.t1,ko04110
Montipora_capitata_HIv3___RNAseq.g44747.t1,ko04111
Montipora_capitata_HIv3___RNAseq.g44747.t1,ko04113
Montipora_capitata_HIv3___RNAseq.g44771.t1,ko04014
Montipora_capitata_HIv3___RNAseq.g44771.t1,ko04144
Montipora_capitata_HIv3___RNAseq.g44771.t1,ko04145
Montipora_capitata_HIv3___RNAseq.g44771.t1,ko04962
Montipora_capitata_HIv3___RNAseq.g44771.t1,ko05146
Montipora_capitata_HIv3___RNAseq.g44771.t1,ko05152
Montipora_capitata_HIv3___RNAseq.g44772.t1,ko04110
Montipora_capitata_HIv3___RNAseq.g44772.t1,ko04111
Montipora_capitata_HIv3___RNAseq.g44772.t1,ko04113
Montipora_capitata_HIv3___RNAseq.g44772.t1,ko04114
Montipora_capitata_HIv3___RNAseq.g44772.t1,ko04120
Montipora_capitata_HIv3___RNAseq.g44772.t1,ko04914
Montipora_capitata_HIv3___RNAseq.g44772.t1,ko05166
Montipora_capitata_HIv3___RNAseq.g44774.t1,ko00330
Montipora_capitata_HIv3___RNAseq.g44774.t1,ko01100
Montipora_capitata_HIv3___TS.g45913.t1,ko04666
Montipora_capitata_HIv3___TS.g45913.t1,ko04810
Montipora_capitata_HIv3___TS.g45913.t1,ko05203
Montipora_capitata_HIv3___RNAseq.g44778.t1b,ko03013
Montipora_capitata_HIv3___RNAseq.g44802.t1,ko04066
Montipora_capitata_HIv3___RNAseq.g44802.t1,ko05200
Montipora_capitata_HIv3___RNAseq.g44802.t1,ko05211
Montipora_capitata_HIv3___RNAseq.g44814.t1,ko04066
Montipora_capitata_HIv3___RNAseq.g44814.t1,ko04120
Montipora_capitata_HIv3___RNAseq.g44814.t1,ko04137
Montipora_capitata_HIv3___RNAseq.g44814.t1,ko04140
Montipora_capitata_HIv3___RNAseq.g44814.t1,ko04212
Montipora_capitata_HIv3___RNAseq.g44814.t1,ko04214
Montipora_capitata_HIv3___RNAseq.g44814.t1,ko04215
Montipora_capitata_HIv3___RNAseq.g44814.t1,ko04659
Montipora_capitata_HIv3___RNAseq.g44814.t1,ko04919
Montipora_capitata_HIv3___RNAseq.g44814.t1,ko05167
Montipora_capitata_HIv3___RNAseq.g44814.t1,ko05200
Montipora_capitata_HIv3___RNAseq.g44814.t1,ko05205
Montipora_capitata_HIv3___RNAseq.g44814.t1,ko05211
Montipora_capitata_HIv3___RNAseq.g44814.t1,ko05230
Montipora_capitata_HIv3___RNAseq.g44814.t1,ko05231
Montipora_capitata_HIv3___RNAseq.g44830.t1,ko04110
Montipora_capitata_HIv3___RNAseq.g44830.t1,ko04111
Montipora_capitata_HIv3___RNAseq.g44830.t1,ko04113
Montipora_capitata_HIv3___RNAseq.g44830.t1,ko04114
Montipora_capitata_HIv3___RNAseq.g44830.t1,ko04914
Montipora_capitata_HIv3___RNAseq.g44830.t1,ko05166
Montipora_capitata_HIv3___RNAseq.g44831.t1,ko05225
Montipora_capitata_HIv3___RNAseq.g44834.t1,ko04141
Montipora_capitata_HIv3___RNAseq.g44835.t1,ko04141
Montipora_capitata_HIv3___RNAseq.g44836.t1,ko04141
Montipora_capitata_HIv3___TS.g45999.t1,ko00220
Montipora_capitata_HIv3___TS.g45999.t1,ko00250
Montipora_capitata_HIv3___TS.g45999.t1,ko00910
Montipora_capitata_HIv3___TS.g45999.t1,ko01100
Montipora_capitata_HIv3___TS.g45999.t1,ko01120
Montipora_capitata_HIv3___TS.g45999.t1,ko01200
Montipora_capitata_HIv3___TS.g45999.t1,ko01230
Montipora_capitata_HIv3___RNAseq.g44860.t1,ko00220
Montipora_capitata_HIv3___RNAseq.g44860.t1,ko01100
Montipora_capitata_HIv3___RNAseq.g44860.t1,ko01110
Montipora_capitata_HIv3___RNAseq.g44860.t1,ko01210
Montipora_capitata_HIv3___RNAseq.g44860.t1,ko01230
Montipora_capitata_HIv3___RNAseq.g44868.t1,ko04141
Montipora_capitata_HIv3___TS.g46018.t3,ko04010
Montipora_capitata_HIv3___TS.g46018.t3,ko04013
Montipora_capitata_HIv3___TS.g46018.t3,ko04214
Montipora_capitata_HIv3___RNAseq.g44880.t1,ko04130
Montipora_capitata_HIv3___TS.g46029.t1,ko00280
Montipora_capitata_HIv3___RNAseq.g44911.t1,ko04138
Montipora_capitata_HIv3___RNAseq.g44911.t1,ko04530
Montipora_capitata_HIv3___RNAseq.g44925.t1,ko00860
Montipora_capitata_HIv3___RNAseq.g44925.t1,ko00970
Montipora_capitata_HIv3___RNAseq.g44925.t1,ko01100
Montipora_capitata_HIv3___RNAseq.g44925.t1,ko01110
Montipora_capitata_HIv3___RNAseq.g44925.t1,ko01120
Montipora_capitata_HIv3___RNAseq.g44947.t1,ko01524
Montipora_capitata_HIv3___RNAseq.g44947.t1,ko03460
Montipora_capitata_HIv3___RNAseq.g44949.t1,ko03040
Montipora_capitata_HIv3___RNAseq.g44950.t1,ko00790
Montipora_capitata_HIv3___RNAseq.g44950.t1,ko01100
Montipora_capitata_HIv3___RNAseq.g44968.t1,ko04010
Montipora_capitata_HIv3___RNAseq.g44975.t2,ko00230
Montipora_capitata_HIv3___RNAseq.g44975.t2,ko04020
Montipora_capitata_HIv3___RNAseq.g44975.t2,ko04024
Montipora_capitata_HIv3___RNAseq.g44975.t2,ko04740
Montipora_capitata_HIv3___RNAseq.g44975.t2,ko04742
Montipora_capitata_HIv3___RNAseq.g44975.t2,ko04924
Montipora_capitata_HIv3___RNAseq.g44975.t2,ko04927
Montipora_capitata_HIv3___RNAseq.g44975.t2,ko04934
Montipora_capitata_HIv3___RNAseq.g44975.t2,ko05032
Montipora_capitata_HIv3___TS.g46109.t1b,ko00510
Montipora_capitata_HIv3___TS.g46109.t1b,ko00515
Montipora_capitata_HIv3___TS.g46109.t1b,ko01100
Montipora_capitata_HIv3___RNAseq.g44973.t1,ko04144
Montipora_capitata_HIv3___RNAseq.g44979.t1,ko00515
Montipora_capitata_HIv3___RNAseq.g44979.t1,ko01100
Montipora_capitata_HIv3___RNAseq.g44992.t1,ko00510
Montipora_capitata_HIv3___RNAseq.g44992.t1,ko00515
Montipora_capitata_HIv3___RNAseq.g44992.t1,ko01100
Montipora_capitata_HIv3___TS.g46131.t2,ko00510
Montipora_capitata_HIv3___TS.g46131.t2,ko00513
Montipora_capitata_HIv3___TS.g46131.t2,ko00533
Montipora_capitata_HIv3___TS.g46131.t2,ko01100
Montipora_capitata_HIv3___TS.g46131.t2,ko05202
Montipora_capitata_HIv3___RNAseq.g45000.t1,ko04010
Montipora_capitata_HIv3___RNAseq.g44999.t1,ko04010
Montipora_capitata_HIv3___RNAseq.g44999.t1,ko05200
Montipora_capitata_HIv3___RNAseq.g44999.t1,ko05202
Montipora_capitata_HIv3___RNAseq.g44999.t1,ko05222
Montipora_capitata_HIv3___TS.g46137.t1a,ko04711
Montipora_capitata_HIv3___TS.g46142.t2,ko01100
Montipora_capitata_HIv3___TS.g46142.t2,ko04727
Montipora_capitata_HIv3___RNAseq.g45008.t1,ko00310
Montipora_capitata_HIv3___TS.g46147.t2,ko00230
Montipora_capitata_HIv3___TS.g46147.t2,ko00240
Montipora_capitata_HIv3___RNAseq.g45024.t1,ko04919
Montipora_capitata_HIv3___RNAseq.g45024.t1,ko04974
Montipora_capitata_HIv3___RNAseq.21539_t,ko00510
Montipora_capitata_HIv3___RNAseq.21539_t,ko00515
Montipora_capitata_HIv3___RNAseq.21539_t,ko01100
Montipora_capitata_HIv3___RNAseq.g45027.t1,ko03050
Montipora_capitata_HIv3___RNAseq.g45030.t1,ko04140
Montipora_capitata_HIv3___RNAseq.g45030.t1,ko04142
Montipora_capitata_HIv3___RNAseq.g45030.t1,ko04145
Montipora_capitata_HIv3___RNAseq.g45030.t1,ko04210
Montipora_capitata_HIv3___RNAseq.g45030.t1,ko04612
Montipora_capitata_HIv3___RNAseq.g45030.t1,ko05205
Montipora_capitata_HIv3___RNAseq.g45030.t1,ko05323
Montipora_capitata_HIv3___RNAseq.g45030.t1,ko05418
Montipora_capitata_HIv3___TS.g46166.t1,ko04140
Montipora_capitata_HIv3___TS.g46166.t1,ko04142
Montipora_capitata_HIv3___TS.g46166.t1,ko04145
Montipora_capitata_HIv3___TS.g46166.t1,ko04210
Montipora_capitata_HIv3___TS.g46166.t1,ko04612
Montipora_capitata_HIv3___TS.g46166.t1,ko05205
Montipora_capitata_HIv3___TS.g46166.t1,ko05323
Montipora_capitata_HIv3___TS.g46166.t1,ko05418
Montipora_capitata_HIv3___RNAseq.21580_t,ko04550
Montipora_capitata_HIv3___RNAseq.g45059.t1,ko05225
Montipora_capitata_HIv3___RNAseq.g45071.t1,ko03410
Montipora_capitata_HIv3___RNAseq.g45111.t1,ko03013
Montipora_capitata_HIv3___RNAseq.g45111.t1,ko05169
Montipora_capitata_HIv3___RNAseq.g45118.t1,ko04120
Montipora_capitata_HIv3___RNAseq.g45122.t1,ko03410
Montipora_capitata_HIv3___RNAseq.g45129.t1,ko00051
Montipora_capitata_HIv3___RNAseq.g45129.t1,ko00520
Montipora_capitata_HIv3___RNAseq.g45129.t1,ko01100
Montipora_capitata_HIv3___RNAseq.g45129.t1,ko01110
Montipora_capitata_HIv3___RNAseq.g45129.t1,ko04141
Montipora_capitata_HIv3___RNAseq.g45163.t1,ko00230
Montipora_capitata_HIv3___RNAseq.g45163.t1,ko04022
Montipora_capitata_HIv3___RNAseq.g45163.t1,ko04024
Montipora_capitata_HIv3___RNAseq.g45163.t1,ko04270
Montipora_capitata_HIv3___RNAseq.g45163.t1,ko04714
Montipora_capitata_HIv3___RNAseq.g45163.t1,ko04921
Montipora_capitata_HIv3___RNAseq.g45163.t1,ko04923
Montipora_capitata_HIv3___RNAseq.g45163.t1,ko04924
Montipora_capitata_HIv3___RNAseq.g45163.t1,ko04925
Montipora_capitata_HIv3___RNAseq.g45145.t1,ko04144
Montipora_capitata_HIv3___RNAseq.g45145.t1,ko04217
Montipora_capitata_HIv3___TS.g46326.t1b,ko04010
Montipora_capitata_HIv3___TS.g46326.t1b,ko04013
Montipora_capitata_HIv3___TS.g46326.t1b,ko04060
Montipora_capitata_HIv3___TS.g46326.t1b,ko04068
Montipora_capitata_HIv3___TS.g46326.t1b,ko04144
Montipora_capitata_HIv3___TS.g46326.t1b,ko04218
Montipora_capitata_HIv3___TS.g46326.t1b,ko04350
Montipora_capitata_HIv3___TS.g46326.t1b,ko04360
Montipora_capitata_HIv3___TS.g46326.t1b,ko04371
Montipora_capitata_HIv3___TS.g46326.t1b,ko04380
Montipora_capitata_HIv3___TS.g46326.t1b,ko04390
Montipora_capitata_HIv3___TS.g46326.t1b,ko04520
Montipora_capitata_HIv3___TS.g46326.t1b,ko04550
Montipora_capitata_HIv3___TS.g46326.t1b,ko04659
Montipora_capitata_HIv3___TS.g46326.t1b,ko04926
Montipora_capitata_HIv3___TS.g46326.t1b,ko04933
Montipora_capitata_HIv3___TS.g46326.t1b,ko05142
Montipora_capitata_HIv3___TS.g46326.t1b,ko05161
Montipora_capitata_HIv3___TS.g46326.t1b,ko05166
Montipora_capitata_HIv3___TS.g46326.t1b,ko05200
Montipora_capitata_HIv3___TS.g46326.t1b,ko05210
Montipora_capitata_HIv3___TS.g46326.t1b,ko05212
Montipora_capitata_HIv3___TS.g46326.t1b,ko05220
Montipora_capitata_HIv3___TS.g46326.t1b,ko05225
Montipora_capitata_HIv3___TS.g46326.t1b,ko05226
Montipora_capitata_HIv3___TS.g46326.t1b,ko05418
Montipora_capitata_HIv3___RNAseq.g45175.t1,ko00350
Montipora_capitata_HIv3___RNAseq.g45175.t1,ko00643
Montipora_capitata_HIv3___RNAseq.g45175.t1,ko01100
Montipora_capitata_HIv3___RNAseq.g45175.t1,ko01120
Montipora_capitata_HIv3___RNAseq.g45178.t1,ko04120
Montipora_capitata_HIv3___RNAseq.g45182.t1,ko04130
Montipora_capitata_HIv3___RNAseq.g45182.t1,ko04611
Montipora_capitata_HIv3___RNAseq.g45182.t1,ko04721
Montipora_capitata_HIv3___RNAseq.g45182.t1,ko04911
Montipora_capitata_HIv3___TS.g46357.t1,ko00350
Montipora_capitata_HIv3___TS.g46357.t1,ko00643
Montipora_capitata_HIv3___TS.g46357.t1,ko01100
Montipora_capitata_HIv3___TS.g46357.t1,ko01120
Montipora_capitata_HIv3___RNAseq.g45235.t2,ko04010
Montipora_capitata_HIv3___RNAseq.g45235.t2,ko04540
Montipora_capitata_HIv3___RNAseq.g45235.t2,ko04722
Montipora_capitata_HIv3___RNAseq.g45235.t2,ko04912
Montipora_capitata_HIv3___RNAseq.g45235.t2,ko05166
Montipora_capitata_HIv3___RNAseq.g45236.t1b,ko04010
Montipora_capitata_HIv3___RNAseq.g45236.t1b,ko04540
Montipora_capitata_HIv3___RNAseq.g45236.t1b,ko04722
Montipora_capitata_HIv3___RNAseq.g45236.t1b,ko04912
Montipora_capitata_HIv3___RNAseq.g45236.t1b,ko05166
Montipora_capitata_HIv3___RNAseq.g45238.t1,ko03040
Montipora_capitata_HIv3___TS.g46398.t2,ko02010
Montipora_capitata_HIv3___RNAseq.g45250.t1,ko03050
Montipora_capitata_HIv3___RNAseq.g45274.t1,ko04144
Montipora_capitata_HIv3___RNAseq.g45260.t1,ko04138
Montipora_capitata_HIv3___RNAseq.g45265.t1,ko00515
Montipora_capitata_HIv3___RNAseq.g45265.t1,ko01100
Montipora_capitata_HIv3___TS.g46416.t2,ko00330
Montipora_capitata_HIv3___TS.g46416.t2,ko01100
Montipora_capitata_HIv3___RNAseq.g45276.t1,ko03018
Montipora_capitata_HIv3___RNAseq.g45279.t1,ko00230
Montipora_capitata_HIv3___RNAseq.g45279.t1,ko00240
Montipora_capitata_HIv3___RNAseq.g45279.t1,ko01100
Montipora_capitata_HIv3___RNAseq.g45279.t1,ko03030
Montipora_capitata_HIv3___RNAseq.g45280.t1,ko04974
Montipora_capitata_HIv3___RNAseq.g45282.t1,ko03010
Montipora_capitata_HIv3___RNAseq.g45304.t1,ko04145
Montipora_capitata_HIv3___RNAseq.g45304.t1,ko04540
Montipora_capitata_HIv3___RNAseq.g45304.t1,ko05130
Montipora_capitata_HIv3___RNAseq.g45305.t1,ko04141
Montipora_capitata_HIv3___TS.g46454.t2,ko03013
Montipora_capitata_HIv3___TS.g46442.t1,ko00230
Montipora_capitata_HIv3___TS.g46442.t1,ko00240
Montipora_capitata_HIv3___TS.g46442.t1,ko00760
Montipora_capitata_HIv3___TS.g46442.t1,ko01100
Montipora_capitata_HIv3___TS.g46442.t1,ko01110
Montipora_capitata_HIv3___RNAseq.g45338.t1,ko04024
Montipora_capitata_HIv3___RNAseq.g45338.t1,ko04080
Montipora_capitata_HIv3___RNAseq.g45338.t1,ko04913
Montipora_capitata_HIv3___RNAseq.g45340.t2,ko04024
Montipora_capitata_HIv3___RNAseq.g45340.t2,ko04080
Montipora_capitata_HIv3___RNAseq.g45340.t2,ko04913
Montipora_capitata_HIv3___RNAseq.g45334.t1,ko04142
Montipora_capitata_HIv3___RNAseq.g45335.t2,ko03040
Montipora_capitata_HIv3___RNAseq.g45335.t2,ko05164
Montipora_capitata_HIv3___TS.g46485.t3,ko03040
Montipora_capitata_HIv3___TS.g46485.t3,ko05164
Montipora_capitata_HIv3___TS.g46502.t3b,ko00230
Montipora_capitata_HIv3___TS.g46502.t3b,ko00240
Montipora_capitata_HIv3___TS.g46502.t3b,ko00500
Montipora_capitata_HIv3___TS.g46502.t3b,ko00740
Montipora_capitata_HIv3___TS.g46502.t3b,ko00760
Montipora_capitata_HIv3___TS.g46502.t3b,ko00770
Montipora_capitata_HIv3___TS.g46502.t3b,ko01100
Montipora_capitata_HIv3___RNAseq.g45344.t1,ko04146
Montipora_capitata_HIv3___RNAseq.g45355.t1,ko04144
Montipora_capitata_HIv3___TS.g46510.t2,ko04013
Montipora_capitata_HIv3___TS.g46510.t2,ko04060
Montipora_capitata_HIv3___TS.g46510.t2,ko04350
Montipora_capitata_HIv3___TS.g46510.t2,ko04360
Montipora_capitata_HIv3___TS.g46510.t2,ko04390
Montipora_capitata_HIv3___TS.g46510.t2,ko04550
Montipora_capitata_HIv3___TS.g46510.t2,ko05418
Montipora_capitata_HIv3___RNAseq.g45362.t1,ko03022
Montipora_capitata_HIv3___RNAseq.g45362.t1,ko05203
Montipora_capitata_HIv3___RNAseq.g45363.t1,ko05202
Montipora_capitata_HIv3___RNAseq.g45372.t1,ko04977
Montipora_capitata_HIv3___RNAseq.g45378.t1,ko04141
Montipora_capitata_HIv3___RNAseq.g45400.t1,ko04141
Montipora_capitata_HIv3___RNAseq.g45408.t1,ko05168
Montipora_capitata_HIv3___RNAseq.g45411.t1,ko04659
Montipora_capitata_HIv3___RNAseq.g45411.t1,ko04934
Montipora_capitata_HIv3___TS.g46561.t1,ko03060
Montipora_capitata_HIv3___TS.g46561.t1,ko04141
Montipora_capitata_HIv3___TS.g46561.t1,ko04145
Montipora_capitata_HIv3___TS.g46561.t1,ko05110
Montipora_capitata_HIv3___RNAseq.g45428.t1,ko04725
Montipora_capitata_HIv3___RNAseq.g45428.t1,ko04921
Montipora_capitata_HIv3___RNAseq.g45424.t1,ko04120
Montipora_capitata_HIv3___RNAseq.g45425.t1,ko00230
Montipora_capitata_HIv3___RNAseq.g45426.t1,ko04120
Montipora_capitata_HIv3___RNAseq.g45418.t1,ko04144
Montipora_capitata_HIv3___RNAseq.g45419.t1,ko04022
Montipora_capitata_HIv3___RNAseq.g45419.t1,ko04024
Montipora_capitata_HIv3___RNAseq.g45419.t1,ko04270
Montipora_capitata_HIv3___RNAseq.g45419.t1,ko04510
Montipora_capitata_HIv3___RNAseq.g45419.t1,ko04530
Montipora_capitata_HIv3___RNAseq.g45419.t1,ko04611
Montipora_capitata_HIv3___RNAseq.g45419.t1,ko04670
Montipora_capitata_HIv3___RNAseq.g45419.t1,ko04810
Montipora_capitata_HIv3___RNAseq.g45419.t1,ko04921
Montipora_capitata_HIv3___RNAseq.21978_t,ko04120
Montipora_capitata_HIv3___RNAseq.g45421.t1,ko04510
Montipora_capitata_HIv3___RNAseq.g45421.t1,ko04530
Montipora_capitata_HIv3___RNAseq.g45421.t1,ko04611
Montipora_capitata_HIv3___RNAseq.g45421.t1,ko04670
Montipora_capitata_HIv3___RNAseq.g45421.t1,ko04810
Montipora_capitata_HIv3___RNAseq.g45422.t1,ko04120
Montipora_capitata_HIv3___TS.g46586.t1,ko03018
Montipora_capitata_HIv3___RNAseq.g45441.t1,ko04330
Montipora_capitata_HIv3___RNAseq.g45442.t1,ko04130
Montipora_capitata_HIv3___RNAseq.g45442.t1,ko04140
Montipora_capitata_HIv3___RNAseq.g45447.t1,ko04745
Montipora_capitata_HIv3___RNAseq.g45448.t1,ko03008
Montipora_capitata_HIv3___RNAseq.g45448.t1,ko03018
Montipora_capitata_HIv3___RNAseq.g45463.t1,ko03060
Montipora_capitata_HIv3___RNAseq.g45465.t1,ko03008
Montipora_capitata_HIv3___RNAseq.g45466.t1,ko00380
Montipora_capitata_HIv3___RNAseq.g45466.t1,ko01100
Montipora_capitata_HIv3___RNAseq.g45475.t1,ko03010
Montipora_capitata_HIv3___RNAseq.g45475.t1,ko04340
Montipora_capitata_HIv3___RNAseq.g45475.t1,ko04341
Montipora_capitata_HIv3___RNAseq.g45474.t1,ko02024
Montipora_capitata_HIv3___RNAseq.g45474.t1,ko03060
Montipora_capitata_HIv3___RNAseq.g45474.t1,ko03070
Montipora_capitata_HIv3___TS.g46635.t1,ko00562
Montipora_capitata_HIv3___TS.g46635.t1,ko01100
Montipora_capitata_HIv3___TS.g46635.t1,ko04011
Montipora_capitata_HIv3___TS.g46635.t1,ko04070
Montipora_capitata_HIv3___TS.g46635.t1,ko04072
Montipora_capitata_HIv3___TS.g46635.t1,ko04139
Montipora_capitata_HIv3___TS.g46635.t1,ko04144
Montipora_capitata_HIv3___TS.g46635.t1,ko04145
Montipora_capitata_HIv3___TS.g46635.t1,ko04666
Montipora_capitata_HIv3___TS.g46635.t1,ko04810
Montipora_capitata_HIv3___TS.g46635.t1,ko05231
Montipora_capitata_HIv3___RNAseq.g45480.t1,ko04310
Montipora_capitata_HIv3___RNAseq.g45482.t1,ko00270
Montipora_capitata_HIv3___RNAseq.g45482.t1,ko00920
Montipora_capitata_HIv3___RNAseq.g45482.t1,ko01100
Montipora_capitata_HIv3___RNAseq.g45482.t1,ko01110
Montipora_capitata_HIv3___RNAseq.g45482.t1,ko01120
Montipora_capitata_HIv3___RNAseq.g45482.t1,ko01130
Montipora_capitata_HIv3___RNAseq.g45482.t1,ko01200
Montipora_capitata_HIv3___RNAseq.g45482.t1,ko01230
Montipora_capitata_HIv3___TS.g46637.t1,ko01521
Montipora_capitata_HIv3___TS.g46637.t1,ko01522
Montipora_capitata_HIv3___TS.g46637.t1,ko01524
Montipora_capitata_HIv3___TS.g46637.t1,ko04010
Montipora_capitata_HIv3___TS.g46637.t1,ko04012
Montipora_capitata_HIv3___TS.g46637.t1,ko04014
Montipora_capitata_HIv3___TS.g46637.t1,ko04015
Montipora_capitata_HIv3___TS.g46637.t1,ko04022
Montipora_capitata_HIv3___TS.g46637.t1,ko04024
Montipora_capitata_HIv3___TS.g46637.t1,ko04062
Montipora_capitata_HIv3___TS.g46637.t1,ko04066
Montipora_capitata_HIv3___TS.g46637.t1,ko04068
Montipora_capitata_HIv3___TS.g46637.t1,ko04071
Montipora_capitata_HIv3___TS.g46637.t1,ko04072
Montipora_capitata_HIv3___TS.g46637.t1,ko04140
Montipora_capitata_HIv3___TS.g46637.t1,ko04150
Montipora_capitata_HIv3___TS.g46637.t1,ko04151
Montipora_capitata_HIv3___TS.g46637.t1,ko04152
Montipora_capitata_HIv3___TS.g46637.t1,ko04210
Montipora_capitata_HIv3___TS.g46637.t1,ko04211
Montipora_capitata_HIv3___TS.g46637.t1,ko04212
Montipora_capitata_HIv3___TS.g46637.t1,ko04213
Montipora_capitata_HIv3___TS.g46637.t1,ko04218
Montipora_capitata_HIv3___TS.g46637.t1,ko04261
Montipora_capitata_HIv3___TS.g46637.t1,ko04370
Montipora_capitata_HIv3___TS.g46637.t1,ko04371
Montipora_capitata_HIv3___TS.g46637.t1,ko04380
Montipora_capitata_HIv3___TS.g46637.t1,ko04510
Montipora_capitata_HIv3___TS.g46637.t1,ko04550
Montipora_capitata_HIv3___TS.g46637.t1,ko04611
Montipora_capitata_HIv3___TS.g46637.t1,ko04620
Montipora_capitata_HIv3___TS.g46637.t1,ko04630
Montipora_capitata_HIv3___TS.g46637.t1,ko04660
Montipora_capitata_HIv3___TS.g46637.t1,ko04662
Montipora_capitata_HIv3___TS.g46637.t1,ko04664
Montipora_capitata_HIv3___TS.g46637.t1,ko04666
Montipora_capitata_HIv3___TS.g46637.t1,ko04668
Montipora_capitata_HIv3___TS.g46637.t1,ko04722
Montipora_capitata_HIv3___TS.g46637.t1,ko04725
Montipora_capitata_HIv3___TS.g46637.t1,ko04728
Montipora_capitata_HIv3___TS.g46637.t1,ko04910
Montipora_capitata_HIv3___TS.g46637.t1,ko04914
Montipora_capitata_HIv3___TS.g46637.t1,ko04915
Montipora_capitata_HIv3___TS.g46637.t1,ko04917
Montipora_capitata_HIv3___TS.g46637.t1,ko04919
Montipora_capitata_HIv3___TS.g46637.t1,ko04920
Montipora_capitata_HIv3___TS.g46637.t1,ko04922
Montipora_capitata_HIv3___TS.g46637.t1,ko04923
Montipora_capitata_HIv3___TS.g46637.t1,ko04926
Montipora_capitata_HIv3___TS.g46637.t1,ko04931
Montipora_capitata_HIv3___TS.g46637.t1,ko04932
Montipora_capitata_HIv3___TS.g46637.t1,ko04933
Montipora_capitata_HIv3___TS.g46637.t1,ko04973
Montipora_capitata_HIv3___TS.g46637.t1,ko05142
Montipora_capitata_HIv3___TS.g46637.t1,ko05145
Montipora_capitata_HIv3___TS.g46637.t1,ko05152
Montipora_capitata_HIv3___TS.g46637.t1,ko05160
Montipora_capitata_HIv3___TS.g46637.t1,ko05161
Montipora_capitata_HIv3___TS.g46637.t1,ko05162
Montipora_capitata_HIv3___TS.g46637.t1,ko05164
Montipora_capitata_HIv3___TS.g46637.t1,ko05165
Montipora_capitata_HIv3___TS.g46637.t1,ko05166
Montipora_capitata_HIv3___TS.g46637.t1,ko05167
Montipora_capitata_HIv3___TS.g46637.t1,ko05169
Montipora_capitata_HIv3___TS.g46637.t1,ko05200
Montipora_capitata_HIv3___TS.g46637.t1,ko05205
Montipora_capitata_HIv3___TS.g46637.t1,ko05210
Montipora_capitata_HIv3___TS.g46637.t1,ko05211
Montipora_capitata_HIv3___TS.g46637.t1,ko05212
Montipora_capitata_HIv3___TS.g46637.t1,ko05213
Montipora_capitata_HIv3___TS.g46637.t1,ko05214
Montipora_capitata_HIv3___TS.g46637.t1,ko05215
Montipora_capitata_HIv3___TS.g46637.t1,ko05218
Montipora_capitata_HIv3___TS.g46637.t1,ko05220
Montipora_capitata_HIv3___TS.g46637.t1,ko05221
Montipora_capitata_HIv3___TS.g46637.t1,ko05222
Montipora_capitata_HIv3___TS.g46637.t1,ko05223
Montipora_capitata_HIv3___TS.g46637.t1,ko05224
Montipora_capitata_HIv3___TS.g46637.t1,ko05225
Montipora_capitata_HIv3___TS.g46637.t1,ko05226
Montipora_capitata_HIv3___TS.g46637.t1,ko05230
Montipora_capitata_HIv3___TS.g46637.t1,ko05231
Montipora_capitata_HIv3___TS.g46637.t1,ko05418
Montipora_capitata_HIv3___RNAseq.g45486.t1,ko04714
Montipora_capitata_HIv3___RNAseq.g45488.t1,ko04714
Montipora_capitata_HIv3___RNAseq.g45515.t1,ko03010
Montipora_capitata_HIv3___RNAseq.g45515.t1,ko04614
Montipora_capitata_HIv3___RNAseq.g45524.t1,ko00440
Montipora_capitata_HIv3___RNAseq.g45522.t1,ko00562
Montipora_capitata_HIv3___RNAseq.g45522.t1,ko01100
Montipora_capitata_HIv3___RNAseq.g45522.t1,ko04015
Montipora_capitata_HIv3___RNAseq.g45522.t1,ko04020
Montipora_capitata_HIv3___RNAseq.g45522.t1,ko04022
Montipora_capitata_HIv3___RNAseq.g45522.t1,ko04062
Montipora_capitata_HIv3___RNAseq.g45522.t1,ko04070
Montipora_capitata_HIv3___RNAseq.g45522.t1,ko04071
Montipora_capitata_HIv3___RNAseq.g45522.t1,ko04072
Montipora_capitata_HIv3___RNAseq.g45522.t1,ko04261
Montipora_capitata_HIv3___RNAseq.g45522.t1,ko04270
Montipora_capitata_HIv3___RNAseq.g45522.t1,ko04310
Montipora_capitata_HIv3___RNAseq.g45522.t1,ko04371
Montipora_capitata_HIv3___RNAseq.g45522.t1,ko04540
Montipora_capitata_HIv3___RNAseq.g45522.t1,ko04611
Montipora_capitata_HIv3___RNAseq.g45522.t1,ko04621
Montipora_capitata_HIv3___RNAseq.g45522.t1,ko04713
Montipora_capitata_HIv3___RNAseq.g45522.t1,ko04720
Montipora_capitata_HIv3___RNAseq.g45522.t1,ko04723
Montipora_capitata_HIv3___RNAseq.g45522.t1,ko04724
Montipora_capitata_HIv3___RNAseq.g45522.t1,ko04725
Montipora_capitata_HIv3___RNAseq.g45522.t1,ko04726
Montipora_capitata_HIv3___RNAseq.g45522.t1,ko04728
Montipora_capitata_HIv3___RNAseq.g45522.t1,ko04730
Montipora_capitata_HIv3___RNAseq.g45522.t1,ko04745
Montipora_capitata_HIv3___RNAseq.g45522.t1,ko04750
Montipora_capitata_HIv3___RNAseq.g45522.t1,ko04911
Montipora_capitata_HIv3___RNAseq.g45522.t1,ko04912
Montipora_capitata_HIv3___RNAseq.g45522.t1,ko04915
Montipora_capitata_HIv3___RNAseq.g45522.t1,ko04916
Montipora_capitata_HIv3___RNAseq.g45522.t1,ko04918
Montipora_capitata_HIv3___RNAseq.g45522.t1,ko04919
Montipora_capitata_HIv3___RNAseq.g45522.t1,ko04921
Montipora_capitata_HIv3___RNAseq.g45522.t1,ko04922
Montipora_capitata_HIv3___RNAseq.g45522.t1,ko04924
Montipora_capitata_HIv3___RNAseq.g45522.t1,ko04925
Montipora_capitata_HIv3___RNAseq.g45522.t1,ko04926
Montipora_capitata_HIv3___RNAseq.g45522.t1,ko04927
Montipora_capitata_HIv3___RNAseq.g45522.t1,ko04933
Montipora_capitata_HIv3___RNAseq.g45522.t1,ko04934
Montipora_capitata_HIv3___RNAseq.g45522.t1,ko04961
Montipora_capitata_HIv3___RNAseq.g45522.t1,ko04970
Montipora_capitata_HIv3___RNAseq.g45522.t1,ko04971
Montipora_capitata_HIv3___RNAseq.g45522.t1,ko04972
Montipora_capitata_HIv3___RNAseq.g45522.t1,ko05010
Montipora_capitata_HIv3___RNAseq.g45522.t1,ko05016
Montipora_capitata_HIv3___RNAseq.g45522.t1,ko05142
Montipora_capitata_HIv3___RNAseq.g45522.t1,ko05143
Montipora_capitata_HIv3___RNAseq.g45522.t1,ko05146
Montipora_capitata_HIv3___RNAseq.g45522.t1,ko05200
Montipora_capitata_HIv3___RNAseq.g45523.t1,ko00040
Montipora_capitata_HIv3___RNAseq.g45523.t1,ko00980
Montipora_capitata_HIv3___RNAseq.g45526.t1,ko00562
Montipora_capitata_HIv3___RNAseq.g45526.t1,ko01100
Montipora_capitata_HIv3___RNAseq.g45526.t1,ko04015
Montipora_capitata_HIv3___RNAseq.g45526.t1,ko04020
Montipora_capitata_HIv3___RNAseq.g45526.t1,ko04022
Montipora_capitata_HIv3___RNAseq.g45526.t1,ko04062
Montipora_capitata_HIv3___RNAseq.g45526.t1,ko04070
Montipora_capitata_HIv3___RNAseq.g45526.t1,ko04071
Montipora_capitata_HIv3___RNAseq.g45526.t1,ko04072
Montipora_capitata_HIv3___RNAseq.g45526.t1,ko04261
Montipora_capitata_HIv3___RNAseq.g45526.t1,ko04270
Montipora_capitata_HIv3___RNAseq.g45526.t1,ko04310
Montipora_capitata_HIv3___RNAseq.g45526.t1,ko04371
Montipora_capitata_HIv3___RNAseq.g45526.t1,ko04540
Montipora_capitata_HIv3___RNAseq.g45526.t1,ko04611
Montipora_capitata_HIv3___RNAseq.g45526.t1,ko04621
Montipora_capitata_HIv3___RNAseq.g45526.t1,ko04713
Montipora_capitata_HIv3___RNAseq.g45526.t1,ko04720
Montipora_capitata_HIv3___RNAseq.g45526.t1,ko04723
Montipora_capitata_HIv3___RNAseq.g45526.t1,ko04724
Montipora_capitata_HIv3___RNAseq.g45526.t1,ko04725
Montipora_capitata_HIv3___RNAseq.g45526.t1,ko04726
Montipora_capitata_HIv3___RNAseq.g45526.t1,ko04728
Montipora_capitata_HIv3___RNAseq.g45526.t1,ko04730
Montipora_capitata_HIv3___RNAseq.g45526.t1,ko04745
Montipora_capitata_HIv3___RNAseq.g45526.t1,ko04750
Montipora_capitata_HIv3___RNAseq.g45526.t1,ko04911
Montipora_capitata_HIv3___RNAseq.g45526.t1,ko04912
Montipora_capitata_HIv3___RNAseq.g45526.t1,ko04915
Montipora_capitata_HIv3___RNAseq.g45526.t1,ko04916
Montipora_capitata_HIv3___RNAseq.g45526.t1,ko04918
Montipora_capitata_HIv3___RNAseq.g45526.t1,ko04919
Montipora_capitata_HIv3___RNAseq.g45526.t1,ko04921
Montipora_capitata_HIv3___RNAseq.g45526.t1,ko04922
Montipora_capitata_HIv3___RNAseq.g45526.t1,ko04924
Montipora_capitata_HIv3___RNAseq.g45526.t1,ko04925
Montipora_capitata_HIv3___RNAseq.g45526.t1,ko04926
Montipora_capitata_HIv3___RNAseq.g45526.t1,ko04927
Montipora_capitata_HIv3___RNAseq.g45526.t1,ko04933
Montipora_capitata_HIv3___RNAseq.g45526.t1,ko04934
Montipora_capitata_HIv3___RNAseq.g45526.t1,ko04961
Montipora_capitata_HIv3___RNAseq.g45526.t1,ko04970
Montipora_capitata_HIv3___RNAseq.g45526.t1,ko04971
Montipora_capitata_HIv3___RNAseq.g45526.t1,ko04972
Montipora_capitata_HIv3___RNAseq.g45526.t1,ko05010
Montipora_capitata_HIv3___RNAseq.g45526.t1,ko05016
Montipora_capitata_HIv3___RNAseq.g45526.t1,ko05142
Montipora_capitata_HIv3___RNAseq.g45526.t1,ko05143
Montipora_capitata_HIv3___RNAseq.g45526.t1,ko05146
Montipora_capitata_HIv3___RNAseq.g45526.t1,ko05200
Montipora_capitata_HIv3___RNAseq.g45527.t1,ko03022
Montipora_capitata_HIv3___RNAseq.g45527.t1,ko05168
Montipora_capitata_HIv3___RNAseq.g45533.t1,ko04974
Montipora_capitata_HIv3___RNAseq.g45537.t1,ko04630
Montipora_capitata_HIv3___RNAseq.g45537.t1,ko04910
Montipora_capitata_HIv3___RNAseq.g45537.t1,ko04917
Montipora_capitata_HIv3___RNAseq.g45537.t1,ko04930
Montipora_capitata_HIv3___RNAseq.g45535.t1,ko05322
Montipora_capitata_HIv3___RNAseq.g45540.t1,ko00280
Montipora_capitata_HIv3___RNAseq.g45540.t1,ko00410
Montipora_capitata_HIv3___RNAseq.g45540.t1,ko00562
Montipora_capitata_HIv3___RNAseq.g45540.t1,ko00640
Montipora_capitata_HIv3___RNAseq.g45540.t1,ko01100
Montipora_capitata_HIv3___RNAseq.g45540.t1,ko01200
Montipora_capitata_HIv3___TS.g46690.t1a,ko04218
Montipora_capitata_HIv3___RNAseq.g45558.t1,ko04320
Montipora_capitata_HIv3___RNAseq.g45561.t1,ko05202
Montipora_capitata_HIv3___RNAseq.g45562.t1,ko04150
Montipora_capitata_HIv3___RNAseq.g45562.t1,ko04310
Montipora_capitata_HIv3___RNAseq.g45562.t1,ko04390
Montipora_capitata_HIv3___RNAseq.g45562.t1,ko04550
Montipora_capitata_HIv3___RNAseq.g45562.t1,ko04916
Montipora_capitata_HIv3___RNAseq.g45562.t1,ko04934
Montipora_capitata_HIv3___RNAseq.g45562.t1,ko05165
Montipora_capitata_HIv3___RNAseq.g45562.t1,ko05166
Montipora_capitata_HIv3___RNAseq.g45562.t1,ko05200
Montipora_capitata_HIv3___RNAseq.g45562.t1,ko05205
Montipora_capitata_HIv3___RNAseq.g45562.t1,ko05217
Montipora_capitata_HIv3___RNAseq.g45562.t1,ko05224
Montipora_capitata_HIv3___RNAseq.g45562.t1,ko05225
Montipora_capitata_HIv3___RNAseq.g45562.t1,ko05226
Montipora_capitata_HIv3___RNAseq.g45565.t1,ko04150
Montipora_capitata_HIv3___RNAseq.g45565.t1,ko04310
Montipora_capitata_HIv3___RNAseq.g45565.t1,ko04390
Montipora_capitata_HIv3___RNAseq.g45565.t1,ko04550
Montipora_capitata_HIv3___RNAseq.g45565.t1,ko04916
Montipora_capitata_HIv3___RNAseq.g45565.t1,ko04934
Montipora_capitata_HIv3___RNAseq.g45565.t1,ko05165
Montipora_capitata_HIv3___RNAseq.g45565.t1,ko05166
Montipora_capitata_HIv3___RNAseq.g45565.t1,ko05200
Montipora_capitata_HIv3___RNAseq.g45565.t1,ko05205
Montipora_capitata_HIv3___RNAseq.g45565.t1,ko05217
Montipora_capitata_HIv3___RNAseq.g45565.t1,ko05224
Montipora_capitata_HIv3___RNAseq.g45565.t1,ko05225
Montipora_capitata_HIv3___RNAseq.g45565.t1,ko05226
Montipora_capitata_HIv3___RNAseq.g45569.t1,ko04740
Montipora_capitata_HIv3___RNAseq.g45576.t1,ko04144
Montipora_capitata_HIv3___RNAseq.g45576.t1,ko04721
Montipora_capitata_HIv3___RNAseq.g45576.t1,ko04961
Montipora_capitata_HIv3___RNAseq.g45576.t1,ko05016
Montipora_capitata_HIv3___RNAseq.g45578.t1,ko04010
Montipora_capitata_HIv3___RNAseq.g45578.t1,ko04014
Montipora_capitata_HIv3___RNAseq.g45578.t1,ko04015
Montipora_capitata_HIv3___RNAseq.g45578.t1,ko04611
Montipora_capitata_HIv3___RNAseq.g45578.t1,ko04660
Montipora_capitata_HIv3___RNAseq.g45578.t1,ko04662
Montipora_capitata_HIv3___RNAseq.g45578.t1,ko05200
Montipora_capitata_HIv3___TS.g46725.t1,ko05016
Montipora_capitata_HIv3___TS.g46726.t2,ko05014
Montipora_capitata_HIv3___RNAseq.g45611.t1,ko00230
Montipora_capitata_HIv3___RNAseq.g45611.t1,ko01100
Montipora_capitata_HIv3___RNAseq.g45613.t2,ko04138
Montipora_capitata_HIv3___TS.g46760.t1,ko03013
Montipora_capitata_HIv3___RNAseq.g45616.t1,ko01523
Montipora_capitata_HIv3___RNAseq.g45616.t1,ko02010
Montipora_capitata_HIv3___RNAseq.g45616.t1,ko04976
Montipora_capitata_HIv3___RNAseq.g45619.t1,ko01523
Montipora_capitata_HIv3___RNAseq.g45619.t1,ko02010
Montipora_capitata_HIv3___RNAseq.g45619.t1,ko04976
Montipora_capitata_HIv3___RNAseq.g19073.t1,ko00480
Montipora_capitata_HIv3___RNAseq.g19073.t1,ko01100
Montipora_capitata_HIv3___RNAseq.g19073.t1,ko04614
Montipora_capitata_HIv3___RNAseq.g19073.t1,ko04640
Montipora_capitata_HIv3___RNAseq.g19077.t1,ko04621
Montipora_capitata_HIv3___RNAseq.g19077.t1,ko05418
Montipora_capitata_HIv3___RNAseq.g19080.t1,ko00510
Montipora_capitata_HIv3___RNAseq.g19080.t1,ko00513
Montipora_capitata_HIv3___RNAseq.g19080.t1,ko01100
Montipora_capitata_HIv3___RNAseq.g19081.t1,ko00230
Montipora_capitata_HIv3___RNAseq.g19083.t1,ko00562
Montipora_capitata_HIv3___RNAseq.g19083.t1,ko01100
Montipora_capitata_HIv3___RNAseq.g19083.t1,ko03050
Montipora_capitata_HIv3___RNAseq.g19083.t1,ko04011
Montipora_capitata_HIv3___RNAseq.g19083.t1,ko04070
Montipora_capitata_HIv3___RNAseq.g19083.t1,ko04072
Montipora_capitata_HIv3___RNAseq.g19083.t1,ko04139
Montipora_capitata_HIv3___RNAseq.g19083.t1,ko04144
Montipora_capitata_HIv3___RNAseq.g19083.t1,ko04666
Montipora_capitata_HIv3___RNAseq.g19083.t1,ko04810
Montipora_capitata_HIv3___RNAseq.g19083.t1,ko05169
Montipora_capitata_HIv3___RNAseq.g19083.t1,ko05231
Montipora_capitata_HIv3___RNAseq.g19085.t1,ko00670
Montipora_capitata_HIv3___RNAseq.g19085.t1,ko00970
Montipora_capitata_HIv3___RNAseq.g19090.t1,ko04114
Montipora_capitata_HIv3___RNAseq.g19090.t1,ko04320
Montipora_capitata_HIv3___RNAseq.g19090.t1,ko04914
Montipora_capitata_HIv3___RNAseq.g19098.t1,ko04721
Montipora_capitata_HIv3___RNAseq.g19098.t1,ko04726
Montipora_capitata_HIv3___RNAseq.g19098.t1,ko04728
Montipora_capitata_HIv3___RNAseq.g19098.t1,ko05012
Montipora_capitata_HIv3___RNAseq.g19098.t1,ko05030
Montipora_capitata_HIv3___RNAseq.g19098.t1,ko05031
Montipora_capitata_HIv3___RNAseq.g19098.t1,ko05034
Montipora_capitata_HIv3___RNAseq.g19092.t1,ko04141
Montipora_capitata_HIv3___RNAseq.g19100.t1,ko04614
Montipora_capitata_HIv3___RNAseq.g19104.t1,ko04614
Montipora_capitata_HIv3___RNAseq.g19107.t1,ko00480
Montipora_capitata_HIv3___RNAseq.g19107.t1,ko01100
Montipora_capitata_HIv3___RNAseq.g19107.t1,ko04614
Montipora_capitata_HIv3___RNAseq.g19107.t1,ko04640
Montipora_capitata_HIv3___RNAseq.g19130.t1,ko00340
Montipora_capitata_HIv3___RNAseq.g19142.t1,ko03022
Montipora_capitata_HIv3___RNAseq.g19142.t1,ko03420
Montipora_capitata_HIv3___RNAseq.g19142.t1,ko04110
Montipora_capitata_HIv3___RNAseq.g19141.t1,ko04972
Montipora_capitata_HIv3___TS.g32706.t1,ko00010
Montipora_capitata_HIv3___TS.g32706.t1,ko00230
Montipora_capitata_HIv3___TS.g32706.t1,ko00620
Montipora_capitata_HIv3___TS.g32706.t1,ko01100
Montipora_capitata_HIv3___TS.g32706.t1,ko01110
Montipora_capitata_HIv3___TS.g32706.t1,ko01120
Montipora_capitata_HIv3___TS.g32706.t1,ko01130
Montipora_capitata_HIv3___TS.g32706.t1,ko01200
Montipora_capitata_HIv3___TS.g32706.t1,ko01230
Montipora_capitata_HIv3___TS.g32706.t1,ko04910
Montipora_capitata_HIv3___TS.g32706.t1,ko04922
Montipora_capitata_HIv3___TS.g32706.t1,ko04930
Montipora_capitata_HIv3___TS.g32706.t1,ko04932
Montipora_capitata_HIv3___TS.g32706.t1,ko04950
Montipora_capitata_HIv3___TS.g32706.t1,ko05165
Montipora_capitata_HIv3___TS.g32706.t1,ko05203
Montipora_capitata_HIv3___TS.g32706.t1,ko05230
Montipora_capitata_HIv3___RNAseq.g19153.t1,ko00010
Montipora_capitata_HIv3___RNAseq.g19153.t1,ko00230
Montipora_capitata_HIv3___RNAseq.g19153.t1,ko00620
Montipora_capitata_HIv3___RNAseq.g19153.t1,ko01100
Montipora_capitata_HIv3___RNAseq.g19153.t1,ko01110
Montipora_capitata_HIv3___RNAseq.g19153.t1,ko01120
Montipora_capitata_HIv3___RNAseq.g19153.t1,ko01130
Montipora_capitata_HIv3___RNAseq.g19153.t1,ko01200
Montipora_capitata_HIv3___RNAseq.g19153.t1,ko01230
Montipora_capitata_HIv3___RNAseq.g19153.t1,ko04910
Montipora_capitata_HIv3___RNAseq.g19153.t1,ko04922
Montipora_capitata_HIv3___RNAseq.g19153.t1,ko04930
Montipora_capitata_HIv3___RNAseq.g19153.t1,ko04932
Montipora_capitata_HIv3___RNAseq.g19153.t1,ko04950
Montipora_capitata_HIv3___RNAseq.g19153.t1,ko05165
Montipora_capitata_HIv3___RNAseq.g19153.t1,ko05203
Montipora_capitata_HIv3___RNAseq.g19153.t1,ko05230
Montipora_capitata_HIv3___TS.g32724.t1,ko00260
Montipora_capitata_HIv3___TS.g32724.t1,ko00330
Montipora_capitata_HIv3___TS.g32724.t1,ko01100
Montipora_capitata_HIv3___RNAseq.g19164.t1,ko03010
Montipora_capitata_HIv3___TS.g32720.t1,ko03010
Montipora_capitata_HIv3___RNAseq.g19184.t1,ko04350
Montipora_capitata_HIv3___RNAseq.g19184.t1,ko04390
Montipora_capitata_HIv3___RNAseq.g19185.t1,ko04068
Montipora_capitata_HIv3___RNAseq.g19185.t1,ko04110
Montipora_capitata_HIv3___RNAseq.g19185.t1,ko04144
Montipora_capitata_HIv3___RNAseq.g19185.t1,ko04218
Montipora_capitata_HIv3___RNAseq.g19185.t1,ko04350
Montipora_capitata_HIv3___RNAseq.g19185.t1,ko04371
Montipora_capitata_HIv3___RNAseq.g19185.t1,ko04390
Montipora_capitata_HIv3___RNAseq.g19185.t1,ko04520
Montipora_capitata_HIv3___RNAseq.g19185.t1,ko04550
Montipora_capitata_HIv3___RNAseq.g19185.t1,ko04659
Montipora_capitata_HIv3___RNAseq.g19185.t1,ko04926
Montipora_capitata_HIv3___RNAseq.g19185.t1,ko04933
Montipora_capitata_HIv3___RNAseq.g19185.t1,ko05142
Montipora_capitata_HIv3___RNAseq.g19185.t1,ko05166
Montipora_capitata_HIv3___RNAseq.g19185.t1,ko05200
Montipora_capitata_HIv3___RNAseq.g19185.t1,ko05210
Montipora_capitata_HIv3___RNAseq.g19185.t1,ko05212
Montipora_capitata_HIv3___RNAseq.g19185.t1,ko05225
Montipora_capitata_HIv3___RNAseq.g19185.t1,ko05226
Montipora_capitata_HIv3___RNAseq.g19185.t1,ko05321
Montipora_capitata_HIv3___TS.g32753.t1,ko04141
Montipora_capitata_HIv3___RNAseq.g19203.t1,ko00970
Montipora_capitata_HIv3___RNAseq.g19203.t1,ko01100
Montipora_capitata_HIv3___TS.g32769.t1,ko01522
Montipora_capitata_HIv3___TS.g32769.t1,ko04657
Montipora_capitata_HIv3___TS.g32769.t1,ko04668
Montipora_capitata_HIv3___TS.g32769.t1,ko04670
Montipora_capitata_HIv3___TS.g32769.t1,ko04915
Montipora_capitata_HIv3___TS.g32769.t1,ko04926
Montipora_capitata_HIv3___TS.g32769.t1,ko05161
Montipora_capitata_HIv3___TS.g32769.t1,ko05200
Montipora_capitata_HIv3___TS.g32769.t1,ko05202
Montipora_capitata_HIv3___TS.g32769.t1,ko05205
Montipora_capitata_HIv3___TS.g32769.t1,ko05206
Montipora_capitata_HIv3___TS.g32769.t1,ko05215
Montipora_capitata_HIv3___TS.g32769.t1,ko05219
Montipora_capitata_HIv3___TS.g32769.t1,ko05418
Montipora_capitata_HIv3___RNAseq.g19246.t1,ko00520
Montipora_capitata_HIv3___RNAseq.g19248.t1,ko04142
Montipora_capitata_HIv3___RNAseq.g19249.t1,ko04142
Montipora_capitata_HIv3___RNAseq.g19252.t1,ko04142
Montipora_capitata_HIv3___RNAseq.g19273.t1,ko04137
Montipora_capitata_HIv3___RNAseq.g19287.t2b,ko00520
Montipora_capitata_HIv3___RNAseq.g19289.t1,ko04015
Montipora_capitata_HIv3___RNAseq.g19289.t1,ko04510
Montipora_capitata_HIv3___RNAseq.g19289.t1,ko04611
Montipora_capitata_HIv3___RNAseq.g19289.t1,ko05166
Montipora_capitata_HIv3___RNAseq.g19320.t1,ko04144
Montipora_capitata_HIv3___RNAseq.g19320.t1,ko04152
Montipora_capitata_HIv3___RNAseq.g19320.t1,ko04961
Montipora_capitata_HIv3___RNAseq.g19320.t1,ko04962
Montipora_capitata_HIv3___RNAseq.g19320.t1,ko04972
Montipora_capitata_HIv3___RNAseq.g19349.t1,ko04144
Montipora_capitata_HIv3___RNAseq.g19349.t1,ko04152
Montipora_capitata_HIv3___RNAseq.g19349.t1,ko04530
Montipora_capitata_HIv3___RNAseq.g19349.t1,ko04972
Montipora_capitata_HIv3___RNAseq.g19357.t1,ko00860
Montipora_capitata_HIv3___RNAseq.g19357.t1,ko01100
Montipora_capitata_HIv3___RNAseq.g19357.t1,ko01110
Montipora_capitata_HIv3___RNAseq.g19361.t1,ko04621
Montipora_capitata_HIv3___RNAseq.g19373.t1,ko03010
Montipora_capitata_HIv3___RNAseq.g19380.t1,ko03022
Montipora_capitata_HIv3___RNAseq.g19380.t1,ko05203
Montipora_capitata_HIv3___RNAseq.g19381.t1,ko03013
Montipora_capitata_HIv3___RNAseq.g19381.t1,ko03015
Montipora_capitata_HIv3___RNAseq.g19381.t1,ko03040
Montipora_capitata_HIv3___RNAseq.g19428.t1,ko04120
Montipora_capitata_HIv3___RNAseq.g19420.t1,ko00140
Montipora_capitata_HIv3___RNAseq.g19420.t1,ko00590
Montipora_capitata_HIv3___RNAseq.g19420.t1,ko00591
Montipora_capitata_HIv3___RNAseq.g19420.t1,ko00830
Montipora_capitata_HIv3___RNAseq.g19420.t1,ko00980
Montipora_capitata_HIv3___RNAseq.g19420.t1,ko00982
Montipora_capitata_HIv3___RNAseq.g19420.t1,ko00983
Montipora_capitata_HIv3___RNAseq.g19420.t1,ko01100
Montipora_capitata_HIv3___RNAseq.g19420.t1,ko04611
Montipora_capitata_HIv3___RNAseq.g19420.t1,ko05204
Montipora_capitata_HIv3___RNAseq.g19422.t1,ko00140
Montipora_capitata_HIv3___RNAseq.g19422.t1,ko00590
Montipora_capitata_HIv3___RNAseq.g19422.t1,ko00591
Montipora_capitata_HIv3___RNAseq.g19422.t1,ko00830
Montipora_capitata_HIv3___RNAseq.g19422.t1,ko00980
Montipora_capitata_HIv3___RNAseq.g19422.t1,ko00982
Montipora_capitata_HIv3___RNAseq.g19422.t1,ko00983
Montipora_capitata_HIv3___RNAseq.g19422.t1,ko01100
Montipora_capitata_HIv3___RNAseq.g19422.t1,ko04611
Montipora_capitata_HIv3___RNAseq.g19422.t1,ko05204
Montipora_capitata_HIv3___RNAseq.g19423.t1,ko00140
Montipora_capitata_HIv3___RNAseq.g19423.t1,ko00590
Montipora_capitata_HIv3___RNAseq.g19423.t1,ko00591
Montipora_capitata_HIv3___RNAseq.g19423.t1,ko00830
Montipora_capitata_HIv3___RNAseq.g19423.t1,ko00980
Montipora_capitata_HIv3___RNAseq.g19423.t1,ko00982
Montipora_capitata_HIv3___RNAseq.g19423.t1,ko00983
Montipora_capitata_HIv3___RNAseq.g19423.t1,ko01100
Montipora_capitata_HIv3___RNAseq.g19423.t1,ko04611
Montipora_capitata_HIv3___RNAseq.g19423.t1,ko05204
Montipora_capitata_HIv3___RNAseq.g19385.t2,ko04520
Montipora_capitata_HIv3___RNAseq.g19385.t2,ko04530
Montipora_capitata_HIv3___RNAseq.g19385.t2,ko04540
Montipora_capitata_HIv3___RNAseq.g19385.t2,ko05110
Montipora_capitata_HIv3___RNAseq.g19385.t2,ko05120
Montipora_capitata_HIv3___RNAseq.g19385.t2,ko05132
Montipora_capitata_HIv3___RNAseq.g19438.t1,ko04360
Montipora_capitata_HIv3___RNAseq.g19438.t1,ko04745
Montipora_capitata_HIv3___RNAseq.g19434.t1,ko00061
Montipora_capitata_HIv3___RNAseq.g19434.t1,ko00254
Montipora_capitata_HIv3___RNAseq.g19434.t1,ko00620
Montipora_capitata_HIv3___RNAseq.g19434.t1,ko00640
Montipora_capitata_HIv3___RNAseq.g19434.t1,ko01100
Montipora_capitata_HIv3___RNAseq.g19434.t1,ko01110
Montipora_capitata_HIv3___RNAseq.g19434.t1,ko01212
Montipora_capitata_HIv3___RNAseq.g19434.t1,ko04152
Montipora_capitata_HIv3___RNAseq.g19434.t1,ko04910
Montipora_capitata_HIv3___RNAseq.g19434.t1,ko04920
Montipora_capitata_HIv3___RNAseq.g19434.t1,ko04922
Montipora_capitata_HIv3___RNAseq.g19434.t1,ko04931
Montipora_capitata_HIv3___RNAseq.g19476.t1,ko04724
Montipora_capitata_HIv3___TS.g33067.t1,ko04080
Montipora_capitata_HIv3___RNAseq.g19514.t1,ko04080
Montipora_capitata_HIv3___RNAseq.g19514.t1,ko04723
Montipora_capitata_HIv3___RNAseq.g19514.t1,ko04726
Montipora_capitata_HIv3___RNAseq.g19514.t1,ko04727
Montipora_capitata_HIv3___RNAseq.g19514.t1,ko05032
Montipora_capitata_HIv3___RNAseq.g19514.t1,ko05033
Montipora_capitata_HIv3___RNAseq.g19541.t1,ko03010
Montipora_capitata_HIv3___RNAseq.g19541.t1,ko05010
Montipora_capitata_HIv3___RNAseq.g19557.t1,ko00230
Montipora_capitata_HIv3___RNAseq.g19557.t1,ko04022
Montipora_capitata_HIv3___RNAseq.g19557.t1,ko04024
Montipora_capitata_HIv3___RNAseq.g19557.t1,ko04371
Montipora_capitata_HIv3___RNAseq.g19557.t1,ko04910
Montipora_capitata_HIv3___RNAseq.g19557.t1,ko04914
Montipora_capitata_HIv3___RNAseq.g19557.t1,ko04922
Montipora_capitata_HIv3___RNAseq.g19557.t1,ko04923
Montipora_capitata_HIv3___RNAseq.g19557.t1,ko04924
Montipora_capitata_HIv3___RNAseq.g19557.t1,ko05032
Montipora_capitata_HIv3___TS.g33117.t2,ko04012
Montipora_capitata_HIv3___TS.g33117.t2,ko04020
Montipora_capitata_HIv3___TS.g33117.t2,ko04024
Montipora_capitata_HIv3___TS.g33117.t2,ko04066
Montipora_capitata_HIv3___TS.g33117.t2,ko04114
Montipora_capitata_HIv3___TS.g33117.t2,ko04217
Montipora_capitata_HIv3___TS.g33117.t2,ko04261
Montipora_capitata_HIv3___TS.g33117.t2,ko04310
Montipora_capitata_HIv3___TS.g33117.t2,ko04360
Montipora_capitata_HIv3___TS.g33117.t2,ko04713
Montipora_capitata_HIv3___TS.g33117.t2,ko04720
Montipora_capitata_HIv3___TS.g33117.t2,ko04722
Montipora_capitata_HIv3___TS.g33117.t2,ko04725
Montipora_capitata_HIv3___TS.g33117.t2,ko04728
Montipora_capitata_HIv3___TS.g33117.t2,ko04740
Montipora_capitata_HIv3___TS.g33117.t2,ko04745
Montipora_capitata_HIv3___TS.g33117.t2,ko04750
Montipora_capitata_HIv3___TS.g33117.t2,ko04911
Montipora_capitata_HIv3___TS.g33117.t2,ko04912
Montipora_capitata_HIv3___TS.g33117.t2,ko04916
Montipora_capitata_HIv3___TS.g33117.t2,ko04921
Montipora_capitata_HIv3___TS.g33117.t2,ko04922
Montipora_capitata_HIv3___TS.g33117.t2,ko04925
Montipora_capitata_HIv3___TS.g33117.t2,ko04934
Montipora_capitata_HIv3___TS.g33117.t2,ko04971
Montipora_capitata_HIv3___TS.g33117.t2,ko05031
Montipora_capitata_HIv3___TS.g33117.t2,ko05152
Montipora_capitata_HIv3___TS.g33117.t2,ko05200
Montipora_capitata_HIv3___TS.g33117.t2,ko05205
Montipora_capitata_HIv3___TS.g33117.t2,ko05214
Montipora_capitata_HIv3___RNAseq.g19567.t1,ko00140
Montipora_capitata_HIv3___RNAseq.g19567.t1,ko00590
Montipora_capitata_HIv3___RNAseq.g19567.t1,ko00591
Montipora_capitata_HIv3___RNAseq.g19567.t1,ko00830
Montipora_capitata_HIv3___RNAseq.g19567.t1,ko01100
Montipora_capitata_HIv3___RNAseq.g19567.t1,ko04611
Montipora_capitata_HIv3___RNAseq.g19567.t1,ko05204
Montipora_capitata_HIv3___RNAseq.g19569.t1,ko00140
Montipora_capitata_HIv3___RNAseq.g19569.t1,ko00590
Montipora_capitata_HIv3___RNAseq.g19569.t1,ko00591
Montipora_capitata_HIv3___RNAseq.g19569.t1,ko00830
Montipora_capitata_HIv3___RNAseq.g19569.t1,ko01100
Montipora_capitata_HIv3___RNAseq.g19569.t1,ko04611
Montipora_capitata_HIv3___RNAseq.g19569.t1,ko05204
Montipora_capitata_HIv3___RNAseq.g19565.t1,ko00380
Montipora_capitata_HIv3___RNAseq.g19565.t1,ko00630
Montipora_capitata_HIv3___RNAseq.g19565.t1,ko01110
Montipora_capitata_HIv3___RNAseq.g19565.t1,ko01130
Montipora_capitata_HIv3___RNAseq.g19565.t1,ko01200
Montipora_capitata_HIv3___RNAseq.g19565.t1,ko04011
Montipora_capitata_HIv3___RNAseq.g19565.t1,ko04016
Montipora_capitata_HIv3___RNAseq.g19565.t1,ko04068
Montipora_capitata_HIv3___RNAseq.g19565.t1,ko04146
Montipora_capitata_HIv3___RNAseq.g19565.t1,ko04211
Montipora_capitata_HIv3___RNAseq.g19565.t1,ko04212
Montipora_capitata_HIv3___RNAseq.g19565.t1,ko04213
Montipora_capitata_HIv3___RNAseq.g19565.t1,ko05014
Montipora_capitata_HIv3___RNAseq.g19600.t1b,ko00380
Montipora_capitata_HIv3___RNAseq.g19600.t1b,ko00630
Montipora_capitata_HIv3___RNAseq.g19600.t1b,ko01110
Montipora_capitata_HIv3___RNAseq.g19600.t1b,ko01130
Montipora_capitata_HIv3___RNAseq.g19600.t1b,ko01200
Montipora_capitata_HIv3___RNAseq.g19600.t1b,ko04011
Montipora_capitata_HIv3___RNAseq.g19600.t1b,ko04016
Montipora_capitata_HIv3___RNAseq.g19600.t1b,ko04068
Montipora_capitata_HIv3___RNAseq.g19600.t1b,ko04146
Montipora_capitata_HIv3___RNAseq.g19600.t1b,ko04211
Montipora_capitata_HIv3___RNAseq.g19600.t1b,ko04212
Montipora_capitata_HIv3___RNAseq.g19600.t1b,ko04213
Montipora_capitata_HIv3___RNAseq.g19600.t1b,ko05014
Montipora_capitata_HIv3___RNAseq.g19611.t1,ko03410
Montipora_capitata_HIv3___RNAseq.g19619.t1,ko00030
Montipora_capitata_HIv3___RNAseq.g19621.t1,ko04142
Montipora_capitata_HIv3___RNAseq.g19655.t1,ko04530
Montipora_capitata_HIv3___RNAseq.g19655.t1,ko05100
Montipora_capitata_HIv3___RNAseq.g19655.t1,ko05130
Montipora_capitata_HIv3___RNAseq.g19655.t1,ko05131
Montipora_capitata_HIv3___RNAseq.g19655.t1,ko05205
Montipora_capitata_HIv3___TS.g33225.t1b,ko04144
Montipora_capitata_HIv3___RNAseq.g19668.t1,ko04137
Montipora_capitata_HIv3___RNAseq.g19689.t1,ko04080
Montipora_capitata_HIv3___RNAseq.g19690.t1,ko04080
Montipora_capitata_HIv3___RNAseq.g19727.t1,ko04610
Montipora_capitata_HIv3___RNAseq.g19727.t1,ko04810
Montipora_capitata_HIv3___RNAseq.g19727.t1,ko05152
Montipora_capitata_HIv3___RNAseq.g19733.t1,ko00051
Montipora_capitata_HIv3___RNAseq.g19733.t1,ko05230
Montipora_capitata_HIv3___RNAseq.g19732.t1,ko04011
Montipora_capitata_HIv3___RNAseq.g19732.t1,ko04390
Montipora_capitata_HIv3___RNAseq.g19732.t1,ko04391
Montipora_capitata_HIv3___RNAseq.g19732.t1,ko04392
Montipora_capitata_HIv3___RNAseq.g19740.t1,ko00190
Montipora_capitata_HIv3___RNAseq.g19740.t1,ko01100
Montipora_capitata_HIv3___RNAseq.g19740.t1,ko04145
Montipora_capitata_HIv3___RNAseq.g19740.t1,ko04150
Montipora_capitata_HIv3___RNAseq.g19740.t1,ko04721
Montipora_capitata_HIv3___RNAseq.g19740.t1,ko04966
Montipora_capitata_HIv3___RNAseq.g19740.t1,ko05110
Montipora_capitata_HIv3___RNAseq.g19740.t1,ko05120
Montipora_capitata_HIv3___RNAseq.g19740.t1,ko05323
Montipora_capitata_HIv3___RNAseq.g19759.t1,ko04151
Montipora_capitata_HIv3___RNAseq.g19760.t1,ko04151
Montipora_capitata_HIv3___RNAseq.g19766.t1,ko03013
Montipora_capitata_HIv3___RNAseq.g19770.t2,ko00480
Montipora_capitata_HIv3___RNAseq.g19770.t2,ko01100
Montipora_capitata_HIv3___RNAseq.g19770.t2,ko04614
Montipora_capitata_HIv3___RNAseq.g19770.t2,ko04640
Montipora_capitata_HIv3___RNAseq.g19779.t1,ko04137
Montipora_capitata_HIv3___RNAseq.g19779.t1,ko04144
Montipora_capitata_HIv3___RNAseq.g19779.t1,ko04934
Montipora_capitata_HIv3___RNAseq.g19778.t1,ko03040
Montipora_capitata_HIv3___RNAseq.g19778.t1,ko04070
Montipora_capitata_HIv3___RNAseq.g19782.t1,ko03018
Montipora_capitata_HIv3___RNAseq.g19800.t1,ko03050
Montipora_capitata_HIv3___TS.g33370.t1,ko05134
Montipora_capitata_HIv3___RNAseq.g19810.t1,ko04144
Montipora_capitata_HIv3___RNAseq.g19810.t1,ko04152
Montipora_capitata_HIv3___RNAseq.g19810.t1,ko04530
Montipora_capitata_HIv3___RNAseq.g19810.t1,ko04972
Montipora_capitata_HIv3___TS.g33398.t1,ko04013
Montipora_capitata_HIv3___RNAseq.g19848.t1,ko05206
Montipora_capitata_HIv3___RNAseq.g19853.t1,ko05010
Montipora_capitata_HIv3___RNAseq.g19853.t1,ko05120
Montipora_capitata_HIv3___TS.g33417.t1,ko00052
Montipora_capitata_HIv3___TS.g33417.t1,ko00500
Montipora_capitata_HIv3___TS.g33417.t1,ko01100
Montipora_capitata_HIv3___TS.g33417.t1,ko04142
Montipora_capitata_HIv3___RNAseq.g19859.t1,ko04970
Montipora_capitata_HIv3___TS.g33445.t1,ko04068
Montipora_capitata_HIv3___TS.g33445.t1,ko04110
Montipora_capitata_HIv3___TS.g33445.t1,ko04310
Montipora_capitata_HIv3___TS.g33445.t1,ko04350
Montipora_capitata_HIv3___TS.g33445.t1,ko04371
Montipora_capitata_HIv3___TS.g33445.t1,ko04390
Montipora_capitata_HIv3___TS.g33445.t1,ko04520
Montipora_capitata_HIv3___TS.g33445.t1,ko04550
Montipora_capitata_HIv3___TS.g33445.t1,ko04659
Montipora_capitata_HIv3___TS.g33445.t1,ko04933
Montipora_capitata_HIv3___TS.g33445.t1,ko05161
Montipora_capitata_HIv3___TS.g33445.t1,ko05166
Montipora_capitata_HIv3___TS.g33445.t1,ko05200
Montipora_capitata_HIv3___TS.g33445.t1,ko05210
Montipora_capitata_HIv3___TS.g33445.t1,ko05212
Montipora_capitata_HIv3___TS.g33445.t1,ko05220
Montipora_capitata_HIv3___TS.g33445.t1,ko05225
Montipora_capitata_HIv3___TS.g33445.t1,ko05226
Montipora_capitata_HIv3___RNAseq.g19883.t1,ko00240
Montipora_capitata_HIv3___RNAseq.g19883.t1,ko00983
Montipora_capitata_HIv3___RNAseq.g19883.t1,ko01100
Montipora_capitata_HIv3___RNAseq.g19888.t1,ko00140
Montipora_capitata_HIv3___RNAseq.g19888.t1,ko00590
Montipora_capitata_HIv3___RNAseq.g19888.t1,ko00591
Montipora_capitata_HIv3___RNAseq.g19888.t1,ko00830
Montipora_capitata_HIv3___RNAseq.g19888.t1,ko01100
Montipora_capitata_HIv3___RNAseq.g19888.t1,ko04611
Montipora_capitata_HIv3___RNAseq.g19888.t1,ko05204
Montipora_capitata_HIv3___RNAseq.g19890.t1,ko00140
Montipora_capitata_HIv3___RNAseq.g19890.t1,ko00590
Montipora_capitata_HIv3___RNAseq.g19890.t1,ko00591
Montipora_capitata_HIv3___RNAseq.g19890.t1,ko00830
Montipora_capitata_HIv3___RNAseq.g19890.t1,ko01100
Montipora_capitata_HIv3___RNAseq.g19890.t1,ko04611
Montipora_capitata_HIv3___RNAseq.g19890.t1,ko05204
Montipora_capitata_HIv3___RNAseq.g19891.t1,ko00140
Montipora_capitata_HIv3___RNAseq.g19891.t1,ko00590
Montipora_capitata_HIv3___RNAseq.g19891.t1,ko00591
Montipora_capitata_HIv3___RNAseq.g19891.t1,ko00830
Montipora_capitata_HIv3___RNAseq.g19891.t1,ko01100
Montipora_capitata_HIv3___RNAseq.g19891.t1,ko04611
Montipora_capitata_HIv3___RNAseq.g19891.t1,ko05204
Montipora_capitata_HIv3___RNAseq.g19903.t1,ko04310
Montipora_capitata_HIv3___RNAseq.g19903.t1,ko04390
Montipora_capitata_HIv3___RNAseq.g19903.t1,ko04550
Montipora_capitata_HIv3___RNAseq.g19903.t1,ko04810
Montipora_capitata_HIv3___RNAseq.g19903.t1,ko04934
Montipora_capitata_HIv3___RNAseq.g19903.t1,ko05165
Montipora_capitata_HIv3___RNAseq.g19903.t1,ko05166
Montipora_capitata_HIv3___RNAseq.g19903.t1,ko05200
Montipora_capitata_HIv3___RNAseq.g19903.t1,ko05206
Montipora_capitata_HIv3___RNAseq.g19903.t1,ko05210
Montipora_capitata_HIv3___RNAseq.g19903.t1,ko05213
Montipora_capitata_HIv3___RNAseq.g19903.t1,ko05217
Montipora_capitata_HIv3___RNAseq.g19903.t1,ko05224
Montipora_capitata_HIv3___RNAseq.g19903.t1,ko05225
Montipora_capitata_HIv3___RNAseq.g19903.t1,ko05226
Montipora_capitata_HIv3___RNAseq.g19915.t2,ko00740
Montipora_capitata_HIv3___RNAseq.g19915.t2,ko01100
Montipora_capitata_HIv3___RNAseq.g19915.t2,ko01110
Montipora_capitata_HIv3___TS.g33522.t1,ko04014
Montipora_capitata_HIv3___TS.g33522.t1,ko04015
Montipora_capitata_HIv3___TS.g33522.t1,ko04016
Montipora_capitata_HIv3___TS.g33522.t1,ko04020
Montipora_capitata_HIv3___TS.g33522.t1,ko04022
Montipora_capitata_HIv3___TS.g33522.t1,ko04024
Montipora_capitata_HIv3___TS.g33522.t1,ko04070
Montipora_capitata_HIv3___TS.g33522.t1,ko04114
Montipora_capitata_HIv3___TS.g33522.t1,ko04218
Montipora_capitata_HIv3___TS.g33522.t1,ko04261
Montipora_capitata_HIv3___TS.g33522.t1,ko04270
Montipora_capitata_HIv3___TS.g33522.t1,ko04371
Montipora_capitata_HIv3___TS.g33522.t1,ko04626
Montipora_capitata_HIv3___TS.g33522.t1,ko04713
Montipora_capitata_HIv3___TS.g33522.t1,ko04720
Montipora_capitata_HIv3___TS.g33522.t1,ko04722
Montipora_capitata_HIv3___TS.g33522.t1,ko04728
Montipora_capitata_HIv3___TS.g33522.t1,ko04740
Montipora_capitata_HIv3___TS.g33522.t1,ko04744
Montipora_capitata_HIv3___TS.g33522.t1,ko04745
Montipora_capitata_HIv3___TS.g33522.t1,ko04750
Montipora_capitata_HIv3___TS.g33522.t1,ko04910
Montipora_capitata_HIv3___TS.g33522.t1,ko04912
Montipora_capitata_HIv3___TS.g33522.t1,ko04915
Montipora_capitata_HIv3___TS.g33522.t1,ko04916
Montipora_capitata_HIv3___TS.g33522.t1,ko04921
Montipora_capitata_HIv3___TS.g33522.t1,ko04922
Montipora_capitata_HIv3___TS.g33522.t1,ko04924
Montipora_capitata_HIv3___TS.g33522.t1,ko04925
Montipora_capitata_HIv3___TS.g33522.t1,ko04970
Montipora_capitata_HIv3___TS.g33522.t1,ko04971
Montipora_capitata_HIv3___TS.g33522.t1,ko05010
Montipora_capitata_HIv3___TS.g33522.t1,ko05031
Montipora_capitata_HIv3___TS.g33522.t1,ko05034
Montipora_capitata_HIv3___TS.g33522.t1,ko05133
Montipora_capitata_HIv3___TS.g33522.t1,ko05152
Montipora_capitata_HIv3___TS.g33522.t1,ko05167
Montipora_capitata_HIv3___TS.g33522.t1,ko05200
Montipora_capitata_HIv3___TS.g33522.t1,ko05214
Montipora_capitata_HIv3___TS.g33522.t1,ko05418
Montipora_capitata_HIv3___RNAseq.g19968.t1,ko00920
Montipora_capitata_HIv3___RNAseq.g19967.t2,ko00600
Montipora_capitata_HIv3___RNAseq.g19967.t2,ko01100
Montipora_capitata_HIv3___RNAseq.g19967.t2,ko04071
Montipora_capitata_HIv3___RNAseq.g19971.t3,ko04080
Montipora_capitata_HIv3___RNAseq.g19971.t3,ko04725
Montipora_capitata_HIv3___RNAseq.g19971.t3,ko05033
Montipora_capitata_HIv3___RNAseq.g19977.t1,ko00051
Montipora_capitata_HIv3___RNAseq.g19977.t1,ko01100
Montipora_capitata_HIv3___RNAseq.g19977.t1,ko01120
Montipora_capitata_HIv3___RNAseq.g19993.t1,ko00310
Montipora_capitata_HIv3___RNAseq.23198_t,ko00310
Montipora_capitata_HIv3___RNAseq.g20004.t1,ko04142
Montipora_capitata_HIv3___RNAseq.g20008.t1e,ko00051
Montipora_capitata_HIv3___RNAseq.g20008.t1e,ko00520
Montipora_capitata_HIv3___RNAseq.g20008.t1e,ko01100
Montipora_capitata_HIv3___RNAseq.g20009.t1,ko04620
Montipora_capitata_HIv3___RNAseq.g20015.t1,ko00240
Montipora_capitata_HIv3___RNAseq.g20015.t1,ko00983
Montipora_capitata_HIv3___RNAseq.g20015.t1,ko01100
Montipora_capitata_HIv3___RNAseq.g20015.t1,ko05219
Montipora_capitata_HIv3___RNAseq.g20016.t1,ko00190
Montipora_capitata_HIv3___RNAseq.g20016.t1,ko01100
Montipora_capitata_HIv3___RNAseq.g20016.t1,ko04714
Montipora_capitata_HIv3___RNAseq.g20016.t1,ko05010
Montipora_capitata_HIv3___RNAseq.g20016.t1,ko05012
Montipora_capitata_HIv3___RNAseq.g20016.t1,ko05016
Montipora_capitata_HIv3___RNAseq.g20019.t1,ko04138
Montipora_capitata_HIv3___RNAseq.g20012.t1,ko05162
Montipora_capitata_HIv3___RNAseq.g20013.t1,ko04142
Montipora_capitata_HIv3___RNAseq.g20021.t1,ko04130
Montipora_capitata_HIv3___RNAseq.g20046.t1,ko04141
Montipora_capitata_HIv3___TS.g33605.t1,ko04144
Montipora_capitata_HIv3___RNAseq.g20065.t1,ko03013
Montipora_capitata_HIv3___RNAseq.g20070.t1,ko00440
Montipora_capitata_HIv3___RNAseq.g20070.t1,ko01100
Montipora_capitata_HIv3___RNAseq.g20070.t1,ko01120
Montipora_capitata_HIv3___RNAseq.g20072.t1,ko03030
Montipora_capitata_HIv3___RNAseq.g20072.t1,ko03430
Montipora_capitata_HIv3___RNAseq.g20072.t1,ko03440
Montipora_capitata_HIv3___TS.g33629.t1,ko04022
Montipora_capitata_HIv3___TS.g33629.t1,ko04270
Montipora_capitata_HIv3___TS.g33629.t1,ko04540
Montipora_capitata_HIv3___TS.g33629.t1,ko04611
Montipora_capitata_HIv3___TS.g33629.t1,ko04713
Montipora_capitata_HIv3___TS.g33629.t1,ko04714
Montipora_capitata_HIv3___TS.g33629.t1,ko04730
Montipora_capitata_HIv3___TS.g33629.t1,ko04740
Montipora_capitata_HIv3___TS.g33629.t1,ko04923
Montipora_capitata_HIv3___TS.g33629.t1,ko04970
Montipora_capitata_HIv3___RNAseq.g20090.t1,ko04721
Montipora_capitata_HIv3___RNAseq.g20093.t1,ko04710
Montipora_capitata_HIv3___RNAseq.g20108.t1,ko04659
Montipora_capitata_HIv3___RNAseq.g20108.t1,ko04934
Montipora_capitata_HIv3___RNAseq.g20110.t1,ko00740
Montipora_capitata_HIv3___RNAseq.g20110.t1,ko01100
Montipora_capitata_HIv3___RNAseq.g20110.t1,ko04142
Montipora_capitata_HIv3___RNAseq.g20111.t1,ko00740
Montipora_capitata_HIv3___RNAseq.g20111.t1,ko01100
Montipora_capitata_HIv3___RNAseq.g20111.t1,ko04142
Montipora_capitata_HIv3___RNAseq.g20120.t1,ko00020
Montipora_capitata_HIv3___RNAseq.g20120.t1,ko00630
Montipora_capitata_HIv3___RNAseq.g20120.t1,ko00720
Montipora_capitata_HIv3___RNAseq.g20120.t1,ko01100
Montipora_capitata_HIv3___RNAseq.g20120.t1,ko01110
Montipora_capitata_HIv3___RNAseq.g20120.t1,ko01120
Montipora_capitata_HIv3___RNAseq.g20120.t1,ko01130
Montipora_capitata_HIv3___RNAseq.g20120.t1,ko01200
Montipora_capitata_HIv3___RNAseq.g20120.t1,ko01210
Montipora_capitata_HIv3___RNAseq.g20120.t1,ko01230
Montipora_capitata_HIv3___RNAseq.g20131.t1c,ko00590
Montipora_capitata_HIv3___RNAseq.g20131.t1c,ko01100
Montipora_capitata_HIv3___RNAseq.g20131.t1c,ko04064
Montipora_capitata_HIv3___RNAseq.g20131.t1c,ko04370
Montipora_capitata_HIv3___RNAseq.g20131.t1c,ko04611
Montipora_capitata_HIv3___RNAseq.g20131.t1c,ko04657
Montipora_capitata_HIv3___RNAseq.g20131.t1c,ko04668
Montipora_capitata_HIv3___RNAseq.g20131.t1c,ko04723
Montipora_capitata_HIv3___RNAseq.g20131.t1c,ko04726
Montipora_capitata_HIv3___RNAseq.g20131.t1c,ko04913
Montipora_capitata_HIv3___RNAseq.g20131.t1c,ko04921
Montipora_capitata_HIv3___RNAseq.g20131.t1c,ko04923
Montipora_capitata_HIv3___RNAseq.g20131.t1c,ko05140
Montipora_capitata_HIv3___RNAseq.g20131.t1c,ko05165
Montipora_capitata_HIv3___RNAseq.g20131.t1c,ko05167
Montipora_capitata_HIv3___RNAseq.g20131.t1c,ko05200
Montipora_capitata_HIv3___RNAseq.g20131.t1c,ko05204
Montipora_capitata_HIv3___RNAseq.g20131.t1c,ko05206
Montipora_capitata_HIv3___RNAseq.g20131.t1c,ko05222
Montipora_capitata_HIv3___RNAseq.g20129.t1,ko00590
Montipora_capitata_HIv3___RNAseq.g20129.t1,ko01100
Montipora_capitata_HIv3___RNAseq.g20129.t1,ko04064
Montipora_capitata_HIv3___RNAseq.g20129.t1,ko04370
Montipora_capitata_HIv3___RNAseq.g20129.t1,ko04611
Montipora_capitata_HIv3___RNAseq.g20129.t1,ko04657
Montipora_capitata_HIv3___RNAseq.g20129.t1,ko04668
Montipora_capitata_HIv3___RNAseq.g20129.t1,ko04723
Montipora_capitata_HIv3___RNAseq.g20129.t1,ko04726
Montipora_capitata_HIv3___RNAseq.g20129.t1,ko04913
Montipora_capitata_HIv3___RNAseq.g20129.t1,ko04921
Montipora_capitata_HIv3___RNAseq.g20129.t1,ko04923
Montipora_capitata_HIv3___RNAseq.g20129.t1,ko05140
Montipora_capitata_HIv3___RNAseq.g20129.t1,ko05165
Montipora_capitata_HIv3___RNAseq.g20129.t1,ko05167
Montipora_capitata_HIv3___RNAseq.g20129.t1,ko05200
Montipora_capitata_HIv3___RNAseq.g20129.t1,ko05204
Montipora_capitata_HIv3___RNAseq.g20129.t1,ko05206
Montipora_capitata_HIv3___RNAseq.g20129.t1,ko05222
Montipora_capitata_HIv3___RNAseq.g20131.t1a,ko04141
Montipora_capitata_HIv3___RNAseq.g20133.t1,ko04360
Montipora_capitata_HIv3___RNAseq.g20136.t1,ko00260
Montipora_capitata_HIv3___RNAseq.g20136.t1,ko00680
Montipora_capitata_HIv3___RNAseq.g20136.t1,ko00750
Montipora_capitata_HIv3___RNAseq.g20136.t1,ko01100
Montipora_capitata_HIv3___RNAseq.g20136.t1,ko01120
Montipora_capitata_HIv3___RNAseq.g20136.t1,ko01130
Montipora_capitata_HIv3___RNAseq.g20136.t1,ko01200
Montipora_capitata_HIv3___RNAseq.g20136.t1,ko01230
Montipora_capitata_HIv3___RNAseq.g20139.t1,ko00270
Montipora_capitata_HIv3___RNAseq.g20139.t1,ko00430
Montipora_capitata_HIv3___RNAseq.g20139.t1,ko01100
Montipora_capitata_HIv3___RNAseq.g20144.t1,ko04015
Montipora_capitata_HIv3___RNAseq.g20144.t1,ko04020
Montipora_capitata_HIv3___RNAseq.g20144.t1,ko04022
Montipora_capitata_HIv3___RNAseq.g20144.t1,ko04071
Montipora_capitata_HIv3___RNAseq.g20144.t1,ko04261
Montipora_capitata_HIv3___RNAseq.g20144.t1,ko04270
Montipora_capitata_HIv3___RNAseq.g20144.t1,ko04371
Montipora_capitata_HIv3___RNAseq.g20144.t1,ko04540
Montipora_capitata_HIv3___RNAseq.g20144.t1,ko04611
Montipora_capitata_HIv3___RNAseq.g20144.t1,ko04713
Montipora_capitata_HIv3___RNAseq.g20144.t1,ko04720
Montipora_capitata_HIv3___RNAseq.g20144.t1,ko04723
Montipora_capitata_HIv3___RNAseq.g20144.t1,ko04724
Montipora_capitata_HIv3___RNAseq.g20144.t1,ko04725
Montipora_capitata_HIv3___RNAseq.g20144.t1,ko04726
Montipora_capitata_HIv3___RNAseq.g20144.t1,ko04728
Montipora_capitata_HIv3___RNAseq.g20144.t1,ko04730
Montipora_capitata_HIv3___RNAseq.g20144.t1,ko04745
Montipora_capitata_HIv3___RNAseq.g20144.t1,ko04750
Montipora_capitata_HIv3___RNAseq.g20144.t1,ko04911
Montipora_capitata_HIv3___RNAseq.g20144.t1,ko04912
Montipora_capitata_HIv3___RNAseq.g20144.t1,ko04915
Montipora_capitata_HIv3___RNAseq.g20144.t1,ko04916
Montipora_capitata_HIv3___RNAseq.g20144.t1,ko04918
Montipora_capitata_HIv3___RNAseq.g20144.t1,ko04921
Montipora_capitata_HIv3___RNAseq.g20144.t1,ko04922
Montipora_capitata_HIv3___RNAseq.g20144.t1,ko04924
Montipora_capitata_HIv3___RNAseq.g20144.t1,ko04925
Montipora_capitata_HIv3___RNAseq.g20144.t1,ko04927
Montipora_capitata_HIv3___RNAseq.g20144.t1,ko04934
Montipora_capitata_HIv3___RNAseq.g20144.t1,ko04961
Montipora_capitata_HIv3___RNAseq.g20144.t1,ko04970
Montipora_capitata_HIv3___RNAseq.g20144.t1,ko04971
Montipora_capitata_HIv3___RNAseq.g20144.t1,ko04972
Montipora_capitata_HIv3___RNAseq.g20144.t1,ko05010
Montipora_capitata_HIv3___RNAseq.g20144.t1,ko05016
Montipora_capitata_HIv3___RNAseq.g20144.t1,ko05142
Montipora_capitata_HIv3___RNAseq.g20144.t1,ko05143
Montipora_capitata_HIv3___RNAseq.g20144.t1,ko05146
Montipora_capitata_HIv3___RNAseq.g20144.t1,ko05200
Montipora_capitata_HIv3___TS.g33721.t1,ko04064
Montipora_capitata_HIv3___TS.g33721.t1,ko04217
Montipora_capitata_HIv3___TS.g33721.t1,ko04620
Montipora_capitata_HIv3___TS.g33721.t1,ko05133
Montipora_capitata_HIv3___TS.g33721.t1,ko05161
Montipora_capitata_HIv3___RNAseq.g20163.t1,ko04142
Montipora_capitata_HIv3___TS.g33730.t1,ko00510
Montipora_capitata_HIv3___TS.g33730.t1,ko00513
Montipora_capitata_HIv3___TS.g33730.t1,ko01100
Montipora_capitata_HIv3___RNAseq.g20162.t1,ko04310
Montipora_capitata_HIv3___RNAseq.g20206.t1,ko00100
Montipora_capitata_HIv3___RNAseq.g20206.t1,ko00561
Montipora_capitata_HIv3___RNAseq.g20206.t1,ko01100
Montipora_capitata_HIv3___RNAseq.g20206.t1,ko04142
Montipora_capitata_HIv3___RNAseq.g20206.t1,ko04975
Montipora_capitata_HIv3___RNAseq.g20206.t1,ko04979
Montipora_capitata_HIv3___RNAseq.g20219.t1,ko05169
Montipora_capitata_HIv3___RNAseq.g20219.t1,ko05203
Montipora_capitata_HIv3___RNAseq.g20220.t1,ko00790
Montipora_capitata_HIv3___RNAseq.g20220.t1,ko01100
Montipora_capitata_HIv3___RNAseq.g20220.t1,ko02020
Montipora_capitata_HIv3___TS.g33794.t2b,ko04610
Montipora_capitata_HIv3___RNAseq.g20239.t1,ko03013
Montipora_capitata_HIv3___RNAseq.g20252.t1,ko00430
Montipora_capitata_HIv3___RNAseq.g20252.t1,ko00460
Montipora_capitata_HIv3___RNAseq.g20252.t1,ko00480
Montipora_capitata_HIv3___RNAseq.g20252.t1,ko00590
Montipora_capitata_HIv3___RNAseq.g20252.t1,ko01100
Montipora_capitata_HIv3___RNAseq.g20253.t1,ko04012
Montipora_capitata_HIv3___RNAseq.g20253.t1,ko04020
Montipora_capitata_HIv3___RNAseq.g20253.t1,ko04024
Montipora_capitata_HIv3___RNAseq.g20253.t1,ko04066
Montipora_capitata_HIv3___RNAseq.g20253.t1,ko04114
Montipora_capitata_HIv3___RNAseq.g20253.t1,ko04217
Montipora_capitata_HIv3___RNAseq.g20253.t1,ko04261
Montipora_capitata_HIv3___RNAseq.g20253.t1,ko04310
Montipora_capitata_HIv3___RNAseq.g20253.t1,ko04360
Montipora_capitata_HIv3___RNAseq.g20253.t1,ko04713
Montipora_capitata_HIv3___RNAseq.g20253.t1,ko04720
Montipora_capitata_HIv3___RNAseq.g20253.t1,ko04722
Montipora_capitata_HIv3___RNAseq.g20253.t1,ko04725
Montipora_capitata_HIv3___RNAseq.g20253.t1,ko04728
Montipora_capitata_HIv3___RNAseq.g20253.t1,ko04740
Montipora_capitata_HIv3___RNAseq.g20253.t1,ko04745
Montipora_capitata_HIv3___RNAseq.g20253.t1,ko04750
Montipora_capitata_HIv3___RNAseq.g20253.t1,ko04911
Montipora_capitata_HIv3___RNAseq.g20253.t1,ko04912
Montipora_capitata_HIv3___RNAseq.g20253.t1,ko04916
Montipora_capitata_HIv3___RNAseq.g20253.t1,ko04921
Montipora_capitata_HIv3___RNAseq.g20253.t1,ko04922
Montipora_capitata_HIv3___RNAseq.g20253.t1,ko04925
Montipora_capitata_HIv3___RNAseq.g20253.t1,ko04934
Montipora_capitata_HIv3___RNAseq.g20253.t1,ko04971
Montipora_capitata_HIv3___RNAseq.g20253.t1,ko05031
Montipora_capitata_HIv3___RNAseq.g20253.t1,ko05152
Montipora_capitata_HIv3___RNAseq.g20253.t1,ko05200
Montipora_capitata_HIv3___RNAseq.g20253.t1,ko05205
Montipora_capitata_HIv3___RNAseq.g20253.t1,ko05214
Montipora_capitata_HIv3___TS.g33825.t4,ko04022
Montipora_capitata_HIv3___TS.g33825.t4,ko04024
Montipora_capitata_HIv3___TS.g33825.t4,ko04270
Montipora_capitata_HIv3___TS.g33825.t4,ko04510
Montipora_capitata_HIv3___TS.g33825.t4,ko04611
Montipora_capitata_HIv3___TS.g33825.t4,ko04810
Montipora_capitata_HIv3___TS.g33825.t4,ko04921
Montipora_capitata_HIv3___TS.g33825.t4,ko05205
Montipora_capitata_HIv3___RNAseq.g20270.t1,ko03050
Montipora_capitata_HIv3___RNAseq.g20270.t1,ko05169
Montipora_capitata_HIv3___RNAseq.g20285.t2,ko04218
Montipora_capitata_HIv3___TS.g33854.t2,ko04927
Montipora_capitata_HIv3___TS.g33854.t2,ko04934
Montipora_capitata_HIv3___RNAseq.g20290.t1,ko00230
Montipora_capitata_HIv3___RNAseq.g20290.t1,ko00240
Montipora_capitata_HIv3___RNAseq.g20290.t1,ko00983
Montipora_capitata_HIv3___RNAseq.g20290.t1,ko01100
Montipora_capitata_HIv3___RNAseq.g20290.t1,ko01110
Montipora_capitata_HIv3___RNAseq.g20290.t1,ko01130
Montipora_capitata_HIv3___RNAseq.g20290.t1,ko04016
Montipora_capitata_HIv3___RNAseq.g20291.t1,ko03040
Montipora_capitata_HIv3___RNAseq.g20294.t1,ko00910
Montipora_capitata_HIv3___RNAseq.g20294.t1,ko04964
Montipora_capitata_HIv3___RNAseq.g20294.t1,ko04966
Montipora_capitata_HIv3___RNAseq.g20294.t1,ko04971
Montipora_capitata_HIv3___RNAseq.g20294.t1,ko04972
Montipora_capitata_HIv3___RNAseq.g20294.t1,ko04976
Montipora_capitata_HIv3___TS.g33866.t1,ko00910
Montipora_capitata_HIv3___TS.g33866.t1,ko04964
Montipora_capitata_HIv3___TS.g33866.t1,ko04966
Montipora_capitata_HIv3___TS.g33866.t1,ko04971
Montipora_capitata_HIv3___TS.g33866.t1,ko04972
Montipora_capitata_HIv3___TS.g33866.t1,ko04976
Montipora_capitata_HIv3___RNAseq.g20377.t1,ko04015
Montipora_capitata_HIv3___RNAseq.g20377.t1,ko04020
Montipora_capitata_HIv3___RNAseq.g20377.t1,ko04024
Montipora_capitata_HIv3___RNAseq.g20377.t1,ko04080
Montipora_capitata_HIv3___RNAseq.g20377.t1,ko04270
Montipora_capitata_HIv3___RNAseq.g20377.t1,ko05012
Montipora_capitata_HIv3___RNAseq.g20377.t1,ko05034
Montipora_capitata_HIv3___RNAseq.g20378.t1,ko04015
Montipora_capitata_HIv3___RNAseq.g20378.t1,ko04020
Montipora_capitata_HIv3___RNAseq.g20378.t1,ko04024
Montipora_capitata_HIv3___RNAseq.g20378.t1,ko04080
Montipora_capitata_HIv3___RNAseq.g20378.t1,ko04270
Montipora_capitata_HIv3___RNAseq.g20378.t1,ko05012
Montipora_capitata_HIv3___RNAseq.g20378.t1,ko05034
Montipora_capitata_HIv3___RNAseq.g20381.t1,ko04727
Montipora_capitata_HIv3___RNAseq.g20389.t1,ko01521
Montipora_capitata_HIv3___RNAseq.g20389.t1,ko01522
Montipora_capitata_HIv3___RNAseq.g20389.t1,ko01524
Montipora_capitata_HIv3___RNAseq.g20389.t1,ko04014
Montipora_capitata_HIv3___RNAseq.g20389.t1,ko04064
Montipora_capitata_HIv3___RNAseq.g20389.t1,ko04066
Montipora_capitata_HIv3___RNAseq.g20389.t1,ko04071
Montipora_capitata_HIv3___RNAseq.g20389.t1,ko04137
Montipora_capitata_HIv3___RNAseq.g20389.t1,ko04140
Montipora_capitata_HIv3___RNAseq.g20389.t1,ko04141
Montipora_capitata_HIv3___RNAseq.g20389.t1,ko04151
Montipora_capitata_HIv3___RNAseq.g20389.t1,ko04210
Montipora_capitata_HIv3___RNAseq.g20389.t1,ko04215
Montipora_capitata_HIv3___RNAseq.g20389.t1,ko04217
Montipora_capitata_HIv3___RNAseq.g20389.t1,ko04261
Montipora_capitata_HIv3___RNAseq.g20389.t1,ko04340
Montipora_capitata_HIv3___RNAseq.g20389.t1,ko04510
Montipora_capitata_HIv3___RNAseq.g20389.t1,ko04621
Montipora_capitata_HIv3___RNAseq.g20389.t1,ko04630
Montipora_capitata_HIv3___RNAseq.g20389.t1,ko04722
Montipora_capitata_HIv3___RNAseq.g20389.t1,ko04725
Montipora_capitata_HIv3___RNAseq.g20389.t1,ko04915
Montipora_capitata_HIv3___RNAseq.g20389.t1,ko04933
Montipora_capitata_HIv3___RNAseq.g20389.t1,ko05014
Montipora_capitata_HIv3___RNAseq.g20389.t1,ko05145
Montipora_capitata_HIv3___RNAseq.g20389.t1,ko05152
Montipora_capitata_HIv3___RNAseq.g20389.t1,ko05161
Montipora_capitata_HIv3___RNAseq.g20389.t1,ko05166
Montipora_capitata_HIv3___RNAseq.g20389.t1,ko05169
Montipora_capitata_HIv3___RNAseq.g20389.t1,ko05200
Montipora_capitata_HIv3___RNAseq.g20389.t1,ko05202
Montipora_capitata_HIv3___RNAseq.g20389.t1,ko05206
Montipora_capitata_HIv3___RNAseq.g20389.t1,ko05210
Montipora_capitata_HIv3___RNAseq.g20389.t1,ko05212
Montipora_capitata_HIv3___RNAseq.g20389.t1,ko05215
Montipora_capitata_HIv3___RNAseq.g20389.t1,ko05220
Montipora_capitata_HIv3___RNAseq.g20389.t1,ko05222
Montipora_capitata_HIv3___RNAseq.g20389.t1,ko05225
Montipora_capitata_HIv3___RNAseq.g20389.t1,ko05226
Montipora_capitata_HIv3___RNAseq.g20389.t1,ko05418
Montipora_capitata_HIv3___RNAseq.g20387.t1,ko04550
Montipora_capitata_HIv3___RNAseq.g20391.t1,ko04144
Montipora_capitata_HIv3___RNAseq.g20391.t1,ko04212
Montipora_capitata_HIv3___TS.g33967.t1,ko00040
Montipora_capitata_HIv3___TS.g33967.t1,ko00053
Montipora_capitata_HIv3___TS.g33967.t1,ko00140
Montipora_capitata_HIv3___TS.g33967.t1,ko00830
Montipora_capitata_HIv3___TS.g33967.t1,ko00860
Montipora_capitata_HIv3___TS.g33967.t1,ko00980
Montipora_capitata_HIv3___TS.g33967.t1,ko00982
Montipora_capitata_HIv3___TS.g33967.t1,ko00983
Montipora_capitata_HIv3___TS.g33967.t1,ko01100
Montipora_capitata_HIv3___TS.g33967.t1,ko01110
Montipora_capitata_HIv3___TS.g33967.t1,ko05204
Montipora_capitata_HIv3___RNAseq.g20397.t1,ko03015
Montipora_capitata_HIv3___RNAseq.g20398.t1,ko04144
Montipora_capitata_HIv3___RNAseq.g20398.t1,ko04212
Montipora_capitata_HIv3___RNAseq.g20402.t1,ko00040
Montipora_capitata_HIv3___RNAseq.g20402.t1,ko00053
Montipora_capitata_HIv3___RNAseq.g20402.t1,ko00140
Montipora_capitata_HIv3___RNAseq.g20402.t1,ko00830
Montipora_capitata_HIv3___RNAseq.g20402.t1,ko00860
Montipora_capitata_HIv3___RNAseq.g20402.t1,ko00980
Montipora_capitata_HIv3___RNAseq.g20402.t1,ko00982
Montipora_capitata_HIv3___RNAseq.g20402.t1,ko00983
Montipora_capitata_HIv3___RNAseq.g20402.t1,ko01100
Montipora_capitata_HIv3___RNAseq.g20402.t1,ko01110
Montipora_capitata_HIv3___RNAseq.g20402.t1,ko05204
Montipora_capitata_HIv3___RNAseq.g20408.t1,ko01524
Montipora_capitata_HIv3___RNAseq.g20408.t1,ko04141
Montipora_capitata_HIv3___RNAseq.g20408.t1,ko04210
Montipora_capitata_HIv3___RNAseq.g20408.t1,ko04215
Montipora_capitata_HIv3___RNAseq.g20408.t1,ko05165
Montipora_capitata_HIv3___RNAseq.g20408.t1,ko05167
Montipora_capitata_HIv3___RNAseq.g20408.t1,ko05200
Montipora_capitata_HIv3___RNAseq.g20408.t1,ko05202
Montipora_capitata_HIv3___RNAseq.g20408.t1,ko05203
Montipora_capitata_HIv3___RNAseq.g20408.t1,ko05206
Montipora_capitata_HIv3___RNAseq.g20408.t1,ko05210
Montipora_capitata_HIv3___RNAseq.g20408.t1,ko05212
Montipora_capitata_HIv3___RNAseq.g20408.t1,ko05213
Montipora_capitata_HIv3___RNAseq.g20408.t1,ko05214
Montipora_capitata_HIv3___RNAseq.g20408.t1,ko05216
Montipora_capitata_HIv3___RNAseq.g20408.t1,ko05217
Montipora_capitata_HIv3___RNAseq.g20408.t1,ko05218
Montipora_capitata_HIv3___RNAseq.g20408.t1,ko05220
Montipora_capitata_HIv3___RNAseq.g20408.t1,ko05222
Montipora_capitata_HIv3___RNAseq.g20408.t1,ko05223
Montipora_capitata_HIv3___RNAseq.g20408.t1,ko05224
Montipora_capitata_HIv3___RNAseq.g20408.t1,ko05225
Montipora_capitata_HIv3___RNAseq.g20408.t1,ko05226
Montipora_capitata_HIv3___RNAseq.g20421.t1,ko00071
Montipora_capitata_HIv3___RNAseq.g20421.t1,ko01212
Montipora_capitata_HIv3___RNAseq.g20421.t1,ko03320
Montipora_capitata_HIv3___RNAseq.g20421.t1,ko04152
Montipora_capitata_HIv3___RNAseq.g20421.t1,ko04714
Montipora_capitata_HIv3___RNAseq.g20421.t1,ko04920
Montipora_capitata_HIv3___RNAseq.g20421.t1,ko04922
Montipora_capitata_HIv3___RNAseq.g20421.t1,ko04931
Montipora_capitata_HIv3___RNAseq.g20422.t1,ko00071
Montipora_capitata_HIv3___RNAseq.g20422.t1,ko01212
Montipora_capitata_HIv3___RNAseq.g20422.t1,ko03320
Montipora_capitata_HIv3___RNAseq.g20422.t1,ko04152
Montipora_capitata_HIv3___RNAseq.g20422.t1,ko04714
Montipora_capitata_HIv3___RNAseq.g20422.t1,ko04920
Montipora_capitata_HIv3___RNAseq.g20422.t1,ko04922
Montipora_capitata_HIv3___RNAseq.g20422.t1,ko04931
Montipora_capitata_HIv3___RNAseq.g20424.t1,ko00670
Montipora_capitata_HIv3___RNAseq.g20424.t1,ko00790
Montipora_capitata_HIv3___RNAseq.g20424.t1,ko01100
Montipora_capitata_HIv3___RNAseq.g20424.t1,ko01523
Montipora_capitata_HIv3___TS.g33993.t1,ko00071
Montipora_capitata_HIv3___TS.g33993.t1,ko01212
Montipora_capitata_HIv3___TS.g33993.t1,ko03320
Montipora_capitata_HIv3___TS.g33993.t1,ko04152
Montipora_capitata_HIv3___TS.g33993.t1,ko04714
Montipora_capitata_HIv3___TS.g33993.t1,ko04920
Montipora_capitata_HIv3___TS.g33993.t1,ko04922
Montipora_capitata_HIv3___TS.g33993.t1,ko04931
Montipora_capitata_HIv3___TS.g34025.t2,ko04142
Montipora_capitata_HIv3___TS.g34043.t1,ko00534
Montipora_capitata_HIv3___TS.g34043.t1,ko01100
Montipora_capitata_HIv3___RNAseq.23696_t,ko00534
Montipora_capitata_HIv3___RNAseq.23696_t,ko01100
Montipora_capitata_HIv3___RNAseq.g20476.t1,ko04141
Montipora_capitata_HIv3___RNAseq.g20494.t1,ko03010
Montipora_capitata_HIv3___RNAseq.g20496.t1,ko00100
Montipora_capitata_HIv3___RNAseq.g20496.t1,ko00561
Montipora_capitata_HIv3___RNAseq.g20496.t1,ko01100
Montipora_capitata_HIv3___RNAseq.g20496.t1,ko04142
Montipora_capitata_HIv3___RNAseq.g20496.t1,ko04975
Montipora_capitata_HIv3___RNAseq.g20496.t1,ko04979
Montipora_capitata_HIv3___RNAseq.g20497.t1,ko00100
Montipora_capitata_HIv3___RNAseq.g20497.t1,ko00561
Montipora_capitata_HIv3___RNAseq.g20497.t1,ko01100
Montipora_capitata_HIv3___RNAseq.g20497.t1,ko04142
Montipora_capitata_HIv3___RNAseq.g20497.t1,ko04975
Montipora_capitata_HIv3___RNAseq.g20497.t1,ko04979
Montipora_capitata_HIv3___RNAseq.g20508.t1,ko00600
Montipora_capitata_HIv3___RNAseq.g20508.t1,ko01100
Montipora_capitata_HIv3___RNAseq.g20508.t1,ko04071
Montipora_capitata_HIv3___RNAseq.g20520.t1,ko00601
Montipora_capitata_HIv3___RNAseq.g20520.t1,ko01100
Montipora_capitata_HIv3___RNAseq.g20511.t1,ko03015
Montipora_capitata_HIv3___RNAseq.g20511.t1,ko04013
Montipora_capitata_HIv3___RNAseq.g20511.t1,ko04071
Montipora_capitata_HIv3___RNAseq.g20511.t1,ko04111
Montipora_capitata_HIv3___RNAseq.g20511.t1,ko04113
Montipora_capitata_HIv3___RNAseq.g20511.t1,ko04114
Montipora_capitata_HIv3___RNAseq.g20511.t1,ko04136
Montipora_capitata_HIv3___RNAseq.g20511.t1,ko04138
Montipora_capitata_HIv3___RNAseq.g20511.t1,ko04140
Montipora_capitata_HIv3___RNAseq.g20511.t1,ko04151
Montipora_capitata_HIv3___RNAseq.g20511.t1,ko04152
Montipora_capitata_HIv3___RNAseq.g20511.t1,ko04261
Montipora_capitata_HIv3___RNAseq.g20511.t1,ko04350
Montipora_capitata_HIv3___RNAseq.g20511.t1,ko04390
Montipora_capitata_HIv3___RNAseq.g20511.t1,ko04391
Montipora_capitata_HIv3___RNAseq.g20511.t1,ko04530
Montipora_capitata_HIv3___RNAseq.g20511.t1,ko04728
Montipora_capitata_HIv3___RNAseq.g20511.t1,ko04730
Montipora_capitata_HIv3___RNAseq.g20511.t1,ko05142
Montipora_capitata_HIv3___RNAseq.g20511.t1,ko05160
Montipora_capitata_HIv3___RNAseq.g20511.t1,ko05165
Montipora_capitata_HIv3___RNAseq.23737_t,ko00564
Montipora_capitata_HIv3___RNAseq.23737_t,ko00565
Montipora_capitata_HIv3___RNAseq.23737_t,ko01100
Montipora_capitata_HIv3___RNAseq.23737_t,ko01110
Montipora_capitata_HIv3___RNAseq.23737_t,ko04014
Montipora_capitata_HIv3___RNAseq.23737_t,ko04024
Montipora_capitata_HIv3___RNAseq.23737_t,ko04071
Montipora_capitata_HIv3___RNAseq.23737_t,ko04072
Montipora_capitata_HIv3___RNAseq.23737_t,ko04144
Montipora_capitata_HIv3___RNAseq.23737_t,ko04666
Montipora_capitata_HIv3___RNAseq.23737_t,ko04724
Montipora_capitata_HIv3___RNAseq.23737_t,ko04912
Montipora_capitata_HIv3___RNAseq.23737_t,ko05231
Montipora_capitata_HIv3___TS.g34102.t1,ko03060
Montipora_capitata_HIv3___RNAseq.g20540.t2,ko00564
Montipora_capitata_HIv3___RNAseq.g20540.t2,ko01100
Montipora_capitata_HIv3___RNAseq.g20540.t2,ko01110
Montipora_capitata_HIv3___TS.g34103.t1,ko04139
Montipora_capitata_HIv3___TS.g34103.t1,ko04919
Montipora_capitata_HIv3___TS.g34103.t1,ko05016
Montipora_capitata_HIv3___TS.g34103.t1,ko05202
Montipora_capitata_HIv3___RNAseq.g20633.t1,ko03018
Montipora_capitata_HIv3___RNAseq.g20634.t1,ko03018
Montipora_capitata_HIv3___RNAseq.g20635.t1,ko03018
Montipora_capitata_HIv3___RNAseq.g20691.t1,ko01521
Montipora_capitata_HIv3___RNAseq.g20691.t1,ko03013
Montipora_capitata_HIv3___RNAseq.g20691.t1,ko04012
Montipora_capitata_HIv3___RNAseq.g20691.t1,ko04066
Montipora_capitata_HIv3___RNAseq.g20691.t1,ko04150
Montipora_capitata_HIv3___RNAseq.g20691.t1,ko04151
Montipora_capitata_HIv3___RNAseq.g20691.t1,ko04152
Montipora_capitata_HIv3___RNAseq.g20691.t1,ko04211
Montipora_capitata_HIv3___RNAseq.g20691.t1,ko04213
Montipora_capitata_HIv3___RNAseq.g20691.t1,ko04218
Montipora_capitata_HIv3___RNAseq.g20691.t1,ko04910
Montipora_capitata_HIv3___RNAseq.g20691.t1,ko05165
Montipora_capitata_HIv3___RNAseq.g20691.t1,ko05221
Montipora_capitata_HIv3___RNAseq.g20691.t1,ko05231
Montipora_capitata_HIv3___RNAseq.g20729.t1,ko00220
Montipora_capitata_HIv3___RNAseq.g20729.t1,ko00250
Montipora_capitata_HIv3___RNAseq.g20729.t1,ko00471
Montipora_capitata_HIv3___RNAseq.g20729.t1,ko00910
Montipora_capitata_HIv3___RNAseq.g20729.t1,ko01100
Montipora_capitata_HIv3___RNAseq.g20729.t1,ko01200
Montipora_capitata_HIv3___RNAseq.g20729.t1,ko04217
Montipora_capitata_HIv3___RNAseq.g20729.t1,ko04964
Montipora_capitata_HIv3___RNAseq.g20763.t1,ko00230
Montipora_capitata_HIv3___RNAseq.g20763.t1,ko01100
Montipora_capitata_HIv3___RNAseq.g20767.t1,ko04020
Montipora_capitata_HIv3___RNAseq.g20767.t1,ko04022
Montipora_capitata_HIv3___RNAseq.g20767.t1,ko04216
Montipora_capitata_HIv3___RNAseq.g20767.t1,ko04217
Montipora_capitata_HIv3___RNAseq.g20767.t1,ko04218
Montipora_capitata_HIv3___RNAseq.g20767.t1,ko04621
Montipora_capitata_HIv3___RNAseq.g20767.t1,ko04979
Montipora_capitata_HIv3___RNAseq.g20767.t1,ko05012
Montipora_capitata_HIv3___RNAseq.g20767.t1,ko05016
Montipora_capitata_HIv3___RNAseq.g20767.t1,ko05166
Montipora_capitata_HIv3___TS.g34349.t1,ko04068
Montipora_capitata_HIv3___TS.g34349.t1,ko04152
Montipora_capitata_HIv3___TS.g34349.t1,ko04211
Montipora_capitata_HIv3___TS.g34349.t1,ko04212
Montipora_capitata_HIv3___TS.g34349.t1,ko04213
Montipora_capitata_HIv3___TS.g34349.t1,ko04218
Montipora_capitata_HIv3___TS.g34349.t1,ko04922
Montipora_capitata_HIv3___TS.g34349.t1,ko05031
Montipora_capitata_HIv3___TS.g34349.t1,ko05206
Montipora_capitata_HIv3___RNAseq.g20783.t1,ko04013
Montipora_capitata_HIv3___RNAseq.g20783.t1,ko04120
Montipora_capitata_HIv3___RNAseq.g20783.t1,ko04141
Montipora_capitata_HIv3___RNAseq.g20783.t1,ko04624
Montipora_capitata_HIv3___RNAseq.g20800.t1,ko04013
Montipora_capitata_HIv3___RNAseq.g20800.t1,ko04120
Montipora_capitata_HIv3___RNAseq.g20800.t1,ko04141
Montipora_capitata_HIv3___RNAseq.g20800.t1,ko04624
Montipora_capitata_HIv3___TS.g34362.t1,ko04068
Montipora_capitata_HIv3___TS.g34362.t1,ko04152
Montipora_capitata_HIv3___TS.g34362.t1,ko04211
Montipora_capitata_HIv3___TS.g34362.t1,ko04212
Montipora_capitata_HIv3___TS.g34362.t1,ko04213
Montipora_capitata_HIv3___TS.g34362.t1,ko04218
Montipora_capitata_HIv3___TS.g34362.t1,ko04922
Montipora_capitata_HIv3___TS.g34362.t1,ko05031
Montipora_capitata_HIv3___TS.g34362.t1,ko05206
Montipora_capitata_HIv3___RNAseq.g20787.t1,ko04110
Montipora_capitata_HIv3___RNAseq.g20787.t1,ko04114
Montipora_capitata_HIv3___RNAseq.g20787.t1,ko04115
Montipora_capitata_HIv3___RNAseq.g20787.t1,ko04218
Montipora_capitata_HIv3___RNAseq.g20787.t1,ko04540
Montipora_capitata_HIv3___RNAseq.g20787.t1,ko04914
Montipora_capitata_HIv3___RNAseq.g20787.t1,ko05168
Montipora_capitata_HIv3___RNAseq.g20787.t1,ko05169
Montipora_capitata_HIv3___RNAseq.g20787.t1,ko05203
Montipora_capitata_HIv3___RNAseq.g20808.t1,ko04010
Montipora_capitata_HIv3___RNAseq.g20808.t1,ko04540
Montipora_capitata_HIv3___RNAseq.g20808.t1,ko04722
Montipora_capitata_HIv3___RNAseq.g20808.t1,ko04921
Montipora_capitata_HIv3___RNAseq.g20808.t1,ko05418
Montipora_capitata_HIv3___TS.g34371.t1,ko04080
Montipora_capitata_HIv3___TS.g34371.t1,ko04214
Montipora_capitata_HIv3___TS.g34371.t1,ko04979
Montipora_capitata_HIv3___TS.g34371.t1,ko05166
Montipora_capitata_HIv3___RNAseq.g20845.t1,ko03018
Montipora_capitata_HIv3___RNAseq.g20847.t1,ko00900
Montipora_capitata_HIv3___RNAseq.g20847.t1,ko01130
Montipora_capitata_HIv3___TS.g34412.t3,ko00071
Montipora_capitata_HIv3___TS.g34412.t3,ko01212
Montipora_capitata_HIv3___TS.g34412.t3,ko03320
Montipora_capitata_HIv3___TS.g34412.t3,ko04152
Montipora_capitata_HIv3___TS.g34412.t3,ko04714
Montipora_capitata_HIv3___TS.g34412.t3,ko04920
Montipora_capitata_HIv3___TS.g34412.t3,ko04922
Montipora_capitata_HIv3___TS.g34412.t3,ko04931
Montipora_capitata_HIv3___TS.g34428.t3,ko03010
Montipora_capitata_HIv3___RNAseq.g20861.t1,ko03013
Montipora_capitata_HIv3___RNAseq.g20865.t1,ko04110
Montipora_capitata_HIv3___RNAseq.g20866.t1,ko04010
Montipora_capitata_HIv3___RNAseq.g20866.t1,ko04014
Montipora_capitata_HIv3___RNAseq.g20866.t1,ko04024
Montipora_capitata_HIv3___RNAseq.g20866.t1,ko04072
Montipora_capitata_HIv3___RNAseq.g20866.t1,ko04137
Montipora_capitata_HIv3___RNAseq.g20866.t1,ko04140
Montipora_capitata_HIv3___RNAseq.g20866.t1,ko04218
Montipora_capitata_HIv3___RNAseq.g20866.t1,ko04371
Montipora_capitata_HIv3___RNAseq.g20866.t1,ko04810
Montipora_capitata_HIv3___RNAseq.g20866.t1,ko05166
Montipora_capitata_HIv3___RNAseq.g20866.t1,ko05205
Montipora_capitata_HIv3___RNAseq.g20882.t1,ko00030
Montipora_capitata_HIv3___RNAseq.g20882.t1,ko01100
Montipora_capitata_HIv3___RNAseq.g20882.t1,ko01110
Montipora_capitata_HIv3___RNAseq.g20882.t1,ko01120
Montipora_capitata_HIv3___RNAseq.g20882.t1,ko01130
Montipora_capitata_HIv3___RNAseq.g20882.t1,ko01200
Montipora_capitata_HIv3___RNAseq.g20882.t1,ko01230
Montipora_capitata_HIv3___RNAseq.24166_t,ko04024
Montipora_capitata_HIv3___RNAseq.24166_t,ko04080
Montipora_capitata_HIv3___RNAseq.24166_t,ko04971
Montipora_capitata_HIv3___RNAseq.g20944.t1,ko04014
Montipora_capitata_HIv3___RNAseq.g20944.t1,ko04015
Montipora_capitata_HIv3___RNAseq.g20944.t1,ko04020
Montipora_capitata_HIv3___RNAseq.g20944.t1,ko04024
Montipora_capitata_HIv3___RNAseq.g20944.t1,ko04080
Montipora_capitata_HIv3___RNAseq.g20944.t1,ko04713
Montipora_capitata_HIv3___RNAseq.g20944.t1,ko04720
Montipora_capitata_HIv3___RNAseq.g20944.t1,ko04724
Montipora_capitata_HIv3___RNAseq.g20944.t1,ko05010
Montipora_capitata_HIv3___RNAseq.g20944.t1,ko05014
Montipora_capitata_HIv3___RNAseq.g20944.t1,ko05016
Montipora_capitata_HIv3___RNAseq.g20944.t1,ko05030
Montipora_capitata_HIv3___RNAseq.g20944.t1,ko05031
Montipora_capitata_HIv3___RNAseq.g20944.t1,ko05033
Montipora_capitata_HIv3___RNAseq.g20944.t1,ko05034
Montipora_capitata_HIv3___RNAseq.24194_t,ko04014
Montipora_capitata_HIv3___RNAseq.24194_t,ko04015
Montipora_capitata_HIv3___RNAseq.24194_t,ko04020
Montipora_capitata_HIv3___RNAseq.24194_t,ko04024
Montipora_capitata_HIv3___RNAseq.24194_t,ko04080
Montipora_capitata_HIv3___RNAseq.24194_t,ko04713
Montipora_capitata_HIv3___RNAseq.24194_t,ko04720
Montipora_capitata_HIv3___RNAseq.24194_t,ko04724
Montipora_capitata_HIv3___RNAseq.24194_t,ko05010
Montipora_capitata_HIv3___RNAseq.24194_t,ko05014
Montipora_capitata_HIv3___RNAseq.24194_t,ko05016
Montipora_capitata_HIv3___RNAseq.24194_t,ko05030
Montipora_capitata_HIv3___RNAseq.24194_t,ko05031
Montipora_capitata_HIv3___RNAseq.24194_t,ko05033
Montipora_capitata_HIv3___RNAseq.24194_t,ko05034
Montipora_capitata_HIv3___RNAseq.g20954.t1,ko04141
Montipora_capitata_HIv3___RNAseq.g20955.t1,ko00561
Montipora_capitata_HIv3___RNAseq.g20955.t1,ko01100
Montipora_capitata_HIv3___RNAseq.g20955.t1,ko03320
Montipora_capitata_HIv3___RNAseq.g20955.t1,ko04626
Montipora_capitata_HIv3___RNAseq.g20964.t1,ko00010
Montipora_capitata_HIv3___RNAseq.g20964.t1,ko00053
Montipora_capitata_HIv3___RNAseq.g20964.t1,ko00071
Montipora_capitata_HIv3___RNAseq.g20964.t1,ko00280
Montipora_capitata_HIv3___RNAseq.g20964.t1,ko00310
Montipora_capitata_HIv3___RNAseq.g20964.t1,ko00330
Montipora_capitata_HIv3___RNAseq.g20964.t1,ko00340
Montipora_capitata_HIv3___RNAseq.g20964.t1,ko00380
Montipora_capitata_HIv3___RNAseq.g20964.t1,ko00410
Montipora_capitata_HIv3___RNAseq.g20964.t1,ko00561
Montipora_capitata_HIv3___RNAseq.g20964.t1,ko00620
Montipora_capitata_HIv3___RNAseq.g20964.t1,ko00625
Montipora_capitata_HIv3___RNAseq.g20964.t1,ko00903
Montipora_capitata_HIv3___RNAseq.g20964.t1,ko00981
Montipora_capitata_HIv3___RNAseq.g20964.t1,ko01100
Montipora_capitata_HIv3___RNAseq.g20964.t1,ko01110
Montipora_capitata_HIv3___RNAseq.g20964.t1,ko01120
Montipora_capitata_HIv3___RNAseq.g20964.t1,ko01130
Montipora_capitata_HIv3___RNAseq.24234_t,ko00010
Montipora_capitata_HIv3___RNAseq.24234_t,ko00053
Montipora_capitata_HIv3___RNAseq.24234_t,ko00071
Montipora_capitata_HIv3___RNAseq.24234_t,ko00280
Montipora_capitata_HIv3___RNAseq.24234_t,ko00310
Montipora_capitata_HIv3___RNAseq.24234_t,ko00330
Montipora_capitata_HIv3___RNAseq.24234_t,ko00340
Montipora_capitata_HIv3___RNAseq.24234_t,ko00380
Montipora_capitata_HIv3___RNAseq.24234_t,ko00410
Montipora_capitata_HIv3___RNAseq.24234_t,ko00561
Montipora_capitata_HIv3___RNAseq.24234_t,ko00620
Montipora_capitata_HIv3___RNAseq.24234_t,ko00625
Montipora_capitata_HIv3___RNAseq.24234_t,ko00903
Montipora_capitata_HIv3___RNAseq.24234_t,ko00981
Montipora_capitata_HIv3___RNAseq.24234_t,ko01100
Montipora_capitata_HIv3___RNAseq.24234_t,ko01110
Montipora_capitata_HIv3___RNAseq.24234_t,ko01120
Montipora_capitata_HIv3___RNAseq.24234_t,ko01130
Montipora_capitata_HIv3___RNAseq.g21007.t1,ko03010
Montipora_capitata_HIv3___RNAseq.g21019.t2,ko04120
Montipora_capitata_HIv3___RNAseq.g21021.t1,ko04140
Montipora_capitata_HIv3___RNAseq.g21023.t1,ko00230
Montipora_capitata_HIv3___RNAseq.g21023.t1,ko00240
Montipora_capitata_HIv3___RNAseq.g21023.t1,ko01100
Montipora_capitata_HIv3___RNAseq.g21023.t1,ko03020
Montipora_capitata_HIv3___RNAseq.g21023.t1,ko05016
Montipora_capitata_HIv3___RNAseq.g21023.t1,ko05169
Montipora_capitata_HIv3___RNAseq.g21062.t1,ko03060
Montipora_capitata_HIv3___TS.g34627.t2,ko00190
Montipora_capitata_HIv3___TS.g34627.t2,ko01100
Montipora_capitata_HIv3___TS.g34627.t2,ko04145
Montipora_capitata_HIv3___TS.g34627.t2,ko04150
Montipora_capitata_HIv3___TS.g34627.t2,ko04721
Montipora_capitata_HIv3___TS.g34627.t2,ko04966
Montipora_capitata_HIv3___TS.g34627.t2,ko05110
Montipora_capitata_HIv3___TS.g34627.t2,ko05120
Montipora_capitata_HIv3___TS.g34627.t2,ko05323
Montipora_capitata_HIv3___TS.g34832.t1,ko04210
Montipora_capitata_HIv3___TS.g34832.t1,ko04214
Montipora_capitata_HIv3___TS.g34832.t1,ko04215
Montipora_capitata_HIv3___TS.g34832.t1,ko05012
Montipora_capitata_HIv3___RNAseq.g21267.t1,ko04550
Montipora_capitata_HIv3___TS.g34841.t2,ko03015
Montipora_capitata_HIv3___TS.g34841.t2,ko04550
Montipora_capitata_HIv3___TS.g34841.t2,ko05164
Montipora_capitata_HIv3___RNAseq.g21272.t1,ko04550
Montipora_capitata_HIv3___RNAseq.g21273.t1,ko04550
Montipora_capitata_HIv3___RNAseq.g21274.t1,ko04550
Montipora_capitata_HIv3___RNAseq.g21276.t1,ko04120
Montipora_capitata_HIv3___TS.g34848.t2,ko04142
Montipora_capitata_HIv3___TS.g34848.t2,ko04210
Montipora_capitata_HIv3___RNAseq.g21279.t1,ko04142
Montipora_capitata_HIv3___RNAseq.g21279.t1,ko04210
Montipora_capitata_HIv3___RNAseq.g21295.t1,ko04714
Montipora_capitata_HIv3___RNAseq.g21295.t1,ko05202
Montipora_capitata_HIv3___RNAseq.g21301.t1,ko00564
Montipora_capitata_HIv3___RNAseq.g21301.t1,ko04146
Montipora_capitata_HIv3___RNAseq.g21305.t1,ko03410
Montipora_capitata_HIv3___RNAseq.g21305.t1,ko05340
Montipora_capitata_HIv3___TS.g34914.t2,ko00230
Montipora_capitata_HIv3___TS.g34914.t2,ko00240
Montipora_capitata_HIv3___TS.g34914.t2,ko05169
Montipora_capitata_HIv3___RNAseq.g21296.t1,ko04141
Montipora_capitata_HIv3___RNAseq.g21298.t1,ko04111
Montipora_capitata_HIv3___RNAseq.g21299.t1,ko00515
Montipora_capitata_HIv3___RNAseq.g21299.t1,ko01100
Montipora_capitata_HIv3___TS.g34919.t1,ko00190
Montipora_capitata_HIv3___TS.g34919.t1,ko01100
Montipora_capitata_HIv3___TS.g34919.t1,ko04714
Montipora_capitata_HIv3___TS.g34930.t2,ko04114
Montipora_capitata_HIv3___TS.g34930.t2,ko04914
Montipora_capitata_HIv3___RNAseq.g21361.t1,ko00140
Montipora_capitata_HIv3___RNAseq.g21361.t1,ko00630
Montipora_capitata_HIv3___RNAseq.g21361.t1,ko01100
Montipora_capitata_HIv3___RNAseq.g21361.t1,ko01110
Montipora_capitata_HIv3___RNAseq.g21361.t1,ko01120
Montipora_capitata_HIv3___RNAseq.g21361.t1,ko01130
Montipora_capitata_HIv3___RNAseq.g21361.t1,ko01200
Montipora_capitata_HIv3___RNAseq.g21361.t1,ko04146
Montipora_capitata_HIv3___RNAseq.g21361.t1,ko04913
Montipora_capitata_HIv3___RNAseq.g21361.t1,ko04925
Montipora_capitata_HIv3___RNAseq.g21361.t1,ko04927
Montipora_capitata_HIv3___RNAseq.g21361.t1,ko04934
Montipora_capitata_HIv3___RNAseq.g21372.t1,ko04340
Montipora_capitata_HIv3___RNAseq.g21357.t1,ko03040
Montipora_capitata_HIv3___RNAseq.g21588.t1,ko03460
Montipora_capitata_HIv3___RNAseq.g21592.t1,ko05016
Montipora_capitata_HIv3___RNAseq.g21580.t1,ko04010
Montipora_capitata_HIv3___RNAseq.g21585.t1,ko03010
Montipora_capitata_HIv3___RNAseq.g21593.t1,ko00190
Montipora_capitata_HIv3___RNAseq.g21593.t1,ko01100
Montipora_capitata_HIv3___RNAseq.g21593.t1,ko04714
Montipora_capitata_HIv3___RNAseq.g21593.t1,ko04723
Montipora_capitata_HIv3___RNAseq.g21593.t1,ko04932
Montipora_capitata_HIv3___RNAseq.g21593.t1,ko05010
Montipora_capitata_HIv3___RNAseq.g21593.t1,ko05012
Montipora_capitata_HIv3___RNAseq.g21593.t1,ko05016
Montipora_capitata_HIv3___RNAseq.g21596.t1,ko04723
Montipora_capitata_HIv3___RNAseq.g21596.t1,ko04745
Montipora_capitata_HIv3___RNAseq.g21596.t1,ko04925
Montipora_capitata_HIv3___RNAseq.g21606.t1,ko00360
Montipora_capitata_HIv3___RNAseq.g21606.t1,ko00400
Montipora_capitata_HIv3___RNAseq.g21606.t1,ko00790
Montipora_capitata_HIv3___RNAseq.g21606.t1,ko01100
Montipora_capitata_HIv3___RNAseq.g21606.t1,ko01230
Montipora_capitata_HIv3___TS.g35187.t2,ko00561
Montipora_capitata_HIv3___TS.g35187.t2,ko00564
Montipora_capitata_HIv3___TS.g35187.t2,ko01100
Montipora_capitata_HIv3___TS.g35187.t2,ko01110
Montipora_capitata_HIv3___TS.g35187.t2,ko04070
Montipora_capitata_HIv3___TS.g35187.t2,ko04072
Montipora_capitata_HIv3___TS.g35187.t2,ko05231
Montipora_capitata_HIv3___RNAseq.g21600.t1,ko03040
Montipora_capitata_HIv3___RNAseq.g21620.t1,ko00830
Montipora_capitata_HIv3___RNAseq.g21620.t1,ko01100
Montipora_capitata_HIv3___RNAseq.g21627.t1,ko04972
Montipora_capitata_HIv3___RNAseq.g21624.t2,ko04022
Montipora_capitata_HIv3___RNAseq.g21624.t2,ko04024
Montipora_capitata_HIv3___RNAseq.g21624.t2,ko04151
Montipora_capitata_HIv3___RNAseq.g21624.t2,ko04152
Montipora_capitata_HIv3___RNAseq.g21624.t2,ko04211
Montipora_capitata_HIv3___RNAseq.g21624.t2,ko04261
Montipora_capitata_HIv3___RNAseq.g21624.t2,ko04668
Montipora_capitata_HIv3___RNAseq.g21624.t2,ko04714
Montipora_capitata_HIv3___RNAseq.g21624.t2,ko04725
Montipora_capitata_HIv3___RNAseq.g21624.t2,ko04728
Montipora_capitata_HIv3___RNAseq.g21624.t2,ko04911
Montipora_capitata_HIv3___RNAseq.g21624.t2,ko04915
Montipora_capitata_HIv3___RNAseq.g21624.t2,ko04916
Montipora_capitata_HIv3___RNAseq.g21624.t2,ko04918
Montipora_capitata_HIv3___RNAseq.g21624.t2,ko04922
Montipora_capitata_HIv3___RNAseq.g21624.t2,ko04925
Montipora_capitata_HIv3___RNAseq.g21624.t2,ko04926
Montipora_capitata_HIv3___RNAseq.g21624.t2,ko04927
Montipora_capitata_HIv3___RNAseq.g21624.t2,ko04931
Montipora_capitata_HIv3___RNAseq.g21624.t2,ko04934
Montipora_capitata_HIv3___RNAseq.g21624.t2,ko04962
Montipora_capitata_HIv3___RNAseq.g21624.t2,ko05016
Montipora_capitata_HIv3___RNAseq.g21624.t2,ko05030
Montipora_capitata_HIv3___RNAseq.g21624.t2,ko05031
Montipora_capitata_HIv3___RNAseq.g21624.t2,ko05034
Montipora_capitata_HIv3___RNAseq.g21624.t2,ko05161
Montipora_capitata_HIv3___RNAseq.g21624.t2,ko05165
Montipora_capitata_HIv3___RNAseq.g21624.t2,ko05203
Montipora_capitata_HIv3___RNAseq.g21624.t2,ko05215
Montipora_capitata_HIv3___RNAseq.g21632.t1,ko04150
Montipora_capitata_HIv3___TS.g35220.t3a,ko00532
Montipora_capitata_HIv3___TS.g35220.t3a,ko00534
Montipora_capitata_HIv3___TS.g35220.t3a,ko01100
Montipora_capitata_HIv3___TS.g35287.t2,ko00561
Montipora_capitata_HIv3___TS.g35287.t2,ko00564
Montipora_capitata_HIv3___TS.g35287.t2,ko01110
Montipora_capitata_HIv3___RNAseq.g21699.t1,ko00563
Montipora_capitata_HIv3___RNAseq.g21699.t1,ko01100
Montipora_capitata_HIv3___RNAseq.g21699.t1,ko04110
Montipora_capitata_HIv3___RNAseq.g21699.t1,ko04114
Montipora_capitata_HIv3___RNAseq.g21699.t1,ko04115
Montipora_capitata_HIv3___RNAseq.g21699.t1,ko04151
Montipora_capitata_HIv3___RNAseq.g21699.t1,ko04218
Montipora_capitata_HIv3___RNAseq.g21699.t1,ko04391
Montipora_capitata_HIv3___RNAseq.g21699.t1,ko04934
Montipora_capitata_HIv3___RNAseq.g21699.t1,ko05161
Montipora_capitata_HIv3___RNAseq.g21699.t1,ko05162
Montipora_capitata_HIv3___RNAseq.g21699.t1,ko05165
Montipora_capitata_HIv3___RNAseq.g21699.t1,ko05200
Montipora_capitata_HIv3___RNAseq.g21699.t1,ko05203
Montipora_capitata_HIv3___RNAseq.g21699.t1,ko05206
Montipora_capitata_HIv3___RNAseq.g21699.t1,ko05215
Montipora_capitata_HIv3___RNAseq.g21699.t1,ko05222
Montipora_capitata_HIv3___RNAseq.g21699.t1,ko05226
Montipora_capitata_HIv3___RNAseq.g21693.t1,ko00510
Montipora_capitata_HIv3___RNAseq.g21693.t1,ko01100
Montipora_capitata_HIv3___RNAseq.g21693.t1,ko04141
Montipora_capitata_HIv3___TS.g35290.t1,ko04931
Montipora_capitata_HIv3___RNAseq.g21705.t1,ko05165
Montipora_capitata_HIv3___RNAseq.g21819.t1,ko04062
Montipora_capitata_HIv3___RNAseq.g21819.t1,ko04666
Montipora_capitata_HIv3___RNAseq.g21827.t1,ko04144
Montipora_capitata_HIv3___RNAseq.g21827.t1,ko04217
Montipora_capitata_HIv3___RNAseq.g21898.t1,ko01521
Montipora_capitata_HIv3___RNAseq.g21898.t1,ko04010
Montipora_capitata_HIv3___RNAseq.g21898.t1,ko04014
Montipora_capitata_HIv3___RNAseq.g21898.t1,ko04015
Montipora_capitata_HIv3___RNAseq.g21898.t1,ko04144
Montipora_capitata_HIv3___RNAseq.g21898.t1,ko04151
Montipora_capitata_HIv3___RNAseq.g21898.t1,ko04520
Montipora_capitata_HIv3___RNAseq.g21898.t1,ko04550
Montipora_capitata_HIv3___RNAseq.g21898.t1,ko04714
Montipora_capitata_HIv3___RNAseq.g21898.t1,ko04810
Montipora_capitata_HIv3___RNAseq.g21898.t1,ko05200
Montipora_capitata_HIv3___RNAseq.g21898.t1,ko05205
Montipora_capitata_HIv3___RNAseq.g21898.t1,ko05206
Montipora_capitata_HIv3___RNAseq.g21898.t1,ko05215
Montipora_capitata_HIv3___RNAseq.g21898.t1,ko05218
Montipora_capitata_HIv3___RNAseq.g21898.t1,ko05219
Montipora_capitata_HIv3___RNAseq.g21898.t1,ko05224
Montipora_capitata_HIv3___RNAseq.g21898.t1,ko05226
Montipora_capitata_HIv3___RNAseq.g21898.t1,ko05230
Montipora_capitata_HIv3___RNAseq.g21911.t1,ko04013
Montipora_capitata_HIv3___RNAseq.g21911.t1,ko05206
Montipora_capitata_HIv3___RNAseq.g21931.t1,ko01521
Montipora_capitata_HIv3___RNAseq.g21931.t1,ko04010
Montipora_capitata_HIv3___RNAseq.g21931.t1,ko04014
Montipora_capitata_HIv3___RNAseq.g21931.t1,ko04015
Montipora_capitata_HIv3___RNAseq.g21931.t1,ko04144
Montipora_capitata_HIv3___RNAseq.g21931.t1,ko04151
Montipora_capitata_HIv3___RNAseq.g21931.t1,ko04520
Montipora_capitata_HIv3___RNAseq.g21931.t1,ko04550
Montipora_capitata_HIv3___RNAseq.g21931.t1,ko04714
Montipora_capitata_HIv3___RNAseq.g21931.t1,ko04810
Montipora_capitata_HIv3___RNAseq.g21931.t1,ko05200
Montipora_capitata_HIv3___RNAseq.g21931.t1,ko05205
Montipora_capitata_HIv3___RNAseq.g21931.t1,ko05206
Montipora_capitata_HIv3___RNAseq.g21931.t1,ko05215
Montipora_capitata_HIv3___RNAseq.g21931.t1,ko05218
Montipora_capitata_HIv3___RNAseq.g21931.t1,ko05219
Montipora_capitata_HIv3___RNAseq.g21931.t1,ko05224
Montipora_capitata_HIv3___RNAseq.g21931.t1,ko05226
Montipora_capitata_HIv3___RNAseq.g21931.t1,ko05230
Montipora_capitata_HIv3___RNAseq.g21932.t1b,ko00230
Montipora_capitata_HIv3___RNAseq.g21932.t1b,ko00240
Montipora_capitata_HIv3___RNAseq.g21932.t1b,ko00760
Montipora_capitata_HIv3___RNAseq.g21932.t1b,ko01100
Montipora_capitata_HIv3___RNAseq.g21932.t1b,ko01110
Montipora_capitata_HIv3___RNAseq.g21934.t1,ko00230
Montipora_capitata_HIv3___RNAseq.g21934.t1,ko00240
Montipora_capitata_HIv3___RNAseq.g21934.t1,ko00760
Montipora_capitata_HIv3___RNAseq.g21934.t1,ko01100
Montipora_capitata_HIv3___RNAseq.g21934.t1,ko01110
Montipora_capitata_HIv3___RNAseq.g21937.t1a,ko00230
Montipora_capitata_HIv3___RNAseq.g21937.t1a,ko01100
Montipora_capitata_HIv3___RNAseq.g21937.t1a,ko01120
Montipora_capitata_HIv3___RNAseq.g21940.t1,ko00230
Montipora_capitata_HIv3___RNAseq.g21940.t1,ko01100
Montipora_capitata_HIv3___RNAseq.g21940.t1,ko01120
Montipora_capitata_HIv3___RNAseq.g22096.t1a,ko04144
Montipora_capitata_HIv3___RNAseq.g22108.t1,ko04139
Montipora_capitata_HIv3___TS.g35743.t2,ko04144
Montipora_capitata_HIv3___RNAseq.g22120.t1b,ko04064
Montipora_capitata_HIv3___RNAseq.g22120.t1b,ko04622
Montipora_capitata_HIv3___RNAseq.g22120.t1b,ko04623
Montipora_capitata_HIv3___RNAseq.g22120.t1b,ko05160
Montipora_capitata_HIv3___RNAseq.g22120.t1b,ko05161
Montipora_capitata_HIv3___RNAseq.g22120.t1b,ko05162
Montipora_capitata_HIv3___RNAseq.g22120.t1b,ko05164
Montipora_capitata_HIv3___RNAseq.g22120.t1b,ko05168
Montipora_capitata_HIv3___RNAseq.g22120.t1b,ko05169
Montipora_capitata_HIv3___RNAseq.g22147.t1,ko03013
Montipora_capitata_HIv3___RNAseq.g22250.t1,ko03013
Montipora_capitata_HIv3___RNAseq.g22250.t1,ko05016
Montipora_capitata_HIv3___TS.g35883.t2,ko00040
Montipora_capitata_HIv3___TS.g35883.t2,ko00051
Montipora_capitata_HIv3___TS.g35883.t2,ko00052
Montipora_capitata_HIv3___TS.g35883.t2,ko00561
Montipora_capitata_HIv3___TS.g35883.t2,ko00790
Montipora_capitata_HIv3___TS.g35883.t2,ko01100
Montipora_capitata_HIv3___RNAseq.g22258.t1,ko03410
Montipora_capitata_HIv3___RNAseq.g22405.t1,ko04010
Montipora_capitata_HIv3___RNAseq.g22405.t1,ko04726
Montipora_capitata_HIv3___RNAseq.g22405.t1,ko05418
Montipora_capitata_HIv3___RNAseq.g22439.t1,ko04064
Montipora_capitata_HIv3___RNAseq.g22439.t1,ko04620
Montipora_capitata_HIv3___RNAseq.g22439.t1,ko05132
Montipora_capitata_HIv3___RNAseq.g22439.t1,ko05152
Montipora_capitata_HIv3___RNAseq.g22477.t1,ko04550
Montipora_capitata_HIv3___TS.g36109.t1,ko03015
Montipora_capitata_HIv3___TS.g36109.t1,ko04071
Montipora_capitata_HIv3___TS.g36109.t1,ko04111
Montipora_capitata_HIv3___TS.g36109.t1,ko04151
Montipora_capitata_HIv3___TS.g36109.t1,ko04152
Montipora_capitata_HIv3___TS.g36109.t1,ko04261
Montipora_capitata_HIv3___TS.g36109.t1,ko04390
Montipora_capitata_HIv3___TS.g36109.t1,ko04391
Montipora_capitata_HIv3___TS.g36109.t1,ko04530
Montipora_capitata_HIv3___TS.g36109.t1,ko04728
Montipora_capitata_HIv3___TS.g36109.t1,ko05142
Montipora_capitata_HIv3___TS.g36109.t1,ko05160
Montipora_capitata_HIv3___TS.g36109.t1,ko05165
Montipora_capitata_HIv3___TS.g36082.t3,ko00330
Montipora_capitata_HIv3___TS.g36082.t3,ko00480
Montipora_capitata_HIv3___TS.g36082.t3,ko01100
Montipora_capitata_HIv3___RNAseq.g22464.t1,ko00310
Montipora_capitata_HIv3___TS.g36097.t2,ko00790
Montipora_capitata_HIv3___TS.g36097.t2,ko01100
Montipora_capitata_HIv3___TS.g36133.t2,ko00220
Montipora_capitata_HIv3___TS.g36133.t2,ko00250
Montipora_capitata_HIv3___TS.g36133.t2,ko00270
Montipora_capitata_HIv3___TS.g36133.t2,ko00330
Montipora_capitata_HIv3___TS.g36133.t2,ko00350
Montipora_capitata_HIv3___TS.g36133.t2,ko00360
Montipora_capitata_HIv3___TS.g36133.t2,ko00400
Montipora_capitata_HIv3___TS.g36133.t2,ko00710
Montipora_capitata_HIv3___TS.g36133.t2,ko00950
Montipora_capitata_HIv3___TS.g36133.t2,ko00960
Montipora_capitata_HIv3___TS.g36133.t2,ko01100
Montipora_capitata_HIv3___TS.g36133.t2,ko01110
Montipora_capitata_HIv3___TS.g36133.t2,ko01120
Montipora_capitata_HIv3___TS.g36133.t2,ko01130
Montipora_capitata_HIv3___TS.g36133.t2,ko01200
Montipora_capitata_HIv3___TS.g36133.t2,ko01210
Montipora_capitata_HIv3___TS.g36133.t2,ko01230
Montipora_capitata_HIv3___TS.g36134.t2,ko04144
Montipora_capitata_HIv3___TS.g36134.t2,ko04217
Montipora_capitata_HIv3___RNAseq.g22553.t1a,ko04150
Montipora_capitata_HIv3___RNAseq.g22555.t1,ko04150
Montipora_capitata_HIv3___RNAseq.g22564.t1,ko04013
Montipora_capitata_HIv3___RNAseq.g22590.t1,ko04714
Montipora_capitata_HIv3___RNAseq.g22601.t1,ko04724
Montipora_capitata_HIv3___RNAseq.g22599.t1,ko00030
Montipora_capitata_HIv3___RNAseq.g22599.t1,ko00710
Montipora_capitata_HIv3___RNAseq.g22599.t1,ko01100
Montipora_capitata_HIv3___RNAseq.g22599.t1,ko01110
Montipora_capitata_HIv3___RNAseq.g22599.t1,ko01120
Montipora_capitata_HIv3___RNAseq.g22599.t1,ko01130
Montipora_capitata_HIv3___RNAseq.g22599.t1,ko01200
Montipora_capitata_HIv3___RNAseq.g22599.t1,ko01230
Montipora_capitata_HIv3___RNAseq.g22627.t1,ko04068
Montipora_capitata_HIv3___RNAseq.g22627.t1,ko04137
Montipora_capitata_HIv3___RNAseq.g22627.t1,ko04140
Montipora_capitata_HIv3___RNAseq.g22627.t1,ko05134
Montipora_capitata_HIv3___RNAseq.g22630.t1,ko03018
Montipora_capitata_HIv3___RNAseq.g22631.t1,ko03018
Montipora_capitata_HIv3___RNAseq.g22726.t1,ko04910
Montipora_capitata_HIv3___RNAseq.g22726.t1,ko04931
Montipora_capitata_HIv3___RNAseq.g22727.t1,ko04910
Montipora_capitata_HIv3___RNAseq.g22727.t1,ko04931
Montipora_capitata_HIv3___RNAseq.g22731.t1,ko05010
Montipora_capitata_HIv3___RNAseq.g22734.t1,ko05010
Montipora_capitata_HIv3___RNAseq.g22747.t1,ko00770
Montipora_capitata_HIv3___RNAseq.g22747.t1,ko01100
Montipora_capitata_HIv3___RNAseq.g22747.t1,ko04621
Montipora_capitata_HIv3___RNAseq.g22747.t1,ko04622
Montipora_capitata_HIv3___RNAseq.g22747.t1,ko04623
Montipora_capitata_HIv3___RNAseq.g22747.t1,ko05160
Montipora_capitata_HIv3___RNAseq.g22747.t1,ko05161
Montipora_capitata_HIv3___RNAseq.g22747.t1,ko05162
Montipora_capitata_HIv3___RNAseq.g22747.t1,ko05164
Montipora_capitata_HIv3___RNAseq.g22747.t1,ko05168
Montipora_capitata_HIv3___RNAseq.g22774.t1,ko03050
Montipora_capitata_HIv3___RNAseq.g22774.t1,ko05169
Montipora_capitata_HIv3___TS.g36412.t1b,ko02010
Montipora_capitata_HIv3___TS.g36412.t1b,ko04146
Montipora_capitata_HIv3___RNAseq.g22803.t1,ko00330
Montipora_capitata_HIv3___RNAseq.g22803.t1,ko00630
Montipora_capitata_HIv3___RNAseq.g22803.t1,ko01100
Montipora_capitata_HIv3___RNAseq.g22808.t1,ko00330
Montipora_capitata_HIv3___RNAseq.g22808.t1,ko00630
Montipora_capitata_HIv3___RNAseq.g22808.t1,ko01100
Montipora_capitata_HIv3___RNAseq.g22810.t1,ko04310
Montipora_capitata_HIv3___RNAseq.g22810.t1,ko04340
Montipora_capitata_HIv3___RNAseq.g22810.t1,ko04341
Montipora_capitata_HIv3___RNAseq.g22810.t1,ko05165
Montipora_capitata_HIv3___RNAseq.g22810.t1,ko05224
Montipora_capitata_HIv3___RNAseq.g22810.t1,ko05225
Montipora_capitata_HIv3___RNAseq.g22810.t1,ko05226
Montipora_capitata_HIv3___RNAseq.g22811.t1,ko00760
Montipora_capitata_HIv3___RNAseq.g22811.t1,ko01100
Montipora_capitata_HIv3___RNAseq.g22812.t1,ko04310
Montipora_capitata_HIv3___RNAseq.g22812.t1,ko04340
Montipora_capitata_HIv3___RNAseq.g22812.t1,ko04341
Montipora_capitata_HIv3___RNAseq.g22812.t1,ko05165
Montipora_capitata_HIv3___RNAseq.g22812.t1,ko05224
Montipora_capitata_HIv3___RNAseq.g22812.t1,ko05225
Montipora_capitata_HIv3___RNAseq.g22812.t1,ko05226
Montipora_capitata_HIv3___RNAseq.g22813.t1,ko00760
Montipora_capitata_HIv3___RNAseq.g22813.t1,ko01100
Montipora_capitata_HIv3___RNAseq.g22821.t1,ko04721
Montipora_capitata_HIv3___RNAseq.g22821.t1,ko04726
Montipora_capitata_HIv3___RNAseq.g22821.t1,ko04728
Montipora_capitata_HIv3___RNAseq.g22821.t1,ko05012
Montipora_capitata_HIv3___RNAseq.g22821.t1,ko05030
Montipora_capitata_HIv3___RNAseq.g22821.t1,ko05031
Montipora_capitata_HIv3___RNAseq.g22821.t1,ko05034
Montipora_capitata_HIv3___RNAseq.g22827.t1,ko04961
Montipora_capitata_HIv3___RNAseq.g22827.t1,ko04970
Montipora_capitata_HIv3___RNAseq.g22827.t1,ko04978
Montipora_capitata_HIv3___RNAseq.g22841.t1,ko00072
Montipora_capitata_HIv3___RNAseq.g22841.t1,ko00650
Montipora_capitata_HIv3___RNAseq.g22841.t1,ko01100
Montipora_capitata_HIv3___RNAseq.26208_t,ko04612
Montipora_capitata_HIv3___RNAseq.26208_t,ko05152
Montipora_capitata_HIv3___RNAseq.g22838.t1,ko03040
Montipora_capitata_HIv3___RNAseq.g22843.t1,ko00140
Montipora_capitata_HIv3___RNAseq.g22843.t1,ko00830
Montipora_capitata_HIv3___RNAseq.g22843.t1,ko01100
Montipora_capitata_HIv3___RNAseq.g22846.t2,ko00052
Montipora_capitata_HIv3___RNAseq.g22846.t2,ko00511
Montipora_capitata_HIv3___RNAseq.g22846.t2,ko00531
Montipora_capitata_HIv3___RNAseq.g22846.t2,ko00600
Montipora_capitata_HIv3___RNAseq.g22846.t2,ko00604
Montipora_capitata_HIv3___RNAseq.g22846.t2,ko01100
Montipora_capitata_HIv3___RNAseq.g22846.t2,ko04142
Montipora_capitata_HIv3___RNAseq.g22848.t1,ko00052
Montipora_capitata_HIv3___RNAseq.g22848.t1,ko00511
Montipora_capitata_HIv3___RNAseq.g22848.t1,ko00531
Montipora_capitata_HIv3___RNAseq.g22848.t1,ko00600
Montipora_capitata_HIv3___RNAseq.g22848.t1,ko00604
Montipora_capitata_HIv3___RNAseq.g22848.t1,ko01100
Montipora_capitata_HIv3___RNAseq.g22848.t1,ko04142
Montipora_capitata_HIv3___RNAseq.g22849.t1,ko00052
Montipora_capitata_HIv3___RNAseq.g22849.t1,ko00511
Montipora_capitata_HIv3___RNAseq.g22849.t1,ko00531
Montipora_capitata_HIv3___RNAseq.g22849.t1,ko00600
Montipora_capitata_HIv3___RNAseq.g22849.t1,ko00604
Montipora_capitata_HIv3___RNAseq.g22849.t1,ko01100
Montipora_capitata_HIv3___RNAseq.g22849.t1,ko04142
Montipora_capitata_HIv3___RNAseq.g22852.t1,ko00052
Montipora_capitata_HIv3___RNAseq.g22852.t1,ko00511
Montipora_capitata_HIv3___RNAseq.g22852.t1,ko00531
Montipora_capitata_HIv3___RNAseq.g22852.t1,ko00600
Montipora_capitata_HIv3___RNAseq.g22852.t1,ko00604
Montipora_capitata_HIv3___RNAseq.g22852.t1,ko01100
Montipora_capitata_HIv3___RNAseq.g22852.t1,ko04142
Montipora_capitata_HIv3___RNAseq.g22857.t1,ko00071
Montipora_capitata_HIv3___RNAseq.g22857.t1,ko00280
Montipora_capitata_HIv3___RNAseq.g22857.t1,ko01100
Montipora_capitata_HIv3___RNAseq.g22857.t1,ko01110
Montipora_capitata_HIv3___RNAseq.g22857.t1,ko01212
Montipora_capitata_HIv3___RNAseq.g22861.t1,ko01524
Montipora_capitata_HIv3___RNAseq.g22861.t1,ko03430
Montipora_capitata_HIv3___RNAseq.g22861.t1,ko03460
Montipora_capitata_HIv3___RNAseq.g22861.t1,ko05200
Montipora_capitata_HIv3___RNAseq.g22861.t1,ko05210
Montipora_capitata_HIv3___RNAseq.g22861.t1,ko05213
Montipora_capitata_HIv3___RNAseq.g22861.t1,ko05226
Montipora_capitata_HIv3___RNAseq.g22864.t1,ko00020
Montipora_capitata_HIv3___RNAseq.g22864.t1,ko01100
Montipora_capitata_HIv3___RNAseq.g22864.t1,ko01110
Montipora_capitata_HIv3___RNAseq.g22864.t1,ko01120
Montipora_capitata_HIv3___RNAseq.g22864.t1,ko01130
Montipora_capitata_HIv3___RNAseq.g22864.t1,ko01200
Montipora_capitata_HIv3___RNAseq.g22864.t1,ko01210
Montipora_capitata_HIv3___RNAseq.g22864.t1,ko01230
Montipora_capitata_HIv3___RNAseq.g22870.t1,ko03040
Montipora_capitata_HIv3___RNAseq.g22876.t1,ko04114
Montipora_capitata_HIv3___RNAseq.g22876.t1,ko04120
Montipora_capitata_HIv3___RNAseq.g22876.t1,ko04218
Montipora_capitata_HIv3___RNAseq.g22876.t1,ko04310
Montipora_capitata_HIv3___RNAseq.g22876.t1,ko04340
Montipora_capitata_HIv3___RNAseq.g22876.t1,ko04341
Montipora_capitata_HIv3___RNAseq.g22876.t1,ko04390
Montipora_capitata_HIv3___RNAseq.g22876.t1,ko04624
Montipora_capitata_HIv3___RNAseq.g22876.t1,ko04710
Montipora_capitata_HIv3___RNAseq.g22876.t1,ko05131
Montipora_capitata_HIv3___RNAseq.g22874.t1,ko00030
Montipora_capitata_HIv3___RNAseq.g22874.t1,ko00053
Montipora_capitata_HIv3___RNAseq.g22874.t1,ko00930
Montipora_capitata_HIv3___RNAseq.g22874.t1,ko01100
Montipora_capitata_HIv3___RNAseq.g22874.t1,ko01110
Montipora_capitata_HIv3___RNAseq.g22874.t1,ko01120
Montipora_capitata_HIv3___RNAseq.g22874.t1,ko01130
Montipora_capitata_HIv3___RNAseq.g22874.t1,ko01200
Montipora_capitata_HIv3___RNAseq.g22874.t1,ko01220
Montipora_capitata_HIv3___RNAseq.g22874.t1,ko04111
Montipora_capitata_HIv3___RNAseq.g22883.t1,ko00010
Montipora_capitata_HIv3___RNAseq.g22883.t1,ko00680
Montipora_capitata_HIv3___RNAseq.g22883.t1,ko01100
Montipora_capitata_HIv3___RNAseq.g22883.t1,ko01110
Montipora_capitata_HIv3___RNAseq.g22883.t1,ko01120
Montipora_capitata_HIv3___RNAseq.g22883.t1,ko01130
Montipora_capitata_HIv3___RNAseq.g22883.t1,ko01200
Montipora_capitata_HIv3___RNAseq.g22883.t1,ko01230
Montipora_capitata_HIv3___RNAseq.g22883.t1,ko03018
Montipora_capitata_HIv3___RNAseq.g22883.t1,ko04066
Montipora_capitata_HIv3___RNAseq.g22884.t1,ko01521
Montipora_capitata_HIv3___RNAseq.g22884.t1,ko04010
Montipora_capitata_HIv3___RNAseq.g22884.t1,ko04014
Montipora_capitata_HIv3___RNAseq.g22884.t1,ko04015
Montipora_capitata_HIv3___RNAseq.g22884.t1,ko04144
Montipora_capitata_HIv3___RNAseq.g22884.t1,ko04151
Montipora_capitata_HIv3___RNAseq.g22884.t1,ko04520
Montipora_capitata_HIv3___RNAseq.g22884.t1,ko04550
Montipora_capitata_HIv3___RNAseq.g22884.t1,ko04714
Montipora_capitata_HIv3___RNAseq.g22884.t1,ko04810
Montipora_capitata_HIv3___RNAseq.g22884.t1,ko05200
Montipora_capitata_HIv3___RNAseq.g22884.t1,ko05205
Montipora_capitata_HIv3___RNAseq.g22884.t1,ko05206
Montipora_capitata_HIv3___RNAseq.g22884.t1,ko05215
Montipora_capitata_HIv3___RNAseq.g22884.t1,ko05218
Montipora_capitata_HIv3___RNAseq.g22884.t1,ko05219
Montipora_capitata_HIv3___RNAseq.g22884.t1,ko05224
Montipora_capitata_HIv3___RNAseq.g22884.t1,ko05226
Montipora_capitata_HIv3___RNAseq.g22884.t1,ko05230
Montipora_capitata_HIv3___RNAseq.g22900.t1,ko04150
Montipora_capitata_HIv3___RNAseq.g22901.t1,ko00480
Montipora_capitata_HIv3___RNAseq.g22901.t1,ko01100
Montipora_capitata_HIv3___RNAseq.g22907.t1,ko03008
Montipora_capitata_HIv3___RNAseq.g22911.t1,ko00190
Montipora_capitata_HIv3___RNAseq.g22911.t1,ko01100
Montipora_capitata_HIv3___RNAseq.g22911.t1,ko04145
Montipora_capitata_HIv3___RNAseq.g22911.t1,ko04721
Montipora_capitata_HIv3___RNAseq.g22911.t1,ko04966
Montipora_capitata_HIv3___RNAseq.g22911.t1,ko05110
Montipora_capitata_HIv3___RNAseq.g22911.t1,ko05120
Montipora_capitata_HIv3___RNAseq.g22911.t1,ko05323
Montipora_capitata_HIv3___RNAseq.g22920.t1,ko04062
Montipora_capitata_HIv3___RNAseq.g22920.t1,ko04510
Montipora_capitata_HIv3___RNAseq.g22920.t1,ko04666
Montipora_capitata_HIv3___RNAseq.g22920.t1,ko04810
Montipora_capitata_HIv3___RNAseq.g22920.t1,ko05100
Montipora_capitata_HIv3___RNAseq.g22920.t1,ko05131
Montipora_capitata_HIv3___RNAseq.g22922.t1,ko03008
Montipora_capitata_HIv3___RNAseq.g22936.t1,ko00531
Montipora_capitata_HIv3___RNAseq.g22936.t1,ko01100
Montipora_capitata_HIv3___RNAseq.g22936.t1,ko04142
Montipora_capitata_HIv3___RNAseq.g22989.t1,ko00072
Montipora_capitata_HIv3___RNAseq.g22989.t1,ko00650
Montipora_capitata_HIv3___RNAseq.g22989.t1,ko01100
Montipora_capitata_HIv3___RNAseq.g22990.t1,ko00140
Montipora_capitata_HIv3___RNAseq.g22990.t1,ko00830
Montipora_capitata_HIv3___RNAseq.g22990.t1,ko01100
Montipora_capitata_HIv3___RNAseq.g22991.t1,ko00140
Montipora_capitata_HIv3___RNAseq.g22991.t1,ko00830
Montipora_capitata_HIv3___RNAseq.g22991.t1,ko01100
Montipora_capitata_HIv3___RNAseq.g22966.t1,ko00020
Montipora_capitata_HIv3___RNAseq.g22966.t1,ko01100
Montipora_capitata_HIv3___RNAseq.g22966.t1,ko01110
Montipora_capitata_HIv3___RNAseq.g22966.t1,ko01120
Montipora_capitata_HIv3___RNAseq.g22966.t1,ko01130
Montipora_capitata_HIv3___RNAseq.g22966.t1,ko01200
Montipora_capitata_HIv3___RNAseq.g22966.t1,ko01210
Montipora_capitata_HIv3___RNAseq.g22966.t1,ko01230
Montipora_capitata_HIv3___RNAseq.g22994.t1,ko04062
Montipora_capitata_HIv3___RNAseq.g22994.t1,ko04144
Montipora_capitata_HIv3___RNAseq.g22994.t1,ko04341
Montipora_capitata_HIv3___RNAseq.g22994.t1,ko05032
Montipora_capitata_HIv3___TS.g36639.t3,ko00531
Montipora_capitata_HIv3___TS.g36639.t3,ko01100
Montipora_capitata_HIv3___TS.g36639.t3,ko05205
Montipora_capitata_HIv3___RNAseq.g23006.t1,ko00510
Montipora_capitata_HIv3___RNAseq.g23006.t1,ko00513
Montipora_capitata_HIv3___RNAseq.g23006.t1,ko01100
Montipora_capitata_HIv3___TS.g36629.t1,ko00515
Montipora_capitata_HIv3___TS.g36629.t1,ko00532
Montipora_capitata_HIv3___TS.g36629.t1,ko00534
Montipora_capitata_HIv3___TS.g36629.t1,ko01100
Montipora_capitata_HIv3___RNAseq.g23073.t1,ko04144
Montipora_capitata_HIv3___RNAseq.g23073.t1,ko04961
Montipora_capitata_HIv3___RNAseq.g23073.t1,ko04962
Montipora_capitata_HIv3___RNAseq.g23073.t1,ko04972
Montipora_capitata_HIv3___RNAseq.g23077.t1,ko00908
Montipora_capitata_HIv3___RNAseq.g23077.t1,ko01100
Montipora_capitata_HIv3___RNAseq.g23077.t1,ko01110
Montipora_capitata_HIv3___RNAseq.g23078.t1,ko03440
Montipora_capitata_HIv3___RNAseq.g23078.t1,ko04144
Montipora_capitata_HIv3___RNAseq.g23078.t1,ko04721
Montipora_capitata_HIv3___RNAseq.g23078.t1,ko04961
Montipora_capitata_HIv3___RNAseq.g23078.t1,ko05016
Montipora_capitata_HIv3___RNAseq.g23079.t1,ko03440
Montipora_capitata_HIv3___RNAseq.g23079.t1,ko04144
Montipora_capitata_HIv3___RNAseq.g23079.t1,ko04721
Montipora_capitata_HIv3___RNAseq.g23079.t1,ko04961
Montipora_capitata_HIv3___RNAseq.g23079.t1,ko05016
Montipora_capitata_HIv3___RNAseq.g23082.t1,ko04130
Montipora_capitata_HIv3___RNAseq.g23082.t1,ko04145
Montipora_capitata_HIv3___RNAseq.g23094.t1,ko05016
Montipora_capitata_HIv3___RNAseq.g23097.t1,ko03013
Montipora_capitata_HIv3___RNAseq.g23097.t1,ko04062
Montipora_capitata_HIv3___RNAseq.g23097.t1,ko04666
Montipora_capitata_HIv3___RNAseq.g23098.t1,ko04144
Montipora_capitata_HIv3___RNAseq.g23098.t1,ko04217
Montipora_capitata_HIv3___RNAseq.g23099.t1,ko04371
Montipora_capitata_HIv3___RNAseq.g23099.t1,ko04933
Montipora_capitata_HIv3___RNAseq.g23099.t1,ko05020
Montipora_capitata_HIv3___RNAseq.g23099.t1,ko05161
Montipora_capitata_HIv3___RNAseq.g23099.t1,ko05166
Montipora_capitata_HIv3___RNAseq.g23099.t1,ko05203
Montipora_capitata_HIv3___RNAseq.g23107.t1,ko00020
Montipora_capitata_HIv3___RNAseq.g23107.t1,ko00561
Montipora_capitata_HIv3___RNAseq.g23107.t1,ko00564
Montipora_capitata_HIv3___RNAseq.g23107.t1,ko00565
Montipora_capitata_HIv3___RNAseq.g23107.t1,ko00600
Montipora_capitata_HIv3___RNAseq.g23107.t1,ko00640
Montipora_capitata_HIv3___RNAseq.g23107.t1,ko01100
Montipora_capitata_HIv3___RNAseq.g23107.t1,ko01110
Montipora_capitata_HIv3___RNAseq.g23107.t1,ko01120
Montipora_capitata_HIv3___RNAseq.g23107.t1,ko01130
Montipora_capitata_HIv3___RNAseq.g23107.t1,ko01200
Montipora_capitata_HIv3___RNAseq.g23107.t1,ko04072
Montipora_capitata_HIv3___RNAseq.g23107.t1,ko04666
Montipora_capitata_HIv3___RNAseq.g23107.t1,ko04975
Montipora_capitata_HIv3___RNAseq.g23107.t1,ko05231
Montipora_capitata_HIv3___RNAseq.g23140.t1,ko00562
Montipora_capitata_HIv3___RNAseq.g23140.t1,ko01100
Montipora_capitata_HIv3___RNAseq.g23140.t1,ko04070
Montipora_capitata_HIv3___RNAseq.g23145.t1,ko00010
Montipora_capitata_HIv3___RNAseq.g23145.t1,ko00020
Montipora_capitata_HIv3___RNAseq.g23145.t1,ko00310
Montipora_capitata_HIv3___RNAseq.g23145.t1,ko00620
Montipora_capitata_HIv3___RNAseq.g23145.t1,ko01100
Montipora_capitata_HIv3___RNAseq.g23145.t1,ko01110
Montipora_capitata_HIv3___RNAseq.g23145.t1,ko01120
Montipora_capitata_HIv3___RNAseq.g23145.t1,ko01130
Montipora_capitata_HIv3___RNAseq.g23145.t1,ko01200
Montipora_capitata_HIv3___RNAseq.g23145.t1,ko04066
Montipora_capitata_HIv3___RNAseq.g23145.t1,ko04922
Montipora_capitata_HIv3___RNAseq.g23145.t1,ko05230
Montipora_capitata_HIv3___RNAseq.g23148.t1a,ko00010
Montipora_capitata_HIv3___RNAseq.g23148.t1a,ko00020
Montipora_capitata_HIv3___RNAseq.g23148.t1a,ko00310
Montipora_capitata_HIv3___RNAseq.g23148.t1a,ko00620
Montipora_capitata_HIv3___RNAseq.g23148.t1a,ko01100
Montipora_capitata_HIv3___RNAseq.g23148.t1a,ko01110
Montipora_capitata_HIv3___RNAseq.g23148.t1a,ko01120
Montipora_capitata_HIv3___RNAseq.g23148.t1a,ko01130
Montipora_capitata_HIv3___RNAseq.g23148.t1a,ko01200
Montipora_capitata_HIv3___RNAseq.g23148.t1a,ko04066
Montipora_capitata_HIv3___RNAseq.g23148.t1a,ko04922
Montipora_capitata_HIv3___RNAseq.g23148.t1a,ko05230
Montipora_capitata_HIv3___RNAseq.g23142.t1,ko00340
Montipora_capitata_HIv3___RNAseq.g23142.t1,ko01100
Montipora_capitata_HIv3___TS.g36763.t3,ko00340
Montipora_capitata_HIv3___TS.g36763.t3,ko01100
Montipora_capitata_HIv3___RNAseq.g23144.t1,ko04142
Montipora_capitata_HIv3___RNAseq.g23144.t1,ko04210
Montipora_capitata_HIv3___RNAseq.g23149.t1,ko04072
Montipora_capitata_HIv3___RNAseq.g23149.t1,ko04144
Montipora_capitata_HIv3___RNAseq.g23149.t1,ko05110
Montipora_capitata_HIv3___RNAseq.g23149.t1,ko05134
Montipora_capitata_HIv3___RNAseq.g23153.t1,ko04360
Montipora_capitata_HIv3___TS.g36794.t1,ko04110
Montipora_capitata_HIv3___TS.g36794.t1,ko04111
Montipora_capitata_HIv3___TS.g36794.t1,ko04113
Montipora_capitata_HIv3___TS.g36794.t1,ko04114
Montipora_capitata_HIv3___RNAseq.g23167.t1,ko00520
Montipora_capitata_HIv3___RNAseq.g23167.t1,ko01100
Montipora_capitata_HIv3___RNAseq.g23167.t1,ko04210
Montipora_capitata_HIv3___RNAseq.g23167.t1,ko04214
Montipora_capitata_HIv3___RNAseq.g23167.t1,ko04215
Montipora_capitata_HIv3___RNAseq.g23167.t1,ko05012
Montipora_capitata_HIv3___RNAseq.g23186.t1,ko03010
Montipora_capitata_HIv3___TS.g36825.t1,ko05202
Montipora_capitata_HIv3___TS.g36840.t1,ko00521
Montipora_capitata_HIv3___TS.g36840.t1,ko00562
Montipora_capitata_HIv3___TS.g36840.t1,ko01100
Montipora_capitata_HIv3___TS.g36840.t1,ko01120
Montipora_capitata_HIv3___TS.g36840.t1,ko01130
Montipora_capitata_HIv3___RNAseq.g23218.t1,ko00521
Montipora_capitata_HIv3___RNAseq.g23218.t1,ko00562
Montipora_capitata_HIv3___RNAseq.g23218.t1,ko01100
Montipora_capitata_HIv3___RNAseq.g23218.t1,ko01120
Montipora_capitata_HIv3___RNAseq.g23218.t1,ko01130
Montipora_capitata_HIv3___RNAseq.g23219.t1,ko00521
Montipora_capitata_HIv3___RNAseq.g23219.t1,ko00562
Montipora_capitata_HIv3___RNAseq.g23219.t1,ko01100
Montipora_capitata_HIv3___RNAseq.g23219.t1,ko01120
Montipora_capitata_HIv3___RNAseq.g23219.t1,ko01130
Montipora_capitata_HIv3___RNAseq.g23238.t1,ko00561
Montipora_capitata_HIv3___RNAseq.g23238.t1,ko00564
Montipora_capitata_HIv3___RNAseq.g23238.t1,ko01100
Montipora_capitata_HIv3___RNAseq.g23238.t1,ko01110
Montipora_capitata_HIv3___RNAseq.g23235.t1,ko00564
Montipora_capitata_HIv3___RNAseq.g23244.t1,ko00230
Montipora_capitata_HIv3___RNAseq.g23244.t1,ko00240
Montipora_capitata_HIv3___RNAseq.g23244.t1,ko04142
Montipora_capitata_HIv3___RNAseq.g23247.t1,ko04110
Montipora_capitata_HIv3___RNAseq.g23247.t1,ko04111
Montipora_capitata_HIv3___RNAseq.g23247.t1,ko04113
Montipora_capitata_HIv3___RNAseq.g23247.t1,ko04114
Montipora_capitata_HIv3___RNAseq.g23247.t1,ko04120
Montipora_capitata_HIv3___RNAseq.g23247.t1,ko04914
Montipora_capitata_HIv3___RNAseq.g23247.t1,ko05166
Montipora_capitata_HIv3___TS.g36885.t2,ko04624
Montipora_capitata_HIv3___RNAseq.g23263.t1,ko00190
Montipora_capitata_HIv3___RNAseq.g23263.t1,ko00860
Montipora_capitata_HIv3___RNAseq.g23263.t1,ko01100
Montipora_capitata_HIv3___RNAseq.g23263.t1,ko01110
Montipora_capitata_HIv3___RNAseq.g23263.t1,ko02020
Montipora_capitata_HIv3___RNAseq.g23263.t1,ko04714
Montipora_capitata_HIv3___RNAseq.g23268.t1,ko03013
Montipora_capitata_HIv3___RNAseq.g23261.t1,ko04010
Montipora_capitata_HIv3___RNAseq.g23261.t1,ko04110
Montipora_capitata_HIv3___RNAseq.g23261.t1,ko04114
Montipora_capitata_HIv3___RNAseq.g23261.t1,ko04218
Montipora_capitata_HIv3___RNAseq.g23261.t1,ko04914
Montipora_capitata_HIv3___RNAseq.g23261.t1,ko05206
Montipora_capitata_HIv3___RNAseq.g23305.t1,ko05202
Montipora_capitata_HIv3___TS.g36940.t1,ko04136
Montipora_capitata_HIv3___TS.g36940.t1,ko04138
Montipora_capitata_HIv3___TS.g36940.t1,ko04140
Montipora_capitata_HIv3___RNAseq.g23293.t1,ko03015
Montipora_capitata_HIv3___RNAseq.g23294.t1,ko04962
Montipora_capitata_HIv3___RNAseq.g23294.t1,ko05016
Montipora_capitata_HIv3___RNAseq.g23303.t1,ko03010
Montipora_capitata_HIv3___RNAseq.g23342.t1,ko04137
Montipora_capitata_HIv3___RNAseq.g23342.t1,ko04140
Montipora_capitata_HIv3___RNAseq.g23342.t1,ko04141
Montipora_capitata_HIv3___RNAseq.g23342.t1,ko04210
Montipora_capitata_HIv3___RNAseq.g23342.t1,ko04214
Montipora_capitata_HIv3___RNAseq.g23342.t1,ko04932
Montipora_capitata_HIv3___RNAseq.g23342.t1,ko05010
Montipora_capitata_HIv3___RNAseq.g23342.t1,ko05160
Montipora_capitata_HIv3___RNAseq.g23342.t1,ko05162
Montipora_capitata_HIv3___RNAseq.g23342.t1,ko05164
Montipora_capitata_HIv3___RNAseq.g23342.t1,ko05168
Montipora_capitata_HIv3___RNAseq.g23342.t1,ko05169
Montipora_capitata_HIv3___TS.g36965.t2,ko00350
Montipora_capitata_HIv3___TS.g36965.t2,ko01100
Montipora_capitata_HIv3___TS.g36965.t2,ko01120
Montipora_capitata_HIv3___RNAseq.g23345.t1,ko00350
Montipora_capitata_HIv3___RNAseq.g23345.t1,ko01100
Montipora_capitata_HIv3___RNAseq.g23345.t1,ko01120
Montipora_capitata_HIv3___RNAseq.g23346.t1,ko04621
Montipora_capitata_HIv3___RNAseq.g23346.t1,ko04622
Montipora_capitata_HIv3___RNAseq.g23346.t1,ko04623
Montipora_capitata_HIv3___RNAseq.g23349.t1,ko00350
Montipora_capitata_HIv3___RNAseq.g23349.t1,ko01100
Montipora_capitata_HIv3___RNAseq.g23349.t1,ko01120
Montipora_capitata_HIv3___RNAseq.g23350.t1,ko04621
Montipora_capitata_HIv3___RNAseq.g23350.t1,ko04622
Montipora_capitata_HIv3___RNAseq.g23350.t1,ko04623
Montipora_capitata_HIv3___RNAseq.g23351.t1,ko04621
Montipora_capitata_HIv3___RNAseq.g23351.t1,ko04622
Montipora_capitata_HIv3___RNAseq.g23351.t1,ko04623
Montipora_capitata_HIv3___RNAseq.g23352.t1,ko04621
Montipora_capitata_HIv3___RNAseq.g23352.t1,ko04622
Montipora_capitata_HIv3___RNAseq.g23352.t1,ko04623
Montipora_capitata_HIv3___RNAseq.g23355.t1,ko04110
Montipora_capitata_HIv3___RNAseq.g23355.t1,ko04111
Montipora_capitata_HIv3___RNAseq.g23355.t1,ko04113
Montipora_capitata_HIv3___RNAseq.g23355.t1,ko04114
Montipora_capitata_HIv3___RNAseq.g23355.t1,ko04120
Montipora_capitata_HIv3___RNAseq.g23355.t1,ko04914
Montipora_capitata_HIv3___RNAseq.g23355.t1,ko05166
Montipora_capitata_HIv3___RNAseq.g23356.t1,ko00330
Montipora_capitata_HIv3___RNAseq.g23356.t1,ko01100
Montipora_capitata_HIv3___RNAseq.g23356.t1,ko01110
Montipora_capitata_HIv3___RNAseq.g23356.t1,ko01130
Montipora_capitata_HIv3___TS.g36992.t2,ko04650
Montipora_capitata_HIv3___RNAseq.g23359.t1,ko00900
Montipora_capitata_HIv3___RNAseq.g23359.t1,ko01130
Montipora_capitata_HIv3___RNAseq.g23360.t1,ko00190
Montipora_capitata_HIv3___RNAseq.g23374.t1,ko04024
Montipora_capitata_HIv3___RNAseq.g23374.t1,ko04080
Montipora_capitata_HIv3___RNAseq.g23374.t1,ko04727
Montipora_capitata_HIv3___RNAseq.g23374.t1,ko04742
Montipora_capitata_HIv3___RNAseq.g23374.t1,ko04915
Montipora_capitata_HIv3___RNAseq.g23374.t1,ko05032
Montipora_capitata_HIv3___RNAseq.g23377.t1,ko00240
Montipora_capitata_HIv3___RNAseq.g23377.t1,ko01100
Montipora_capitata_HIv3___RNAseq.g23395.t1,ko04080
Montipora_capitata_HIv3___TS.g37038.t1,ko02010
Montipora_capitata_HIv3___TS.g37038.t1,ko03022
Montipora_capitata_HIv3___TS.g37038.t1,ko05168
Montipora_capitata_HIv3___RNAseq.g23412.t1,ko00010
Montipora_capitata_HIv3___RNAseq.g23412.t1,ko00051
Montipora_capitata_HIv3___RNAseq.g23412.t1,ko00052
Montipora_capitata_HIv3___RNAseq.g23412.t1,ko00500
Montipora_capitata_HIv3___RNAseq.g23412.t1,ko00520
Montipora_capitata_HIv3___RNAseq.g23412.t1,ko00521
Montipora_capitata_HIv3___RNAseq.g23412.t1,ko00524
Montipora_capitata_HIv3___RNAseq.g23412.t1,ko01100
Montipora_capitata_HIv3___RNAseq.g23412.t1,ko01110
Montipora_capitata_HIv3___RNAseq.g23412.t1,ko01120
Montipora_capitata_HIv3___RNAseq.g23412.t1,ko01130
Montipora_capitata_HIv3___RNAseq.g23412.t1,ko01200
Montipora_capitata_HIv3___RNAseq.g23412.t1,ko04066
Montipora_capitata_HIv3___RNAseq.g23412.t1,ko04910
Montipora_capitata_HIv3___RNAseq.g23412.t1,ko04911
Montipora_capitata_HIv3___RNAseq.g23412.t1,ko04917
Montipora_capitata_HIv3___RNAseq.g23412.t1,ko04922
Montipora_capitata_HIv3___RNAseq.g23412.t1,ko04930
Montipora_capitata_HIv3___RNAseq.g23412.t1,ko04950
Montipora_capitata_HIv3___RNAseq.g23412.t1,ko04973
Montipora_capitata_HIv3___RNAseq.g23412.t1,ko05230
Montipora_capitata_HIv3___RNAseq.g23413.t1,ko04130
Montipora_capitata_HIv3___TS.g37041.t2,ko00310
Montipora_capitata_HIv3___TS.g37041.t2,ko05202
Montipora_capitata_HIv3___RNAseq.g23433.t2,ko04142
Montipora_capitata_HIv3___RNAseq.g23433.t2,ko04210
Montipora_capitata_HIv3___RNAseq.g23445.t1,ko03013
Montipora_capitata_HIv3___RNAseq.g23445.t1,ko03040
Montipora_capitata_HIv3___RNAseq.g23446.t1,ko00860
Montipora_capitata_HIv3___RNAseq.g23446.t1,ko01100
Montipora_capitata_HIv3___RNAseq.g23446.t1,ko01110
Montipora_capitata_HIv3___RNAseq.g23446.t1,ko01120
Montipora_capitata_HIv3___RNAseq.g23449.t1,ko03010
Montipora_capitata_HIv3___RNAseq.g23452.t1,ko03018
Montipora_capitata_HIv3___RNAseq.g23452.t1,ko04212
Montipora_capitata_HIv3___RNAseq.g23452.t1,ko05152
Montipora_capitata_HIv3___RNAseq.g23458.t1,ko04020
Montipora_capitata_HIv3___RNAseq.g23458.t1,ko04080
Montipora_capitata_HIv3___RNAseq.g23458.t1,ko04540
Montipora_capitata_HIv3___RNAseq.g23458.t1,ko04726
Montipora_capitata_HIv3___RNAseq.g23458.t1,ko04750
Montipora_capitata_HIv3___RNAseq.g23472.t1,ko00531
Montipora_capitata_HIv3___RNAseq.g23472.t1,ko01100
Montipora_capitata_HIv3___RNAseq.g23472.t1,ko05205
Montipora_capitata_HIv3___RNAseq.g23468.t1,ko03040
Montipora_capitata_HIv3___RNAseq.g23481.t1,ko00010
Montipora_capitata_HIv3___RNAseq.g23481.t1,ko00260
Montipora_capitata_HIv3___RNAseq.g23481.t1,ko00680
Montipora_capitata_HIv3___RNAseq.g23481.t1,ko01100
Montipora_capitata_HIv3___RNAseq.g23481.t1,ko01110
Montipora_capitata_HIv3___RNAseq.g23481.t1,ko01120
Montipora_capitata_HIv3___RNAseq.g23481.t1,ko01130
Montipora_capitata_HIv3___RNAseq.g23481.t1,ko01200
Montipora_capitata_HIv3___RNAseq.g23481.t1,ko01230
Montipora_capitata_HIv3___RNAseq.g23497.t1,ko04390
Montipora_capitata_HIv3___RNAseq.g23497.t1,ko04520
Montipora_capitata_HIv3___RNAseq.g23497.t1,ko04670
Montipora_capitata_HIv3___RNAseq.g23497.t1,ko05100
Montipora_capitata_HIv3___RNAseq.g23497.t1,ko05200
Montipora_capitata_HIv3___RNAseq.g23497.t1,ko05213
Montipora_capitata_HIv3___RNAseq.g23497.t1,ko05226
Montipora_capitata_HIv3___RNAseq.g23497.t1,ko05412
Montipora_capitata_HIv3___RNAseq.g23498.t1,ko04141
Montipora_capitata_HIv3___RNAseq.g23501.t1,ko03040
Montipora_capitata_HIv3___RNAseq.g23505.t1,ko03040
Montipora_capitata_HIv3___RNAseq.g23517.t1,ko04340
Montipora_capitata_HIv3___RNAseq.g23517.t1,ko04341
Montipora_capitata_HIv3___RNAseq.g23517.t1,ko05200
Montipora_capitata_HIv3___RNAseq.g23517.t1,ko05217
Montipora_capitata_HIv3___RNAseq.g23541.t2,ko00562
Montipora_capitata_HIv3___RNAseq.g23541.t2,ko01100
Montipora_capitata_HIv3___RNAseq.g23541.t2,ko04070
Montipora_capitata_HIv3___RNAseq.g23544.t1,ko04130
Montipora_capitata_HIv3___RNAseq.g23544.t1,ko04138
Montipora_capitata_HIv3___RNAseq.g23545.t1,ko00190
Montipora_capitata_HIv3___RNAseq.g23545.t1,ko01100
Montipora_capitata_HIv3___RNAseq.g23545.t1,ko04714
Montipora_capitata_HIv3___RNAseq.g23558.t1b,ko05205
Montipora_capitata_HIv3___RNAseq.g23558.t1b,ko05206
Montipora_capitata_HIv3___RNAseq.g23556.t1,ko04024
Montipora_capitata_HIv3___RNAseq.g23571.t1,ko03018
Montipora_capitata_HIv3___RNAseq.g23574.t1,ko00062
Montipora_capitata_HIv3___RNAseq.g23574.t1,ko01100
Montipora_capitata_HIv3___RNAseq.g23574.t1,ko01212
Montipora_capitata_HIv3___RNAseq.g23574.t1,ko04142
Montipora_capitata_HIv3___TS.g37219.t1,ko03460
Montipora_capitata_HIv3___RNAseq.g23588.t1,ko04144
Montipora_capitata_HIv3___RNAseq.g23588.t1,ko04217
Montipora_capitata_HIv3___RNAseq.g23596.t2,ko00140
Montipora_capitata_HIv3___TS.g37235.t2,ko03013
Montipora_capitata_HIv3___TS.g37237.t1,ko03013
Montipora_capitata_HIv3___TS.g37249.t1,ko00562
Montipora_capitata_HIv3___TS.g37249.t1,ko01100
Montipora_capitata_HIv3___TS.g37249.t1,ko04070
Montipora_capitata_HIv3___RNAseq.g23609.t1,ko05134
Montipora_capitata_HIv3___RNAseq.g23610.t1,ko03040
Montipora_capitata_HIv3___RNAseq.g23610.t1,ko04212
Montipora_capitata_HIv3___RNAseq.g27572.t1,ko00830
Montipora_capitata_HIv3___RNAseq.g27572.t1,ko01100
Montipora_capitata_HIv3___RNAseq.g27572.t1,ko04013
Montipora_capitata_HIv3___RNAseq.g27572.t1,ko04115
Montipora_capitata_HIv3___RNAseq.g27572.t1,ko04120
Montipora_capitata_HIv3___RNAseq.g27572.t1,ko04310
Montipora_capitata_HIv3___TS.g24011.t1,ko04014
Montipora_capitata_HIv3___TS.g24011.t1,ko04064
Montipora_capitata_HIv3___TS.g24011.t1,ko04072
Montipora_capitata_HIv3___TS.g24011.t1,ko04151
Montipora_capitata_HIv3___TS.g24011.t1,ko04380
Montipora_capitata_HIv3___TS.g24011.t1,ko04611
Montipora_capitata_HIv3___TS.g24011.t1,ko04650
Montipora_capitata_HIv3___TS.g24011.t1,ko04658
Montipora_capitata_HIv3___TS.g24011.t1,ko04659
Montipora_capitata_HIv3___TS.g24011.t1,ko04660
Montipora_capitata_HIv3___TS.g24011.t1,ko04662
Montipora_capitata_HIv3___TS.g24011.t1,ko04664
Montipora_capitata_HIv3___TS.g24011.t1,ko04666
Montipora_capitata_HIv3___TS.g24011.t1,ko05152
Montipora_capitata_HIv3___TS.g24011.t1,ko05167
Montipora_capitata_HIv3___TS.g24011.t1,ko05169
Montipora_capitata_HIv3___TS.g24011.t1,ko05203
Montipora_capitata_HIv3___TS.g24011.t1,ko05340
Montipora_capitata_HIv3___RNAseq.g27573.t1,ko04112
Montipora_capitata_HIv3___RNAseq.g27573.t1,ko04212
Montipora_capitata_HIv3___RNAseq.g27579.t1,ko04217
Montipora_capitata_HIv3___RNAseq.g27579.t1,ko04624
Montipora_capitata_HIv3___RNAseq.g27584.t1a,ko00510
Montipora_capitata_HIv3___RNAseq.g27584.t1a,ko00513
Montipora_capitata_HIv3___RNAseq.g27584.t1a,ko01100
Montipora_capitata_HIv3___RNAseq.g27577.t1,ko03008
Montipora_capitata_HIv3___RNAseq.g27599.t1,ko00330
Montipora_capitata_HIv3___RNAseq.g27599.t1,ko01100
Montipora_capitata_HIv3___RNAseq.g27591.t1,ko03018
Montipora_capitata_HIv3___RNAseq.g27591.t1,ko03040
Montipora_capitata_HIv3___RNAseq.g27614.t1,ko04110
Montipora_capitata_HIv3___RNAseq.g27614.t1,ko04111
Montipora_capitata_HIv3___RNAseq.g27614.t1,ko04113
Montipora_capitata_HIv3___RNAseq.g27614.t1,ko04114
Montipora_capitata_HIv3___RNAseq.g27614.t1,ko04120
Montipora_capitata_HIv3___RNAseq.g27614.t1,ko04914
Montipora_capitata_HIv3___RNAseq.g27614.t1,ko05166
Montipora_capitata_HIv3___RNAseq.g27616.t1,ko00564
Montipora_capitata_HIv3___RNAseq.g27616.t1,ko00565
Montipora_capitata_HIv3___RNAseq.g27616.t1,ko00590
Montipora_capitata_HIv3___RNAseq.g27616.t1,ko00591
Montipora_capitata_HIv3___RNAseq.g27616.t1,ko00592
Montipora_capitata_HIv3___RNAseq.g27616.t1,ko01100
Montipora_capitata_HIv3___RNAseq.g27616.t1,ko01110
Montipora_capitata_HIv3___RNAseq.g27616.t1,ko04010
Montipora_capitata_HIv3___RNAseq.g27616.t1,ko04014
Montipora_capitata_HIv3___RNAseq.g27616.t1,ko04072
Montipora_capitata_HIv3___RNAseq.g27616.t1,ko04217
Montipora_capitata_HIv3___RNAseq.g27616.t1,ko04270
Montipora_capitata_HIv3___RNAseq.g27616.t1,ko04370
Montipora_capitata_HIv3___RNAseq.g27616.t1,ko04611
Montipora_capitata_HIv3___RNAseq.g27616.t1,ko04664
Montipora_capitata_HIv3___RNAseq.g27616.t1,ko04724
Montipora_capitata_HIv3___RNAseq.g27616.t1,ko04726
Montipora_capitata_HIv3___RNAseq.g27616.t1,ko04730
Montipora_capitata_HIv3___RNAseq.g27616.t1,ko04750
Montipora_capitata_HIv3___RNAseq.g27616.t1,ko04912
Montipora_capitata_HIv3___RNAseq.g27616.t1,ko04913
Montipora_capitata_HIv3___RNAseq.g27616.t1,ko04921
Montipora_capitata_HIv3___RNAseq.g27616.t1,ko05231
Montipora_capitata_HIv3___RNAseq.g27617.t1,ko04141
Montipora_capitata_HIv3___RNAseq.g27617.t1,ko04145
Montipora_capitata_HIv3___RNAseq.g27617.t1,ko04612
Montipora_capitata_HIv3___RNAseq.g27617.t1,ko05142
Montipora_capitata_HIv3___RNAseq.g27617.t1,ko05166
Montipora_capitata_HIv3___RNAseq.g27618.t1,ko01521
Montipora_capitata_HIv3___RNAseq.g27618.t1,ko01522
Montipora_capitata_HIv3___RNAseq.g27618.t1,ko01524
Montipora_capitata_HIv3___RNAseq.g27618.t1,ko04012
Montipora_capitata_HIv3___RNAseq.g27618.t1,ko04014
Montipora_capitata_HIv3___RNAseq.g27618.t1,ko04015
Montipora_capitata_HIv3___RNAseq.g27618.t1,ko04024
Montipora_capitata_HIv3___RNAseq.g27618.t1,ko04062
Montipora_capitata_HIv3___RNAseq.g27618.t1,ko04066
Montipora_capitata_HIv3___RNAseq.g27618.t1,ko04068
Montipora_capitata_HIv3___RNAseq.g27618.t1,ko04070
Montipora_capitata_HIv3___RNAseq.g27618.t1,ko04071
Montipora_capitata_HIv3___RNAseq.g27618.t1,ko04072
Montipora_capitata_HIv3___RNAseq.g27618.t1,ko04140
Montipora_capitata_HIv3___RNAseq.g27618.t1,ko04150
Montipora_capitata_HIv3___RNAseq.g27618.t1,ko04151
Montipora_capitata_HIv3___RNAseq.g27618.t1,ko04152
Montipora_capitata_HIv3___RNAseq.g27618.t1,ko04210
Montipora_capitata_HIv3___RNAseq.g27618.t1,ko04211
Montipora_capitata_HIv3___RNAseq.g27618.t1,ko04213
Montipora_capitata_HIv3___RNAseq.g27618.t1,ko04218
Montipora_capitata_HIv3___RNAseq.g27618.t1,ko04360
Montipora_capitata_HIv3___RNAseq.g27618.t1,ko04370
Montipora_capitata_HIv3___RNAseq.g27618.t1,ko04380
Montipora_capitata_HIv3___RNAseq.g27618.t1,ko04510
Montipora_capitata_HIv3___RNAseq.g27618.t1,ko04550
Montipora_capitata_HIv3___RNAseq.g27618.t1,ko04611
Montipora_capitata_HIv3___RNAseq.g27618.t1,ko04620
Montipora_capitata_HIv3___RNAseq.g27618.t1,ko04630
Montipora_capitata_HIv3___RNAseq.g27618.t1,ko04650
Montipora_capitata_HIv3___RNAseq.g27618.t1,ko04660
Montipora_capitata_HIv3___RNAseq.g27618.t1,ko04662
Montipora_capitata_HIv3___RNAseq.g27618.t1,ko04664
Montipora_capitata_HIv3___RNAseq.g27618.t1,ko04666
Montipora_capitata_HIv3___RNAseq.g27618.t1,ko04668
Montipora_capitata_HIv3___RNAseq.g27618.t1,ko04670
Montipora_capitata_HIv3___RNAseq.g27618.t1,ko04722
Montipora_capitata_HIv3___RNAseq.g27618.t1,ko04725
Montipora_capitata_HIv3___RNAseq.g27618.t1,ko04750
Montipora_capitata_HIv3___RNAseq.g27618.t1,ko04810
Montipora_capitata_HIv3___RNAseq.g27618.t1,ko04910
Montipora_capitata_HIv3___RNAseq.g27618.t1,ko04914
Montipora_capitata_HIv3___RNAseq.g27618.t1,ko04915
Montipora_capitata_HIv3___RNAseq.g27618.t1,ko04917
Montipora_capitata_HIv3___RNAseq.g27618.t1,ko04919
Montipora_capitata_HIv3___RNAseq.g27618.t1,ko04923
Montipora_capitata_HIv3___RNAseq.g27618.t1,ko04926
Montipora_capitata_HIv3___RNAseq.g27618.t1,ko04930
Montipora_capitata_HIv3___RNAseq.g27618.t1,ko04931
Montipora_capitata_HIv3___RNAseq.g27618.t1,ko04932
Montipora_capitata_HIv3___RNAseq.g27618.t1,ko04933
Montipora_capitata_HIv3___RNAseq.g27618.t1,ko04960
Montipora_capitata_HIv3___RNAseq.g27618.t1,ko04973
Montipora_capitata_HIv3___RNAseq.g27618.t1,ko05100
Montipora_capitata_HIv3___RNAseq.g27618.t1,ko05142
Montipora_capitata_HIv3___RNAseq.g27618.t1,ko05146
Montipora_capitata_HIv3___RNAseq.g27618.t1,ko05160
Montipora_capitata_HIv3___RNAseq.g27618.t1,ko05161
Montipora_capitata_HIv3___RNAseq.g27618.t1,ko05162
Montipora_capitata_HIv3___RNAseq.g27618.t1,ko05164
Montipora_capitata_HIv3___RNAseq.g27618.t1,ko05165
Montipora_capitata_HIv3___RNAseq.g27618.t1,ko05166
Montipora_capitata_HIv3___RNAseq.g27618.t1,ko05167
Montipora_capitata_HIv3___RNAseq.g27618.t1,ko05169
Montipora_capitata_HIv3___RNAseq.g27618.t1,ko05200
Montipora_capitata_HIv3___RNAseq.g27618.t1,ko05203
Montipora_capitata_HIv3___RNAseq.g27618.t1,ko05205
Montipora_capitata_HIv3___RNAseq.g27618.t1,ko05210
Montipora_capitata_HIv3___RNAseq.g27618.t1,ko05211
Montipora_capitata_HIv3___RNAseq.g27618.t1,ko05212
Montipora_capitata_HIv3___RNAseq.g27618.t1,ko05213
Montipora_capitata_HIv3___RNAseq.g27618.t1,ko05214
Montipora_capitata_HIv3___RNAseq.g27618.t1,ko05215
Montipora_capitata_HIv3___RNAseq.g27618.t1,ko05218
Montipora_capitata_HIv3___RNAseq.g27618.t1,ko05220
Montipora_capitata_HIv3___RNAseq.g27618.t1,ko05221
Montipora_capitata_HIv3___RNAseq.g27618.t1,ko05222
Montipora_capitata_HIv3___RNAseq.g27618.t1,ko05223
Montipora_capitata_HIv3___RNAseq.g27618.t1,ko05224
Montipora_capitata_HIv3___RNAseq.g27618.t1,ko05225
Montipora_capitata_HIv3___RNAseq.g27618.t1,ko05226
Montipora_capitata_HIv3___RNAseq.g27618.t1,ko05230
Montipora_capitata_HIv3___RNAseq.g27618.t1,ko05231
Montipora_capitata_HIv3___RNAseq.g27618.t1,ko05418
Montipora_capitata_HIv3___RNAseq.g27619.t1,ko04714
Montipora_capitata_HIv3___RNAseq.g27623.t1,ko03420
Montipora_capitata_HIv3___RNAseq.g27623.t1,ko04141
Montipora_capitata_HIv3___RNAseq.g27647.t1,ko05410
Montipora_capitata_HIv3___RNAseq.g27647.t1,ko05412
Montipora_capitata_HIv3___RNAseq.g27647.t1,ko05414
Montipora_capitata_HIv3___RNAseq.g27647.t1,ko05416
Montipora_capitata_HIv3___RNAseq.g27657.t1,ko04142
Montipora_capitata_HIv3___RNAseq.g27657.t1,ko04214
Montipora_capitata_HIv3___RNAseq.g27657.t1,ko04390
Montipora_capitata_HIv3___RNAseq.g27657.t1,ko04391
Montipora_capitata_HIv3___RNAseq.g27657.t1,ko04392
Montipora_capitata_HIv3___RNAseq.g27661.t1,ko03008
Montipora_capitata_HIv3___RNAseq.g27677.t1,ko00510
Montipora_capitata_HIv3___RNAseq.g27677.t1,ko00513
Montipora_capitata_HIv3___RNAseq.g27677.t1,ko01100
Montipora_capitata_HIv3___RNAseq.g27689.t1,ko03420
Montipora_capitata_HIv3___RNAseq.g27689.t1,ko03460
Montipora_capitata_HIv3___RNAseq.g27679.t2,ko04514
Montipora_capitata_HIv3___RNAseq.g27679.t2,ko04520
Montipora_capitata_HIv3___RNAseq.g27679.t2,ko04630
Montipora_capitata_HIv3___RNAseq.g27679.t2,ko04910
Montipora_capitata_HIv3___RNAseq.g27679.t2,ko04931
Montipora_capitata_HIv3___RNAseq.g27684.t1,ko03040
Montipora_capitata_HIv3___RNAseq.g27694.t1,ko05164
Montipora_capitata_HIv3___RNAseq.g27706.t1,ko00072
Montipora_capitata_HIv3___RNAseq.g27706.t1,ko00280
Montipora_capitata_HIv3___RNAseq.g27706.t1,ko00650
Montipora_capitata_HIv3___RNAseq.g27721.t1,ko03018
Montipora_capitata_HIv3___TS.g24170.t2,ko04514
Montipora_capitata_HIv3___TS.g24170.t2,ko04520
Montipora_capitata_HIv3___TS.g24170.t2,ko04910
Montipora_capitata_HIv3___TS.g24170.t2,ko04931
Montipora_capitata_HIv3___TS.g24174.t1c,ko04214
Montipora_capitata_HIv3___TS.g24183.t1b,ko00480
Montipora_capitata_HIv3___RNAseq.g27734.t1,ko00563
Montipora_capitata_HIv3___RNAseq.g27734.t1,ko01100
Montipora_capitata_HIv3___TS.g24177.t1,ko01522
Montipora_capitata_HIv3___RNAseq.g27739.t1,ko04110
Montipora_capitata_HIv3___RNAseq.g27739.t1,ko04111
Montipora_capitata_HIv3___RNAseq.g27739.t1,ko04120
Montipora_capitata_HIv3___RNAseq.g27739.t1,ko04914
Montipora_capitata_HIv3___TS.g24192.t2,ko02010
Montipora_capitata_HIv3___TS.g24192.t2,ko04146
Montipora_capitata_HIv3___RNAseq.g27751.t1,ko04110
Montipora_capitata_HIv3___RNAseq.g27751.t1,ko04111
Montipora_capitata_HIv3___RNAseq.g27751.t1,ko04113
Montipora_capitata_HIv3___RNAseq.g27766.t1,ko03040
Montipora_capitata_HIv3___RNAseq.g27766.t1,ko05168
Montipora_capitata_HIv3___RNAseq.g27769.t1,ko04068
Montipora_capitata_HIv3___RNAseq.g27769.t1,ko04140
Montipora_capitata_HIv3___RNAseq.g27769.t1,ko04150
Montipora_capitata_HIv3___RNAseq.g27769.t1,ko04151
Montipora_capitata_HIv3___RNAseq.g27769.t1,ko04152
Montipora_capitata_HIv3___RNAseq.g27769.t1,ko04211
Montipora_capitata_HIv3___RNAseq.g27769.t1,ko04213
Montipora_capitata_HIv3___RNAseq.g27769.t1,ko04371
Montipora_capitata_HIv3___RNAseq.g27769.t1,ko04530
Montipora_capitata_HIv3___RNAseq.g27769.t1,ko04710
Montipora_capitata_HIv3___RNAseq.g27769.t1,ko04714
Montipora_capitata_HIv3___RNAseq.g27769.t1,ko04910
Montipora_capitata_HIv3___RNAseq.g27769.t1,ko04920
Montipora_capitata_HIv3___RNAseq.g27769.t1,ko04921
Montipora_capitata_HIv3___RNAseq.g27769.t1,ko04922
Montipora_capitata_HIv3___RNAseq.g27769.t1,ko04931
Montipora_capitata_HIv3___RNAseq.g27769.t1,ko04932
Montipora_capitata_HIv3___RNAseq.g27769.t1,ko05410
Montipora_capitata_HIv3___RNAseq.g27769.t1,ko05418
Montipora_capitata_HIv3___RNAseq.g27770.t2,ko04614
Montipora_capitata_HIv3___RNAseq.g27770.t2,ko05143
Montipora_capitata_HIv3___RNAseq.g27780.t1,ko00062
Montipora_capitata_HIv3___RNAseq.g27780.t1,ko01040
Montipora_capitata_HIv3___RNAseq.g27780.t1,ko01110
Montipora_capitata_HIv3___RNAseq.g27780.t1,ko01212
Montipora_capitata_HIv3___RNAseq.g27784.t1,ko04024
Montipora_capitata_HIv3___RNAseq.g27784.t1,ko04340
Montipora_capitata_HIv3___RNAseq.g27784.t1,ko04341
Montipora_capitata_HIv3___RNAseq.g27784.t1,ko04360
Montipora_capitata_HIv3___RNAseq.g27784.t1,ko05200
Montipora_capitata_HIv3___RNAseq.g27784.t1,ko05205
Montipora_capitata_HIv3___RNAseq.g27784.t1,ko05217
Montipora_capitata_HIv3___RNAseq.g27789.t1,ko04621
Montipora_capitata_HIv3___RNAseq.g27789.t1,ko05418
Montipora_capitata_HIv3___RNAseq.g27785.t1,ko00230
Montipora_capitata_HIv3___RNAseq.g27785.t1,ko00240
Montipora_capitata_HIv3___RNAseq.g27785.t1,ko01100
Montipora_capitata_HIv3___RNAseq.g27785.t1,ko03020
Montipora_capitata_HIv3___RNAseq.g27785.t1,ko04623
Montipora_capitata_HIv3___RNAseq.g27785.t1,ko05016
Montipora_capitata_HIv3___RNAseq.g27785.t1,ko05169
Montipora_capitata_HIv3___RNAseq.g27786.t1,ko03008
Montipora_capitata_HIv3___RNAseq.g27804.t1,ko04621
Montipora_capitata_HIv3___RNAseq.g27804.t1,ko05418
Montipora_capitata_HIv3___RNAseq.g27799.t1,ko04111
Montipora_capitata_HIv3___RNAseq.g27806.t1,ko00515
Montipora_capitata_HIv3___RNAseq.g27806.t1,ko01100
Montipora_capitata_HIv3___RNAseq.g27807.t1,ko05168
Montipora_capitata_HIv3___RNAseq.g27818.t1,ko00561
Montipora_capitata_HIv3___RNAseq.g27818.t1,ko00564
Montipora_capitata_HIv3___RNAseq.g27818.t1,ko00565
Montipora_capitata_HIv3___RNAseq.g27818.t1,ko00600
Montipora_capitata_HIv3___RNAseq.g27818.t1,ko01100
Montipora_capitata_HIv3___RNAseq.g27818.t1,ko01110
Montipora_capitata_HIv3___RNAseq.g27818.t1,ko04072
Montipora_capitata_HIv3___RNAseq.g27818.t1,ko04666
Montipora_capitata_HIv3___RNAseq.g27818.t1,ko04975
Montipora_capitata_HIv3___RNAseq.g27818.t1,ko05231
Montipora_capitata_HIv3___RNAseq.g27823.t1,ko00230
Montipora_capitata_HIv3___RNAseq.g27823.t1,ko00240
Montipora_capitata_HIv3___RNAseq.g27823.t1,ko00500
Montipora_capitata_HIv3___RNAseq.g27823.t1,ko00740
Montipora_capitata_HIv3___RNAseq.g27823.t1,ko00760
Montipora_capitata_HIv3___RNAseq.g27823.t1,ko00770
Montipora_capitata_HIv3___RNAseq.g27823.t1,ko01100
Montipora_capitata_HIv3___RNAseq.g27839.t1,ko04120
Montipora_capitata_HIv3___RNAseq.g27841.t1,ko03010
Montipora_capitata_HIv3___RNAseq.g27837.t2,ko04146
Montipora_capitata_HIv3___RNAseq.g27843.t1,ko04010
Montipora_capitata_HIv3___RNAseq.g27843.t1,ko04120
Montipora_capitata_HIv3___RNAseq.g27843.t1,ko04530
Montipora_capitata_HIv3___RNAseq.g27843.t1,ko04622
Montipora_capitata_HIv3___RNAseq.g27843.t1,ko04722
Montipora_capitata_HIv3___RNAseq.g27843.t1,ko04912
Montipora_capitata_HIv3___RNAseq.g27843.t1,ko05161
Montipora_capitata_HIv3___RNAseq.g27843.t1,ko05166
Montipora_capitata_HIv3___RNAseq.g27855.t1,ko00280
Montipora_capitata_HIv3___RNAseq.g27855.t1,ko01100
Montipora_capitata_HIv3___RNAseq.g27869.t1,ko00515
Montipora_capitata_HIv3___RNAseq.g27869.t1,ko01100
Montipora_capitata_HIv3___RNAseq.g27862.t1,ko02010
Montipora_capitata_HIv3___RNAseq.g27862.t1,ko04975
Montipora_capitata_HIv3___RNAseq.g27862.t1,ko04979
Montipora_capitata_HIv3___RNAseq.g27875.t1,ko04110
Montipora_capitata_HIv3___RNAseq.g27875.t1,ko04111
Montipora_capitata_HIv3___RNAseq.g27875.t1,ko04113
Montipora_capitata_HIv3___RNAseq.g27878.t1b,ko04110
Montipora_capitata_HIv3___RNAseq.g27878.t1b,ko04111
Montipora_capitata_HIv3___RNAseq.g27878.t1b,ko04113
Montipora_capitata_HIv3___RNAseq.g27892.t1,ko03022
Montipora_capitata_HIv3___RNAseq.g27904.t1,ko00600
Montipora_capitata_HIv3___RNAseq.g27904.t1,ko01100
Montipora_capitata_HIv3___RNAseq.g27894.t1,ko04962
Montipora_capitata_HIv3___RNAseq.g27911.t1,ko04152
Montipora_capitata_HIv3___RNAseq.g27911.t1,ko04657
Montipora_capitata_HIv3___RNAseq.g27912.t1,ko00270
Montipora_capitata_HIv3___RNAseq.g27912.t1,ko01100
Montipora_capitata_HIv3___RNAseq.g27914.t1,ko04152
Montipora_capitata_HIv3___RNAseq.g27914.t1,ko04657
Montipora_capitata_HIv3___RNAseq.g27929.t1,ko00740
Montipora_capitata_HIv3___RNAseq.g27929.t1,ko01100
Montipora_capitata_HIv3___RNAseq.g27929.t1,ko04142
Montipora_capitata_HIv3___RNAseq.g27923.t1,ko00230
Montipora_capitata_HIv3___RNAseq.g27923.t1,ko00240
Montipora_capitata_HIv3___RNAseq.g27923.t1,ko01100
Montipora_capitata_HIv3___RNAseq.g27923.t1,ko03020
Montipora_capitata_HIv3___RNAseq.g27923.t1,ko03030
Montipora_capitata_HIv3___RNAseq.g27923.t1,ko03410
Montipora_capitata_HIv3___RNAseq.g27923.t1,ko03420
Montipora_capitata_HIv3___RNAseq.g27923.t1,ko05166
Montipora_capitata_HIv3___RNAseq.g27924.t1,ko00260
Montipora_capitata_HIv3___RNAseq.g27924.t1,ko00630
Montipora_capitata_HIv3___RNAseq.g27924.t1,ko01100
Montipora_capitata_HIv3___RNAseq.g27924.t1,ko01110
Montipora_capitata_HIv3___RNAseq.g27924.t1,ko01130
Montipora_capitata_HIv3___RNAseq.g27924.t1,ko01200
Montipora_capitata_HIv3___RNAseq.g27978.t1,ko04514
Montipora_capitata_HIv3___RNAseq.g27978.t1,ko04520
Montipora_capitata_HIv3___RNAseq.g27978.t1,ko04630
Montipora_capitata_HIv3___RNAseq.g27978.t1,ko04910
Montipora_capitata_HIv3___RNAseq.g27978.t1,ko04931
Montipora_capitata_HIv3___RNAseq.g27981.t1,ko04142
Montipora_capitata_HIv3___RNAseq.g27988.t1,ko04150
Montipora_capitata_HIv3___RNAseq.g27984.t1,ko00310
Montipora_capitata_HIv3___RNAseq.g27987.t1,ko04120
Montipora_capitata_HIv3___RNAseq.g27987.t1,ko05200
Montipora_capitata_HIv3___RNAseq.g27987.t1,ko05225
Montipora_capitata_HIv3___RNAseq.g27987.t1,ko05418
Montipora_capitata_HIv3___RNAseq.27502_t,ko01524
Montipora_capitata_HIv3___RNAseq.27502_t,ko04110
Montipora_capitata_HIv3___RNAseq.27502_t,ko04111
Montipora_capitata_HIv3___RNAseq.27502_t,ko04113
Montipora_capitata_HIv3___RNAseq.27502_t,ko04114
Montipora_capitata_HIv3___RNAseq.27502_t,ko04115
Montipora_capitata_HIv3___RNAseq.27502_t,ko04120
Montipora_capitata_HIv3___RNAseq.27502_t,ko04210
Montipora_capitata_HIv3___RNAseq.27502_t,ko04214
Montipora_capitata_HIv3___RNAseq.27502_t,ko04215
Montipora_capitata_HIv3___RNAseq.27502_t,ko05010
Montipora_capitata_HIv3___RNAseq.27502_t,ko05012
Montipora_capitata_HIv3___RNAseq.27502_t,ko05014
Montipora_capitata_HIv3___RNAseq.27502_t,ko05016
Montipora_capitata_HIv3___RNAseq.27502_t,ko05134
Montipora_capitata_HIv3___RNAseq.27502_t,ko05152
Montipora_capitata_HIv3___RNAseq.27502_t,ko05161
Montipora_capitata_HIv3___RNAseq.27502_t,ko05166
Montipora_capitata_HIv3___RNAseq.27502_t,ko05200
Montipora_capitata_HIv3___RNAseq.27502_t,ko05203
Montipora_capitata_HIv3___RNAseq.27502_t,ko05222
Montipora_capitata_HIv3___RNAseq.g27992.t1,ko03420
Montipora_capitata_HIv3___RNAseq.g28019.t3,ko00230
Montipora_capitata_HIv3___RNAseq.g28019.t3,ko04024
Montipora_capitata_HIv3___RNAseq.g28019.t3,ko05032
Montipora_capitata_HIv3___RNAseq.g28036.t1,ko03440
Montipora_capitata_HIv3___RNAseq.g28047.t1,ko00010
Montipora_capitata_HIv3___RNAseq.g28047.t1,ko00030
Montipora_capitata_HIv3___RNAseq.g28047.t1,ko00052
Montipora_capitata_HIv3___RNAseq.g28047.t1,ko00230
Montipora_capitata_HIv3___RNAseq.g28047.t1,ko00500
Montipora_capitata_HIv3___RNAseq.g28047.t1,ko00520
Montipora_capitata_HIv3___RNAseq.g28047.t1,ko00521
Montipora_capitata_HIv3___RNAseq.g28047.t1,ko01100
Montipora_capitata_HIv3___RNAseq.g28047.t1,ko01110
Montipora_capitata_HIv3___RNAseq.g28047.t1,ko01120
Montipora_capitata_HIv3___RNAseq.g28047.t1,ko01130
Montipora_capitata_HIv3___RNAseq.g28054.t1,ko04977
Montipora_capitata_HIv3___TS.g24503.t1,ko00562
Montipora_capitata_HIv3___TS.g24503.t1,ko01100
Montipora_capitata_HIv3___TS.g24504.t1a,ko00562
Montipora_capitata_HIv3___TS.g24504.t1a,ko01100
Montipora_capitata_HIv3___TS.g24504.t1a,ko04020
Montipora_capitata_HIv3___TS.g24504.t1a,ko04070
Montipora_capitata_HIv3___TS.g24504.t1a,ko04919
Montipora_capitata_HIv3___TS.g24504.t1a,ko04933
Montipora_capitata_HIv3___TS.g24504.t1c,ko04146
Montipora_capitata_HIv3___TS.g24504.t1c,ko04214
Montipora_capitata_HIv3___RNAseq.g28065.t1,ko05203
Montipora_capitata_HIv3___RNAseq.g28066.t1,ko04926
Montipora_capitata_HIv3___RNAseq.g28082.t1,ko04614
Montipora_capitata_HIv3___RNAseq.g28082.t1,ko04974
Montipora_capitata_HIv3___RNAseq.g28086.t1,ko00520
Montipora_capitata_HIv3___RNAseq.g28092.t1,ko04120
Montipora_capitata_HIv3___RNAseq.g28102.t1,ko04110
Montipora_capitata_HIv3___RNAseq.g28102.t1,ko04213
Montipora_capitata_HIv3___RNAseq.g28102.t1,ko04330
Montipora_capitata_HIv3___RNAseq.g28102.t1,ko04919
Montipora_capitata_HIv3___RNAseq.g28102.t1,ko05016
Montipora_capitata_HIv3___RNAseq.g28102.t1,ko05034
Montipora_capitata_HIv3___RNAseq.g28102.t1,ko05165
Montipora_capitata_HIv3___RNAseq.g28102.t1,ko05169
Montipora_capitata_HIv3___RNAseq.g28102.t1,ko05200
Montipora_capitata_HIv3___RNAseq.g28102.t1,ko05202
Montipora_capitata_HIv3___RNAseq.g28102.t1,ko05203
Montipora_capitata_HIv3___RNAseq.g28102.t1,ko05220
Montipora_capitata_HIv3___RNAseq.g28103.t1,ko03460
Montipora_capitata_HIv3___RNAseq.27623_t,ko04142
Montipora_capitata_HIv3___RNAseq.g28149.t2,ko04120
Montipora_capitata_HIv3___RNAseq.g28150.t1,ko00480
Montipora_capitata_HIv3___RNAseq.g28150.t1,ko00980
Montipora_capitata_HIv3___RNAseq.g28150.t1,ko00982
Montipora_capitata_HIv3___RNAseq.g28150.t1,ko00983
Montipora_capitata_HIv3___RNAseq.g28150.t1,ko01524
Montipora_capitata_HIv3___RNAseq.g28150.t1,ko05200
Montipora_capitata_HIv3___RNAseq.g28150.t1,ko05204
Montipora_capitata_HIv3___RNAseq.g28150.t1,ko05225
Montipora_capitata_HIv3___RNAseq.g28150.t1,ko05418
Montipora_capitata_HIv3___RNAseq.g28155.t1,ko01522
Montipora_capitata_HIv3___RNAseq.g28155.t1,ko03040
Montipora_capitata_HIv3___RNAseq.g28155.t1,ko04320
Montipora_capitata_HIv3___RNAseq.g28155.t1,ko04330
Montipora_capitata_HIv3___RNAseq.g28155.t1,ko04658
Montipora_capitata_HIv3___RNAseq.g28155.t1,ko04919
Montipora_capitata_HIv3___RNAseq.g28155.t1,ko05020
Montipora_capitata_HIv3___RNAseq.g28155.t1,ko05165
Montipora_capitata_HIv3___RNAseq.g28155.t1,ko05200
Montipora_capitata_HIv3___RNAseq.g28155.t1,ko05206
Montipora_capitata_HIv3___RNAseq.g28155.t1,ko05224
Montipora_capitata_HIv3___RNAseq.g28131.t1,ko04136
Montipora_capitata_HIv3___RNAseq.g28131.t1,ko04138
Montipora_capitata_HIv3___RNAseq.g28131.t1,ko04140
Montipora_capitata_HIv3___RNAseq.g28132.t1,ko00190
Montipora_capitata_HIv3___RNAseq.g28132.t1,ko01100
Montipora_capitata_HIv3___RNAseq.g28132.t1,ko04714
Montipora_capitata_HIv3___RNAseq.g28132.t1,ko04723
Montipora_capitata_HIv3___RNAseq.g28132.t1,ko04932
Montipora_capitata_HIv3___RNAseq.g28132.t1,ko05010
Montipora_capitata_HIv3___RNAseq.g28132.t1,ko05012
Montipora_capitata_HIv3___RNAseq.g28132.t1,ko05016
Montipora_capitata_HIv3___RNAseq.g28178.t1,ko03040
Montipora_capitata_HIv3___RNAseq.g28179.t1,ko04068
Montipora_capitata_HIv3___RNAseq.g28179.t1,ko04140
Montipora_capitata_HIv3___RNAseq.g28179.t1,ko04150
Montipora_capitata_HIv3___RNAseq.g28179.t1,ko04151
Montipora_capitata_HIv3___RNAseq.g28179.t1,ko04152
Montipora_capitata_HIv3___RNAseq.g28179.t1,ko04211
Montipora_capitata_HIv3___RNAseq.g28179.t1,ko04530
Montipora_capitata_HIv3___RNAseq.g28179.t1,ko04920
Montipora_capitata_HIv3___RNAseq.g28190.t1,ko03018
Montipora_capitata_HIv3___RNAseq.g28193.t1,ko00190
Montipora_capitata_HIv3___RNAseq.g28193.t1,ko01100
Montipora_capitata_HIv3___RNAseq.g28193.t1,ko04714
Montipora_capitata_HIv3___RNAseq.g28193.t1,ko04723
Montipora_capitata_HIv3___RNAseq.g28193.t1,ko04932
Montipora_capitata_HIv3___RNAseq.g28193.t1,ko05010
Montipora_capitata_HIv3___RNAseq.g28193.t1,ko05012
Montipora_capitata_HIv3___RNAseq.g28193.t1,ko05016
Montipora_capitata_HIv3___RNAseq.g28194.t1b,ko04144
Montipora_capitata_HIv3___RNAseq.g28194.t1b,ko04350
Montipora_capitata_HIv3___TS.g24653.t1,ko04068
Montipora_capitata_HIv3___TS.g24653.t1,ko04371
Montipora_capitata_HIv3___TS.g24653.t1,ko04550
Montipora_capitata_HIv3___TS.g24653.t1,ko05418
Montipora_capitata_HIv3___RNAseq.g28209.t1,ko03008
Montipora_capitata_HIv3___RNAseq.g28205.t1,ko00240
Montipora_capitata_HIv3___RNAseq.g28205.t1,ko00410
Montipora_capitata_HIv3___RNAseq.g28205.t1,ko00770
Montipora_capitata_HIv3___RNAseq.g28205.t1,ko00983
Montipora_capitata_HIv3___RNAseq.g28205.t1,ko01100
Montipora_capitata_HIv3___RNAseq.g28211.t1,ko00500
Montipora_capitata_HIv3___RNAseq.g28211.t1,ko01100
Montipora_capitata_HIv3___RNAseq.g28211.t1,ko01110
Montipora_capitata_HIv3___RNAseq.27741_t,ko00240
Montipora_capitata_HIv3___RNAseq.27741_t,ko00983
Montipora_capitata_HIv3___RNAseq.27741_t,ko01100
Montipora_capitata_HIv3___RNAseq.g28227.t1,ko03018
Montipora_capitata_HIv3___RNAseq.g28227.t1,ko03040
Montipora_capitata_HIv3___RNAseq.g28228.t1,ko00920
Montipora_capitata_HIv3___RNAseq.g28228.t1,ko01100
Montipora_capitata_HIv3___RNAseq.g28228.t1,ko01120
Montipora_capitata_HIv3___RNAseq.g28260.t1b,ko00513
Montipora_capitata_HIv3___RNAseq.g28260.t1b,ko00601
Montipora_capitata_HIv3___RNAseq.g28260.t1b,ko01100
Montipora_capitata_HIv3___RNAseq.g28263.t1,ko04514
Montipora_capitata_HIv3___RNAseq.g28263.t1,ko04520
Montipora_capitata_HIv3___RNAseq.g28321.t2,ko01522
Montipora_capitata_HIv3___RNAseq.g28321.t2,ko04010
Montipora_capitata_HIv3___RNAseq.g28321.t2,ko04014
Montipora_capitata_HIv3___RNAseq.g28321.t2,ko04020
Montipora_capitata_HIv3___RNAseq.g28321.t2,ko04024
Montipora_capitata_HIv3___RNAseq.g28321.t2,ko04062
Montipora_capitata_HIv3___RNAseq.g28321.t2,ko04113
Montipora_capitata_HIv3___RNAseq.g28321.t2,ko04114
Montipora_capitata_HIv3___RNAseq.g28321.t2,ko04138
Montipora_capitata_HIv3___RNAseq.g28321.t2,ko04140
Montipora_capitata_HIv3___RNAseq.g28321.t2,ko04211
Montipora_capitata_HIv3___RNAseq.g28321.t2,ko04213
Montipora_capitata_HIv3___RNAseq.g28321.t2,ko04261
Montipora_capitata_HIv3___RNAseq.g28321.t2,ko04270
Montipora_capitata_HIv3___RNAseq.g28321.t2,ko04310
Montipora_capitata_HIv3___RNAseq.g28321.t2,ko04340
Montipora_capitata_HIv3___RNAseq.g28321.t2,ko04341
Montipora_capitata_HIv3___RNAseq.g28321.t2,ko04371
Montipora_capitata_HIv3___RNAseq.g28321.t2,ko04530
Montipora_capitata_HIv3___RNAseq.g28321.t2,ko04540
Montipora_capitata_HIv3___RNAseq.g28321.t2,ko04611
Montipora_capitata_HIv3___RNAseq.g28321.t2,ko04713
Montipora_capitata_HIv3___RNAseq.g28321.t2,ko04714
Montipora_capitata_HIv3___RNAseq.g28321.t2,ko04720
Montipora_capitata_HIv3___RNAseq.g28321.t2,ko04723
Montipora_capitata_HIv3___RNAseq.g28321.t2,ko04724
Montipora_capitata_HIv3___RNAseq.g28321.t2,ko04725
Montipora_capitata_HIv3___RNAseq.g28321.t2,ko04726
Montipora_capitata_HIv3___RNAseq.g28321.t2,ko04727
Montipora_capitata_HIv3___RNAseq.g28321.t2,ko04728
Montipora_capitata_HIv3___RNAseq.g28321.t2,ko04740
Montipora_capitata_HIv3___RNAseq.g28321.t2,ko04742
Montipora_capitata_HIv3___RNAseq.g28321.t2,ko04750
Montipora_capitata_HIv3___RNAseq.g28321.t2,ko04910
Montipora_capitata_HIv3___RNAseq.g28321.t2,ko04911
Montipora_capitata_HIv3___RNAseq.g28321.t2,ko04912
Montipora_capitata_HIv3___RNAseq.g28321.t2,ko04913
Montipora_capitata_HIv3___RNAseq.g28321.t2,ko04914
Montipora_capitata_HIv3___RNAseq.g28321.t2,ko04915
Montipora_capitata_HIv3___RNAseq.g28321.t2,ko04916
Montipora_capitata_HIv3___RNAseq.g28321.t2,ko04918
Montipora_capitata_HIv3___RNAseq.g28321.t2,ko04919
Montipora_capitata_HIv3___RNAseq.g28321.t2,ko04921
Montipora_capitata_HIv3___RNAseq.g28321.t2,ko04922
Montipora_capitata_HIv3___RNAseq.g28321.t2,ko04923
Montipora_capitata_HIv3___RNAseq.g28321.t2,ko04924
Montipora_capitata_HIv3___RNAseq.g28321.t2,ko04925
Montipora_capitata_HIv3___RNAseq.g28321.t2,ko04926
Montipora_capitata_HIv3___RNAseq.g28321.t2,ko04927
Montipora_capitata_HIv3___RNAseq.g28321.t2,ko04934
Montipora_capitata_HIv3___RNAseq.g28321.t2,ko04961
Montipora_capitata_HIv3___RNAseq.g28321.t2,ko04962
Montipora_capitata_HIv3___RNAseq.g28321.t2,ko04970
Montipora_capitata_HIv3___RNAseq.g28321.t2,ko04971
Montipora_capitata_HIv3___RNAseq.g28321.t2,ko04976
Montipora_capitata_HIv3___RNAseq.g28321.t2,ko05012
Montipora_capitata_HIv3___RNAseq.g28321.t2,ko05020
Montipora_capitata_HIv3___RNAseq.g28321.t2,ko05030
Montipora_capitata_HIv3___RNAseq.g28321.t2,ko05031
Montipora_capitata_HIv3___RNAseq.g28321.t2,ko05032
Montipora_capitata_HIv3___RNAseq.g28321.t2,ko05110
Montipora_capitata_HIv3___RNAseq.g28321.t2,ko05146
Montipora_capitata_HIv3___RNAseq.g28321.t2,ko05165
Montipora_capitata_HIv3___RNAseq.g28321.t2,ko05166
Montipora_capitata_HIv3___RNAseq.g28321.t2,ko05169
Montipora_capitata_HIv3___RNAseq.g28321.t2,ko05200
Montipora_capitata_HIv3___RNAseq.g28321.t2,ko05203
Montipora_capitata_HIv3___RNAseq.g28321.t2,ko05205
Montipora_capitata_HIv3___RNAseq.g28321.t2,ko05414
Montipora_capitata_HIv3___RNAseq.g28432.t2,ko03008
Montipora_capitata_HIv3___RNAseq.g28448.t1,ko00040
Montipora_capitata_HIv3___RNAseq.g28448.t1,ko00053
Montipora_capitata_HIv3___RNAseq.g28448.t1,ko00140
Montipora_capitata_HIv3___RNAseq.g28448.t1,ko00565
Montipora_capitata_HIv3___RNAseq.g28448.t1,ko00600
Montipora_capitata_HIv3___RNAseq.g28448.t1,ko00830
Montipora_capitata_HIv3___RNAseq.g28448.t1,ko00860
Montipora_capitata_HIv3___RNAseq.g28448.t1,ko00980
Montipora_capitata_HIv3___RNAseq.g28448.t1,ko00982
Montipora_capitata_HIv3___RNAseq.g28448.t1,ko00983
Montipora_capitata_HIv3___RNAseq.g28448.t1,ko01100
Montipora_capitata_HIv3___RNAseq.g28448.t1,ko01110
Montipora_capitata_HIv3___RNAseq.g28448.t1,ko05204
Montipora_capitata_HIv3___RNAseq.g28455.t1,ko00260
Montipora_capitata_HIv3___RNAseq.g28455.t1,ko00270
Montipora_capitata_HIv3___RNAseq.g28455.t1,ko00450
Montipora_capitata_HIv3___RNAseq.g28455.t1,ko01100
Montipora_capitata_HIv3___RNAseq.g28455.t1,ko01130
Montipora_capitata_HIv3___RNAseq.g28455.t1,ko01230
Montipora_capitata_HIv3___RNAseq.g28459.t1,ko04724
Montipora_capitata_HIv3___RNAseq.g28459.t1,ko05014
Montipora_capitata_HIv3___RNAseq.g28456.t1,ko00563
Montipora_capitata_HIv3___RNAseq.g28456.t1,ko01100
Montipora_capitata_HIv3___RNAseq.g28457.t1,ko04724
Montipora_capitata_HIv3___RNAseq.g28457.t1,ko05014
Montipora_capitata_HIv3___RNAseq.g28524.t1,ko03008
Montipora_capitata_HIv3___RNAseq.g28524.t1,ko04064
Montipora_capitata_HIv3___RNAseq.g28524.t1,ko04137
Montipora_capitata_HIv3___RNAseq.g28524.t1,ko04139
Montipora_capitata_HIv3___RNAseq.g28524.t1,ko04310
Montipora_capitata_HIv3___RNAseq.g28524.t1,ko04520
Montipora_capitata_HIv3___RNAseq.g28524.t1,ko04712
Montipora_capitata_HIv3___RNAseq.g28524.t1,ko05162
Montipora_capitata_HIv3___RNAseq.g28524.t1,ko05168
Montipora_capitata_HIv3___RNAseq.g28524.t1,ko05169
Montipora_capitata_HIv3___RNAseq.g28562.t1,ko04141
Montipora_capitata_HIv3___RNAseq.g28562.t1,ko05134
Montipora_capitata_HIv3___RNAseq.g28563.t1,ko03440
Montipora_capitata_HIv3___RNAseq.g28580.t1,ko00330
Montipora_capitata_HIv3___RNAseq.g28580.t1,ko00410
Montipora_capitata_HIv3___RNAseq.g28580.t1,ko01100
Montipora_capitata_HIv3___RNAseq.g28628.t1,ko04150
Montipora_capitata_HIv3___RNAseq.g28632.t1,ko00970
Montipora_capitata_HIv3___RNAseq.g28734.t1,ko04010
Montipora_capitata_HIv3___RNAseq.g28734.t1,ko04014
Montipora_capitata_HIv3___RNAseq.g28734.t1,ko04151
Montipora_capitata_HIv3___RNAseq.g28734.t1,ko04210
Montipora_capitata_HIv3___RNAseq.g28734.t1,ko04722
Montipora_capitata_HIv3___RNAseq.g28734.t1,ko04750
Montipora_capitata_HIv3___RNAseq.g28734.t1,ko05200
Montipora_capitata_HIv3___RNAseq.g28734.t1,ko05202
Montipora_capitata_HIv3___RNAseq.g28734.t1,ko05216
Montipora_capitata_HIv3___RNAseq.g28734.t1,ko05230
Montipora_capitata_HIv3___RNAseq.g28736.t1,ko04111
Montipora_capitata_HIv3___RNAseq.g28736.t1,ko04113
Montipora_capitata_HIv3___TS.g25282.t3,ko04144
Montipora_capitata_HIv3___RNAseq.g28818.t1,ko00100
Montipora_capitata_HIv3___RNAseq.g28818.t1,ko00140
Montipora_capitata_HIv3___RNAseq.g28818.t1,ko01100
Montipora_capitata_HIv3___RNAseq.g28818.t1,ko01130
Montipora_capitata_HIv3___RNAseq.g28818.t1,ko04913
Montipora_capitata_HIv3___TS.g25287.t1a,ko04140
Montipora_capitata_HIv3___TS.g25287.t1a,ko04211
Montipora_capitata_HIv3___RNAseq.g28826.t1,ko00860
Montipora_capitata_HIv3___RNAseq.g28823.t1,ko00270
Montipora_capitata_HIv3___RNAseq.g28823.t1,ko01100
Montipora_capitata_HIv3___RNAseq.g28823.t1,ko01110
Montipora_capitata_HIv3___RNAseq.g28823.t1,ko01230
Montipora_capitata_HIv3___RNAseq.g28824.t1,ko00270
Montipora_capitata_HIv3___RNAseq.g28824.t1,ko01100
Montipora_capitata_HIv3___RNAseq.g28824.t1,ko01110
Montipora_capitata_HIv3___RNAseq.g28824.t1,ko01230
Montipora_capitata_HIv3___RNAseq.g28831.t1,ko04068
Montipora_capitata_HIv3___RNAseq.g28831.t1,ko04110
Montipora_capitata_HIv3___RNAseq.g28831.t1,ko04120
Montipora_capitata_HIv3___RNAseq.g28831.t1,ko04150
Montipora_capitata_HIv3___RNAseq.g28831.t1,ko05168
Montipora_capitata_HIv3___RNAseq.g28831.t1,ko05169
Montipora_capitata_HIv3___RNAseq.g28831.t1,ko05200
Montipora_capitata_HIv3___RNAseq.g28831.t1,ko05203
Montipora_capitata_HIv3___RNAseq.g28831.t1,ko05222
Montipora_capitata_HIv3___RNAseq.g28832.t1,ko03040
Montipora_capitata_HIv3___TS.g25321.t1,ko00512
Montipora_capitata_HIv3___TS.g25321.t1,ko00601
Montipora_capitata_HIv3___TS.g25321.t1,ko01100
Montipora_capitata_HIv3___TS.g25357.t1,ko00512
Montipora_capitata_HIv3___TS.g25357.t1,ko00601
Montipora_capitata_HIv3___TS.g25357.t1,ko01100
Montipora_capitata_HIv3___TS.g25372.t1a,ko03320
Montipora_capitata_HIv3___TS.g25372.t1a,ko04151
Montipora_capitata_HIv3___TS.g25372.t1a,ko04659
Montipora_capitata_HIv3___TS.g25372.t1a,ko04919
Montipora_capitata_HIv3___TS.g25372.t1a,ko04920
Montipora_capitata_HIv3___TS.g25372.t1a,ko04932
Montipora_capitata_HIv3___TS.g25372.t1a,ko04976
Montipora_capitata_HIv3___TS.g25372.t1a,ko05160
Montipora_capitata_HIv3___TS.g25372.t1a,ko05200
Montipora_capitata_HIv3___TS.g25372.t1a,ko05202
Montipora_capitata_HIv3___TS.g25372.t1a,ko05216
Montipora_capitata_HIv3___TS.g25372.t1a,ko05222
Montipora_capitata_HIv3___TS.g25372.t1a,ko05223
Montipora_capitata_HIv3___TS.g25372.t1a,ko05226
Montipora_capitata_HIv3___RNAseq.g28909.t1,ko04145
Montipora_capitata_HIv3___RNAseq.g28909.t1,ko04962
Montipora_capitata_HIv3___RNAseq.g28909.t1,ko05132
Montipora_capitata_HIv3___RNAseq.g29048.t1,ko00830
Montipora_capitata_HIv3___RNAseq.g29048.t1,ko01100
Montipora_capitata_HIv3___RNAseq.g29043.t1,ko05166
Montipora_capitata_HIv3___RNAseq.g29046.t1,ko05166
Montipora_capitata_HIv3___RNAseq.g29050.t1,ko00830
Montipora_capitata_HIv3___RNAseq.g29050.t1,ko01100
Montipora_capitata_HIv3___RNAseq.g29051.t1,ko00830
Montipora_capitata_HIv3___RNAseq.g29051.t1,ko01100
Montipora_capitata_HIv3___RNAseq.g29055.t1,ko00830
Montipora_capitata_HIv3___RNAseq.g29055.t1,ko01100
Montipora_capitata_HIv3___RNAseq.g29063.t1,ko00830
Montipora_capitata_HIv3___RNAseq.g29063.t1,ko01100
Montipora_capitata_HIv3___RNAseq.g28959.t3,ko05200
Montipora_capitata_HIv3___RNAseq.g28959.t3,ko05216
Montipora_capitata_HIv3___RNAseq.g28959.t3,ko05230
Montipora_capitata_HIv3___RNAseq.g29101.t1,ko00120
Montipora_capitata_HIv3___RNAseq.g29101.t1,ko01100
Montipora_capitata_HIv3___RNAseq.g29101.t1,ko03320
Montipora_capitata_HIv3___RNAseq.g29101.t1,ko04146
Montipora_capitata_HIv3___RNAseq.g29104.t1,ko04520
Montipora_capitata_HIv3___TS.g25626.t1,ko00130
Montipora_capitata_HIv3___TS.g25626.t1,ko01100
Montipora_capitata_HIv3___TS.g25626.t1,ko01110
Montipora_capitata_HIv3___TS.g25639.t1,ko04714
Montipora_capitata_HIv3___TS.g25639.t1,ko05225
Montipora_capitata_HIv3___RNAseq.g29192.t1,ko00280
Montipora_capitata_HIv3___RNAseq.g29192.t1,ko00640
Montipora_capitata_HIv3___RNAseq.g29192.t1,ko01100
Montipora_capitata_HIv3___RNAseq.g29192.t1,ko01110
Montipora_capitata_HIv3___RNAseq.g29192.t1,ko01130
Montipora_capitata_HIv3___RNAseq.g29206.t2,ko03013
Montipora_capitata_HIv3___RNAseq.g29258.t1,ko00190
Montipora_capitata_HIv3___RNAseq.g29258.t1,ko01100
Montipora_capitata_HIv3___RNAseq.g29258.t1,ko04142
Montipora_capitata_HIv3___RNAseq.g29258.t1,ko04145
Montipora_capitata_HIv3___RNAseq.g29258.t1,ko04721
Montipora_capitata_HIv3___RNAseq.g29258.t1,ko05110
Montipora_capitata_HIv3___RNAseq.g29258.t1,ko05120
Montipora_capitata_HIv3___RNAseq.g29258.t1,ko05152
Montipora_capitata_HIv3___RNAseq.g29258.t1,ko05323
Montipora_capitata_HIv3___RNAseq.g29265.t1,ko00563
Montipora_capitata_HIv3___RNAseq.g29277.t1,ko00860
Montipora_capitata_HIv3___RNAseq.g29277.t1,ko01100
Montipora_capitata_HIv3___RNAseq.g29277.t1,ko01110
Montipora_capitata_HIv3___RNAseq.g29278.t1,ko00190
Montipora_capitata_HIv3___RNAseq.g29278.t1,ko01100
Montipora_capitata_HIv3___RNAseq.g29278.t1,ko04714
Montipora_capitata_HIv3___RNAseq.g29278.t1,ko05010
Montipora_capitata_HIv3___RNAseq.g29278.t1,ko05012
Montipora_capitata_HIv3___RNAseq.g29278.t1,ko05016
Montipora_capitata_HIv3___TS.g25758.t1,ko04010
Montipora_capitata_HIv3___TS.g25758.t1,ko04066
Montipora_capitata_HIv3___TS.g25758.t1,ko04910
Montipora_capitata_HIv3___RNAseq.g29280.t1,ko03018
Montipora_capitata_HIv3___RNAseq.g29282.t1,ko00071
Montipora_capitata_HIv3___RNAseq.g29282.t1,ko00310
Montipora_capitata_HIv3___RNAseq.g29282.t1,ko00362
Montipora_capitata_HIv3___RNAseq.g29282.t1,ko00380
Montipora_capitata_HIv3___RNAseq.g29282.t1,ko01100
Montipora_capitata_HIv3___RNAseq.g29282.t1,ko01120
Montipora_capitata_HIv3___RNAseq.g29282.t1,ko01130
Montipora_capitata_HIv3___RNAseq.g29286.t1,ko00010
Montipora_capitata_HIv3___RNAseq.g29286.t1,ko00710
Montipora_capitata_HIv3___RNAseq.g29286.t1,ko01100
Montipora_capitata_HIv3___RNAseq.g29286.t1,ko01110
Montipora_capitata_HIv3___RNAseq.g29286.t1,ko01120
Montipora_capitata_HIv3___RNAseq.g29286.t1,ko01130
Montipora_capitata_HIv3___RNAseq.g29286.t1,ko01200
Montipora_capitata_HIv3___RNAseq.g29286.t1,ko01230
Montipora_capitata_HIv3___RNAseq.g29287.t1,ko00600
Montipora_capitata_HIv3___RNAseq.g29287.t1,ko01100
Montipora_capitata_HIv3___RNAseq.g29287.t1,ko04071
Montipora_capitata_HIv3___RNAseq.g29287.t1,ko04138
Montipora_capitata_HIv3___TS.g25764.t2,ko00630
Montipora_capitata_HIv3___TS.g25764.t2,ko01100
Montipora_capitata_HIv3___RNAseq.g29292.t1,ko00450
Montipora_capitata_HIv3___RNAseq.g29292.t1,ko00970
Montipora_capitata_HIv3___RNAseq.g29351.t1,ko03013
Montipora_capitata_HIv3___RNAseq.g29373.t1,ko00270
Montipora_capitata_HIv3___RNAseq.g29373.t1,ko00920
Montipora_capitata_HIv3___RNAseq.g29373.t1,ko01100
Montipora_capitata_HIv3___RNAseq.g29373.t1,ko01120
Montipora_capitata_HIv3___RNAseq.g29373.t1,ko04122
Montipora_capitata_HIv3___RNAseq.g29374.t1,ko04010
Montipora_capitata_HIv3___RNAseq.g29374.t1,ko04068
Montipora_capitata_HIv3___RNAseq.g29374.t1,ko04110
Montipora_capitata_HIv3___RNAseq.g29374.t1,ko04115
Montipora_capitata_HIv3___RNAseq.g29374.t1,ko04210
Montipora_capitata_HIv3___RNAseq.g29374.t1,ko04218
Montipora_capitata_HIv3___RNAseq.g29374.t1,ko05200
Montipora_capitata_HIv3___RNAseq.g29374.t1,ko05202
Montipora_capitata_HIv3___RNAseq.g29374.t1,ko05210
Montipora_capitata_HIv3___RNAseq.g29374.t1,ko05212
Montipora_capitata_HIv3___RNAseq.g29374.t1,ko05213
Montipora_capitata_HIv3___RNAseq.g29374.t1,ko05214
Montipora_capitata_HIv3___RNAseq.g29374.t1,ko05216
Montipora_capitata_HIv3___RNAseq.g29374.t1,ko05217
Montipora_capitata_HIv3___RNAseq.g29374.t1,ko05218
Montipora_capitata_HIv3___RNAseq.g29374.t1,ko05220
Montipora_capitata_HIv3___RNAseq.g29374.t1,ko05222
Montipora_capitata_HIv3___RNAseq.g29374.t1,ko05223
Montipora_capitata_HIv3___RNAseq.g29374.t1,ko05224
Montipora_capitata_HIv3___RNAseq.g29374.t1,ko05225
Montipora_capitata_HIv3___RNAseq.g29374.t1,ko05226
Montipora_capitata_HIv3___TS.g25848.t1,ko00564
Montipora_capitata_HIv3___TS.g25848.t1,ko00565
Montipora_capitata_HIv3___TS.g25848.t1,ko01100
Montipora_capitata_HIv3___TS.g25848.t1,ko01110
Montipora_capitata_HIv3___TS.g25848.t1,ko04714
Montipora_capitata_HIv3___RNAseq.g29381.t1,ko00510
Montipora_capitata_HIv3___RNAseq.g29381.t1,ko01100
Montipora_capitata_HIv3___RNAseq.g29379.t1,ko00230
Montipora_capitata_HIv3___RNAseq.g29379.t1,ko00730
Montipora_capitata_HIv3___RNAseq.g29379.t1,ko01100
Montipora_capitata_HIv3___RNAseq.g29379.t1,ko01110
Montipora_capitata_HIv3___RNAseq.g29379.t1,ko01130
Montipora_capitata_HIv3___RNAseq.g29431.t1,ko00010
Montipora_capitata_HIv3___RNAseq.g29431.t1,ko00040
Montipora_capitata_HIv3___RNAseq.g29431.t1,ko00561
Montipora_capitata_HIv3___RNAseq.g29431.t1,ko00930
Montipora_capitata_HIv3___RNAseq.g29431.t1,ko01100
Montipora_capitata_HIv3___RNAseq.g29431.t1,ko01110
Montipora_capitata_HIv3___RNAseq.g29431.t1,ko01120
Montipora_capitata_HIv3___RNAseq.g29431.t1,ko01130
Montipora_capitata_HIv3___RNAseq.g29431.t1,ko01220
Montipora_capitata_HIv3___RNAseq.g29445.t1,ko04141
Montipora_capitata_HIv3___RNAseq.g29454.t1,ko03013
Montipora_capitata_HIv3___RNAseq.g29450.t1,ko04390
Montipora_capitata_HIv3___RNAseq.g29450.t1,ko04391
Montipora_capitata_HIv3___RNAseq.g29450.t1,ko04530
Montipora_capitata_HIv3___RNAseq.g29450.t1,ko05165
Montipora_capitata_HIv3___RNAseq.g29492.t1,ko04923
Montipora_capitata_HIv3___TS.g25951.t1,ko05200
Montipora_capitata_HIv3___TS.g25951.t1,ko05216
Montipora_capitata_HIv3___TS.g25951.t1,ko05230
Montipora_capitata_HIv3___RNAseq.g29479.t1,ko01521
Montipora_capitata_HIv3___RNAseq.g29479.t1,ko04010
Montipora_capitata_HIv3___RNAseq.g29479.t1,ko04014
Montipora_capitata_HIv3___RNAseq.g29479.t1,ko04015
Montipora_capitata_HIv3___RNAseq.g29479.t1,ko04144
Montipora_capitata_HIv3___RNAseq.g29479.t1,ko04151
Montipora_capitata_HIv3___RNAseq.g29479.t1,ko04520
Montipora_capitata_HIv3___RNAseq.g29479.t1,ko04550
Montipora_capitata_HIv3___RNAseq.g29479.t1,ko04714
Montipora_capitata_HIv3___RNAseq.g29479.t1,ko04810
Montipora_capitata_HIv3___RNAseq.g29479.t1,ko05200
Montipora_capitata_HIv3___RNAseq.g29479.t1,ko05205
Montipora_capitata_HIv3___RNAseq.g29479.t1,ko05206
Montipora_capitata_HIv3___RNAseq.g29479.t1,ko05215
Montipora_capitata_HIv3___RNAseq.g29479.t1,ko05218
Montipora_capitata_HIv3___RNAseq.g29479.t1,ko05219
Montipora_capitata_HIv3___RNAseq.g29479.t1,ko05224
Montipora_capitata_HIv3___RNAseq.g29479.t1,ko05226
Montipora_capitata_HIv3___RNAseq.g29479.t1,ko05230
Montipora_capitata_HIv3___TS.g25955.t1,ko00230
Montipora_capitata_HIv3___TS.g25955.t1,ko00240
Montipora_capitata_HIv3___TS.g25955.t1,ko01100
Montipora_capitata_HIv3___TS.g25955.t1,ko03020
Montipora_capitata_HIv3___TS.g26004.t1,ko00072
Montipora_capitata_HIv3___TS.g26004.t1,ko00280
Montipora_capitata_HIv3___TS.g26004.t1,ko00650
Montipora_capitata_HIv3___TS.g26004.t1,ko00900
Montipora_capitata_HIv3___TS.g26004.t1,ko01100
Montipora_capitata_HIv3___TS.g26004.t1,ko01110
Montipora_capitata_HIv3___TS.g26004.t1,ko01130
Montipora_capitata_HIv3___TS.g25967.t1,ko00220
Montipora_capitata_HIv3___TS.g25967.t1,ko00250
Montipora_capitata_HIv3___TS.g25967.t1,ko00630
Montipora_capitata_HIv3___TS.g25967.t1,ko00910
Montipora_capitata_HIv3___TS.g25967.t1,ko01100
Montipora_capitata_HIv3___TS.g25967.t1,ko01120
Montipora_capitata_HIv3___TS.g25967.t1,ko01230
Montipora_capitata_HIv3___TS.g25967.t1,ko02020
Montipora_capitata_HIv3___TS.g25967.t1,ko04217
Montipora_capitata_HIv3___TS.g25967.t1,ko04724
Montipora_capitata_HIv3___TS.g25967.t1,ko04727
Montipora_capitata_HIv3___RNAseq.g29499.t1,ko00220
Montipora_capitata_HIv3___RNAseq.g29499.t1,ko00250
Montipora_capitata_HIv3___RNAseq.g29499.t1,ko00630
Montipora_capitata_HIv3___RNAseq.g29499.t1,ko00910
Montipora_capitata_HIv3___RNAseq.g29499.t1,ko01100
Montipora_capitata_HIv3___RNAseq.g29499.t1,ko01120
Montipora_capitata_HIv3___RNAseq.g29499.t1,ko01230
Montipora_capitata_HIv3___RNAseq.g29499.t1,ko02020
Montipora_capitata_HIv3___RNAseq.g29499.t1,ko04217
Montipora_capitata_HIv3___RNAseq.g29499.t1,ko04724
Montipora_capitata_HIv3___RNAseq.g29499.t1,ko04727
Montipora_capitata_HIv3___RNAseq.g29500.t1,ko04923
Montipora_capitata_HIv3___RNAseq.g29501.t1,ko03013
Montipora_capitata_HIv3___RNAseq.g29536.t1,ko03060
Montipora_capitata_HIv3___RNAseq.g29560.t1,ko00480
Montipora_capitata_HIv3___RNAseq.g29560.t1,ko00590
Montipora_capitata_HIv3___RNAseq.g29560.t1,ko04216
Montipora_capitata_HIv3___RNAseq.g29560.t1,ko04918
Montipora_capitata_HIv3___RNAseq.g29550.t1,ko00230
Montipora_capitata_HIv3___RNAseq.g29550.t1,ko00240
Montipora_capitata_HIv3___RNAseq.g29550.t1,ko01100
Montipora_capitata_HIv3___RNAseq.g29550.t1,ko03020
Montipora_capitata_HIv3___RNAseq.g29550.t1,ko04623
Montipora_capitata_HIv3___RNAseq.g29550.t1,ko05016
Montipora_capitata_HIv3___RNAseq.g29550.t1,ko05169
Montipora_capitata_HIv3___RNAseq.g29565.t1,ko04136
Montipora_capitata_HIv3___RNAseq.g29565.t1,ko04138
Montipora_capitata_HIv3___RNAseq.g29565.t1,ko04140
Montipora_capitata_HIv3___RNAseq.g29568.t1,ko04024
Montipora_capitata_HIv3___RNAseq.g29568.t1,ko04080
Montipora_capitata_HIv3___RNAseq.g29568.t1,ko04727
Montipora_capitata_HIv3___RNAseq.g29568.t1,ko04742
Montipora_capitata_HIv3___RNAseq.g29568.t1,ko04915
Montipora_capitata_HIv3___RNAseq.g29568.t1,ko05032
Montipora_capitata_HIv3___RNAseq.g29572.t1,ko01522
Montipora_capitata_HIv3___RNAseq.g29572.t1,ko04010
Montipora_capitata_HIv3___RNAseq.g29572.t1,ko04012
Montipora_capitata_HIv3___RNAseq.g29572.t1,ko04013
Montipora_capitata_HIv3___RNAseq.g29572.t1,ko04024
Montipora_capitata_HIv3___RNAseq.g29572.t1,ko04137
Montipora_capitata_HIv3___RNAseq.g29572.t1,ko04210
Montipora_capitata_HIv3___RNAseq.g29572.t1,ko04214
Montipora_capitata_HIv3___RNAseq.g29572.t1,ko04310
Montipora_capitata_HIv3___RNAseq.g29572.t1,ko04380
Montipora_capitata_HIv3___RNAseq.g29572.t1,ko04510
Montipora_capitata_HIv3___RNAseq.g29572.t1,ko04530
Montipora_capitata_HIv3___RNAseq.g29572.t1,ko04620
Montipora_capitata_HIv3___RNAseq.g29572.t1,ko04621
Montipora_capitata_HIv3___RNAseq.g29572.t1,ko04624
Montipora_capitata_HIv3___RNAseq.g29572.t1,ko04657
Montipora_capitata_HIv3___RNAseq.g29572.t1,ko04658
Montipora_capitata_HIv3___RNAseq.g29572.t1,ko04659
Montipora_capitata_HIv3___RNAseq.g29572.t1,ko04660
Montipora_capitata_HIv3___RNAseq.g29572.t1,ko04662
Montipora_capitata_HIv3___RNAseq.g29572.t1,ko04668
Montipora_capitata_HIv3___RNAseq.g29572.t1,ko04722
Montipora_capitata_HIv3___RNAseq.g29572.t1,ko04912
Montipora_capitata_HIv3___RNAseq.g29572.t1,ko04915
Montipora_capitata_HIv3___RNAseq.g29572.t1,ko04921
Montipora_capitata_HIv3___RNAseq.g29572.t1,ko04926
Montipora_capitata_HIv3___RNAseq.g29572.t1,ko04932
Montipora_capitata_HIv3___RNAseq.g29572.t1,ko04933
Montipora_capitata_HIv3___RNAseq.g29572.t1,ko05030
Montipora_capitata_HIv3___RNAseq.g29572.t1,ko05031
Montipora_capitata_HIv3___RNAseq.g29572.t1,ko05120
Montipora_capitata_HIv3___RNAseq.g29572.t1,ko05132
Montipora_capitata_HIv3___RNAseq.g29572.t1,ko05133
Montipora_capitata_HIv3___RNAseq.g29572.t1,ko05140
Montipora_capitata_HIv3___RNAseq.g29572.t1,ko05142
Montipora_capitata_HIv3___RNAseq.g29572.t1,ko05161
Montipora_capitata_HIv3___RNAseq.g29572.t1,ko05164
Montipora_capitata_HIv3___RNAseq.g29572.t1,ko05166
Montipora_capitata_HIv3___RNAseq.g29572.t1,ko05167
Montipora_capitata_HIv3___RNAseq.g29572.t1,ko05168
Montipora_capitata_HIv3___RNAseq.g29572.t1,ko05169
Montipora_capitata_HIv3___RNAseq.g29572.t1,ko05200
Montipora_capitata_HIv3___RNAseq.g29572.t1,ko05203
Montipora_capitata_HIv3___RNAseq.g29572.t1,ko05210
Montipora_capitata_HIv3___RNAseq.g29572.t1,ko05211
Montipora_capitata_HIv3___RNAseq.g29572.t1,ko05224
Montipora_capitata_HIv3___RNAseq.g29572.t1,ko05231
Montipora_capitata_HIv3___RNAseq.g29572.t1,ko05321
Montipora_capitata_HIv3___RNAseq.g29572.t1,ko05323
Montipora_capitata_HIv3___RNAseq.g29572.t1,ko05418
Montipora_capitata_HIv3___RNAseq.g29575.t1,ko00562
Montipora_capitata_HIv3___RNAseq.g29575.t1,ko01100
Montipora_capitata_HIv3___RNAseq.g29575.t1,ko04011
Montipora_capitata_HIv3___RNAseq.g29575.t1,ko04070
Montipora_capitata_HIv3___RNAseq.29237_t,ko04350
Montipora_capitata_HIv3___RNAseq.29237_t,ko04550
Montipora_capitata_HIv3___TS.g26069.t1a,ko00310
Montipora_capitata_HIv3___TS.g26069.t1a,ko05202
Montipora_capitata_HIv3___RNAseq.g29613.t1,ko04142
Montipora_capitata_HIv3___RNAseq.g29615.t1,ko04142
Montipora_capitata_HIv3___RNAseq.g29603.t1,ko04111
Montipora_capitata_HIv3___RNAseq.g29616.t3,ko01522
Montipora_capitata_HIv3___RNAseq.g29616.t3,ko01524
Montipora_capitata_HIv3___RNAseq.g29616.t3,ko04010
Montipora_capitata_HIv3___RNAseq.g29616.t3,ko04071
Montipora_capitata_HIv3___RNAseq.g29616.t3,ko04110
Montipora_capitata_HIv3___RNAseq.g29616.t3,ko04115
Montipora_capitata_HIv3___RNAseq.g29616.t3,ko04137
Montipora_capitata_HIv3___RNAseq.g29616.t3,ko04151
Montipora_capitata_HIv3___RNAseq.g29616.t3,ko04210
Montipora_capitata_HIv3___RNAseq.g29616.t3,ko04211
Montipora_capitata_HIv3___RNAseq.g29616.t3,ko04214
Montipora_capitata_HIv3___RNAseq.g29616.t3,ko04216
Montipora_capitata_HIv3___RNAseq.g29616.t3,ko04218
Montipora_capitata_HIv3___RNAseq.g29616.t3,ko04310
Montipora_capitata_HIv3___RNAseq.g29616.t3,ko04390
Montipora_capitata_HIv3___RNAseq.g29616.t3,ko04391
Montipora_capitata_HIv3___RNAseq.g29616.t3,ko04722
Montipora_capitata_HIv3___RNAseq.g29616.t3,ko04919
Montipora_capitata_HIv3___RNAseq.g29616.t3,ko05014
Montipora_capitata_HIv3___RNAseq.g29616.t3,ko05016
Montipora_capitata_HIv3___RNAseq.g29616.t3,ko05160
Montipora_capitata_HIv3___RNAseq.g29616.t3,ko05161
Montipora_capitata_HIv3___RNAseq.g29616.t3,ko05162
Montipora_capitata_HIv3___RNAseq.g29616.t3,ko05165
Montipora_capitata_HIv3___RNAseq.g29616.t3,ko05166
Montipora_capitata_HIv3___RNAseq.g29616.t3,ko05167
Montipora_capitata_HIv3___RNAseq.g29616.t3,ko05168
Montipora_capitata_HIv3___RNAseq.g29616.t3,ko05169
Montipora_capitata_HIv3___RNAseq.g29616.t3,ko05200
Montipora_capitata_HIv3___RNAseq.g29616.t3,ko05202
Montipora_capitata_HIv3___RNAseq.g29616.t3,ko05203
Montipora_capitata_HIv3___RNAseq.g29616.t3,ko05205
Montipora_capitata_HIv3___RNAseq.g29616.t3,ko05206
Montipora_capitata_HIv3___RNAseq.g29616.t3,ko05210
Montipora_capitata_HIv3___RNAseq.g29616.t3,ko05212
Montipora_capitata_HIv3___RNAseq.g29616.t3,ko05213
Montipora_capitata_HIv3___RNAseq.g29616.t3,ko05214
Montipora_capitata_HIv3___RNAseq.g29616.t3,ko05215
Montipora_capitata_HIv3___RNAseq.g29616.t3,ko05216
Montipora_capitata_HIv3___RNAseq.g29616.t3,ko05217
Montipora_capitata_HIv3___RNAseq.g29616.t3,ko05218
Montipora_capitata_HIv3___RNAseq.g29616.t3,ko05219
Montipora_capitata_HIv3___RNAseq.g29616.t3,ko05220
Montipora_capitata_HIv3___RNAseq.g29616.t3,ko05222
Montipora_capitata_HIv3___RNAseq.g29616.t3,ko05223
Montipora_capitata_HIv3___RNAseq.g29616.t3,ko05224
Montipora_capitata_HIv3___RNAseq.g29616.t3,ko05225
Montipora_capitata_HIv3___RNAseq.g29616.t3,ko05226
Montipora_capitata_HIv3___RNAseq.g29616.t3,ko05230
Montipora_capitata_HIv3___RNAseq.g29616.t3,ko05418
Montipora_capitata_HIv3___TS.g26091.t1,ko04142
Montipora_capitata_HIv3___RNAseq.g29980.t1,ko04068
Montipora_capitata_HIv3___RNAseq.g29980.t1,ko04136
Montipora_capitata_HIv3___RNAseq.g29980.t1,ko04137
Montipora_capitata_HIv3___RNAseq.g29980.t1,ko04138
Montipora_capitata_HIv3___RNAseq.g29980.t1,ko04139
Montipora_capitata_HIv3___RNAseq.g29980.t1,ko04140
Montipora_capitata_HIv3___RNAseq.g29980.t1,ko04212
Montipora_capitata_HIv3___RNAseq.g29980.t1,ko04371
Montipora_capitata_HIv3___RNAseq.g29980.t1,ko04621
Montipora_capitata_HIv3___RNAseq.g29980.t1,ko04727
Montipora_capitata_HIv3___RNAseq.g29980.t1,ko05167
Montipora_capitata_HIv3___TS.g14498.t1,ko04013
Montipora_capitata_HIv3___RNAseq.g30005.t1,ko04360
Montipora_capitata_HIv3___RNAseq.g30012.t2,ko04360
Montipora_capitata_HIv3___RNAseq.g30015.t1b,ko01521
Montipora_capitata_HIv3___RNAseq.g30015.t1b,ko01522
Montipora_capitata_HIv3___RNAseq.g30015.t1b,ko04012
Montipora_capitata_HIv3___RNAseq.g30015.t1b,ko04066
Montipora_capitata_HIv3___RNAseq.g30015.t1b,ko04072
Montipora_capitata_HIv3___RNAseq.g30015.t1b,ko04136
Montipora_capitata_HIv3___RNAseq.g30015.t1b,ko04138
Montipora_capitata_HIv3___RNAseq.g30015.t1b,ko04139
Montipora_capitata_HIv3___RNAseq.g30015.t1b,ko04140
Montipora_capitata_HIv3___RNAseq.g30015.t1b,ko04150
Montipora_capitata_HIv3___RNAseq.g30015.t1b,ko04151
Montipora_capitata_HIv3___RNAseq.g30015.t1b,ko04152
Montipora_capitata_HIv3___RNAseq.g30015.t1b,ko04211
Montipora_capitata_HIv3___RNAseq.g30015.t1b,ko04212
Montipora_capitata_HIv3___RNAseq.g30015.t1b,ko04213
Montipora_capitata_HIv3___RNAseq.g30015.t1b,ko04218
Montipora_capitata_HIv3___RNAseq.g30015.t1b,ko04371
Montipora_capitata_HIv3___RNAseq.g30015.t1b,ko04630
Montipora_capitata_HIv3___RNAseq.g30015.t1b,ko04659
Montipora_capitata_HIv3___RNAseq.g30015.t1b,ko04714
Montipora_capitata_HIv3___RNAseq.g30015.t1b,ko04910
Montipora_capitata_HIv3___RNAseq.g30015.t1b,ko04919
Montipora_capitata_HIv3___RNAseq.g30015.t1b,ko04920
Montipora_capitata_HIv3___RNAseq.g30015.t1b,ko04930
Montipora_capitata_HIv3___RNAseq.g30015.t1b,ko04931
Montipora_capitata_HIv3___RNAseq.g30015.t1b,ko05165
Montipora_capitata_HIv3___RNAseq.g30015.t1b,ko05167
Montipora_capitata_HIv3___RNAseq.g30015.t1b,ko05200
Montipora_capitata_HIv3___RNAseq.g30015.t1b,ko05205
Montipora_capitata_HIv3___RNAseq.g30015.t1b,ko05206
Montipora_capitata_HIv3___RNAseq.g30015.t1b,ko05210
Montipora_capitata_HIv3___RNAseq.g30015.t1b,ko05212
Montipora_capitata_HIv3___RNAseq.g30015.t1b,ko05214
Montipora_capitata_HIv3___RNAseq.g30015.t1b,ko05215
Montipora_capitata_HIv3___RNAseq.g30015.t1b,ko05221
Montipora_capitata_HIv3___RNAseq.g30015.t1b,ko05224
Montipora_capitata_HIv3___RNAseq.g30015.t1b,ko05225
Montipora_capitata_HIv3___RNAseq.g30015.t1b,ko05226
Montipora_capitata_HIv3___RNAseq.g30015.t1b,ko05230
Montipora_capitata_HIv3___RNAseq.g30015.t1b,ko05231
Montipora_capitata_HIv3___RNAseq.g30023.t1,ko04144
Montipora_capitata_HIv3___RNAseq.g30023.t1,ko04152
Montipora_capitata_HIv3___RNAseq.g30023.t1,ko04530
Montipora_capitata_HIv3___RNAseq.g30023.t1,ko04972
Montipora_capitata_HIv3___RNAseq.g30024.t1,ko04530
Montipora_capitata_HIv3___RNAseq.g30016.t1,ko05202
Montipora_capitata_HIv3___TS.g14523.t1,ko00590
Montipora_capitata_HIv3___TS.g14523.t1,ko01100
Montipora_capitata_HIv3___RNAseq.g30042.t1,ko03060
Montipora_capitata_HIv3___RNAseq.g30042.t1,ko04146
Montipora_capitata_HIv3___TS.g14541.t1,ko00230
Montipora_capitata_HIv3___TS.g14541.t1,ko00983
Montipora_capitata_HIv3___TS.g14541.t1,ko01100
Montipora_capitata_HIv3___TS.g14541.t1,ko01110
Montipora_capitata_HIv3___RNAseq.g30055.t1,ko04978
Montipora_capitata_HIv3___RNAseq.g30064.t1,ko00310
Montipora_capitata_HIv3___RNAseq.g30064.t1,ko00514
Montipora_capitata_HIv3___RNAseq.g30064.t1,ko04011
Montipora_capitata_HIv3___RNAseq.g30065.t1,ko00310
Montipora_capitata_HIv3___RNAseq.g30065.t1,ko00514
Montipora_capitata_HIv3___RNAseq.g30065.t1,ko04011
Montipora_capitata_HIv3___RNAseq.g30072.t1,ko01524
Montipora_capitata_HIv3___RNAseq.g30072.t1,ko04010
Montipora_capitata_HIv3___RNAseq.g30072.t1,ko04115
Montipora_capitata_HIv3___RNAseq.g30072.t1,ko04210
Montipora_capitata_HIv3___RNAseq.g30072.t1,ko04214
Montipora_capitata_HIv3___RNAseq.g30072.t1,ko04215
Montipora_capitata_HIv3___RNAseq.g30072.t1,ko04217
Montipora_capitata_HIv3___RNAseq.g30072.t1,ko04620
Montipora_capitata_HIv3___RNAseq.g30072.t1,ko04621
Montipora_capitata_HIv3___RNAseq.g30072.t1,ko04622
Montipora_capitata_HIv3___RNAseq.g30072.t1,ko04624
Montipora_capitata_HIv3___RNAseq.g30072.t1,ko04650
Montipora_capitata_HIv3___RNAseq.g30072.t1,ko04657
Montipora_capitata_HIv3___RNAseq.g30072.t1,ko04668
Montipora_capitata_HIv3___RNAseq.g30072.t1,ko04726
Montipora_capitata_HIv3___RNAseq.g30072.t1,ko04932
Montipora_capitata_HIv3___RNAseq.g30072.t1,ko04933
Montipora_capitata_HIv3___RNAseq.g30072.t1,ko05010
Montipora_capitata_HIv3___RNAseq.g30072.t1,ko05012
Montipora_capitata_HIv3___RNAseq.g30072.t1,ko05014
Montipora_capitata_HIv3___RNAseq.g30072.t1,ko05016
Montipora_capitata_HIv3___RNAseq.g30072.t1,ko05120
Montipora_capitata_HIv3___RNAseq.g30072.t1,ko05133
Montipora_capitata_HIv3___RNAseq.g30072.t1,ko05134
Montipora_capitata_HIv3___RNAseq.g30072.t1,ko05142
Montipora_capitata_HIv3___RNAseq.g30072.t1,ko05145
Montipora_capitata_HIv3___RNAseq.g30072.t1,ko05146
Montipora_capitata_HIv3___RNAseq.g30072.t1,ko05152
Montipora_capitata_HIv3___RNAseq.g30072.t1,ko05161
Montipora_capitata_HIv3___RNAseq.g30072.t1,ko05165
Montipora_capitata_HIv3___RNAseq.g30072.t1,ko05167
Montipora_capitata_HIv3___RNAseq.g30072.t1,ko05168
Montipora_capitata_HIv3___RNAseq.g30072.t1,ko05200
Montipora_capitata_HIv3___RNAseq.g30072.t1,ko05203
Montipora_capitata_HIv3___RNAseq.g30072.t1,ko05205
Montipora_capitata_HIv3___RNAseq.g30072.t1,ko05206
Montipora_capitata_HIv3___RNAseq.g30072.t1,ko05210
Montipora_capitata_HIv3___RNAseq.g30072.t1,ko05222
Montipora_capitata_HIv3___RNAseq.g30072.t1,ko05416
Montipora_capitata_HIv3___RNAseq.g30067.t1,ko04530
Montipora_capitata_HIv3___RNAseq.g30080.t1,ko04014
Montipora_capitata_HIv3___RNAseq.g30080.t1,ko04015
Montipora_capitata_HIv3___RNAseq.g30080.t1,ko04016
Montipora_capitata_HIv3___RNAseq.g30080.t1,ko04020
Montipora_capitata_HIv3___RNAseq.g30080.t1,ko04022
Montipora_capitata_HIv3___RNAseq.g30080.t1,ko04024
Montipora_capitata_HIv3___RNAseq.g30080.t1,ko04070
Montipora_capitata_HIv3___RNAseq.g30080.t1,ko04114
Montipora_capitata_HIv3___RNAseq.g30080.t1,ko04218
Montipora_capitata_HIv3___RNAseq.g30080.t1,ko04260
Montipora_capitata_HIv3___RNAseq.g30080.t1,ko04261
Montipora_capitata_HIv3___RNAseq.g30080.t1,ko04270
Montipora_capitata_HIv3___RNAseq.g30080.t1,ko04371
Montipora_capitata_HIv3___RNAseq.g30080.t1,ko04626
Montipora_capitata_HIv3___RNAseq.g30080.t1,ko04713
Montipora_capitata_HIv3___RNAseq.g30080.t1,ko04720
Montipora_capitata_HIv3___RNAseq.g30080.t1,ko04722
Montipora_capitata_HIv3___RNAseq.g30080.t1,ko04728
Montipora_capitata_HIv3___RNAseq.g30080.t1,ko04740
Montipora_capitata_HIv3___RNAseq.g30080.t1,ko04744
Montipora_capitata_HIv3___RNAseq.g30080.t1,ko04745
Montipora_capitata_HIv3___RNAseq.g30080.t1,ko04750
Montipora_capitata_HIv3___RNAseq.g30080.t1,ko04910
Montipora_capitata_HIv3___RNAseq.g30080.t1,ko04912
Montipora_capitata_HIv3___RNAseq.g30080.t1,ko04915
Montipora_capitata_HIv3___RNAseq.g30080.t1,ko04916
Montipora_capitata_HIv3___RNAseq.g30080.t1,ko04921
Montipora_capitata_HIv3___RNAseq.g30080.t1,ko04922
Montipora_capitata_HIv3___RNAseq.g30080.t1,ko04924
Montipora_capitata_HIv3___RNAseq.g30080.t1,ko04925
Montipora_capitata_HIv3___RNAseq.g30080.t1,ko04970
Montipora_capitata_HIv3___RNAseq.g30080.t1,ko04971
Montipora_capitata_HIv3___RNAseq.g30080.t1,ko05010
Montipora_capitata_HIv3___RNAseq.g30080.t1,ko05031
Montipora_capitata_HIv3___RNAseq.g30080.t1,ko05034
Montipora_capitata_HIv3___RNAseq.g30080.t1,ko05133
Montipora_capitata_HIv3___RNAseq.g30080.t1,ko05152
Montipora_capitata_HIv3___RNAseq.g30080.t1,ko05167
Montipora_capitata_HIv3___RNAseq.g30080.t1,ko05200
Montipora_capitata_HIv3___RNAseq.g30080.t1,ko05214
Montipora_capitata_HIv3___RNAseq.g30080.t1,ko05410
Montipora_capitata_HIv3___RNAseq.g30080.t1,ko05414
Montipora_capitata_HIv3___RNAseq.g30080.t1,ko05418
Montipora_capitata_HIv3___RNAseq.g30085.t1,ko04136
Montipora_capitata_HIv3___RNAseq.g30085.t1,ko04138
Montipora_capitata_HIv3___RNAseq.g30085.t1,ko04140
Montipora_capitata_HIv3___RNAseq.g30085.t1,ko04371
Montipora_capitata_HIv3___TS.g14585.t3,ko00020
Montipora_capitata_HIv3___TS.g14585.t3,ko00190
Montipora_capitata_HIv3___TS.g14585.t3,ko01100
Montipora_capitata_HIv3___TS.g14585.t3,ko01110
Montipora_capitata_HIv3___TS.g14585.t3,ko01120
Montipora_capitata_HIv3___TS.g14585.t3,ko01130
Montipora_capitata_HIv3___TS.g14585.t3,ko01200
Montipora_capitata_HIv3___TS.g14585.t3,ko04714
Montipora_capitata_HIv3___TS.g14585.t3,ko04932
Montipora_capitata_HIv3___TS.g14585.t3,ko05010
Montipora_capitata_HIv3___TS.g14585.t3,ko05012
Montipora_capitata_HIv3___TS.g14585.t3,ko05016
Montipora_capitata_HIv3___RNAseq.g30089.t1,ko04015
Montipora_capitata_HIv3___RNAseq.g30089.t1,ko04144
Montipora_capitata_HIv3___RNAseq.g30089.t1,ko04390
Montipora_capitata_HIv3___RNAseq.g30089.t1,ko04391
Montipora_capitata_HIv3___RNAseq.g30089.t1,ko04530
Montipora_capitata_HIv3___RNAseq.g30089.t1,ko04611
Montipora_capitata_HIv3___RNAseq.g30089.t1,ko04910
Montipora_capitata_HIv3___RNAseq.g30089.t1,ko05165
Montipora_capitata_HIv3___RNAseq.g30106.t1a,ko00330
Montipora_capitata_HIv3___RNAseq.g30106.t1a,ko00340
Montipora_capitata_HIv3___RNAseq.g30106.t1a,ko00380
Montipora_capitata_HIv3___RNAseq.g30106.t1a,ko01100
Montipora_capitata_HIv3___RNAseq.g30091.t1,ko04144
Montipora_capitata_HIv3___RNAseq.g30092.t1,ko00563
Montipora_capitata_HIv3___RNAseq.g30092.t1,ko01100
Montipora_capitata_HIv3___RNAseq.g30093.t1,ko04144
Montipora_capitata_HIv3___RNAseq.g30094.t1,ko00563
Montipora_capitata_HIv3___RNAseq.g30094.t1,ko01100
Montipora_capitata_HIv3___RNAseq.29427_t,ko04141
Montipora_capitata_HIv3___RNAseq.g30141.t1,ko00601
Montipora_capitata_HIv3___RNAseq.g30141.t1,ko01100
Montipora_capitata_HIv3___RNAseq.g30145.t1,ko00480
Montipora_capitata_HIv3___RNAseq.g30145.t1,ko00980
Montipora_capitata_HIv3___RNAseq.g30145.t1,ko00982
Montipora_capitata_HIv3___RNAseq.g30145.t1,ko04146
Montipora_capitata_HIv3___RNAseq.g30145.t1,ko05204
Montipora_capitata_HIv3___RNAseq.g30150.t1,ko00010
Montipora_capitata_HIv3___RNAseq.g30150.t1,ko00040
Montipora_capitata_HIv3___RNAseq.g30150.t1,ko00051
Montipora_capitata_HIv3___RNAseq.g30150.t1,ko00052
Montipora_capitata_HIv3___RNAseq.g30150.t1,ko00561
Montipora_capitata_HIv3___RNAseq.g30150.t1,ko00790
Montipora_capitata_HIv3___RNAseq.g30150.t1,ko00930
Montipora_capitata_HIv3___RNAseq.g30150.t1,ko01100
Montipora_capitata_HIv3___RNAseq.g30150.t1,ko01110
Montipora_capitata_HIv3___RNAseq.g30150.t1,ko01120
Montipora_capitata_HIv3___RNAseq.g30150.t1,ko01130
Montipora_capitata_HIv3___RNAseq.g30150.t1,ko01220
Montipora_capitata_HIv3___RNAseq.g30152.t1,ko00010
Montipora_capitata_HIv3___RNAseq.g30152.t1,ko00040
Montipora_capitata_HIv3___RNAseq.g30152.t1,ko00051
Montipora_capitata_HIv3___RNAseq.g30152.t1,ko00052
Montipora_capitata_HIv3___RNAseq.g30152.t1,ko00561
Montipora_capitata_HIv3___RNAseq.g30152.t1,ko00790
Montipora_capitata_HIv3___RNAseq.g30152.t1,ko00930
Montipora_capitata_HIv3___RNAseq.g30152.t1,ko01100
Montipora_capitata_HIv3___RNAseq.g30152.t1,ko01110
Montipora_capitata_HIv3___RNAseq.g30152.t1,ko01120
Montipora_capitata_HIv3___RNAseq.g30152.t1,ko01130
Montipora_capitata_HIv3___RNAseq.g30152.t1,ko01220
Montipora_capitata_HIv3___RNAseq.g30160.t1,ko00670
Montipora_capitata_HIv3___RNAseq.g30160.t1,ko00720
Montipora_capitata_HIv3___RNAseq.g30160.t1,ko01100
Montipora_capitata_HIv3___RNAseq.g30160.t1,ko01120
Montipora_capitata_HIv3___RNAseq.g30160.t1,ko01200
Montipora_capitata_HIv3___RNAseq.g30160.t1,ko01523
Montipora_capitata_HIv3___RNAseq.g30158.t1,ko00330
Montipora_capitata_HIv3___RNAseq.g30158.t1,ko00340
Montipora_capitata_HIv3___RNAseq.g30158.t1,ko00380
Montipora_capitata_HIv3___RNAseq.g30158.t1,ko01100
Montipora_capitata_HIv3___TS.g14657.t1,ko00230
Montipora_capitata_HIv3___TS.g14657.t1,ko00240
Montipora_capitata_HIv3___TS.g14657.t1,ko01100
Montipora_capitata_HIv3___TS.g14657.t1,ko03020
Montipora_capitata_HIv3___TS.g14657.t1,ko05016
Montipora_capitata_HIv3___TS.g14657.t1,ko05169
Montipora_capitata_HIv3___RNAseq.g30183.t1,ko00220
Montipora_capitata_HIv3___RNAseq.g30183.t1,ko00230
Montipora_capitata_HIv3___RNAseq.g30183.t1,ko00791
Montipora_capitata_HIv3___RNAseq.g30183.t1,ko01100
Montipora_capitata_HIv3___RNAseq.g30183.t1,ko01120
Montipora_capitata_HIv3___TS.g14686.t2,ko00230
Montipora_capitata_HIv3___TS.g14686.t2,ko00983
Montipora_capitata_HIv3___TS.g14686.t2,ko01100
Montipora_capitata_HIv3___RNAseq.g30211.t1,ko04142
Montipora_capitata_HIv3___RNAseq.g30211.t1,ko04145
Montipora_capitata_HIv3___RNAseq.g30212.t1,ko04142
Montipora_capitata_HIv3___RNAseq.g30212.t1,ko04145
Montipora_capitata_HIv3___RNAseq.g30215.t1,ko00900
Montipora_capitata_HIv3___RNAseq.g30215.t1,ko01130
Montipora_capitata_HIv3___RNAseq.g30227.t1,ko00380
Montipora_capitata_HIv3___RNAseq.g30227.t1,ko00630
Montipora_capitata_HIv3___RNAseq.g30227.t1,ko01100
Montipora_capitata_HIv3___RNAseq.g30230.t1,ko00010
Montipora_capitata_HIv3___RNAseq.g30230.t1,ko00710
Montipora_capitata_HIv3___RNAseq.g30230.t1,ko01100
Montipora_capitata_HIv3___RNAseq.g30230.t1,ko01110
Montipora_capitata_HIv3___RNAseq.g30230.t1,ko01120
Montipora_capitata_HIv3___RNAseq.g30230.t1,ko01130
Montipora_capitata_HIv3___RNAseq.g30230.t1,ko01200
Montipora_capitata_HIv3___RNAseq.g30230.t1,ko01230
Montipora_capitata_HIv3___RNAseq.g30230.t1,ko04066
Montipora_capitata_HIv3___RNAseq.g30230.t1,ko05010
Montipora_capitata_HIv3___RNAseq.g30231.t1,ko00010
Montipora_capitata_HIv3___RNAseq.g30231.t1,ko00710
Montipora_capitata_HIv3___RNAseq.g30231.t1,ko01100
Montipora_capitata_HIv3___RNAseq.g30231.t1,ko01110
Montipora_capitata_HIv3___RNAseq.g30231.t1,ko01120
Montipora_capitata_HIv3___RNAseq.g30231.t1,ko01130
Montipora_capitata_HIv3___RNAseq.g30231.t1,ko01200
Montipora_capitata_HIv3___RNAseq.g30231.t1,ko01230
Montipora_capitata_HIv3___RNAseq.g30231.t1,ko04066
Montipora_capitata_HIv3___RNAseq.g30231.t1,ko05010
Montipora_capitata_HIv3___RNAseq.g30232.t1,ko03410
Montipora_capitata_HIv3___TS.g14740.t1,ko01522
Montipora_capitata_HIv3___TS.g14740.t1,ko01524
Montipora_capitata_HIv3___TS.g14740.t1,ko04010
Montipora_capitata_HIv3___TS.g14740.t1,ko04071
Montipora_capitata_HIv3___TS.g14740.t1,ko04110
Montipora_capitata_HIv3___TS.g14740.t1,ko04115
Montipora_capitata_HIv3___TS.g14740.t1,ko04137
Montipora_capitata_HIv3___TS.g14740.t1,ko04151
Montipora_capitata_HIv3___TS.g14740.t1,ko04210
Montipora_capitata_HIv3___TS.g14740.t1,ko04211
Montipora_capitata_HIv3___TS.g14740.t1,ko04214
Montipora_capitata_HIv3___TS.g14740.t1,ko04216
Montipora_capitata_HIv3___TS.g14740.t1,ko04218
Montipora_capitata_HIv3___TS.g14740.t1,ko04310
Montipora_capitata_HIv3___TS.g14740.t1,ko04390
Montipora_capitata_HIv3___TS.g14740.t1,ko04391
Montipora_capitata_HIv3___TS.g14740.t1,ko04722
Montipora_capitata_HIv3___TS.g14740.t1,ko04919
Montipora_capitata_HIv3___TS.g14740.t1,ko05014
Montipora_capitata_HIv3___TS.g14740.t1,ko05016
Montipora_capitata_HIv3___TS.g14740.t1,ko05160
Montipora_capitata_HIv3___TS.g14740.t1,ko05161
Montipora_capitata_HIv3___TS.g14740.t1,ko05162
Montipora_capitata_HIv3___TS.g14740.t1,ko05165
Montipora_capitata_HIv3___TS.g14740.t1,ko05166
Montipora_capitata_HIv3___TS.g14740.t1,ko05167
Montipora_capitata_HIv3___TS.g14740.t1,ko05168
Montipora_capitata_HIv3___TS.g14740.t1,ko05169
Montipora_capitata_HIv3___TS.g14740.t1,ko05200
Montipora_capitata_HIv3___TS.g14740.t1,ko05202
Montipora_capitata_HIv3___TS.g14740.t1,ko05203
Montipora_capitata_HIv3___TS.g14740.t1,ko05205
Montipora_capitata_HIv3___TS.g14740.t1,ko05206
Montipora_capitata_HIv3___TS.g14740.t1,ko05210
Montipora_capitata_HIv3___TS.g14740.t1,ko05212
Montipora_capitata_HIv3___TS.g14740.t1,ko05213
Montipora_capitata_HIv3___TS.g14740.t1,ko05214
Montipora_capitata_HIv3___TS.g14740.t1,ko05215
Montipora_capitata_HIv3___TS.g14740.t1,ko05216
Montipora_capitata_HIv3___TS.g14740.t1,ko05217
Montipora_capitata_HIv3___TS.g14740.t1,ko05218
Montipora_capitata_HIv3___TS.g14740.t1,ko05219
Montipora_capitata_HIv3___TS.g14740.t1,ko05220
Montipora_capitata_HIv3___TS.g14740.t1,ko05222
Montipora_capitata_HIv3___TS.g14740.t1,ko05223
Montipora_capitata_HIv3___TS.g14740.t1,ko05224
Montipora_capitata_HIv3___TS.g14740.t1,ko05225
Montipora_capitata_HIv3___TS.g14740.t1,ko05226
Montipora_capitata_HIv3___TS.g14740.t1,ko05230
Montipora_capitata_HIv3___TS.g14740.t1,ko05418
Montipora_capitata_HIv3___RNAseq.g30260.t1,ko03010
Montipora_capitata_HIv3___RNAseq.g30294.t1,ko00900
Montipora_capitata_HIv3___RNAseq.g30294.t1,ko01100
Montipora_capitata_HIv3___RNAseq.g30294.t1,ko01110
Montipora_capitata_HIv3___RNAseq.g30294.t1,ko01130
Montipora_capitata_HIv3___RNAseq.g30294.t1,ko03022
Montipora_capitata_HIv3___RNAseq.g30294.t1,ko05168
Montipora_capitata_HIv3___RNAseq.g30292.t1,ko00040
Montipora_capitata_HIv3___RNAseq.g30292.t1,ko00053
Montipora_capitata_HIv3___RNAseq.g30292.t1,ko00520
Montipora_capitata_HIv3___RNAseq.g30292.t1,ko01100
Montipora_capitata_HIv3___TS.g14781.t1,ko04512
Montipora_capitata_HIv3___RNAseq.g30392.t1,ko00230
Montipora_capitata_HIv3___RNAseq.g30394.t1,ko03015
Montipora_capitata_HIv3___TS.g14884.t2,ko00230
Montipora_capitata_HIv3___RNAseq.g30412.t1,ko00250
Montipora_capitata_HIv3___RNAseq.g30412.t1,ko00330
Montipora_capitata_HIv3___RNAseq.g30412.t1,ko01100
Montipora_capitata_HIv3___RNAseq.g30408.t1,ko04015
Montipora_capitata_HIv3___RNAseq.g30408.t1,ko04062
Montipora_capitata_HIv3___RNAseq.g30408.t1,ko04080
Montipora_capitata_HIv3___RNAseq.g30408.t1,ko04144
Montipora_capitata_HIv3___RNAseq.g30408.t1,ko04360
Montipora_capitata_HIv3___RNAseq.g30408.t1,ko04390
Montipora_capitata_HIv3___RNAseq.g30408.t1,ko04391
Montipora_capitata_HIv3___RNAseq.g30408.t1,ko04520
Montipora_capitata_HIv3___RNAseq.g30408.t1,ko04530
Montipora_capitata_HIv3___RNAseq.g30408.t1,ko04745
Montipora_capitata_HIv3___RNAseq.g30408.t1,ko05165
Montipora_capitata_HIv3___RNAseq.g30413.t1,ko00510
Montipora_capitata_HIv3___RNAseq.g30413.t1,ko00513
Montipora_capitata_HIv3___RNAseq.g30413.t1,ko01100
Montipora_capitata_HIv3___RNAseq.g30414.t1,ko00510
Montipora_capitata_HIv3___RNAseq.g30414.t1,ko00513
Montipora_capitata_HIv3___RNAseq.g30414.t1,ko01100
Montipora_capitata_HIv3___RNAseq.g30416.t1,ko04310
Montipora_capitata_HIv3___RNAseq.g30416.t1,ko04340
Montipora_capitata_HIv3___RNAseq.g30416.t1,ko04341
Montipora_capitata_HIv3___RNAseq.g30416.t1,ko05165
Montipora_capitata_HIv3___RNAseq.g30416.t1,ko05224
Montipora_capitata_HIv3___RNAseq.g30416.t1,ko05225
Montipora_capitata_HIv3___RNAseq.g30416.t1,ko05226
Montipora_capitata_HIv3___TS.g14901.t1,ko04130
Montipora_capitata_HIv3___TS.g14901.t1,ko04145
Montipora_capitata_HIv3___RNAseq.g30451.t1,ko03040
Montipora_capitata_HIv3___RNAseq.g30475.t1,ko05200
Montipora_capitata_HIv3___RNAseq.g30479.t2,ko05200
Montipora_capitata_HIv3___RNAseq.g30433.t1,ko04144
Montipora_capitata_HIv3___RNAseq.g30435.t1,ko03010
Montipora_capitata_HIv3___TS.g14919.t1,ko04512
Montipora_capitata_HIv3___RNAseq.g30441.t1,ko03010
Montipora_capitata_HIv3___TS.g14965.t1,ko01524
Montipora_capitata_HIv3___TS.g14965.t1,ko04115
Montipora_capitata_HIv3___TS.g14965.t1,ko04210
Montipora_capitata_HIv3___TS.g14965.t1,ko04214
Montipora_capitata_HIv3___TS.g14965.t1,ko04215
Montipora_capitata_HIv3___TS.g14965.t1,ko04217
Montipora_capitata_HIv3___TS.g14965.t1,ko04620
Montipora_capitata_HIv3___TS.g14965.t1,ko04621
Montipora_capitata_HIv3___TS.g14965.t1,ko04622
Montipora_capitata_HIv3___TS.g14965.t1,ko04624
Montipora_capitata_HIv3___TS.g14965.t1,ko04657
Montipora_capitata_HIv3___TS.g14965.t1,ko04668
Montipora_capitata_HIv3___TS.g14965.t1,ko04932
Montipora_capitata_HIv3___TS.g14965.t1,ko05010
Montipora_capitata_HIv3___TS.g14965.t1,ko05016
Montipora_capitata_HIv3___TS.g14965.t1,ko05133
Montipora_capitata_HIv3___TS.g14965.t1,ko05134
Montipora_capitata_HIv3___TS.g14965.t1,ko05142
Montipora_capitata_HIv3___TS.g14965.t1,ko05145
Montipora_capitata_HIv3___TS.g14965.t1,ko05152
Montipora_capitata_HIv3___TS.g14965.t1,ko05161
Montipora_capitata_HIv3___TS.g14965.t1,ko05165
Montipora_capitata_HIv3___TS.g14965.t1,ko05167
Montipora_capitata_HIv3___TS.g14965.t1,ko05168
Montipora_capitata_HIv3___TS.g14965.t1,ko05200
Montipora_capitata_HIv3___TS.g14965.t1,ko05203
Montipora_capitata_HIv3___TS.g14965.t1,ko05416
Montipora_capitata_HIv3___RNAseq.g30557.t1,ko00010
Montipora_capitata_HIv3___RNAseq.g30557.t1,ko00680
Montipora_capitata_HIv3___RNAseq.g30557.t1,ko01100
Montipora_capitata_HIv3___RNAseq.g30557.t1,ko01110
Montipora_capitata_HIv3___RNAseq.g30557.t1,ko01120
Montipora_capitata_HIv3___RNAseq.g30557.t1,ko01130
Montipora_capitata_HIv3___RNAseq.g30557.t1,ko01200
Montipora_capitata_HIv3___RNAseq.g30557.t1,ko01230
Montipora_capitata_HIv3___RNAseq.g30557.t1,ko03018
Montipora_capitata_HIv3___RNAseq.g30557.t1,ko04066
Montipora_capitata_HIv3___TS.g15044.t2,ko04011
Montipora_capitata_HIv3___TS.g15044.t2,ko04014
Montipora_capitata_HIv3___TS.g15044.t2,ko04062
Montipora_capitata_HIv3___TS.g15044.t2,ko04151
Montipora_capitata_HIv3___TS.g15044.t2,ko04371
Montipora_capitata_HIv3___TS.g15044.t2,ko04713
Montipora_capitata_HIv3___TS.g15044.t2,ko04723
Montipora_capitata_HIv3___TS.g15044.t2,ko04724
Montipora_capitata_HIv3___TS.g15044.t2,ko04725
Montipora_capitata_HIv3___TS.g15044.t2,ko04726
Montipora_capitata_HIv3___TS.g15044.t2,ko04727
Montipora_capitata_HIv3___TS.g15044.t2,ko04728
Montipora_capitata_HIv3___TS.g15044.t2,ko04740
Montipora_capitata_HIv3___TS.g15044.t2,ko04744
Montipora_capitata_HIv3___TS.g15044.t2,ko04926
Montipora_capitata_HIv3___TS.g15044.t2,ko05032
Montipora_capitata_HIv3___TS.g15044.t2,ko05034
Montipora_capitata_HIv3___TS.g15044.t2,ko05167
Montipora_capitata_HIv3___TS.g15044.t2,ko05200
Montipora_capitata_HIv3___RNAseq.g30563.t1,ko04977
Montipora_capitata_HIv3___RNAseq.g30562.t1,ko01524
Montipora_capitata_HIv3___RNAseq.g30562.t1,ko04115
Montipora_capitata_HIv3___RNAseq.g30562.t1,ko04151
Montipora_capitata_HIv3___RNAseq.g30562.t1,ko04210
Montipora_capitata_HIv3___RNAseq.g30562.t1,ko04214
Montipora_capitata_HIv3___RNAseq.g30562.t1,ko04215
Montipora_capitata_HIv3___RNAseq.g30562.t1,ko04217
Montipora_capitata_HIv3___RNAseq.g30562.t1,ko04370
Montipora_capitata_HIv3___RNAseq.g30562.t1,ko04620
Montipora_capitata_HIv3___RNAseq.g30562.t1,ko04621
Montipora_capitata_HIv3___RNAseq.g30562.t1,ko04622
Montipora_capitata_HIv3___RNAseq.g30562.t1,ko04624
Montipora_capitata_HIv3___RNAseq.g30562.t1,ko04657
Montipora_capitata_HIv3___RNAseq.g30562.t1,ko04668
Montipora_capitata_HIv3___RNAseq.g30562.t1,ko04919
Montipora_capitata_HIv3___RNAseq.g30562.t1,ko04932
Montipora_capitata_HIv3___RNAseq.g30562.t1,ko05010
Montipora_capitata_HIv3___RNAseq.g30562.t1,ko05012
Montipora_capitata_HIv3___RNAseq.g30562.t1,ko05014
Montipora_capitata_HIv3___RNAseq.g30562.t1,ko05016
Montipora_capitata_HIv3___RNAseq.g30562.t1,ko05134
Montipora_capitata_HIv3___RNAseq.g30562.t1,ko05142
Montipora_capitata_HIv3___RNAseq.g30562.t1,ko05145
Montipora_capitata_HIv3___RNAseq.g30562.t1,ko05152
Montipora_capitata_HIv3___RNAseq.g30562.t1,ko05161
Montipora_capitata_HIv3___RNAseq.g30562.t1,ko05164
Montipora_capitata_HIv3___RNAseq.g30562.t1,ko05165
Montipora_capitata_HIv3___RNAseq.g30562.t1,ko05167
Montipora_capitata_HIv3___RNAseq.g30562.t1,ko05168
Montipora_capitata_HIv3___RNAseq.g30562.t1,ko05200
Montipora_capitata_HIv3___RNAseq.g30562.t1,ko05203
Montipora_capitata_HIv3___RNAseq.g30562.t1,ko05210
Montipora_capitata_HIv3___RNAseq.g30562.t1,ko05212
Montipora_capitata_HIv3___RNAseq.g30562.t1,ko05213
Montipora_capitata_HIv3___RNAseq.g30562.t1,ko05215
Montipora_capitata_HIv3___RNAseq.g30562.t1,ko05222
Montipora_capitata_HIv3___RNAseq.g30562.t1,ko05223
Montipora_capitata_HIv3___RNAseq.g30562.t1,ko05416
Montipora_capitata_HIv3___RNAseq.g30560.t1,ko04150
Montipora_capitata_HIv3___RNAseq.g30560.t1,ko04310
Montipora_capitata_HIv3___RNAseq.g30560.t1,ko04330
Montipora_capitata_HIv3___RNAseq.g30560.t1,ko04390
Montipora_capitata_HIv3___RNAseq.g30560.t1,ko04550
Montipora_capitata_HIv3___RNAseq.g30560.t1,ko04916
Montipora_capitata_HIv3___RNAseq.g30560.t1,ko04934
Montipora_capitata_HIv3___RNAseq.g30560.t1,ko05165
Montipora_capitata_HIv3___RNAseq.g30560.t1,ko05166
Montipora_capitata_HIv3___RNAseq.g30560.t1,ko05200
Montipora_capitata_HIv3___RNAseq.g30560.t1,ko05217
Montipora_capitata_HIv3___RNAseq.g30560.t1,ko05224
Montipora_capitata_HIv3___RNAseq.g30560.t1,ko05225
Montipora_capitata_HIv3___RNAseq.g30560.t1,ko05226
Montipora_capitata_HIv3___RNAseq.g30576.t1,ko03050
Montipora_capitata_HIv3___TS.g15071.t1,ko00601
Montipora_capitata_HIv3___TS.g15071.t1,ko01100
Montipora_capitata_HIv3___RNAseq.g30622.t1,ko04115
Montipora_capitata_HIv3___RNAseq.g30622.t1,ko04120
Montipora_capitata_HIv3___RNAseq.g30622.t1,ko05162
Montipora_capitata_HIv3___RNAseq.g30712.t1,ko04010
Montipora_capitata_HIv3___RNAseq.g30712.t1,ko04011
Montipora_capitata_HIv3___RNAseq.g30712.t1,ko04014
Montipora_capitata_HIv3___RNAseq.g30712.t1,ko04015
Montipora_capitata_HIv3___RNAseq.g30712.t1,ko04062
Montipora_capitata_HIv3___RNAseq.g30712.t1,ko04144
Montipora_capitata_HIv3___RNAseq.g30712.t1,ko04360
Montipora_capitata_HIv3___RNAseq.g30712.t1,ko04370
Montipora_capitata_HIv3___RNAseq.g30712.t1,ko04510
Montipora_capitata_HIv3___RNAseq.g30712.t1,ko04520
Montipora_capitata_HIv3___RNAseq.g30712.t1,ko04530
Montipora_capitata_HIv3___RNAseq.g30712.t1,ko04660
Montipora_capitata_HIv3___RNAseq.g30712.t1,ko04666
Montipora_capitata_HIv3___RNAseq.g30712.t1,ko04670
Montipora_capitata_HIv3___RNAseq.g30712.t1,ko04722
Montipora_capitata_HIv3___RNAseq.g30712.t1,ko04810
Montipora_capitata_HIv3___RNAseq.g30712.t1,ko04912
Montipora_capitata_HIv3___RNAseq.g30712.t1,ko04932
Montipora_capitata_HIv3___RNAseq.g30712.t1,ko04933
Montipora_capitata_HIv3___RNAseq.g30712.t1,ko05100
Montipora_capitata_HIv3___RNAseq.g30712.t1,ko05120
Montipora_capitata_HIv3___RNAseq.g30712.t1,ko05130
Montipora_capitata_HIv3___RNAseq.g30712.t1,ko05131
Montipora_capitata_HIv3___RNAseq.g30712.t1,ko05132
Montipora_capitata_HIv3___RNAseq.g30712.t1,ko05165
Montipora_capitata_HIv3___RNAseq.g30712.t1,ko05200
Montipora_capitata_HIv3___RNAseq.g30712.t1,ko05203
Montipora_capitata_HIv3___RNAseq.g30712.t1,ko05205
Montipora_capitata_HIv3___RNAseq.g30712.t1,ko05211
Montipora_capitata_HIv3___RNAseq.g30712.t1,ko05212
Montipora_capitata_HIv3___RNAseq.g30713.t1,ko03050
Montipora_capitata_HIv3___RNAseq.g30713.t1,ko05169
Montipora_capitata_HIv3___RNAseq.g30715.t1,ko04114
Montipora_capitata_HIv3___RNAseq.g30715.t1,ko04810
Montipora_capitata_HIv3___RNAseq.g30715.t1,ko04914
Montipora_capitata_HIv3___RNAseq.g30809.t1,ko00100
Montipora_capitata_HIv3___RNAseq.g30809.t1,ko00561
Montipora_capitata_HIv3___RNAseq.g30809.t1,ko00983
Montipora_capitata_HIv3___RNAseq.g30809.t1,ko01100
Montipora_capitata_HIv3___RNAseq.g30809.t1,ko04514
Montipora_capitata_HIv3___RNAseq.g30809.t1,ko04972
Montipora_capitata_HIv3___RNAseq.g30809.t1,ko04975
Montipora_capitata_HIv3___RNAseq.g30811.t1,ko00983
Montipora_capitata_HIv3___RNAseq.g30811.t1,ko04514
Montipora_capitata_HIv3___RNAseq.g30885.t1,ko04137
Montipora_capitata_HIv3___RNAseq.g30885.t1,ko04214
Montipora_capitata_HIv3___RNAseq.g30885.t1,ko04621
Montipora_capitata_HIv3___RNAseq.g30899.t1,ko04146
Montipora_capitata_HIv3___RNAseq.g30900.t1,ko04141
Montipora_capitata_HIv3___RNAseq.g30981.t1,ko04080
Montipora_capitata_HIv3___RNAseq.g30981.t1,ko04723
Montipora_capitata_HIv3___RNAseq.g30981.t1,ko04726
Montipora_capitata_HIv3___RNAseq.g30981.t1,ko04727
Montipora_capitata_HIv3___RNAseq.g30981.t1,ko05032
Montipora_capitata_HIv3___RNAseq.g30981.t1,ko05033
Montipora_capitata_HIv3___RNAseq.g30989.t1,ko00100
Montipora_capitata_HIv3___RNAseq.g30989.t1,ko00140
Montipora_capitata_HIv3___RNAseq.g30989.t1,ko00590
Montipora_capitata_HIv3___RNAseq.g30989.t1,ko01100
Montipora_capitata_HIv3___RNAseq.g30989.t1,ko04726
Montipora_capitata_HIv3___RNAseq.g30984.t1,ko03060
Montipora_capitata_HIv3___RNAseq.g30995.t1,ko00100
Montipora_capitata_HIv3___RNAseq.g30995.t1,ko00140
Montipora_capitata_HIv3___RNAseq.g30995.t1,ko00590
Montipora_capitata_HIv3___RNAseq.g30995.t1,ko01100
Montipora_capitata_HIv3___RNAseq.g30995.t1,ko04726
Montipora_capitata_HIv3___TS.g15490.t1,ko04120
Montipora_capitata_HIv3___TS.g15490.t1,ko04141
Montipora_capitata_HIv3___TS.g15490.t1,ko05012
Montipora_capitata_HIv3___RNAseq.g31009.t1,ko04146
Montipora_capitata_HIv3___RNAseq.g31010.t1,ko04014
Montipora_capitata_HIv3___RNAseq.g31010.t1,ko04015
Montipora_capitata_HIv3___RNAseq.g31010.t1,ko04016
Montipora_capitata_HIv3___RNAseq.g31010.t1,ko04020
Montipora_capitata_HIv3___RNAseq.g31010.t1,ko04022
Montipora_capitata_HIv3___RNAseq.g31010.t1,ko04024
Montipora_capitata_HIv3___RNAseq.g31010.t1,ko04070
Montipora_capitata_HIv3___RNAseq.g31010.t1,ko04114
Montipora_capitata_HIv3___RNAseq.g31010.t1,ko04218
Montipora_capitata_HIv3___RNAseq.g31010.t1,ko04261
Montipora_capitata_HIv3___RNAseq.g31010.t1,ko04270
Montipora_capitata_HIv3___RNAseq.g31010.t1,ko04371
Montipora_capitata_HIv3___RNAseq.g31010.t1,ko04626
Montipora_capitata_HIv3___RNAseq.g31010.t1,ko04713
Montipora_capitata_HIv3___RNAseq.g31010.t1,ko04720
Montipora_capitata_HIv3___RNAseq.g31010.t1,ko04722
Montipora_capitata_HIv3___RNAseq.g31010.t1,ko04728
Montipora_capitata_HIv3___RNAseq.g31010.t1,ko04740
Montipora_capitata_HIv3___RNAseq.g31010.t1,ko04744
Montipora_capitata_HIv3___RNAseq.g31010.t1,ko04745
Montipora_capitata_HIv3___RNAseq.g31010.t1,ko04750
Montipora_capitata_HIv3___RNAseq.g31010.t1,ko04910
Montipora_capitata_HIv3___RNAseq.g31010.t1,ko04912
Montipora_capitata_HIv3___RNAseq.g31010.t1,ko04915
Montipora_capitata_HIv3___RNAseq.g31010.t1,ko04916
Montipora_capitata_HIv3___RNAseq.g31010.t1,ko04921
Montipora_capitata_HIv3___RNAseq.g31010.t1,ko04922
Montipora_capitata_HIv3___RNAseq.g31010.t1,ko04924
Montipora_capitata_HIv3___RNAseq.g31010.t1,ko04925
Montipora_capitata_HIv3___RNAseq.g31010.t1,ko04970
Montipora_capitata_HIv3___RNAseq.g31010.t1,ko04971
Montipora_capitata_HIv3___RNAseq.g31010.t1,ko05010
Montipora_capitata_HIv3___RNAseq.g31010.t1,ko05031
Montipora_capitata_HIv3___RNAseq.g31010.t1,ko05034
Montipora_capitata_HIv3___RNAseq.g31010.t1,ko05133
Montipora_capitata_HIv3___RNAseq.g31010.t1,ko05152
Montipora_capitata_HIv3___RNAseq.g31010.t1,ko05167
Montipora_capitata_HIv3___RNAseq.g31010.t1,ko05200
Montipora_capitata_HIv3___RNAseq.g31010.t1,ko05214
Montipora_capitata_HIv3___RNAseq.g31010.t1,ko05418
Montipora_capitata_HIv3___TS.g15495.t2,ko04014
Montipora_capitata_HIv3___TS.g15495.t2,ko04015
Montipora_capitata_HIv3___TS.g15495.t2,ko04016
Montipora_capitata_HIv3___TS.g15495.t2,ko04020
Montipora_capitata_HIv3___TS.g15495.t2,ko04022
Montipora_capitata_HIv3___TS.g15495.t2,ko04024
Montipora_capitata_HIv3___TS.g15495.t2,ko04070
Montipora_capitata_HIv3___TS.g15495.t2,ko04114
Montipora_capitata_HIv3___TS.g15495.t2,ko04218
Montipora_capitata_HIv3___TS.g15495.t2,ko04261
Montipora_capitata_HIv3___TS.g15495.t2,ko04270
Montipora_capitata_HIv3___TS.g15495.t2,ko04371
Montipora_capitata_HIv3___TS.g15495.t2,ko04626
Montipora_capitata_HIv3___TS.g15495.t2,ko04713
Montipora_capitata_HIv3___TS.g15495.t2,ko04720
Montipora_capitata_HIv3___TS.g15495.t2,ko04722
Montipora_capitata_HIv3___TS.g15495.t2,ko04728
Montipora_capitata_HIv3___TS.g15495.t2,ko04740
Montipora_capitata_HIv3___TS.g15495.t2,ko04744
Montipora_capitata_HIv3___TS.g15495.t2,ko04745
Montipora_capitata_HIv3___TS.g15495.t2,ko04750
Montipora_capitata_HIv3___TS.g15495.t2,ko04910
Montipora_capitata_HIv3___TS.g15495.t2,ko04912
Montipora_capitata_HIv3___TS.g15495.t2,ko04915
Montipora_capitata_HIv3___TS.g15495.t2,ko04916
Montipora_capitata_HIv3___TS.g15495.t2,ko04921
Montipora_capitata_HIv3___TS.g15495.t2,ko04922
Montipora_capitata_HIv3___TS.g15495.t2,ko04924
Montipora_capitata_HIv3___TS.g15495.t2,ko04925
Montipora_capitata_HIv3___TS.g15495.t2,ko04970
Montipora_capitata_HIv3___TS.g15495.t2,ko04971
Montipora_capitata_HIv3___TS.g15495.t2,ko05010
Montipora_capitata_HIv3___TS.g15495.t2,ko05031
Montipora_capitata_HIv3___TS.g15495.t2,ko05034
Montipora_capitata_HIv3___TS.g15495.t2,ko05133
Montipora_capitata_HIv3___TS.g15495.t2,ko05152
Montipora_capitata_HIv3___TS.g15495.t2,ko05167
Montipora_capitata_HIv3___TS.g15495.t2,ko05200
Montipora_capitata_HIv3___TS.g15495.t2,ko05214
Montipora_capitata_HIv3___TS.g15495.t2,ko05418
Montipora_capitata_HIv3___RNAseq.g31014.t1,ko04014
Montipora_capitata_HIv3___RNAseq.g31014.t1,ko04015
Montipora_capitata_HIv3___RNAseq.g31014.t1,ko04016
Montipora_capitata_HIv3___RNAseq.g31014.t1,ko04020
Montipora_capitata_HIv3___RNAseq.g31014.t1,ko04022
Montipora_capitata_HIv3___RNAseq.g31014.t1,ko04024
Montipora_capitata_HIv3___RNAseq.g31014.t1,ko04070
Montipora_capitata_HIv3___RNAseq.g31014.t1,ko04114
Montipora_capitata_HIv3___RNAseq.g31014.t1,ko04218
Montipora_capitata_HIv3___RNAseq.g31014.t1,ko04261
Montipora_capitata_HIv3___RNAseq.g31014.t1,ko04270
Montipora_capitata_HIv3___RNAseq.g31014.t1,ko04371
Montipora_capitata_HIv3___RNAseq.g31014.t1,ko04626
Montipora_capitata_HIv3___RNAseq.g31014.t1,ko04713
Montipora_capitata_HIv3___RNAseq.g31014.t1,ko04720
Montipora_capitata_HIv3___RNAseq.g31014.t1,ko04722
Montipora_capitata_HIv3___RNAseq.g31014.t1,ko04728
Montipora_capitata_HIv3___RNAseq.g31014.t1,ko04740
Montipora_capitata_HIv3___RNAseq.g31014.t1,ko04744
Montipora_capitata_HIv3___RNAseq.g31014.t1,ko04745
Montipora_capitata_HIv3___RNAseq.g31014.t1,ko04750
Montipora_capitata_HIv3___RNAseq.g31014.t1,ko04910
Montipora_capitata_HIv3___RNAseq.g31014.t1,ko04912
Montipora_capitata_HIv3___RNAseq.g31014.t1,ko04915
Montipora_capitata_HIv3___RNAseq.g31014.t1,ko04916
Montipora_capitata_HIv3___RNAseq.g31014.t1,ko04921
Montipora_capitata_HIv3___RNAseq.g31014.t1,ko04922
Montipora_capitata_HIv3___RNAseq.g31014.t1,ko04924
Montipora_capitata_HIv3___RNAseq.g31014.t1,ko04925
Montipora_capitata_HIv3___RNAseq.g31014.t1,ko04970
Montipora_capitata_HIv3___RNAseq.g31014.t1,ko04971
Montipora_capitata_HIv3___RNAseq.g31014.t1,ko05010
Montipora_capitata_HIv3___RNAseq.g31014.t1,ko05031
Montipora_capitata_HIv3___RNAseq.g31014.t1,ko05034
Montipora_capitata_HIv3___RNAseq.g31014.t1,ko05133
Montipora_capitata_HIv3___RNAseq.g31014.t1,ko05152
Montipora_capitata_HIv3___RNAseq.g31014.t1,ko05167
Montipora_capitata_HIv3___RNAseq.g31014.t1,ko05200
Montipora_capitata_HIv3___RNAseq.g31014.t1,ko05214
Montipora_capitata_HIv3___RNAseq.g31014.t1,ko05418
Montipora_capitata_HIv3___RNAseq.g31120.t1,ko04360
Montipora_capitata_HIv3___RNAseq.g31170.t1,ko00062
Montipora_capitata_HIv3___RNAseq.g31170.t1,ko01040
Montipora_capitata_HIv3___RNAseq.g31170.t1,ko01110
Montipora_capitata_HIv3___RNAseq.g31192.t1,ko00670
Montipora_capitata_HIv3___RNAseq.g31192.t1,ko00720
Montipora_capitata_HIv3___RNAseq.g31192.t1,ko01100
Montipora_capitata_HIv3___RNAseq.g31192.t1,ko01120
Montipora_capitata_HIv3___RNAseq.g31192.t1,ko01200
Montipora_capitata_HIv3___RNAseq.g31192.t1,ko01523
Montipora_capitata_HIv3___RNAseq.g31225.t1,ko00120
Montipora_capitata_HIv3___TS.g15697.t1,ko03013
Montipora_capitata_HIv3___TS.g15697.t1,ko05416
Montipora_capitata_HIv3___RNAseq.g31217.t1,ko03013
Montipora_capitata_HIv3___RNAseq.g31217.t1,ko05416
Montipora_capitata_HIv3___TS.g15712.t2,ko03013
Montipora_capitata_HIv3___TS.g15712.t2,ko05416
Montipora_capitata_HIv3___TS.g15743.t1,ko00562
Montipora_capitata_HIv3___TS.g15743.t1,ko01521
Montipora_capitata_HIv3___TS.g15743.t1,ko01522
Montipora_capitata_HIv3___TS.g15743.t1,ko01524
Montipora_capitata_HIv3___TS.g15743.t1,ko04012
Montipora_capitata_HIv3___TS.g15743.t1,ko04014
Montipora_capitata_HIv3___TS.g15743.t1,ko04015
Montipora_capitata_HIv3___TS.g15743.t1,ko04024
Montipora_capitata_HIv3___TS.g15743.t1,ko04062
Montipora_capitata_HIv3___TS.g15743.t1,ko04066
Montipora_capitata_HIv3___TS.g15743.t1,ko04068
Montipora_capitata_HIv3___TS.g15743.t1,ko04070
Montipora_capitata_HIv3___TS.g15743.t1,ko04071
Montipora_capitata_HIv3___TS.g15743.t1,ko04072
Montipora_capitata_HIv3___TS.g15743.t1,ko04140
Montipora_capitata_HIv3___TS.g15743.t1,ko04150
Montipora_capitata_HIv3___TS.g15743.t1,ko04151
Montipora_capitata_HIv3___TS.g15743.t1,ko04152
Montipora_capitata_HIv3___TS.g15743.t1,ko04210
Montipora_capitata_HIv3___TS.g15743.t1,ko04211
Montipora_capitata_HIv3___TS.g15743.t1,ko04212
Montipora_capitata_HIv3___TS.g15743.t1,ko04213
Montipora_capitata_HIv3___TS.g15743.t1,ko04218
Montipora_capitata_HIv3___TS.g15743.t1,ko04360
Montipora_capitata_HIv3___TS.g15743.t1,ko04370
Montipora_capitata_HIv3___TS.g15743.t1,ko04380
Montipora_capitata_HIv3___TS.g15743.t1,ko04510
Montipora_capitata_HIv3___TS.g15743.t1,ko04550
Montipora_capitata_HIv3___TS.g15743.t1,ko04611
Montipora_capitata_HIv3___TS.g15743.t1,ko04620
Montipora_capitata_HIv3___TS.g15743.t1,ko04630
Montipora_capitata_HIv3___TS.g15743.t1,ko04650
Montipora_capitata_HIv3___TS.g15743.t1,ko04660
Montipora_capitata_HIv3___TS.g15743.t1,ko04662
Montipora_capitata_HIv3___TS.g15743.t1,ko04664
Montipora_capitata_HIv3___TS.g15743.t1,ko04666
Montipora_capitata_HIv3___TS.g15743.t1,ko04668
Montipora_capitata_HIv3___TS.g15743.t1,ko04670
Montipora_capitata_HIv3___TS.g15743.t1,ko04722
Montipora_capitata_HIv3___TS.g15743.t1,ko04725
Montipora_capitata_HIv3___TS.g15743.t1,ko04750
Montipora_capitata_HIv3___TS.g15743.t1,ko04810
Montipora_capitata_HIv3___TS.g15743.t1,ko04910
Montipora_capitata_HIv3___TS.g15743.t1,ko04914
Montipora_capitata_HIv3___TS.g15743.t1,ko04915
Montipora_capitata_HIv3___TS.g15743.t1,ko04917
Montipora_capitata_HIv3___TS.g15743.t1,ko04919
Montipora_capitata_HIv3___TS.g15743.t1,ko04923
Montipora_capitata_HIv3___TS.g15743.t1,ko04926
Montipora_capitata_HIv3___TS.g15743.t1,ko04930
Montipora_capitata_HIv3___TS.g15743.t1,ko04931
Montipora_capitata_HIv3___TS.g15743.t1,ko04932
Montipora_capitata_HIv3___TS.g15743.t1,ko04933
Montipora_capitata_HIv3___TS.g15743.t1,ko04960
Montipora_capitata_HIv3___TS.g15743.t1,ko04973
Montipora_capitata_HIv3___TS.g15743.t1,ko05100
Montipora_capitata_HIv3___TS.g15743.t1,ko05142
Montipora_capitata_HIv3___TS.g15743.t1,ko05146
Montipora_capitata_HIv3___TS.g15743.t1,ko05160
Montipora_capitata_HIv3___TS.g15743.t1,ko05161
Montipora_capitata_HIv3___TS.g15743.t1,ko05162
Montipora_capitata_HIv3___TS.g15743.t1,ko05164
Montipora_capitata_HIv3___TS.g15743.t1,ko05165
Montipora_capitata_HIv3___TS.g15743.t1,ko05166
Montipora_capitata_HIv3___TS.g15743.t1,ko05167
Montipora_capitata_HIv3___TS.g15743.t1,ko05169
Montipora_capitata_HIv3___TS.g15743.t1,ko05200
Montipora_capitata_HIv3___TS.g15743.t1,ko05203
Montipora_capitata_HIv3___TS.g15743.t1,ko05205
Montipora_capitata_HIv3___TS.g15743.t1,ko05210
Montipora_capitata_HIv3___TS.g15743.t1,ko05211
Montipora_capitata_HIv3___TS.g15743.t1,ko05212
Montipora_capitata_HIv3___TS.g15743.t1,ko05213
Montipora_capitata_HIv3___TS.g15743.t1,ko05214
Montipora_capitata_HIv3___TS.g15743.t1,ko05215
Montipora_capitata_HIv3___TS.g15743.t1,ko05218
Montipora_capitata_HIv3___TS.g15743.t1,ko05220
Montipora_capitata_HIv3___TS.g15743.t1,ko05221
Montipora_capitata_HIv3___TS.g15743.t1,ko05222
Montipora_capitata_HIv3___TS.g15743.t1,ko05223
Montipora_capitata_HIv3___TS.g15743.t1,ko05224
Montipora_capitata_HIv3___TS.g15743.t1,ko05225
Montipora_capitata_HIv3___TS.g15743.t1,ko05226
Montipora_capitata_HIv3___TS.g15743.t1,ko05230
Montipora_capitata_HIv3___TS.g15743.t1,ko05231
Montipora_capitata_HIv3___TS.g15743.t1,ko05418
Montipora_capitata_HIv3___TS.g15842.t1,ko00510
Montipora_capitata_HIv3___TS.g15842.t1,ko00513
Montipora_capitata_HIv3___TS.g15842.t1,ko01100
Montipora_capitata_HIv3___TS.g15842.t1,ko04141
Montipora_capitata_HIv3___RNAseq.g31336.t1,ko04144
Montipora_capitata_HIv3___RNAseq.g31336.t1,ko04721
Montipora_capitata_HIv3___RNAseq.g31336.t1,ko04961
Montipora_capitata_HIv3___RNAseq.g31336.t1,ko05016
Montipora_capitata_HIv3___RNAseq.g31411.t2,ko04146
Montipora_capitata_HIv3___RNAseq.g31411.t2,ko04621
Montipora_capitata_HIv3___RNAseq.g31500.t1,ko00511
Montipora_capitata_HIv3___TS.g16223.t1b,ko04610
Montipora_capitata_HIv3___TS.g16223.t1b,ko05150
Montipora_capitata_HIv3___RNAseq.g31735.t1,ko04210
Montipora_capitata_HIv3___RNAseq.g31733.t1,ko04210
Montipora_capitata_HIv3___RNAseq.g31751.t1,ko00760
Montipora_capitata_HIv3___RNAseq.g31751.t1,ko01100
Montipora_capitata_HIv3___RNAseq.g31765.t1,ko04750
Montipora_capitata_HIv3___RNAseq.g31978.t1,ko03018
Montipora_capitata_HIv3___RNAseq.g32152.t1,ko03008
Montipora_capitata_HIv3___RNAseq.g32174.t1,ko04066
Montipora_capitata_HIv3___RNAseq.g32174.t1,ko04068
Montipora_capitata_HIv3___RNAseq.g32174.t1,ko04152
Montipora_capitata_HIv3___RNAseq.g32174.t1,ko04910
Montipora_capitata_HIv3___RNAseq.g32174.t1,ko04911
Montipora_capitata_HIv3___RNAseq.g32174.t1,ko04917
Montipora_capitata_HIv3___RNAseq.g32174.t1,ko04919
Montipora_capitata_HIv3___RNAseq.g32174.t1,ko04920
Montipora_capitata_HIv3___RNAseq.g32174.t1,ko04922
Montipora_capitata_HIv3___RNAseq.g32174.t1,ko04930
Montipora_capitata_HIv3___RNAseq.g32174.t1,ko04931
Montipora_capitata_HIv3___RNAseq.g32174.t1,ko04950
Montipora_capitata_HIv3___RNAseq.g32174.t1,ko04973
Montipora_capitata_HIv3___RNAseq.g32174.t1,ko04976
Montipora_capitata_HIv3___RNAseq.g32174.t1,ko05166
Montipora_capitata_HIv3___RNAseq.g32174.t1,ko05200
Montipora_capitata_HIv3___RNAseq.g32174.t1,ko05211
Montipora_capitata_HIv3___RNAseq.g32174.t1,ko05230
Montipora_capitata_HIv3___RNAseq.g32154.t1,ko03008
Montipora_capitata_HIv3___RNAseq.g32154.t1,ko03018
Montipora_capitata_HIv3___RNAseq.g32182.t1,ko04120
Montipora_capitata_HIv3___RNAseq.g32182.t1,ko04141
Montipora_capitata_HIv3___TS.g16688.t2,ko03040
Montipora_capitata_HIv3___TS.g16688.t2,ko05168
Montipora_capitata_HIv3___RNAseq.g32217.t1b,ko03010
Montipora_capitata_HIv3___RNAseq.g32214.t1,ko05130
Montipora_capitata_HIv3___RNAseq.g32297.t1,ko04014
Montipora_capitata_HIv3___RNAseq.g32297.t1,ko05166
Montipora_capitata_HIv3___RNAseq.g32392.t1,ko04015
Montipora_capitata_HIv3___RNAseq.g32396.t1,ko05012
Montipora_capitata_HIv3___RNAseq.g32400.t1,ko00010
Montipora_capitata_HIv3___RNAseq.g32400.t1,ko00051
Montipora_capitata_HIv3___RNAseq.g32400.t1,ko00562
Montipora_capitata_HIv3___RNAseq.g32400.t1,ko00710
Montipora_capitata_HIv3___RNAseq.g32400.t1,ko01100
Montipora_capitata_HIv3___RNAseq.g32400.t1,ko01110
Montipora_capitata_HIv3___RNAseq.g32400.t1,ko01120
Montipora_capitata_HIv3___RNAseq.g32400.t1,ko01130
Montipora_capitata_HIv3___RNAseq.g32400.t1,ko01200
Montipora_capitata_HIv3___RNAseq.g32400.t1,ko01230
Montipora_capitata_HIv3___TS.g16914.t1,ko04360
Montipora_capitata_HIv3___TS.g16914.t1,ko05100
Montipora_capitata_HIv3___TS.g17023.t3,ko00970
Montipora_capitata_HIv3___RNAseq.g32523.t1,ko00030
Montipora_capitata_HIv3___RNAseq.g32575.t1,ko03460
Montipora_capitata_HIv3___TS.g17089.t2a,ko04390
Montipora_capitata_HIv3___TS.g17089.t2a,ko04724
Montipora_capitata_HIv3___TS.g17089.t2a,ko05016
Montipora_capitata_HIv3___TS.g17089.t2a,ko05030
Montipora_capitata_HIv3___RNAseq.g32686.t1,ko00531
Montipora_capitata_HIv3___RNAseq.g32686.t1,ko01100
Montipora_capitata_HIv3___RNAseq.g32687.t1,ko00534
Montipora_capitata_HIv3___RNAseq.g32687.t1,ko01100
Montipora_capitata_HIv3___TS.g17195.t1,ko04391
Montipora_capitata_HIv3___RNAseq.g32691.t1,ko03060
Montipora_capitata_HIv3___RNAseq.g32691.t1,ko04141
Montipora_capitata_HIv3___RNAseq.g32704.t1,ko04111
Montipora_capitata_HIv3___RNAseq.g32811.t1,ko04013
Montipora_capitata_HIv3___RNAseq.g32811.t1,ko04014
Montipora_capitata_HIv3___RNAseq.g32811.t1,ko04072
Montipora_capitata_HIv3___RNAseq.g32811.t1,ko04360
Montipora_capitata_HIv3___RNAseq.g32811.t1,ko04630
Montipora_capitata_HIv3___RNAseq.g32811.t1,ko04650
Montipora_capitata_HIv3___RNAseq.g32811.t1,ko04670
Montipora_capitata_HIv3___RNAseq.g32811.t1,ko04722
Montipora_capitata_HIv3___RNAseq.g32811.t1,ko04920
Montipora_capitata_HIv3___RNAseq.g32811.t1,ko04931
Montipora_capitata_HIv3___RNAseq.g32811.t1,ko05120
Montipora_capitata_HIv3___RNAseq.g32811.t1,ko05168
Montipora_capitata_HIv3___RNAseq.g32811.t1,ko05205
Montipora_capitata_HIv3___RNAseq.g32811.t1,ko05211
Montipora_capitata_HIv3___RNAseq.g32811.t1,ko05220
Montipora_capitata_HIv3___TS.g17324.t2,ko00030
Montipora_capitata_HIv3___TS.g17324.t2,ko00480
Montipora_capitata_HIv3___TS.g17324.t2,ko01100
Montipora_capitata_HIv3___TS.g17324.t2,ko01110
Montipora_capitata_HIv3___TS.g17324.t2,ko01120
Montipora_capitata_HIv3___TS.g17324.t2,ko01130
Montipora_capitata_HIv3___TS.g17324.t2,ko01200
Montipora_capitata_HIv3___RNAseq.32244_t,ko03015
Montipora_capitata_HIv3___TS.g17478.t1,ko05165
Montipora_capitata_HIv3___TS.g17478.t1,ko05203
Montipora_capitata_HIv3___RNAseq.g32977.t1,ko04141
Montipora_capitata_HIv3___TS.g17479.t1,ko05165
Montipora_capitata_HIv3___TS.g17479.t1,ko05203
Montipora_capitata_HIv3___TS.g17481.t1,ko03015
Montipora_capitata_HIv3___RNAseq.g32981.t1,ko04391
Montipora_capitata_HIv3___RNAseq.g32981.t1,ko04621
Montipora_capitata_HIv3___TS.g17502.t1,ko04217
Montipora_capitata_HIv3___TS.g17502.t1,ko04621
Montipora_capitata_HIv3___TS.g17502.t1,ko05133
Montipora_capitata_HIv3___TS.g17502.t1,ko05164
Montipora_capitata_HIv3___RNAseq.g32997.t1,ko01100
Montipora_capitata_HIv3___RNAseq.g32997.t1,ko04550
Montipora_capitata_HIv3___RNAseq.g32997.t1,ko05202
Montipora_capitata_HIv3___RNAseq.g32997.t1,ko05206
Montipora_capitata_HIv3___RNAseq.g33000.t1,ko01100
Montipora_capitata_HIv3___RNAseq.g33000.t1,ko04550
Montipora_capitata_HIv3___RNAseq.g33000.t1,ko05202
Montipora_capitata_HIv3___RNAseq.g33000.t1,ko05206
Montipora_capitata_HIv3___RNAseq.g33044.t1,ko00830
Montipora_capitata_HIv3___RNAseq.g33044.t1,ko01100
Montipora_capitata_HIv3___RNAseq.g33053.t1,ko00564
Montipora_capitata_HIv3___RNAseq.g33053.t1,ko04216
Montipora_capitata_HIv3___RNAseq.g33112.t1,ko00604
Montipora_capitata_HIv3___RNAseq.g33112.t1,ko01100
Montipora_capitata_HIv3___RNAseq.g33123.t1,ko00270
Montipora_capitata_HIv3___RNAseq.g33123.t1,ko00330
Montipora_capitata_HIv3___RNAseq.g33123.t1,ko00410
Montipora_capitata_HIv3___RNAseq.g33123.t1,ko00480
Montipora_capitata_HIv3___RNAseq.g33123.t1,ko01100
Montipora_capitata_HIv3___RNAseq.g33124.t1,ko03040
Montipora_capitata_HIv3___RNAseq.g33136.t1,ko03040
Montipora_capitata_HIv3___TS.g17649.t1,ko04115
Montipora_capitata_HIv3___RNAseq.g33152.t1,ko04068
Montipora_capitata_HIv3___RNAseq.g33152.t1,ko04152
Montipora_capitata_HIv3___RNAseq.g33152.t1,ko04211
Montipora_capitata_HIv3___RNAseq.g33152.t1,ko04213
Montipora_capitata_HIv3___RNAseq.g33152.t1,ko04371
Montipora_capitata_HIv3___RNAseq.g33152.t1,ko04530
Montipora_capitata_HIv3___RNAseq.g33152.t1,ko04710
Montipora_capitata_HIv3___RNAseq.g33152.t1,ko04714
Montipora_capitata_HIv3___RNAseq.g33152.t1,ko04910
Montipora_capitata_HIv3___RNAseq.g33152.t1,ko04920
Montipora_capitata_HIv3___RNAseq.g33152.t1,ko04921
Montipora_capitata_HIv3___RNAseq.g33152.t1,ko04922
Montipora_capitata_HIv3___RNAseq.g33152.t1,ko04931
Montipora_capitata_HIv3___RNAseq.g33152.t1,ko04932
Montipora_capitata_HIv3___RNAseq.g33152.t1,ko05410
Montipora_capitata_HIv3___RNAseq.g33151.t1,ko03410
Montipora_capitata_HIv3___RNAseq.g33154.t1,ko03010
Montipora_capitata_HIv3___RNAseq.g33156.t2,ko04064
Montipora_capitata_HIv3___RNAseq.g33156.t2,ko04217
Montipora_capitata_HIv3___RNAseq.g33156.t2,ko04621
Montipora_capitata_HIv3___RNAseq.g33156.t2,ko04657
Montipora_capitata_HIv3___RNAseq.g33156.t2,ko04668
Montipora_capitata_HIv3___RNAseq.g33156.t2,ko05162
Montipora_capitata_HIv3___RNAseq.g33156.t2,ko05169
Montipora_capitata_HIv3___RNAseq.g33157.t1,ko00040
Montipora_capitata_HIv3___RNAseq.g33157.t1,ko01100
Montipora_capitata_HIv3___TS.g17688.t1,ko00520
Montipora_capitata_HIv3___RNAseq.g33185.t1,ko04919
Montipora_capitata_HIv3___RNAseq.g33185.t1,ko04974
Montipora_capitata_HIv3___RNAseq.g33254.t1,ko05034
Montipora_capitata_HIv3___RNAseq.g33254.t1,ko05165
Montipora_capitata_HIv3___RNAseq.g33254.t1,ko05203
Montipora_capitata_HIv3___RNAseq.g33303.t1,ko03010
Montipora_capitata_HIv3___TS.g17814.t1c,ko01120
Montipora_capitata_HIv3___RNAseq.g33349.t1,ko05164
Montipora_capitata_HIv3___RNAseq.g33314.t1,ko00900
Montipora_capitata_HIv3___RNAseq.g33314.t1,ko01110
Montipora_capitata_HIv3___RNAseq.g33358.t1,ko03010
Montipora_capitata_HIv3___RNAseq.g33365.t1,ko04214
Montipora_capitata_HIv3___RNAseq.g33365.t1,ko04390
Montipora_capitata_HIv3___RNAseq.g33365.t1,ko04391
Montipora_capitata_HIv3___RNAseq.g33365.t1,ko04392
Montipora_capitata_HIv3___RNAseq.g33361.t1,ko03013
Montipora_capitata_HIv3___RNAseq.g33371.t1,ko04714
Montipora_capitata_HIv3___RNAseq.g33372.t1,ko00330
Montipora_capitata_HIv3___RNAseq.g33372.t1,ko00410
Montipora_capitata_HIv3___RNAseq.g33372.t1,ko04146
Montipora_capitata_HIv3___TS.g17880.t1,ko04120
Montipora_capitata_HIv3___RNAseq.g33415.t1,ko04144
Montipora_capitata_HIv3___RNAseq.g33415.t1,ko04979
Montipora_capitata_HIv3___RNAseq.g33432.t1,ko00230
Montipora_capitata_HIv3___RNAseq.g33432.t1,ko05032
Montipora_capitata_HIv3___RNAseq.g33449.t1,ko00730
Montipora_capitata_HIv3___RNAseq.g33449.t1,ko00790
Montipora_capitata_HIv3___RNAseq.g33449.t1,ko01100
Montipora_capitata_HIv3___RNAseq.g33449.t1,ko02020
Montipora_capitata_HIv3___RNAseq.g33450.t1,ko00730
Montipora_capitata_HIv3___RNAseq.g33450.t1,ko00790
Montipora_capitata_HIv3___RNAseq.g33450.t1,ko01100
Montipora_capitata_HIv3___RNAseq.g33450.t1,ko02020
Montipora_capitata_HIv3___RNAseq.g33451.t1,ko00730
Montipora_capitata_HIv3___RNAseq.g33451.t1,ko00790
Montipora_capitata_HIv3___RNAseq.g33451.t1,ko01100
Montipora_capitata_HIv3___RNAseq.g33451.t1,ko02020
Montipora_capitata_HIv3___RNAseq.g33477.t1,ko03010
Montipora_capitata_HIv3___RNAseq.g33475.t1,ko03040
Montipora_capitata_HIv3___RNAseq.g33506.t1,ko04144
Montipora_capitata_HIv3___RNAseq.g33506.t1,ko04217
Montipora_capitata_HIv3___TS.g18020.t1,ko05016
Montipora_capitata_HIv3___RNAseq.g33542.t1,ko01524
Montipora_capitata_HIv3___RNAseq.g33542.t1,ko03430
Montipora_capitata_HIv3___RNAseq.g33542.t1,ko05200
Montipora_capitata_HIv3___RNAseq.g33542.t1,ko05210
Montipora_capitata_HIv3___TS.g18055.t1,ko04014
Montipora_capitata_HIv3___TS.g18055.t1,ko04015
Montipora_capitata_HIv3___TS.g18055.t1,ko04024
Montipora_capitata_HIv3___TS.g18055.t1,ko04520
Montipora_capitata_HIv3___TS.g18055.t1,ko04530
Montipora_capitata_HIv3___TS.g18055.t1,ko04670
Montipora_capitata_HIv3___RNAseq.g33556.t1,ko05164
Montipora_capitata_HIv3___RNAseq.g33555.t1,ko05164
Montipora_capitata_HIv3___RNAseq.g33558.t1,ko04013
Montipora_capitata_HIv3___RNAseq.g33558.t1,ko04530
Montipora_capitata_HIv3___RNAseq.g33558.t1,ko04659
Montipora_capitata_HIv3___RNAseq.g33558.t1,ko05200
Montipora_capitata_HIv3___RNAseq.g33558.t1,ko05202
Montipora_capitata_HIv3___RNAseq.g33558.t1,ko05220
Montipora_capitata_HIv3___RNAseq.g33558.t1,ko05221
Montipora_capitata_HIv3___RNAseq.g33552.t1,ko03040
Montipora_capitata_HIv3___RNAseq.g33552.t1,ko05168
Montipora_capitata_HIv3___RNAseq.g33559.t1,ko05202
Montipora_capitata_HIv3___RNAseq.g33561.t1,ko03008
Montipora_capitata_HIv3___RNAseq.g33664.t1,ko00900
Montipora_capitata_HIv3___RNAseq.g33664.t1,ko01130
Montipora_capitata_HIv3___RNAseq.g33667.t1,ko03008
Montipora_capitata_HIv3___RNAseq.g33667.t1,ko03420
Montipora_capitata_HIv3___RNAseq.g33667.t1,ko04120
Montipora_capitata_HIv3___RNAseq.g33668.t1,ko04122
Montipora_capitata_HIv3___RNAseq.g33669.t1,ko04122
Montipora_capitata_HIv3___RNAseq.g33681.t1,ko00750
Montipora_capitata_HIv3___RNAseq.g33681.t1,ko01100
Montipora_capitata_HIv3___RNAseq.g33683.t1,ko04520
Montipora_capitata_HIv3___RNAseq.g33683.t1,ko04666
Montipora_capitata_HIv3___RNAseq.g33683.t1,ko04810
Montipora_capitata_HIv3___RNAseq.g33683.t1,ko05100
Montipora_capitata_HIv3___RNAseq.g33683.t1,ko05131
Montipora_capitata_HIv3___RNAseq.g33683.t1,ko05132
Montipora_capitata_HIv3___RNAseq.g33683.t1,ko05231
Montipora_capitata_HIv3___RNAseq.33169_t,ko00620
Montipora_capitata_HIv3___RNAseq.33169_t,ko00710
Montipora_capitata_HIv3___RNAseq.33169_t,ko01100
Montipora_capitata_HIv3___RNAseq.33169_t,ko01120
Montipora_capitata_HIv3___RNAseq.33169_t,ko01200
Montipora_capitata_HIv3___RNAseq.33169_t,ko02020
Montipora_capitata_HIv3___RNAseq.g33686.t1,ko00071
Montipora_capitata_HIv3___RNAseq.g33686.t1,ko00072
Montipora_capitata_HIv3___RNAseq.g33686.t1,ko00280
Montipora_capitata_HIv3___RNAseq.g33686.t1,ko00310
Montipora_capitata_HIv3___RNAseq.g33686.t1,ko00362
Montipora_capitata_HIv3___RNAseq.g33686.t1,ko00380
Montipora_capitata_HIv3___RNAseq.g33686.t1,ko00620
Montipora_capitata_HIv3___RNAseq.g33686.t1,ko00630
Montipora_capitata_HIv3___RNAseq.g33686.t1,ko00640
Montipora_capitata_HIv3___RNAseq.g33686.t1,ko00650
Montipora_capitata_HIv3___RNAseq.g33686.t1,ko00720
Montipora_capitata_HIv3___RNAseq.g33686.t1,ko00900
Montipora_capitata_HIv3___RNAseq.g33686.t1,ko01100
Montipora_capitata_HIv3___RNAseq.g33686.t1,ko01110
Montipora_capitata_HIv3___RNAseq.g33686.t1,ko01120
Montipora_capitata_HIv3___RNAseq.g33686.t1,ko01130
Montipora_capitata_HIv3___RNAseq.g33686.t1,ko01200
Montipora_capitata_HIv3___RNAseq.g33686.t1,ko01212
Montipora_capitata_HIv3___RNAseq.g33686.t1,ko02020
Montipora_capitata_HIv3___RNAseq.g33689.t1,ko04150
Montipora_capitata_HIv3___RNAseq.g33689.t1,ko04310
Montipora_capitata_HIv3___RNAseq.g33689.t1,ko04390
Montipora_capitata_HIv3___RNAseq.g33689.t1,ko04550
Montipora_capitata_HIv3___RNAseq.g33689.t1,ko04916
Montipora_capitata_HIv3___RNAseq.g33689.t1,ko04934
Montipora_capitata_HIv3___RNAseq.g33689.t1,ko05165
Montipora_capitata_HIv3___RNAseq.g33689.t1,ko05166
Montipora_capitata_HIv3___RNAseq.g33689.t1,ko05200
Montipora_capitata_HIv3___RNAseq.g33689.t1,ko05205
Montipora_capitata_HIv3___RNAseq.g33689.t1,ko05217
Montipora_capitata_HIv3___RNAseq.g33689.t1,ko05224
Montipora_capitata_HIv3___RNAseq.g33689.t1,ko05225
Montipora_capitata_HIv3___RNAseq.g33689.t1,ko05226
Montipora_capitata_HIv3___RNAseq.g33691.t1,ko04150
Montipora_capitata_HIv3___RNAseq.g33691.t1,ko04310
Montipora_capitata_HIv3___RNAseq.g33691.t1,ko04390
Montipora_capitata_HIv3___RNAseq.g33691.t1,ko04550
Montipora_capitata_HIv3___RNAseq.g33691.t1,ko04916
Montipora_capitata_HIv3___RNAseq.g33691.t1,ko04934
Montipora_capitata_HIv3___RNAseq.g33691.t1,ko05165
Montipora_capitata_HIv3___RNAseq.g33691.t1,ko05166
Montipora_capitata_HIv3___RNAseq.g33691.t1,ko05200
Montipora_capitata_HIv3___RNAseq.g33691.t1,ko05205
Montipora_capitata_HIv3___RNAseq.g33691.t1,ko05217
Montipora_capitata_HIv3___RNAseq.g33691.t1,ko05224
Montipora_capitata_HIv3___RNAseq.g33691.t1,ko05225
Montipora_capitata_HIv3___RNAseq.g33691.t1,ko05226
Montipora_capitata_HIv3___RNAseq.g33717.t1,ko00190
Montipora_capitata_HIv3___RNAseq.g33717.t1,ko01100
Montipora_capitata_HIv3___RNAseq.g33717.t1,ko04714
Montipora_capitata_HIv3___RNAseq.g33717.t1,ko05010
Montipora_capitata_HIv3___RNAseq.g33717.t1,ko05012
Montipora_capitata_HIv3___RNAseq.g33717.t1,ko05016
Montipora_capitata_HIv3___RNAseq.g33719.t1,ko00190
Montipora_capitata_HIv3___RNAseq.g33719.t1,ko01100
Montipora_capitata_HIv3___RNAseq.g33719.t1,ko04714
Montipora_capitata_HIv3___RNAseq.g33719.t1,ko05010
Montipora_capitata_HIv3___RNAseq.g33719.t1,ko05012
Montipora_capitata_HIv3___RNAseq.g33719.t1,ko05016
Montipora_capitata_HIv3___RNAseq.g33724.t1,ko03410
Montipora_capitata_HIv3___RNAseq.g33724.t1,ko03450
Montipora_capitata_HIv3___RNAseq.g33729.t1,ko03410
Montipora_capitata_HIv3___RNAseq.g33729.t1,ko03450
Montipora_capitata_HIv3___RNAseq.g33731.t1,ko03410
Montipora_capitata_HIv3___RNAseq.g33731.t1,ko03450
Montipora_capitata_HIv3___RNAseq.g33734.t1,ko03410
Montipora_capitata_HIv3___RNAseq.g33734.t1,ko03450
Montipora_capitata_HIv3___RNAseq.g33743.t1,ko03013
Montipora_capitata_HIv3___RNAseq.g33779.t1,ko03460
Montipora_capitata_HIv3___RNAseq.g33790.t1,ko00250
Montipora_capitata_HIv3___RNAseq.g33790.t1,ko00910
Montipora_capitata_HIv3___RNAseq.g33790.t1,ko01100
Montipora_capitata_HIv3___RNAseq.g33790.t1,ko01110
Montipora_capitata_HIv3___RNAseq.g33790.t1,ko01120
Montipora_capitata_HIv3___RNAseq.g33790.t1,ko01130
Montipora_capitata_HIv3___RNAseq.g33790.t1,ko01230
Montipora_capitata_HIv3___RNAseq.33304_t,ko00510
Montipora_capitata_HIv3___RNAseq.33304_t,ko00513
Montipora_capitata_HIv3___RNAseq.33304_t,ko01100
Montipora_capitata_HIv3___RNAseq.33304_t,ko04141
Montipora_capitata_HIv3___TS.g18329.t1,ko00510
Montipora_capitata_HIv3___TS.g18329.t1,ko00513
Montipora_capitata_HIv3___TS.g18329.t1,ko01100
Montipora_capitata_HIv3___TS.g18329.t1,ko04141
Montipora_capitata_HIv3___RNAseq.g33828.t1,ko00510
Montipora_capitata_HIv3___RNAseq.g33828.t1,ko00513
Montipora_capitata_HIv3___RNAseq.g33828.t1,ko01100
Montipora_capitata_HIv3___RNAseq.g33828.t1,ko04141
Montipora_capitata_HIv3___RNAseq.g33834.t1,ko00071
Montipora_capitata_HIv3___RNAseq.g33834.t1,ko00072
Montipora_capitata_HIv3___RNAseq.g33834.t1,ko00280
Montipora_capitata_HIv3___RNAseq.g33834.t1,ko00310
Montipora_capitata_HIv3___RNAseq.g33834.t1,ko00362
Montipora_capitata_HIv3___RNAseq.g33834.t1,ko00380
Montipora_capitata_HIv3___RNAseq.g33834.t1,ko00620
Montipora_capitata_HIv3___RNAseq.g33834.t1,ko00630
Montipora_capitata_HIv3___RNAseq.g33834.t1,ko00640
Montipora_capitata_HIv3___RNAseq.g33834.t1,ko00650
Montipora_capitata_HIv3___RNAseq.g33834.t1,ko00720
Montipora_capitata_HIv3___RNAseq.g33834.t1,ko00900
Montipora_capitata_HIv3___RNAseq.g33834.t1,ko01100
Montipora_capitata_HIv3___RNAseq.g33834.t1,ko01110
Montipora_capitata_HIv3___RNAseq.g33834.t1,ko01120
Montipora_capitata_HIv3___RNAseq.g33834.t1,ko01130
Montipora_capitata_HIv3___RNAseq.g33834.t1,ko01200
Montipora_capitata_HIv3___RNAseq.g33834.t1,ko01212
Montipora_capitata_HIv3___RNAseq.g33834.t1,ko02020
Montipora_capitata_HIv3___RNAseq.g33835.t1,ko03040
Montipora_capitata_HIv3___RNAseq.g33837.t1,ko03013
Montipora_capitata_HIv3___RNAseq.g33838.t1,ko00480
Montipora_capitata_HIv3___RNAseq.g33838.t1,ko00980
Montipora_capitata_HIv3___RNAseq.g33838.t1,ko00982
Montipora_capitata_HIv3___RNAseq.g33838.t1,ko00983
Montipora_capitata_HIv3___RNAseq.g33838.t1,ko01524
Montipora_capitata_HIv3___RNAseq.g33838.t1,ko05200
Montipora_capitata_HIv3___RNAseq.g33838.t1,ko05204
Montipora_capitata_HIv3___RNAseq.g33838.t1,ko05225
Montipora_capitata_HIv3___RNAseq.g33838.t1,ko05418
Montipora_capitata_HIv3___RNAseq.g33856.t1,ko00280
Montipora_capitata_HIv3___RNAseq.g33856.t1,ko00640
Montipora_capitata_HIv3___RNAseq.g33856.t1,ko01100
Montipora_capitata_HIv3___RNAseq.g33856.t1,ko01110
Montipora_capitata_HIv3___RNAseq.g33856.t1,ko01130
Montipora_capitata_HIv3___RNAseq.g33872.t1,ko05200
Montipora_capitata_HIv3___RNAseq.g33872.t1,ko05216
Montipora_capitata_HIv3___RNAseq.g33876.t1,ko00970
Montipora_capitata_HIv3___RNAseq.g33860.t1,ko00350
Montipora_capitata_HIv3___RNAseq.g33860.t1,ko00360
Montipora_capitata_HIv3___RNAseq.g33860.t1,ko00380
Montipora_capitata_HIv3___RNAseq.g33860.t1,ko00901
Montipora_capitata_HIv3___RNAseq.g33860.t1,ko00950
Montipora_capitata_HIv3___RNAseq.g33860.t1,ko00965
Montipora_capitata_HIv3___RNAseq.g33860.t1,ko01100
Montipora_capitata_HIv3___RNAseq.g33860.t1,ko01110
Montipora_capitata_HIv3___RNAseq.g33860.t1,ko04726
Montipora_capitata_HIv3___RNAseq.g33860.t1,ko04728
Montipora_capitata_HIv3___RNAseq.g33860.t1,ko05030
Montipora_capitata_HIv3___RNAseq.g33860.t1,ko05031
Montipora_capitata_HIv3___RNAseq.g33860.t1,ko05034
Montipora_capitata_HIv3___RNAseq.g33867.t1,ko00350
Montipora_capitata_HIv3___RNAseq.g33867.t1,ko00360
Montipora_capitata_HIv3___RNAseq.g33867.t1,ko00380
Montipora_capitata_HIv3___RNAseq.g33867.t1,ko00901
Montipora_capitata_HIv3___RNAseq.g33867.t1,ko00950
Montipora_capitata_HIv3___RNAseq.g33867.t1,ko00965
Montipora_capitata_HIv3___RNAseq.g33867.t1,ko01100
Montipora_capitata_HIv3___RNAseq.g33867.t1,ko01110
Montipora_capitata_HIv3___RNAseq.g33867.t1,ko04726
Montipora_capitata_HIv3___RNAseq.g33867.t1,ko04728
Montipora_capitata_HIv3___RNAseq.g33867.t1,ko05030
Montipora_capitata_HIv3___RNAseq.g33867.t1,ko05031
Montipora_capitata_HIv3___RNAseq.g33867.t1,ko05034
Montipora_capitata_HIv3___RNAseq.g33958.t1,ko04144
Montipora_capitata_HIv3___RNAseq.g33908.t1,ko00230
Montipora_capitata_HIv3___RNAseq.g33908.t1,ko00670
Montipora_capitata_HIv3___RNAseq.g33908.t1,ko01100
Montipora_capitata_HIv3___RNAseq.g33908.t1,ko01110
Montipora_capitata_HIv3___RNAseq.g33908.t1,ko01130
Montipora_capitata_HIv3___RNAseq.g33908.t1,ko01523
Montipora_capitata_HIv3___RNAseq.g33912.t1,ko00230
Montipora_capitata_HIv3___RNAseq.g33912.t1,ko00670
Montipora_capitata_HIv3___RNAseq.g33912.t1,ko01100
Montipora_capitata_HIv3___RNAseq.g33912.t1,ko01110
Montipora_capitata_HIv3___RNAseq.g33912.t1,ko01130
Montipora_capitata_HIv3___RNAseq.g33912.t1,ko01523
Montipora_capitata_HIv3___RNAseq.g33919.t1,ko05134
Montipora_capitata_HIv3___TS.g18434.t1,ko00270
Montipora_capitata_HIv3___TS.g18434.t1,ko00330
Montipora_capitata_HIv3___TS.g18434.t1,ko01100
Montipora_capitata_HIv3___RNAseq.g33924.t1,ko00270
Montipora_capitata_HIv3___RNAseq.g33924.t1,ko00330
Montipora_capitata_HIv3___RNAseq.g33924.t1,ko01100
Montipora_capitata_HIv3___RNAseq.g33935.t1,ko00270
Montipora_capitata_HIv3___RNAseq.g33935.t1,ko00330
Montipora_capitata_HIv3___RNAseq.g33935.t1,ko01100
Montipora_capitata_HIv3___RNAseq.g33942.t1,ko04146
Montipora_capitata_HIv3___RNAseq.g33951.t1,ko00230
Montipora_capitata_HIv3___RNAseq.g33951.t1,ko00670
Montipora_capitata_HIv3___RNAseq.g33951.t1,ko01100
Montipora_capitata_HIv3___RNAseq.g33951.t1,ko01110
Montipora_capitata_HIv3___RNAseq.g33951.t1,ko01130
Montipora_capitata_HIv3___RNAseq.g33951.t1,ko01523
Montipora_capitata_HIv3___RNAseq.g33991.t1,ko04972
Montipora_capitata_HIv3___RNAseq.g33991.t1,ko04974
Montipora_capitata_HIv3___RNAseq.g33992.t1,ko04972
Montipora_capitata_HIv3___RNAseq.g33992.t1,ko04974
Montipora_capitata_HIv3___TS.g18509.t1,ko04391
Montipora_capitata_HIv3___TS.g18509.t1,ko04392
Montipora_capitata_HIv3___RNAseq.g34011.t2,ko04380
Montipora_capitata_HIv3___RNAseq.g34010.t1,ko04918
Montipora_capitata_HIv3___TS.g18522.t1,ko05410
Montipora_capitata_HIv3___TS.g18522.t1,ko05412
Montipora_capitata_HIv3___TS.g18522.t1,ko05414
Montipora_capitata_HIv3___TS.g18522.t1,ko05416
Montipora_capitata_HIv3___RNAseq.g34042.t1,ko00230
Montipora_capitata_HIv3___RNAseq.g34042.t1,ko00240
Montipora_capitata_HIv3___RNAseq.g34042.t1,ko01100
Montipora_capitata_HIv3___RNAseq.g34042.t1,ko01110
Montipora_capitata_HIv3___RNAseq.g34042.t1,ko01130
Montipora_capitata_HIv3___RNAseq.g34043.t1,ko03013
Montipora_capitata_HIv3___RNAseq.g34043.t1,ko03015
Montipora_capitata_HIv3___RNAseq.g34049.t1,ko04550
Montipora_capitata_HIv3___RNAseq.g34054.t1,ko04750
Montipora_capitata_HIv3___TS.g18571.t2,ko04750
Montipora_capitata_HIv3___RNAseq.33576_t,ko00250
Montipora_capitata_HIv3___RNAseq.33576_t,ko00260
Montipora_capitata_HIv3___RNAseq.33576_t,ko00630
Montipora_capitata_HIv3___RNAseq.33576_t,ko00680
Montipora_capitata_HIv3___RNAseq.33576_t,ko01100
Montipora_capitata_HIv3___RNAseq.33576_t,ko01110
Montipora_capitata_HIv3___RNAseq.33576_t,ko01120
Montipora_capitata_HIv3___RNAseq.33576_t,ko01130
Montipora_capitata_HIv3___RNAseq.33576_t,ko01200
Montipora_capitata_HIv3___RNAseq.33576_t,ko04146
Montipora_capitata_HIv3___RNAseq.g34074.t1,ko04138
Montipora_capitata_HIv3___RNAseq.g34091.t1,ko00480
Montipora_capitata_HIv3___RNAseq.g34091.t1,ko00790
Montipora_capitata_HIv3___RNAseq.g34091.t1,ko00980
Montipora_capitata_HIv3___RNAseq.g34091.t1,ko00982
Montipora_capitata_HIv3___RNAseq.g34091.t1,ko00983
Montipora_capitata_HIv3___RNAseq.g34091.t1,ko01524
Montipora_capitata_HIv3___RNAseq.g34091.t1,ko05200
Montipora_capitata_HIv3___RNAseq.g34091.t1,ko05204
Montipora_capitata_HIv3___RNAseq.g34091.t1,ko05225
Montipora_capitata_HIv3___RNAseq.g34091.t1,ko05418
Montipora_capitata_HIv3___RNAseq.g34119.t1,ko03013
Montipora_capitata_HIv3___RNAseq.g34119.t1,ko03015
Montipora_capitata_HIv3___RNAseq.g34119.t1,ko03018
Montipora_capitata_HIv3___TS.g18644.t1,ko03013
Montipora_capitata_HIv3___TS.g18644.t1,ko03015
Montipora_capitata_HIv3___TS.g18644.t1,ko03018
Montipora_capitata_HIv3___RNAseq.g34171.t1,ko04360
Montipora_capitata_HIv3___RNAseq.g34177.t1,ko04142
Montipora_capitata_HIv3___RNAseq.g34177.t1,ko04144
Montipora_capitata_HIv3___RNAseq.g34195.t1,ko04114
Montipora_capitata_HIv3___RNAseq.g34195.t1,ko04810
Montipora_capitata_HIv3___RNAseq.g34195.t1,ko04914
Montipora_capitata_HIv3___RNAseq.g34196.t1,ko04010
Montipora_capitata_HIv3___RNAseq.g34196.t1,ko04013
Montipora_capitata_HIv3___RNAseq.g34196.t1,ko04624
Montipora_capitata_HIv3___RNAseq.g34196.t1,ko04912
Montipora_capitata_HIv3___RNAseq.g34203.t1,ko00040
Montipora_capitata_HIv3___RNAseq.g34203.t1,ko00051
Montipora_capitata_HIv3___RNAseq.g34203.t1,ko01100
Montipora_capitata_HIv3___RNAseq.g34204.t1,ko04110
Montipora_capitata_HIv3___RNAseq.g34204.t1,ko04111
Montipora_capitata_HIv3___RNAseq.g34204.t1,ko04113
Montipora_capitata_HIv3___RNAseq.g34204.t1,ko04114
Montipora_capitata_HIv3___RNAseq.g34204.t1,ko04120
Montipora_capitata_HIv3___RNAseq.g34204.t1,ko04914
Montipora_capitata_HIv3___RNAseq.g34204.t1,ko05166
Montipora_capitata_HIv3___RNAseq.g34206.t1,ko04110
Montipora_capitata_HIv3___RNAseq.g34206.t1,ko04111
Montipora_capitata_HIv3___RNAseq.g34206.t1,ko04113
Montipora_capitata_HIv3___RNAseq.g34206.t1,ko04114
Montipora_capitata_HIv3___RNAseq.g34206.t1,ko04120
Montipora_capitata_HIv3___RNAseq.g34206.t1,ko04914
Montipora_capitata_HIv3___RNAseq.g34206.t1,ko05166
Montipora_capitata_HIv3___RNAseq.g34209.t1,ko04115
Montipora_capitata_HIv3___RNAseq.g34209.t1,ko04150
Montipora_capitata_HIv3___RNAseq.g34209.t1,ko04211
Montipora_capitata_HIv3___RNAseq.g34223.t1,ko00010
Montipora_capitata_HIv3___RNAseq.g34223.t1,ko00020
Montipora_capitata_HIv3___RNAseq.g34223.t1,ko00620
Montipora_capitata_HIv3___RNAseq.g34223.t1,ko01100
Montipora_capitata_HIv3___RNAseq.g34223.t1,ko01110
Montipora_capitata_HIv3___RNAseq.g34223.t1,ko01120
Montipora_capitata_HIv3___RNAseq.g34223.t1,ko01130
Montipora_capitata_HIv3___RNAseq.g34223.t1,ko01200
Montipora_capitata_HIv3___RNAseq.g34223.t1,ko04066
Montipora_capitata_HIv3___RNAseq.g34223.t1,ko04922
Montipora_capitata_HIv3___RNAseq.g34223.t1,ko05230
Montipora_capitata_HIv3___RNAseq.g34232.t1,ko04010
Montipora_capitata_HIv3___RNAseq.g34232.t1,ko04114
Montipora_capitata_HIv3___RNAseq.g34232.t1,ko04150
Montipora_capitata_HIv3___RNAseq.g34232.t1,ko04714
Montipora_capitata_HIv3___RNAseq.g34232.t1,ko04720
Montipora_capitata_HIv3___RNAseq.g34232.t1,ko04722
Montipora_capitata_HIv3___RNAseq.g34232.t1,ko04914
Montipora_capitata_HIv3___RNAseq.g34232.t1,ko04931
Montipora_capitata_HIv3___TS.g18758.t2b,ko01524
Montipora_capitata_HIv3___TS.g18758.t2b,ko03440
Montipora_capitata_HIv3___TS.g18758.t2b,ko04064
Montipora_capitata_HIv3___TS.g18758.t2b,ko04068
Montipora_capitata_HIv3___TS.g18758.t2b,ko04110
Montipora_capitata_HIv3___TS.g18758.t2b,ko04115
Montipora_capitata_HIv3___TS.g18758.t2b,ko04210
Montipora_capitata_HIv3___TS.g18758.t2b,ko04214
Montipora_capitata_HIv3___TS.g18758.t2b,ko04218
Montipora_capitata_HIv3___TS.g18758.t2b,ko05165
Montipora_capitata_HIv3___TS.g18758.t2b,ko05166
Montipora_capitata_HIv3___TS.g18758.t2b,ko05202
Montipora_capitata_HIv3___TS.g18758.t2b,ko05206
Montipora_capitata_HIv3___RNAseq.g34251.t1,ko04214
Montipora_capitata_HIv3___RNAseq.g34245.t1,ko00040
Montipora_capitata_HIv3___RNAseq.g34245.t1,ko00051
Montipora_capitata_HIv3___RNAseq.g34245.t1,ko00052
Montipora_capitata_HIv3___RNAseq.g34245.t1,ko00561
Montipora_capitata_HIv3___RNAseq.g34245.t1,ko00790
Montipora_capitata_HIv3___RNAseq.g34245.t1,ko01100
Montipora_capitata_HIv3___TS.g18763.t1,ko00040
Montipora_capitata_HIv3___TS.g18763.t1,ko00051
Montipora_capitata_HIv3___TS.g18763.t1,ko00052
Montipora_capitata_HIv3___TS.g18763.t1,ko00561
Montipora_capitata_HIv3___TS.g18763.t1,ko00790
Montipora_capitata_HIv3___TS.g18763.t1,ko01100
Montipora_capitata_HIv3___RNAseq.g34249.t1,ko00040
Montipora_capitata_HIv3___RNAseq.g34249.t1,ko00051
Montipora_capitata_HIv3___RNAseq.g34249.t1,ko00052
Montipora_capitata_HIv3___RNAseq.g34249.t1,ko00561
Montipora_capitata_HIv3___RNAseq.g34249.t1,ko00790
Montipora_capitata_HIv3___RNAseq.g34249.t1,ko01100
Montipora_capitata_HIv3___TS.g18807.t2,ko00240
Montipora_capitata_HIv3___TS.g18807.t2,ko01100
Montipora_capitata_HIv3___TS.g18807.t2,ko03010
Montipora_capitata_HIv3___RNAseq.g34301.t1,ko00270
Montipora_capitata_HIv3___RNAseq.g34301.t1,ko00330
Montipora_capitata_HIv3___RNAseq.g34301.t1,ko00410
Montipora_capitata_HIv3___RNAseq.g34301.t1,ko00480
Montipora_capitata_HIv3___RNAseq.g34301.t1,ko01100
Montipora_capitata_HIv3___RNAseq.g34310.t1,ko04144
Montipora_capitata_HIv3___RNAseq.g34317.t1,ko00730
Montipora_capitata_HIv3___RNAseq.g34317.t1,ko00790
Montipora_capitata_HIv3___RNAseq.g34317.t1,ko01100
Montipora_capitata_HIv3___RNAseq.g34317.t1,ko02020
Montipora_capitata_HIv3___TS.g18855.t2,ko04066
Montipora_capitata_HIv3___TS.g18855.t2,ko04145
Montipora_capitata_HIv3___TS.g18855.t2,ko04216
Montipora_capitata_HIv3___TS.g18855.t2,ko04217
Montipora_capitata_HIv3___TS.g18855.t2,ko04621
Montipora_capitata_HIv3___TS.g18855.t2,ko04670
Montipora_capitata_HIv3___TS.g18855.t2,ko04933
Montipora_capitata_HIv3___TS.g18855.t2,ko05140
Montipora_capitata_HIv3___RNAseq.g34332.t1,ko04144
Montipora_capitata_HIv3___TS.g18863.t2,ko00010
Montipora_capitata_HIv3___TS.g18863.t2,ko00680
Montipora_capitata_HIv3___TS.g18863.t2,ko01100
Montipora_capitata_HIv3___TS.g18863.t2,ko01110
Montipora_capitata_HIv3___TS.g18863.t2,ko01120
Montipora_capitata_HIv3___TS.g18863.t2,ko01130
Montipora_capitata_HIv3___TS.g18863.t2,ko01200
Montipora_capitata_HIv3___TS.g18863.t2,ko01230
Montipora_capitata_HIv3___TS.g18863.t2,ko03018
Montipora_capitata_HIv3___TS.g18863.t2,ko04066
Montipora_capitata_HIv3___TS.g18877.t1,ko04714
Montipora_capitata_HIv3___TS.g18877.t1,ko05225
Montipora_capitata_HIv3___RNAseq.g34342.t1,ko04714
Montipora_capitata_HIv3___RNAseq.g34342.t1,ko05225
Montipora_capitata_HIv3___RNAseq.g34375.t1,ko00410
Montipora_capitata_HIv3___RNAseq.g34375.t1,ko00640
Montipora_capitata_HIv3___RNAseq.g34375.t1,ko01100
Montipora_capitata_HIv3___RNAseq.g34375.t1,ko04146
Montipora_capitata_HIv3___RNAseq.g34375.t1,ko04152
Montipora_capitata_HIv3___RNAseq.g34335.t1,ko03320
Montipora_capitata_HIv3___RNAseq.g34335.t1,ko04137
Montipora_capitata_HIv3___RNAseq.g34335.t1,ko04144
Montipora_capitata_HIv3___RNAseq.g34335.t1,ko05012
Montipora_capitata_HIv3___RNAseq.g34335.t1,ko05167
Montipora_capitata_HIv3___RNAseq.g34336.t1,ko03015
Montipora_capitata_HIv3___RNAseq.g34381.t1,ko03040
Montipora_capitata_HIv3___TS.g18942.t1,ko00900
Montipora_capitata_HIv3___TS.g18942.t1,ko01110
Montipora_capitata_HIv3___RNAseq.g34431.t1,ko04141
Montipora_capitata_HIv3___RNAseq.g34446.t1,ko03008
Montipora_capitata_HIv3___RNAseq.g34451.t1,ko00330
Montipora_capitata_HIv3___RNAseq.g34451.t1,ko01100
Montipora_capitata_HIv3___RNAseq.g34451.t1,ko01110
Montipora_capitata_HIv3___RNAseq.g34451.t1,ko01130
Montipora_capitata_HIv3___RNAseq.g34451.t1,ko01230
Montipora_capitata_HIv3___RNAseq.g34453.t1,ko03060
Montipora_capitata_HIv3___RNAseq.g34453.t1,ko04141
Montipora_capitata_HIv3___RNAseq.g34465.t2,ko05016
Montipora_capitata_HIv3___TS.g18992.t3,ko00562
Montipora_capitata_HIv3___TS.g18992.t3,ko01100
Montipora_capitata_HIv3___TS.g18992.t3,ko04070
Montipora_capitata_HIv3___RNAseq.g34502.t1,ko00130
Montipora_capitata_HIv3___RNAseq.g34502.t1,ko01100
Montipora_capitata_HIv3___RNAseq.g34502.t1,ko01110
Montipora_capitata_HIv3___RNAseq.g34503.t1,ko00900
Montipora_capitata_HIv3___RNAseq.g34503.t1,ko01110
Montipora_capitata_HIv3___TS.g19001.t2,ko03008
Montipora_capitata_HIv3___RNAseq.g34478.t1,ko00561
Montipora_capitata_HIv3___RNAseq.g34478.t1,ko00564
Montipora_capitata_HIv3___RNAseq.g34478.t1,ko01100
Montipora_capitata_HIv3___RNAseq.g34478.t1,ko01110
Montipora_capitata_HIv3___RNAseq.g34478.t1,ko04072
Montipora_capitata_HIv3___RNAseq.g34504.t1a,ko02010
Montipora_capitata_HIv3___TS.g19054.t4b,ko04115
Montipora_capitata_HIv3___TS.g19054.t4b,ko04150
Montipora_capitata_HIv3___TS.g19054.t4b,ko04211
Montipora_capitata_HIv3___RNAseq.g34531.t1,ko01521
Montipora_capitata_HIv3___RNAseq.g34531.t1,ko04062
Montipora_capitata_HIv3___RNAseq.g34531.t1,ko04068
Montipora_capitata_HIv3___RNAseq.g34531.t1,ko04137
Montipora_capitata_HIv3___RNAseq.g34531.t1,ko04151
Montipora_capitata_HIv3___RNAseq.g34531.t1,ko04152
Montipora_capitata_HIv3___RNAseq.g34531.t1,ko04211
Montipora_capitata_HIv3___RNAseq.g34531.t1,ko04212
Montipora_capitata_HIv3___RNAseq.g34531.t1,ko04213
Montipora_capitata_HIv3___RNAseq.g34531.t1,ko04218
Montipora_capitata_HIv3___RNAseq.g34531.t1,ko04722
Montipora_capitata_HIv3___RNAseq.g34531.t1,ko04910
Montipora_capitata_HIv3___RNAseq.g34531.t1,ko04917
Montipora_capitata_HIv3___RNAseq.g34531.t1,ko04919
Montipora_capitata_HIv3___RNAseq.g34531.t1,ko04922
Montipora_capitata_HIv3___RNAseq.g34531.t1,ko04931
Montipora_capitata_HIv3___RNAseq.g34531.t1,ko04933
Montipora_capitata_HIv3___RNAseq.g34531.t1,ko05165
Montipora_capitata_HIv3___RNAseq.g34531.t1,ko05200
Montipora_capitata_HIv3___RNAseq.g34531.t1,ko05202
Montipora_capitata_HIv3___RNAseq.g34531.t1,ko05213
Montipora_capitata_HIv3___RNAseq.g34531.t1,ko05215
Montipora_capitata_HIv3___RNAseq.g34531.t1,ko05223
Montipora_capitata_HIv3___RNAseq.g34532.t1,ko01100
Montipora_capitata_HIv3___RNAseq.g34532.t1,ko01524
Montipora_capitata_HIv3___RNAseq.g34532.t1,ko03460
Montipora_capitata_HIv3___TS.g19062.t1,ko03022
Montipora_capitata_HIv3___RNAseq.g34546.t1,ko03022
Montipora_capitata_HIv3___RNAseq.g34554.t1,ko00240
Montipora_capitata_HIv3___RNAseq.g34554.t1,ko01100
Montipora_capitata_HIv3___RNAseq.g34580.t1,ko03410
Montipora_capitata_HIv3___RNAseq.g34580.t1,ko04210
Montipora_capitata_HIv3___RNAseq.g34580.t1,ko04212
Montipora_capitata_HIv3___RNAseq.g34580.t1,ko04214
Montipora_capitata_HIv3___RNAseq.g34580.t1,ko04217
Montipora_capitata_HIv3___RNAseq.g34557.t1,ko04144
Montipora_capitata_HIv3___RNAseq.g34557.t1,ko04217
Montipora_capitata_HIv3___TS.g19085.t2,ko00970
Montipora_capitata_HIv3___TS.g19086.t1,ko00970
Montipora_capitata_HIv3___TS.g19086.t1,ko03010
Montipora_capitata_HIv3___RNAseq.g34559.t1,ko04010
Montipora_capitata_HIv3___RNAseq.g34559.t1,ko04013
Montipora_capitata_HIv3___RNAseq.g34559.t1,ko04064
Montipora_capitata_HIv3___RNAseq.g34559.t1,ko04140
Montipora_capitata_HIv3___RNAseq.g34559.t1,ko04152
Montipora_capitata_HIv3___RNAseq.g34559.t1,ko04214
Montipora_capitata_HIv3___RNAseq.g34559.t1,ko04310
Montipora_capitata_HIv3___RNAseq.g34559.t1,ko04380
Montipora_capitata_HIv3___RNAseq.g34559.t1,ko04520
Montipora_capitata_HIv3___RNAseq.g34559.t1,ko04620
Montipora_capitata_HIv3___RNAseq.g34559.t1,ko04621
Montipora_capitata_HIv3___RNAseq.g34559.t1,ko04622
Montipora_capitata_HIv3___RNAseq.g34559.t1,ko04624
Montipora_capitata_HIv3___RNAseq.g34559.t1,ko04657
Montipora_capitata_HIv3___RNAseq.g34559.t1,ko04660
Montipora_capitata_HIv3___RNAseq.g34559.t1,ko04668
Montipora_capitata_HIv3___RNAseq.g34559.t1,ko05140
Montipora_capitata_HIv3___RNAseq.g34559.t1,ko05145
Montipora_capitata_HIv3___RNAseq.g34559.t1,ko05162
Montipora_capitata_HIv3___RNAseq.g34559.t1,ko05168
Montipora_capitata_HIv3___RNAseq.g34559.t1,ko05169
Montipora_capitata_HIv3___RNAseq.g34559.t1,ko05418
Montipora_capitata_HIv3___RNAseq.g34566.t1,ko04141
Montipora_capitata_HIv3___RNAseq.g34566.t1,ko05164
Montipora_capitata_HIv3___RNAseq.34111_t,ko04714
Montipora_capitata_HIv3___RNAseq.g34571.t1,ko04141
Montipora_capitata_HIv3___RNAseq.g34571.t1,ko05164
Montipora_capitata_HIv3___RNAseq.g34572.t1,ko04141
Montipora_capitata_HIv3___RNAseq.g34572.t1,ko05164
Montipora_capitata_HIv3___RNAseq.g34606.t1,ko04919
Montipora_capitata_HIv3___RNAseq.g34606.t1,ko04921
Montipora_capitata_HIv3___RNAseq.g34606.t1,ko05167
Montipora_capitata_HIv3___RNAseq.g34607.t1,ko04014
Montipora_capitata_HIv3___RNAseq.g34607.t1,ko04015
Montipora_capitata_HIv3___RNAseq.g34607.t1,ko04024
Montipora_capitata_HIv3___RNAseq.g34607.t1,ko04062
Montipora_capitata_HIv3___RNAseq.g34607.t1,ko04530
Montipora_capitata_HIv3___RNAseq.g34607.t1,ko04810
Montipora_capitata_HIv3___RNAseq.g34607.t1,ko05205
Montipora_capitata_HIv3___TS.g19151.t1,ko04974
Montipora_capitata_HIv3___TS.g19160.t1,ko05202
Montipora_capitata_HIv3___RNAseq.g34638.t1,ko04146
Montipora_capitata_HIv3___RNAseq.g34638.t1,ko04213
Montipora_capitata_HIv3___RNAseq.g34638.t1,ko05014
Montipora_capitata_HIv3___RNAseq.g34638.t1,ko05016
Montipora_capitata_HIv3___RNAseq.g34638.t1,ko05020
Montipora_capitata_HIv3___RNAseq.g34639.t1,ko04146
Montipora_capitata_HIv3___RNAseq.g34639.t1,ko04213
Montipora_capitata_HIv3___RNAseq.g34639.t1,ko05014
Montipora_capitata_HIv3___RNAseq.g34639.t1,ko05016
Montipora_capitata_HIv3___RNAseq.g34639.t1,ko05020
Montipora_capitata_HIv3___RNAseq.g34646.t1b,ko00061
Montipora_capitata_HIv3___RNAseq.g34646.t1b,ko01100
Montipora_capitata_HIv3___RNAseq.g34646.t1b,ko01212
Montipora_capitata_HIv3___RNAseq.g34646.t1b,ko04152
Montipora_capitata_HIv3___RNAseq.g34646.t1b,ko04910
Montipora_capitata_HIv3___RNAseq.g34653.t1,ko04974
Montipora_capitata_HIv3___RNAseq.g34662.t1,ko04013
Montipora_capitata_HIv3___RNAseq.g34662.t1,ko04015
Montipora_capitata_HIv3___RNAseq.g34662.t1,ko04810
Montipora_capitata_HIv3___RNAseq.g34662.t1,ko05131
Montipora_capitata_HIv3___RNAseq.g34662.t1,ko05132
Montipora_capitata_HIv3___RNAseq.g34682.t1,ko04120
Montipora_capitata_HIv3___RNAseq.g34682.t1,ko04137
Montipora_capitata_HIv3___RNAseq.g34682.t1,ko04141
Montipora_capitata_HIv3___RNAseq.g34682.t1,ko05012
Montipora_capitata_HIv3___RNAseq.g34687.t1,ko04141
Montipora_capitata_HIv3___RNAseq.g34690.t1,ko03010
Montipora_capitata_HIv3___TS.g19230.t1a,ko00310
Montipora_capitata_HIv3___TS.g19230.t1a,ko03013
Montipora_capitata_HIv3___RNAseq.g34704.t1,ko03022
Montipora_capitata_HIv3___RNAseq.g34704.t1,ko05168
Montipora_capitata_HIv3___RNAseq.g34699.t1,ko04530
Montipora_capitata_HIv3___RNAseq.g34699.t1,ko04670
Montipora_capitata_HIv3___RNAseq.g34699.t1,ko04810
Montipora_capitata_HIv3___RNAseq.g34699.t1,ko04971
Montipora_capitata_HIv3___RNAseq.g34699.t1,ko05130
Montipora_capitata_HIv3___RNAseq.g34699.t1,ko05162
Montipora_capitata_HIv3___RNAseq.g34699.t1,ko05205
Montipora_capitata_HIv3___RNAseq.g34699.t1,ko05206
Montipora_capitata_HIv3___TS.g19240.t2b,ko00780
Montipora_capitata_HIv3___TS.g19240.t2b,ko01100
Montipora_capitata_HIv3___RNAseq.g34717.t1,ko04146
Montipora_capitata_HIv3___RNAseq.g34715.t1a,ko03040
Montipora_capitata_HIv3___TS.g19260.t1,ko00220
Montipora_capitata_HIv3___TS.g19260.t1,ko01100
Montipora_capitata_HIv3___TS.g19260.t1,ko01110
Montipora_capitata_HIv3___TS.g19260.t1,ko01130
Montipora_capitata_HIv3___TS.g19260.t1,ko01230
Montipora_capitata_HIv3___TS.g19257.t1,ko04391
Montipora_capitata_HIv3___RNAseq.g34750.t1,ko04120
Montipora_capitata_HIv3___RNAseq.g34750.t1,ko04141
Montipora_capitata_HIv3___RNAseq.g34750.t1,ko05012
Montipora_capitata_HIv3___RNAseq.g45924.t1,ko04139
Montipora_capitata_HIv3___RNAseq.g45926.t1,ko05034
Montipora_capitata_HIv3___RNAseq.g45926.t1,ko05203
Montipora_capitata_HIv3___RNAseq.g45926.t1,ko05322
Montipora_capitata_HIv3___RNAseq.g45932.t1,ko05202
Montipora_capitata_HIv3___RNAseq.g45961.t1,ko04979
Montipora_capitata_HIv3___TS.g234.t2,ko03013
Montipora_capitata_HIv3___TS.g234.t2,ko04011
Montipora_capitata_HIv3___TS.g234.t2,ko04111
Montipora_capitata_HIv3___RNAseq.g45975.t1,ko00970
Montipora_capitata_HIv3___RNAseq.g45978.t1,ko04120
Montipora_capitata_HIv3___RNAseq.g45979.t1,ko00760
Montipora_capitata_HIv3___RNAseq.g45979.t1,ko01100
Montipora_capitata_HIv3___RNAseq.g45979.t1,ko04213
Montipora_capitata_HIv3___RNAseq.g45979.t1,ko04714
Montipora_capitata_HIv3___RNAseq.g45979.t1,ko05230
Montipora_capitata_HIv3___TS.g256.t1,ko04714
Montipora_capitata_HIv3___TS.g256.t1,ko05230
Montipora_capitata_HIv3___RNAseq.g45986.t1,ko00760
Montipora_capitata_HIv3___RNAseq.g45986.t1,ko01100
Montipora_capitata_HIv3___RNAseq.g45986.t1,ko04213
Montipora_capitata_HIv3___RNAseq.g45986.t1,ko04714
Montipora_capitata_HIv3___RNAseq.g45986.t1,ko05230
Montipora_capitata_HIv3___RNAseq.g45987.t1,ko00040
Montipora_capitata_HIv3___RNAseq.g45987.t1,ko01100
Montipora_capitata_HIv3___RNAseq.g46004.t1,ko00240
Montipora_capitata_HIv3___RNAseq.g46004.t1,ko00983
Montipora_capitata_HIv3___RNAseq.g46004.t1,ko01100
Montipora_capitata_HIv3___RNAseq.g46003.t1,ko00240
Montipora_capitata_HIv3___RNAseq.g46003.t1,ko00983
Montipora_capitata_HIv3___RNAseq.g46003.t1,ko01100
Montipora_capitata_HIv3___RNAseq.g46007.t1,ko00220
Montipora_capitata_HIv3___RNAseq.g46007.t1,ko00250
Montipora_capitata_HIv3___RNAseq.g46007.t1,ko00270
Montipora_capitata_HIv3___RNAseq.g46007.t1,ko00330
Montipora_capitata_HIv3___RNAseq.g46007.t1,ko00350
Montipora_capitata_HIv3___RNAseq.g46007.t1,ko00360
Montipora_capitata_HIv3___RNAseq.g46007.t1,ko00400
Montipora_capitata_HIv3___RNAseq.g46007.t1,ko00710
Montipora_capitata_HIv3___RNAseq.g46007.t1,ko00950
Montipora_capitata_HIv3___RNAseq.g46007.t1,ko00960
Montipora_capitata_HIv3___RNAseq.g46007.t1,ko01100
Montipora_capitata_HIv3___RNAseq.g46007.t1,ko01110
Montipora_capitata_HIv3___RNAseq.g46007.t1,ko01120
Montipora_capitata_HIv3___RNAseq.g46007.t1,ko01130
Montipora_capitata_HIv3___RNAseq.g46007.t1,ko01200
Montipora_capitata_HIv3___RNAseq.g46007.t1,ko01210
Montipora_capitata_HIv3___RNAseq.g46007.t1,ko01230
Montipora_capitata_HIv3___RNAseq.g46007.t1,ko04975
Montipora_capitata_HIv3___RNAseq.g46023.t1,ko04071
Montipora_capitata_HIv3___RNAseq.g46026.t1,ko00564
Montipora_capitata_HIv3___RNAseq.g46026.t1,ko01100
Montipora_capitata_HIv3___RNAseq.g46026.t1,ko01110
Montipora_capitata_HIv3___RNAseq.g46028.t1,ko04070
Montipora_capitata_HIv3___RNAseq.g46035.t1,ko00051
Montipora_capitata_HIv3___RNAseq.g46035.t1,ko00520
Montipora_capitata_HIv3___RNAseq.g46035.t1,ko01100
Montipora_capitata_HIv3___RNAseq.g46063.t1,ko03018
Montipora_capitata_HIv3___TS.g335.t1,ko03040
Montipora_capitata_HIv3___RNAseq.g46065.t1a,ko00563
Montipora_capitata_HIv3___RNAseq.g46065.t1a,ko01100
Montipora_capitata_HIv3___RNAseq.g46066.t1,ko00190
Montipora_capitata_HIv3___RNAseq.g46066.t1,ko01100
Montipora_capitata_HIv3___RNAseq.g46066.t1,ko02020
Montipora_capitata_HIv3___RNAseq.g46066.t1,ko04260
Montipora_capitata_HIv3___RNAseq.g46066.t1,ko04714
Montipora_capitata_HIv3___RNAseq.g46066.t1,ko04932
Montipora_capitata_HIv3___RNAseq.g46066.t1,ko05010
Montipora_capitata_HIv3___RNAseq.g46066.t1,ko05012
Montipora_capitata_HIv3___RNAseq.g46066.t1,ko05016
Montipora_capitata_HIv3___RNAseq.g46069.t1,ko03015
Montipora_capitata_HIv3___RNAseq.g46087.t1,ko00480
Montipora_capitata_HIv3___RNAseq.g46087.t1,ko00590
Montipora_capitata_HIv3___RNAseq.g46087.t1,ko04918
Montipora_capitata_HIv3___RNAseq.g46090.t1,ko03018
Montipora_capitata_HIv3___RNAseq.g46091.t1,ko00750
Montipora_capitata_HIv3___RNAseq.g46091.t1,ko01100
Montipora_capitata_HIv3___RNAseq.g46091.t1,ko01120
Montipora_capitata_HIv3___RNAseq.g46091.t1,ko04144
Montipora_capitata_HIv3___RNAseq.g46091.t1,ko04666
Montipora_capitata_HIv3___RNAseq.g46091.t1,ko04810
Montipora_capitata_HIv3___RNAseq.g46091.t1,ko05100
Montipora_capitata_HIv3___RNAseq.g46091.t1,ko05130
Montipora_capitata_HIv3___RNAseq.g46091.t1,ko05131
Montipora_capitata_HIv3___RNAseq.g46091.t1,ko05132
Montipora_capitata_HIv3___TS.g362.t2,ko05164
Montipora_capitata_HIv3___RNAseq.g46102.t1,ko04919
Montipora_capitata_HIv3___RNAseq.g46102.t1,ko04974
Montipora_capitata_HIv3___RNAseq.g46103.t2,ko00730
Montipora_capitata_HIv3___RNAseq.g46103.t2,ko01100
Montipora_capitata_HIv3___RNAseq.g46103.t2,ko04122
Montipora_capitata_HIv3___RNAseq.g46111.t1,ko00130
Montipora_capitata_HIv3___RNAseq.g46111.t1,ko00270
Montipora_capitata_HIv3___RNAseq.g46111.t1,ko00350
Montipora_capitata_HIv3___RNAseq.g46111.t1,ko00360
Montipora_capitata_HIv3___RNAseq.g46111.t1,ko00400
Montipora_capitata_HIv3___RNAseq.g46111.t1,ko00401
Montipora_capitata_HIv3___RNAseq.g46111.t1,ko00950
Montipora_capitata_HIv3___RNAseq.g46111.t1,ko00960
Montipora_capitata_HIv3___RNAseq.g46111.t1,ko01100
Montipora_capitata_HIv3___RNAseq.g46111.t1,ko01110
Montipora_capitata_HIv3___RNAseq.g46111.t1,ko01130
Montipora_capitata_HIv3___RNAseq.g46111.t1,ko01230
Montipora_capitata_HIv3___RNAseq.g46115.t1,ko00512
Montipora_capitata_HIv3___RNAseq.g46115.t1,ko01100
Montipora_capitata_HIv3___RNAseq.g46117.t1,ko00860
Montipora_capitata_HIv3___RNAseq.g46117.t1,ko01100
Montipora_capitata_HIv3___RNAseq.g46117.t1,ko01110
Montipora_capitata_HIv3___RNAseq.g46132.t1,ko04145
Montipora_capitata_HIv3___RNAseq.g46132.t1,ko04380
Montipora_capitata_HIv3___RNAseq.g46132.t1,ko04621
Montipora_capitata_HIv3___RNAseq.g46132.t1,ko04670
Montipora_capitata_HIv3___RNAseq.g46132.t1,ko05140
Montipora_capitata_HIv3___RNAseq.g46132.t1,ko05418
Montipora_capitata_HIv3___RNAseq.g46154.t1,ko04141
Montipora_capitata_HIv3___RNAseq.g46154.t1,ko05014
Montipora_capitata_HIv3___RNAseq.g46155.t1,ko04977
Montipora_capitata_HIv3___RNAseq.g46156.t1,ko03040
Montipora_capitata_HIv3___RNAseq.g46161.t1,ko04114
Montipora_capitata_HIv3___RNAseq.g46161.t1,ko04914
Montipora_capitata_HIv3___RNAseq.g46169.t1,ko00071
Montipora_capitata_HIv3___RNAseq.g46169.t1,ko04146
Montipora_capitata_HIv3___TS.g434.t1,ko00531
Montipora_capitata_HIv3___TS.g434.t1,ko01100
Montipora_capitata_HIv3___TS.g434.t1,ko04142
Montipora_capitata_HIv3___TS.g436.t1,ko03015
Montipora_capitata_HIv3___TS.g436.t1,ko05164
Montipora_capitata_HIv3___TS.g436.t1,ko05206
Montipora_capitata_HIv3___RNAseq.g46165.t1,ko03013
Montipora_capitata_HIv3___RNAseq.g46165.t1,ko04150
Montipora_capitata_HIv3___RNAseq.g46167.t1,ko03013
Montipora_capitata_HIv3___RNAseq.g46167.t1,ko04150
Montipora_capitata_HIv3___RNAseq.g46171.t1,ko00071
Montipora_capitata_HIv3___RNAseq.g46171.t1,ko04146
Montipora_capitata_HIv3___RNAseq.g46172.t1,ko00230
Montipora_capitata_HIv3___RNAseq.g46176.t1,ko04140
Montipora_capitata_HIv3___RNAseq.g46176.t1,ko05166
Montipora_capitata_HIv3___RNAseq.g46183.t1,ko00564
Montipora_capitata_HIv3___RNAseq.g46178.t1,ko04110
Montipora_capitata_HIv3___RNAseq.g46178.t1,ko04114
Montipora_capitata_HIv3___RNAseq.g46178.t1,ko04115
Montipora_capitata_HIv3___RNAseq.g46178.t1,ko04151
Montipora_capitata_HIv3___RNAseq.g46178.t1,ko04218
Montipora_capitata_HIv3___RNAseq.g46178.t1,ko04391
Montipora_capitata_HIv3___RNAseq.g46178.t1,ko04934
Montipora_capitata_HIv3___RNAseq.g46178.t1,ko05161
Montipora_capitata_HIv3___RNAseq.g46178.t1,ko05162
Montipora_capitata_HIv3___RNAseq.g46178.t1,ko05165
Montipora_capitata_HIv3___RNAseq.g46178.t1,ko05200
Montipora_capitata_HIv3___RNAseq.g46178.t1,ko05203
Montipora_capitata_HIv3___RNAseq.g46178.t1,ko05206
Montipora_capitata_HIv3___RNAseq.g46178.t1,ko05215
Montipora_capitata_HIv3___RNAseq.g46178.t1,ko05222
Montipora_capitata_HIv3___RNAseq.g46178.t1,ko05226
Montipora_capitata_HIv3___RNAseq.g46179.t1,ko00480
Montipora_capitata_HIv3___RNAseq.g46202.t1,ko00190
Montipora_capitata_HIv3___RNAseq.g46202.t1,ko01100
Montipora_capitata_HIv3___RNAseq.g46202.t1,ko04714
Montipora_capitata_HIv3___RNAseq.g46202.t1,ko04723
Montipora_capitata_HIv3___RNAseq.g46202.t1,ko04932
Montipora_capitata_HIv3___RNAseq.g46202.t1,ko05010
Montipora_capitata_HIv3___RNAseq.g46202.t1,ko05012
Montipora_capitata_HIv3___RNAseq.g46202.t1,ko05016
Montipora_capitata_HIv3___RNAseq.g46218.t1,ko05202
Montipora_capitata_HIv3___RNAseq.g46219.t1,ko03050
Montipora_capitata_HIv3___RNAseq.g46216.t1,ko04350
Montipora_capitata_HIv3___RNAseq.g46216.t1,ko04390
Montipora_capitata_HIv3___RNAseq.g46216.t1,ko04391
Montipora_capitata_HIv3___RNAseq.g46216.t1,ko04550
Montipora_capitata_HIv3___RNAseq.g46216.t1,ko05202
Montipora_capitata_HIv3___TS.g502.t1,ko05164
Montipora_capitata_HIv3___RNAseq.g46233.t1,ko03008
Montipora_capitata_HIv3___RNAseq.g46239.t1,ko04977
Montipora_capitata_HIv3___RNAseq.g46240.t1,ko04390
Montipora_capitata_HIv3___RNAseq.g46240.t1,ko04550
Montipora_capitata_HIv3___RNAseq.g46311.t1,ko04010
Montipora_capitata_HIv3___RNAseq.g46318.t1,ko04976
Montipora_capitata_HIv3___TS.g637.t1,ko00100
Montipora_capitata_HIv3___TS.g637.t1,ko00120
Montipora_capitata_HIv3___TS.g637.t1,ko01100
Montipora_capitata_HIv3___TS.g637.t1,ko03320
Montipora_capitata_HIv3___TS.g637.t1,ko04979
Montipora_capitata_HIv3___TS.g637.t1,ko05152
Montipora_capitata_HIv3___TS.g637.t1,ko05206
Montipora_capitata_HIv3___RNAseq.g46319.t1,ko00230
Montipora_capitata_HIv3___RNAseq.g46319.t1,ko00240
Montipora_capitata_HIv3___RNAseq.g46319.t1,ko01100
Montipora_capitata_HIv3___RNAseq.g46319.t1,ko03020
Montipora_capitata_HIv3___RNAseq.g46319.t1,ko05016
Montipora_capitata_HIv3___RNAseq.g46319.t1,ko05169
Montipora_capitata_HIv3___RNAseq.g46320.t1,ko04120
Montipora_capitata_HIv3___RNAseq.g46365.t1,ko03008
Montipora_capitata_HIv3___RNAseq.g46365.t1,ko04064
Montipora_capitata_HIv3___RNAseq.g46365.t1,ko04137
Montipora_capitata_HIv3___RNAseq.g46365.t1,ko04139
Montipora_capitata_HIv3___RNAseq.g46365.t1,ko04310
Montipora_capitata_HIv3___RNAseq.g46365.t1,ko04520
Montipora_capitata_HIv3___RNAseq.g46365.t1,ko04712
Montipora_capitata_HIv3___RNAseq.g46365.t1,ko05162
Montipora_capitata_HIv3___RNAseq.g46365.t1,ko05168
Montipora_capitata_HIv3___RNAseq.g46365.t1,ko05169
Montipora_capitata_HIv3___RNAseq.g46368.t1,ko00515
Montipora_capitata_HIv3___RNAseq.g46368.t1,ko01100
Montipora_capitata_HIv3___RNAseq.g46437.t1a,ko04141
Montipora_capitata_HIv3___RNAseq.g46378.t1,ko00100
Montipora_capitata_HIv3___RNAseq.g46378.t1,ko00120
Montipora_capitata_HIv3___RNAseq.g46378.t1,ko01100
Montipora_capitata_HIv3___RNAseq.g46378.t1,ko03320
Montipora_capitata_HIv3___RNAseq.g46378.t1,ko04979
Montipora_capitata_HIv3___RNAseq.g46378.t1,ko05152
Montipora_capitata_HIv3___RNAseq.g46378.t1,ko05206
Montipora_capitata_HIv3___RNAseq.g46388.t1,ko00100
Montipora_capitata_HIv3___RNAseq.g46388.t1,ko00120
Montipora_capitata_HIv3___RNAseq.g46388.t1,ko01100
Montipora_capitata_HIv3___RNAseq.g46388.t1,ko03320
Montipora_capitata_HIv3___RNAseq.g46388.t1,ko04979
Montipora_capitata_HIv3___RNAseq.g46388.t1,ko05152
Montipora_capitata_HIv3___RNAseq.g46388.t1,ko05206
Montipora_capitata_HIv3___RNAseq.g46390.t1,ko00100
Montipora_capitata_HIv3___RNAseq.g46390.t1,ko00120
Montipora_capitata_HIv3___RNAseq.g46390.t1,ko01100
Montipora_capitata_HIv3___RNAseq.g46390.t1,ko03320
Montipora_capitata_HIv3___RNAseq.g46390.t1,ko04979
Montipora_capitata_HIv3___RNAseq.g46390.t1,ko05152
Montipora_capitata_HIv3___RNAseq.g46390.t1,ko05206
Montipora_capitata_HIv3___RNAseq.g46391.t1,ko00100
Montipora_capitata_HIv3___RNAseq.g46391.t1,ko00120
Montipora_capitata_HIv3___RNAseq.g46391.t1,ko01100
Montipora_capitata_HIv3___RNAseq.g46391.t1,ko03320
Montipora_capitata_HIv3___RNAseq.g46391.t1,ko04979
Montipora_capitata_HIv3___RNAseq.g46391.t1,ko05152
Montipora_capitata_HIv3___RNAseq.g46391.t1,ko05206
Montipora_capitata_HIv3___RNAseq.g46401.t1,ko00830
Montipora_capitata_HIv3___RNAseq.g46401.t1,ko01100
Montipora_capitata_HIv3___RNAseq.g46401.t1,ko04146
Montipora_capitata_HIv3___RNAseq.g46402.t1,ko00830
Montipora_capitata_HIv3___RNAseq.g46402.t1,ko01100
Montipora_capitata_HIv3___RNAseq.g46402.t1,ko04146
Montipora_capitata_HIv3___RNAseq.g46410.t1,ko00100
Montipora_capitata_HIv3___RNAseq.g46410.t1,ko00120
Montipora_capitata_HIv3___RNAseq.g46410.t1,ko01100
Montipora_capitata_HIv3___RNAseq.g46410.t1,ko03320
Montipora_capitata_HIv3___RNAseq.g46410.t1,ko04979
Montipora_capitata_HIv3___RNAseq.g46410.t1,ko05152
Montipora_capitata_HIv3___RNAseq.g46410.t1,ko05206
Montipora_capitata_HIv3___RNAseq.g46438.t1,ko04146
Montipora_capitata_HIv3___RNAseq.g46443.t1,ko00900
Montipora_capitata_HIv3___RNAseq.g46443.t1,ko01100
Montipora_capitata_HIv3___RNAseq.g46443.t1,ko01110
Montipora_capitata_HIv3___RNAseq.g46443.t1,ko01130
Montipora_capitata_HIv3___RNAseq.g46445.t1,ko00900
Montipora_capitata_HIv3___RNAseq.g46445.t1,ko01100
Montipora_capitata_HIv3___RNAseq.g46445.t1,ko01110
Montipora_capitata_HIv3___RNAseq.g46445.t1,ko01130
Montipora_capitata_HIv3___RNAseq.g46452.t1,ko00510
Montipora_capitata_HIv3___RNAseq.g46452.t1,ko00513
Montipora_capitata_HIv3___RNAseq.g46452.t1,ko01100
Montipora_capitata_HIv3___RNAseq.g46452.t1,ko04141
Montipora_capitata_HIv3___RNAseq.g46517.t1,ko01522
Montipora_capitata_HIv3___RNAseq.g46517.t1,ko04015
Montipora_capitata_HIv3___RNAseq.g46517.t1,ko04020
Montipora_capitata_HIv3___RNAseq.g46517.t1,ko04024
Montipora_capitata_HIv3___RNAseq.g46517.t1,ko04072
Montipora_capitata_HIv3___RNAseq.g46517.t1,ko04261
Montipora_capitata_HIv3___RNAseq.g46517.t1,ko04270
Montipora_capitata_HIv3___RNAseq.g46517.t1,ko04540
Montipora_capitata_HIv3___RNAseq.g46517.t1,ko04611
Montipora_capitata_HIv3___RNAseq.g46517.t1,ko04713
Montipora_capitata_HIv3___RNAseq.g46517.t1,ko04714
Montipora_capitata_HIv3___RNAseq.g46517.t1,ko04724
Montipora_capitata_HIv3___RNAseq.g46517.t1,ko04726
Montipora_capitata_HIv3___RNAseq.g46517.t1,ko04728
Montipora_capitata_HIv3___RNAseq.g46517.t1,ko04730
Montipora_capitata_HIv3___RNAseq.g46517.t1,ko04750
Montipora_capitata_HIv3___RNAseq.g46517.t1,ko04911
Montipora_capitata_HIv3___RNAseq.g46517.t1,ko04912
Montipora_capitata_HIv3___RNAseq.g46517.t1,ko04913
Montipora_capitata_HIv3___RNAseq.g46517.t1,ko04915
Montipora_capitata_HIv3___RNAseq.g46517.t1,ko04916
Montipora_capitata_HIv3___RNAseq.g46517.t1,ko04918
Montipora_capitata_HIv3___RNAseq.g46517.t1,ko04921
Montipora_capitata_HIv3___RNAseq.g46517.t1,ko04922
Montipora_capitata_HIv3___RNAseq.g46517.t1,ko04923
Montipora_capitata_HIv3___RNAseq.g46517.t1,ko04924
Montipora_capitata_HIv3___RNAseq.g46517.t1,ko04925
Montipora_capitata_HIv3___RNAseq.g46517.t1,ko04926
Montipora_capitata_HIv3___RNAseq.g46517.t1,ko04927
Montipora_capitata_HIv3___RNAseq.g46517.t1,ko04934
Montipora_capitata_HIv3___RNAseq.g46517.t1,ko04961
Montipora_capitata_HIv3___RNAseq.g46517.t1,ko04962
Montipora_capitata_HIv3___RNAseq.g46517.t1,ko04970
Montipora_capitata_HIv3___RNAseq.g46517.t1,ko04971
Montipora_capitata_HIv3___RNAseq.g46517.t1,ko04972
Montipora_capitata_HIv3___RNAseq.g46517.t1,ko04976
Montipora_capitata_HIv3___RNAseq.g46517.t1,ko05030
Montipora_capitata_HIv3___RNAseq.g46517.t1,ko05031
Montipora_capitata_HIv3___RNAseq.g46517.t1,ko05032
Montipora_capitata_HIv3___RNAseq.g46517.t1,ko05034
Montipora_capitata_HIv3___RNAseq.g46517.t1,ko05110
Montipora_capitata_HIv3___RNAseq.g46517.t1,ko05142
Montipora_capitata_HIv3___RNAseq.g46517.t1,ko05146
Montipora_capitata_HIv3___RNAseq.g46517.t1,ko05165
Montipora_capitata_HIv3___RNAseq.g46517.t1,ko05200
Montipora_capitata_HIv3___RNAseq.g46517.t1,ko05414
Montipora_capitata_HIv3___RNAseq.g46520.t1,ko04514
Montipora_capitata_HIv3___RNAseq.g46533.t1b,ko04514
Montipora_capitata_HIv3___TS.g858.t2c,ko00230
Montipora_capitata_HIv3___TS.g858.t2c,ko00240
Montipora_capitata_HIv3___TS.g858.t2c,ko00760
Montipora_capitata_HIv3___TS.g858.t2c,ko01100
Montipora_capitata_HIv3___TS.g858.t2c,ko01110
Montipora_capitata_HIv3___RNAseq.g46578.t1,ko03013
Montipora_capitata_HIv3___RNAseq.g46578.t1,ko03015
Montipora_capitata_HIv3___RNAseq.g46578.t1,ko03040
Montipora_capitata_HIv3___RNAseq.g46628.t1,ko05225
Montipora_capitata_HIv3___RNAseq.g46632.t1,ko04141
Montipora_capitata_HIv3___RNAseq.g46663.t3,ko00600
Montipora_capitata_HIv3___RNAseq.g46663.t3,ko01100
Montipora_capitata_HIv3___RNAseq.g46664.t1,ko04015
Montipora_capitata_HIv3___RNAseq.g46664.t1,ko04144
Montipora_capitata_HIv3___RNAseq.g46664.t1,ko04360
Montipora_capitata_HIv3___RNAseq.g46664.t1,ko04390
Montipora_capitata_HIv3___RNAseq.g46664.t1,ko04391
Montipora_capitata_HIv3___RNAseq.g46664.t1,ko04530
Montipora_capitata_HIv3___RNAseq.g46664.t1,ko05165
Montipora_capitata_HIv3___RNAseq.g46689.t1,ko04142
Montipora_capitata_HIv3___RNAseq.g46692.t1,ko01522
Montipora_capitata_HIv3___RNAseq.g46692.t1,ko04110
Montipora_capitata_HIv3___RNAseq.g46692.t1,ko04218
Montipora_capitata_HIv3___RNAseq.g46692.t1,ko04350
Montipora_capitata_HIv3___RNAseq.g46692.t1,ko04934
Montipora_capitata_HIv3___RNAseq.g46692.t1,ko05161
Montipora_capitata_HIv3___RNAseq.g46692.t1,ko05166
Montipora_capitata_HIv3___RNAseq.g46692.t1,ko05167
Montipora_capitata_HIv3___RNAseq.g46692.t1,ko05200
Montipora_capitata_HIv3___RNAseq.g46692.t1,ko05206
Montipora_capitata_HIv3___RNAseq.g46692.t1,ko05212
Montipora_capitata_HIv3___RNAseq.g46692.t1,ko05214
Montipora_capitata_HIv3___RNAseq.g46692.t1,ko05215
Montipora_capitata_HIv3___RNAseq.g46692.t1,ko05218
Montipora_capitata_HIv3___RNAseq.g46692.t1,ko05219
Montipora_capitata_HIv3___RNAseq.g46692.t1,ko05220
Montipora_capitata_HIv3___RNAseq.g46692.t1,ko05222
Montipora_capitata_HIv3___RNAseq.g46692.t1,ko05223
Montipora_capitata_HIv3___RNAseq.g46692.t1,ko05224
Montipora_capitata_HIv3___RNAseq.g46692.t1,ko05225
Montipora_capitata_HIv3___RNAseq.g46692.t1,ko05226
Montipora_capitata_HIv3___RNAseq.g46708.t1,ko05202
Montipora_capitata_HIv3___TS.g987.t3,ko00561
Montipora_capitata_HIv3___TS.g987.t3,ko00830
Montipora_capitata_HIv3___TS.g987.t3,ko01100
Montipora_capitata_HIv3___TS.g987.t3,ko04975
Montipora_capitata_HIv3___RNAseq.g46712.t1,ko04020
Montipora_capitata_HIv3___RNAseq.g46712.t1,ko04910
Montipora_capitata_HIv3___RNAseq.g46712.t1,ko04922
Montipora_capitata_HIv3___RNAseq.g46716.t1,ko03430
Montipora_capitata_HIv3___RNAseq.g46716.t1,ko03460
Montipora_capitata_HIv3___RNAseq.g46715.t1,ko00190
Montipora_capitata_HIv3___RNAseq.g46715.t1,ko01100
Montipora_capitata_HIv3___RNAseq.g46715.t1,ko04714
Montipora_capitata_HIv3___RNAseq.g46715.t1,ko04723
Montipora_capitata_HIv3___RNAseq.g46715.t1,ko04932
Montipora_capitata_HIv3___RNAseq.g46715.t1,ko05010
Montipora_capitata_HIv3___RNAseq.g46715.t1,ko05012
Montipora_capitata_HIv3___RNAseq.g46715.t1,ko05016
Montipora_capitata_HIv3___RNAseq.g46722.t1,ko04010
Montipora_capitata_HIv3___RNAseq.g46764.t1,ko00190
Montipora_capitata_HIv3___RNAseq.g46764.t1,ko01100
Montipora_capitata_HIv3___RNAseq.g46764.t1,ko04139
Montipora_capitata_HIv3___RNAseq.g46764.t1,ko04260
Montipora_capitata_HIv3___RNAseq.g46764.t1,ko04714
Montipora_capitata_HIv3___RNAseq.g46764.t1,ko04932
Montipora_capitata_HIv3___RNAseq.g46764.t1,ko05010
Montipora_capitata_HIv3___RNAseq.g46764.t1,ko05012
Montipora_capitata_HIv3___RNAseq.g46764.t1,ko05016
Montipora_capitata_HIv3___RNAseq.g46774.t1,ko03015
Montipora_capitata_HIv3___RNAseq.g46802.t1,ko04144
Montipora_capitata_HIv3___RNAseq.g46802.t1,ko04217
Montipora_capitata_HIv3___RNAseq.g46777.t1,ko00531
Montipora_capitata_HIv3___RNAseq.g46777.t1,ko01100
Montipora_capitata_HIv3___RNAseq.g46777.t1,ko04012
Montipora_capitata_HIv3___RNAseq.g46777.t1,ko04020
Montipora_capitata_HIv3___RNAseq.g46777.t1,ko04024
Montipora_capitata_HIv3___RNAseq.g46777.t1,ko04066
Montipora_capitata_HIv3___RNAseq.g46777.t1,ko04114
Montipora_capitata_HIv3___RNAseq.g46777.t1,ko04142
Montipora_capitata_HIv3___RNAseq.g46777.t1,ko04217
Montipora_capitata_HIv3___RNAseq.g46777.t1,ko04261
Montipora_capitata_HIv3___RNAseq.g46777.t1,ko04310
Montipora_capitata_HIv3___RNAseq.g46777.t1,ko04360
Montipora_capitata_HIv3___RNAseq.g46777.t1,ko04713
Montipora_capitata_HIv3___RNAseq.g46777.t1,ko04720
Montipora_capitata_HIv3___RNAseq.g46777.t1,ko04722
Montipora_capitata_HIv3___RNAseq.g46777.t1,ko04725
Montipora_capitata_HIv3___RNAseq.g46777.t1,ko04728
Montipora_capitata_HIv3___RNAseq.g46777.t1,ko04740
Montipora_capitata_HIv3___RNAseq.g46777.t1,ko04745
Montipora_capitata_HIv3___RNAseq.g46777.t1,ko04750
Montipora_capitata_HIv3___RNAseq.g46777.t1,ko04911
Montipora_capitata_HIv3___RNAseq.g46777.t1,ko04912
Montipora_capitata_HIv3___RNAseq.g46777.t1,ko04916
Montipora_capitata_HIv3___RNAseq.g46777.t1,ko04921
Montipora_capitata_HIv3___RNAseq.g46777.t1,ko04922
Montipora_capitata_HIv3___RNAseq.g46777.t1,ko04925
Montipora_capitata_HIv3___RNAseq.g46777.t1,ko04934
Montipora_capitata_HIv3___RNAseq.g46777.t1,ko04971
Montipora_capitata_HIv3___RNAseq.g46777.t1,ko05031
Montipora_capitata_HIv3___RNAseq.g46777.t1,ko05152
Montipora_capitata_HIv3___RNAseq.g46777.t1,ko05200
Montipora_capitata_HIv3___RNAseq.g46777.t1,ko05205
Montipora_capitata_HIv3___RNAseq.g46777.t1,ko05214
Montipora_capitata_HIv3___RNAseq.g46779.t1,ko00531
Montipora_capitata_HIv3___RNAseq.g46779.t1,ko01100
Montipora_capitata_HIv3___RNAseq.g46779.t1,ko04012
Montipora_capitata_HIv3___RNAseq.g46779.t1,ko04020
Montipora_capitata_HIv3___RNAseq.g46779.t1,ko04024
Montipora_capitata_HIv3___RNAseq.g46779.t1,ko04066
Montipora_capitata_HIv3___RNAseq.g46779.t1,ko04114
Montipora_capitata_HIv3___RNAseq.g46779.t1,ko04142
Montipora_capitata_HIv3___RNAseq.g46779.t1,ko04217
Montipora_capitata_HIv3___RNAseq.g46779.t1,ko04261
Montipora_capitata_HIv3___RNAseq.g46779.t1,ko04310
Montipora_capitata_HIv3___RNAseq.g46779.t1,ko04360
Montipora_capitata_HIv3___RNAseq.g46779.t1,ko04713
Montipora_capitata_HIv3___RNAseq.g46779.t1,ko04720
Montipora_capitata_HIv3___RNAseq.g46779.t1,ko04722
Montipora_capitata_HIv3___RNAseq.g46779.t1,ko04725
Montipora_capitata_HIv3___RNAseq.g46779.t1,ko04728
Montipora_capitata_HIv3___RNAseq.g46779.t1,ko04740
Montipora_capitata_HIv3___RNAseq.g46779.t1,ko04745
Montipora_capitata_HIv3___RNAseq.g46779.t1,ko04750
Montipora_capitata_HIv3___RNAseq.g46779.t1,ko04911
Montipora_capitata_HIv3___RNAseq.g46779.t1,ko04912
Montipora_capitata_HIv3___RNAseq.g46779.t1,ko04916
Montipora_capitata_HIv3___RNAseq.g46779.t1,ko04921
Montipora_capitata_HIv3___RNAseq.g46779.t1,ko04922
Montipora_capitata_HIv3___RNAseq.g46779.t1,ko04925
Montipora_capitata_HIv3___RNAseq.g46779.t1,ko04934
Montipora_capitata_HIv3___RNAseq.g46779.t1,ko04971
Montipora_capitata_HIv3___RNAseq.g46779.t1,ko05031
Montipora_capitata_HIv3___RNAseq.g46779.t1,ko05152
Montipora_capitata_HIv3___RNAseq.g46779.t1,ko05200
Montipora_capitata_HIv3___RNAseq.g46779.t1,ko05205
Montipora_capitata_HIv3___RNAseq.g46779.t1,ko05214
Montipora_capitata_HIv3___RNAseq.g46782.t1,ko00531
Montipora_capitata_HIv3___RNAseq.g46782.t1,ko01100
Montipora_capitata_HIv3___RNAseq.g46782.t1,ko04012
Montipora_capitata_HIv3___RNAseq.g46782.t1,ko04020
Montipora_capitata_HIv3___RNAseq.g46782.t1,ko04024
Montipora_capitata_HIv3___RNAseq.g46782.t1,ko04066
Montipora_capitata_HIv3___RNAseq.g46782.t1,ko04114
Montipora_capitata_HIv3___RNAseq.g46782.t1,ko04142
Montipora_capitata_HIv3___RNAseq.g46782.t1,ko04217
Montipora_capitata_HIv3___RNAseq.g46782.t1,ko04261
Montipora_capitata_HIv3___RNAseq.g46782.t1,ko04310
Montipora_capitata_HIv3___RNAseq.g46782.t1,ko04360
Montipora_capitata_HIv3___RNAseq.g46782.t1,ko04713
Montipora_capitata_HIv3___RNAseq.g46782.t1,ko04720
Montipora_capitata_HIv3___RNAseq.g46782.t1,ko04722
Montipora_capitata_HIv3___RNAseq.g46782.t1,ko04725
Montipora_capitata_HIv3___RNAseq.g46782.t1,ko04728
Montipora_capitata_HIv3___RNAseq.g46782.t1,ko04740
Montipora_capitata_HIv3___RNAseq.g46782.t1,ko04745
Montipora_capitata_HIv3___RNAseq.g46782.t1,ko04750
Montipora_capitata_HIv3___RNAseq.g46782.t1,ko04911
Montipora_capitata_HIv3___RNAseq.g46782.t1,ko04912
Montipora_capitata_HIv3___RNAseq.g46782.t1,ko04916
Montipora_capitata_HIv3___RNAseq.g46782.t1,ko04921
Montipora_capitata_HIv3___RNAseq.g46782.t1,ko04922
Montipora_capitata_HIv3___RNAseq.g46782.t1,ko04925
Montipora_capitata_HIv3___RNAseq.g46782.t1,ko04934
Montipora_capitata_HIv3___RNAseq.g46782.t1,ko04971
Montipora_capitata_HIv3___RNAseq.g46782.t1,ko05031
Montipora_capitata_HIv3___RNAseq.g46782.t1,ko05152
Montipora_capitata_HIv3___RNAseq.g46782.t1,ko05200
Montipora_capitata_HIv3___RNAseq.g46782.t1,ko05205
Montipora_capitata_HIv3___RNAseq.g46782.t1,ko05214
Montipora_capitata_HIv3___RNAseq.g46787.t1,ko00531
Montipora_capitata_HIv3___RNAseq.g46787.t1,ko01100
Montipora_capitata_HIv3___RNAseq.g46787.t1,ko04012
Montipora_capitata_HIv3___RNAseq.g46787.t1,ko04020
Montipora_capitata_HIv3___RNAseq.g46787.t1,ko04024
Montipora_capitata_HIv3___RNAseq.g46787.t1,ko04066
Montipora_capitata_HIv3___RNAseq.g46787.t1,ko04114
Montipora_capitata_HIv3___RNAseq.g46787.t1,ko04142
Montipora_capitata_HIv3___RNAseq.g46787.t1,ko04217
Montipora_capitata_HIv3___RNAseq.g46787.t1,ko04261
Montipora_capitata_HIv3___RNAseq.g46787.t1,ko04310
Montipora_capitata_HIv3___RNAseq.g46787.t1,ko04360
Montipora_capitata_HIv3___RNAseq.g46787.t1,ko04713
Montipora_capitata_HIv3___RNAseq.g46787.t1,ko04720
Montipora_capitata_HIv3___RNAseq.g46787.t1,ko04722
Montipora_capitata_HIv3___RNAseq.g46787.t1,ko04725
Montipora_capitata_HIv3___RNAseq.g46787.t1,ko04728
Montipora_capitata_HIv3___RNAseq.g46787.t1,ko04740
Montipora_capitata_HIv3___RNAseq.g46787.t1,ko04745
Montipora_capitata_HIv3___RNAseq.g46787.t1,ko04750
Montipora_capitata_HIv3___RNAseq.g46787.t1,ko04911
Montipora_capitata_HIv3___RNAseq.g46787.t1,ko04912
Montipora_capitata_HIv3___RNAseq.g46787.t1,ko04916
Montipora_capitata_HIv3___RNAseq.g46787.t1,ko04921
Montipora_capitata_HIv3___RNAseq.g46787.t1,ko04922
Montipora_capitata_HIv3___RNAseq.g46787.t1,ko04925
Montipora_capitata_HIv3___RNAseq.g46787.t1,ko04934
Montipora_capitata_HIv3___RNAseq.g46787.t1,ko04971
Montipora_capitata_HIv3___RNAseq.g46787.t1,ko05031
Montipora_capitata_HIv3___RNAseq.g46787.t1,ko05152
Montipora_capitata_HIv3___RNAseq.g46787.t1,ko05200
Montipora_capitata_HIv3___RNAseq.g46787.t1,ko05205
Montipora_capitata_HIv3___RNAseq.g46787.t1,ko05214
Montipora_capitata_HIv3___TS.g1073.t1,ko00531
Montipora_capitata_HIv3___TS.g1073.t1,ko01100
Montipora_capitata_HIv3___TS.g1073.t1,ko04012
Montipora_capitata_HIv3___TS.g1073.t1,ko04020
Montipora_capitata_HIv3___TS.g1073.t1,ko04024
Montipora_capitata_HIv3___TS.g1073.t1,ko04066
Montipora_capitata_HIv3___TS.g1073.t1,ko04114
Montipora_capitata_HIv3___TS.g1073.t1,ko04142
Montipora_capitata_HIv3___TS.g1073.t1,ko04217
Montipora_capitata_HIv3___TS.g1073.t1,ko04261
Montipora_capitata_HIv3___TS.g1073.t1,ko04310
Montipora_capitata_HIv3___TS.g1073.t1,ko04360
Montipora_capitata_HIv3___TS.g1073.t1,ko04713
Montipora_capitata_HIv3___TS.g1073.t1,ko04720
Montipora_capitata_HIv3___TS.g1073.t1,ko04722
Montipora_capitata_HIv3___TS.g1073.t1,ko04725
Montipora_capitata_HIv3___TS.g1073.t1,ko04728
Montipora_capitata_HIv3___TS.g1073.t1,ko04740
Montipora_capitata_HIv3___TS.g1073.t1,ko04745
Montipora_capitata_HIv3___TS.g1073.t1,ko04750
Montipora_capitata_HIv3___TS.g1073.t1,ko04911
Montipora_capitata_HIv3___TS.g1073.t1,ko04912
Montipora_capitata_HIv3___TS.g1073.t1,ko04916
Montipora_capitata_HIv3___TS.g1073.t1,ko04921
Montipora_capitata_HIv3___TS.g1073.t1,ko04922
Montipora_capitata_HIv3___TS.g1073.t1,ko04925
Montipora_capitata_HIv3___TS.g1073.t1,ko04934
Montipora_capitata_HIv3___TS.g1073.t1,ko04971
Montipora_capitata_HIv3___TS.g1073.t1,ko05031
Montipora_capitata_HIv3___TS.g1073.t1,ko05152
Montipora_capitata_HIv3___TS.g1073.t1,ko05200
Montipora_capitata_HIv3___TS.g1073.t1,ko05205
Montipora_capitata_HIv3___TS.g1073.t1,ko05214
Montipora_capitata_HIv3___RNAseq.g46789.t1,ko00531
Montipora_capitata_HIv3___RNAseq.g46789.t1,ko01100
Montipora_capitata_HIv3___RNAseq.g46789.t1,ko04012
Montipora_capitata_HIv3___RNAseq.g46789.t1,ko04020
Montipora_capitata_HIv3___RNAseq.g46789.t1,ko04024
Montipora_capitata_HIv3___RNAseq.g46789.t1,ko04066
Montipora_capitata_HIv3___RNAseq.g46789.t1,ko04114
Montipora_capitata_HIv3___RNAseq.g46789.t1,ko04142
Montipora_capitata_HIv3___RNAseq.g46789.t1,ko04217
Montipora_capitata_HIv3___RNAseq.g46789.t1,ko04261
Montipora_capitata_HIv3___RNAseq.g46789.t1,ko04310
Montipora_capitata_HIv3___RNAseq.g46789.t1,ko04360
Montipora_capitata_HIv3___RNAseq.g46789.t1,ko04713
Montipora_capitata_HIv3___RNAseq.g46789.t1,ko04720
Montipora_capitata_HIv3___RNAseq.g46789.t1,ko04722
Montipora_capitata_HIv3___RNAseq.g46789.t1,ko04725
Montipora_capitata_HIv3___RNAseq.g46789.t1,ko04728
Montipora_capitata_HIv3___RNAseq.g46789.t1,ko04740
Montipora_capitata_HIv3___RNAseq.g46789.t1,ko04745
Montipora_capitata_HIv3___RNAseq.g46789.t1,ko04750
Montipora_capitata_HIv3___RNAseq.g46789.t1,ko04911
Montipora_capitata_HIv3___RNAseq.g46789.t1,ko04912
Montipora_capitata_HIv3___RNAseq.g46789.t1,ko04916
Montipora_capitata_HIv3___RNAseq.g46789.t1,ko04921
Montipora_capitata_HIv3___RNAseq.g46789.t1,ko04922
Montipora_capitata_HIv3___RNAseq.g46789.t1,ko04925
Montipora_capitata_HIv3___RNAseq.g46789.t1,ko04934
Montipora_capitata_HIv3___RNAseq.g46789.t1,ko04971
Montipora_capitata_HIv3___RNAseq.g46789.t1,ko05031
Montipora_capitata_HIv3___RNAseq.g46789.t1,ko05152
Montipora_capitata_HIv3___RNAseq.g46789.t1,ko05200
Montipora_capitata_HIv3___RNAseq.g46789.t1,ko05205
Montipora_capitata_HIv3___RNAseq.g46789.t1,ko05214
Montipora_capitata_HIv3___RNAseq.g46804.t1,ko00190
Montipora_capitata_HIv3___RNAseq.g46804.t1,ko01100
Montipora_capitata_HIv3___RNAseq.g46804.t1,ko04142
Montipora_capitata_HIv3___RNAseq.g46804.t1,ko04145
Montipora_capitata_HIv3___RNAseq.g46804.t1,ko04721
Montipora_capitata_HIv3___RNAseq.g46804.t1,ko04966
Montipora_capitata_HIv3___RNAseq.g46804.t1,ko05110
Montipora_capitata_HIv3___RNAseq.g46804.t1,ko05120
Montipora_capitata_HIv3___RNAseq.g46804.t1,ko05152
Montipora_capitata_HIv3___RNAseq.g46804.t1,ko05203
Montipora_capitata_HIv3___RNAseq.g46804.t1,ko05323
Montipora_capitata_HIv3___RNAseq.g46818.t1,ko04910
Montipora_capitata_HIv3___RNAseq.g46818.t1,ko04931
Montipora_capitata_HIv3___RNAseq.g46819.t1,ko04910
Montipora_capitata_HIv3___RNAseq.g46819.t1,ko04931
Montipora_capitata_HIv3___RNAseq.g46820.t1,ko04910
Montipora_capitata_HIv3___RNAseq.g46820.t1,ko04931
Montipora_capitata_HIv3___RNAseq.g46846.t1,ko04910
Montipora_capitata_HIv3___RNAseq.g46846.t1,ko04931
Montipora_capitata_HIv3___RNAseq.g46830.t1,ko04330
Montipora_capitata_HIv3___RNAseq.g46837.t1,ko04330
Montipora_capitata_HIv3___RNAseq.g46847.t1,ko04910
Montipora_capitata_HIv3___RNAseq.g46847.t1,ko04931
Montipora_capitata_HIv3___RNAseq.g46848.t1,ko04910
Montipora_capitata_HIv3___RNAseq.g46848.t1,ko04931
Montipora_capitata_HIv3___RNAseq.g46851.t1,ko00564
Montipora_capitata_HIv3___RNAseq.g46851.t1,ko04142
Montipora_capitata_HIv3___RNAseq.g46863.t1,ko04330
Montipora_capitata_HIv3___RNAseq.g46859.t1,ko04330
Montipora_capitata_HIv3___RNAseq.g46947.t1,ko02024
Montipora_capitata_HIv3___RNAseq.g46947.t1,ko03060
Montipora_capitata_HIv3___RNAseq.g46947.t1,ko03070
Montipora_capitata_HIv3___RNAseq.g47015.t1,ko04966
Montipora_capitata_HIv3___RNAseq.g47016.t1,ko00010
Montipora_capitata_HIv3___RNAseq.g47016.t1,ko00030
Montipora_capitata_HIv3___RNAseq.g47016.t1,ko00500
Montipora_capitata_HIv3___RNAseq.g47016.t1,ko00520
Montipora_capitata_HIv3___RNAseq.g47016.t1,ko01100
Montipora_capitata_HIv3___RNAseq.g47016.t1,ko01110
Montipora_capitata_HIv3___RNAseq.g47016.t1,ko01120
Montipora_capitata_HIv3___RNAseq.g47016.t1,ko01130
Montipora_capitata_HIv3___RNAseq.g47016.t1,ko01200
Montipora_capitata_HIv3___RNAseq.g47024.t1,ko03013
Montipora_capitata_HIv3___RNAseq.g47029.t2,ko00564
Montipora_capitata_HIv3___RNAseq.g47029.t2,ko00565
Montipora_capitata_HIv3___RNAseq.g47029.t2,ko01100
Montipora_capitata_HIv3___RNAseq.g47030.t1,ko00564
Montipora_capitata_HIv3___RNAseq.g47030.t1,ko00565
Montipora_capitata_HIv3___RNAseq.g47030.t1,ko01100
Montipora_capitata_HIv3___RNAseq.g47055.t1,ko03010
Montipora_capitata_HIv3___TS.g1339.t2,ko04923
Montipora_capitata_HIv3___RNAseq.g47064.t1,ko04923
Montipora_capitata_HIv3___RNAseq.g47068.t1,ko03010
Montipora_capitata_HIv3___RNAseq.g47078.t1,ko03040
Montipora_capitata_HIv3___RNAseq.g47083.t1,ko04550
Montipora_capitata_HIv3___RNAseq.g47087.t1,ko03410
Montipora_capitata_HIv3___RNAseq.g47087.t1,ko04210
Montipora_capitata_HIv3___RNAseq.g47087.t1,ko04212
Montipora_capitata_HIv3___RNAseq.g47087.t1,ko04214
Montipora_capitata_HIv3___RNAseq.g47087.t1,ko04217
Montipora_capitata_HIv3___RNAseq.g47112.t1,ko04141
Montipora_capitata_HIv3___RNAseq.g47106.t1,ko00061
Montipora_capitata_HIv3___RNAseq.g47106.t1,ko00333
Montipora_capitata_HIv3___RNAseq.g47106.t1,ko01100
Montipora_capitata_HIv3___RNAseq.g47106.t1,ko01130
Montipora_capitata_HIv3___RNAseq.g47106.t1,ko01212
Montipora_capitata_HIv3___RNAseq.g47107.t1,ko05206
Montipora_capitata_HIv3___TS.g1397.t4,ko03010
Montipora_capitata_HIv3___RNAseq.g47122.t1,ko03050
Montipora_capitata_HIv3___RNAseq.g47123.t1,ko00230
Montipora_capitata_HIv3___RNAseq.g47123.t1,ko01100
Montipora_capitata_HIv3___RNAseq.g47116.t1,ko04217
Montipora_capitata_HIv3___RNAseq.g47116.t1,ko04621
Montipora_capitata_HIv3___RNAseq.g47134.t1,ko00270
Montipora_capitata_HIv3___RNAseq.g47134.t1,ko01100
Montipora_capitata_HIv3___RNAseq.g47143.t1,ko04144
Montipora_capitata_HIv3___RNAseq.g47143.t1,ko04217
Montipora_capitata_HIv3___RNAseq.g47164.t1,ko04112
Montipora_capitata_HIv3___RNAseq.g47184.t1,ko04919
Montipora_capitata_HIv3___RNAseq.g47191.t1a,ko00562
Montipora_capitata_HIv3___RNAseq.g47191.t1a,ko01100
Montipora_capitata_HIv3___RNAseq.g47191.t1a,ko04070
Montipora_capitata_HIv3___RNAseq.g47204.t1,ko04142
Montipora_capitata_HIv3___TS.g1490.t2,ko00240
Montipora_capitata_HIv3___TS.g1490.t2,ko01100
Montipora_capitata_HIv3___TS.g1483.t2,ko00230
Montipora_capitata_HIv3___TS.g1483.t2,ko00240
Montipora_capitata_HIv3___TS.g1483.t2,ko00760
Montipora_capitata_HIv3___TS.g1483.t2,ko01100
Montipora_capitata_HIv3___TS.g1483.t2,ko01110
Montipora_capitata_HIv3___RNAseq.g47215.t1,ko04714
Montipora_capitata_HIv3___TS.g1497.t1b,ko04974
Montipora_capitata_HIv3___TS.g1497.t1b,ko04978
Montipora_capitata_HIv3___RNAseq.g47224.t1,ko04270
Montipora_capitata_HIv3___RNAseq.g47224.t1,ko04530
Montipora_capitata_HIv3___RNAseq.g47224.t1,ko04921
Montipora_capitata_HIv3___RNAseq.g47195.t1,ko04145
Montipora_capitata_HIv3___RNAseq.g47195.t1,ko04540
Montipora_capitata_HIv3___RNAseq.g47195.t1,ko05130
Montipora_capitata_HIv3___RNAseq.g47196.t1,ko04145
Montipora_capitata_HIv3___RNAseq.g47196.t1,ko04540
Montipora_capitata_HIv3___RNAseq.g47196.t1,ko05130
Montipora_capitata_HIv3___TS.g1473.t1,ko04145
Montipora_capitata_HIv3___TS.g1473.t1,ko04540
Montipora_capitata_HIv3___TS.g1473.t1,ko05130
Montipora_capitata_HIv3___TS.g1508.t2a,ko02010
Montipora_capitata_HIv3___TS.g1508.t2a,ko04142
Montipora_capitata_HIv3___TS.g1508.t2a,ko04145
Montipora_capitata_HIv3___TS.g1508.t2a,ko04612
Montipora_capitata_HIv3___TS.g1508.t2a,ko05168
Montipora_capitata_HIv3___TS.g1508.t2a,ko05340
Montipora_capitata_HIv3___TS.g1509.t1,ko04144
Montipora_capitata_HIv3___RNAseq.g47246.t1,ko03013
Montipora_capitata_HIv3___TS.g1588.t3,ko00620
Montipora_capitata_HIv3___RNAseq.g47318.t1,ko00562
Montipora_capitata_HIv3___RNAseq.g47318.t1,ko01100
Montipora_capitata_HIv3___RNAseq.g47318.t1,ko04070
Montipora_capitata_HIv3___RNAseq.g47341.t1,ko00970
Montipora_capitata_HIv3___RNAseq.g47343.t1,ko04068
Montipora_capitata_HIv3___RNAseq.g47343.t1,ko04136
Montipora_capitata_HIv3___RNAseq.g47343.t1,ko04137
Montipora_capitata_HIv3___RNAseq.g47343.t1,ko04138
Montipora_capitata_HIv3___RNAseq.g47343.t1,ko04139
Montipora_capitata_HIv3___RNAseq.g47343.t1,ko04140
Montipora_capitata_HIv3___RNAseq.g47343.t1,ko04212
Montipora_capitata_HIv3___RNAseq.g47343.t1,ko04371
Montipora_capitata_HIv3___RNAseq.g47343.t1,ko04621
Montipora_capitata_HIv3___RNAseq.g47343.t1,ko04727
Montipora_capitata_HIv3___RNAseq.g47343.t1,ko05167
Montipora_capitata_HIv3___RNAseq.g47345.t1,ko04120
Montipora_capitata_HIv3___RNAseq.g47382.t1,ko04668
Montipora_capitata_HIv3___RNAseq.g47382.t1,ko05145
Montipora_capitata_HIv3___RNAseq.g47371.t1,ko03018
Montipora_capitata_HIv3___RNAseq.g47376.t1,ko00270
Montipora_capitata_HIv3___RNAseq.g47376.t1,ko00480
Montipora_capitata_HIv3___RNAseq.g47376.t1,ko01100
Montipora_capitata_HIv3___RNAseq.g47376.t1,ko04216
Montipora_capitata_HIv3___RNAseq.g47379.t1,ko03018
Montipora_capitata_HIv3___RNAseq.g47385.t1,ko04974
Montipora_capitata_HIv3___TS.g1671.t1,ko00270
Montipora_capitata_HIv3___TS.g1671.t1,ko00480
Montipora_capitata_HIv3___TS.g1671.t1,ko01100
Montipora_capitata_HIv3___TS.g1671.t1,ko04216
Montipora_capitata_HIv3___RNAseq.g47415.t1,ko04141
Montipora_capitata_HIv3___RNAseq.g47419.t1,ko03022
Montipora_capitata_HIv3___RNAseq.g47419.t1,ko05016
Montipora_capitata_HIv3___RNAseq.g47419.t1,ko05168
Montipora_capitata_HIv3___TS.g1703.t1a,ko04530
Montipora_capitata_HIv3___TS.g1703.t1a,ko05100
Montipora_capitata_HIv3___TS.g1703.t1a,ko05130
Montipora_capitata_HIv3___TS.g1703.t1a,ko05131
Montipora_capitata_HIv3___TS.g1703.t1a,ko05205
Montipora_capitata_HIv3___RNAseq.g47427.t1,ko03008
Montipora_capitata_HIv3___TS.g1703.t1c,ko00330
Montipora_capitata_HIv3___TS.g1703.t1c,ko00480
Montipora_capitata_HIv3___TS.g1703.t1c,ko01100
Montipora_capitata_HIv3___TS.g1703.t1c,ko01110
Montipora_capitata_HIv3___TS.g1703.t1c,ko01130
Montipora_capitata_HIv3___RNAseq.g47446.t1,ko04010
Montipora_capitata_HIv3___RNAseq.g47446.t1,ko04013
Montipora_capitata_HIv3___RNAseq.g47446.t1,ko04014
Montipora_capitata_HIv3___RNAseq.g47446.t1,ko04015
Montipora_capitata_HIv3___RNAseq.g47446.t1,ko04024
Montipora_capitata_HIv3___RNAseq.g47446.t1,ko04062
Montipora_capitata_HIv3___RNAseq.g47446.t1,ko04071
Montipora_capitata_HIv3___RNAseq.g47446.t1,ko04145
Montipora_capitata_HIv3___RNAseq.g47446.t1,ko04151
Montipora_capitata_HIv3___RNAseq.g47446.t1,ko04310
Montipora_capitata_HIv3___RNAseq.g47446.t1,ko04360
Montipora_capitata_HIv3___RNAseq.g47446.t1,ko04370
Montipora_capitata_HIv3___RNAseq.g47446.t1,ko04380
Montipora_capitata_HIv3___RNAseq.g47446.t1,ko04510
Montipora_capitata_HIv3___RNAseq.g47446.t1,ko04520
Montipora_capitata_HIv3___RNAseq.g47446.t1,ko04530
Montipora_capitata_HIv3___RNAseq.g47446.t1,ko04620
Montipora_capitata_HIv3___RNAseq.g47446.t1,ko04650
Montipora_capitata_HIv3___RNAseq.g47446.t1,ko04662
Montipora_capitata_HIv3___RNAseq.g47446.t1,ko04664
Montipora_capitata_HIv3___RNAseq.g47446.t1,ko04666
Montipora_capitata_HIv3___RNAseq.g47446.t1,ko04670
Montipora_capitata_HIv3___RNAseq.g47446.t1,ko04722
Montipora_capitata_HIv3___RNAseq.g47446.t1,ko04810
Montipora_capitata_HIv3___RNAseq.g47446.t1,ko04932
Montipora_capitata_HIv3___RNAseq.g47446.t1,ko04933
Montipora_capitata_HIv3___RNAseq.g47446.t1,ko04972
Montipora_capitata_HIv3___RNAseq.g47446.t1,ko05014
Montipora_capitata_HIv3___RNAseq.g47446.t1,ko05100
Montipora_capitata_HIv3___RNAseq.g47446.t1,ko05120
Montipora_capitata_HIv3___RNAseq.g47446.t1,ko05131
Montipora_capitata_HIv3___RNAseq.g47446.t1,ko05132
Montipora_capitata_HIv3___RNAseq.g47446.t1,ko05167
Montipora_capitata_HIv3___RNAseq.g47446.t1,ko05200
Montipora_capitata_HIv3___RNAseq.g47446.t1,ko05203
Montipora_capitata_HIv3___RNAseq.g47446.t1,ko05205
Montipora_capitata_HIv3___RNAseq.g47446.t1,ko05210
Montipora_capitata_HIv3___RNAseq.g47446.t1,ko05211
Montipora_capitata_HIv3___RNAseq.g47446.t1,ko05212
Montipora_capitata_HIv3___RNAseq.g47446.t1,ko05231
Montipora_capitata_HIv3___RNAseq.g47446.t1,ko05416
Montipora_capitata_HIv3___RNAseq.g47446.t1,ko05418
Montipora_capitata_HIv3___RNAseq.g47448.t1,ko00190
Montipora_capitata_HIv3___RNAseq.g47448.t1,ko01100
Montipora_capitata_HIv3___RNAseq.g47448.t1,ko04714
Montipora_capitata_HIv3___RNAseq.g47448.t1,ko04723
Montipora_capitata_HIv3___RNAseq.g47448.t1,ko04932
Montipora_capitata_HIv3___RNAseq.g47448.t1,ko05010
Montipora_capitata_HIv3___RNAseq.g47448.t1,ko05012
Montipora_capitata_HIv3___RNAseq.g47448.t1,ko05016
Montipora_capitata_HIv3___RNAseq.g47475.t1,ko03022
Montipora_capitata_HIv3___RNAseq.g47486.t1,ko04145
Montipora_capitata_HIv3___RNAseq.g47486.t1,ko04962
Montipora_capitata_HIv3___RNAseq.g47486.t1,ko05132
Montipora_capitata_HIv3___RNAseq.g47503.t1,ko04144
Montipora_capitata_HIv3___TS.g1786.t2,ko04152
Montipora_capitata_HIv3___TS.g1786.t2,ko04950
Montipora_capitata_HIv3___TS.g1787.t1,ko04152
Montipora_capitata_HIv3___TS.g1787.t1,ko04950
Montipora_capitata_HIv3___TS.g1797.t1,ko04130
Montipora_capitata_HIv3___TS.g1798.t2,ko04974
Montipora_capitata_HIv3___RNAseq.g47523.t1,ko04974
Montipora_capitata_HIv3___RNAseq.g47529.t1,ko00563
Montipora_capitata_HIv3___RNAseq.g47529.t1,ko01100
Montipora_capitata_HIv3___RNAseq.g47527.t1,ko04974
Montipora_capitata_HIv3___RNAseq.g47533.t1,ko03015
Montipora_capitata_HIv3___TS.g1820.t1,ko03015
Montipora_capitata_HIv3___TS.g1826.t1,ko03015
Montipora_capitata_HIv3___RNAseq.g47564.t1,ko03008
Montipora_capitata_HIv3___RNAseq.g47564.t1,ko03013
Montipora_capitata_HIv3___TS.g1845.t1,ko04120
Montipora_capitata_HIv3___TS.g1847.t1,ko04120
Montipora_capitata_HIv3___RNAseq.g47570.t1,ko03040
Montipora_capitata_HIv3___RNAseq.g47573.t1,ko04015
Montipora_capitata_HIv3___RNAseq.g47573.t1,ko04144
Montipora_capitata_HIv3___RNAseq.g47573.t1,ko04360
Montipora_capitata_HIv3___RNAseq.g47573.t1,ko04390
Montipora_capitata_HIv3___RNAseq.g47573.t1,ko04391
Montipora_capitata_HIv3___RNAseq.g47573.t1,ko04530
Montipora_capitata_HIv3___RNAseq.g47573.t1,ko05165
Montipora_capitata_HIv3___RNAseq.g47583.t1,ko04141
Montipora_capitata_HIv3___RNAseq.g47583.t1,ko05160
Montipora_capitata_HIv3___RNAseq.g47583.t1,ko05162
Montipora_capitata_HIv3___RNAseq.g47583.t1,ko05164
Montipora_capitata_HIv3___RNAseq.g47583.t1,ko05168
Montipora_capitata_HIv3___RNAseq.g47583.t1,ko05169
Montipora_capitata_HIv3___RNAseq.g47585.t1,ko00190
Montipora_capitata_HIv3___RNAseq.g47585.t1,ko01100
Montipora_capitata_HIv3___RNAseq.g47585.t1,ko02020
Montipora_capitata_HIv3___RNAseq.g47585.t1,ko04260
Montipora_capitata_HIv3___RNAseq.g47585.t1,ko04714
Montipora_capitata_HIv3___RNAseq.g47585.t1,ko04932
Montipora_capitata_HIv3___RNAseq.g47585.t1,ko05010
Montipora_capitata_HIv3___RNAseq.g47585.t1,ko05012
Montipora_capitata_HIv3___RNAseq.g47585.t1,ko05016
Montipora_capitata_HIv3___RNAseq.g47594.t1,ko04110
Montipora_capitata_HIv3___RNAseq.g47594.t1,ko04111
Montipora_capitata_HIv3___RNAseq.g47594.t1,ko04113
Montipora_capitata_HIv3___RNAseq.g47592.t2,ko04212
Montipora_capitata_HIv3___RNAseq.g47592.t2,ko05134
Montipora_capitata_HIv3___RNAseq.g47590.t1,ko04141
Montipora_capitata_HIv3___RNAseq.g47611.t1,ko00230
Montipora_capitata_HIv3___RNAseq.g47611.t1,ko01100
Montipora_capitata_HIv3___RNAseq.g47611.t1,ko04621
Montipora_capitata_HIv3___RNAseq.g47609.t1,ko04010
Montipora_capitata_HIv3___RNAseq.g47609.t1,ko04014
Montipora_capitata_HIv3___RNAseq.g47609.t1,ko04015
Montipora_capitata_HIv3___RNAseq.g47609.t1,ko04022
Montipora_capitata_HIv3___RNAseq.g47609.t1,ko04066
Montipora_capitata_HIv3___RNAseq.g47609.t1,ko04068
Montipora_capitata_HIv3___RNAseq.g47609.t1,ko04072
Montipora_capitata_HIv3___RNAseq.g47609.t1,ko04150
Montipora_capitata_HIv3___RNAseq.g47609.t1,ko04151
Montipora_capitata_HIv3___RNAseq.g47609.t1,ko04152
Montipora_capitata_HIv3___RNAseq.g47609.t1,ko04211
Montipora_capitata_HIv3___RNAseq.g47609.t1,ko04212
Montipora_capitata_HIv3___RNAseq.g47609.t1,ko04213
Montipora_capitata_HIv3___RNAseq.g47609.t1,ko04520
Montipora_capitata_HIv3___RNAseq.g47609.t1,ko04910
Montipora_capitata_HIv3___RNAseq.g47609.t1,ko04913
Montipora_capitata_HIv3___RNAseq.g47609.t1,ko04923
Montipora_capitata_HIv3___RNAseq.g47609.t1,ko04930
Montipora_capitata_HIv3___RNAseq.g47609.t1,ko04931
Montipora_capitata_HIv3___RNAseq.g47609.t1,ko04932
Montipora_capitata_HIv3___RNAseq.g47609.t1,ko04960
Montipora_capitata_HIv3___RNAseq.g47614.t1,ko04015
Montipora_capitata_HIv3___RNAseq.g47614.t1,ko04022
Montipora_capitata_HIv3___RNAseq.g47614.t1,ko04024
Montipora_capitata_HIv3___RNAseq.g47614.t1,ko04062
Montipora_capitata_HIv3___RNAseq.g47614.t1,ko04071
Montipora_capitata_HIv3___RNAseq.g47614.t1,ko04261
Montipora_capitata_HIv3___RNAseq.g47614.t1,ko04360
Montipora_capitata_HIv3___RNAseq.g47614.t1,ko04371
Montipora_capitata_HIv3___RNAseq.g47614.t1,ko04540
Montipora_capitata_HIv3___RNAseq.g47614.t1,ko04611
Montipora_capitata_HIv3___RNAseq.g47614.t1,ko04670
Montipora_capitata_HIv3___RNAseq.g47614.t1,ko04713
Montipora_capitata_HIv3___RNAseq.g47614.t1,ko04723
Montipora_capitata_HIv3___RNAseq.g47614.t1,ko04724
Montipora_capitata_HIv3___RNAseq.g47614.t1,ko04725
Montipora_capitata_HIv3___RNAseq.g47614.t1,ko04726
Montipora_capitata_HIv3___RNAseq.g47614.t1,ko04727
Montipora_capitata_HIv3___RNAseq.g47614.t1,ko04728
Montipora_capitata_HIv3___RNAseq.g47614.t1,ko04730
Montipora_capitata_HIv3___RNAseq.g47614.t1,ko04914
Montipora_capitata_HIv3___RNAseq.g47614.t1,ko04915
Montipora_capitata_HIv3___RNAseq.g47614.t1,ko04916
Montipora_capitata_HIv3___RNAseq.g47614.t1,ko04921
Montipora_capitata_HIv3___RNAseq.g47614.t1,ko04923
Montipora_capitata_HIv3___RNAseq.g47614.t1,ko04924
Montipora_capitata_HIv3___RNAseq.g47614.t1,ko04926
Montipora_capitata_HIv3___RNAseq.g47614.t1,ko04934
Montipora_capitata_HIv3___RNAseq.g47614.t1,ko04971
Montipora_capitata_HIv3___RNAseq.g47614.t1,ko05012
Montipora_capitata_HIv3___RNAseq.g47614.t1,ko05030
Montipora_capitata_HIv3___RNAseq.g47614.t1,ko05032
Montipora_capitata_HIv3___RNAseq.g47614.t1,ko05034
Montipora_capitata_HIv3___RNAseq.g47614.t1,ko05133
Montipora_capitata_HIv3___RNAseq.g47614.t1,ko05142
Montipora_capitata_HIv3___RNAseq.g47614.t1,ko05145
Montipora_capitata_HIv3___RNAseq.g47614.t1,ko05200
Montipora_capitata_HIv3___RNAseq.g47615.t1,ko04150
Montipora_capitata_HIv3___RNAseq.g47618.t1,ko04141
Montipora_capitata_HIv3___RNAseq.g47619.t2,ko04141
Montipora_capitata_HIv3___RNAseq.g47644.t1,ko03460
Montipora_capitata_HIv3___TS.g1925.t2,ko03040
Montipora_capitata_HIv3___RNAseq.g47654.t1,ko03018
Montipora_capitata_HIv3___RNAseq.g47656.t1,ko03018
Montipora_capitata_HIv3___RNAseq.g47808.t1,ko00450
Montipora_capitata_HIv3___RNAseq.g47808.t1,ko01100
Montipora_capitata_HIv3___RNAseq.g47810.t1,ko03030
Montipora_capitata_HIv3___RNAseq.g47810.t1,ko04110
Montipora_capitata_HIv3___RNAseq.g47810.t1,ko04111
Montipora_capitata_HIv3___RNAseq.g47810.t1,ko04113
Montipora_capitata_HIv3___RNAseq.g47816.t1,ko00051
Montipora_capitata_HIv3___RNAseq.g47816.t1,ko00520
Montipora_capitata_HIv3___RNAseq.g47816.t1,ko01100
Montipora_capitata_HIv3___RNAseq.g47826.t1,ko00515
Montipora_capitata_HIv3___RNAseq.g47826.t1,ko01100
Montipora_capitata_HIv3___RNAseq.g47825.t1,ko04217
Montipora_capitata_HIv3___RNAseq.g47825.t1,ko04621
Montipora_capitata_HIv3___TS.g2100.t2,ko04068
Montipora_capitata_HIv3___TS.g2100.t2,ko04110
Montipora_capitata_HIv3___TS.g2100.t2,ko04151
Montipora_capitata_HIv3___TS.g2100.t2,ko04218
Montipora_capitata_HIv3___TS.g2100.t2,ko04350
Montipora_capitata_HIv3___TS.g2100.t2,ko05165
Montipora_capitata_HIv3___TS.g2100.t2,ko05203
Montipora_capitata_HIv3___RNAseq.g47829.t1,ko00531
Montipora_capitata_HIv3___RNAseq.g47829.t1,ko01100
Montipora_capitata_HIv3___RNAseq.g47829.t1,ko04142
Montipora_capitata_HIv3___RNAseq.g47918.t1,ko04152
Montipora_capitata_HIv3___RNAseq.g47924.t1,ko04310
Montipora_capitata_HIv3___RNAseq.g47964.t1,ko00030
Montipora_capitata_HIv3___RNAseq.g47964.t1,ko01100
Montipora_capitata_HIv3___RNAseq.g47964.t1,ko01110
Montipora_capitata_HIv3___RNAseq.g47964.t1,ko01120
Montipora_capitata_HIv3___RNAseq.g47964.t1,ko01130
Montipora_capitata_HIv3___RNAseq.g47964.t1,ko01200
Montipora_capitata_HIv3___RNAseq.g47965.t1,ko04144
Montipora_capitata_HIv3___RNAseq.g47965.t1,ko04217
Montipora_capitata_HIv3___TS.g2272.t1,ko00220
Montipora_capitata_HIv3___TS.g2272.t1,ko00250
Montipora_capitata_HIv3___TS.g2272.t1,ko00710
Montipora_capitata_HIv3___TS.g2272.t1,ko01100
Montipora_capitata_HIv3___TS.g2272.t1,ko01120
Montipora_capitata_HIv3___TS.g2272.t1,ko01200
Montipora_capitata_HIv3___TS.g2272.t1,ko01210
Montipora_capitata_HIv3___TS.g2272.t1,ko01230
Montipora_capitata_HIv3___RNAseq.g47992.t1,ko00220
Montipora_capitata_HIv3___RNAseq.g47992.t1,ko00250
Montipora_capitata_HIv3___RNAseq.g47992.t1,ko00710
Montipora_capitata_HIv3___RNAseq.g47992.t1,ko01100
Montipora_capitata_HIv3___RNAseq.g47992.t1,ko01120
Montipora_capitata_HIv3___RNAseq.g47992.t1,ko01200
Montipora_capitata_HIv3___RNAseq.g47992.t1,ko01210
Montipora_capitata_HIv3___RNAseq.g47992.t1,ko01230
Montipora_capitata_HIv3___RNAseq.g47996.t1,ko00220
Montipora_capitata_HIv3___RNAseq.g47996.t1,ko00250
Montipora_capitata_HIv3___RNAseq.g47996.t1,ko00710
Montipora_capitata_HIv3___RNAseq.g47996.t1,ko01100
Montipora_capitata_HIv3___RNAseq.g47996.t1,ko01120
Montipora_capitata_HIv3___RNAseq.g47996.t1,ko01200
Montipora_capitata_HIv3___RNAseq.g47996.t1,ko01210
Montipora_capitata_HIv3___RNAseq.g47996.t1,ko01230
Montipora_capitata_HIv3___TS.g2306.t2,ko00521
Montipora_capitata_HIv3___TS.g2306.t2,ko00562
Montipora_capitata_HIv3___TS.g2306.t2,ko01100
Montipora_capitata_HIv3___TS.g2306.t2,ko04070
Montipora_capitata_HIv3___RNAseq.g48035.t1,ko04141
Montipora_capitata_HIv3___RNAseq.g48039.t1,ko03018
Montipora_capitata_HIv3___RNAseq.g48044.t1,ko04120
Montipora_capitata_HIv3___RNAseq.g48049.t1,ko03040
Montipora_capitata_HIv3___RNAseq.g48049.t1,ko05322
Montipora_capitata_HIv3___TS.g2339.t1,ko05200
Montipora_capitata_HIv3___TS.g2339.t1,ko05202
Montipora_capitata_HIv3___TS.g2339.t1,ko05221
Montipora_capitata_HIv3___RNAseq.g48106.t1,ko00982
Montipora_capitata_HIv3___RNAseq.g48106.t1,ko01120
Montipora_capitata_HIv3___RNAseq.g48110.t1,ko00982
Montipora_capitata_HIv3___RNAseq.g48110.t1,ko01120
Montipora_capitata_HIv3___RNAseq.g48111.t1,ko00982
Montipora_capitata_HIv3___RNAseq.g48111.t1,ko01120
Montipora_capitata_HIv3___RNAseq.g48127.t1b,ko04142
Montipora_capitata_HIv3___RNAseq.g48178.t1,ko05166
Montipora_capitata_HIv3___RNAseq.g48178.t1,ko05203
Montipora_capitata_HIv3___RNAseq.g48179.t1,ko05166
Montipora_capitata_HIv3___RNAseq.g48179.t1,ko05203
Montipora_capitata_HIv3___RNAseq.g48180.t1,ko00190
Montipora_capitata_HIv3___RNAseq.g48180.t1,ko01100
Montipora_capitata_HIv3___RNAseq.g48180.t1,ko04714
Montipora_capitata_HIv3___RNAseq.g48180.t1,ko04723
Montipora_capitata_HIv3___RNAseq.g48180.t1,ko04932
Montipora_capitata_HIv3___RNAseq.g48180.t1,ko05010
Montipora_capitata_HIv3___RNAseq.g48180.t1,ko05012
Montipora_capitata_HIv3___RNAseq.g48180.t1,ko05016
Montipora_capitata_HIv3___RNAseq.g48181.t1,ko03040
Montipora_capitata_HIv3___TS.g2470.t1,ko04014
Montipora_capitata_HIv3___TS.g2470.t1,ko04015
Montipora_capitata_HIv3___TS.g2470.t1,ko04016
Montipora_capitata_HIv3___TS.g2470.t1,ko04020
Montipora_capitata_HIv3___TS.g2470.t1,ko04022
Montipora_capitata_HIv3___TS.g2470.t1,ko04024
Montipora_capitata_HIv3___TS.g2470.t1,ko04070
Montipora_capitata_HIv3___TS.g2470.t1,ko04114
Montipora_capitata_HIv3___TS.g2470.t1,ko04218
Montipora_capitata_HIv3___TS.g2470.t1,ko04261
Montipora_capitata_HIv3___TS.g2470.t1,ko04270
Montipora_capitata_HIv3___TS.g2470.t1,ko04371
Montipora_capitata_HIv3___TS.g2470.t1,ko04626
Montipora_capitata_HIv3___TS.g2470.t1,ko04713
Montipora_capitata_HIv3___TS.g2470.t1,ko04720
Montipora_capitata_HIv3___TS.g2470.t1,ko04722
Montipora_capitata_HIv3___TS.g2470.t1,ko04728
Montipora_capitata_HIv3___TS.g2470.t1,ko04740
Montipora_capitata_HIv3___TS.g2470.t1,ko04744
Montipora_capitata_HIv3___TS.g2470.t1,ko04745
Montipora_capitata_HIv3___TS.g2470.t1,ko04750
Montipora_capitata_HIv3___TS.g2470.t1,ko04910
Montipora_capitata_HIv3___TS.g2470.t1,ko04912
Montipora_capitata_HIv3___TS.g2470.t1,ko04915
Montipora_capitata_HIv3___TS.g2470.t1,ko04916
Montipora_capitata_HIv3___TS.g2470.t1,ko04921
Montipora_capitata_HIv3___TS.g2470.t1,ko04922
Montipora_capitata_HIv3___TS.g2470.t1,ko04924
Montipora_capitata_HIv3___TS.g2470.t1,ko04925
Montipora_capitata_HIv3___TS.g2470.t1,ko04970
Montipora_capitata_HIv3___TS.g2470.t1,ko04971
Montipora_capitata_HIv3___TS.g2470.t1,ko05010
Montipora_capitata_HIv3___TS.g2470.t1,ko05031
Montipora_capitata_HIv3___TS.g2470.t1,ko05034
Montipora_capitata_HIv3___TS.g2470.t1,ko05133
Montipora_capitata_HIv3___TS.g2470.t1,ko05152
Montipora_capitata_HIv3___TS.g2470.t1,ko05167
Montipora_capitata_HIv3___TS.g2470.t1,ko05200
Montipora_capitata_HIv3___TS.g2470.t1,ko05214
Montipora_capitata_HIv3___TS.g2470.t1,ko05418
Montipora_capitata_HIv3___RNAseq.g48222.t1,ko04062
Montipora_capitata_HIv3___RNAseq.g48222.t1,ko05100
Montipora_capitata_HIv3___RNAseq.g48222.t1,ko05131
Montipora_capitata_HIv3___RNAseq.g48223.t1,ko00510
Montipora_capitata_HIv3___RNAseq.g48223.t1,ko01100
Montipora_capitata_HIv3___RNAseq.g48225.t1,ko03010
Montipora_capitata_HIv3___RNAseq.g48226.t1,ko03040
Montipora_capitata_HIv3___RNAseq.g48242.t1,ko05016
Montipora_capitata_HIv3___RNAseq.g48244.t1,ko04624
Montipora_capitata_HIv3___RNAseq.g48256.t1,ko04512
Montipora_capitata_HIv3___RNAseq.g48274.t1,ko04512
Montipora_capitata_HIv3___RNAseq.g48275.t1,ko03040
Montipora_capitata_HIv3___RNAseq.g48276.t1,ko03040
Montipora_capitata_HIv3___RNAseq.g48277.t1,ko00260
Montipora_capitata_HIv3___RNAseq.g48277.t1,ko00630
Montipora_capitata_HIv3___RNAseq.g48277.t1,ko01100
Montipora_capitata_HIv3___RNAseq.g48277.t1,ko01110
Montipora_capitata_HIv3___RNAseq.g48277.t1,ko01130
Montipora_capitata_HIv3___RNAseq.g48277.t1,ko01200
Montipora_capitata_HIv3___RNAseq.g48280.t1,ko00270
Montipora_capitata_HIv3___RNAseq.g48280.t1,ko00480
Montipora_capitata_HIv3___RNAseq.g48280.t1,ko01100
Montipora_capitata_HIv3___RNAseq.g48280.t1,ko04216
Montipora_capitata_HIv3___TS.g2570.t1b,ko04974
Montipora_capitata_HIv3___RNAseq.g48479.t1,ko05164
Montipora_capitata_HIv3___RNAseq.36991_t,ko00532
Montipora_capitata_HIv3___RNAseq.36991_t,ko01100
Montipora_capitata_HIv3___TS.g2770.t1,ko00562
Montipora_capitata_HIv3___TS.g2770.t1,ko01100
Montipora_capitata_HIv3___TS.g2770.t1,ko01521
Montipora_capitata_HIv3___TS.g2770.t1,ko04012
Montipora_capitata_HIv3___TS.g2770.t1,ko04014
Montipora_capitata_HIv3___TS.g2770.t1,ko04015
Montipora_capitata_HIv3___TS.g2770.t1,ko04020
Montipora_capitata_HIv3___TS.g2770.t1,ko04064
Montipora_capitata_HIv3___TS.g2770.t1,ko04066
Montipora_capitata_HIv3___TS.g2770.t1,ko04070
Montipora_capitata_HIv3___TS.g2770.t1,ko04072
Montipora_capitata_HIv3___TS.g2770.t1,ko04360
Montipora_capitata_HIv3___TS.g2770.t1,ko04370
Montipora_capitata_HIv3___TS.g2770.t1,ko04380
Montipora_capitata_HIv3___TS.g2770.t1,ko04611
Montipora_capitata_HIv3___TS.g2770.t1,ko04650
Montipora_capitata_HIv3___TS.g2770.t1,ko04658
Montipora_capitata_HIv3___TS.g2770.t1,ko04659
Montipora_capitata_HIv3___TS.g2770.t1,ko04660
Montipora_capitata_HIv3___TS.g2770.t1,ko04662
Montipora_capitata_HIv3___TS.g2770.t1,ko04664
Montipora_capitata_HIv3___TS.g2770.t1,ko04666
Montipora_capitata_HIv3___TS.g2770.t1,ko04670
Montipora_capitata_HIv3___TS.g2770.t1,ko04722
Montipora_capitata_HIv3___TS.g2770.t1,ko04750
Montipora_capitata_HIv3___TS.g2770.t1,ko04919
Montipora_capitata_HIv3___TS.g2770.t1,ko04933
Montipora_capitata_HIv3___TS.g2770.t1,ko05110
Montipora_capitata_HIv3___TS.g2770.t1,ko05120
Montipora_capitata_HIv3___TS.g2770.t1,ko05167
Montipora_capitata_HIv3___TS.g2770.t1,ko05169
Montipora_capitata_HIv3___TS.g2770.t1,ko05200
Montipora_capitata_HIv3___TS.g2770.t1,ko05205
Montipora_capitata_HIv3___TS.g2770.t1,ko05206
Montipora_capitata_HIv3___TS.g2770.t1,ko05214
Montipora_capitata_HIv3___TS.g2770.t1,ko05223
Montipora_capitata_HIv3___TS.g2770.t1,ko05225
Montipora_capitata_HIv3___TS.g2770.t1,ko05231
Montipora_capitata_HIv3___RNAseq.g48486.t1,ko00562
Montipora_capitata_HIv3___RNAseq.g48486.t1,ko01100
Montipora_capitata_HIv3___RNAseq.g48486.t1,ko01521
Montipora_capitata_HIv3___RNAseq.g48486.t1,ko04012
Montipora_capitata_HIv3___RNAseq.g48486.t1,ko04014
Montipora_capitata_HIv3___RNAseq.g48486.t1,ko04015
Montipora_capitata_HIv3___RNAseq.g48486.t1,ko04020
Montipora_capitata_HIv3___RNAseq.g48486.t1,ko04064
Montipora_capitata_HIv3___RNAseq.g48486.t1,ko04066
Montipora_capitata_HIv3___RNAseq.g48486.t1,ko04070
Montipora_capitata_HIv3___RNAseq.g48486.t1,ko04072
Montipora_capitata_HIv3___RNAseq.g48486.t1,ko04360
Montipora_capitata_HIv3___RNAseq.g48486.t1,ko04370
Montipora_capitata_HIv3___RNAseq.g48486.t1,ko04380
Montipora_capitata_HIv3___RNAseq.g48486.t1,ko04611
Montipora_capitata_HIv3___RNAseq.g48486.t1,ko04650
Montipora_capitata_HIv3___RNAseq.g48486.t1,ko04658
Montipora_capitata_HIv3___RNAseq.g48486.t1,ko04659
Montipora_capitata_HIv3___RNAseq.g48486.t1,ko04660
Montipora_capitata_HIv3___RNAseq.g48486.t1,ko04662
Montipora_capitata_HIv3___RNAseq.g48486.t1,ko04664
Montipora_capitata_HIv3___RNAseq.g48486.t1,ko04666
Montipora_capitata_HIv3___RNAseq.g48486.t1,ko04670
Montipora_capitata_HIv3___RNAseq.g48486.t1,ko04722
Montipora_capitata_HIv3___RNAseq.g48486.t1,ko04750
Montipora_capitata_HIv3___RNAseq.g48486.t1,ko04919
Montipora_capitata_HIv3___RNAseq.g48486.t1,ko04933
Montipora_capitata_HIv3___RNAseq.g48486.t1,ko05110
Montipora_capitata_HIv3___RNAseq.g48486.t1,ko05120
Montipora_capitata_HIv3___RNAseq.g48486.t1,ko05167
Montipora_capitata_HIv3___RNAseq.g48486.t1,ko05169
Montipora_capitata_HIv3___RNAseq.g48486.t1,ko05200
Montipora_capitata_HIv3___RNAseq.g48486.t1,ko05205
Montipora_capitata_HIv3___RNAseq.g48486.t1,ko05206
Montipora_capitata_HIv3___RNAseq.g48486.t1,ko05214
Montipora_capitata_HIv3___RNAseq.g48486.t1,ko05223
Montipora_capitata_HIv3___RNAseq.g48486.t1,ko05225
Montipora_capitata_HIv3___RNAseq.g48486.t1,ko05231
Montipora_capitata_HIv3___TS.g2782.t3,ko04310
Montipora_capitata_HIv3___RNAseq.g48639.t1,ko04520
Montipora_capitata_HIv3___RNAseq.g48639.t1,ko04630
Montipora_capitata_HIv3___RNAseq.g48639.t1,ko04910
Montipora_capitata_HIv3___RNAseq.g48639.t1,ko04931
Montipora_capitata_HIv3___RNAseq.g48640.t1,ko00010
Montipora_capitata_HIv3___RNAseq.g48640.t1,ko00020
Montipora_capitata_HIv3___RNAseq.g48640.t1,ko00620
Montipora_capitata_HIv3___RNAseq.g48640.t1,ko01100
Montipora_capitata_HIv3___RNAseq.g48640.t1,ko01110
Montipora_capitata_HIv3___RNAseq.g48640.t1,ko01120
Montipora_capitata_HIv3___RNAseq.g48640.t1,ko01130
Montipora_capitata_HIv3___RNAseq.g48640.t1,ko03320
Montipora_capitata_HIv3___RNAseq.g48640.t1,ko04068
Montipora_capitata_HIv3___RNAseq.g48640.t1,ko04151
Montipora_capitata_HIv3___RNAseq.g48640.t1,ko04152
Montipora_capitata_HIv3___RNAseq.g48640.t1,ko04910
Montipora_capitata_HIv3___RNAseq.g48640.t1,ko04920
Montipora_capitata_HIv3___RNAseq.g48640.t1,ko04922
Montipora_capitata_HIv3___RNAseq.g48640.t1,ko04931
Montipora_capitata_HIv3___RNAseq.g48640.t1,ko04964
Montipora_capitata_HIv3___RNAseq.g48641.t1,ko00010
Montipora_capitata_HIv3___RNAseq.g48641.t1,ko00020
Montipora_capitata_HIv3___RNAseq.g48641.t1,ko00620
Montipora_capitata_HIv3___RNAseq.g48641.t1,ko01100
Montipora_capitata_HIv3___RNAseq.g48641.t1,ko01110
Montipora_capitata_HIv3___RNAseq.g48641.t1,ko01120
Montipora_capitata_HIv3___RNAseq.g48641.t1,ko01130
Montipora_capitata_HIv3___RNAseq.g48641.t1,ko03320
Montipora_capitata_HIv3___RNAseq.g48641.t1,ko04068
Montipora_capitata_HIv3___RNAseq.g48641.t1,ko04151
Montipora_capitata_HIv3___RNAseq.g48641.t1,ko04152
Montipora_capitata_HIv3___RNAseq.g48641.t1,ko04910
Montipora_capitata_HIv3___RNAseq.g48641.t1,ko04920
Montipora_capitata_HIv3___RNAseq.g48641.t1,ko04922
Montipora_capitata_HIv3___RNAseq.g48641.t1,ko04931
Montipora_capitata_HIv3___RNAseq.g48641.t1,ko04964
Montipora_capitata_HIv3___RNAseq.g48661.t1,ko03015
Montipora_capitata_HIv3___RNAseq.g48682.t1,ko03040
Montipora_capitata_HIv3___RNAseq.g48671.t1,ko04120
Montipora_capitata_HIv3___RNAseq.g48671.t1,ko04144
Montipora_capitata_HIv3___RNAseq.g48680.t1,ko04014
Montipora_capitata_HIv3___TS.g3001.t1,ko04962
Montipora_capitata_HIv3___RNAseq.g48713.t1,ko05203
Montipora_capitata_HIv3___RNAseq.g48759.t1,ko04979
Montipora_capitata_HIv3___RNAseq.g48848.t1,ko03008
Montipora_capitata_HIv3___TS.g3136.t1c,ko03040
Montipora_capitata_HIv3___TS.g3138.t1,ko03040
Montipora_capitata_HIv3___RNAseq.g48830.t1,ko03030
Montipora_capitata_HIv3___RNAseq.g48830.t1,ko03410
Montipora_capitata_HIv3___RNAseq.g48830.t1,ko03450
Montipora_capitata_HIv3___RNAseq.g48837.t1,ko03030
Montipora_capitata_HIv3___RNAseq.g48837.t1,ko03410
Montipora_capitata_HIv3___RNAseq.g48837.t1,ko03450
Montipora_capitata_HIv3___RNAseq.g48854.t1,ko03008
Montipora_capitata_HIv3___RNAseq.g48854.t1,ko03013
Montipora_capitata_HIv3___RNAseq.37413_t,ko04141
Montipora_capitata_HIv3___RNAseq.g48997.t2,ko00440
Montipora_capitata_HIv3___RNAseq.g48997.t2,ko01100
Montipora_capitata_HIv3___RNAseq.g48997.t2,ko01120
Montipora_capitata_HIv3___RNAseq.g48997.t2,ko01130
Montipora_capitata_HIv3___RNAseq.g49026.t1,ko04360
Montipora_capitata_HIv3___RNAseq.g49026.t1,ko04745
Montipora_capitata_HIv3___RNAseq.g49040.t1,ko00230
Montipora_capitata_HIv3___RNAseq.g49040.t1,ko00232
Montipora_capitata_HIv3___RNAseq.g49040.t1,ko00983
Montipora_capitata_HIv3___RNAseq.g49040.t1,ko01100
Montipora_capitata_HIv3___RNAseq.g49040.t1,ko01110
Montipora_capitata_HIv3___RNAseq.g49040.t1,ko01120
Montipora_capitata_HIv3___RNAseq.g49040.t1,ko04146
Montipora_capitata_HIv3___RNAseq.g49059.t1,ko00900
Montipora_capitata_HIv3___RNAseq.g49059.t1,ko01130
Montipora_capitata_HIv3___RNAseq.g49060.t1,ko00600
Montipora_capitata_HIv3___RNAseq.g49060.t1,ko01100
Montipora_capitata_HIv3___RNAseq.g49060.t1,ko04071
Montipora_capitata_HIv3___RNAseq.g49064.t1,ko04144
Montipora_capitata_HIv3___RNAseq.g49068.t1,ko04144
Montipora_capitata_HIv3___RNAseq.g49061.t1,ko04144
Montipora_capitata_HIv3___RNAseq.g49069.t1,ko01523
Montipora_capitata_HIv3___RNAseq.g49069.t1,ko04010
Montipora_capitata_HIv3___RNAseq.g49069.t1,ko04014
Montipora_capitata_HIv3___RNAseq.g49069.t1,ko04062
Montipora_capitata_HIv3___RNAseq.g49069.t1,ko04064
Montipora_capitata_HIv3___RNAseq.g49069.t1,ko04068
Montipora_capitata_HIv3___RNAseq.g49069.t1,ko04150
Montipora_capitata_HIv3___RNAseq.g49069.t1,ko04151
Montipora_capitata_HIv3___RNAseq.g49069.t1,ko04210
Montipora_capitata_HIv3___RNAseq.g49069.t1,ko04380
Montipora_capitata_HIv3___RNAseq.g49069.t1,ko04620
Montipora_capitata_HIv3___RNAseq.g49069.t1,ko04621
Montipora_capitata_HIv3___RNAseq.g49069.t1,ko04622
Montipora_capitata_HIv3___RNAseq.g49069.t1,ko04623
Montipora_capitata_HIv3___RNAseq.g49069.t1,ko04624
Montipora_capitata_HIv3___RNAseq.g49069.t1,ko04657
Montipora_capitata_HIv3___RNAseq.g49069.t1,ko04658
Montipora_capitata_HIv3___RNAseq.g49069.t1,ko04659
Montipora_capitata_HIv3___RNAseq.g49069.t1,ko04660
Montipora_capitata_HIv3___RNAseq.g49069.t1,ko04662
Montipora_capitata_HIv3___RNAseq.g49069.t1,ko04668
Montipora_capitata_HIv3___RNAseq.g49069.t1,ko04722
Montipora_capitata_HIv3___RNAseq.g49069.t1,ko04910
Montipora_capitata_HIv3___RNAseq.g49069.t1,ko04920
Montipora_capitata_HIv3___RNAseq.g49069.t1,ko04930
Montipora_capitata_HIv3___RNAseq.g49069.t1,ko04931
Montipora_capitata_HIv3___RNAseq.g49069.t1,ko04932
Montipora_capitata_HIv3___RNAseq.g49069.t1,ko05120
Montipora_capitata_HIv3___RNAseq.g49069.t1,ko05131
Montipora_capitata_HIv3___RNAseq.g49069.t1,ko05142
Montipora_capitata_HIv3___RNAseq.g49069.t1,ko05145
Montipora_capitata_HIv3___RNAseq.g49069.t1,ko05160
Montipora_capitata_HIv3___RNAseq.g49069.t1,ko05161
Montipora_capitata_HIv3___RNAseq.g49069.t1,ko05162
Montipora_capitata_HIv3___RNAseq.g49069.t1,ko05164
Montipora_capitata_HIv3___RNAseq.g49069.t1,ko05165
Montipora_capitata_HIv3___RNAseq.g49069.t1,ko05166
Montipora_capitata_HIv3___RNAseq.g49069.t1,ko05167
Montipora_capitata_HIv3___RNAseq.g49069.t1,ko05168
Montipora_capitata_HIv3___RNAseq.g49069.t1,ko05169
Montipora_capitata_HIv3___RNAseq.g49069.t1,ko05200
Montipora_capitata_HIv3___RNAseq.g49069.t1,ko05206
Montipora_capitata_HIv3___RNAseq.g49069.t1,ko05212
Montipora_capitata_HIv3___RNAseq.g49069.t1,ko05215
Montipora_capitata_HIv3___RNAseq.g49069.t1,ko05220
Montipora_capitata_HIv3___RNAseq.g49069.t1,ko05221
Montipora_capitata_HIv3___RNAseq.g49069.t1,ko05222
Montipora_capitata_HIv3___RNAseq.g49069.t1,ko05418
Montipora_capitata_HIv3___RNAseq.g49224.t1,ko04934
Montipora_capitata_HIv3___RNAseq.g49225.t1,ko04510
Montipora_capitata_HIv3___RNAseq.g49225.t1,ko04520
Montipora_capitata_HIv3___RNAseq.g49225.t1,ko04670
Montipora_capitata_HIv3___RNAseq.g49225.t1,ko04810
Montipora_capitata_HIv3___RNAseq.g49225.t1,ko05100
Montipora_capitata_HIv3___RNAseq.g49225.t1,ko05131
Montipora_capitata_HIv3___RNAseq.g49225.t1,ko05146
Montipora_capitata_HIv3___RNAseq.g49320.t2,ko00051
Montipora_capitata_HIv3___RNAseq.g49320.t2,ko04066
Montipora_capitata_HIv3___RNAseq.g49320.t2,ko04152
Montipora_capitata_HIv3___RNAseq.g49320.t2,ko04919
Montipora_capitata_HIv3___RNAseq.g49320.t2,ko04922
Montipora_capitata_HIv3___TS.g3647.t1,ko04010
Montipora_capitata_HIv3___RNAseq.g49322.t1,ko03010
Montipora_capitata_HIv3___RNAseq.g49325.t1,ko04360
Montipora_capitata_HIv3___TS.g3685.t1,ko00900
Montipora_capitata_HIv3___TS.g3685.t1,ko01100
Montipora_capitata_HIv3___TS.g3685.t1,ko01110
Montipora_capitata_HIv3___TS.g3685.t1,ko01130
Montipora_capitata_HIv3___TS.g3685.t1,ko05164
Montipora_capitata_HIv3___TS.g3685.t1,ko05166
Montipora_capitata_HIv3___TS.g3689.t3,ko00900
Montipora_capitata_HIv3___TS.g3689.t3,ko01100
Montipora_capitata_HIv3___TS.g3689.t3,ko01110
Montipora_capitata_HIv3___TS.g3689.t3,ko01130
Montipora_capitata_HIv3___TS.g3689.t3,ko05164
Montipora_capitata_HIv3___TS.g3689.t3,ko05166
Montipora_capitata_HIv3___TS.g3691.t3a,ko04151
Montipora_capitata_HIv3___TS.g3691.t3a,ko04218
Montipora_capitata_HIv3___TS.g3691.t3a,ko05166
Montipora_capitata_HIv3___RNAseq.g49392.t1,ko00230
Montipora_capitata_HIv3___RNAseq.g49394.t1,ko00230
Montipora_capitata_HIv3___RNAseq.g49411.t1,ko00520
Montipora_capitata_HIv3___RNAseq.g49411.t1,ko01100
Montipora_capitata_HIv3___RNAseq.g49411.t1,ko01130
Montipora_capitata_HIv3___RNAseq.g49412.t1,ko00520
Montipora_capitata_HIv3___RNAseq.g49412.t1,ko01100
Montipora_capitata_HIv3___RNAseq.g49412.t1,ko01130
Montipora_capitata_HIv3___RNAseq.g49425.t1,ko00280
Montipora_capitata_HIv3___RNAseq.g49425.t1,ko01100
Montipora_capitata_HIv3___RNAseq.g49482.t1,ko03010
Montipora_capitata_HIv3___RNAseq.g49475.t1,ko00230
Montipora_capitata_HIv3___RNAseq.g49475.t1,ko00240
Montipora_capitata_HIv3___RNAseq.g49475.t1,ko01100
Montipora_capitata_HIv3___RNAseq.g49475.t1,ko03020
Montipora_capitata_HIv3___RNAseq.g49475.t1,ko04623
Montipora_capitata_HIv3___RNAseq.g49475.t1,ko05169
Montipora_capitata_HIv3___RNAseq.g49476.t1,ko00564
Montipora_capitata_HIv3___RNAseq.g49476.t1,ko01100
Montipora_capitata_HIv3___RNAseq.g49476.t1,ko01110
Montipora_capitata_HIv3___RNAseq.g49476.t1,ko04070
Montipora_capitata_HIv3___RNAseq.g49477.t1,ko03030
Montipora_capitata_HIv3___RNAseq.g49477.t1,ko03410
Montipora_capitata_HIv3___RNAseq.g49477.t1,ko03420
Montipora_capitata_HIv3___RNAseq.g49477.t1,ko03430
Montipora_capitata_HIv3___RNAseq.g49477.t1,ko04110
Montipora_capitata_HIv3___RNAseq.g49477.t1,ko04530
Montipora_capitata_HIv3___RNAseq.g49477.t1,ko05161
Montipora_capitata_HIv3___RNAseq.g49477.t1,ko05166
Montipora_capitata_HIv3___RNAseq.g49497.t1,ko03050
Montipora_capitata_HIv3___RNAseq.g49497.t1,ko05169
Montipora_capitata_HIv3___TS.g3836.t1,ko04138
Montipora_capitata_HIv3___TS.g3838.t1,ko04144
Montipora_capitata_HIv3___TS.g3840.t2,ko04144
Montipora_capitata_HIv3___TS.g3883.t2,ko03450
Montipora_capitata_HIv3___RNAseq.g49550.t1,ko00010
Montipora_capitata_HIv3___RNAseq.g49550.t1,ko00053
Montipora_capitata_HIv3___RNAseq.g49550.t1,ko00071
Montipora_capitata_HIv3___RNAseq.g49550.t1,ko00280
Montipora_capitata_HIv3___RNAseq.g49550.t1,ko00310
Montipora_capitata_HIv3___RNAseq.g49550.t1,ko00330
Montipora_capitata_HIv3___RNAseq.g49550.t1,ko00340
Montipora_capitata_HIv3___RNAseq.g49550.t1,ko00350
Montipora_capitata_HIv3___RNAseq.g49550.t1,ko00360
Montipora_capitata_HIv3___RNAseq.g49550.t1,ko00380
Montipora_capitata_HIv3___RNAseq.g49550.t1,ko00410
Montipora_capitata_HIv3___RNAseq.g49550.t1,ko00561
Montipora_capitata_HIv3___RNAseq.g49550.t1,ko00620
Montipora_capitata_HIv3___RNAseq.g49550.t1,ko00625
Montipora_capitata_HIv3___RNAseq.g49550.t1,ko00903
Montipora_capitata_HIv3___RNAseq.g49550.t1,ko00980
Montipora_capitata_HIv3___RNAseq.g49550.t1,ko00981
Montipora_capitata_HIv3___RNAseq.g49550.t1,ko00982
Montipora_capitata_HIv3___RNAseq.g49550.t1,ko01100
Montipora_capitata_HIv3___RNAseq.g49550.t1,ko01110
Montipora_capitata_HIv3___RNAseq.g49550.t1,ko01120
Montipora_capitata_HIv3___RNAseq.g49550.t1,ko01130
Montipora_capitata_HIv3___RNAseq.g49550.t1,ko04011
Montipora_capitata_HIv3___RNAseq.g49550.t1,ko04014
Montipora_capitata_HIv3___RNAseq.g49550.t1,ko04015
Montipora_capitata_HIv3___RNAseq.g49550.t1,ko04022
Montipora_capitata_HIv3___RNAseq.g49550.t1,ko04024
Montipora_capitata_HIv3___RNAseq.g49550.t1,ko04062
Montipora_capitata_HIv3___RNAseq.g49550.t1,ko04071
Montipora_capitata_HIv3___RNAseq.g49550.t1,ko04072
Montipora_capitata_HIv3___RNAseq.g49550.t1,ko04144
Montipora_capitata_HIv3___RNAseq.g49550.t1,ko04150
Montipora_capitata_HIv3___RNAseq.g49550.t1,ko04270
Montipora_capitata_HIv3___RNAseq.g49550.t1,ko04310
Montipora_capitata_HIv3___RNAseq.g49550.t1,ko04350
Montipora_capitata_HIv3___RNAseq.g49550.t1,ko04360
Montipora_capitata_HIv3___RNAseq.g49550.t1,ko04510
Montipora_capitata_HIv3___RNAseq.g49550.t1,ko04520
Montipora_capitata_HIv3___RNAseq.g49550.t1,ko04530
Montipora_capitata_HIv3___RNAseq.g49550.t1,ko04611
Montipora_capitata_HIv3___RNAseq.g49550.t1,ko04621
Montipora_capitata_HIv3___RNAseq.g49550.t1,ko04660
Montipora_capitata_HIv3___RNAseq.g49550.t1,ko04670
Montipora_capitata_HIv3___RNAseq.g49550.t1,ko04722
Montipora_capitata_HIv3___RNAseq.g49550.t1,ko04810
Montipora_capitata_HIv3___RNAseq.g49550.t1,ko04921
Montipora_capitata_HIv3___RNAseq.g49550.t1,ko04972
Montipora_capitata_HIv3___RNAseq.g49550.t1,ko05100
Montipora_capitata_HIv3___RNAseq.g49550.t1,ko05130
Montipora_capitata_HIv3___RNAseq.g49550.t1,ko05133
Montipora_capitata_HIv3___RNAseq.g49550.t1,ko05152
Montipora_capitata_HIv3___RNAseq.g49550.t1,ko05200
Montipora_capitata_HIv3___RNAseq.g49550.t1,ko05203
Montipora_capitata_HIv3___RNAseq.g49550.t1,ko05204
Montipora_capitata_HIv3___RNAseq.g49550.t1,ko05205
Montipora_capitata_HIv3___RNAseq.g49550.t1,ko05206
Montipora_capitata_HIv3___RNAseq.g49550.t1,ko05210
Montipora_capitata_HIv3___RNAseq.g49550.t1,ko05418
Montipora_capitata_HIv3___RNAseq.g49555.t1,ko04068
Montipora_capitata_HIv3___RNAseq.g49555.t1,ko04136
Montipora_capitata_HIv3___RNAseq.g49555.t1,ko04137
Montipora_capitata_HIv3___RNAseq.g49555.t1,ko04138
Montipora_capitata_HIv3___RNAseq.g49555.t1,ko04139
Montipora_capitata_HIv3___RNAseq.g49555.t1,ko04140
Montipora_capitata_HIv3___RNAseq.g49555.t1,ko04212
Montipora_capitata_HIv3___RNAseq.g49555.t1,ko04216
Montipora_capitata_HIv3___RNAseq.g49555.t1,ko04371
Montipora_capitata_HIv3___RNAseq.g49555.t1,ko04621
Montipora_capitata_HIv3___RNAseq.g49555.t1,ko04727
Montipora_capitata_HIv3___RNAseq.g49555.t1,ko05167
Montipora_capitata_HIv3___RNAseq.g49558.t1,ko01521
Montipora_capitata_HIv3___RNAseq.g49558.t1,ko01522
Montipora_capitata_HIv3___RNAseq.g49558.t1,ko04010
Montipora_capitata_HIv3___RNAseq.g49558.t1,ko04012
Montipora_capitata_HIv3___RNAseq.g49558.t1,ko04013
Montipora_capitata_HIv3___RNAseq.g49558.t1,ko04014
Montipora_capitata_HIv3___RNAseq.g49558.t1,ko04015
Montipora_capitata_HIv3___RNAseq.g49558.t1,ko04062
Montipora_capitata_HIv3___RNAseq.g49558.t1,ko04068
Montipora_capitata_HIv3___RNAseq.g49558.t1,ko04071
Montipora_capitata_HIv3___RNAseq.g49558.t1,ko04072
Montipora_capitata_HIv3___RNAseq.g49558.t1,ko04137
Montipora_capitata_HIv3___RNAseq.g49558.t1,ko04138
Montipora_capitata_HIv3___RNAseq.g49558.t1,ko04140
Montipora_capitata_HIv3___RNAseq.g49558.t1,ko04150
Montipora_capitata_HIv3___RNAseq.g49558.t1,ko04151
Montipora_capitata_HIv3___RNAseq.g49558.t1,ko04210
Montipora_capitata_HIv3___RNAseq.g49558.t1,ko04211
Montipora_capitata_HIv3___RNAseq.g49558.t1,ko04213
Montipora_capitata_HIv3___RNAseq.g49558.t1,ko04214
Montipora_capitata_HIv3___RNAseq.g49558.t1,ko04218
Montipora_capitata_HIv3___RNAseq.g49558.t1,ko04320
Montipora_capitata_HIv3___RNAseq.g49558.t1,ko04360
Montipora_capitata_HIv3___RNAseq.g49558.t1,ko04370
Montipora_capitata_HIv3___RNAseq.g49558.t1,ko04371
Montipora_capitata_HIv3___RNAseq.g49558.t1,ko04540
Montipora_capitata_HIv3___RNAseq.g49558.t1,ko04550
Montipora_capitata_HIv3___RNAseq.g49558.t1,ko04650
Montipora_capitata_HIv3___RNAseq.g49558.t1,ko04660
Montipora_capitata_HIv3___RNAseq.g49558.t1,ko04662
Montipora_capitata_HIv3___RNAseq.g49558.t1,ko04664
Montipora_capitata_HIv3___RNAseq.g49558.t1,ko04714
Montipora_capitata_HIv3___RNAseq.g49558.t1,ko04720
Montipora_capitata_HIv3___RNAseq.g49558.t1,ko04722
Montipora_capitata_HIv3___RNAseq.g49558.t1,ko04725
Montipora_capitata_HIv3___RNAseq.g49558.t1,ko04726
Montipora_capitata_HIv3___RNAseq.g49558.t1,ko04730
Montipora_capitata_HIv3___RNAseq.g49558.t1,ko04810
Montipora_capitata_HIv3___RNAseq.g49558.t1,ko04910
Montipora_capitata_HIv3___RNAseq.g49558.t1,ko04912
Montipora_capitata_HIv3___RNAseq.g49558.t1,ko04914
Montipora_capitata_HIv3___RNAseq.g49558.t1,ko04915
Montipora_capitata_HIv3___RNAseq.g49558.t1,ko04916
Montipora_capitata_HIv3___RNAseq.g49558.t1,ko04917
Montipora_capitata_HIv3___RNAseq.g49558.t1,ko04919
Montipora_capitata_HIv3___RNAseq.g49558.t1,ko04921
Montipora_capitata_HIv3___RNAseq.g49558.t1,ko04926
Montipora_capitata_HIv3___RNAseq.g49558.t1,ko04933
Montipora_capitata_HIv3___RNAseq.g49558.t1,ko04960
Montipora_capitata_HIv3___RNAseq.g49558.t1,ko05034
Montipora_capitata_HIv3___RNAseq.g49558.t1,ko05160
Montipora_capitata_HIv3___RNAseq.g49558.t1,ko05161
Montipora_capitata_HIv3___RNAseq.g49558.t1,ko05165
Montipora_capitata_HIv3___RNAseq.g49558.t1,ko05166
Montipora_capitata_HIv3___RNAseq.g49558.t1,ko05167
Montipora_capitata_HIv3___RNAseq.g49558.t1,ko05200
Montipora_capitata_HIv3___RNAseq.g49558.t1,ko05203
Montipora_capitata_HIv3___RNAseq.g49558.t1,ko05205
Montipora_capitata_HIv3___RNAseq.g49558.t1,ko05206
Montipora_capitata_HIv3___RNAseq.g49558.t1,ko05210
Montipora_capitata_HIv3___RNAseq.g49558.t1,ko05211
Montipora_capitata_HIv3___RNAseq.g49558.t1,ko05212
Montipora_capitata_HIv3___RNAseq.g49558.t1,ko05213
Montipora_capitata_HIv3___RNAseq.g49558.t1,ko05214
Montipora_capitata_HIv3___RNAseq.g49558.t1,ko05215
Montipora_capitata_HIv3___RNAseq.g49558.t1,ko05216
Montipora_capitata_HIv3___RNAseq.g49558.t1,ko05218
Montipora_capitata_HIv3___RNAseq.g49558.t1,ko05219
Montipora_capitata_HIv3___RNAseq.g49558.t1,ko05220
Montipora_capitata_HIv3___RNAseq.g49558.t1,ko05221
Montipora_capitata_HIv3___RNAseq.g49558.t1,ko05223
Montipora_capitata_HIv3___RNAseq.g49558.t1,ko05224
Montipora_capitata_HIv3___RNAseq.g49558.t1,ko05225
Montipora_capitata_HIv3___RNAseq.g49558.t1,ko05226
Montipora_capitata_HIv3___RNAseq.g49558.t1,ko05230
Montipora_capitata_HIv3___RNAseq.g49558.t1,ko05231
Montipora_capitata_HIv3___RNAseq.g49623.t1,ko00510
Montipora_capitata_HIv3___RNAseq.g49623.t1,ko00515
Montipora_capitata_HIv3___RNAseq.g49623.t1,ko01100
Montipora_capitata_HIv3___RNAseq.g49629.t1,ko04111
Montipora_capitata_HIv3___RNAseq.g49629.t1,ko04390
Montipora_capitata_HIv3___RNAseq.g49629.t1,ko04391
Montipora_capitata_HIv3___RNAseq.g49629.t1,ko04392
Montipora_capitata_HIv3___TS.g3989.t2,ko00190
Montipora_capitata_HIv3___TS.g3989.t2,ko01100
Montipora_capitata_HIv3___TS.g3989.t2,ko04145
Montipora_capitata_HIv3___TS.g3989.t2,ko04150
Montipora_capitata_HIv3___TS.g3989.t2,ko04721
Montipora_capitata_HIv3___TS.g3989.t2,ko04966
Montipora_capitata_HIv3___TS.g3989.t2,ko05110
Montipora_capitata_HIv3___TS.g3989.t2,ko05120
Montipora_capitata_HIv3___TS.g3989.t2,ko05323
Montipora_capitata_HIv3___RNAseq.g49650.t1,ko04330
Montipora_capitata_HIv3___RNAseq.g49650.t1,ko05010
Montipora_capitata_HIv3___RNAseq.g49652.t1,ko04216
Montipora_capitata_HIv3___TS.g4009.t1,ko03013
Montipora_capitata_HIv3___RNAseq.g49654.t1,ko03015
Montipora_capitata_HIv3___RNAseq.g49654.t1,ko03040
Montipora_capitata_HIv3___RNAseq.g49674.t1,ko04064
Montipora_capitata_HIv3___RNAseq.g49674.t1,ko04660
Montipora_capitata_HIv3___RNAseq.g49674.t1,ko04662
Montipora_capitata_HIv3___RNAseq.g49674.t1,ko05152
Montipora_capitata_HIv3___RNAseq.g49679.t1,ko00330
Montipora_capitata_HIv3___RNAseq.g49679.t1,ko00410
Montipora_capitata_HIv3___RNAseq.g49679.t1,ko01100
Montipora_capitata_HIv3___RNAseq.g49670.t1,ko03040
Montipora_capitata_HIv3___RNAseq.g49671.t1,ko04068
Montipora_capitata_HIv3___RNAseq.g49671.t1,ko04110
Montipora_capitata_HIv3___RNAseq.g49671.t1,ko04114
Montipora_capitata_HIv3___RNAseq.g49671.t1,ko04914
Montipora_capitata_HIv3___RNAseq.g49683.t1,ko03050
Montipora_capitata_HIv3___RNAseq.g49683.t1,ko05169
Montipora_capitata_HIv3___RNAseq.g49695.t1,ko04014
Montipora_capitata_HIv3___RNAseq.g49697.t1b,ko00511
Montipora_capitata_HIv3___RNAseq.g49697.t1b,ko00513
Montipora_capitata_HIv3___RNAseq.g49697.t1b,ko00520
Montipora_capitata_HIv3___RNAseq.g49697.t1b,ko00531
Montipora_capitata_HIv3___RNAseq.g49697.t1b,ko00603
Montipora_capitata_HIv3___RNAseq.g49697.t1b,ko00604
Montipora_capitata_HIv3___RNAseq.g49697.t1b,ko01100
Montipora_capitata_HIv3___RNAseq.g49697.t1b,ko04142
Montipora_capitata_HIv3___RNAseq.g49707.t1,ko00030
Montipora_capitata_HIv3___RNAseq.g49707.t1,ko01100
Montipora_capitata_HIv3___RNAseq.g49707.t1,ko01110
Montipora_capitata_HIv3___RNAseq.g49707.t1,ko01200
Montipora_capitata_HIv3___RNAseq.38369_t,ko01523
Montipora_capitata_HIv3___RNAseq.38369_t,ko04010
Montipora_capitata_HIv3___RNAseq.38369_t,ko04014
Montipora_capitata_HIv3___RNAseq.38369_t,ko04024
Montipora_capitata_HIv3___RNAseq.38369_t,ko04062
Montipora_capitata_HIv3___RNAseq.38369_t,ko04064
Montipora_capitata_HIv3___RNAseq.38369_t,ko04066
Montipora_capitata_HIv3___RNAseq.38369_t,ko04071
Montipora_capitata_HIv3___RNAseq.38369_t,ko04151
Montipora_capitata_HIv3___RNAseq.38369_t,ko04210
Montipora_capitata_HIv3___RNAseq.38369_t,ko04211
Montipora_capitata_HIv3___RNAseq.38369_t,ko04218
Montipora_capitata_HIv3___RNAseq.38369_t,ko04380
Montipora_capitata_HIv3___RNAseq.38369_t,ko04620
Montipora_capitata_HIv3___RNAseq.38369_t,ko04621
Montipora_capitata_HIv3___RNAseq.38369_t,ko04622
Montipora_capitata_HIv3___RNAseq.38369_t,ko04623
Montipora_capitata_HIv3___RNAseq.38369_t,ko04624
Montipora_capitata_HIv3___RNAseq.38369_t,ko04657
Montipora_capitata_HIv3___RNAseq.38369_t,ko04658
Montipora_capitata_HIv3___RNAseq.38369_t,ko04659
Montipora_capitata_HIv3___RNAseq.38369_t,ko04660
Montipora_capitata_HIv3___RNAseq.38369_t,ko04662
Montipora_capitata_HIv3___RNAseq.38369_t,ko04668
Montipora_capitata_HIv3___RNAseq.38369_t,ko04722
Montipora_capitata_HIv3___RNAseq.38369_t,ko04917
Montipora_capitata_HIv3___RNAseq.38369_t,ko04920
Montipora_capitata_HIv3___RNAseq.38369_t,ko04926
Montipora_capitata_HIv3___RNAseq.38369_t,ko04931
Montipora_capitata_HIv3___RNAseq.38369_t,ko04932
Montipora_capitata_HIv3___RNAseq.38369_t,ko04933
Montipora_capitata_HIv3___RNAseq.38369_t,ko05030
Montipora_capitata_HIv3___RNAseq.38369_t,ko05120
Montipora_capitata_HIv3___RNAseq.38369_t,ko05131
Montipora_capitata_HIv3___RNAseq.38369_t,ko05132
Montipora_capitata_HIv3___RNAseq.38369_t,ko05133
Montipora_capitata_HIv3___RNAseq.38369_t,ko05134
Montipora_capitata_HIv3___RNAseq.38369_t,ko05140
Montipora_capitata_HIv3___RNAseq.38369_t,ko05142
Montipora_capitata_HIv3___RNAseq.38369_t,ko05145
Montipora_capitata_HIv3___RNAseq.38369_t,ko05146
Montipora_capitata_HIv3___RNAseq.38369_t,ko05152
Montipora_capitata_HIv3___RNAseq.38369_t,ko05160
Montipora_capitata_HIv3___RNAseq.38369_t,ko05161
Montipora_capitata_HIv3___RNAseq.38369_t,ko05162
Montipora_capitata_HIv3___RNAseq.38369_t,ko05164
Montipora_capitata_HIv3___RNAseq.38369_t,ko05165
Montipora_capitata_HIv3___RNAseq.38369_t,ko05166
Montipora_capitata_HIv3___RNAseq.38369_t,ko05167
Montipora_capitata_HIv3___RNAseq.38369_t,ko05168
Montipora_capitata_HIv3___RNAseq.38369_t,ko05169
Montipora_capitata_HIv3___RNAseq.38369_t,ko05200
Montipora_capitata_HIv3___RNAseq.38369_t,ko05202
Montipora_capitata_HIv3___RNAseq.38369_t,ko05203
Montipora_capitata_HIv3___RNAseq.38369_t,ko05206
Montipora_capitata_HIv3___RNAseq.38369_t,ko05212
Montipora_capitata_HIv3___RNAseq.38369_t,ko05215
Montipora_capitata_HIv3___RNAseq.38369_t,ko05220
Montipora_capitata_HIv3___RNAseq.38369_t,ko05221
Montipora_capitata_HIv3___RNAseq.38369_t,ko05222
Montipora_capitata_HIv3___RNAseq.38369_t,ko05224
Montipora_capitata_HIv3___RNAseq.38369_t,ko05321
Montipora_capitata_HIv3___RNAseq.38369_t,ko05418
Montipora_capitata_HIv3___RNAseq.g49709.t1,ko04010
Montipora_capitata_HIv3___RNAseq.g49709.t1,ko04015
Montipora_capitata_HIv3___RNAseq.g49709.t1,ko04530
Montipora_capitata_HIv3___RNAseq.g49728.t1,ko04714
Montipora_capitata_HIv3___RNAseq.g49731.t1,ko00564
Montipora_capitata_HIv3___RNAseq.g49731.t1,ko00565
Montipora_capitata_HIv3___RNAseq.g49731.t1,ko00590
Montipora_capitata_HIv3___RNAseq.g49731.t1,ko00591
Montipora_capitata_HIv3___RNAseq.g49731.t1,ko00592
Montipora_capitata_HIv3___RNAseq.g49731.t1,ko01100
Montipora_capitata_HIv3___RNAseq.g49731.t1,ko01110
Montipora_capitata_HIv3___RNAseq.g49731.t1,ko04014
Montipora_capitata_HIv3___RNAseq.g49731.t1,ko04270
Montipora_capitata_HIv3___RNAseq.g49731.t1,ko04972
Montipora_capitata_HIv3___RNAseq.g49731.t1,ko04975
Montipora_capitata_HIv3___TS.g4095.t4,ko00562
Montipora_capitata_HIv3___TS.g4095.t4,ko01521
Montipora_capitata_HIv3___TS.g4095.t4,ko04068
Montipora_capitata_HIv3___TS.g4095.t4,ko04070
Montipora_capitata_HIv3___TS.g4095.t4,ko04071
Montipora_capitata_HIv3___TS.g4095.t4,ko04115
Montipora_capitata_HIv3___TS.g4095.t4,ko04140
Montipora_capitata_HIv3___TS.g4095.t4,ko04150
Montipora_capitata_HIv3___TS.g4095.t4,ko04151
Montipora_capitata_HIv3___TS.g4095.t4,ko04212
Montipora_capitata_HIv3___TS.g4095.t4,ko04218
Montipora_capitata_HIv3___TS.g4095.t4,ko04510
Montipora_capitata_HIv3___TS.g4095.t4,ko04931
Montipora_capitata_HIv3___TS.g4095.t4,ko05161
Montipora_capitata_HIv3___TS.g4095.t4,ko05165
Montipora_capitata_HIv3___TS.g4095.t4,ko05200
Montipora_capitata_HIv3___TS.g4095.t4,ko05206
Montipora_capitata_HIv3___TS.g4095.t4,ko05213
Montipora_capitata_HIv3___TS.g4095.t4,ko05214
Montipora_capitata_HIv3___TS.g4095.t4,ko05215
Montipora_capitata_HIv3___TS.g4095.t4,ko05218
Montipora_capitata_HIv3___TS.g4095.t4,ko05222
Montipora_capitata_HIv3___TS.g4095.t4,ko05224
Montipora_capitata_HIv3___TS.g4095.t4,ko05225
Montipora_capitata_HIv3___TS.g4095.t4,ko05230
Montipora_capitata_HIv3___RNAseq.g49736.t1,ko03030
Montipora_capitata_HIv3___RNAseq.g49736.t1,ko04144
Montipora_capitata_HIv3___RNAseq.g49741.t1,ko03030
Montipora_capitata_HIv3___RNAseq.g49741.t1,ko04144
Montipora_capitata_HIv3___RNAseq.g49767.t1,ko00270
Montipora_capitata_HIv3___RNAseq.g49767.t1,ko01100
Montipora_capitata_HIv3___RNAseq.g49769.t1,ko00511
Montipora_capitata_HIv3___RNAseq.g49769.t1,ko00600
Montipora_capitata_HIv3___RNAseq.g49769.t1,ko01100
Montipora_capitata_HIv3___TS.g4131.t1,ko04010
Montipora_capitata_HIv3___TS.g4131.t1,ko04020
Montipora_capitata_HIv3___TS.g4131.t1,ko04721
Montipora_capitata_HIv3___TS.g4131.t1,ko04723
Montipora_capitata_HIv3___TS.g4131.t1,ko04725
Montipora_capitata_HIv3___TS.g4131.t1,ko04726
Montipora_capitata_HIv3___TS.g4131.t1,ko04727
Montipora_capitata_HIv3___TS.g4131.t1,ko04728
Montipora_capitata_HIv3___TS.g4131.t1,ko04930
Montipora_capitata_HIv3___TS.g4131.t1,ko05032
Montipora_capitata_HIv3___TS.g4131.t1,ko05033
Montipora_capitata_HIv3___RNAseq.g49777.t1,ko04013
Montipora_capitata_HIv3___RNAseq.g49777.t1,ko04060
Montipora_capitata_HIv3___RNAseq.g49777.t1,ko04350
Montipora_capitata_HIv3___RNAseq.g49777.t1,ko04360
Montipora_capitata_HIv3___RNAseq.g49777.t1,ko04390
Montipora_capitata_HIv3___RNAseq.g49777.t1,ko04550
Montipora_capitata_HIv3___RNAseq.g49777.t1,ko05418
Montipora_capitata_HIv3___RNAseq.38454_t,ko01524
Montipora_capitata_HIv3___RNAseq.38454_t,ko04010
Montipora_capitata_HIv3___RNAseq.38454_t,ko04115
Montipora_capitata_HIv3___RNAseq.38454_t,ko04210
Montipora_capitata_HIv3___RNAseq.38454_t,ko04214
Montipora_capitata_HIv3___RNAseq.38454_t,ko04215
Montipora_capitata_HIv3___RNAseq.38454_t,ko04650
Montipora_capitata_HIv3___RNAseq.38454_t,ko04657
Montipora_capitata_HIv3___RNAseq.38454_t,ko04668
Montipora_capitata_HIv3___RNAseq.38454_t,ko04726
Montipora_capitata_HIv3___RNAseq.38454_t,ko04932
Montipora_capitata_HIv3___RNAseq.38454_t,ko04933
Montipora_capitata_HIv3___RNAseq.38454_t,ko05010
Montipora_capitata_HIv3___RNAseq.38454_t,ko05012
Montipora_capitata_HIv3___RNAseq.38454_t,ko05014
Montipora_capitata_HIv3___RNAseq.38454_t,ko05016
Montipora_capitata_HIv3___RNAseq.38454_t,ko05120
Montipora_capitata_HIv3___RNAseq.38454_t,ko05133
Montipora_capitata_HIv3___RNAseq.38454_t,ko05134
Montipora_capitata_HIv3___RNAseq.38454_t,ko05145
Montipora_capitata_HIv3___RNAseq.38454_t,ko05146
Montipora_capitata_HIv3___RNAseq.38454_t,ko05152
Montipora_capitata_HIv3___RNAseq.38454_t,ko05161
Montipora_capitata_HIv3___RNAseq.38454_t,ko05165
Montipora_capitata_HIv3___RNAseq.38454_t,ko05167
Montipora_capitata_HIv3___RNAseq.38454_t,ko05168
Montipora_capitata_HIv3___RNAseq.38454_t,ko05200
Montipora_capitata_HIv3___RNAseq.38454_t,ko05203
Montipora_capitata_HIv3___RNAseq.38454_t,ko05205
Montipora_capitata_HIv3___RNAseq.38454_t,ko05206
Montipora_capitata_HIv3___RNAseq.38454_t,ko05210
Montipora_capitata_HIv3___RNAseq.38454_t,ko05222
Montipora_capitata_HIv3___RNAseq.38454_t,ko05416
Montipora_capitata_HIv3___RNAseq.g49779.t2,ko01524
Montipora_capitata_HIv3___RNAseq.g49779.t2,ko04010
Montipora_capitata_HIv3___RNAseq.g49779.t2,ko04115
Montipora_capitata_HIv3___RNAseq.g49779.t2,ko04210
Montipora_capitata_HIv3___RNAseq.g49779.t2,ko04214
Montipora_capitata_HIv3___RNAseq.g49779.t2,ko04215
Montipora_capitata_HIv3___RNAseq.g49779.t2,ko04650
Montipora_capitata_HIv3___RNAseq.g49779.t2,ko04657
Montipora_capitata_HIv3___RNAseq.g49779.t2,ko04668
Montipora_capitata_HIv3___RNAseq.g49779.t2,ko04726
Montipora_capitata_HIv3___RNAseq.g49779.t2,ko04932
Montipora_capitata_HIv3___RNAseq.g49779.t2,ko04933
Montipora_capitata_HIv3___RNAseq.g49779.t2,ko05010
Montipora_capitata_HIv3___RNAseq.g49779.t2,ko05012
Montipora_capitata_HIv3___RNAseq.g49779.t2,ko05014
Montipora_capitata_HIv3___RNAseq.g49779.t2,ko05016
Montipora_capitata_HIv3___RNAseq.g49779.t2,ko05120
Montipora_capitata_HIv3___RNAseq.g49779.t2,ko05133
Montipora_capitata_HIv3___RNAseq.g49779.t2,ko05134
Montipora_capitata_HIv3___RNAseq.g49779.t2,ko05145
Montipora_capitata_HIv3___RNAseq.g49779.t2,ko05146
Montipora_capitata_HIv3___RNAseq.g49779.t2,ko05152
Montipora_capitata_HIv3___RNAseq.g49779.t2,ko05161
Montipora_capitata_HIv3___RNAseq.g49779.t2,ko05165
Montipora_capitata_HIv3___RNAseq.g49779.t2,ko05167
Montipora_capitata_HIv3___RNAseq.g49779.t2,ko05168
Montipora_capitata_HIv3___RNAseq.g49779.t2,ko05200
Montipora_capitata_HIv3___RNAseq.g49779.t2,ko05203
Montipora_capitata_HIv3___RNAseq.g49779.t2,ko05205
Montipora_capitata_HIv3___RNAseq.g49779.t2,ko05206
Montipora_capitata_HIv3___RNAseq.g49779.t2,ko05210
Montipora_capitata_HIv3___RNAseq.g49779.t2,ko05222
Montipora_capitata_HIv3___RNAseq.g49779.t2,ko05416
Montipora_capitata_HIv3___RNAseq.g49781.t1,ko04111
Montipora_capitata_HIv3___RNAseq.g49781.t1,ko04390
Montipora_capitata_HIv3___RNAseq.g49781.t1,ko04391
Montipora_capitata_HIv3___RNAseq.g49781.t1,ko04392
Montipora_capitata_HIv3___RNAseq.g49789.t1a,ko00562
Montipora_capitata_HIv3___RNAseq.g49789.t1a,ko01100
Montipora_capitata_HIv3___RNAseq.g49789.t1a,ko04070
Montipora_capitata_HIv3___RNAseq.g49791.t1a,ko00563
Montipora_capitata_HIv3___RNAseq.g49791.t1a,ko01100
Montipora_capitata_HIv3___RNAseq.g49782.t1,ko00270
Montipora_capitata_HIv3___RNAseq.g49782.t1,ko01100
Montipora_capitata_HIv3___RNAseq.g49782.t1,ko01110
Montipora_capitata_HIv3___RNAseq.g49782.t1,ko01230
Montipora_capitata_HIv3___TS.g4146.t2,ko03040
Montipora_capitata_HIv3___RNAseq.g49785.t1,ko04020
Montipora_capitata_HIv3___RNAseq.g49785.t1,ko04218
Montipora_capitata_HIv3___RNAseq.g49785.t1,ko04621
Montipora_capitata_HIv3___RNAseq.g49836.t1,ko04391
Montipora_capitata_HIv3___RNAseq.g49837.t1,ko02010
Montipora_capitata_HIv3___TS.g4221.t2,ko04340
Montipora_capitata_HIv3___TS.g4228.t2,ko00062
Montipora_capitata_HIv3___TS.g4228.t2,ko00140
Montipora_capitata_HIv3___TS.g4228.t2,ko01040
Montipora_capitata_HIv3___TS.g4228.t2,ko01100
Montipora_capitata_HIv3___TS.g4228.t2,ko01110
Montipora_capitata_HIv3___TS.g4228.t2,ko01212
Montipora_capitata_HIv3___TS.g4230.t2,ko04020
Montipora_capitata_HIv3___TS.g4230.t2,ko04330
Montipora_capitata_HIv3___TS.g4230.t2,ko04658
Montipora_capitata_HIv3___TS.g4230.t2,ko05165
Montipora_capitata_HIv3___TS.g4230.t2,ko05169
Montipora_capitata_HIv3___TS.g4230.t2,ko05203
Montipora_capitata_HIv3___RNAseq.g49860.t1,ko04020
Montipora_capitata_HIv3___RNAseq.g49860.t1,ko04330
Montipora_capitata_HIv3___RNAseq.g49860.t1,ko04658
Montipora_capitata_HIv3___RNAseq.g49860.t1,ko05165
Montipora_capitata_HIv3___RNAseq.g49860.t1,ko05169
Montipora_capitata_HIv3___RNAseq.g49860.t1,ko05203
Montipora_capitata_HIv3___RNAseq.g49868.t1,ko03460
Montipora_capitata_HIv3___RNAseq.g49866.t1,ko04510
Montipora_capitata_HIv3___RNAseq.g49866.t1,ko04611
Montipora_capitata_HIv3___RNAseq.g49866.t1,ko04670
Montipora_capitata_HIv3___RNAseq.g49866.t1,ko04810
Montipora_capitata_HIv3___RNAseq.g49873.t1,ko03010
Montipora_capitata_HIv3___RNAseq.g49875.t1,ko04022
Montipora_capitata_HIv3___RNAseq.g49875.t1,ko04024
Montipora_capitata_HIv3___RNAseq.g49875.t1,ko04270
Montipora_capitata_HIv3___RNAseq.g49875.t1,ko04510
Montipora_capitata_HIv3___RNAseq.g49875.t1,ko04611
Montipora_capitata_HIv3___RNAseq.g49875.t1,ko04810
Montipora_capitata_HIv3___RNAseq.g49875.t1,ko04921
Montipora_capitata_HIv3___RNAseq.g49875.t1,ko05205
Montipora_capitata_HIv3___RNAseq.g49886.t1,ko00920
Montipora_capitata_HIv3___RNAseq.g49894.t1a,ko03022
Montipora_capitata_HIv3___RNAseq.g49905.t1,ko03040
Montipora_capitata_HIv3___TS.g4276.t1,ko04623
Montipora_capitata_HIv3___TS.g4276.t1,ko05162
Montipora_capitata_HIv3___TS.g4276.t1,ko05164
Montipora_capitata_HIv3___RNAseq.g49911.t1,ko04714
Montipora_capitata_HIv3___RNAseq.g49911.t1,ko05225
Montipora_capitata_HIv3___RNAseq.g49960.t1,ko00053
Montipora_capitata_HIv3___RNAseq.g49960.t1,ko01100
Montipora_capitata_HIv3___RNAseq.g49974.t1,ko04390
Montipora_capitata_HIv3___RNAseq.g49974.t1,ko04550
Montipora_capitata_HIv3___RNAseq.g49977.t1,ko03018
Montipora_capitata_HIv3___TS.g4346.t1,ko04014
Montipora_capitata_HIv3___TS.g4346.t1,ko04072
Montipora_capitata_HIv3___TS.g4346.t1,ko04144
Montipora_capitata_HIv3___TS.g4346.t1,ko04666
Montipora_capitata_HIv3___TS.g4347.t1,ko04014
Montipora_capitata_HIv3___TS.g4347.t1,ko04072
Montipora_capitata_HIv3___TS.g4347.t1,ko04144
Montipora_capitata_HIv3___TS.g4347.t1,ko04666
Montipora_capitata_HIv3___RNAseq.g49987.t1,ko03040
Montipora_capitata_HIv3___RNAseq.g49991.t1,ko03040
Montipora_capitata_HIv3___RNAseq.g50003.t1,ko03010
Montipora_capitata_HIv3___RNAseq.g49994.t1,ko00230
Montipora_capitata_HIv3___RNAseq.g49994.t1,ko00240
Montipora_capitata_HIv3___RNAseq.g49994.t1,ko01100
Montipora_capitata_HIv3___RNAseq.g49994.t1,ko03020
Montipora_capitata_HIv3___RNAseq.g49994.t1,ko04623
Montipora_capitata_HIv3___RNAseq.g49994.t1,ko05169
Montipora_capitata_HIv3___RNAseq.g50005.t1,ko03010
Montipora_capitata_HIv3___RNAseq.g50006.t1,ko03013
Montipora_capitata_HIv3___RNAseq.g50009.t1,ko04810
Montipora_capitata_HIv3___RNAseq.g50024.t2,ko00240
Montipora_capitata_HIv3___RNAseq.g50024.t2,ko00410
Montipora_capitata_HIv3___RNAseq.g50024.t2,ko00770
Montipora_capitata_HIv3___RNAseq.g50024.t2,ko00983
Montipora_capitata_HIv3___RNAseq.g50024.t2,ko01100
Montipora_capitata_HIv3___RNAseq.g50089.t1,ko04013
Montipora_capitata_HIv3___RNAseq.g50089.t1,ko04115
Montipora_capitata_HIv3___RNAseq.g50089.t1,ko04120
Montipora_capitata_HIv3___RNAseq.g50089.t1,ko04310
Montipora_capitata_HIv3___RNAseq.g50088.t1,ko03015
Montipora_capitata_HIv3___TS.g4478.t1,ko04979
Montipora_capitata_HIv3___RNAseq.g50116.t1,ko03013
Montipora_capitata_HIv3___RNAseq.g50118.t1,ko00260
Montipora_capitata_HIv3___RNAseq.g50119.t1a,ko04130
Montipora_capitata_HIv3___RNAseq.g50120.t1,ko00515
Montipora_capitata_HIv3___RNAseq.g50120.t1,ko01100
Montipora_capitata_HIv3___TS.g4497.t1,ko00513
Montipora_capitata_HIv3___TS.g4497.t1,ko01100
Montipora_capitata_HIv3___RNAseq.g50128.t1,ko00760
Montipora_capitata_HIv3___RNAseq.g50128.t1,ko01100
Montipora_capitata_HIv3___RNAseq.g50138.t1b,ko04320
Montipora_capitata_HIv3___RNAseq.g50160.t1,ko03013
Montipora_capitata_HIv3___RNAseq.g50163.t1,ko03013
Montipora_capitata_HIv3___RNAseq.g50164.t2,ko03018
Montipora_capitata_HIv3___RNAseq.g50183.t1,ko03018
Montipora_capitata_HIv3___RNAseq.g50180.t1,ko00260
Montipora_capitata_HIv3___RNAseq.g50180.t1,ko00620
Montipora_capitata_HIv3___RNAseq.g50180.t1,ko00630
Montipora_capitata_HIv3___RNAseq.g50180.t1,ko00670
Montipora_capitata_HIv3___RNAseq.g50180.t1,ko01100
Montipora_capitata_HIv3___RNAseq.g50180.t1,ko01110
Montipora_capitata_HIv3___RNAseq.g50180.t1,ko01120
Montipora_capitata_HIv3___RNAseq.g50182.t1,ko04950
Montipora_capitata_HIv3___RNAseq.g50192.t1,ko04010
Montipora_capitata_HIv3___RNAseq.g50192.t1,ko04012
Montipora_capitata_HIv3___RNAseq.g50192.t1,ko04015
Montipora_capitata_HIv3___RNAseq.g50192.t1,ko04062
Montipora_capitata_HIv3___RNAseq.g50192.t1,ko04510
Montipora_capitata_HIv3___RNAseq.g50192.t1,ko04666
Montipora_capitata_HIv3___RNAseq.g50192.t1,ko04722
Montipora_capitata_HIv3___RNAseq.g50192.t1,ko04810
Montipora_capitata_HIv3___RNAseq.g50192.t1,ko04910
Montipora_capitata_HIv3___RNAseq.g50192.t1,ko05100
Montipora_capitata_HIv3___RNAseq.g50192.t1,ko05131
Montipora_capitata_HIv3___RNAseq.g50192.t1,ko05200
Montipora_capitata_HIv3___RNAseq.g50192.t1,ko05206
Montipora_capitata_HIv3___RNAseq.g50192.t1,ko05211
Montipora_capitata_HIv3___RNAseq.g50192.t1,ko05220
Montipora_capitata_HIv3___RNAseq.g50193.t1,ko04141
Montipora_capitata_HIv3___RNAseq.g50203.t1,ko03010
Montipora_capitata_HIv3___TS.g4576.t1,ko00310
Montipora_capitata_HIv3___TS.g4576.t1,ko00564
Montipora_capitata_HIv3___TS.g4576.t1,ko01100
Montipora_capitata_HIv3___RNAseq.g50195.t1b,ko03040
Montipora_capitata_HIv3___RNAseq.g50196.t1,ko03010
Montipora_capitata_HIv3___RNAseq.g50198.t1,ko05410
Montipora_capitata_HIv3___RNAseq.g50198.t1,ko05412
Montipora_capitata_HIv3___RNAseq.g50198.t1,ko05414
Montipora_capitata_HIv3___RNAseq.g50198.t1,ko05416
Montipora_capitata_HIv3___RNAseq.g50231.t1,ko00513
Montipora_capitata_HIv3___RNAseq.g50231.t1,ko01100
Montipora_capitata_HIv3___RNAseq.g50233.t1,ko04550
Montipora_capitata_HIv3___RNAseq.g50233.t1,ko04950
Montipora_capitata_HIv3___TS.g4612.t1,ko00230
Montipora_capitata_HIv3___TS.g4612.t1,ko04022
Montipora_capitata_HIv3___TS.g4612.t1,ko04024
Montipora_capitata_HIv3___TS.g4612.t1,ko04270
Montipora_capitata_HIv3___TS.g4612.t1,ko04714
Montipora_capitata_HIv3___TS.g4612.t1,ko04921
Montipora_capitata_HIv3___TS.g4612.t1,ko04923
Montipora_capitata_HIv3___TS.g4612.t1,ko04924
Montipora_capitata_HIv3___TS.g4612.t1,ko04925
Montipora_capitata_HIv3___RNAseq.38949_t,ko04973
Montipora_capitata_HIv3___RNAseq.g50235.t1,ko04120
Montipora_capitata_HIv3___RNAseq.g50235.t1,ko04340
Montipora_capitata_HIv3___RNAseq.g50235.t1,ko04341
Montipora_capitata_HIv3___RNAseq.g50241.t1b,ko04145
Montipora_capitata_HIv3___RNAseq.g50241.t1b,ko04151
Montipora_capitata_HIv3___RNAseq.g50241.t1b,ko04510
Montipora_capitata_HIv3___RNAseq.g50241.t1b,ko04512
Montipora_capitata_HIv3___RNAseq.g50241.t1b,ko05144
Montipora_capitata_HIv3___RNAseq.g50241.t1b,ko05165
Montipora_capitata_HIv3___RNAseq.g50242.t1,ko04145
Montipora_capitata_HIv3___RNAseq.g50242.t1,ko04151
Montipora_capitata_HIv3___RNAseq.g50242.t1,ko04510
Montipora_capitata_HIv3___RNAseq.g50242.t1,ko04512
Montipora_capitata_HIv3___RNAseq.g50242.t1,ko05144
Montipora_capitata_HIv3___RNAseq.g50242.t1,ko05165
Montipora_capitata_HIv3___RNAseq.g50254.t1,ko01521
Montipora_capitata_HIv3___RNAseq.g50254.t1,ko03013
Montipora_capitata_HIv3___RNAseq.g50254.t1,ko04066
Montipora_capitata_HIv3___RNAseq.g50254.t1,ko04150
Montipora_capitata_HIv3___RNAseq.g50254.t1,ko04151
Montipora_capitata_HIv3___RNAseq.g50254.t1,ko04211
Montipora_capitata_HIv3___RNAseq.g50254.t1,ko04910
Montipora_capitata_HIv3___RNAseq.g50271.t1,ko04110
Montipora_capitata_HIv3___RNAseq.g50271.t1,ko04114
Montipora_capitata_HIv3___RNAseq.g50271.t1,ko04914
Montipora_capitata_HIv3___TS.g4652.t2,ko04138
Montipora_capitata_HIv3___RNAseq.g50274.t1,ko04530
Montipora_capitata_HIv3___RNAseq.g50274.t1,ko04960
Montipora_capitata_HIv3___RNAseq.g50274.t1,ko05165
Montipora_capitata_HIv3___TS.g4651.t3,ko00500
Montipora_capitata_HIv3___TS.g4651.t3,ko01100
Montipora_capitata_HIv3___TS.g4651.t3,ko01110
Montipora_capitata_HIv3___RNAseq.g50283.t2,ko04141
Montipora_capitata_HIv3___RNAseq.g50285.t1,ko04066
Montipora_capitata_HIv3___RNAseq.g50285.t1,ko04120
Montipora_capitata_HIv3___RNAseq.g50285.t1,ko04212
Montipora_capitata_HIv3___RNAseq.g50285.t1,ko05200
Montipora_capitata_HIv3___RNAseq.g50285.t1,ko05211
Montipora_capitata_HIv3___TS.g4671.t1,ko00520
Montipora_capitata_HIv3___TS.g4671.t1,ko01100
Montipora_capitata_HIv3___RNAseq.g50280.t1,ko00062
Montipora_capitata_HIv3___RNAseq.g50280.t1,ko00071
Montipora_capitata_HIv3___RNAseq.g50280.t1,ko00280
Montipora_capitata_HIv3___RNAseq.g50280.t1,ko01100
Montipora_capitata_HIv3___RNAseq.g50280.t1,ko01110
Montipora_capitata_HIv3___RNAseq.g50280.t1,ko01130
Montipora_capitata_HIv3___RNAseq.g50280.t1,ko01212
Montipora_capitata_HIv3___RNAseq.g50305.t1,ko04130
Montipora_capitata_HIv3___TS.g4681.t1,ko00020
Montipora_capitata_HIv3___TS.g4681.t1,ko00480
Montipora_capitata_HIv3___TS.g4681.t1,ko00720
Montipora_capitata_HIv3___TS.g4681.t1,ko01100
Montipora_capitata_HIv3___TS.g4681.t1,ko01110
Montipora_capitata_HIv3___TS.g4681.t1,ko01120
Montipora_capitata_HIv3___TS.g4681.t1,ko01130
Montipora_capitata_HIv3___TS.g4681.t1,ko01200
Montipora_capitata_HIv3___TS.g4681.t1,ko01210
Montipora_capitata_HIv3___TS.g4681.t1,ko01230
Montipora_capitata_HIv3___TS.g4681.t1,ko04146
Montipora_capitata_HIv3___TS.g4682.t2,ko00270
Montipora_capitata_HIv3___TS.g4682.t2,ko00280
Montipora_capitata_HIv3___TS.g4682.t2,ko00290
Montipora_capitata_HIv3___TS.g4682.t2,ko00770
Montipora_capitata_HIv3___TS.g4682.t2,ko01100
Montipora_capitata_HIv3___TS.g4682.t2,ko01110
Montipora_capitata_HIv3___TS.g4682.t2,ko01130
Montipora_capitata_HIv3___TS.g4682.t2,ko01210
Montipora_capitata_HIv3___TS.g4682.t2,ko01230
Montipora_capitata_HIv3___RNAseq.g50317.t1b,ko04621
Montipora_capitata_HIv3___TS.g4688.t2,ko00250
Montipora_capitata_HIv3___TS.g4688.t2,ko00520
Montipora_capitata_HIv3___TS.g4688.t2,ko01100
Montipora_capitata_HIv3___TS.g4688.t2,ko01130
Montipora_capitata_HIv3___TS.g4688.t2,ko04931
Montipora_capitata_HIv3___RNAseq.g50321.t2,ko00230
Montipora_capitata_HIv3___RNAseq.g50321.t2,ko00261
Montipora_capitata_HIv3___RNAseq.g50321.t2,ko00450
Montipora_capitata_HIv3___RNAseq.g50321.t2,ko00920
Montipora_capitata_HIv3___RNAseq.g50321.t2,ko01100
Montipora_capitata_HIv3___RNAseq.g50321.t2,ko01120
Montipora_capitata_HIv3___RNAseq.g50321.t2,ko01130
Montipora_capitata_HIv3___RNAseq.g50345.t1,ko04010
Montipora_capitata_HIv3___RNAseq.g50345.t1,ko04150
Montipora_capitata_HIv3___RNAseq.g37176.t2,ko03018
Montipora_capitata_HIv3___RNAseq.g37177.t1,ko00270
Montipora_capitata_HIv3___RNAseq.g37177.t1,ko00480
Montipora_capitata_HIv3___RNAseq.g37177.t1,ko01100
Montipora_capitata_HIv3___RNAseq.g37177.t1,ko04212
Montipora_capitata_HIv3___RNAseq.g37177.t1,ko04216
Montipora_capitata_HIv3___TS.g29704.t1,ko00071
Montipora_capitata_HIv3___TS.g29704.t1,ko00120
Montipora_capitata_HIv3___TS.g29704.t1,ko00592
Montipora_capitata_HIv3___TS.g29704.t1,ko01040
Montipora_capitata_HIv3___TS.g29704.t1,ko01100
Montipora_capitata_HIv3___TS.g29704.t1,ko01110
Montipora_capitata_HIv3___TS.g29704.t1,ko01212
Montipora_capitata_HIv3___TS.g29704.t1,ko03320
Montipora_capitata_HIv3___TS.g29704.t1,ko04024
Montipora_capitata_HIv3___TS.g29704.t1,ko04146
Montipora_capitata_HIv3___TS.g29718.t1,ko05202
Montipora_capitata_HIv3___TS.g29732.t1a,ko03010
Montipora_capitata_HIv3___TS.g29733.t2,ko00240
Montipora_capitata_HIv3___RNAseq.g37229.t1,ko04330
Montipora_capitata_HIv3___RNAseq.g37229.t1,ko05010
Montipora_capitata_HIv3___RNAseq.g37229.t1,ko05120
Montipora_capitata_HIv3___RNAseq.g37230.t1,ko04020
Montipora_capitata_HIv3___RNAseq.g37230.t1,ko04022
Montipora_capitata_HIv3___RNAseq.g37230.t1,ko05012
Montipora_capitata_HIv3___RNAseq.g37230.t1,ko05016
Montipora_capitata_HIv3___RNAseq.g37230.t1,ko05145
Montipora_capitata_HIv3___RNAseq.g37233.t1,ko04020
Montipora_capitata_HIv3___RNAseq.g37233.t1,ko04022
Montipora_capitata_HIv3___RNAseq.g37233.t1,ko05012
Montipora_capitata_HIv3___RNAseq.g37233.t1,ko05016
Montipora_capitata_HIv3___RNAseq.g37233.t1,ko05145
Montipora_capitata_HIv3___RNAseq.g37234.t1,ko00562
Montipora_capitata_HIv3___RNAseq.g37234.t1,ko01100
Montipora_capitata_HIv3___RNAseq.g37234.t1,ko04070
Montipora_capitata_HIv3___RNAseq.g37234.t1,ko04138
Montipora_capitata_HIv3___RNAseq.g37235.t1,ko04144
Montipora_capitata_HIv3___RNAseq.g37247.t1,ko03013
Montipora_capitata_HIv3___RNAseq.g37240.t1,ko00280
Montipora_capitata_HIv3___RNAseq.g37240.t1,ko01100
Montipora_capitata_HIv3___RNAseq.g37242.t2,ko00280
Montipora_capitata_HIv3___RNAseq.g37242.t2,ko01100
Montipora_capitata_HIv3___RNAseq.g37251.t1,ko05200
Montipora_capitata_HIv3___RNAseq.g37251.t1,ko05216
Montipora_capitata_HIv3___RNAseq.g37252.t1,ko00480
Montipora_capitata_HIv3___RNAseq.g37252.t1,ko00980
Montipora_capitata_HIv3___RNAseq.g37252.t1,ko00981
Montipora_capitata_HIv3___RNAseq.g37252.t1,ko04216
Montipora_capitata_HIv3___RNAseq.g37252.t1,ko04976
Montipora_capitata_HIv3___RNAseq.g37252.t1,ko05204
Montipora_capitata_HIv3___TS.g29768.t1,ko00480
Montipora_capitata_HIv3___TS.g29768.t1,ko00980
Montipora_capitata_HIv3___TS.g29768.t1,ko00981
Montipora_capitata_HIv3___TS.g29768.t1,ko04216
Montipora_capitata_HIv3___TS.g29768.t1,ko04976
Montipora_capitata_HIv3___TS.g29768.t1,ko05204
Montipora_capitata_HIv3___TS.g29771.t2,ko00010
Montipora_capitata_HIv3___TS.g29771.t2,ko00071
Montipora_capitata_HIv3___TS.g29771.t2,ko00350
Montipora_capitata_HIv3___TS.g29771.t2,ko00625
Montipora_capitata_HIv3___TS.g29771.t2,ko00626
Montipora_capitata_HIv3___TS.g29771.t2,ko00680
Montipora_capitata_HIv3___TS.g29771.t2,ko00830
Montipora_capitata_HIv3___TS.g29771.t2,ko00980
Montipora_capitata_HIv3___TS.g29771.t2,ko00982
Montipora_capitata_HIv3___TS.g29771.t2,ko01100
Montipora_capitata_HIv3___TS.g29771.t2,ko01110
Montipora_capitata_HIv3___TS.g29771.t2,ko01120
Montipora_capitata_HIv3___TS.g29771.t2,ko01130
Montipora_capitata_HIv3___TS.g29771.t2,ko01200
Montipora_capitata_HIv3___TS.g29771.t2,ko01220
Montipora_capitata_HIv3___TS.g29771.t2,ko05204
Montipora_capitata_HIv3___TS.g29791.t1,ko04024
Montipora_capitata_HIv3___TS.g29791.t1,ko04080
Montipora_capitata_HIv3___TS.g29791.t1,ko04713
Montipora_capitata_HIv3___TS.g29791.t1,ko04723
Montipora_capitata_HIv3___TS.g29791.t1,ko04724
Montipora_capitata_HIv3___TS.g29791.t1,ko04728
Montipora_capitata_HIv3___TS.g29791.t1,ko05031
Montipora_capitata_HIv3___TS.g29791.t1,ko05033
Montipora_capitata_HIv3___RNAseq.g37277.t1,ko04024
Montipora_capitata_HIv3___RNAseq.g37277.t1,ko04080
Montipora_capitata_HIv3___RNAseq.g37277.t1,ko04713
Montipora_capitata_HIv3___RNAseq.g37277.t1,ko04723
Montipora_capitata_HIv3___RNAseq.g37277.t1,ko04724
Montipora_capitata_HIv3___RNAseq.g37277.t1,ko04728
Montipora_capitata_HIv3___RNAseq.g37277.t1,ko05031
Montipora_capitata_HIv3___RNAseq.g37277.t1,ko05033
Montipora_capitata_HIv3___RNAseq.g37297.t1,ko04010
Montipora_capitata_HIv3___RNAseq.g37297.t1,ko04013
Montipora_capitata_HIv3___RNAseq.g37297.t1,ko04014
Montipora_capitata_HIv3___RNAseq.g37297.t1,ko04015
Montipora_capitata_HIv3___RNAseq.g37297.t1,ko04024
Montipora_capitata_HIv3___RNAseq.g37297.t1,ko04062
Montipora_capitata_HIv3___RNAseq.g37297.t1,ko04071
Montipora_capitata_HIv3___RNAseq.g37297.t1,ko04145
Montipora_capitata_HIv3___RNAseq.g37297.t1,ko04151
Montipora_capitata_HIv3___RNAseq.g37297.t1,ko04310
Montipora_capitata_HIv3___RNAseq.g37297.t1,ko04360
Montipora_capitata_HIv3___RNAseq.g37297.t1,ko04370
Montipora_capitata_HIv3___RNAseq.g37297.t1,ko04380
Montipora_capitata_HIv3___RNAseq.g37297.t1,ko04510
Montipora_capitata_HIv3___RNAseq.g37297.t1,ko04520
Montipora_capitata_HIv3___RNAseq.g37297.t1,ko04530
Montipora_capitata_HIv3___RNAseq.g37297.t1,ko04620
Montipora_capitata_HIv3___RNAseq.g37297.t1,ko04650
Montipora_capitata_HIv3___RNAseq.g37297.t1,ko04662
Montipora_capitata_HIv3___RNAseq.g37297.t1,ko04664
Montipora_capitata_HIv3___RNAseq.g37297.t1,ko04666
Montipora_capitata_HIv3___RNAseq.g37297.t1,ko04670
Montipora_capitata_HIv3___RNAseq.g37297.t1,ko04722
Montipora_capitata_HIv3___RNAseq.g37297.t1,ko04810
Montipora_capitata_HIv3___RNAseq.g37297.t1,ko04932
Montipora_capitata_HIv3___RNAseq.g37297.t1,ko04933
Montipora_capitata_HIv3___RNAseq.g37297.t1,ko04972
Montipora_capitata_HIv3___RNAseq.g37297.t1,ko05014
Montipora_capitata_HIv3___RNAseq.g37297.t1,ko05100
Montipora_capitata_HIv3___RNAseq.g37297.t1,ko05120
Montipora_capitata_HIv3___RNAseq.g37297.t1,ko05131
Montipora_capitata_HIv3___RNAseq.g37297.t1,ko05132
Montipora_capitata_HIv3___RNAseq.g37297.t1,ko05167
Montipora_capitata_HIv3___RNAseq.g37297.t1,ko05200
Montipora_capitata_HIv3___RNAseq.g37297.t1,ko05203
Montipora_capitata_HIv3___RNAseq.g37297.t1,ko05205
Montipora_capitata_HIv3___RNAseq.g37297.t1,ko05210
Montipora_capitata_HIv3___RNAseq.g37297.t1,ko05211
Montipora_capitata_HIv3___RNAseq.g37297.t1,ko05212
Montipora_capitata_HIv3___RNAseq.g37297.t1,ko05231
Montipora_capitata_HIv3___RNAseq.g37297.t1,ko05416
Montipora_capitata_HIv3___RNAseq.g37297.t1,ko05418
Montipora_capitata_HIv3___RNAseq.g37301.t1,ko03450
Montipora_capitata_HIv3___TS.g29858.t1,ko00062
Montipora_capitata_HIv3___TS.g29858.t1,ko01040
Montipora_capitata_HIv3___TS.g29858.t1,ko01110
Montipora_capitata_HIv3___TS.g29858.t1,ko01212
Montipora_capitata_HIv3___RNAseq.g37342.t1,ko05016
Montipora_capitata_HIv3___RNAseq.g37329.t1,ko00380
Montipora_capitata_HIv3___RNAseq.g37329.t1,ko01100
Montipora_capitata_HIv3___RNAseq.g37331.t1,ko00380
Montipora_capitata_HIv3___RNAseq.g37331.t1,ko01100
Montipora_capitata_HIv3___RNAseq.g37352.t1,ko00230
Montipora_capitata_HIv3___RNAseq.g37352.t1,ko01523
Montipora_capitata_HIv3___RNAseq.g37352.t1,ko02010
Montipora_capitata_HIv3___RNAseq.g37352.t1,ko04024
Montipora_capitata_HIv3___RNAseq.g37352.t1,ko04145
Montipora_capitata_HIv3___RNAseq.g37352.t1,ko04210
Montipora_capitata_HIv3___RNAseq.g37352.t1,ko04530
Montipora_capitata_HIv3___RNAseq.g37352.t1,ko04540
Montipora_capitata_HIv3___RNAseq.g37352.t1,ko04742
Montipora_capitata_HIv3___RNAseq.g37352.t1,ko04976
Montipora_capitata_HIv3___RNAseq.g37352.t1,ko05130
Montipora_capitata_HIv3___TS.g29870.t1,ko01523
Montipora_capitata_HIv3___TS.g29870.t1,ko02010
Montipora_capitata_HIv3___TS.g29870.t1,ko04024
Montipora_capitata_HIv3___TS.g29870.t1,ko04976
Montipora_capitata_HIv3___RNAseq.g37359.t1,ko03040
Montipora_capitata_HIv3___TS.g29891.t2,ko03030
Montipora_capitata_HIv3___TS.g29891.t2,ko04110
Montipora_capitata_HIv3___TS.g29891.t2,ko04111
Montipora_capitata_HIv3___TS.g29891.t2,ko04113
Montipora_capitata_HIv3___RNAseq.g37385.t1,ko04919
Montipora_capitata_HIv3___RNAseq.g37385.t1,ko04974
Montipora_capitata_HIv3___TS.g29894.t1,ko03013
Montipora_capitata_HIv3___TS.g29894.t1,ko03015
Montipora_capitata_HIv3___TS.g29894.t1,ko03018
Montipora_capitata_HIv3___TS.g29895.t1,ko03013
Montipora_capitata_HIv3___TS.g29895.t1,ko03015
Montipora_capitata_HIv3___TS.g29895.t1,ko03018
Montipora_capitata_HIv3___RNAseq.g37391.t1,ko00020
Montipora_capitata_HIv3___RNAseq.g37391.t1,ko00190
Montipora_capitata_HIv3___RNAseq.g37391.t1,ko01100
Montipora_capitata_HIv3___RNAseq.g37391.t1,ko01110
Montipora_capitata_HIv3___RNAseq.g37391.t1,ko01120
Montipora_capitata_HIv3___RNAseq.g37391.t1,ko01130
Montipora_capitata_HIv3___RNAseq.g37391.t1,ko01200
Montipora_capitata_HIv3___RNAseq.g37391.t1,ko04714
Montipora_capitata_HIv3___RNAseq.g37391.t1,ko04932
Montipora_capitata_HIv3___RNAseq.g37391.t1,ko05010
Montipora_capitata_HIv3___RNAseq.g37391.t1,ko05012
Montipora_capitata_HIv3___RNAseq.g37391.t1,ko05016
Montipora_capitata_HIv3___TS.g29909.t1,ko00020
Montipora_capitata_HIv3___TS.g29909.t1,ko00190
Montipora_capitata_HIv3___TS.g29909.t1,ko01100
Montipora_capitata_HIv3___TS.g29909.t1,ko01110
Montipora_capitata_HIv3___TS.g29909.t1,ko01120
Montipora_capitata_HIv3___TS.g29909.t1,ko01130
Montipora_capitata_HIv3___TS.g29909.t1,ko01200
Montipora_capitata_HIv3___TS.g29909.t1,ko04714
Montipora_capitata_HIv3___TS.g29909.t1,ko04932
Montipora_capitata_HIv3___TS.g29909.t1,ko05010
Montipora_capitata_HIv3___TS.g29909.t1,ko05012
Montipora_capitata_HIv3___TS.g29909.t1,ko05016
Montipora_capitata_HIv3___RNAseq.g37423.t1,ko04144
Montipora_capitata_HIv3___RNAseq.g37423.t1,ko04630
Montipora_capitata_HIv3___RNAseq.g37441.t1,ko00140
Montipora_capitata_HIv3___RNAseq.g37441.t1,ko05204
Montipora_capitata_HIv3___RNAseq.g37436.t1,ko04141
Montipora_capitata_HIv3___TS.g29945.t1,ko04010
Montipora_capitata_HIv3___TS.g29945.t1,ko04013
Montipora_capitata_HIv3___TS.g29945.t1,ko04014
Montipora_capitata_HIv3___TS.g29945.t1,ko04015
Montipora_capitata_HIv3___TS.g29945.t1,ko04024
Montipora_capitata_HIv3___TS.g29945.t1,ko04062
Montipora_capitata_HIv3___TS.g29945.t1,ko04071
Montipora_capitata_HIv3___TS.g29945.t1,ko04145
Montipora_capitata_HIv3___TS.g29945.t1,ko04151
Montipora_capitata_HIv3___TS.g29945.t1,ko04310
Montipora_capitata_HIv3___TS.g29945.t1,ko04360
Montipora_capitata_HIv3___TS.g29945.t1,ko04370
Montipora_capitata_HIv3___TS.g29945.t1,ko04380
Montipora_capitata_HIv3___TS.g29945.t1,ko04510
Montipora_capitata_HIv3___TS.g29945.t1,ko04520
Montipora_capitata_HIv3___TS.g29945.t1,ko04530
Montipora_capitata_HIv3___TS.g29945.t1,ko04620
Montipora_capitata_HIv3___TS.g29945.t1,ko04650
Montipora_capitata_HIv3___TS.g29945.t1,ko04662
Montipora_capitata_HIv3___TS.g29945.t1,ko04664
Montipora_capitata_HIv3___TS.g29945.t1,ko04666
Montipora_capitata_HIv3___TS.g29945.t1,ko04670
Montipora_capitata_HIv3___TS.g29945.t1,ko04722
Montipora_capitata_HIv3___TS.g29945.t1,ko04810
Montipora_capitata_HIv3___TS.g29945.t1,ko04932
Montipora_capitata_HIv3___TS.g29945.t1,ko04933
Montipora_capitata_HIv3___TS.g29945.t1,ko04972
Montipora_capitata_HIv3___TS.g29945.t1,ko05014
Montipora_capitata_HIv3___TS.g29945.t1,ko05100
Montipora_capitata_HIv3___TS.g29945.t1,ko05120
Montipora_capitata_HIv3___TS.g29945.t1,ko05131
Montipora_capitata_HIv3___TS.g29945.t1,ko05132
Montipora_capitata_HIv3___TS.g29945.t1,ko05167
Montipora_capitata_HIv3___TS.g29945.t1,ko05200
Montipora_capitata_HIv3___TS.g29945.t1,ko05203
Montipora_capitata_HIv3___TS.g29945.t1,ko05205
Montipora_capitata_HIv3___TS.g29945.t1,ko05210
Montipora_capitata_HIv3___TS.g29945.t1,ko05211
Montipora_capitata_HIv3___TS.g29945.t1,ko05212
Montipora_capitata_HIv3___TS.g29945.t1,ko05231
Montipora_capitata_HIv3___TS.g29945.t1,ko05416
Montipora_capitata_HIv3___TS.g29945.t1,ko05418
Montipora_capitata_HIv3___TS.g29955.t2,ko00140
Montipora_capitata_HIv3___TS.g29955.t2,ko05204
Montipora_capitata_HIv3___RNAseq.g37459.t1,ko00072
Montipora_capitata_HIv3___RNAseq.g37459.t1,ko00280
Montipora_capitata_HIv3___RNAseq.g37459.t1,ko00281
Montipora_capitata_HIv3___RNAseq.g37459.t1,ko00650
Montipora_capitata_HIv3___RNAseq.g37459.t1,ko01100
Montipora_capitata_HIv3___RNAseq.g37459.t1,ko04146
Montipora_capitata_HIv3___RNAseq.g37458.t1,ko00760
Montipora_capitata_HIv3___RNAseq.g37458.t1,ko01100
Montipora_capitata_HIv3___RNAseq.g37450.t2,ko00790
Montipora_capitata_HIv3___RNAseq.g37450.t2,ko01100
Montipora_capitata_HIv3___RNAseq.g37488.t1,ko03460
Montipora_capitata_HIv3___RNAseq.g37488.t1,ko04110
Montipora_capitata_HIv3___RNAseq.g37488.t1,ko04115
Montipora_capitata_HIv3___RNAseq.g37488.t1,ko04214
Montipora_capitata_HIv3___RNAseq.g37488.t1,ko04218
Montipora_capitata_HIv3___RNAseq.g37488.t1,ko05165
Montipora_capitata_HIv3___RNAseq.g37488.t1,ko05166
Montipora_capitata_HIv3___RNAseq.g37473.t1,ko04010
Montipora_capitata_HIv3___RNAseq.g37473.t1,ko04014
Montipora_capitata_HIv3___RNAseq.g37473.t1,ko04068
Montipora_capitata_HIv3___RNAseq.g37473.t1,ko04214
Montipora_capitata_HIv3___RNAseq.g37473.t1,ko04390
Montipora_capitata_HIv3___RNAseq.g37473.t1,ko04391
Montipora_capitata_HIv3___RNAseq.g37473.t1,ko04392
Montipora_capitata_HIv3___RNAseq.g37473.t1,ko05200
Montipora_capitata_HIv3___RNAseq.g37473.t1,ko05223
Montipora_capitata_HIv3___RNAseq.g37506.t1,ko03010
Montipora_capitata_HIv3___RNAseq.g37563.t1,ko04022
Montipora_capitata_HIv3___RNAseq.g37563.t1,ko04068
Montipora_capitata_HIv3___RNAseq.g37563.t1,ko04140
Montipora_capitata_HIv3___RNAseq.g37563.t1,ko04150
Montipora_capitata_HIv3___RNAseq.g37563.t1,ko04151
Montipora_capitata_HIv3___RNAseq.g37563.t1,ko04152
Montipora_capitata_HIv3___RNAseq.g37563.t1,ko04211
Montipora_capitata_HIv3___RNAseq.g37563.t1,ko04212
Montipora_capitata_HIv3___RNAseq.g37563.t1,ko04213
Montipora_capitata_HIv3___RNAseq.g37563.t1,ko04722
Montipora_capitata_HIv3___RNAseq.g37563.t1,ko04910
Montipora_capitata_HIv3___RNAseq.g37563.t1,ko04920
Montipora_capitata_HIv3___RNAseq.g37563.t1,ko04923
Montipora_capitata_HIv3___RNAseq.g37563.t1,ko04930
Montipora_capitata_HIv3___RNAseq.g37563.t1,ko04931
Montipora_capitata_HIv3___RNAseq.g37563.t1,ko04932
Montipora_capitata_HIv3___RNAseq.g37563.t1,ko04960
Montipora_capitata_HIv3___RNAseq.g37563.t1,ko05206
Montipora_capitata_HIv3___RNAseq.g37574.t1,ko00770
Montipora_capitata_HIv3___RNAseq.g37574.t1,ko00780
Montipora_capitata_HIv3___RNAseq.g37574.t1,ko01100
Montipora_capitata_HIv3___RNAseq.g37574.t1,ko04977
Montipora_capitata_HIv3___RNAseq.g37572.t1,ko04917
Montipora_capitata_HIv3___RNAseq.g37572.t1,ko05133
Montipora_capitata_HIv3___RNAseq.g37572.t1,ko05160
Montipora_capitata_HIv3___RNAseq.g37572.t1,ko05165
Montipora_capitata_HIv3___RNAseq.g37623.t1,ko04714
Montipora_capitata_HIv3___RNAseq.g37680.t1,ko04144
Montipora_capitata_HIv3___RNAseq.g37679.t1,ko00230
Montipora_capitata_HIv3___RNAseq.g37679.t1,ko00730
Montipora_capitata_HIv3___RNAseq.g37679.t1,ko01100
Montipora_capitata_HIv3___RNAseq.g37679.t1,ko01110
Montipora_capitata_HIv3___RNAseq.g37679.t1,ko01130
Montipora_capitata_HIv3___RNAseq.g37760.t1,ko03010
Montipora_capitata_HIv3___RNAseq.g37761.t1,ko03008
Montipora_capitata_HIv3___RNAseq.g37769.t1,ko03450
Montipora_capitata_HIv3___RNAseq.g37775.t1,ko03040
Montipora_capitata_HIv3___RNAseq.g37804.t1,ko03008
Montipora_capitata_HIv3___RNAseq.g37804.t1,ko03013
Montipora_capitata_HIv3___RNAseq.g38078.t1,ko03013
Montipora_capitata_HIv3___RNAseq.g38079.t1b,ko04066
Montipora_capitata_HIv3___RNAseq.g38079.t1b,ko04145
Montipora_capitata_HIv3___RNAseq.g38079.t1b,ko04216
Montipora_capitata_HIv3___RNAseq.g38079.t1b,ko04217
Montipora_capitata_HIv3___RNAseq.g38079.t1b,ko04621
Montipora_capitata_HIv3___RNAseq.g38079.t1b,ko04670
Montipora_capitata_HIv3___RNAseq.g38079.t1b,ko04933
Montipora_capitata_HIv3___RNAseq.g38079.t1b,ko05140
Montipora_capitata_HIv3___TS.g30634.t1,ko00100
Montipora_capitata_HIv3___TS.g30634.t1,ko00140
Montipora_capitata_HIv3___TS.g30634.t1,ko00590
Montipora_capitata_HIv3___TS.g30634.t1,ko01100
Montipora_capitata_HIv3___TS.g30634.t1,ko04726
Montipora_capitata_HIv3___RNAseq.g38151.t1,ko03050
Montipora_capitata_HIv3___RNAseq.g38284.t1,ko04510
Montipora_capitata_HIv3___RNAseq.g38285.t1,ko04120
Montipora_capitata_HIv3___RNAseq.g38312.t1,ko04614
Montipora_capitata_HIv3___RNAseq.g38298.t1,ko04614
Montipora_capitata_HIv3___RNAseq.g38425.t1,ko04010
Montipora_capitata_HIv3___RNAseq.g38425.t1,ko04210
Montipora_capitata_HIv3___RNAseq.g38425.t1,ko05014
Montipora_capitata_HIv3___RNAseq.g38425.t1,ko05168
Montipora_capitata_HIv3___RNAseq.g38422.t1,ko01521
Montipora_capitata_HIv3___RNAseq.g38422.t1,ko04010
Montipora_capitata_HIv3___RNAseq.g38422.t1,ko04014
Montipora_capitata_HIv3___RNAseq.g38422.t1,ko04015
Montipora_capitata_HIv3___RNAseq.g38422.t1,ko04144
Montipora_capitata_HIv3___RNAseq.g38422.t1,ko04151
Montipora_capitata_HIv3___RNAseq.g38422.t1,ko04550
Montipora_capitata_HIv3___RNAseq.g38422.t1,ko04810
Montipora_capitata_HIv3___RNAseq.g38422.t1,ko05200
Montipora_capitata_HIv3___RNAseq.g38422.t1,ko05206
Montipora_capitata_HIv3___RNAseq.g38422.t1,ko05215
Montipora_capitata_HIv3___RNAseq.g38422.t1,ko05219
Montipora_capitata_HIv3___RNAseq.g38422.t1,ko05226
Montipora_capitata_HIv3___RNAseq.g38422.t1,ko05230
Montipora_capitata_HIv3___RNAseq.g38432.t1,ko00480
Montipora_capitata_HIv3___RNAseq.g38432.t1,ko00590
Montipora_capitata_HIv3___RNAseq.g38432.t1,ko00980
Montipora_capitata_HIv3___RNAseq.g38432.t1,ko00982
Montipora_capitata_HIv3___RNAseq.g38432.t1,ko01100
Montipora_capitata_HIv3___RNAseq.g38432.t1,ko05204
Montipora_capitata_HIv3___RNAseq.g38436.t1,ko00480
Montipora_capitata_HIv3___RNAseq.g38436.t1,ko00590
Montipora_capitata_HIv3___RNAseq.g38436.t1,ko00980
Montipora_capitata_HIv3___RNAseq.g38436.t1,ko00982
Montipora_capitata_HIv3___RNAseq.g38436.t1,ko01100
Montipora_capitata_HIv3___RNAseq.g38436.t1,ko05204
Montipora_capitata_HIv3___RNAseq.g38470.t1,ko00330
Montipora_capitata_HIv3___RNAseq.g38470.t1,ko01100
Montipora_capitata_HIv3___RNAseq.g38446.t1,ko05168
Montipora_capitata_HIv3___RNAseq.g38473.t2,ko04950
Montipora_capitata_HIv3___RNAseq.g38474.t1,ko00230
Montipora_capitata_HIv3___RNAseq.g38474.t1,ko00240
Montipora_capitata_HIv3___RNAseq.g38474.t1,ko01100
Montipora_capitata_HIv3___RNAseq.g38474.t1,ko03020
Montipora_capitata_HIv3___RNAseq.g38474.t1,ko04623
Montipora_capitata_HIv3___RNAseq.g38474.t1,ko05169
Montipora_capitata_HIv3___RNAseq.g38482.t1,ko00400
Montipora_capitata_HIv3___RNAseq.g38482.t1,ko01100
Montipora_capitata_HIv3___RNAseq.g38482.t1,ko01110
Montipora_capitata_HIv3___RNAseq.g38482.t1,ko01130
Montipora_capitata_HIv3___RNAseq.g38482.t1,ko01230
Montipora_capitata_HIv3___RNAseq.g38477.t1,ko04010
Montipora_capitata_HIv3___RNAseq.g38477.t1,ko04020
Montipora_capitata_HIv3___RNAseq.g38477.t1,ko04022
Montipora_capitata_HIv3___RNAseq.g38477.t1,ko04114
Montipora_capitata_HIv3___RNAseq.g38477.t1,ko04218
Montipora_capitata_HIv3___RNAseq.g38477.t1,ko04310
Montipora_capitata_HIv3___RNAseq.g38477.t1,ko04360
Montipora_capitata_HIv3___RNAseq.g38477.t1,ko04370
Montipora_capitata_HIv3___RNAseq.g38477.t1,ko04380
Montipora_capitata_HIv3___RNAseq.g38477.t1,ko04650
Montipora_capitata_HIv3___RNAseq.g38477.t1,ko04658
Montipora_capitata_HIv3___RNAseq.g38477.t1,ko04659
Montipora_capitata_HIv3___RNAseq.g38477.t1,ko04660
Montipora_capitata_HIv3___RNAseq.g38477.t1,ko04662
Montipora_capitata_HIv3___RNAseq.g38477.t1,ko04720
Montipora_capitata_HIv3___RNAseq.g38477.t1,ko04724
Montipora_capitata_HIv3___RNAseq.g38477.t1,ko04728
Montipora_capitata_HIv3___RNAseq.g38477.t1,ko04921
Montipora_capitata_HIv3___RNAseq.g38477.t1,ko04922
Montipora_capitata_HIv3___RNAseq.g38477.t1,ko04924
Montipora_capitata_HIv3___RNAseq.g38477.t1,ko05010
Montipora_capitata_HIv3___RNAseq.g38477.t1,ko05014
Montipora_capitata_HIv3___RNAseq.g38477.t1,ko05031
Montipora_capitata_HIv3___RNAseq.g38477.t1,ko05152
Montipora_capitata_HIv3___RNAseq.g38477.t1,ko05166
Montipora_capitata_HIv3___RNAseq.g38477.t1,ko05167
Montipora_capitata_HIv3___RNAseq.g38568.t1,ko04138
Montipora_capitata_HIv3___RNAseq.g38569.t1,ko04138
Montipora_capitata_HIv3___RNAseq.g38735.t2,ko00010
Montipora_capitata_HIv3___RNAseq.g38735.t2,ko00020
Montipora_capitata_HIv3___RNAseq.g38735.t2,ko00620
Montipora_capitata_HIv3___RNAseq.g38735.t2,ko01100
Montipora_capitata_HIv3___RNAseq.g38735.t2,ko01110
Montipora_capitata_HIv3___RNAseq.g38735.t2,ko01120
Montipora_capitata_HIv3___RNAseq.g38735.t2,ko01130
Montipora_capitata_HIv3___RNAseq.g38735.t2,ko01200
Montipora_capitata_HIv3___RNAseq.g38754.t1,ko04146
Montipora_capitata_HIv3___RNAseq.g38773.t1,ko04146
Montipora_capitata_HIv3___RNAseq.g38774.t1,ko04146
Montipora_capitata_HIv3___RNAseq.g38776.t1,ko04146
Montipora_capitata_HIv3___RNAseq.g38806.t1,ko00230
Montipora_capitata_HIv3___RNAseq.g38806.t1,ko01100
Montipora_capitata_HIv3___RNAseq.g38806.t1,ko05340
Montipora_capitata_HIv3___RNAseq.g38804.t1,ko04146
Montipora_capitata_HIv3___RNAseq.g38805.t2,ko04146
Montipora_capitata_HIv3___TS.g31347.t1,ko04142
Montipora_capitata_HIv3___RNAseq.g38839.t1,ko04150
Montipora_capitata_HIv3___RNAseq.g38839.t1,ko04310
Montipora_capitata_HIv3___RNAseq.g38839.t1,ko04390
Montipora_capitata_HIv3___RNAseq.g38839.t1,ko04550
Montipora_capitata_HIv3___RNAseq.g38839.t1,ko04916
Montipora_capitata_HIv3___RNAseq.g38839.t1,ko04934
Montipora_capitata_HIv3___RNAseq.g38839.t1,ko05165
Montipora_capitata_HIv3___RNAseq.g38839.t1,ko05166
Montipora_capitata_HIv3___RNAseq.g38839.t1,ko05200
Montipora_capitata_HIv3___RNAseq.g38839.t1,ko05205
Montipora_capitata_HIv3___RNAseq.g38839.t1,ko05217
Montipora_capitata_HIv3___RNAseq.g38839.t1,ko05224
Montipora_capitata_HIv3___RNAseq.g38839.t1,ko05225
Montipora_capitata_HIv3___RNAseq.g38839.t1,ko05226
Montipora_capitata_HIv3___RNAseq.g38840.t2a,ko04150
Montipora_capitata_HIv3___RNAseq.g38840.t2a,ko04310
Montipora_capitata_HIv3___RNAseq.g38840.t2a,ko04390
Montipora_capitata_HIv3___RNAseq.g38840.t2a,ko04550
Montipora_capitata_HIv3___RNAseq.g38840.t2a,ko04916
Montipora_capitata_HIv3___RNAseq.g38840.t2a,ko04934
Montipora_capitata_HIv3___RNAseq.g38840.t2a,ko05165
Montipora_capitata_HIv3___RNAseq.g38840.t2a,ko05166
Montipora_capitata_HIv3___RNAseq.g38840.t2a,ko05200
Montipora_capitata_HIv3___RNAseq.g38840.t2a,ko05205
Montipora_capitata_HIv3___RNAseq.g38840.t2a,ko05217
Montipora_capitata_HIv3___RNAseq.g38840.t2a,ko05224
Montipora_capitata_HIv3___RNAseq.g38840.t2a,ko05225
Montipora_capitata_HIv3___RNAseq.g38840.t2a,ko05226
Montipora_capitata_HIv3___RNAseq.g38840.t2b,ko00450
Montipora_capitata_HIv3___RNAseq.g38840.t2b,ko05200
Montipora_capitata_HIv3___RNAseq.g38840.t2b,ko05225
Montipora_capitata_HIv3___RNAseq.g38862.t1,ko01522
Montipora_capitata_HIv3___RNAseq.g38862.t1,ko04010
Montipora_capitata_HIv3___RNAseq.g38862.t1,ko04012
Montipora_capitata_HIv3___RNAseq.g38862.t1,ko04013
Montipora_capitata_HIv3___RNAseq.g38862.t1,ko04014
Montipora_capitata_HIv3___RNAseq.g38862.t1,ko04024
Montipora_capitata_HIv3___RNAseq.g38862.t1,ko04068
Montipora_capitata_HIv3___RNAseq.g38862.t1,ko04071
Montipora_capitata_HIv3___RNAseq.g38862.t1,ko04137
Montipora_capitata_HIv3___RNAseq.g38862.t1,ko04140
Montipora_capitata_HIv3___RNAseq.g38862.t1,ko04141
Montipora_capitata_HIv3___RNAseq.g38862.t1,ko04210
Montipora_capitata_HIv3___RNAseq.g38862.t1,ko04212
Montipora_capitata_HIv3___RNAseq.g38862.t1,ko04214
Montipora_capitata_HIv3___RNAseq.g38862.t1,ko04215
Montipora_capitata_HIv3___RNAseq.g38862.t1,ko04217
Montipora_capitata_HIv3___RNAseq.g38862.t1,ko04310
Montipora_capitata_HIv3___RNAseq.g38862.t1,ko04380
Montipora_capitata_HIv3___RNAseq.g38862.t1,ko04391
Montipora_capitata_HIv3___RNAseq.g38862.t1,ko04510
Montipora_capitata_HIv3___RNAseq.g38862.t1,ko04530
Montipora_capitata_HIv3___RNAseq.g38862.t1,ko04620
Montipora_capitata_HIv3___RNAseq.g38862.t1,ko04621
Montipora_capitata_HIv3___RNAseq.g38862.t1,ko04622
Montipora_capitata_HIv3___RNAseq.g38862.t1,ko04624
Montipora_capitata_HIv3___RNAseq.g38862.t1,ko04657
Montipora_capitata_HIv3___RNAseq.g38862.t1,ko04658
Montipora_capitata_HIv3___RNAseq.g38862.t1,ko04659
Montipora_capitata_HIv3___RNAseq.g38862.t1,ko04664
Montipora_capitata_HIv3___RNAseq.g38862.t1,ko04668
Montipora_capitata_HIv3___RNAseq.g38862.t1,ko04722
Montipora_capitata_HIv3___RNAseq.g38862.t1,ko04723
Montipora_capitata_HIv3___RNAseq.g38862.t1,ko04728
Montipora_capitata_HIv3___RNAseq.g38862.t1,ko04750
Montipora_capitata_HIv3___RNAseq.g38862.t1,ko04910
Montipora_capitata_HIv3___RNAseq.g38862.t1,ko04912
Montipora_capitata_HIv3___RNAseq.g38862.t1,ko04914
Montipora_capitata_HIv3___RNAseq.g38862.t1,ko04917
Montipora_capitata_HIv3___RNAseq.g38862.t1,ko04920
Montipora_capitata_HIv3___RNAseq.g38862.t1,ko04926
Montipora_capitata_HIv3___RNAseq.g38862.t1,ko04930
Montipora_capitata_HIv3___RNAseq.g38862.t1,ko04931
Montipora_capitata_HIv3___RNAseq.g38862.t1,ko04932
Montipora_capitata_HIv3___RNAseq.g38862.t1,ko04933
Montipora_capitata_HIv3___RNAseq.g38862.t1,ko05120
Montipora_capitata_HIv3___RNAseq.g38862.t1,ko05131
Montipora_capitata_HIv3___RNAseq.g38862.t1,ko05132
Montipora_capitata_HIv3___RNAseq.g38862.t1,ko05133
Montipora_capitata_HIv3___RNAseq.g38862.t1,ko05142
Montipora_capitata_HIv3___RNAseq.g38862.t1,ko05145
Montipora_capitata_HIv3___RNAseq.g38862.t1,ko05152
Montipora_capitata_HIv3___RNAseq.g38862.t1,ko05160
Montipora_capitata_HIv3___RNAseq.g38862.t1,ko05161
Montipora_capitata_HIv3___RNAseq.g38862.t1,ko05164
Montipora_capitata_HIv3___RNAseq.g38862.t1,ko05167
Montipora_capitata_HIv3___RNAseq.g38862.t1,ko05168
Montipora_capitata_HIv3___RNAseq.g38862.t1,ko05169
Montipora_capitata_HIv3___RNAseq.g38862.t1,ko05200
Montipora_capitata_HIv3___RNAseq.g38862.t1,ko05210
Montipora_capitata_HIv3___RNAseq.g38862.t1,ko05212
Montipora_capitata_HIv3___RNAseq.g38862.t1,ko05231
Montipora_capitata_HIv3___RNAseq.g38862.t1,ko05418
Montipora_capitata_HIv3___RNAseq.g38855.t4,ko04621
Montipora_capitata_HIv3___RNAseq.g38866.t1,ko04120
Montipora_capitata_HIv3___RNAseq.40944_t,ko00534
Montipora_capitata_HIv3___RNAseq.40944_t,ko01100
Montipora_capitata_HIv3___RNAseq.g38871.t1,ko00561
Montipora_capitata_HIv3___RNAseq.g38871.t1,ko00564
Montipora_capitata_HIv3___RNAseq.g38871.t1,ko01100
Montipora_capitata_HIv3___RNAseq.g38871.t1,ko01110
Montipora_capitata_HIv3___RNAseq.g38868.t4,ko04390
Montipora_capitata_HIv3___RNAseq.g38868.t4,ko04391
Montipora_capitata_HIv3___RNAseq.g38868.t4,ko04530
Montipora_capitata_HIv3___RNAseq.g38868.t4,ko05165
Montipora_capitata_HIv3___RNAseq.g38868.t4,ko05203
Montipora_capitata_HIv3___TS.g31398.t1,ko00601
Montipora_capitata_HIv3___TS.g31398.t1,ko01100
Montipora_capitata_HIv3___RNAseq.g38895.t1,ko00601
Montipora_capitata_HIv3___RNAseq.g38895.t1,ko01100
Montipora_capitata_HIv3___TS.g31416.t1,ko00601
Montipora_capitata_HIv3___TS.g31416.t1,ko01100
Montipora_capitata_HIv3___RNAseq.g38904.t1,ko00830
Montipora_capitata_HIv3___RNAseq.g38906.t1,ko00830
Montipora_capitata_HIv3___RNAseq.g38914.t1,ko00220
Montipora_capitata_HIv3___RNAseq.g38914.t1,ko00250
Montipora_capitata_HIv3___RNAseq.g38914.t1,ko00471
Montipora_capitata_HIv3___RNAseq.g38914.t1,ko01100
Montipora_capitata_HIv3___RNAseq.g38914.t1,ko04724
Montipora_capitata_HIv3___RNAseq.g38914.t1,ko04727
Montipora_capitata_HIv3___RNAseq.g38914.t1,ko04964
Montipora_capitata_HIv3___RNAseq.g38914.t1,ko05206
Montipora_capitata_HIv3___RNAseq.g38914.t1,ko05230
Montipora_capitata_HIv3___RNAseq.g38909.t1,ko00190
Montipora_capitata_HIv3___RNAseq.g38909.t1,ko01100
Montipora_capitata_HIv3___RNAseq.g38909.t1,ko04260
Montipora_capitata_HIv3___RNAseq.g38909.t1,ko04714
Montipora_capitata_HIv3___RNAseq.g38909.t1,ko04932
Montipora_capitata_HIv3___RNAseq.g38909.t1,ko05010
Montipora_capitata_HIv3___RNAseq.g38909.t1,ko05012
Montipora_capitata_HIv3___RNAseq.g38909.t1,ko05016
Montipora_capitata_HIv3___RNAseq.g38945.t1,ko00190
Montipora_capitata_HIv3___RNAseq.g38945.t1,ko01100
Montipora_capitata_HIv3___RNAseq.g38945.t1,ko03015
Montipora_capitata_HIv3___RNAseq.g38945.t1,ko04714
Montipora_capitata_HIv3___RNAseq.g38945.t1,ko04723
Montipora_capitata_HIv3___RNAseq.g38945.t1,ko04932
Montipora_capitata_HIv3___RNAseq.g38945.t1,ko05010
Montipora_capitata_HIv3___RNAseq.g38945.t1,ko05012
Montipora_capitata_HIv3___RNAseq.g38945.t1,ko05016
Montipora_capitata_HIv3___RNAseq.g38952.t2b,ko00561
Montipora_capitata_HIv3___RNAseq.g38952.t2b,ko00564
Montipora_capitata_HIv3___RNAseq.g38952.t2b,ko01100
Montipora_capitata_HIv3___RNAseq.g38952.t2b,ko01110
Montipora_capitata_HIv3___RNAseq.g38952.t2b,ko04070
Montipora_capitata_HIv3___RNAseq.g38952.t2b,ko04072
Montipora_capitata_HIv3___RNAseq.g38952.t2b,ko05231
Montipora_capitata_HIv3___TS.g31475.t1,ko05014
Montipora_capitata_HIv3___TS.g31487.t2,ko04130
Montipora_capitata_HIv3___TS.g31487.t2,ko04138
Montipora_capitata_HIv3___RNAseq.g38964.t1,ko04141
Montipora_capitata_HIv3___RNAseq.g38966.t1,ko04141
Montipora_capitata_HIv3___RNAseq.g38976.t2b,ko04310
Montipora_capitata_HIv3___RNAseq.g38976.t2b,ko04390
Montipora_capitata_HIv3___RNAseq.g38976.t2b,ko04520
Montipora_capitata_HIv3___RNAseq.g38976.t2b,ko04916
Montipora_capitata_HIv3___RNAseq.g38976.t2b,ko04934
Montipora_capitata_HIv3___RNAseq.g38976.t2b,ko05165
Montipora_capitata_HIv3___RNAseq.g38976.t2b,ko05200
Montipora_capitata_HIv3___RNAseq.g38976.t2b,ko05210
Montipora_capitata_HIv3___RNAseq.g38976.t2b,ko05213
Montipora_capitata_HIv3___RNAseq.g38976.t2b,ko05215
Montipora_capitata_HIv3___RNAseq.g38976.t2b,ko05216
Montipora_capitata_HIv3___RNAseq.g38976.t2b,ko05217
Montipora_capitata_HIv3___RNAseq.g38976.t2b,ko05221
Montipora_capitata_HIv3___RNAseq.g38976.t2b,ko05224
Montipora_capitata_HIv3___RNAseq.g38976.t2b,ko05225
Montipora_capitata_HIv3___RNAseq.g38976.t2b,ko05226
Montipora_capitata_HIv3___RNAseq.g38976.t2b,ko05412
Montipora_capitata_HIv3___RNAseq.g38992.t1,ko04110
Montipora_capitata_HIv3___RNAseq.g38992.t1,ko04111
Montipora_capitata_HIv3___RNAseq.g38992.t1,ko04114
Montipora_capitata_HIv3___RNAseq.g38992.t1,ko04120
Montipora_capitata_HIv3___RNAseq.g38992.t1,ko04141
Montipora_capitata_HIv3___RNAseq.g38992.t1,ko04310
Montipora_capitata_HIv3___RNAseq.g38992.t1,ko04341
Montipora_capitata_HIv3___RNAseq.g38992.t1,ko04350
Montipora_capitata_HIv3___RNAseq.g38992.t1,ko04710
Montipora_capitata_HIv3___RNAseq.g38992.t1,ko05168
Montipora_capitata_HIv3___RNAseq.g38992.t1,ko05200
Montipora_capitata_HIv3___RNAseq.g38995.t1,ko04011
Montipora_capitata_HIv3___RNAseq.g38995.t1,ko04013
Montipora_capitata_HIv3___RNAseq.g38995.t1,ko04110
Montipora_capitata_HIv3___RNAseq.g38995.t1,ko04114
Montipora_capitata_HIv3___RNAseq.g38995.t1,ko04151
Montipora_capitata_HIv3___RNAseq.g38995.t1,ko04212
Montipora_capitata_HIv3___RNAseq.g38995.t1,ko04390
Montipora_capitata_HIv3___RNAseq.g38995.t1,ko04391
Montipora_capitata_HIv3___RNAseq.g38995.t1,ko04722
Montipora_capitata_HIv3___RNAseq.g38995.t1,ko05161
Montipora_capitata_HIv3___RNAseq.g38995.t1,ko05169
Montipora_capitata_HIv3___RNAseq.g38995.t1,ko05203
Montipora_capitata_HIv3___RNAseq.g39012.t1,ko04022
Montipora_capitata_HIv3___RNAseq.g39012.t1,ko04270
Montipora_capitata_HIv3___RNAseq.g39012.t1,ko04911
Montipora_capitata_HIv3___RNAseq.g39012.t1,ko04924
Montipora_capitata_HIv3___RNAseq.g39012.t1,ko04970
Montipora_capitata_HIv3___RNAseq.g39012.t1,ko04972
Montipora_capitata_HIv3___TS.g31532.t1,ko04217
Montipora_capitata_HIv3___TS.g31532.t1,ko05034
Montipora_capitata_HIv3___TS.g31532.t1,ko05322
Montipora_capitata_HIv3___RNAseq.g39017.t1,ko04217
Montipora_capitata_HIv3___RNAseq.g39017.t1,ko05034
Montipora_capitata_HIv3___RNAseq.g39017.t1,ko05322
Montipora_capitata_HIv3___RNAseq.g39030.t1,ko00511
Montipora_capitata_HIv3___RNAseq.g39030.t1,ko00513
Montipora_capitata_HIv3___RNAseq.g39030.t1,ko00520
Montipora_capitata_HIv3___RNAseq.g39030.t1,ko00531
Montipora_capitata_HIv3___RNAseq.g39030.t1,ko00603
Montipora_capitata_HIv3___RNAseq.g39030.t1,ko00604
Montipora_capitata_HIv3___RNAseq.g39030.t1,ko01100
Montipora_capitata_HIv3___RNAseq.g39030.t1,ko04142
Montipora_capitata_HIv3___RNAseq.41126_t,ko01040
Montipora_capitata_HIv3___RNAseq.41126_t,ko01212
Montipora_capitata_HIv3___RNAseq.41126_t,ko03320
Montipora_capitata_HIv3___RNAseq.41126_t,ko04152
Montipora_capitata_HIv3___RNAseq.41126_t,ko04212
Montipora_capitata_HIv3___RNAseq.g39032.t1,ko00511
Montipora_capitata_HIv3___RNAseq.g39032.t1,ko00513
Montipora_capitata_HIv3___RNAseq.g39032.t1,ko00520
Montipora_capitata_HIv3___RNAseq.g39032.t1,ko00531
Montipora_capitata_HIv3___RNAseq.g39032.t1,ko00603
Montipora_capitata_HIv3___RNAseq.g39032.t1,ko00604
Montipora_capitata_HIv3___RNAseq.g39032.t1,ko01100
Montipora_capitata_HIv3___RNAseq.g39032.t1,ko04142
Montipora_capitata_HIv3___RNAseq.g39044.t2,ko05231
Montipora_capitata_HIv3___RNAseq.g39047.t1,ko00534
Montipora_capitata_HIv3___RNAseq.g39047.t1,ko01100
Montipora_capitata_HIv3___RNAseq.g39050.t1,ko03060
Montipora_capitata_HIv3___RNAseq.g39055.t1,ko04014
Montipora_capitata_HIv3___RNAseq.g39055.t1,ko05200
Montipora_capitata_HIv3___RNAseq.g39055.t1,ko05212
Montipora_capitata_HIv3___RNAseq.g39057.t1,ko00790
Montipora_capitata_HIv3___RNAseq.g39233.t1,ko04110
Montipora_capitata_HIv3___RNAseq.g39233.t1,ko04114
Montipora_capitata_HIv3___RNAseq.g39233.t1,ko04120
Montipora_capitata_HIv3___RNAseq.g39233.t1,ko04914
Montipora_capitata_HIv3___TS.g31751.t2,ko04662
Montipora_capitata_HIv3___TS.g31755.t4,ko04391
Montipora_capitata_HIv3___TS.g31755.t4,ko04392
Montipora_capitata_HIv3___RNAseq.g39243.t1,ko01040
Montipora_capitata_HIv3___RNAseq.g39243.t1,ko01212
Montipora_capitata_HIv3___RNAseq.g39243.t1,ko03320
Montipora_capitata_HIv3___RNAseq.g39243.t1,ko04152
Montipora_capitata_HIv3___RNAseq.g39243.t1,ko04212
Montipora_capitata_HIv3___RNAseq.g39257.t1,ko04140
Montipora_capitata_HIv3___RNAseq.g39257.t1,ko04142
Montipora_capitata_HIv3___RNAseq.g39257.t1,ko04210
Montipora_capitata_HIv3___RNAseq.g39257.t1,ko04612
Montipora_capitata_HIv3___RNAseq.g39257.t1,ko04621
Montipora_capitata_HIv3___RNAseq.g39257.t1,ko04924
Montipora_capitata_HIv3___TS.g31776.t1,ko04320
Montipora_capitata_HIv3___RNAseq.g39263.t1,ko04014
Montipora_capitata_HIv3___RNAseq.g39263.t1,ko05200
Montipora_capitata_HIv3___RNAseq.g39263.t1,ko05212
Montipora_capitata_HIv3___RNAseq.g39264.t1b,ko01110
Montipora_capitata_HIv3___RNAseq.g39266.t2,ko01110
Montipora_capitata_HIv3___TS.g31796.t1,ko04062
Montipora_capitata_HIv3___TS.g31796.t1,ko04144
Montipora_capitata_HIv3___TS.g31796.t1,ko04520
Montipora_capitata_HIv3___TS.g31796.t1,ko04530
Montipora_capitata_HIv3___TS.g31796.t1,ko04666
Montipora_capitata_HIv3___TS.g31796.t1,ko04810
Montipora_capitata_HIv3___TS.g31796.t1,ko05100
Montipora_capitata_HIv3___TS.g31796.t1,ko05130
Montipora_capitata_HIv3___TS.g31796.t1,ko05131
Montipora_capitata_HIv3___TS.g31796.t1,ko05132
Montipora_capitata_HIv3___TS.g31796.t1,ko05231
Montipora_capitata_HIv3___TS.g31803.t4,ko04111
Montipora_capitata_HIv3___RNAseq.g39275.t1,ko04217
Montipora_capitata_HIv3___RNAseq.g39275.t1,ko04974
Montipora_capitata_HIv3___RNAseq.g39275.t1,ko05034
Montipora_capitata_HIv3___RNAseq.g39275.t1,ko05322
Montipora_capitata_HIv3___RNAseq.g39284.t1,ko00020
Montipora_capitata_HIv3___RNAseq.g39284.t1,ko00310
Montipora_capitata_HIv3___RNAseq.g39284.t1,ko00380
Montipora_capitata_HIv3___RNAseq.g39284.t1,ko01100
Montipora_capitata_HIv3___RNAseq.g39284.t1,ko01110
Montipora_capitata_HIv3___RNAseq.g39284.t1,ko01120
Montipora_capitata_HIv3___RNAseq.g39284.t1,ko01130
Montipora_capitata_HIv3___RNAseq.g39284.t1,ko01200
Montipora_capitata_HIv3___RNAseq.g39288.t1,ko03410
Montipora_capitata_HIv3___RNAseq.g39288.t1,ko05166
Montipora_capitata_HIv3___RNAseq.g39288.t1,ko05203
Montipora_capitata_HIv3___RNAseq.g39301.t2,ko04391
Montipora_capitata_HIv3___RNAseq.g39301.t2,ko04530
Montipora_capitata_HIv3___TS.g31819.t2b,ko00190
Montipora_capitata_HIv3___RNAseq.g39291.t1,ko03013
Montipora_capitata_HIv3___RNAseq.g39291.t1,ko05134
Montipora_capitata_HIv3___RNAseq.g39310.t1,ko03050
Montipora_capitata_HIv3___RNAseq.g39310.t1,ko05169
Montipora_capitata_HIv3___RNAseq.g39312.t1,ko03050
Montipora_capitata_HIv3___RNAseq.g39312.t1,ko05169
Montipora_capitata_HIv3___RNAseq.g39314.t1,ko00760
Montipora_capitata_HIv3___RNAseq.g39314.t1,ko01100
Montipora_capitata_HIv3___RNAseq.g39315.t1,ko00770
Montipora_capitata_HIv3___RNAseq.g39315.t1,ko01100
Montipora_capitata_HIv3___RNAseq.g39316.t1,ko04924
Montipora_capitata_HIv3___RNAseq.g39316.t1,ko04964
Montipora_capitata_HIv3___RNAseq.g39316.t1,ko04976
Montipora_capitata_HIv3___RNAseq.g39319.t2,ko00061
Montipora_capitata_HIv3___RNAseq.g39319.t2,ko00071
Montipora_capitata_HIv3___RNAseq.g39319.t2,ko01100
Montipora_capitata_HIv3___RNAseq.g39319.t2,ko01212
Montipora_capitata_HIv3___RNAseq.g39319.t2,ko02024
Montipora_capitata_HIv3___RNAseq.g39319.t2,ko03320
Montipora_capitata_HIv3___RNAseq.g39319.t2,ko04146
Montipora_capitata_HIv3___RNAseq.g39319.t2,ko04216
Montipora_capitata_HIv3___RNAseq.g39319.t2,ko04714
Montipora_capitata_HIv3___RNAseq.g39319.t2,ko04920
Montipora_capitata_HIv3___TS.g31833.t1,ko00061
Montipora_capitata_HIv3___TS.g31833.t1,ko00071
Montipora_capitata_HIv3___TS.g31833.t1,ko01100
Montipora_capitata_HIv3___TS.g31833.t1,ko01212
Montipora_capitata_HIv3___TS.g31833.t1,ko02024
Montipora_capitata_HIv3___TS.g31833.t1,ko03320
Montipora_capitata_HIv3___TS.g31833.t1,ko04146
Montipora_capitata_HIv3___TS.g31833.t1,ko04216
Montipora_capitata_HIv3___TS.g31833.t1,ko04714
Montipora_capitata_HIv3___TS.g31833.t1,ko04920
Montipora_capitata_HIv3___RNAseq.g39326.t1a,ko00062
Montipora_capitata_HIv3___RNAseq.g39326.t1a,ko00071
Montipora_capitata_HIv3___RNAseq.g39326.t1a,ko00280
Montipora_capitata_HIv3___RNAseq.g39326.t1a,ko00281
Montipora_capitata_HIv3___RNAseq.g39326.t1a,ko00310
Montipora_capitata_HIv3___RNAseq.g39326.t1a,ko00380
Montipora_capitata_HIv3___RNAseq.g39326.t1a,ko00650
Montipora_capitata_HIv3___RNAseq.g39326.t1a,ko00930
Montipora_capitata_HIv3___RNAseq.g39326.t1a,ko01100
Montipora_capitata_HIv3___RNAseq.g39326.t1a,ko01110
Montipora_capitata_HIv3___RNAseq.g39326.t1a,ko01120
Montipora_capitata_HIv3___RNAseq.g39326.t1a,ko01130
Montipora_capitata_HIv3___RNAseq.g39326.t1a,ko01212
Montipora_capitata_HIv3___RNAseq.g39328.t1,ko04745
Montipora_capitata_HIv3___RNAseq.g39321.t1,ko00061
Montipora_capitata_HIv3___RNAseq.g39321.t1,ko00071
Montipora_capitata_HIv3___RNAseq.g39321.t1,ko01100
Montipora_capitata_HIv3___RNAseq.g39321.t1,ko01212
Montipora_capitata_HIv3___RNAseq.g39321.t1,ko02024
Montipora_capitata_HIv3___RNAseq.g39321.t1,ko03320
Montipora_capitata_HIv3___RNAseq.g39321.t1,ko04146
Montipora_capitata_HIv3___RNAseq.g39321.t1,ko04216
Montipora_capitata_HIv3___RNAseq.g39321.t1,ko04714
Montipora_capitata_HIv3___RNAseq.g39321.t1,ko04920
Montipora_capitata_HIv3___RNAseq.g39322.t1,ko00061
Montipora_capitata_HIv3___RNAseq.g39322.t1,ko00071
Montipora_capitata_HIv3___RNAseq.g39322.t1,ko01100
Montipora_capitata_HIv3___RNAseq.g39322.t1,ko01212
Montipora_capitata_HIv3___RNAseq.g39322.t1,ko02024
Montipora_capitata_HIv3___RNAseq.g39322.t1,ko03320
Montipora_capitata_HIv3___RNAseq.g39322.t1,ko04146
Montipora_capitata_HIv3___RNAseq.g39322.t1,ko04216
Montipora_capitata_HIv3___RNAseq.g39322.t1,ko04714
Montipora_capitata_HIv3___RNAseq.g39322.t1,ko04920
Montipora_capitata_HIv3___RNAseq.g39324.t1,ko00061
Montipora_capitata_HIv3___RNAseq.g39324.t1,ko00071
Montipora_capitata_HIv3___RNAseq.g39324.t1,ko01100
Montipora_capitata_HIv3___RNAseq.g39324.t1,ko01212
Montipora_capitata_HIv3___RNAseq.g39324.t1,ko02024
Montipora_capitata_HIv3___RNAseq.g39324.t1,ko03320
Montipora_capitata_HIv3___RNAseq.g39324.t1,ko04146
Montipora_capitata_HIv3___RNAseq.g39324.t1,ko04216
Montipora_capitata_HIv3___RNAseq.g39324.t1,ko04714
Montipora_capitata_HIv3___RNAseq.g39324.t1,ko04920
Montipora_capitata_HIv3___RNAseq.g39331.t1,ko03022
Montipora_capitata_HIv3___RNAseq.g39331.t1,ko03420
Montipora_capitata_HIv3___RNAseq.g39335.t1,ko04212
Montipora_capitata_HIv3___RNAseq.g39337.t1,ko03010
Montipora_capitata_HIv3___RNAseq.g39395.t1,ko00471
Montipora_capitata_HIv3___RNAseq.g39446.t1,ko03030
Montipora_capitata_HIv3___RNAseq.g39446.t1,ko03420
Montipora_capitata_HIv3___RNAseq.g39446.t1,ko03430
Montipora_capitata_HIv3___TS.g31974.t2,ko03018
Montipora_capitata_HIv3___RNAseq.g39461.t1,ko01522
Montipora_capitata_HIv3___RNAseq.g39461.t1,ko04110
Montipora_capitata_HIv3___RNAseq.g39461.t1,ko04218
Montipora_capitata_HIv3___RNAseq.g39461.t1,ko04934
Montipora_capitata_HIv3___RNAseq.g39461.t1,ko05161
Montipora_capitata_HIv3___RNAseq.g39461.t1,ko05166
Montipora_capitata_HIv3___RNAseq.g39461.t1,ko05167
Montipora_capitata_HIv3___RNAseq.g39461.t1,ko05200
Montipora_capitata_HIv3___RNAseq.g39461.t1,ko05206
Montipora_capitata_HIv3___RNAseq.g39461.t1,ko05212
Montipora_capitata_HIv3___RNAseq.g39461.t1,ko05214
Montipora_capitata_HIv3___RNAseq.g39461.t1,ko05215
Montipora_capitata_HIv3___RNAseq.g39461.t1,ko05218
Montipora_capitata_HIv3___RNAseq.g39461.t1,ko05219
Montipora_capitata_HIv3___RNAseq.g39461.t1,ko05220
Montipora_capitata_HIv3___RNAseq.g39461.t1,ko05222
Montipora_capitata_HIv3___RNAseq.g39461.t1,ko05223
Montipora_capitata_HIv3___RNAseq.g39461.t1,ko05224
Montipora_capitata_HIv3___RNAseq.g39461.t1,ko05225
Montipora_capitata_HIv3___RNAseq.g39461.t1,ko05226
Montipora_capitata_HIv3___RNAseq.g39462.t1,ko01522
Montipora_capitata_HIv3___RNAseq.g39462.t1,ko04110
Montipora_capitata_HIv3___RNAseq.g39462.t1,ko04218
Montipora_capitata_HIv3___RNAseq.g39462.t1,ko04934
Montipora_capitata_HIv3___RNAseq.g39462.t1,ko05161
Montipora_capitata_HIv3___RNAseq.g39462.t1,ko05166
Montipora_capitata_HIv3___RNAseq.g39462.t1,ko05167
Montipora_capitata_HIv3___RNAseq.g39462.t1,ko05200
Montipora_capitata_HIv3___RNAseq.g39462.t1,ko05206
Montipora_capitata_HIv3___RNAseq.g39462.t1,ko05212
Montipora_capitata_HIv3___RNAseq.g39462.t1,ko05214
Montipora_capitata_HIv3___RNAseq.g39462.t1,ko05215
Montipora_capitata_HIv3___RNAseq.g39462.t1,ko05218
Montipora_capitata_HIv3___RNAseq.g39462.t1,ko05219
Montipora_capitata_HIv3___RNAseq.g39462.t1,ko05220
Montipora_capitata_HIv3___RNAseq.g39462.t1,ko05222
Montipora_capitata_HIv3___RNAseq.g39462.t1,ko05223
Montipora_capitata_HIv3___RNAseq.g39462.t1,ko05224
Montipora_capitata_HIv3___RNAseq.g39462.t1,ko05225
Montipora_capitata_HIv3___RNAseq.g39462.t1,ko05226
Montipora_capitata_HIv3___RNAseq.g39463.t1,ko04977
Montipora_capitata_HIv3___RNAseq.g39504.t1,ko00900
Montipora_capitata_HIv3___RNAseq.g39504.t1,ko01100
Montipora_capitata_HIv3___RNAseq.g39504.t1,ko01110
Montipora_capitata_HIv3___RNAseq.g39504.t1,ko01130
Montipora_capitata_HIv3___RNAseq.g39569.t1,ko04140
Montipora_capitata_HIv3___RNAseq.g39569.t1,ko04150
Montipora_capitata_HIv3___RNAseq.g39584.t1,ko05202
Montipora_capitata_HIv3___RNAseq.g39606.t1,ko00190
Montipora_capitata_HIv3___RNAseq.g39606.t1,ko01100
Montipora_capitata_HIv3___RNAseq.g39606.t1,ko04714
Montipora_capitata_HIv3___RNAseq.g39606.t1,ko04723
Montipora_capitata_HIv3___RNAseq.g39606.t1,ko04932
Montipora_capitata_HIv3___RNAseq.g39606.t1,ko05010
Montipora_capitata_HIv3___RNAseq.g39606.t1,ko05012
Montipora_capitata_HIv3___RNAseq.g39606.t1,ko05016
Montipora_capitata_HIv3___RNAseq.g39613.t1b,ko00010
Montipora_capitata_HIv3___RNAseq.g39613.t1b,ko00030
Montipora_capitata_HIv3___RNAseq.g39613.t1b,ko00051
Montipora_capitata_HIv3___RNAseq.g39613.t1b,ko00052
Montipora_capitata_HIv3___RNAseq.g39613.t1b,ko00680
Montipora_capitata_HIv3___RNAseq.g39613.t1b,ko01100
Montipora_capitata_HIv3___RNAseq.g39613.t1b,ko01110
Montipora_capitata_HIv3___RNAseq.g39613.t1b,ko01120
Montipora_capitata_HIv3___RNAseq.g39613.t1b,ko01130
Montipora_capitata_HIv3___RNAseq.g39613.t1b,ko01200
Montipora_capitata_HIv3___RNAseq.g39613.t1b,ko01230
Montipora_capitata_HIv3___RNAseq.g39613.t1b,ko03018
Montipora_capitata_HIv3___RNAseq.g39613.t1b,ko04152
Montipora_capitata_HIv3___RNAseq.g39613.t1b,ko05230
Montipora_capitata_HIv3___RNAseq.g39640.t1,ko00565
Montipora_capitata_HIv3___RNAseq.g39640.t1,ko01100
Montipora_capitata_HIv3___RNAseq.g39640.t1,ko01110
Montipora_capitata_HIv3___RNAseq.g39640.t1,ko01130
Montipora_capitata_HIv3___RNAseq.g39642.t1,ko04144
Montipora_capitata_HIv3___RNAseq.g39642.t1,ko04666
Montipora_capitata_HIv3___RNAseq.g39692.t2,ko04142
Montipora_capitata_HIv3___RNAseq.g39692.t2,ko04979
Montipora_capitata_HIv3___RNAseq.g39706.t2,ko05164
Montipora_capitata_HIv3___RNAseq.g39699.t1,ko00120
Montipora_capitata_HIv3___RNAseq.g39730.t1,ko01524
Montipora_capitata_HIv3___RNAseq.g39730.t1,ko03430
Montipora_capitata_HIv3___RNAseq.g39730.t1,ko05200
Montipora_capitata_HIv3___RNAseq.g39730.t1,ko05210
Montipora_capitata_HIv3___RNAseq.g39765.t2,ko00564
Montipora_capitata_HIv3___RNAseq.g39765.t2,ko01100
Montipora_capitata_HIv3___RNAseq.g39738.t1,ko04080
Montipora_capitata_HIv3___RNAseq.g39738.t1,ko04713
Montipora_capitata_HIv3___RNAseq.g39740.t1,ko04080
Montipora_capitata_HIv3___RNAseq.g39740.t1,ko04713
Montipora_capitata_HIv3___RNAseq.g39742.t1,ko04080
Montipora_capitata_HIv3___RNAseq.g39742.t1,ko04713
Montipora_capitata_HIv3___RNAseq.g39744.t1,ko04080
Montipora_capitata_HIv3___RNAseq.g39744.t1,ko04713
Montipora_capitata_HIv3___RNAseq.g39770.t1,ko03010
Montipora_capitata_HIv3___RNAseq.g39770.t1,ko04340
Montipora_capitata_HIv3___RNAseq.g39770.t1,ko04341
Montipora_capitata_HIv3___RNAseq.g39775.t1,ko00510
Montipora_capitata_HIv3___RNAseq.g39775.t1,ko00513
Montipora_capitata_HIv3___RNAseq.g39775.t1,ko01100
Montipora_capitata_HIv3___RNAseq.g39775.t1,ko04141
Montipora_capitata_HIv3___RNAseq.g39777.t1,ko03040
Montipora_capitata_HIv3___RNAseq.g39783.t1,ko03010
Montipora_capitata_HIv3___RNAseq.g39785.t1,ko04141
Montipora_capitata_HIv3___RNAseq.g39804.t1,ko03010
Montipora_capitata_HIv3___TS.g32338.t1,ko03010
Montipora_capitata_HIv3___TS.g32344.t3,ko00480
Montipora_capitata_HIv3___TS.g32344.t3,ko00980
Montipora_capitata_HIv3___TS.g32344.t3,ko00982
Montipora_capitata_HIv3___TS.g32344.t3,ko00983
Montipora_capitata_HIv3___TS.g32344.t3,ko01524
Montipora_capitata_HIv3___TS.g32344.t3,ko05200
Montipora_capitata_HIv3___TS.g32344.t3,ko05204
Montipora_capitata_HIv3___TS.g32344.t3,ko05225
Montipora_capitata_HIv3___TS.g32344.t3,ko05418
Montipora_capitata_HIv3___RNAseq.g39826.t1,ko04010
Montipora_capitata_HIv3___RNAseq.g39826.t1,ko04014
Montipora_capitata_HIv3___RNAseq.g39826.t1,ko04015
Montipora_capitata_HIv3___RNAseq.g39826.t1,ko04151
Montipora_capitata_HIv3___RNAseq.g39826.t1,ko04390
Montipora_capitata_HIv3___RNAseq.g39826.t1,ko04810
Montipora_capitata_HIv3___RNAseq.g39826.t1,ko05200
Montipora_capitata_HIv3___RNAseq.g39826.t1,ko05218
Montipora_capitata_HIv3___RNAseq.g39826.t1,ko05224
Montipora_capitata_HIv3___RNAseq.g39826.t1,ko05226
Montipora_capitata_HIv3___RNAseq.g39832.t1,ko00534
Montipora_capitata_HIv3___RNAseq.g39832.t1,ko01100
Montipora_capitata_HIv3___RNAseq.g39833.t1,ko00534
Montipora_capitata_HIv3___RNAseq.g39833.t1,ko01100
Montipora_capitata_HIv3___RNAseq.g39839.t1,ko04020
Montipora_capitata_HIv3___RNAseq.g39839.t1,ko04068
Montipora_capitata_HIv3___RNAseq.g39839.t1,ko04072
Montipora_capitata_HIv3___RNAseq.g39839.t1,ko04080
Montipora_capitata_HIv3___RNAseq.g39839.t1,ko04540
Montipora_capitata_HIv3___RNAseq.g39839.t1,ko04720
Montipora_capitata_HIv3___RNAseq.g39839.t1,ko04723
Montipora_capitata_HIv3___RNAseq.g39839.t1,ko04724
Montipora_capitata_HIv3___RNAseq.g39839.t1,ko04730
Montipora_capitata_HIv3___RNAseq.g39839.t1,ko04742
Montipora_capitata_HIv3___RNAseq.g39839.t1,ko04915
Montipora_capitata_HIv3___RNAseq.g39839.t1,ko05016
Montipora_capitata_HIv3___RNAseq.g39839.t1,ko05030
Montipora_capitata_HIv3___RNAseq.g39840.t1,ko00230
Montipora_capitata_HIv3___RNAseq.g39840.t1,ko00240
Montipora_capitata_HIv3___RNAseq.g39840.t1,ko01100
Montipora_capitata_HIv3___RNAseq.g39840.t1,ko03020
Montipora_capitata_HIv3___RNAseq.g39840.t1,ko04623
Montipora_capitata_HIv3___RNAseq.g39840.t1,ko05169
Montipora_capitata_HIv3___RNAseq.g39878.t1,ko00510
Montipora_capitata_HIv3___RNAseq.g39878.t1,ko00513
Montipora_capitata_HIv3___RNAseq.g39878.t1,ko01100
Montipora_capitata_HIv3___RNAseq.g39878.t1,ko04141
Montipora_capitata_HIv3___RNAseq.g39863.t1,ko03010
Montipora_capitata_HIv3___TS.g32377.t1,ko04624
Montipora_capitata_HIv3___TS.g32377.t1,ko05205
Montipora_capitata_HIv3___RNAseq.g39881.t1,ko04962
Montipora_capitata_HIv3___RNAseq.g39881.t1,ko05016
Montipora_capitata_HIv3___RNAseq.g39886.t1,ko03010
Montipora_capitata_HIv3___RNAseq.g39888.t1,ko03010
Montipora_capitata_HIv3___RNAseq.g39901.t1,ko00190
Montipora_capitata_HIv3___RNAseq.g39901.t1,ko01100
Montipora_capitata_HIv3___RNAseq.g39901.t1,ko04142
Montipora_capitata_HIv3___RNAseq.g39901.t1,ko04145
Montipora_capitata_HIv3___RNAseq.g39901.t1,ko04150
Montipora_capitata_HIv3___RNAseq.g39901.t1,ko04721
Montipora_capitata_HIv3___RNAseq.g39901.t1,ko05110
Montipora_capitata_HIv3___RNAseq.g39901.t1,ko05120
Montipora_capitata_HIv3___RNAseq.g39901.t1,ko05152
Montipora_capitata_HIv3___RNAseq.g39901.t1,ko05323
Montipora_capitata_HIv3___TS.g32462.t1,ko04141
Montipora_capitata_HIv3___RNAseq.g39943.t1,ko03040
Montipora_capitata_HIv3___RNAseq.42142_t,ko04110
Montipora_capitata_HIv3___RNAseq.42142_t,ko04111
Montipora_capitata_HIv3___RNAseq.g39974.t1,ko00130
Montipora_capitata_HIv3___RNAseq.g39974.t1,ko01110
Montipora_capitata_HIv3___RNAseq.g15645.t1,ko00190
Montipora_capitata_HIv3___RNAseq.g15645.t1,ko01100
Montipora_capitata_HIv3___RNAseq.g15645.t1,ko04714
Montipora_capitata_HIv3___RNAseq.g15645.t1,ko05010
Montipora_capitata_HIv3___RNAseq.g15645.t1,ko05012
Montipora_capitata_HIv3___RNAseq.g15645.t1,ko05016
Montipora_capitata_HIv3___RNAseq.g15647.t1,ko00510
Montipora_capitata_HIv3___RNAseq.g15647.t1,ko01100
Montipora_capitata_HIv3___RNAseq.g15648.t1,ko04122
Montipora_capitata_HIv3___RNAseq.g15653.t1,ko04657
Montipora_capitata_HIv3___RNAseq.g15653.t1,ko04668
Montipora_capitata_HIv3___RNAseq.g15653.t1,ko05152
Montipora_capitata_HIv3___RNAseq.g15653.t1,ko05202
Montipora_capitata_HIv3___RNAseq.g15653.t1,ko05221
Montipora_capitata_HIv3___RNAseq.g15654.t1,ko05168
Montipora_capitata_HIv3___RNAseq.g15655.t1,ko00514
Montipora_capitata_HIv3___RNAseq.42184_t,ko04978
Montipora_capitata_HIv3___RNAseq.g15673.t1,ko04360
Montipora_capitata_HIv3___RNAseq.g15675.t1,ko04612
Montipora_capitata_HIv3___RNAseq.g15675.t1,ko05152
Montipora_capitata_HIv3___RNAseq.g15675.t1,ko05166
Montipora_capitata_HIv3___TS.g10995.t1,ko00450
Montipora_capitata_HIv3___TS.g10995.t1,ko05200
Montipora_capitata_HIv3___TS.g10995.t1,ko05225
Montipora_capitata_HIv3___RNAseq.g15680.t1,ko04910
Montipora_capitata_HIv3___RNAseq.g15684.t2,ko01522
Montipora_capitata_HIv3___RNAseq.g15684.t2,ko04919
Montipora_capitata_HIv3___RNAseq.g15693.t1,ko00510
Montipora_capitata_HIv3___RNAseq.g15693.t1,ko00513
Montipora_capitata_HIv3___RNAseq.g15693.t1,ko00970
Montipora_capitata_HIv3___RNAseq.g15693.t1,ko01100
Montipora_capitata_HIv3___TS.g11012.t1,ko04151
Montipora_capitata_HIv3___TS.g11012.t1,ko04510
Montipora_capitata_HIv3___TS.g11012.t1,ko04512
Montipora_capitata_HIv3___TS.g11012.t1,ko05145
Montipora_capitata_HIv3___TS.g11012.t1,ko05146
Montipora_capitata_HIv3___TS.g11012.t1,ko05165
Montipora_capitata_HIv3___TS.g11012.t1,ko05200
Montipora_capitata_HIv3___TS.g11012.t1,ko05222
Montipora_capitata_HIv3___RNAseq.g15703.t1b,ko03410
Montipora_capitata_HIv3___RNAseq.g15703.t1b,ko04210
Montipora_capitata_HIv3___RNAseq.g15703.t1b,ko04212
Montipora_capitata_HIv3___RNAseq.g15703.t1b,ko04214
Montipora_capitata_HIv3___RNAseq.g15703.t1b,ko04217
Montipora_capitata_HIv3___RNAseq.g15707.t1,ko00071
Montipora_capitata_HIv3___RNAseq.g15707.t1,ko01212
Montipora_capitata_HIv3___RNAseq.g15707.t1,ko03320
Montipora_capitata_HIv3___RNAseq.g15707.t1,ko04714
Montipora_capitata_HIv3___RNAseq.g15725.t1,ko04080
Montipora_capitata_HIv3___RNAseq.g15725.t1,ko04610
Montipora_capitata_HIv3___RNAseq.g15725.t1,ko04972
Montipora_capitata_HIv3___RNAseq.g15725.t1,ko04974
Montipora_capitata_HIv3___RNAseq.g15725.t1,ko05164
Montipora_capitata_HIv3___RNAseq.g15718.t1,ko03010
Montipora_capitata_HIv3___TS.g11044.t1,ko04144
Montipora_capitata_HIv3___RNAseq.g15748.t1,ko04010
Montipora_capitata_HIv3___RNAseq.g15748.t1,ko04510
Montipora_capitata_HIv3___RNAseq.g15748.t1,ko05132
Montipora_capitata_HIv3___RNAseq.g15748.t1,ko05205
Montipora_capitata_HIv3___RNAseq.g15752.t1,ko00562
Montipora_capitata_HIv3___RNAseq.g15752.t1,ko01100
Montipora_capitata_HIv3___RNAseq.g15752.t1,ko04070
Montipora_capitata_HIv3___RNAseq.g15752.t1,ko04140
Montipora_capitata_HIv3___RNAseq.g15756.t2,ko04015
Montipora_capitata_HIv3___RNAseq.g15756.t2,ko04530
Montipora_capitata_HIv3___RNAseq.g15756.t2,ko05165
Montipora_capitata_HIv3___RNAseq.g15757.t1,ko04015
Montipora_capitata_HIv3___RNAseq.g15757.t1,ko04530
Montipora_capitata_HIv3___RNAseq.g15757.t1,ko05165
Montipora_capitata_HIv3___RNAseq.g15761.t1,ko03040
Montipora_capitata_HIv3___RNAseq.g15762.t1,ko00240
Montipora_capitata_HIv3___RNAseq.g15762.t1,ko00983
Montipora_capitata_HIv3___RNAseq.g15762.t1,ko01100
Montipora_capitata_HIv3___RNAseq.g15774.t1,ko04120
Montipora_capitata_HIv3___RNAseq.g15764.t1,ko00230
Montipora_capitata_HIv3___RNAseq.g15764.t1,ko00730
Montipora_capitata_HIv3___RNAseq.g15764.t1,ko01100
Montipora_capitata_HIv3___RNAseq.g15764.t1,ko01110
Montipora_capitata_HIv3___RNAseq.g15764.t1,ko01130
Montipora_capitata_HIv3___RNAseq.g15765.t1,ko00250
Montipora_capitata_HIv3___RNAseq.g15765.t1,ko00650
Montipora_capitata_HIv3___RNAseq.g15765.t1,ko01100
Montipora_capitata_HIv3___RNAseq.g15765.t1,ko01120
Montipora_capitata_HIv3___RNAseq.g15766.t1,ko04137
Montipora_capitata_HIv3___RNAseq.g15766.t1,ko04138
Montipora_capitata_HIv3___RNAseq.g15766.t1,ko04140
Montipora_capitata_HIv3___RNAseq.g15766.t1,ko04144
Montipora_capitata_HIv3___RNAseq.g15766.t1,ko04145
Montipora_capitata_HIv3___RNAseq.g15766.t1,ko05132
Montipora_capitata_HIv3___RNAseq.g15766.t1,ko05146
Montipora_capitata_HIv3___RNAseq.g15766.t1,ko05152
Montipora_capitata_HIv3___RNAseq.g15767.t1,ko03040
Montipora_capitata_HIv3___RNAseq.g15793.t1,ko03008
Montipora_capitata_HIv3___RNAseq.g15802.t1,ko04150
Montipora_capitata_HIv3___RNAseq.g15802.t1,ko04310
Montipora_capitata_HIv3___RNAseq.g15802.t1,ko05200
Montipora_capitata_HIv3___RNAseq.g15802.t1,ko05224
Montipora_capitata_HIv3___RNAseq.g15802.t1,ko05225
Montipora_capitata_HIv3___RNAseq.g15802.t1,ko05226
Montipora_capitata_HIv3___TS.g11114.t1b,ko04144
Montipora_capitata_HIv3___RNAseq.g15817.t2,ko04921
Montipora_capitata_HIv3___RNAseq.g15817.t2,ko04925
Montipora_capitata_HIv3___RNAseq.g15808.t1,ko00310
Montipora_capitata_HIv3___RNAseq.g15827.t1,ko00062
Montipora_capitata_HIv3___RNAseq.g15827.t1,ko01040
Montipora_capitata_HIv3___RNAseq.g15827.t1,ko01110
Montipora_capitata_HIv3___RNAseq.g15827.t1,ko01212
Montipora_capitata_HIv3___RNAseq.g15830.t1,ko00561
Montipora_capitata_HIv3___RNAseq.g15830.t1,ko01100
Montipora_capitata_HIv3___RNAseq.g15830.t1,ko04714
Montipora_capitata_HIv3___RNAseq.g15830.t1,ko04723
Montipora_capitata_HIv3___RNAseq.g15830.t1,ko04923
Montipora_capitata_HIv3___RNAseq.g15823.t2,ko03018
Montipora_capitata_HIv3___RNAseq.g15843.t1,ko04141
Montipora_capitata_HIv3___RNAseq.g15844.t1,ko04141
Montipora_capitata_HIv3___RNAseq.g15853.t1,ko04015
Montipora_capitata_HIv3___RNAseq.g15853.t1,ko04145
Montipora_capitata_HIv3___RNAseq.g15853.t1,ko04210
Montipora_capitata_HIv3___RNAseq.g15853.t1,ko04390
Montipora_capitata_HIv3___RNAseq.g15853.t1,ko04391
Montipora_capitata_HIv3___RNAseq.g15853.t1,ko04510
Montipora_capitata_HIv3___RNAseq.g15853.t1,ko04520
Montipora_capitata_HIv3___RNAseq.g15853.t1,ko04530
Montipora_capitata_HIv3___RNAseq.g15853.t1,ko04611
Montipora_capitata_HIv3___RNAseq.g15853.t1,ko04670
Montipora_capitata_HIv3___RNAseq.g15853.t1,ko04714
Montipora_capitata_HIv3___RNAseq.g15853.t1,ko04745
Montipora_capitata_HIv3___RNAseq.g15853.t1,ko04810
Montipora_capitata_HIv3___RNAseq.g15853.t1,ko04919
Montipora_capitata_HIv3___RNAseq.g15853.t1,ko04921
Montipora_capitata_HIv3___RNAseq.g15853.t1,ko05100
Montipora_capitata_HIv3___RNAseq.g15853.t1,ko05110
Montipora_capitata_HIv3___RNAseq.g15853.t1,ko05130
Montipora_capitata_HIv3___RNAseq.g15853.t1,ko05131
Montipora_capitata_HIv3___RNAseq.g15853.t1,ko05132
Montipora_capitata_HIv3___RNAseq.g15853.t1,ko05164
Montipora_capitata_HIv3___RNAseq.g15853.t1,ko05205
Montipora_capitata_HIv3___RNAseq.g15853.t1,ko05225
Montipora_capitata_HIv3___RNAseq.g15853.t1,ko05410
Montipora_capitata_HIv3___RNAseq.g15853.t1,ko05412
Montipora_capitata_HIv3___RNAseq.g15853.t1,ko05414
Montipora_capitata_HIv3___RNAseq.g15853.t1,ko05416
Montipora_capitata_HIv3___RNAseq.g15853.t1,ko05418
Montipora_capitata_HIv3___RNAseq.g15854.t1,ko00380
Montipora_capitata_HIv3___RNAseq.g15854.t1,ko00450
Montipora_capitata_HIv3___RNAseq.g15854.t1,ko00760
Montipora_capitata_HIv3___RNAseq.g15854.t1,ko01100
Montipora_capitata_HIv3___TS.g11176.t1,ko04142
Montipora_capitata_HIv3___RNAseq.g15871.t1,ko04142
Montipora_capitata_HIv3___RNAseq.g15868.t1,ko00600
Montipora_capitata_HIv3___TS.g11190.t1,ko03460
Montipora_capitata_HIv3___TS.g11209.t2,ko03450
Montipora_capitata_HIv3___TS.g11209.t2,ko05340
Montipora_capitata_HIv3___RNAseq.g15905.t1,ko04810
Montipora_capitata_HIv3___TS.g11233.t1,ko04120
Montipora_capitata_HIv3___TS.g11233.t1,ko04624
Montipora_capitata_HIv3___RNAseq.g15934.t1,ko04141
Montipora_capitata_HIv3___RNAseq.g15949.t1,ko00051
Montipora_capitata_HIv3___RNAseq.g15949.t1,ko00520
Montipora_capitata_HIv3___RNAseq.g15949.t1,ko01100
Montipora_capitata_HIv3___RNAseq.g15949.t1,ko01110
Montipora_capitata_HIv3___RNAseq.g15950.t1,ko03015
Montipora_capitata_HIv3___RNAseq.g15950.t1,ko04620
Montipora_capitata_HIv3___RNAseq.g15950.t1,ko05142
Montipora_capitata_HIv3___RNAseq.g15950.t1,ko05143
Montipora_capitata_HIv3___RNAseq.g15950.t1,ko05144
Montipora_capitata_HIv3___RNAseq.g15950.t1,ko05152
Montipora_capitata_HIv3___RNAseq.g15950.t1,ko05162
Montipora_capitata_HIv3___RNAseq.g15950.t1,ko05168
Montipora_capitata_HIv3___TS.g11307.t1,ko00230
Montipora_capitata_HIv3___TS.g11307.t1,ko01100
Montipora_capitata_HIv3___TS.g11308.t1,ko00230
Montipora_capitata_HIv3___TS.g11308.t1,ko01100
Montipora_capitata_HIv3___RNAseq.g16009.t1,ko04142
Montipora_capitata_HIv3___RNAseq.g16009.t1,ko04722
Montipora_capitata_HIv3___RNAseq.g16009.t1,ko04979
Montipora_capitata_HIv3___RNAseq.g16010.t1a,ko04142
Montipora_capitata_HIv3___RNAseq.g16010.t1a,ko04722
Montipora_capitata_HIv3___RNAseq.g16010.t1a,ko04979
Montipora_capitata_HIv3___RNAseq.g16016.t1,ko04022
Montipora_capitata_HIv3___RNAseq.g16016.t1,ko04062
Montipora_capitata_HIv3___RNAseq.g16016.t1,ko04064
Montipora_capitata_HIv3___RNAseq.g16016.t1,ko04071
Montipora_capitata_HIv3___RNAseq.g16016.t1,ko04140
Montipora_capitata_HIv3___RNAseq.g16016.t1,ko04270
Montipora_capitata_HIv3___RNAseq.g16016.t1,ko04371
Montipora_capitata_HIv3___RNAseq.g16016.t1,ko04530
Montipora_capitata_HIv3___RNAseq.g16016.t1,ko04621
Montipora_capitata_HIv3___RNAseq.g16016.t1,ko04658
Montipora_capitata_HIv3___RNAseq.g16016.t1,ko04659
Montipora_capitata_HIv3___RNAseq.g16016.t1,ko04660
Montipora_capitata_HIv3___RNAseq.g16016.t1,ko04666
Montipora_capitata_HIv3___RNAseq.g16016.t1,ko04722
Montipora_capitata_HIv3___RNAseq.g16016.t1,ko04750
Montipora_capitata_HIv3___RNAseq.g16016.t1,ko04912
Montipora_capitata_HIv3___RNAseq.g16016.t1,ko04915
Montipora_capitata_HIv3___RNAseq.g16016.t1,ko04920
Montipora_capitata_HIv3___RNAseq.g16016.t1,ko04925
Montipora_capitata_HIv3___RNAseq.g16016.t1,ko04930
Montipora_capitata_HIv3___RNAseq.g16016.t1,ko04931
Montipora_capitata_HIv3___RNAseq.g16016.t1,ko04933
Montipora_capitata_HIv3___RNAseq.g16016.t1,ko05162
Montipora_capitata_HIv3___RNAseq.g16016.t1,ko05206
Montipora_capitata_HIv3___RNAseq.g16018.t1,ko04150
Montipora_capitata_HIv3___RNAseq.g16022.t1b,ko03030
Montipora_capitata_HIv3___RNAseq.g16022.t1b,ko04110
Montipora_capitata_HIv3___RNAseq.g16022.t1b,ko04111
Montipora_capitata_HIv3___RNAseq.g16022.t1b,ko04113
Montipora_capitata_HIv3___RNAseq.g16020.t2,ko04120
Montipora_capitata_HIv3___RNAseq.g16025.t1,ko04630
Montipora_capitata_HIv3___RNAseq.g16025.t1,ko04933
Montipora_capitata_HIv3___RNAseq.g16025.t1,ko05200
Montipora_capitata_HIv3___RNAseq.g16025.t1,ko05206
Montipora_capitata_HIv3___RNAseq.g16025.t1,ko05221
Montipora_capitata_HIv3___RNAseq.g16039.t1b,ko00970
Montipora_capitata_HIv3___RNAseq.g16039.t1b,ko01100
Montipora_capitata_HIv3___RNAseq.g16040.t1,ko04015
Montipora_capitata_HIv3___RNAseq.g16040.t1,ko04145
Montipora_capitata_HIv3___RNAseq.g16040.t1,ko04210
Montipora_capitata_HIv3___RNAseq.g16040.t1,ko04390
Montipora_capitata_HIv3___RNAseq.g16040.t1,ko04391
Montipora_capitata_HIv3___RNAseq.g16040.t1,ko04510
Montipora_capitata_HIv3___RNAseq.g16040.t1,ko04520
Montipora_capitata_HIv3___RNAseq.g16040.t1,ko04530
Montipora_capitata_HIv3___RNAseq.g16040.t1,ko04611
Montipora_capitata_HIv3___RNAseq.g16040.t1,ko04670
Montipora_capitata_HIv3___RNAseq.g16040.t1,ko04714
Montipora_capitata_HIv3___RNAseq.g16040.t1,ko04745
Montipora_capitata_HIv3___RNAseq.g16040.t1,ko04810
Montipora_capitata_HIv3___RNAseq.g16040.t1,ko04919
Montipora_capitata_HIv3___RNAseq.g16040.t1,ko04921
Montipora_capitata_HIv3___RNAseq.g16040.t1,ko05100
Montipora_capitata_HIv3___RNAseq.g16040.t1,ko05110
Montipora_capitata_HIv3___RNAseq.g16040.t1,ko05130
Montipora_capitata_HIv3___RNAseq.g16040.t1,ko05131
Montipora_capitata_HIv3___RNAseq.g16040.t1,ko05132
Montipora_capitata_HIv3___RNAseq.g16040.t1,ko05164
Montipora_capitata_HIv3___RNAseq.g16040.t1,ko05205
Montipora_capitata_HIv3___RNAseq.g16040.t1,ko05225
Montipora_capitata_HIv3___RNAseq.g16040.t1,ko05410
Montipora_capitata_HIv3___RNAseq.g16040.t1,ko05412
Montipora_capitata_HIv3___RNAseq.g16040.t1,ko05414
Montipora_capitata_HIv3___RNAseq.g16040.t1,ko05416
Montipora_capitata_HIv3___RNAseq.g16040.t1,ko05418
Montipora_capitata_HIv3___TS.g11355.t2,ko00590
Montipora_capitata_HIv3___TS.g11355.t2,ko01100
Montipora_capitata_HIv3___RNAseq.g16061.t1,ko01521
Montipora_capitata_HIv3___RNAseq.g16061.t1,ko03013
Montipora_capitata_HIv3___RNAseq.g16061.t1,ko04066
Montipora_capitata_HIv3___RNAseq.g16061.t1,ko04150
Montipora_capitata_HIv3___RNAseq.g16061.t1,ko04151
Montipora_capitata_HIv3___RNAseq.g16061.t1,ko04211
Montipora_capitata_HIv3___RNAseq.g16061.t1,ko04910
Montipora_capitata_HIv3___RNAseq.g16184.t1b,ko05146
Montipora_capitata_HIv3___RNAseq.g16185.t1,ko03420
Montipora_capitata_HIv3___RNAseq.g16208.t1,ko01521
Montipora_capitata_HIv3___RNAseq.g16208.t1,ko04010
Montipora_capitata_HIv3___RNAseq.g16208.t1,ko04014
Montipora_capitata_HIv3___RNAseq.g16208.t1,ko04015
Montipora_capitata_HIv3___RNAseq.g16208.t1,ko04144
Montipora_capitata_HIv3___RNAseq.g16208.t1,ko04151
Montipora_capitata_HIv3___RNAseq.g16208.t1,ko04550
Montipora_capitata_HIv3___RNAseq.g16208.t1,ko04810
Montipora_capitata_HIv3___RNAseq.g16208.t1,ko05200
Montipora_capitata_HIv3___RNAseq.g16208.t1,ko05206
Montipora_capitata_HIv3___RNAseq.g16208.t1,ko05215
Montipora_capitata_HIv3___RNAseq.g16208.t1,ko05219
Montipora_capitata_HIv3___RNAseq.g16208.t1,ko05226
Montipora_capitata_HIv3___RNAseq.g16208.t1,ko05230
Montipora_capitata_HIv3___RNAseq.g16220.t1,ko00072
Montipora_capitata_HIv3___RNAseq.g16220.t1,ko00650
Montipora_capitata_HIv3___RNAseq.g16220.t1,ko01100
Montipora_capitata_HIv3___RNAseq.g16223.t1,ko01521
Montipora_capitata_HIv3___RNAseq.g16223.t1,ko01524
Montipora_capitata_HIv3___RNAseq.g16223.t1,ko04014
Montipora_capitata_HIv3___RNAseq.g16223.t1,ko04064
Montipora_capitata_HIv3___RNAseq.g16223.t1,ko04137
Montipora_capitata_HIv3___RNAseq.g16223.t1,ko04140
Montipora_capitata_HIv3___RNAseq.g16223.t1,ko04151
Montipora_capitata_HIv3___RNAseq.g16223.t1,ko04210
Montipora_capitata_HIv3___RNAseq.g16223.t1,ko04215
Montipora_capitata_HIv3___RNAseq.g16223.t1,ko04621
Montipora_capitata_HIv3___RNAseq.g16223.t1,ko04630
Montipora_capitata_HIv3___RNAseq.g16223.t1,ko05014
Montipora_capitata_HIv3___RNAseq.g16223.t1,ko05145
Montipora_capitata_HIv3___RNAseq.g16223.t1,ko05166
Montipora_capitata_HIv3___RNAseq.g16223.t1,ko05200
Montipora_capitata_HIv3___RNAseq.g16223.t1,ko05202
Montipora_capitata_HIv3___RNAseq.g16223.t1,ko05212
Montipora_capitata_HIv3___RNAseq.g16223.t1,ko05220
Montipora_capitata_HIv3___RNAseq.g16223.t1,ko05222
Montipora_capitata_HIv3___RNAseq.g16223.t1,ko05225
Montipora_capitata_HIv3___RNAseq.g16249.t1,ko04144
Montipora_capitata_HIv3___RNAseq.g16249.t1,ko04217
Montipora_capitata_HIv3___RNAseq.g16325.t1,ko04371
Montipora_capitata_HIv3___RNAseq.g16325.t1,ko05016
Montipora_capitata_HIv3___RNAseq.g16326.t1,ko04371
Montipora_capitata_HIv3___RNAseq.g16326.t1,ko05016
Montipora_capitata_HIv3___RNAseq.g16327.t1,ko00270
Montipora_capitata_HIv3___RNAseq.g16327.t1,ko01100
Montipora_capitata_HIv3___RNAseq.g16340.t1,ko04150
Montipora_capitata_HIv3___TS.g11664.t1c,ko04138
Montipora_capitata_HIv3___TS.g11664.t1c,ko04721
Montipora_capitata_HIv3___TS.g11664.t1c,ko04727
Montipora_capitata_HIv3___TS.g11664.t1c,ko04962
Montipora_capitata_HIv3___RNAseq.g16365.t1,ko04138
Montipora_capitata_HIv3___RNAseq.g16365.t1,ko04721
Montipora_capitata_HIv3___RNAseq.g16365.t1,ko04727
Montipora_capitata_HIv3___RNAseq.g16365.t1,ko04962
Montipora_capitata_HIv3___TS.g11644.t1,ko04138
Montipora_capitata_HIv3___TS.g11644.t1,ko04721
Montipora_capitata_HIv3___TS.g11644.t1,ko04727
Montipora_capitata_HIv3___TS.g11644.t1,ko04962
Montipora_capitata_HIv3___RNAseq.g16456.t1,ko05034
Montipora_capitata_HIv3___RNAseq.g16456.t1,ko05165
Montipora_capitata_HIv3___RNAseq.g16456.t1,ko05203
Montipora_capitata_HIv3___TS.g11754.t1,ko03410
Montipora_capitata_HIv3___RNAseq.g16464.t1,ko04013
Montipora_capitata_HIv3___RNAseq.g16464.t1,ko04214
Montipora_capitata_HIv3___RNAseq.g16464.t1,ko04320
Montipora_capitata_HIv3___RNAseq.g16464.t1,ko05202
Montipora_capitata_HIv3___TS.g11781.t1,ko03013
Montipora_capitata_HIv3___RNAseq.g16541.t1,ko00290
Montipora_capitata_HIv3___RNAseq.g16541.t1,ko00770
Montipora_capitata_HIv3___RNAseq.g16541.t1,ko01100
Montipora_capitata_HIv3___RNAseq.g16541.t1,ko01110
Montipora_capitata_HIv3___RNAseq.g16541.t1,ko01130
Montipora_capitata_HIv3___RNAseq.g16541.t1,ko01210
Montipora_capitata_HIv3___RNAseq.g16541.t1,ko01230
Montipora_capitata_HIv3___TS.g11844.t2,ko00290
Montipora_capitata_HIv3___TS.g11844.t2,ko00770
Montipora_capitata_HIv3___TS.g11844.t2,ko01100
Montipora_capitata_HIv3___TS.g11844.t2,ko01110
Montipora_capitata_HIv3___TS.g11844.t2,ko01130
Montipora_capitata_HIv3___TS.g11844.t2,ko01210
Montipora_capitata_HIv3___TS.g11844.t2,ko01230
Montipora_capitata_HIv3___RNAseq.g16604.t1,ko03008
Montipora_capitata_HIv3___RNAseq.g16609.t1,ko04111
Montipora_capitata_HIv3___RNAseq.g16607.t1,ko00030
Montipora_capitata_HIv3___RNAseq.g16607.t1,ko00480
Montipora_capitata_HIv3___RNAseq.g16607.t1,ko01100
Montipora_capitata_HIv3___RNAseq.g16607.t1,ko01110
Montipora_capitata_HIv3___RNAseq.g16607.t1,ko01120
Montipora_capitata_HIv3___RNAseq.g16607.t1,ko01130
Montipora_capitata_HIv3___RNAseq.g16607.t1,ko01200
Montipora_capitata_HIv3___RNAseq.g16607.t1,ko05230
Montipora_capitata_HIv3___RNAseq.g16738.t1,ko00450
Montipora_capitata_HIv3___RNAseq.g16738.t1,ko01100
Montipora_capitata_HIv3___TS.g12046.t1,ko04145
Montipora_capitata_HIv3___TS.g12046.t1,ko04210
Montipora_capitata_HIv3___TS.g12046.t1,ko04530
Montipora_capitata_HIv3___TS.g12046.t1,ko04540
Montipora_capitata_HIv3___TS.g12046.t1,ko05130
Montipora_capitata_HIv3___RNAseq.g17086.t1,ko03460
Montipora_capitata_HIv3___RNAseq.g17086.t1,ko04330
Montipora_capitata_HIv3___RNAseq.g17086.t1,ko04950
Montipora_capitata_HIv3___RNAseq.g17086.t1,ko05165
Montipora_capitata_HIv3___RNAseq.g17086.t1,ko05200
Montipora_capitata_HIv3___RNAseq.g17086.t1,ko05224
Montipora_capitata_HIv3___RNAseq.g17224.t1,ko04144
Montipora_capitata_HIv3___RNAseq.g17446.t1,ko05225
Montipora_capitata_HIv3___RNAseq.g17447.t1,ko05225
Montipora_capitata_HIv3___RNAseq.g17795.t1b,ko04115
Montipora_capitata_HIv3___RNAseq.g17795.t1b,ko04120
Montipora_capitata_HIv3___RNAseq.g17795.t1b,ko05162
Montipora_capitata_HIv3___RNAseq.g17816.t1,ko00250
Montipora_capitata_HIv3___RNAseq.g17819.t1,ko00250
Montipora_capitata_HIv3___RNAseq.g17822.t1,ko03013
Montipora_capitata_HIv3___RNAseq.g17822.t1,ko03015
Montipora_capitata_HIv3___RNAseq.g17832.t1,ko00120
Montipora_capitata_HIv3___RNAseq.g17833.t1,ko00140
Montipora_capitata_HIv3___RNAseq.g17833.t1,ko05204
Montipora_capitata_HIv3___TS.g13117.t1,ko00140
Montipora_capitata_HIv3___TS.g13117.t1,ko05204
Montipora_capitata_HIv3___RNAseq.g17829.t1,ko00120
Montipora_capitata_HIv3___RNAseq.g17848.t1b,ko04622
Montipora_capitata_HIv3___RNAseq.g17850.t1,ko04622
Montipora_capitata_HIv3___RNAseq.g17973.t1,ko03018
Montipora_capitata_HIv3___RNAseq.g17973.t1,ko03040
Montipora_capitata_HIv3___RNAseq.g17978.t1,ko04151
Montipora_capitata_HIv3___RNAseq.g17978.t1,ko04510
Montipora_capitata_HIv3___RNAseq.g17978.t1,ko04512
Montipora_capitata_HIv3___RNAseq.g17978.t1,ko05165
Montipora_capitata_HIv3___RNAseq.g17978.t1,ko05206
Montipora_capitata_HIv3___TS.g13242.t1,ko01522
Montipora_capitata_HIv3___TS.g13242.t1,ko04010
Montipora_capitata_HIv3___TS.g13242.t1,ko04011
Montipora_capitata_HIv3___TS.g13242.t1,ko04013
Montipora_capitata_HIv3___TS.g13242.t1,ko04015
Montipora_capitata_HIv3___TS.g13242.t1,ko04068
Montipora_capitata_HIv3___TS.g13242.t1,ko04071
Montipora_capitata_HIv3___TS.g13242.t1,ko04139
Montipora_capitata_HIv3___TS.g13242.t1,ko04212
Montipora_capitata_HIv3___TS.g13242.t1,ko04218
Montipora_capitata_HIv3___TS.g13242.t1,ko04261
Montipora_capitata_HIv3___TS.g13242.t1,ko04370
Montipora_capitata_HIv3___TS.g13242.t1,ko04380
Montipora_capitata_HIv3___TS.g13242.t1,ko04550
Montipora_capitata_HIv3___TS.g13242.t1,ko04611
Montipora_capitata_HIv3___TS.g13242.t1,ko04620
Montipora_capitata_HIv3___TS.g13242.t1,ko04621
Montipora_capitata_HIv3___TS.g13242.t1,ko04622
Montipora_capitata_HIv3___TS.g13242.t1,ko04624
Montipora_capitata_HIv3___TS.g13242.t1,ko04657
Montipora_capitata_HIv3___TS.g13242.t1,ko04658
Montipora_capitata_HIv3___TS.g13242.t1,ko04659
Montipora_capitata_HIv3___TS.g13242.t1,ko04660
Montipora_capitata_HIv3___TS.g13242.t1,ko04664
Montipora_capitata_HIv3___TS.g13242.t1,ko04668
Montipora_capitata_HIv3___TS.g13242.t1,ko04670
Montipora_capitata_HIv3___TS.g13242.t1,ko04714
Montipora_capitata_HIv3___TS.g13242.t1,ko04722
Montipora_capitata_HIv3___TS.g13242.t1,ko04723
Montipora_capitata_HIv3___TS.g13242.t1,ko04728
Montipora_capitata_HIv3___TS.g13242.t1,ko04750
Montipora_capitata_HIv3___TS.g13242.t1,ko04912
Montipora_capitata_HIv3___TS.g13242.t1,ko04914
Montipora_capitata_HIv3___TS.g13242.t1,ko04917
Montipora_capitata_HIv3___TS.g13242.t1,ko04926
Montipora_capitata_HIv3___TS.g13242.t1,ko04933
Montipora_capitata_HIv3___TS.g13242.t1,ko05014
Montipora_capitata_HIv3___TS.g13242.t1,ko05120
Montipora_capitata_HIv3___TS.g13242.t1,ko05131
Montipora_capitata_HIv3___TS.g13242.t1,ko05132
Montipora_capitata_HIv3___TS.g13242.t1,ko05133
Montipora_capitata_HIv3___TS.g13242.t1,ko05140
Montipora_capitata_HIv3___TS.g13242.t1,ko05142
Montipora_capitata_HIv3___TS.g13242.t1,ko05145
Montipora_capitata_HIv3___TS.g13242.t1,ko05152
Montipora_capitata_HIv3___TS.g13242.t1,ko05160
Montipora_capitata_HIv3___TS.g13242.t1,ko05164
Montipora_capitata_HIv3___TS.g13242.t1,ko05167
Montipora_capitata_HIv3___TS.g13242.t1,ko05169
Montipora_capitata_HIv3___TS.g13242.t1,ko05205
Montipora_capitata_HIv3___TS.g13242.t1,ko05418
Montipora_capitata_HIv3___RNAseq.g17991.t1,ko00500
Montipora_capitata_HIv3___RNAseq.g17991.t1,ko01100
Montipora_capitata_HIv3___RNAseq.g17991.t1,ko04973
Montipora_capitata_HIv3___TS.g13272.t1,ko04621
Montipora_capitata_HIv3___RNAseq.g18003.t1,ko04621
Montipora_capitata_HIv3___RNAseq.g18020.t1,ko00310
Montipora_capitata_HIv3___RNAseq.g18037.t1,ko00562
Montipora_capitata_HIv3___RNAseq.g18037.t1,ko01100
Montipora_capitata_HIv3___RNAseq.g18037.t1,ko04070
Montipora_capitata_HIv3___RNAseq.g18037.t1,ko04140
Montipora_capitata_HIv3___RNAseq.g18055.t1,ko04139
Montipora_capitata_HIv3___RNAseq.g18055.t1,ko04214
Montipora_capitata_HIv3___RNAseq.g18055.t1,ko04217
Montipora_capitata_HIv3___RNAseq.g18055.t1,ko04621
Montipora_capitata_HIv3___RNAseq.g18055.t1,ko04668
Montipora_capitata_HIv3___RNAseq.g18059.t1,ko00260
Montipora_capitata_HIv3___RNAseq.g18059.t1,ko00630
Montipora_capitata_HIv3___RNAseq.g18059.t1,ko00670
Montipora_capitata_HIv3___RNAseq.g18059.t1,ko01100
Montipora_capitata_HIv3___RNAseq.g18059.t1,ko01110
Montipora_capitata_HIv3___RNAseq.g18059.t1,ko01130
Montipora_capitata_HIv3___RNAseq.g18059.t1,ko01200
Montipora_capitata_HIv3___RNAseq.g18072.t1,ko03410
Montipora_capitata_HIv3___RNAseq.g18085.t1,ko03040
Montipora_capitata_HIv3___RNAseq.g18094.t1,ko05164
Montipora_capitata_HIv3___RNAseq.g18111.t1,ko00020
Montipora_capitata_HIv3___RNAseq.g18111.t1,ko00190
Montipora_capitata_HIv3___RNAseq.g18111.t1,ko01100
Montipora_capitata_HIv3___RNAseq.g18111.t1,ko01110
Montipora_capitata_HIv3___RNAseq.g18111.t1,ko01120
Montipora_capitata_HIv3___RNAseq.g18111.t1,ko01130
Montipora_capitata_HIv3___RNAseq.g18111.t1,ko01200
Montipora_capitata_HIv3___RNAseq.g18111.t1,ko04714
Montipora_capitata_HIv3___RNAseq.g18111.t1,ko04932
Montipora_capitata_HIv3___RNAseq.g18111.t1,ko05010
Montipora_capitata_HIv3___RNAseq.g18111.t1,ko05012
Montipora_capitata_HIv3___RNAseq.g18111.t1,ko05016
Montipora_capitata_HIv3___RNAseq.g18150.t1,ko03013
Montipora_capitata_HIv3___RNAseq.g18153.t1,ko04726
Montipora_capitata_HIv3___RNAseq.g18153.t1,ko04970
Montipora_capitata_HIv3___RNAseq.g18154.t1,ko04726
Montipora_capitata_HIv3___RNAseq.g18169.t1,ko04150
Montipora_capitata_HIv3___RNAseq.g18169.t1,ko05161
Montipora_capitata_HIv3___RNAseq.g18185.t1,ko00190
Montipora_capitata_HIv3___RNAseq.g18185.t1,ko01100
Montipora_capitata_HIv3___RNAseq.g18185.t1,ko04714
Montipora_capitata_HIv3___RNAseq.g18185.t1,ko04723
Montipora_capitata_HIv3___RNAseq.g18185.t1,ko04932
Montipora_capitata_HIv3___RNAseq.g18185.t1,ko05010
Montipora_capitata_HIv3___RNAseq.g18185.t1,ko05012
Montipora_capitata_HIv3___RNAseq.g18185.t1,ko05016
Montipora_capitata_HIv3___RNAseq.g18186.t1,ko03040
Montipora_capitata_HIv3___RNAseq.g18203.t1,ko04010
Montipora_capitata_HIv3___RNAseq.g18203.t1,ko04013
Montipora_capitata_HIv3___RNAseq.g18203.t1,ko04064
Montipora_capitata_HIv3___RNAseq.g18203.t1,ko04120
Montipora_capitata_HIv3___RNAseq.g18203.t1,ko04140
Montipora_capitata_HIv3___RNAseq.g18203.t1,ko04144
Montipora_capitata_HIv3___RNAseq.g18203.t1,ko04214
Montipora_capitata_HIv3___RNAseq.g18203.t1,ko04380
Montipora_capitata_HIv3___RNAseq.g18203.t1,ko04620
Montipora_capitata_HIv3___RNAseq.g18203.t1,ko04621
Montipora_capitata_HIv3___RNAseq.g18203.t1,ko04622
Montipora_capitata_HIv3___RNAseq.g18203.t1,ko04657
Montipora_capitata_HIv3___RNAseq.g18203.t1,ko04722
Montipora_capitata_HIv3___RNAseq.g18203.t1,ko05133
Montipora_capitata_HIv3___RNAseq.g18203.t1,ko05140
Montipora_capitata_HIv3___RNAseq.g18203.t1,ko05142
Montipora_capitata_HIv3___RNAseq.g18203.t1,ko05145
Montipora_capitata_HIv3___RNAseq.g18203.t1,ko05152
Montipora_capitata_HIv3___RNAseq.g18203.t1,ko05160
Montipora_capitata_HIv3___RNAseq.g18203.t1,ko05162
Montipora_capitata_HIv3___RNAseq.g18203.t1,ko05168
Montipora_capitata_HIv3___RNAseq.g18203.t1,ko05169
Montipora_capitata_HIv3___RNAseq.g18203.t1,ko05200
Montipora_capitata_HIv3___RNAseq.g18203.t1,ko05222
Montipora_capitata_HIv3___RNAseq.g18237.t1,ko04010
Montipora_capitata_HIv3___RNAseq.g18237.t1,ko04013
Montipora_capitata_HIv3___RNAseq.g18237.t1,ko04064
Montipora_capitata_HIv3___RNAseq.g18237.t1,ko04120
Montipora_capitata_HIv3___RNAseq.g18237.t1,ko04140
Montipora_capitata_HIv3___RNAseq.g18237.t1,ko04144
Montipora_capitata_HIv3___RNAseq.g18237.t1,ko04214
Montipora_capitata_HIv3___RNAseq.g18237.t1,ko04380
Montipora_capitata_HIv3___RNAseq.g18237.t1,ko04620
Montipora_capitata_HIv3___RNAseq.g18237.t1,ko04621
Montipora_capitata_HIv3___RNAseq.g18237.t1,ko04622
Montipora_capitata_HIv3___RNAseq.g18237.t1,ko04657
Montipora_capitata_HIv3___RNAseq.g18237.t1,ko04722
Montipora_capitata_HIv3___RNAseq.g18237.t1,ko05133
Montipora_capitata_HIv3___RNAseq.g18237.t1,ko05140
Montipora_capitata_HIv3___RNAseq.g18237.t1,ko05142
Montipora_capitata_HIv3___RNAseq.g18237.t1,ko05145
Montipora_capitata_HIv3___RNAseq.g18237.t1,ko05152
Montipora_capitata_HIv3___RNAseq.g18237.t1,ko05160
Montipora_capitata_HIv3___RNAseq.g18237.t1,ko05162
Montipora_capitata_HIv3___RNAseq.g18237.t1,ko05168
Montipora_capitata_HIv3___RNAseq.g18237.t1,ko05169
Montipora_capitata_HIv3___RNAseq.g18237.t1,ko05200
Montipora_capitata_HIv3___RNAseq.g18237.t1,ko05222
Montipora_capitata_HIv3___RNAseq.g18316.t1,ko00260
Montipora_capitata_HIv3___RNAseq.g18316.t1,ko00860
Montipora_capitata_HIv3___RNAseq.g18316.t1,ko01100
Montipora_capitata_HIv3___RNAseq.g18316.t1,ko01110
Montipora_capitata_HIv3___RNAseq.g18328.t1,ko00561
Montipora_capitata_HIv3___RNAseq.g18328.t1,ko01100
Montipora_capitata_HIv3___RNAseq.g18328.t1,ko04714
Montipora_capitata_HIv3___RNAseq.g18328.t1,ko04723
Montipora_capitata_HIv3___RNAseq.g18328.t1,ko04923
Montipora_capitata_HIv3___RNAseq.g18320.t1,ko04141
Montipora_capitata_HIv3___RNAseq.g18320.t1,ko05165
Montipora_capitata_HIv3___RNAseq.g18331.t1,ko00020
Montipora_capitata_HIv3___RNAseq.g18331.t1,ko00640
Montipora_capitata_HIv3___RNAseq.g18331.t1,ko01100
Montipora_capitata_HIv3___RNAseq.g18331.t1,ko01110
Montipora_capitata_HIv3___RNAseq.g18331.t1,ko01120
Montipora_capitata_HIv3___RNAseq.g18331.t1,ko01130
Montipora_capitata_HIv3___RNAseq.g18331.t1,ko01200
Montipora_capitata_HIv3___RNAseq.g18329.t1,ko03050
Montipora_capitata_HIv3___RNAseq.g18329.t1,ko05169
Montipora_capitata_HIv3___RNAseq.g18368.t1,ko00120
Montipora_capitata_HIv3___RNAseq.g18368.t1,ko00981
Montipora_capitata_HIv3___RNAseq.g18368.t1,ko01100
Montipora_capitata_HIv3___RNAseq.g18368.t1,ko03320
Montipora_capitata_HIv3___RNAseq.g18368.t1,ko04979
Montipora_capitata_HIv3___RNAseq.g18377.t1,ko00120
Montipora_capitata_HIv3___RNAseq.g18377.t1,ko00981
Montipora_capitata_HIv3___RNAseq.g18377.t1,ko01100
Montipora_capitata_HIv3___RNAseq.g18377.t1,ko03320
Montipora_capitata_HIv3___RNAseq.g18377.t1,ko04979
Montipora_capitata_HIv3___RNAseq.g18378.t1,ko00120
Montipora_capitata_HIv3___RNAseq.g18378.t1,ko00981
Montipora_capitata_HIv3___RNAseq.g18378.t1,ko01100
Montipora_capitata_HIv3___RNAseq.g18378.t1,ko03320
Montipora_capitata_HIv3___RNAseq.g18378.t1,ko04979
Montipora_capitata_HIv3___TS.g13636.t1,ko00120
Montipora_capitata_HIv3___TS.g13636.t1,ko00981
Montipora_capitata_HIv3___TS.g13636.t1,ko01100
Montipora_capitata_HIv3___TS.g13636.t1,ko03320
Montipora_capitata_HIv3___TS.g13636.t1,ko04979
Montipora_capitata_HIv3___RNAseq.g18373.t1,ko00120
Montipora_capitata_HIv3___RNAseq.g18373.t1,ko00981
Montipora_capitata_HIv3___RNAseq.g18373.t1,ko01100
Montipora_capitata_HIv3___RNAseq.g18373.t1,ko03320
Montipora_capitata_HIv3___RNAseq.g18373.t1,ko04979
Montipora_capitata_HIv3___RNAseq.g18385.t1,ko00120
Montipora_capitata_HIv3___RNAseq.g18385.t1,ko00981
Montipora_capitata_HIv3___RNAseq.g18385.t1,ko01100
Montipora_capitata_HIv3___RNAseq.g18385.t1,ko03320
Montipora_capitata_HIv3___RNAseq.g18385.t1,ko04979
Montipora_capitata_HIv3___RNAseq.g18391.t1,ko00120
Montipora_capitata_HIv3___RNAseq.g18391.t1,ko00981
Montipora_capitata_HIv3___RNAseq.g18391.t1,ko01100
Montipora_capitata_HIv3___RNAseq.g18391.t1,ko03320
Montipora_capitata_HIv3___RNAseq.g18391.t1,ko04979
Montipora_capitata_HIv3___RNAseq.g18395.t1,ko03018
Montipora_capitata_HIv3___RNAseq.g18395.t1,ko03040
Montipora_capitata_HIv3___RNAseq.g18409.t1,ko04726
Montipora_capitata_HIv3___TS.g13669.t1,ko05016
Montipora_capitata_HIv3___RNAseq.g18407.t1,ko05016
Montipora_capitata_HIv3___RNAseq.g18413.t1,ko04514
Montipora_capitata_HIv3___RNAseq.g18413.t1,ko04520
Montipora_capitata_HIv3___RNAseq.g18413.t1,ko04630
Montipora_capitata_HIv3___RNAseq.g18413.t1,ko04910
Montipora_capitata_HIv3___RNAseq.g18413.t1,ko04931
Montipora_capitata_HIv3___RNAseq.g18412.t1,ko03013
Montipora_capitata_HIv3___RNAseq.g18412.t1,ko05418
Montipora_capitata_HIv3___RNAseq.g18416.t1,ko00480
Montipora_capitata_HIv3___RNAseq.g18416.t1,ko00980
Montipora_capitata_HIv3___RNAseq.g18416.t1,ko00982
Montipora_capitata_HIv3___RNAseq.g18416.t1,ko00983
Montipora_capitata_HIv3___RNAseq.g18416.t1,ko01524
Montipora_capitata_HIv3___RNAseq.g18416.t1,ko05200
Montipora_capitata_HIv3___RNAseq.g18416.t1,ko05204
Montipora_capitata_HIv3___RNAseq.g18416.t1,ko05225
Montipora_capitata_HIv3___RNAseq.g18416.t1,ko05418
Montipora_capitata_HIv3___RNAseq.g18431.t1,ko00310
Montipora_capitata_HIv3___RNAseq.g18431.t1,ko01100
Montipora_capitata_HIv3___RNAseq.g18431.t1,ko01110
Montipora_capitata_HIv3___RNAseq.g18431.t1,ko01130
Montipora_capitata_HIv3___RNAseq.g18463.t2,ko04723
Montipora_capitata_HIv3___RNAseq.g18465.t1,ko04723
Montipora_capitata_HIv3___TS.g13734.t2a,ko04978
Montipora_capitata_HIv3___RNAseq.g18468.t1,ko04810
Montipora_capitata_HIv3___TS.g13734.t2b,ko00670
Montipora_capitata_HIv3___RNAseq.g18482.t1,ko04010
Montipora_capitata_HIv3___RNAseq.g18482.t1,ko04012
Montipora_capitata_HIv3___RNAseq.g18482.t1,ko04014
Montipora_capitata_HIv3___RNAseq.g18482.t1,ko04510
Montipora_capitata_HIv3___RNAseq.g18482.t1,ko04910
Montipora_capitata_HIv3___RNAseq.g18482.t1,ko04912
Montipora_capitata_HIv3___RNAseq.g18482.t1,ko04921
Montipora_capitata_HIv3___RNAseq.g18482.t1,ko05020
Montipora_capitata_HIv3___RNAseq.g18482.t1,ko05140
Montipora_capitata_HIv3___RNAseq.g18482.t1,ko05161
Montipora_capitata_HIv3___RNAseq.g18482.t1,ko05166
Montipora_capitata_HIv3___RNAseq.g18482.t1,ko05200
Montipora_capitata_HIv3___RNAseq.g18482.t1,ko05202
Montipora_capitata_HIv3___RNAseq.g18482.t1,ko05205
Montipora_capitata_HIv3___RNAseq.g18482.t1,ko05213
Montipora_capitata_HIv3___RNAseq.g18482.t1,ko05225
Montipora_capitata_HIv3___RNAseq.g18483.t1,ko04144
Montipora_capitata_HIv3___RNAseq.g18495.t1,ko00190
Montipora_capitata_HIv3___RNAseq.g18495.t1,ko01100
Montipora_capitata_HIv3___RNAseq.g18495.t1,ko04260
Montipora_capitata_HIv3___RNAseq.g18495.t1,ko04714
Montipora_capitata_HIv3___RNAseq.g18495.t1,ko04932
Montipora_capitata_HIv3___RNAseq.g18495.t1,ko05010
Montipora_capitata_HIv3___RNAseq.g18495.t1,ko05012
Montipora_capitata_HIv3___RNAseq.g18495.t1,ko05016
Montipora_capitata_HIv3___RNAseq.g18496.t1,ko03050
Montipora_capitata_HIv3___RNAseq.g18497.t1,ko04723
Montipora_capitata_HIv3___RNAseq.g18493.t1,ko04011
Montipora_capitata_HIv3___RNAseq.g18493.t1,ko04014
Montipora_capitata_HIv3___RNAseq.g18493.t1,ko04015
Montipora_capitata_HIv3___RNAseq.g18493.t1,ko04022
Montipora_capitata_HIv3___RNAseq.g18493.t1,ko04024
Montipora_capitata_HIv3___RNAseq.g18493.t1,ko04062
Montipora_capitata_HIv3___RNAseq.g18493.t1,ko04071
Montipora_capitata_HIv3___RNAseq.g18493.t1,ko04072
Montipora_capitata_HIv3___RNAseq.g18493.t1,ko04144
Montipora_capitata_HIv3___RNAseq.g18493.t1,ko04150
Montipora_capitata_HIv3___RNAseq.g18493.t1,ko04270
Montipora_capitata_HIv3___RNAseq.g18493.t1,ko04310
Montipora_capitata_HIv3___RNAseq.g18493.t1,ko04350
Montipora_capitata_HIv3___RNAseq.g18493.t1,ko04360
Montipora_capitata_HIv3___RNAseq.g18493.t1,ko04510
Montipora_capitata_HIv3___RNAseq.g18493.t1,ko04520
Montipora_capitata_HIv3___RNAseq.g18493.t1,ko04530
Montipora_capitata_HIv3___RNAseq.g18493.t1,ko04611
Montipora_capitata_HIv3___RNAseq.g18493.t1,ko04621
Montipora_capitata_HIv3___RNAseq.g18493.t1,ko04660
Montipora_capitata_HIv3___RNAseq.g18493.t1,ko04670
Montipora_capitata_HIv3___RNAseq.g18493.t1,ko04722
Montipora_capitata_HIv3___RNAseq.g18493.t1,ko04810
Montipora_capitata_HIv3___RNAseq.g18493.t1,ko04921
Montipora_capitata_HIv3___RNAseq.g18493.t1,ko04972
Montipora_capitata_HIv3___RNAseq.g18493.t1,ko05100
Montipora_capitata_HIv3___RNAseq.g18493.t1,ko05130
Montipora_capitata_HIv3___RNAseq.g18493.t1,ko05133
Montipora_capitata_HIv3___RNAseq.g18493.t1,ko05152
Montipora_capitata_HIv3___RNAseq.g18493.t1,ko05200
Montipora_capitata_HIv3___RNAseq.g18493.t1,ko05203
Montipora_capitata_HIv3___RNAseq.g18493.t1,ko05205
Montipora_capitata_HIv3___RNAseq.g18493.t1,ko05206
Montipora_capitata_HIv3___RNAseq.g18493.t1,ko05210
Montipora_capitata_HIv3___RNAseq.g18493.t1,ko05418
Montipora_capitata_HIv3___RNAseq.g18494.t1,ko04011
Montipora_capitata_HIv3___RNAseq.g18494.t1,ko04014
Montipora_capitata_HIv3___RNAseq.g18494.t1,ko04015
Montipora_capitata_HIv3___RNAseq.g18494.t1,ko04022
Montipora_capitata_HIv3___RNAseq.g18494.t1,ko04024
Montipora_capitata_HIv3___RNAseq.g18494.t1,ko04062
Montipora_capitata_HIv3___RNAseq.g18494.t1,ko04071
Montipora_capitata_HIv3___RNAseq.g18494.t1,ko04072
Montipora_capitata_HIv3___RNAseq.g18494.t1,ko04144
Montipora_capitata_HIv3___RNAseq.g18494.t1,ko04150
Montipora_capitata_HIv3___RNAseq.g18494.t1,ko04270
Montipora_capitata_HIv3___RNAseq.g18494.t1,ko04310
Montipora_capitata_HIv3___RNAseq.g18494.t1,ko04350
Montipora_capitata_HIv3___RNAseq.g18494.t1,ko04360
Montipora_capitata_HIv3___RNAseq.g18494.t1,ko04510
Montipora_capitata_HIv3___RNAseq.g18494.t1,ko04520
Montipora_capitata_HIv3___RNAseq.g18494.t1,ko04530
Montipora_capitata_HIv3___RNAseq.g18494.t1,ko04611
Montipora_capitata_HIv3___RNAseq.g18494.t1,ko04621
Montipora_capitata_HIv3___RNAseq.g18494.t1,ko04660
Montipora_capitata_HIv3___RNAseq.g18494.t1,ko04670
Montipora_capitata_HIv3___RNAseq.g18494.t1,ko04722
Montipora_capitata_HIv3___RNAseq.g18494.t1,ko04810
Montipora_capitata_HIv3___RNAseq.g18494.t1,ko04921
Montipora_capitata_HIv3___RNAseq.g18494.t1,ko04972
Montipora_capitata_HIv3___RNAseq.g18494.t1,ko05100
Montipora_capitata_HIv3___RNAseq.g18494.t1,ko05130
Montipora_capitata_HIv3___RNAseq.g18494.t1,ko05133
Montipora_capitata_HIv3___RNAseq.g18494.t1,ko05152
Montipora_capitata_HIv3___RNAseq.g18494.t1,ko05200
Montipora_capitata_HIv3___RNAseq.g18494.t1,ko05203
Montipora_capitata_HIv3___RNAseq.g18494.t1,ko05205
Montipora_capitata_HIv3___RNAseq.g18494.t1,ko05206
Montipora_capitata_HIv3___RNAseq.g18494.t1,ko05210
Montipora_capitata_HIv3___RNAseq.g18494.t1,ko05418
Montipora_capitata_HIv3___RNAseq.g18498.t1,ko04120
Montipora_capitata_HIv3___RNAseq.g18499.t1,ko04010
Montipora_capitata_HIv3___RNAseq.g18499.t1,ko04014
Montipora_capitata_HIv3___RNAseq.g18499.t1,ko04015
Montipora_capitata_HIv3___RNAseq.g18499.t1,ko04024
Montipora_capitata_HIv3___RNAseq.g18499.t1,ko04062
Montipora_capitata_HIv3___RNAseq.g18499.t1,ko04510
Montipora_capitata_HIv3___RNAseq.g18499.t1,ko04530
Montipora_capitata_HIv3___RNAseq.g18499.t1,ko04611
Montipora_capitata_HIv3___RNAseq.g18499.t1,ko04670
Montipora_capitata_HIv3___RNAseq.g18499.t1,ko04720
Montipora_capitata_HIv3___RNAseq.g18499.t1,ko04722
Montipora_capitata_HIv3___RNAseq.g18499.t1,ko04934
Montipora_capitata_HIv3___RNAseq.g18499.t1,ko04972
Montipora_capitata_HIv3___RNAseq.g18499.t1,ko05211
Montipora_capitata_HIv3___RNAseq.45091_t,ko04961
Montipora_capitata_HIv3___RNAseq.45091_t,ko04970
Montipora_capitata_HIv3___RNAseq.45091_t,ko04978
Montipora_capitata_HIv3___RNAseq.g18520.t1,ko00061
Montipora_capitata_HIv3___RNAseq.g18520.t1,ko01100
Montipora_capitata_HIv3___RNAseq.g18520.t1,ko01212
Montipora_capitata_HIv3___RNAseq.g18520.t1,ko04152
Montipora_capitata_HIv3___RNAseq.g18520.t1,ko04910
Montipora_capitata_HIv3___RNAseq.g18521.t1,ko00030
Montipora_capitata_HIv3___RNAseq.g18521.t1,ko00710
Montipora_capitata_HIv3___RNAseq.g18521.t1,ko01051
Montipora_capitata_HIv3___RNAseq.g18521.t1,ko01100
Montipora_capitata_HIv3___RNAseq.g18521.t1,ko01110
Montipora_capitata_HIv3___RNAseq.g18521.t1,ko01120
Montipora_capitata_HIv3___RNAseq.g18521.t1,ko01130
Montipora_capitata_HIv3___RNAseq.g18521.t1,ko01200
Montipora_capitata_HIv3___RNAseq.g18521.t1,ko01230
Montipora_capitata_HIv3___RNAseq.g18522.t1,ko00030
Montipora_capitata_HIv3___RNAseq.g18522.t1,ko00710
Montipora_capitata_HIv3___RNAseq.g18522.t1,ko01051
Montipora_capitata_HIv3___RNAseq.g18522.t1,ko01100
Montipora_capitata_HIv3___RNAseq.g18522.t1,ko01110
Montipora_capitata_HIv3___RNAseq.g18522.t1,ko01120
Montipora_capitata_HIv3___RNAseq.g18522.t1,ko01130
Montipora_capitata_HIv3___RNAseq.g18522.t1,ko01200
Montipora_capitata_HIv3___RNAseq.g18522.t1,ko01230
Montipora_capitata_HIv3___RNAseq.g18524.t1b,ko04010
Montipora_capitata_HIv3___RNAseq.g18524.t1b,ko04510
Montipora_capitata_HIv3___RNAseq.g18524.t1b,ko05132
Montipora_capitata_HIv3___RNAseq.g18524.t1b,ko05205
Montipora_capitata_HIv3___RNAseq.g18542.t1,ko00190
Montipora_capitata_HIv3___RNAseq.g18542.t1,ko01100
Montipora_capitata_HIv3___RNAseq.g18542.t1,ko04142
Montipora_capitata_HIv3___RNAseq.g18542.t1,ko04145
Montipora_capitata_HIv3___RNAseq.g18542.t1,ko05110
Montipora_capitata_HIv3___RNAseq.g18542.t1,ko05120
Montipora_capitata_HIv3___RNAseq.g18542.t1,ko05152
Montipora_capitata_HIv3___RNAseq.g18542.t1,ko05161
Montipora_capitata_HIv3___RNAseq.g18542.t1,ko05323
Montipora_capitata_HIv3___TS.g13816.t1,ko03010
Montipora_capitata_HIv3___RNAseq.g18547.t1,ko03013
Montipora_capitata_HIv3___RNAseq.g18549.t1,ko04014
Montipora_capitata_HIv3___RNAseq.g18549.t1,ko04137
Montipora_capitata_HIv3___RNAseq.g18549.t1,ko04620
Montipora_capitata_HIv3___RNAseq.g18549.t1,ko04621
Montipora_capitata_HIv3___RNAseq.g18549.t1,ko04622
Montipora_capitata_HIv3___RNAseq.g18549.t1,ko04623
Montipora_capitata_HIv3___RNAseq.g18549.t1,ko04657
Montipora_capitata_HIv3___RNAseq.g18549.t1,ko05160
Montipora_capitata_HIv3___RNAseq.g18549.t1,ko05161
Montipora_capitata_HIv3___RNAseq.g18549.t1,ko05162
Montipora_capitata_HIv3___RNAseq.g18549.t1,ko05164
Montipora_capitata_HIv3___RNAseq.g18549.t1,ko05165
Montipora_capitata_HIv3___RNAseq.g18549.t1,ko05167
Montipora_capitata_HIv3___RNAseq.g18549.t1,ko05168
Montipora_capitata_HIv3___RNAseq.g18549.t1,ko05169
Montipora_capitata_HIv3___RNAseq.g18558.t1,ko04144
Montipora_capitata_HIv3___RNAseq.g18558.t1,ko04666
Montipora_capitata_HIv3___RNAseq.g18558.t1,ko04810
Montipora_capitata_HIv3___RNAseq.g18558.t1,ko05100
Montipora_capitata_HIv3___RNAseq.g18558.t1,ko05130
Montipora_capitata_HIv3___RNAseq.g18558.t1,ko05131
Montipora_capitata_HIv3___RNAseq.g18558.t1,ko05132
Montipora_capitata_HIv3___RNAseq.g18559.t1,ko04144
Montipora_capitata_HIv3___RNAseq.g18559.t1,ko04666
Montipora_capitata_HIv3___RNAseq.g18559.t1,ko04810
Montipora_capitata_HIv3___RNAseq.g18559.t1,ko05100
Montipora_capitata_HIv3___RNAseq.g18559.t1,ko05130
Montipora_capitata_HIv3___RNAseq.g18559.t1,ko05131
Montipora_capitata_HIv3___RNAseq.g18559.t1,ko05132
Montipora_capitata_HIv3___RNAseq.g18567.t1,ko01524
Montipora_capitata_HIv3___RNAseq.g18567.t1,ko04010
Montipora_capitata_HIv3___RNAseq.g18567.t1,ko04115
Montipora_capitata_HIv3___RNAseq.g18567.t1,ko04210
Montipora_capitata_HIv3___RNAseq.g18567.t1,ko04214
Montipora_capitata_HIv3___RNAseq.g18567.t1,ko04215
Montipora_capitata_HIv3___RNAseq.g18567.t1,ko04650
Montipora_capitata_HIv3___RNAseq.g18567.t1,ko04657
Montipora_capitata_HIv3___RNAseq.g18567.t1,ko04668
Montipora_capitata_HIv3___RNAseq.g18567.t1,ko04726
Montipora_capitata_HIv3___RNAseq.g18567.t1,ko04932
Montipora_capitata_HIv3___RNAseq.g18567.t1,ko04933
Montipora_capitata_HIv3___RNAseq.g18567.t1,ko05010
Montipora_capitata_HIv3___RNAseq.g18567.t1,ko05012
Montipora_capitata_HIv3___RNAseq.g18567.t1,ko05014
Montipora_capitata_HIv3___RNAseq.g18567.t1,ko05016
Montipora_capitata_HIv3___RNAseq.g18567.t1,ko05120
Montipora_capitata_HIv3___RNAseq.g18567.t1,ko05133
Montipora_capitata_HIv3___RNAseq.g18567.t1,ko05134
Montipora_capitata_HIv3___RNAseq.g18567.t1,ko05145
Montipora_capitata_HIv3___RNAseq.g18567.t1,ko05146
Montipora_capitata_HIv3___RNAseq.g18567.t1,ko05152
Montipora_capitata_HIv3___RNAseq.g18567.t1,ko05161
Montipora_capitata_HIv3___RNAseq.g18567.t1,ko05165
Montipora_capitata_HIv3___RNAseq.g18567.t1,ko05167
Montipora_capitata_HIv3___RNAseq.g18567.t1,ko05168
Montipora_capitata_HIv3___RNAseq.g18567.t1,ko05200
Montipora_capitata_HIv3___RNAseq.g18567.t1,ko05203
Montipora_capitata_HIv3___RNAseq.g18567.t1,ko05205
Montipora_capitata_HIv3___RNAseq.g18567.t1,ko05206
Montipora_capitata_HIv3___RNAseq.g18567.t1,ko05210
Montipora_capitata_HIv3___RNAseq.g18567.t1,ko05222
Montipora_capitata_HIv3___RNAseq.g18567.t1,ko05416
Montipora_capitata_HIv3___RNAseq.g18570.t1,ko01524
Montipora_capitata_HIv3___RNAseq.g18570.t1,ko04010
Montipora_capitata_HIv3___RNAseq.g18570.t1,ko04115
Montipora_capitata_HIv3___RNAseq.g18570.t1,ko04210
Montipora_capitata_HIv3___RNAseq.g18570.t1,ko04214
Montipora_capitata_HIv3___RNAseq.g18570.t1,ko04215
Montipora_capitata_HIv3___RNAseq.g18570.t1,ko04650
Montipora_capitata_HIv3___RNAseq.g18570.t1,ko04657
Montipora_capitata_HIv3___RNAseq.g18570.t1,ko04668
Montipora_capitata_HIv3___RNAseq.g18570.t1,ko04726
Montipora_capitata_HIv3___RNAseq.g18570.t1,ko04932
Montipora_capitata_HIv3___RNAseq.g18570.t1,ko04933
Montipora_capitata_HIv3___RNAseq.g18570.t1,ko05010
Montipora_capitata_HIv3___RNAseq.g18570.t1,ko05012
Montipora_capitata_HIv3___RNAseq.g18570.t1,ko05014
Montipora_capitata_HIv3___RNAseq.g18570.t1,ko05016
Montipora_capitata_HIv3___RNAseq.g18570.t1,ko05120
Montipora_capitata_HIv3___RNAseq.g18570.t1,ko05133
Montipora_capitata_HIv3___RNAseq.g18570.t1,ko05134
Montipora_capitata_HIv3___RNAseq.g18570.t1,ko05145
Montipora_capitata_HIv3___RNAseq.g18570.t1,ko05146
Montipora_capitata_HIv3___RNAseq.g18570.t1,ko05152
Montipora_capitata_HIv3___RNAseq.g18570.t1,ko05161
Montipora_capitata_HIv3___RNAseq.g18570.t1,ko05165
Montipora_capitata_HIv3___RNAseq.g18570.t1,ko05167
Montipora_capitata_HIv3___RNAseq.g18570.t1,ko05168
Montipora_capitata_HIv3___RNAseq.g18570.t1,ko05200
Montipora_capitata_HIv3___RNAseq.g18570.t1,ko05203
Montipora_capitata_HIv3___RNAseq.g18570.t1,ko05205
Montipora_capitata_HIv3___RNAseq.g18570.t1,ko05206
Montipora_capitata_HIv3___RNAseq.g18570.t1,ko05210
Montipora_capitata_HIv3___RNAseq.g18570.t1,ko05222
Montipora_capitata_HIv3___RNAseq.g18570.t1,ko05416
Montipora_capitata_HIv3___RNAseq.g18582.t1,ko03013
Montipora_capitata_HIv3___RNAseq.g18582.t1,ko04141
Montipora_capitata_HIv3___RNAseq.g18582.t1,ko04150
Montipora_capitata_HIv3___TS.g13879.t1,ko00510
Montipora_capitata_HIv3___TS.g13879.t1,ko01100
Montipora_capitata_HIv3___TS.g13882.t2,ko03040
Montipora_capitata_HIv3___RNAseq.g18617.t1,ko03013
Montipora_capitata_HIv3___RNAseq.g18618.t1,ko04144
Montipora_capitata_HIv3___RNAseq.g18620.t1,ko04144
Montipora_capitata_HIv3___RNAseq.g18622.t1,ko04015
Montipora_capitata_HIv3___RNAseq.g18622.t1,ko04510
Montipora_capitata_HIv3___RNAseq.g18622.t1,ko04722
Montipora_capitata_HIv3___RNAseq.g18622.t1,ko04910
Montipora_capitata_HIv3___RNAseq.g18622.t1,ko05211
Montipora_capitata_HIv3___RNAseq.g18630.t1,ko03010
Montipora_capitata_HIv3___RNAseq.45205_t,ko00120
Montipora_capitata_HIv3___RNAseq.g18634.t1,ko04141
Montipora_capitata_HIv3___RNAseq.g18634.t1,ko04151
Montipora_capitata_HIv3___RNAseq.g18634.t1,ko04626
Montipora_capitata_HIv3___RNAseq.g18634.t1,ko04657
Montipora_capitata_HIv3___RNAseq.g18634.t1,ko04915
Montipora_capitata_HIv3___RNAseq.g18634.t1,ko04918
Montipora_capitata_HIv3___RNAseq.g18634.t1,ko05200
Montipora_capitata_HIv3___RNAseq.g18634.t1,ko05215
Montipora_capitata_HIv3___RNAseq.g18634.t1,ko05418
Montipora_capitata_HIv3___RNAseq.g18635.t1,ko04010
Montipora_capitata_HIv3___RNAseq.g18635.t1,ko04013
Montipora_capitata_HIv3___RNAseq.g18635.t1,ko04214
Montipora_capitata_HIv3___RNAseq.g18635.t1,ko04550
Montipora_capitata_HIv3___RNAseq.g18635.t1,ko05202
Montipora_capitata_HIv3___RNAseq.g18635.t1,ko05221
Montipora_capitata_HIv3___RNAseq.g34913.t1,ko00220
Montipora_capitata_HIv3___RNAseq.g34913.t1,ko00250
Montipora_capitata_HIv3___RNAseq.g34913.t1,ko01100
Montipora_capitata_HIv3___RNAseq.g34913.t1,ko01110
Montipora_capitata_HIv3___RNAseq.g34913.t1,ko01130
Montipora_capitata_HIv3___RNAseq.g34913.t1,ko01230
Montipora_capitata_HIv3___RNAseq.g34916.t1,ko00051
Montipora_capitata_HIv3___RNAseq.g34916.t1,ko00520
Montipora_capitata_HIv3___RNAseq.g34916.t1,ko01100
Montipora_capitata_HIv3___RNAseq.g34916.t1,ko01110
Montipora_capitata_HIv3___RNAseq.g34916.t1,ko01130
Montipora_capitata_HIv3___RNAseq.g34925.t1,ko00561
Montipora_capitata_HIv3___RNAseq.g34925.t1,ko04975
Montipora_capitata_HIv3___TS.g4967.t1,ko03018
Montipora_capitata_HIv3___RNAseq.g34924.t1,ko00561
Montipora_capitata_HIv3___RNAseq.g34924.t1,ko04975
Montipora_capitata_HIv3___TS.g4982.t1,ko00230
Montipora_capitata_HIv3___TS.g4982.t1,ko00240
Montipora_capitata_HIv3___TS.g4982.t1,ko01100
Montipora_capitata_HIv3___TS.g4982.t1,ko03020
Montipora_capitata_HIv3___TS.g4982.t1,ko05016
Montipora_capitata_HIv3___TS.g4982.t1,ko05168
Montipora_capitata_HIv3___TS.g4982.t1,ko05169
Montipora_capitata_HIv3___RNAseq.g34941.t1,ko00514
Montipora_capitata_HIv3___RNAseq.g34951.t1,ko00531
Montipora_capitata_HIv3___RNAseq.g34951.t1,ko01100
Montipora_capitata_HIv3___RNAseq.g34951.t1,ko04012
Montipora_capitata_HIv3___RNAseq.g34951.t1,ko04020
Montipora_capitata_HIv3___RNAseq.g34951.t1,ko04024
Montipora_capitata_HIv3___RNAseq.g34951.t1,ko04066
Montipora_capitata_HIv3___RNAseq.g34951.t1,ko04114
Montipora_capitata_HIv3___RNAseq.g34951.t1,ko04142
Montipora_capitata_HIv3___RNAseq.g34951.t1,ko04217
Montipora_capitata_HIv3___RNAseq.g34951.t1,ko04261
Montipora_capitata_HIv3___RNAseq.g34951.t1,ko04310
Montipora_capitata_HIv3___RNAseq.g34951.t1,ko04360
Montipora_capitata_HIv3___RNAseq.g34951.t1,ko04713
Montipora_capitata_HIv3___RNAseq.g34951.t1,ko04720
Montipora_capitata_HIv3___RNAseq.g34951.t1,ko04722
Montipora_capitata_HIv3___RNAseq.g34951.t1,ko04725
Montipora_capitata_HIv3___RNAseq.g34951.t1,ko04728
Montipora_capitata_HIv3___RNAseq.g34951.t1,ko04740
Montipora_capitata_HIv3___RNAseq.g34951.t1,ko04745
Montipora_capitata_HIv3___RNAseq.g34951.t1,ko04750
Montipora_capitata_HIv3___RNAseq.g34951.t1,ko04911
Montipora_capitata_HIv3___RNAseq.g34951.t1,ko04912
Montipora_capitata_HIv3___RNAseq.g34951.t1,ko04916
Montipora_capitata_HIv3___RNAseq.g34951.t1,ko04921
Montipora_capitata_HIv3___RNAseq.g34951.t1,ko04922
Montipora_capitata_HIv3___RNAseq.g34951.t1,ko04925
Montipora_capitata_HIv3___RNAseq.g34951.t1,ko04934
Montipora_capitata_HIv3___RNAseq.g34951.t1,ko04971
Montipora_capitata_HIv3___RNAseq.g34951.t1,ko05031
Montipora_capitata_HIv3___RNAseq.g34951.t1,ko05152
Montipora_capitata_HIv3___RNAseq.g34951.t1,ko05200
Montipora_capitata_HIv3___RNAseq.g34951.t1,ko05205
Montipora_capitata_HIv3___RNAseq.g34951.t1,ko05214
Montipora_capitata_HIv3___RNAseq.g34965.t1,ko04120
Montipora_capitata_HIv3___RNAseq.g34944.t1,ko04142
Montipora_capitata_HIv3___RNAseq.g34968.t1,ko03040
Montipora_capitata_HIv3___TS.g5013.t1,ko03030
Montipora_capitata_HIv3___TS.g5013.t1,ko04110
Montipora_capitata_HIv3___TS.g5013.t1,ko04111
Montipora_capitata_HIv3___TS.g5013.t1,ko04113
Montipora_capitata_HIv3___RNAseq.g34988.t1,ko01522
Montipora_capitata_HIv3___RNAseq.g34988.t1,ko04110
Montipora_capitata_HIv3___RNAseq.g34988.t1,ko04218
Montipora_capitata_HIv3___RNAseq.g34988.t1,ko04934
Montipora_capitata_HIv3___RNAseq.g34988.t1,ko05161
Montipora_capitata_HIv3___RNAseq.g34988.t1,ko05165
Montipora_capitata_HIv3___RNAseq.g34988.t1,ko05166
Montipora_capitata_HIv3___RNAseq.g34988.t1,ko05167
Montipora_capitata_HIv3___RNAseq.g34988.t1,ko05169
Montipora_capitata_HIv3___RNAseq.g34988.t1,ko05200
Montipora_capitata_HIv3___RNAseq.g34988.t1,ko05203
Montipora_capitata_HIv3___RNAseq.g34988.t1,ko05212
Montipora_capitata_HIv3___RNAseq.g34988.t1,ko05214
Montipora_capitata_HIv3___RNAseq.g34988.t1,ko05215
Montipora_capitata_HIv3___RNAseq.g34988.t1,ko05218
Montipora_capitata_HIv3___RNAseq.g34988.t1,ko05219
Montipora_capitata_HIv3___RNAseq.g34988.t1,ko05220
Montipora_capitata_HIv3___RNAseq.g34988.t1,ko05222
Montipora_capitata_HIv3___RNAseq.g34988.t1,ko05223
Montipora_capitata_HIv3___RNAseq.g34988.t1,ko05224
Montipora_capitata_HIv3___RNAseq.g34988.t1,ko05225
Montipora_capitata_HIv3___RNAseq.g34988.t1,ko05226
Montipora_capitata_HIv3___TS.g5032.t1b,ko04010
Montipora_capitata_HIv3___TS.g5032.t1b,ko04013
Montipora_capitata_HIv3___TS.g5032.t1b,ko04014
Montipora_capitata_HIv3___TS.g5032.t1b,ko05203
Montipora_capitata_HIv3___RNAseq.g34998.t2,ko03022
Montipora_capitata_HIv3___RNAseq.g34994.t1,ko03030
Montipora_capitata_HIv3___RNAseq.g34994.t1,ko03420
Montipora_capitata_HIv3___RNAseq.g34994.t1,ko03430
Montipora_capitata_HIv3___RNAseq.g34995.t1,ko04013
Montipora_capitata_HIv3___RNAseq.g34995.t1,ko04015
Montipora_capitata_HIv3___RNAseq.g34995.t1,ko04810
Montipora_capitata_HIv3___RNAseq.g34995.t1,ko05131
Montipora_capitata_HIv3___RNAseq.g34995.t1,ko05132
Montipora_capitata_HIv3___RNAseq.g34996.t1,ko05165
Montipora_capitata_HIv3___RNAseq.g35001.t1,ko00230
Montipora_capitata_HIv3___RNAseq.g35001.t1,ko00240
Montipora_capitata_HIv3___RNAseq.g35001.t1,ko00983
Montipora_capitata_HIv3___RNAseq.g35001.t1,ko01100
Montipora_capitata_HIv3___RNAseq.g35001.t1,ko01110
Montipora_capitata_HIv3___RNAseq.g35001.t1,ko01130
Montipora_capitata_HIv3___RNAseq.g35001.t1,ko04016
Montipora_capitata_HIv3___RNAseq.g35002.t1,ko00270
Montipora_capitata_HIv3___RNAseq.g35002.t1,ko01100
Montipora_capitata_HIv3___RNAseq.g35002.t1,ko01110
Montipora_capitata_HIv3___RNAseq.g35003.t1,ko00061
Montipora_capitata_HIv3___RNAseq.g35003.t1,ko00071
Montipora_capitata_HIv3___RNAseq.g35003.t1,ko01100
Montipora_capitata_HIv3___RNAseq.g35003.t1,ko01212
Montipora_capitata_HIv3___RNAseq.g35003.t1,ko02024
Montipora_capitata_HIv3___RNAseq.g35003.t1,ko03320
Montipora_capitata_HIv3___RNAseq.g35003.t1,ko04146
Montipora_capitata_HIv3___RNAseq.g35003.t1,ko04216
Montipora_capitata_HIv3___RNAseq.g35003.t1,ko04714
Montipora_capitata_HIv3___RNAseq.g35003.t1,ko04920
Montipora_capitata_HIv3___TS.g5048.t4,ko04150
Montipora_capitata_HIv3___TS.g5048.t4,ko04152
Montipora_capitata_HIv3___RNAseq.g35012.t2,ko04977
Montipora_capitata_HIv3___TS.g5059.t1,ko00052
Montipora_capitata_HIv3___TS.g5059.t1,ko00511
Montipora_capitata_HIv3___TS.g5059.t1,ko00531
Montipora_capitata_HIv3___TS.g5059.t1,ko00600
Montipora_capitata_HIv3___TS.g5059.t1,ko00604
Montipora_capitata_HIv3___TS.g5059.t1,ko01100
Montipora_capitata_HIv3___TS.g5059.t1,ko04142
Montipora_capitata_HIv3___RNAseq.g35016.t1,ko00052
Montipora_capitata_HIv3___RNAseq.g35016.t1,ko00511
Montipora_capitata_HIv3___RNAseq.g35016.t1,ko00531
Montipora_capitata_HIv3___RNAseq.g35016.t1,ko00600
Montipora_capitata_HIv3___RNAseq.g35016.t1,ko00604
Montipora_capitata_HIv3___RNAseq.g35016.t1,ko01100
Montipora_capitata_HIv3___RNAseq.g35016.t1,ko04142
Montipora_capitata_HIv3___RNAseq.g35021.t1,ko04013
Montipora_capitata_HIv3___RNAseq.g35022.t1,ko04137
Montipora_capitata_HIv3___RNAseq.g35022.t1,ko04139
Montipora_capitata_HIv3___RNAseq.g35022.t1,ko05164
Montipora_capitata_HIv3___TS.g5067.t3,ko04810
Montipora_capitata_HIv3___TS.g5067.t3,ko05212
Montipora_capitata_HIv3___RNAseq.g35024.t1,ko05146
Montipora_capitata_HIv3___RNAseq.g35028.t1,ko05146
Montipora_capitata_HIv3___RNAseq.g35029.t1,ko05146
Montipora_capitata_HIv3___RNAseq.g35034.t2,ko00561
Montipora_capitata_HIv3___RNAseq.g35034.t2,ko00564
Montipora_capitata_HIv3___RNAseq.g35034.t2,ko01100
Montipora_capitata_HIv3___RNAseq.g35034.t2,ko01110
Montipora_capitata_HIv3___RNAseq.g35034.t2,ko04070
Montipora_capitata_HIv3___RNAseq.g35034.t2,ko04072
Montipora_capitata_HIv3___RNAseq.g35034.t2,ko05231
Montipora_capitata_HIv3___RNAseq.g35033.t1,ko04022
Montipora_capitata_HIv3___RNAseq.g35033.t1,ko04024
Montipora_capitata_HIv3___RNAseq.g35033.t1,ko04260
Montipora_capitata_HIv3___RNAseq.g35033.t1,ko04261
Montipora_capitata_HIv3___RNAseq.g35033.t1,ko04911
Montipora_capitata_HIv3___RNAseq.g35033.t1,ko04918
Montipora_capitata_HIv3___RNAseq.g35033.t1,ko04919
Montipora_capitata_HIv3___RNAseq.g35033.t1,ko04925
Montipora_capitata_HIv3___RNAseq.g35033.t1,ko04960
Montipora_capitata_HIv3___RNAseq.g35033.t1,ko04961
Montipora_capitata_HIv3___RNAseq.g35033.t1,ko04964
Montipora_capitata_HIv3___RNAseq.g35033.t1,ko04970
Montipora_capitata_HIv3___RNAseq.g35033.t1,ko04971
Montipora_capitata_HIv3___RNAseq.g35033.t1,ko04972
Montipora_capitata_HIv3___RNAseq.g35033.t1,ko04973
Montipora_capitata_HIv3___RNAseq.g35033.t1,ko04974
Montipora_capitata_HIv3___RNAseq.g35033.t1,ko04976
Montipora_capitata_HIv3___RNAseq.g35033.t1,ko04978
Montipora_capitata_HIv3___RNAseq.g35065.t1,ko04927
Montipora_capitata_HIv3___RNAseq.g35065.t1,ko04934
Montipora_capitata_HIv3___RNAseq.g35065.t1,ko04976
Montipora_capitata_HIv3___RNAseq.g35065.t1,ko04979
Montipora_capitata_HIv3___RNAseq.g35066.t1,ko03013
Montipora_capitata_HIv3___RNAseq.g35066.t1,ko03015
Montipora_capitata_HIv3___RNAseq.g35067.t1,ko04140
Montipora_capitata_HIv3___RNAseq.g35067.t1,ko04150
Montipora_capitata_HIv3___RNAseq.g35040.t1,ko04390
Montipora_capitata_HIv3___RNAseq.g35040.t1,ko04391
Montipora_capitata_HIv3___RNAseq.g35040.t1,ko04392
Montipora_capitata_HIv3___RNAseq.g35041.t1,ko04390
Montipora_capitata_HIv3___RNAseq.g35041.t1,ko04391
Montipora_capitata_HIv3___RNAseq.g35041.t1,ko04392
Montipora_capitata_HIv3___RNAseq.g35053.t1,ko04110
Montipora_capitata_HIv3___RNAseq.g35053.t1,ko04350
Montipora_capitata_HIv3___TS.g5110.t1,ko04810
Montipora_capitata_HIv3___RNAseq.g35060.t1,ko00561
Montipora_capitata_HIv3___RNAseq.g35060.t1,ko04975
Montipora_capitata_HIv3___RNAseq.g35061.t1,ko03440
Montipora_capitata_HIv3___RNAseq.g35061.t1,ko04621
Montipora_capitata_HIv3___TS.g5114.t3,ko04927
Montipora_capitata_HIv3___TS.g5114.t3,ko04934
Montipora_capitata_HIv3___TS.g5114.t3,ko04976
Montipora_capitata_HIv3___TS.g5114.t3,ko04979
Montipora_capitata_HIv3___RNAseq.g35081.t1,ko04340
Montipora_capitata_HIv3___RNAseq.g35078.t1,ko04136
Montipora_capitata_HIv3___RNAseq.g35078.t1,ko04138
Montipora_capitata_HIv3___RNAseq.g35078.t1,ko04140
Montipora_capitata_HIv3___RNAseq.g35078.t1,ko05167
Montipora_capitata_HIv3___RNAseq.g35075.t1,ko03013
Montipora_capitata_HIv3___TS.g5150.t1,ko04120
Montipora_capitata_HIv3___TS.g5150.t1,ko04340
Montipora_capitata_HIv3___TS.g5150.t1,ko04341
Montipora_capitata_HIv3___RNAseq.g35108.t1,ko00240
Montipora_capitata_HIv3___RNAseq.g35108.t1,ko01100
Montipora_capitata_HIv3___RNAseq.g35117.t1,ko03010
Montipora_capitata_HIv3___RNAseq.g35119.t1,ko03022
Montipora_capitata_HIv3___RNAseq.g35119.t1,ko05168
Montipora_capitata_HIv3___RNAseq.g35120.t1,ko04919
Montipora_capitata_HIv3___RNAseq.g35120.t1,ko04977
Montipora_capitata_HIv3___RNAseq.g35102.t1,ko01521
Montipora_capitata_HIv3___RNAseq.g35102.t1,ko04012
Montipora_capitata_HIv3___RNAseq.g35102.t1,ko04062
Montipora_capitata_HIv3___RNAseq.g35102.t1,ko04110
Montipora_capitata_HIv3___RNAseq.g35102.t1,ko04150
Montipora_capitata_HIv3___RNAseq.g35102.t1,ko04151
Montipora_capitata_HIv3___RNAseq.g35102.t1,ko04310
Montipora_capitata_HIv3___RNAseq.g35102.t1,ko04340
Montipora_capitata_HIv3___RNAseq.g35102.t1,ko04341
Montipora_capitata_HIv3___RNAseq.g35102.t1,ko04360
Montipora_capitata_HIv3___RNAseq.g35102.t1,ko04390
Montipora_capitata_HIv3___RNAseq.g35102.t1,ko04510
Montipora_capitata_HIv3___RNAseq.g35102.t1,ko04550
Montipora_capitata_HIv3___RNAseq.g35102.t1,ko04657
Montipora_capitata_HIv3___RNAseq.g35102.t1,ko04660
Montipora_capitata_HIv3___RNAseq.g35102.t1,ko04662
Montipora_capitata_HIv3___RNAseq.g35102.t1,ko04711
Montipora_capitata_HIv3___RNAseq.g35102.t1,ko04722
Montipora_capitata_HIv3___RNAseq.g35102.t1,ko04728
Montipora_capitata_HIv3___RNAseq.g35102.t1,ko04910
Montipora_capitata_HIv3___RNAseq.g35102.t1,ko04916
Montipora_capitata_HIv3___RNAseq.g35102.t1,ko04917
Montipora_capitata_HIv3___RNAseq.g35102.t1,ko04919
Montipora_capitata_HIv3___RNAseq.g35102.t1,ko04931
Montipora_capitata_HIv3___RNAseq.g35102.t1,ko04932
Montipora_capitata_HIv3___RNAseq.g35102.t1,ko04934
Montipora_capitata_HIv3___RNAseq.g35102.t1,ko05010
Montipora_capitata_HIv3___RNAseq.g35102.t1,ko05160
Montipora_capitata_HIv3___RNAseq.g35102.t1,ko05162
Montipora_capitata_HIv3___RNAseq.g35102.t1,ko05164
Montipora_capitata_HIv3___RNAseq.g35102.t1,ko05165
Montipora_capitata_HIv3___RNAseq.g35102.t1,ko05166
Montipora_capitata_HIv3___RNAseq.g35102.t1,ko05167
Montipora_capitata_HIv3___RNAseq.g35102.t1,ko05169
Montipora_capitata_HIv3___RNAseq.g35102.t1,ko05200
Montipora_capitata_HIv3___RNAseq.g35102.t1,ko05210
Montipora_capitata_HIv3___RNAseq.g35102.t1,ko05213
Montipora_capitata_HIv3___RNAseq.g35102.t1,ko05215
Montipora_capitata_HIv3___RNAseq.g35102.t1,ko05217
Montipora_capitata_HIv3___RNAseq.g35102.t1,ko05224
Montipora_capitata_HIv3___RNAseq.g35102.t1,ko05225
Montipora_capitata_HIv3___RNAseq.g35102.t1,ko05226
Montipora_capitata_HIv3___RNAseq.45415_t,ko01521
Montipora_capitata_HIv3___RNAseq.45415_t,ko04012
Montipora_capitata_HIv3___RNAseq.45415_t,ko04062
Montipora_capitata_HIv3___RNAseq.45415_t,ko04110
Montipora_capitata_HIv3___RNAseq.45415_t,ko04150
Montipora_capitata_HIv3___RNAseq.45415_t,ko04151
Montipora_capitata_HIv3___RNAseq.45415_t,ko04310
Montipora_capitata_HIv3___RNAseq.45415_t,ko04340
Montipora_capitata_HIv3___RNAseq.45415_t,ko04341
Montipora_capitata_HIv3___RNAseq.45415_t,ko04360
Montipora_capitata_HIv3___RNAseq.45415_t,ko04390
Montipora_capitata_HIv3___RNAseq.45415_t,ko04510
Montipora_capitata_HIv3___RNAseq.45415_t,ko04550
Montipora_capitata_HIv3___RNAseq.45415_t,ko04657
Montipora_capitata_HIv3___RNAseq.45415_t,ko04660
Montipora_capitata_HIv3___RNAseq.45415_t,ko04662
Montipora_capitata_HIv3___RNAseq.45415_t,ko04711
Montipora_capitata_HIv3___RNAseq.45415_t,ko04722
Montipora_capitata_HIv3___RNAseq.45415_t,ko04728
Montipora_capitata_HIv3___RNAseq.45415_t,ko04910
Montipora_capitata_HIv3___RNAseq.45415_t,ko04916
Montipora_capitata_HIv3___RNAseq.45415_t,ko04917
Montipora_capitata_HIv3___RNAseq.45415_t,ko04919
Montipora_capitata_HIv3___RNAseq.45415_t,ko04931
Montipora_capitata_HIv3___RNAseq.45415_t,ko04932
Montipora_capitata_HIv3___RNAseq.45415_t,ko04934
Montipora_capitata_HIv3___RNAseq.45415_t,ko05010
Montipora_capitata_HIv3___RNAseq.45415_t,ko05160
Montipora_capitata_HIv3___RNAseq.45415_t,ko05162
Montipora_capitata_HIv3___RNAseq.45415_t,ko05164
Montipora_capitata_HIv3___RNAseq.45415_t,ko05165
Montipora_capitata_HIv3___RNAseq.45415_t,ko05166
Montipora_capitata_HIv3___RNAseq.45415_t,ko05167
Montipora_capitata_HIv3___RNAseq.45415_t,ko05169
Montipora_capitata_HIv3___RNAseq.45415_t,ko05200
Montipora_capitata_HIv3___RNAseq.45415_t,ko05210
Montipora_capitata_HIv3___RNAseq.45415_t,ko05213
Montipora_capitata_HIv3___RNAseq.45415_t,ko05215
Montipora_capitata_HIv3___RNAseq.45415_t,ko05217
Montipora_capitata_HIv3___RNAseq.45415_t,ko05224
Montipora_capitata_HIv3___RNAseq.45415_t,ko05225
Montipora_capitata_HIv3___RNAseq.45415_t,ko05226
Montipora_capitata_HIv3___RNAseq.g35104.t3,ko03440
Montipora_capitata_HIv3___RNAseq.g35104.t3,ko03450
Montipora_capitata_HIv3___RNAseq.g35104.t3,ko04218
Montipora_capitata_HIv3___TS.g5157.t2,ko04136
Montipora_capitata_HIv3___TS.g5157.t2,ko04138
Montipora_capitata_HIv3___TS.g5157.t2,ko04140
Montipora_capitata_HIv3___RNAseq.g35121.t1,ko04390
Montipora_capitata_HIv3___RNAseq.g35121.t1,ko04391
Montipora_capitata_HIv3___RNAseq.g35121.t1,ko04530
Montipora_capitata_HIv3___RNAseq.g35121.t1,ko04660
Montipora_capitata_HIv3___RNAseq.g35121.t1,ko04724
Montipora_capitata_HIv3___RNAseq.g35121.t1,ko05016
Montipora_capitata_HIv3___RNAseq.g35121.t1,ko05030
Montipora_capitata_HIv3___RNAseq.g35121.t1,ko05165
Montipora_capitata_HIv3___RNAseq.g35121.t1,ko05166
Montipora_capitata_HIv3___RNAseq.g35121.t1,ko05203
Montipora_capitata_HIv3___RNAseq.g35125.t1,ko04110
Montipora_capitata_HIv3___RNAseq.g35125.t1,ko04111
Montipora_capitata_HIv3___RNAseq.g35125.t1,ko04113
Montipora_capitata_HIv3___RNAseq.g35122.t1,ko03050
Montipora_capitata_HIv3___RNAseq.g35122.t1,ko05169
Montipora_capitata_HIv3___RNAseq.g35123.t1,ko00600
Montipora_capitata_HIv3___RNAseq.g35126.t1,ko04110
Montipora_capitata_HIv3___RNAseq.g35126.t1,ko04111
Montipora_capitata_HIv3___RNAseq.g35126.t1,ko04113
Montipora_capitata_HIv3___RNAseq.g35142.t1,ko04136
Montipora_capitata_HIv3___RNAseq.g35142.t1,ko04138
Montipora_capitata_HIv3___RNAseq.g35142.t1,ko04140
Montipora_capitata_HIv3___RNAseq.g35142.t1,ko04621
Montipora_capitata_HIv3___RNAseq.g35143.t1,ko00630
Montipora_capitata_HIv3___RNAseq.g35143.t1,ko01100
Montipora_capitata_HIv3___RNAseq.g35143.t1,ko01110
Montipora_capitata_HIv3___RNAseq.g35143.t1,ko01130
Montipora_capitata_HIv3___RNAseq.g35143.t1,ko01200
Montipora_capitata_HIv3___RNAseq.g35144.t1,ko05010
Montipora_capitata_HIv3___RNAseq.g35155.t1,ko00270
Montipora_capitata_HIv3___RNAseq.g35155.t1,ko00920
Montipora_capitata_HIv3___RNAseq.g35155.t1,ko01100
Montipora_capitata_HIv3___RNAseq.g35155.t1,ko01120
Montipora_capitata_HIv3___RNAseq.g35155.t1,ko04122
Montipora_capitata_HIv3___RNAseq.g35156.t1,ko00270
Montipora_capitata_HIv3___RNAseq.g35156.t1,ko00920
Montipora_capitata_HIv3___RNAseq.g35156.t1,ko01100
Montipora_capitata_HIv3___RNAseq.g35156.t1,ko01120
Montipora_capitata_HIv3___RNAseq.g35156.t1,ko04122
Montipora_capitata_HIv3___RNAseq.g35157.t1,ko05016
Montipora_capitata_HIv3___RNAseq.g35158.t1,ko05016
Montipora_capitata_HIv3___TS.g5221.t2,ko04070
Montipora_capitata_HIv3___TS.g5221.t2,ko04138
Montipora_capitata_HIv3___RNAseq.g35192.t1,ko04360
Montipora_capitata_HIv3___RNAseq.g35216.t1,ko00982
Montipora_capitata_HIv3___RNAseq.g35216.t1,ko01120
Montipora_capitata_HIv3___RNAseq.g35217.t1,ko00440
Montipora_capitata_HIv3___RNAseq.g35217.t1,ko00564
Montipora_capitata_HIv3___RNAseq.g35217.t1,ko01100
Montipora_capitata_HIv3___RNAseq.g35217.t1,ko05231
Montipora_capitata_HIv3___RNAseq.g35220.t1,ko00500
Montipora_capitata_HIv3___RNAseq.g35220.t1,ko01100
Montipora_capitata_HIv3___RNAseq.g35212.t1,ko00230
Montipora_capitata_HIv3___RNAseq.g35212.t1,ko00240
Montipora_capitata_HIv3___RNAseq.g35212.t1,ko01100
Montipora_capitata_HIv3___RNAseq.g35212.t1,ko03030
Montipora_capitata_HIv3___RNAseq.g35215.t1,ko00230
Montipora_capitata_HIv3___RNAseq.g35215.t1,ko00240
Montipora_capitata_HIv3___RNAseq.g35215.t1,ko01100
Montipora_capitata_HIv3___RNAseq.g35215.t1,ko03030
Montipora_capitata_HIv3___RNAseq.g35227.t1,ko00280
Montipora_capitata_HIv3___RNAseq.g35227.t1,ko00630
Montipora_capitata_HIv3___RNAseq.g35227.t1,ko00640
Montipora_capitata_HIv3___RNAseq.g35227.t1,ko01100
Montipora_capitata_HIv3___RNAseq.g35227.t1,ko01120
Montipora_capitata_HIv3___RNAseq.g35227.t1,ko01130
Montipora_capitata_HIv3___RNAseq.g35227.t1,ko01200
Montipora_capitata_HIv3___RNAseq.g35228.t1,ko00230
Montipora_capitata_HIv3___RNAseq.g35228.t1,ko00240
Montipora_capitata_HIv3___RNAseq.g35228.t1,ko01100
Montipora_capitata_HIv3___RNAseq.g35228.t1,ko03020
Montipora_capitata_HIv3___RNAseq.g35228.t1,ko04623
Montipora_capitata_HIv3___RNAseq.g35228.t1,ko05016
Montipora_capitata_HIv3___RNAseq.g35228.t1,ko05169
Montipora_capitata_HIv3___RNAseq.g35228.t1,ko05202
Montipora_capitata_HIv3___RNAseq.45540_t,ko00565
Montipora_capitata_HIv3___RNAseq.45540_t,ko01100
Montipora_capitata_HIv3___RNAseq.g35233.t1,ko03440
Montipora_capitata_HIv3___RNAseq.g35234.t1,ko04330
Montipora_capitata_HIv3___RNAseq.g35234.t1,ko05010
Montipora_capitata_HIv3___RNAseq.g35241.t1,ko04934
Montipora_capitata_HIv3___TS.g5293.t2,ko04012
Montipora_capitata_HIv3___TS.g5293.t2,ko04120
Montipora_capitata_HIv3___TS.g5293.t2,ko04144
Montipora_capitata_HIv3___TS.g5293.t2,ko04660
Montipora_capitata_HIv3___TS.g5293.t2,ko04910
Montipora_capitata_HIv3___TS.g5293.t2,ko05100
Montipora_capitata_HIv3___TS.g5293.t2,ko05200
Montipora_capitata_HIv3___TS.g5293.t2,ko05205
Montipora_capitata_HIv3___TS.g5293.t2,ko05220
Montipora_capitata_HIv3___RNAseq.g35247.t1,ko03010
Montipora_capitata_HIv3___RNAseq.g35249.t1,ko00310
Montipora_capitata_HIv3___RNAseq.g35249.t1,ko04934
Montipora_capitata_HIv3___RNAseq.g35249.t1,ko05202
Montipora_capitata_HIv3___TS.g5305.t1,ko04115
Montipora_capitata_HIv3___RNAseq.g35255.t1,ko00513
Montipora_capitata_HIv3___RNAseq.g35255.t1,ko01100
Montipora_capitata_HIv3___TS.g5307.t1,ko00513
Montipora_capitata_HIv3___TS.g5307.t1,ko01100
Montipora_capitata_HIv3___TS.g5308.t2b,ko00230
Montipora_capitata_HIv3___TS.g5308.t2b,ko00240
Montipora_capitata_HIv3___TS.g5308.t2b,ko01100
Montipora_capitata_HIv3___TS.g5308.t2b,ko03030
Montipora_capitata_HIv3___TS.g5308.t2b,ko03410
Montipora_capitata_HIv3___TS.g5308.t2b,ko03420
Montipora_capitata_HIv3___TS.g5308.t2b,ko05166
Montipora_capitata_HIv3___RNAseq.g35261.t1,ko00230
Montipora_capitata_HIv3___RNAseq.g35261.t1,ko00240
Montipora_capitata_HIv3___RNAseq.g35261.t1,ko01100
Montipora_capitata_HIv3___RNAseq.g35261.t1,ko03030
Montipora_capitata_HIv3___RNAseq.g35261.t1,ko03410
Montipora_capitata_HIv3___RNAseq.g35261.t1,ko03420
Montipora_capitata_HIv3___RNAseq.g35261.t1,ko05166
Montipora_capitata_HIv3___RNAseq.g35263.t1,ko00230
Montipora_capitata_HIv3___RNAseq.g35263.t1,ko00240
Montipora_capitata_HIv3___RNAseq.g35263.t1,ko01100
Montipora_capitata_HIv3___RNAseq.g35263.t1,ko03030
Montipora_capitata_HIv3___RNAseq.g35263.t1,ko03410
Montipora_capitata_HIv3___RNAseq.g35263.t1,ko03420
Montipora_capitata_HIv3___RNAseq.g35263.t1,ko05166
Montipora_capitata_HIv3___RNAseq.g35276.t1,ko03010
Montipora_capitata_HIv3___RNAseq.g35271.t1,ko03008
Montipora_capitata_HIv3___RNAseq.g35285.t1,ko05016
Montipora_capitata_HIv3___RNAseq.g35286.t1,ko00740
Montipora_capitata_HIv3___RNAseq.g35286.t1,ko01100
Montipora_capitata_HIv3___RNAseq.g35286.t1,ko01110
Montipora_capitata_HIv3___RNAseq.g35292.t1,ko04010
Montipora_capitata_HIv3___RNAseq.g35292.t1,ko04062
Montipora_capitata_HIv3___RNAseq.g35292.t1,ko04144
Montipora_capitata_HIv3___RNAseq.g35292.t1,ko04340
Montipora_capitata_HIv3___RNAseq.g35292.t1,ko04740
Montipora_capitata_HIv3___RNAseq.g35292.t1,ko04926
Montipora_capitata_HIv3___RNAseq.g35292.t1,ko05032
Montipora_capitata_HIv3___TS.g5339.t1,ko03008
Montipora_capitata_HIv3___RNAseq.g35290.t1,ko00190
Montipora_capitata_HIv3___RNAseq.g35290.t1,ko01100
Montipora_capitata_HIv3___RNAseq.g35290.t1,ko04714
Montipora_capitata_HIv3___TS.g5356.t2,ko04080
Montipora_capitata_HIv3___RNAseq.g35300.t1,ko03018
Montipora_capitata_HIv3___RNAseq.g35301.t1,ko03320
Montipora_capitata_HIv3___RNAseq.g35301.t1,ko04659
Montipora_capitata_HIv3___RNAseq.g35301.t1,ko04919
Montipora_capitata_HIv3___RNAseq.g35301.t1,ko04920
Montipora_capitata_HIv3___RNAseq.g35301.t1,ko05200
Montipora_capitata_HIv3___RNAseq.g35301.t1,ko05202
Montipora_capitata_HIv3___RNAseq.g35301.t1,ko05216
Montipora_capitata_HIv3___RNAseq.g35301.t1,ko05222
Montipora_capitata_HIv3___RNAseq.g35301.t1,ko05223
Montipora_capitata_HIv3___RNAseq.g35301.t1,ko05226
Montipora_capitata_HIv3___TS.g5372.t1,ko04216
Montipora_capitata_HIv3___TS.g5372.t1,ko04217
Montipora_capitata_HIv3___TS.g5372.t1,ko04978
Montipora_capitata_HIv3___TS.g5364.t1,ko04216
Montipora_capitata_HIv3___TS.g5364.t1,ko04217
Montipora_capitata_HIv3___TS.g5364.t1,ko04978
Montipora_capitata_HIv3___RNAseq.g35315.t1,ko04216
Montipora_capitata_HIv3___RNAseq.g35315.t1,ko04217
Montipora_capitata_HIv3___RNAseq.g35315.t1,ko04978
Montipora_capitata_HIv3___RNAseq.g35320.t1,ko04216
Montipora_capitata_HIv3___RNAseq.g35320.t1,ko04217
Montipora_capitata_HIv3___RNAseq.g35320.t1,ko04978
Montipora_capitata_HIv3___TS.g5378.t1,ko03008
Montipora_capitata_HIv3___RNAseq.g35335.t1,ko04142
Montipora_capitata_HIv3___RNAseq.g35335.t1,ko04721
Montipora_capitata_HIv3___RNAseq.g35335.t1,ko04723
Montipora_capitata_HIv3___RNAseq.g35335.t1,ko04724
Montipora_capitata_HIv3___RNAseq.g35335.t1,ko05033
Montipora_capitata_HIv3___RNAseq.g35322.t1,ko04216
Montipora_capitata_HIv3___RNAseq.g35322.t1,ko04217
Montipora_capitata_HIv3___RNAseq.g35322.t1,ko04978
Montipora_capitata_HIv3___RNAseq.g35323.t1,ko04146
Montipora_capitata_HIv3___RNAseq.g35324.t1,ko00790
Montipora_capitata_HIv3___RNAseq.g35339.t1,ko04068
Montipora_capitata_HIv3___RNAseq.g35339.t1,ko04110
Montipora_capitata_HIv3___RNAseq.g35339.t1,ko04218
Montipora_capitata_HIv3___RNAseq.g35339.t1,ko04914
Montipora_capitata_HIv3___TS.g5416.t1a,ko00270
Montipora_capitata_HIv3___TS.g5416.t1a,ko01100
Montipora_capitata_HIv3___TS.g5416.t1a,ko03420
Montipora_capitata_HIv3___TS.g5416.t1a,ko04120
Montipora_capitata_HIv3___TS.g5416.t1a,ko05206
Montipora_capitata_HIv3___TS.g5417.t1,ko00270
Montipora_capitata_HIv3___TS.g5417.t1,ko01100
Montipora_capitata_HIv3___TS.g5417.t1,ko03420
Montipora_capitata_HIv3___TS.g5417.t1,ko04120
Montipora_capitata_HIv3___TS.g5417.t1,ko05206
Montipora_capitata_HIv3___RNAseq.g35372.t1,ko00511
Montipora_capitata_HIv3___RNAseq.g35372.t1,ko04142
Montipora_capitata_HIv3___TS.g5420.t1,ko04922
Montipora_capitata_HIv3___TS.g5423.t2,ko04922
Montipora_capitata_HIv3___RNAseq.g35374.t1,ko03320
Montipora_capitata_HIv3___RNAseq.g35375.t1,ko05014
Montipora_capitata_HIv3___TS.g5439.t1b,ko00830
Montipora_capitata_HIv3___TS.g5439.t1a,ko00230
Montipora_capitata_HIv3___TS.g5439.t1a,ko00240
Montipora_capitata_HIv3___TS.g5439.t1a,ko01100
Montipora_capitata_HIv3___TS.g5439.t1a,ko03020
Montipora_capitata_HIv3___RNAseq.g35395.t1,ko00230
Montipora_capitata_HIv3___RNAseq.g35395.t1,ko01110
Montipora_capitata_HIv3___RNAseq.g35395.t1,ko01130
Montipora_capitata_HIv3___RNAseq.g35406.t1,ko04080
Montipora_capitata_HIv3___RNAseq.g35408.t1,ko04742
Montipora_capitata_HIv3___RNAseq.g35408.t1,ko04960
Montipora_capitata_HIv3___RNAseq.g35399.t1,ko00071
Montipora_capitata_HIv3___RNAseq.g35399.t1,ko01100
Montipora_capitata_HIv3___RNAseq.g35399.t1,ko01212
Montipora_capitata_HIv3___RNAseq.g35413.t1,ko04614
Montipora_capitata_HIv3___TS.g5474.t1,ko04013
Montipora_capitata_HIv3___TS.g5474.t1,ko04015
Montipora_capitata_HIv3___TS.g5474.t1,ko04810
Montipora_capitata_HIv3___TS.g5474.t1,ko05131
Montipora_capitata_HIv3___TS.g5474.t1,ko05132
Montipora_capitata_HIv3___RNAseq.g35429.t1,ko00190
Montipora_capitata_HIv3___RNAseq.g35429.t1,ko01100
Montipora_capitata_HIv3___RNAseq.g35429.t1,ko04714
Montipora_capitata_HIv3___RNAseq.g35429.t1,ko05010
Montipora_capitata_HIv3___RNAseq.g35429.t1,ko05012
Montipora_capitata_HIv3___RNAseq.g35429.t1,ko05016
Montipora_capitata_HIv3___RNAseq.g35430.t1,ko00860
Montipora_capitata_HIv3___RNAseq.g35430.t1,ko01100
Montipora_capitata_HIv3___RNAseq.g35430.t1,ko01110
Montipora_capitata_HIv3___RNAseq.g35430.t1,ko01120
Montipora_capitata_HIv3___RNAseq.g35444.t1,ko04111
Montipora_capitata_HIv3___RNAseq.g35444.t1,ko05200
Montipora_capitata_HIv3___RNAseq.g35444.t1,ko05222
Montipora_capitata_HIv3___RNAseq.g35448.t1b,ko04657
Montipora_capitata_HIv3___RNAseq.g35463.t2,ko04120
Montipora_capitata_HIv3___RNAseq.g35464.t1,ko00562
Montipora_capitata_HIv3___RNAseq.g35464.t1,ko04070
Montipora_capitata_HIv3___RNAseq.g35464.t1,ko04141
Montipora_capitata_HIv3___RNAseq.g35464.t1,ko04662
Montipora_capitata_HIv3___RNAseq.g35464.t1,ko04664
Montipora_capitata_HIv3___RNAseq.g35464.t1,ko04666
Montipora_capitata_HIv3___RNAseq.g35464.t1,ko04910
Montipora_capitata_HIv3___RNAseq.g35465.t3,ko03040
Montipora_capitata_HIv3___RNAseq.g35465.t3,ko05131
Montipora_capitata_HIv3___TS.g5524.t5,ko00790
Montipora_capitata_HIv3___TS.g5524.t5,ko01100
Montipora_capitata_HIv3___TS.g5524.t5,ko01523
Montipora_capitata_HIv3___TS.g5524.t5,ko04010
Montipora_capitata_HIv3___TS.g5524.t5,ko04011
Montipora_capitata_HIv3___TS.g5524.t5,ko04012
Montipora_capitata_HIv3___TS.g5524.t5,ko04014
Montipora_capitata_HIv3___TS.g5524.t5,ko04024
Montipora_capitata_HIv3___TS.g5524.t5,ko04062
Montipora_capitata_HIv3___TS.g5524.t5,ko04360
Montipora_capitata_HIv3___TS.g5524.t5,ko04392
Montipora_capitata_HIv3___TS.g5524.t5,ko04510
Montipora_capitata_HIv3___TS.g5524.t5,ko04650
Montipora_capitata_HIv3___TS.g5524.t5,ko04660
Montipora_capitata_HIv3___TS.g5524.t5,ko04666
Montipora_capitata_HIv3___TS.g5524.t5,ko04810
Montipora_capitata_HIv3___TS.g5524.t5,ko05120
Montipora_capitata_HIv3___TS.g5524.t5,ko05205
Montipora_capitata_HIv3___TS.g5524.t5,ko05211
Montipora_capitata_HIv3___RNAseq.g35469.t1,ko00520
Montipora_capitata_HIv3___RNAseq.g35469.t1,ko01100
Montipora_capitata_HIv3___RNAseq.g35474.t1,ko00190
Montipora_capitata_HIv3___RNAseq.g35474.t1,ko01100
Montipora_capitata_HIv3___RNAseq.g35474.t1,ko04145
Montipora_capitata_HIv3___RNAseq.g35474.t1,ko04150
Montipora_capitata_HIv3___RNAseq.g35474.t1,ko04721
Montipora_capitata_HIv3___RNAseq.g35474.t1,ko04966
Montipora_capitata_HIv3___RNAseq.g35474.t1,ko05110
Montipora_capitata_HIv3___RNAseq.g35474.t1,ko05120
Montipora_capitata_HIv3___RNAseq.g35474.t1,ko05323
Montipora_capitata_HIv3___RNAseq.g35476.t1,ko03015
Montipora_capitata_HIv3___RNAseq.g35476.t1,ko04071
Montipora_capitata_HIv3___RNAseq.g35476.t1,ko04111
Montipora_capitata_HIv3___RNAseq.g35476.t1,ko04113
Montipora_capitata_HIv3___RNAseq.g35476.t1,ko04114
Montipora_capitata_HIv3___RNAseq.g35476.t1,ko04151
Montipora_capitata_HIv3___RNAseq.g35476.t1,ko04152
Montipora_capitata_HIv3___RNAseq.g35476.t1,ko04261
Montipora_capitata_HIv3___RNAseq.g35476.t1,ko04350
Montipora_capitata_HIv3___RNAseq.g35476.t1,ko04390
Montipora_capitata_HIv3___RNAseq.g35476.t1,ko04391
Montipora_capitata_HIv3___RNAseq.g35476.t1,ko04530
Montipora_capitata_HIv3___RNAseq.g35476.t1,ko04728
Montipora_capitata_HIv3___RNAseq.g35476.t1,ko04730
Montipora_capitata_HIv3___RNAseq.g35476.t1,ko05142
Montipora_capitata_HIv3___RNAseq.g35476.t1,ko05160
Montipora_capitata_HIv3___RNAseq.g35476.t1,ko05165
Montipora_capitata_HIv3___RNAseq.g35485.t1,ko04110
Montipora_capitata_HIv3___RNAseq.g35485.t1,ko04111
Montipora_capitata_HIv3___RNAseq.g35485.t1,ko04113
Montipora_capitata_HIv3___RNAseq.g35485.t1,ko04114
Montipora_capitata_HIv3___RNAseq.g35485.t1,ko04120
Montipora_capitata_HIv3___RNAseq.g35485.t1,ko05166
Montipora_capitata_HIv3___RNAseq.g35485.t1,ko05203
Montipora_capitata_HIv3___RNAseq.g35491.t1,ko04330
Montipora_capitata_HIv3___RNAseq.g35491.t1,ko05010
Montipora_capitata_HIv3___RNAseq.g35493.t1,ko04330
Montipora_capitata_HIv3___RNAseq.g35493.t1,ko05010
Montipora_capitata_HIv3___RNAseq.g35496.t1,ko04977
Montipora_capitata_HIv3___RNAseq.g35500.t2,ko04270
Montipora_capitata_HIv3___RNAseq.g35500.t2,ko04360
Montipora_capitata_HIv3___RNAseq.g35500.t2,ko04611
Montipora_capitata_HIv3___RNAseq.g35500.t2,ko04810
Montipora_capitata_HIv3___RNAseq.g35500.t2,ko05152
Montipora_capitata_HIv3___RNAseq.g35500.t2,ko05200
Montipora_capitata_HIv3___RNAseq.g35500.t2,ko05205
Montipora_capitata_HIv3___RNAseq.g35519.t1,ko01521
Montipora_capitata_HIv3___RNAseq.g35519.t1,ko04010
Montipora_capitata_HIv3___RNAseq.g35519.t1,ko04014
Montipora_capitata_HIv3___RNAseq.g35519.t1,ko04015
Montipora_capitata_HIv3___RNAseq.g35519.t1,ko04144
Montipora_capitata_HIv3___RNAseq.g35519.t1,ko04146
Montipora_capitata_HIv3___RNAseq.g35519.t1,ko04151
Montipora_capitata_HIv3___RNAseq.g35519.t1,ko04550
Montipora_capitata_HIv3___RNAseq.g35519.t1,ko04810
Montipora_capitata_HIv3___RNAseq.g35519.t1,ko05200
Montipora_capitata_HIv3___RNAseq.g35519.t1,ko05215
Montipora_capitata_HIv3___RNAseq.g35519.t1,ko05226
Montipora_capitata_HIv3___RNAseq.g35519.t1,ko05230
Montipora_capitata_HIv3___RNAseq.g35525.t1,ko05130
Montipora_capitata_HIv3___RNAseq.g35530.t1,ko03040
Montipora_capitata_HIv3___RNAseq.g35535.t1,ko03410
Montipora_capitata_HIv3___RNAseq.g35550.t1,ko00785
Montipora_capitata_HIv3___RNAseq.g35550.t1,ko01100
Montipora_capitata_HIv3___RNAseq.g35578.t1,ko00680
Montipora_capitata_HIv3___RNAseq.g35578.t1,ko01120
Montipora_capitata_HIv3___RNAseq.g35578.t1,ko01200
Montipora_capitata_HIv3___RNAseq.g35579.t2,ko04810
Montipora_capitata_HIv3___RNAseq.g35580.t1,ko04390
Montipora_capitata_HIv3___RNAseq.g35580.t1,ko04550
Montipora_capitata_HIv3___RNAseq.g35583.t1,ko04623
Montipora_capitata_HIv3___TS.g5639.t2b,ko04064
Montipora_capitata_HIv3___TS.g5639.t2b,ko04620
Montipora_capitata_HIv3___TS.g5639.t2b,ko04621
Montipora_capitata_HIv3___TS.g5639.t2b,ko04622
Montipora_capitata_HIv3___TS.g5639.t2b,ko04657
Montipora_capitata_HIv3___TS.g5639.t2b,ko04668
Montipora_capitata_HIv3___TS.g5639.t2b,ko05160
Montipora_capitata_HIv3___TS.g5639.t2b,ko05165
Montipora_capitata_HIv3___TS.g5639.t2b,ko05167
Montipora_capitata_HIv3___TS.g5639.t2b,ko05168
Montipora_capitata_HIv3___TS.g5639.t2b,ko05169
Montipora_capitata_HIv3___TS.g5639.t2b,ko05200
Montipora_capitata_HIv3___TS.g5639.t2b,ko05203
Montipora_capitata_HIv3___TS.g5639.t2b,ko05222
Montipora_capitata_HIv3___RNAseq.g35586.t1,ko04919
Montipora_capitata_HIv3___RNAseq.g35586.t1,ko04974
Montipora_capitata_HIv3___RNAseq.g35589.t1,ko00561
Montipora_capitata_HIv3___RNAseq.g35589.t1,ko01100
Montipora_capitata_HIv3___RNAseq.g35589.t1,ko03320
Montipora_capitata_HIv3___RNAseq.g35589.t1,ko04626
Montipora_capitata_HIv3___RNAseq.g35591.t1,ko03010
Montipora_capitata_HIv3___RNAseq.g35591.t1,ko03450
Montipora_capitata_HIv3___RNAseq.g35597.t1,ko04010
Montipora_capitata_HIv3___RNAseq.g35597.t1,ko04013
Montipora_capitata_HIv3___RNAseq.g35597.t1,ko04064
Montipora_capitata_HIv3___RNAseq.g35597.t1,ko04120
Montipora_capitata_HIv3___RNAseq.g35597.t1,ko04140
Montipora_capitata_HIv3___RNAseq.g35597.t1,ko04144
Montipora_capitata_HIv3___RNAseq.g35597.t1,ko04214
Montipora_capitata_HIv3___RNAseq.g35597.t1,ko04380
Montipora_capitata_HIv3___RNAseq.g35597.t1,ko04620
Montipora_capitata_HIv3___RNAseq.g35597.t1,ko04621
Montipora_capitata_HIv3___RNAseq.g35597.t1,ko04622
Montipora_capitata_HIv3___RNAseq.g35597.t1,ko04657
Montipora_capitata_HIv3___RNAseq.g35597.t1,ko04722
Montipora_capitata_HIv3___RNAseq.g35597.t1,ko05133
Montipora_capitata_HIv3___RNAseq.g35597.t1,ko05140
Montipora_capitata_HIv3___RNAseq.g35597.t1,ko05142
Montipora_capitata_HIv3___RNAseq.g35597.t1,ko05145
Montipora_capitata_HIv3___RNAseq.g35597.t1,ko05152
Montipora_capitata_HIv3___RNAseq.g35597.t1,ko05160
Montipora_capitata_HIv3___RNAseq.g35597.t1,ko05162
Montipora_capitata_HIv3___RNAseq.g35597.t1,ko05168
Montipora_capitata_HIv3___RNAseq.g35597.t1,ko05169
Montipora_capitata_HIv3___RNAseq.g35597.t1,ko05200
Montipora_capitata_HIv3___RNAseq.g35597.t1,ko05222
Montipora_capitata_HIv3___RNAseq.g35625.t1,ko03030
Montipora_capitata_HIv3___RNAseq.g35629.t1,ko04726
Montipora_capitata_HIv3___RNAseq.g35629.t1,ko05010
Montipora_capitata_HIv3___RNAseq.g35695.t1,ko05202
Montipora_capitata_HIv3___RNAseq.g35695.t1,ko05215
Montipora_capitata_HIv3___RNAseq.g35892.t1,ko04140
Montipora_capitata_HIv3___RNAseq.g35918.t1,ko04111
Montipora_capitata_HIv3___RNAseq.g35930.t1,ko04111
Montipora_capitata_HIv3___RNAseq.g35914.t1,ko05034
Montipora_capitata_HIv3___RNAseq.g35914.t1,ko05202
Montipora_capitata_HIv3___RNAseq.g35914.t1,ko05322
Montipora_capitata_HIv3___TS.g5981.t1,ko04111
Montipora_capitata_HIv3___RNAseq.g35933.t1,ko04111
Montipora_capitata_HIv3___RNAseq.g35937.t1,ko04530
Montipora_capitata_HIv3___RNAseq.g35938.t1,ko05202
Montipora_capitata_HIv3___RNAseq.g36203.t1,ko00760
Montipora_capitata_HIv3___RNAseq.g36203.t1,ko01100
Montipora_capitata_HIv3___RNAseq.g36203.t1,ko04020
Montipora_capitata_HIv3___RNAseq.g36203.t1,ko04640
Montipora_capitata_HIv3___RNAseq.g36203.t1,ko04921
Montipora_capitata_HIv3___RNAseq.g36203.t1,ko04970
Montipora_capitata_HIv3___RNAseq.g36203.t1,ko04972
Montipora_capitata_HIv3___RNAseq.g36203.t1,ko05169
Montipora_capitata_HIv3___RNAseq.g36205.t1,ko04724
Montipora_capitata_HIv3___RNAseq.g36205.t1,ko05014
Montipora_capitata_HIv3___RNAseq.g36256.t1,ko00480
Montipora_capitata_HIv3___RNAseq.g36256.t1,ko00590
Montipora_capitata_HIv3___RNAseq.g36256.t1,ko04216
Montipora_capitata_HIv3___RNAseq.g36256.t1,ko04918
Montipora_capitata_HIv3___RNAseq.g36254.t1,ko04141
Montipora_capitata_HIv3___RNAseq.g36257.t1,ko04015
Montipora_capitata_HIv3___RNAseq.g36257.t1,ko04520
Montipora_capitata_HIv3___RNAseq.g36310.t1,ko01523
Montipora_capitata_HIv3___RNAseq.g36310.t1,ko01524
Montipora_capitata_HIv3___RNAseq.g36310.t1,ko02010
Montipora_capitata_HIv3___RNAseq.g36310.t1,ko04071
Montipora_capitata_HIv3___RNAseq.g36310.t1,ko04976
Montipora_capitata_HIv3___RNAseq.g36310.t1,ko04977
Montipora_capitata_HIv3___RNAseq.g36310.t1,ko05206
Montipora_capitata_HIv3___RNAseq.g36318.t1,ko00052
Montipora_capitata_HIv3___RNAseq.g36318.t1,ko00511
Montipora_capitata_HIv3___RNAseq.g36318.t1,ko00531
Montipora_capitata_HIv3___RNAseq.g36318.t1,ko00600
Montipora_capitata_HIv3___RNAseq.g36318.t1,ko00604
Montipora_capitata_HIv3___RNAseq.g36318.t1,ko01100
Montipora_capitata_HIv3___RNAseq.g36318.t1,ko04142
Montipora_capitata_HIv3___TS.g6369.t1,ko04140
Montipora_capitata_HIv3___RNAseq.g36317.t2,ko04919
Montipora_capitata_HIv3___RNAseq.g36352.t1,ko00230
Montipora_capitata_HIv3___RNAseq.g36352.t1,ko00240
Montipora_capitata_HIv3___RNAseq.g36352.t1,ko01100
Montipora_capitata_HIv3___RNAseq.g36352.t1,ko03020
Montipora_capitata_HIv3___RNAseq.g36352.t1,ko04623
Montipora_capitata_HIv3___RNAseq.g36352.t1,ko05016
Montipora_capitata_HIv3___RNAseq.g36352.t1,ko05169
Montipora_capitata_HIv3___RNAseq.g36353.t1,ko03008
Montipora_capitata_HIv3___RNAseq.g36389.t1,ko04137
Montipora_capitata_HIv3___RNAseq.g36389.t1,ko04139
Montipora_capitata_HIv3___RNAseq.g36461.t1,ko00830
Montipora_capitata_HIv3___RNAseq.g36461.t1,ko01100
Montipora_capitata_HIv3___TS.g6525.t1,ko01521
Montipora_capitata_HIv3___TS.g6525.t1,ko03013
Montipora_capitata_HIv3___TS.g6525.t1,ko04066
Montipora_capitata_HIv3___TS.g6525.t1,ko04150
Montipora_capitata_HIv3___TS.g6525.t1,ko04151
Montipora_capitata_HIv3___TS.g6525.t1,ko04211
Montipora_capitata_HIv3___TS.g6525.t1,ko04910
Montipora_capitata_HIv3___TS.g6728.t1,ko04013
Montipora_capitata_HIv3___RNAseq.g36685.t1,ko04970
Montipora_capitata_HIv3___RNAseq.g36749.t1,ko04013
Montipora_capitata_HIv3___RNAseq.g36784.t2,ko04013
Montipora_capitata_HIv3___RNAseq.g36801.t1,ko01521
Montipora_capitata_HIv3___RNAseq.g36801.t1,ko04010
Montipora_capitata_HIv3___RNAseq.g36801.t1,ko04014
Montipora_capitata_HIv3___RNAseq.g36801.t1,ko04015
Montipora_capitata_HIv3___RNAseq.g36801.t1,ko04144
Montipora_capitata_HIv3___RNAseq.g36801.t1,ko04151
Montipora_capitata_HIv3___RNAseq.g36801.t1,ko04520
Montipora_capitata_HIv3___RNAseq.g36801.t1,ko04550
Montipora_capitata_HIv3___RNAseq.g36801.t1,ko04714
Montipora_capitata_HIv3___RNAseq.g36801.t1,ko04810
Montipora_capitata_HIv3___RNAseq.g36801.t1,ko05200
Montipora_capitata_HIv3___RNAseq.g36801.t1,ko05205
Montipora_capitata_HIv3___RNAseq.g36801.t1,ko05206
Montipora_capitata_HIv3___RNAseq.g36801.t1,ko05215
Montipora_capitata_HIv3___RNAseq.g36801.t1,ko05216
Montipora_capitata_HIv3___RNAseq.g36801.t1,ko05218
Montipora_capitata_HIv3___RNAseq.g36801.t1,ko05219
Montipora_capitata_HIv3___RNAseq.g36801.t1,ko05224
Montipora_capitata_HIv3___RNAseq.g36801.t1,ko05226
Montipora_capitata_HIv3___RNAseq.g36801.t1,ko05230
Montipora_capitata_HIv3___RNAseq.g36802.t1b,ko01521
Montipora_capitata_HIv3___RNAseq.g36802.t1b,ko04010
Montipora_capitata_HIv3___RNAseq.g36802.t1b,ko04014
Montipora_capitata_HIv3___RNAseq.g36802.t1b,ko04015
Montipora_capitata_HIv3___RNAseq.g36802.t1b,ko04144
Montipora_capitata_HIv3___RNAseq.g36802.t1b,ko04151
Montipora_capitata_HIv3___RNAseq.g36802.t1b,ko04520
Montipora_capitata_HIv3___RNAseq.g36802.t1b,ko04550
Montipora_capitata_HIv3___RNAseq.g36802.t1b,ko04714
Montipora_capitata_HIv3___RNAseq.g36802.t1b,ko04810
Montipora_capitata_HIv3___RNAseq.g36802.t1b,ko05200
Montipora_capitata_HIv3___RNAseq.g36802.t1b,ko05205
Montipora_capitata_HIv3___RNAseq.g36802.t1b,ko05206
Montipora_capitata_HIv3___RNAseq.g36802.t1b,ko05215
Montipora_capitata_HIv3___RNAseq.g36802.t1b,ko05216
Montipora_capitata_HIv3___RNAseq.g36802.t1b,ko05218
Montipora_capitata_HIv3___RNAseq.g36802.t1b,ko05219
Montipora_capitata_HIv3___RNAseq.g36802.t1b,ko05224
Montipora_capitata_HIv3___RNAseq.g36802.t1b,ko05226
Montipora_capitata_HIv3___RNAseq.g36802.t1b,ko05230
Montipora_capitata_HIv3___TS.g6865.t1b,ko05202
Montipora_capitata_HIv3___TS.g6881.t1,ko00120
Montipora_capitata_HIv3___TS.g6881.t1,ko00121
Montipora_capitata_HIv3___TS.g6881.t1,ko01100
Montipora_capitata_HIv3___RNAseq.g36823.t1,ko00120
Montipora_capitata_HIv3___RNAseq.g36823.t1,ko00121
Montipora_capitata_HIv3___RNAseq.g36823.t1,ko01100
Montipora_capitata_HIv3___TS.g6889.t2,ko03015
Montipora_capitata_HIv3___TS.g6889.t2,ko04071
Montipora_capitata_HIv3___TS.g6889.t2,ko04151
Montipora_capitata_HIv3___TS.g6889.t2,ko04152
Montipora_capitata_HIv3___TS.g6889.t2,ko04261
Montipora_capitata_HIv3___TS.g6889.t2,ko04728
Montipora_capitata_HIv3___TS.g6889.t2,ko05165
Montipora_capitata_HIv3___RNAseq.g36833.t1,ko00270
Montipora_capitata_HIv3___RNAseq.g36836.t1,ko00510
Montipora_capitata_HIv3___RNAseq.g36836.t1,ko00513
Montipora_capitata_HIv3___RNAseq.g36836.t1,ko01100
Montipora_capitata_HIv3___RNAseq.g36839.t1,ko03050
Montipora_capitata_HIv3___RNAseq.g36839.t1,ko05169
Montipora_capitata_HIv3___TS.g6904.t1,ko00130
Montipora_capitata_HIv3___TS.g6904.t1,ko01100
Montipora_capitata_HIv3___TS.g6904.t1,ko01110
Montipora_capitata_HIv3___RNAseq.g36852.t1,ko03013
Montipora_capitata_HIv3___RNAseq.g36854.t1,ko03013
Montipora_capitata_HIv3___RNAseq.g36867.t1a,ko00020
Montipora_capitata_HIv3___RNAseq.g36867.t1a,ko00640
Montipora_capitata_HIv3___RNAseq.g36867.t1a,ko01100
Montipora_capitata_HIv3___RNAseq.g36867.t1a,ko01110
Montipora_capitata_HIv3___RNAseq.g36867.t1a,ko01120
Montipora_capitata_HIv3___RNAseq.g36867.t1a,ko01130
Montipora_capitata_HIv3___RNAseq.g36867.t1a,ko01200
Montipora_capitata_HIv3___RNAseq.g36869.t1,ko04919
Montipora_capitata_HIv3___RNAseq.g36872.t1,ko03050
Montipora_capitata_HIv3___RNAseq.g36872.t1,ko05169
Montipora_capitata_HIv3___TS.g6939.t1,ko00280
Montipora_capitata_HIv3___TS.g6939.t1,ko00630
Montipora_capitata_HIv3___TS.g6939.t1,ko00640
Montipora_capitata_HIv3___TS.g6939.t1,ko01100
Montipora_capitata_HIv3___TS.g6939.t1,ko01120
Montipora_capitata_HIv3___TS.g6939.t1,ko01130
Montipora_capitata_HIv3___TS.g6939.t1,ko01200
Montipora_capitata_HIv3___TS.g6942.t1,ko04060
Montipora_capitata_HIv3___TS.g6942.t1,ko04068
Montipora_capitata_HIv3___TS.g6942.t1,ko04210
Montipora_capitata_HIv3___TS.g6942.t1,ko04217
Montipora_capitata_HIv3___TS.g6942.t1,ko04650
Montipora_capitata_HIv3___TS.g6942.t1,ko05162
Montipora_capitata_HIv3___TS.g6942.t1,ko05164
Montipora_capitata_HIv3___RNAseq.g36894.t1,ko02010
Montipora_capitata_HIv3___RNAseq.g36895.t1,ko00563
Montipora_capitata_HIv3___RNAseq.g36896.t1,ko00563
Montipora_capitata_HIv3___RNAseq.g36902.t1,ko00230
Montipora_capitata_HIv3___RNAseq.g36902.t1,ko01100
Montipora_capitata_HIv3___RNAseq.g36902.t1,ko01110
Montipora_capitata_HIv3___RNAseq.g36902.t1,ko01130
Montipora_capitata_HIv3___RNAseq.g36914.t1,ko00250
Montipora_capitata_HIv3___RNAseq.g36915.t1,ko04110
Montipora_capitata_HIv3___RNAseq.g36915.t1,ko04111
Montipora_capitata_HIv3___RNAseq.g36915.t1,ko04113
Montipora_capitata_HIv3___RNAseq.g36915.t1,ko04115
Montipora_capitata_HIv3___RNAseq.g36915.t1,ko04218
Montipora_capitata_HIv3___RNAseq.g36915.t1,ko05166
Montipora_capitata_HIv3___RNAseq.g36915.t1,ko05203
Montipora_capitata_HIv3___TS.g6974.t1,ko00510
Montipora_capitata_HIv3___TS.g6974.t1,ko01100
Montipora_capitata_HIv3___RNAseq.g36917.t1,ko00510
Montipora_capitata_HIv3___RNAseq.g36917.t1,ko01100
Montipora_capitata_HIv3___RNAseq.g36925.t2a,ko00230
Montipora_capitata_HIv3___RNAseq.g36925.t2a,ko00240
Montipora_capitata_HIv3___RNAseq.g36925.t2a,ko04142
Montipora_capitata_HIv3___TS.g6993.t1,ko04514
Montipora_capitata_HIv3___RNAseq.g36948.t1,ko04310
Montipora_capitata_HIv3___RNAseq.g36958.t1,ko00190
Montipora_capitata_HIv3___RNAseq.g36958.t1,ko01100
Montipora_capitata_HIv3___RNAseq.g36958.t1,ko04714
Montipora_capitata_HIv3___RNAseq.g36958.t1,ko04723
Montipora_capitata_HIv3___RNAseq.g36958.t1,ko04932
Montipora_capitata_HIv3___RNAseq.g36958.t1,ko05010
Montipora_capitata_HIv3___RNAseq.g36958.t1,ko05012
Montipora_capitata_HIv3___RNAseq.g36958.t1,ko05016
Montipora_capitata_HIv3___TS.g7014.t1,ko04024
Montipora_capitata_HIv3___TS.g7014.t1,ko04152
Montipora_capitata_HIv3___TS.g7014.t1,ko04371
Montipora_capitata_HIv3___TS.g7014.t1,ko04714
Montipora_capitata_HIv3___TS.g7014.t1,ko04910
Montipora_capitata_HIv3___TS.g7014.t1,ko04923
Montipora_capitata_HIv3___TS.g7014.t1,ko04925
Montipora_capitata_HIv3___RNAseq.g36969.t1,ko04514
Montipora_capitata_HIv3___RNAseq.g36969.t1,ko05020
Montipora_capitata_HIv3___RNAseq.g36962.t1,ko04512
Montipora_capitata_HIv3___RNAseq.g36985.t1,ko03060
Montipora_capitata_HIv3___RNAseq.g36986.t1,ko04015
Montipora_capitata_HIv3___TS.g7042.t1,ko04141
Montipora_capitata_HIv3___RNAseq.g37003.t1,ko01523
Montipora_capitata_HIv3___RNAseq.g37003.t1,ko01524
Montipora_capitata_HIv3___RNAseq.g37003.t1,ko02010
Montipora_capitata_HIv3___RNAseq.g37003.t1,ko04071
Montipora_capitata_HIv3___RNAseq.g37003.t1,ko04976
Montipora_capitata_HIv3___RNAseq.g37003.t1,ko04977
Montipora_capitata_HIv3___RNAseq.g37003.t1,ko05206
Montipora_capitata_HIv3___RNAseq.g37009.t1a,ko00230
Montipora_capitata_HIv3___RNAseq.g37009.t1a,ko00240
Montipora_capitata_HIv3___RNAseq.g37009.t1a,ko01100
Montipora_capitata_HIv3___RNAseq.g37009.t1a,ko03030
Montipora_capitata_HIv3___RNAseq.g37009.t1a,ko03410
Montipora_capitata_HIv3___RNAseq.g37009.t1a,ko03420
Montipora_capitata_HIv3___RNAseq.g37009.t1a,ko03430
Montipora_capitata_HIv3___RNAseq.g37009.t1a,ko03440
Montipora_capitata_HIv3___RNAseq.g37009.t1a,ko05166
Montipora_capitata_HIv3___RNAseq.g37012.t1,ko00020
Montipora_capitata_HIv3___RNAseq.g37012.t1,ko00190
Montipora_capitata_HIv3___RNAseq.g37012.t1,ko01100
Montipora_capitata_HIv3___RNAseq.g37012.t1,ko01110
Montipora_capitata_HIv3___RNAseq.g37012.t1,ko01120
Montipora_capitata_HIv3___RNAseq.g37012.t1,ko01130
Montipora_capitata_HIv3___RNAseq.g37012.t1,ko01200
Montipora_capitata_HIv3___RNAseq.g37012.t1,ko04714
Montipora_capitata_HIv3___RNAseq.g37012.t1,ko04932
Montipora_capitata_HIv3___RNAseq.g37012.t1,ko05010
Montipora_capitata_HIv3___RNAseq.g37012.t1,ko05012
Montipora_capitata_HIv3___RNAseq.g37012.t1,ko05016
Montipora_capitata_HIv3___RNAseq.g37013.t1,ko00020
Montipora_capitata_HIv3___RNAseq.g37013.t1,ko00190
Montipora_capitata_HIv3___RNAseq.g37013.t1,ko01100
Montipora_capitata_HIv3___RNAseq.g37013.t1,ko01110
Montipora_capitata_HIv3___RNAseq.g37013.t1,ko01120
Montipora_capitata_HIv3___RNAseq.g37013.t1,ko01130
Montipora_capitata_HIv3___RNAseq.g37013.t1,ko01200
Montipora_capitata_HIv3___RNAseq.g37013.t1,ko04714
Montipora_capitata_HIv3___RNAseq.g37013.t1,ko04932
Montipora_capitata_HIv3___RNAseq.g37013.t1,ko05010
Montipora_capitata_HIv3___RNAseq.g37013.t1,ko05012
Montipora_capitata_HIv3___RNAseq.g37013.t1,ko05016
Montipora_capitata_HIv3___RNAseq.g36991.t1,ko00532
Montipora_capitata_HIv3___RNAseq.g36991.t1,ko00534
Montipora_capitata_HIv3___RNAseq.g36991.t1,ko01100
Montipora_capitata_HIv3___RNAseq.g36993.t1,ko03013
Montipora_capitata_HIv3___RNAseq.g36993.t1,ko03015
Montipora_capitata_HIv3___RNAseq.g36993.t1,ko03040
Montipora_capitata_HIv3___RNAseq.g36996.t1,ko01523
Montipora_capitata_HIv3___RNAseq.g36996.t1,ko01524
Montipora_capitata_HIv3___RNAseq.g36996.t1,ko02010
Montipora_capitata_HIv3___RNAseq.g36996.t1,ko04071
Montipora_capitata_HIv3___RNAseq.g36996.t1,ko04976
Montipora_capitata_HIv3___RNAseq.g36996.t1,ko04977
Montipora_capitata_HIv3___RNAseq.g36996.t1,ko05206
Montipora_capitata_HIv3___RNAseq.g36997.t1,ko04022
Montipora_capitata_HIv3___RNAseq.g36997.t1,ko04024
Montipora_capitata_HIv3___RNAseq.g36997.t1,ko04260
Montipora_capitata_HIv3___RNAseq.g36997.t1,ko04261
Montipora_capitata_HIv3___RNAseq.g36997.t1,ko04911
Montipora_capitata_HIv3___RNAseq.g36997.t1,ko04918
Montipora_capitata_HIv3___RNAseq.g36997.t1,ko04919
Montipora_capitata_HIv3___RNAseq.g36997.t1,ko04925
Montipora_capitata_HIv3___RNAseq.g36997.t1,ko04960
Montipora_capitata_HIv3___RNAseq.g36997.t1,ko04961
Montipora_capitata_HIv3___RNAseq.g36997.t1,ko04964
Montipora_capitata_HIv3___RNAseq.g36997.t1,ko04970
Montipora_capitata_HIv3___RNAseq.g36997.t1,ko04971
Montipora_capitata_HIv3___RNAseq.g36997.t1,ko04972
Montipora_capitata_HIv3___RNAseq.g36997.t1,ko04973
Montipora_capitata_HIv3___RNAseq.g36997.t1,ko04974
Montipora_capitata_HIv3___RNAseq.g36997.t1,ko04976
Montipora_capitata_HIv3___RNAseq.g36997.t1,ko04978
Montipora_capitata_HIv3___TS.g7051.t3,ko04022
Montipora_capitata_HIv3___TS.g7051.t3,ko04024
Montipora_capitata_HIv3___TS.g7051.t3,ko04260
Montipora_capitata_HIv3___TS.g7051.t3,ko04261
Montipora_capitata_HIv3___TS.g7051.t3,ko04911
Montipora_capitata_HIv3___TS.g7051.t3,ko04918
Montipora_capitata_HIv3___TS.g7051.t3,ko04919
Montipora_capitata_HIv3___TS.g7051.t3,ko04925
Montipora_capitata_HIv3___TS.g7051.t3,ko04960
Montipora_capitata_HIv3___TS.g7051.t3,ko04961
Montipora_capitata_HIv3___TS.g7051.t3,ko04964
Montipora_capitata_HIv3___TS.g7051.t3,ko04970
Montipora_capitata_HIv3___TS.g7051.t3,ko04971
Montipora_capitata_HIv3___TS.g7051.t3,ko04972
Montipora_capitata_HIv3___TS.g7051.t3,ko04973
Montipora_capitata_HIv3___TS.g7051.t3,ko04974
Montipora_capitata_HIv3___TS.g7051.t3,ko04976
Montipora_capitata_HIv3___TS.g7051.t3,ko04978
Montipora_capitata_HIv3___RNAseq.g37001.t1,ko01523
Montipora_capitata_HIv3___RNAseq.g37001.t1,ko01524
Montipora_capitata_HIv3___RNAseq.g37001.t1,ko02010
Montipora_capitata_HIv3___RNAseq.g37001.t1,ko04071
Montipora_capitata_HIv3___RNAseq.g37001.t1,ko04976
Montipora_capitata_HIv3___RNAseq.g37001.t1,ko04977
Montipora_capitata_HIv3___RNAseq.g37001.t1,ko05206
Montipora_capitata_HIv3___RNAseq.g37002.t1,ko01523
Montipora_capitata_HIv3___RNAseq.g37002.t1,ko01524
Montipora_capitata_HIv3___RNAseq.g37002.t1,ko02010
Montipora_capitata_HIv3___RNAseq.g37002.t1,ko04071
Montipora_capitata_HIv3___RNAseq.g37002.t1,ko04976
Montipora_capitata_HIv3___RNAseq.g37002.t1,ko04977
Montipora_capitata_HIv3___RNAseq.g37002.t1,ko05206
Montipora_capitata_HIv3___RNAseq.g37032.t1,ko04141
Montipora_capitata_HIv3___RNAseq.g37032.t1,ko05164
Montipora_capitata_HIv3___RNAseq.g37026.t1,ko00910
Montipora_capitata_HIv3___RNAseq.g37036.t1,ko04137
Montipora_capitata_HIv3___TS.g7097.t1,ko03010
Montipora_capitata_HIv3___TS.g7098.t1,ko04013
Montipora_capitata_HIv3___TS.g7098.t1,ko04310
Montipora_capitata_HIv3___RNAseq.g37046.t1,ko04010
Montipora_capitata_HIv3___RNAseq.g37046.t1,ko04510
Montipora_capitata_HIv3___RNAseq.g37046.t1,ko05132
Montipora_capitata_HIv3___RNAseq.g37046.t1,ko05205
Montipora_capitata_HIv3___RNAseq.g37050.t1,ko04622
Montipora_capitata_HIv3___RNAseq.g37050.t1,ko05161
Montipora_capitata_HIv3___RNAseq.g37050.t1,ko05203
Montipora_capitata_HIv3___RNAseq.g37051.t1,ko04010
Montipora_capitata_HIv3___RNAseq.g37051.t1,ko04013
Montipora_capitata_HIv3___RNAseq.g37054.t1,ko03022
Montipora_capitata_HIv3___RNAseq.g37054.t1,ko05168
Montipora_capitata_HIv3___RNAseq.g37059.t1,ko00240
Montipora_capitata_HIv3___RNAseq.g37059.t1,ko04310
Montipora_capitata_HIv3___RNAseq.g37075.t1,ko05016
Montipora_capitata_HIv3___RNAseq.g37085.t1,ko04141
Montipora_capitata_HIv3___RNAseq.g37088.t1,ko03010
Montipora_capitata_HIv3___TS.g7152.t1,ko04020
Montipora_capitata_HIv3___TS.g7152.t1,ko04068
Montipora_capitata_HIv3___TS.g7152.t1,ko04072
Montipora_capitata_HIv3___TS.g7152.t1,ko04080
Montipora_capitata_HIv3___TS.g7152.t1,ko04540
Montipora_capitata_HIv3___TS.g7152.t1,ko04720
Montipora_capitata_HIv3___TS.g7152.t1,ko04723
Montipora_capitata_HIv3___TS.g7152.t1,ko04724
Montipora_capitata_HIv3___TS.g7152.t1,ko04730
Montipora_capitata_HIv3___TS.g7152.t1,ko04742
Montipora_capitata_HIv3___TS.g7152.t1,ko04915
Montipora_capitata_HIv3___TS.g7152.t1,ko05016
Montipora_capitata_HIv3___TS.g7152.t1,ko05030
Montipora_capitata_HIv3___RNAseq.47452_t,ko00330
Montipora_capitata_HIv3___RNAseq.47452_t,ko01100
Montipora_capitata_HIv3___RNAseq.47452_t,ko04216
Montipora_capitata_HIv3___RNAseq.g37097.t1,ko04012
Montipora_capitata_HIv3___RNAseq.g37097.t1,ko04360
Montipora_capitata_HIv3___RNAseq.g37097.t1,ko04660
Montipora_capitata_HIv3___RNAseq.g37097.t1,ko05130
Montipora_capitata_HIv3___RNAseq.g37104.t1,ko00480
Montipora_capitata_HIv3___RNAseq.g37104.t1,ko04918
Montipora_capitata_HIv3___RNAseq.g37107.t1,ko03420
Montipora_capitata_HIv3___RNAseq.g37112.t1,ko03420
Montipora_capitata_HIv3___RNAseq.g37128.t1,ko00910
Montipora_capitata_HIv3___RNAseq.g37130.t1,ko03013
Montipora_capitata_HIv3___RNAseq.g37131.t1a,ko00770
Montipora_capitata_HIv3___RNAseq.g37131.t1a,ko01100
Montipora_capitata_HIv3___TS.g7193.t1,ko04110
Montipora_capitata_HIv3___TS.g7193.t1,ko04111
Montipora_capitata_HIv3___TS.g7193.t1,ko04113
Montipora_capitata_HIv3___TS.g7193.t1,ko04114
Montipora_capitata_HIv3___RNAseq.g37139.t1,ko00280
Montipora_capitata_HIv3___RNAseq.g37139.t1,ko01100
Montipora_capitata_HIv3___RNAseq.g37140.t1,ko03013
Montipora_capitata_HIv3___RNAseq.g96.t2,ko05200
Montipora_capitata_HIv3___RNAseq.g96.t2,ko05216
Montipora_capitata_HIv3___RNAseq.g96.t2,ko05230
Montipora_capitata_HIv3___RNAseq.g40091.t1,ko04514
Montipora_capitata_HIv3___RNAseq.g40092.t1,ko04013
Montipora_capitata_HIv3___RNAseq.g40092.t1,ko04217
Montipora_capitata_HIv3___RNAseq.g40092.t1,ko04380
Montipora_capitata_HIv3___RNAseq.g40092.t1,ko04622
Montipora_capitata_HIv3___RNAseq.g8561.t1,ko04010
Montipora_capitata_HIv3___RNAseq.g8561.t1,ko04013
Montipora_capitata_HIv3___RNAseq.g8561.t1,ko04014
Montipora_capitata_HIv3___RNAseq.g8561.t1,ko04015
Montipora_capitata_HIv3___RNAseq.g8561.t1,ko04151
Montipora_capitata_HIv3___RNAseq.g8561.t1,ko04520
Montipora_capitata_HIv3___RNAseq.g8561.t1,ko04550
Montipora_capitata_HIv3___RNAseq.g8561.t1,ko04714
Montipora_capitata_HIv3___RNAseq.g8561.t1,ko04810
Montipora_capitata_HIv3___RNAseq.g8561.t1,ko05200
Montipora_capitata_HIv3___RNAseq.g8561.t1,ko05205
Montipora_capitata_HIv3___RNAseq.g8561.t1,ko05215
Montipora_capitata_HIv3___RNAseq.g8561.t1,ko05218
Montipora_capitata_HIv3___RNAseq.g8561.t1,ko05224
Montipora_capitata_HIv3___RNAseq.g8561.t1,ko05230
Montipora_capitata_HIv3___RNAseq.g29788.t1b,ko01521
Montipora_capitata_HIv3___RNAseq.g29788.t1b,ko01522
Montipora_capitata_HIv3___RNAseq.g29788.t1b,ko01524
Montipora_capitata_HIv3___RNAseq.g29788.t1b,ko04010
Montipora_capitata_HIv3___RNAseq.g29788.t1b,ko04012
Montipora_capitata_HIv3___RNAseq.g29788.t1b,ko04014
Montipora_capitata_HIv3___RNAseq.g29788.t1b,ko04015
Montipora_capitata_HIv3___RNAseq.g29788.t1b,ko04022
Montipora_capitata_HIv3___RNAseq.g29788.t1b,ko04024
Montipora_capitata_HIv3___RNAseq.g29788.t1b,ko04062
Montipora_capitata_HIv3___RNAseq.g29788.t1b,ko04066
Montipora_capitata_HIv3___RNAseq.g29788.t1b,ko04068
Montipora_capitata_HIv3___RNAseq.g29788.t1b,ko04071
Montipora_capitata_HIv3___RNAseq.g29788.t1b,ko04072
Montipora_capitata_HIv3___RNAseq.g29788.t1b,ko04140
Montipora_capitata_HIv3___RNAseq.g29788.t1b,ko04150
Montipora_capitata_HIv3___RNAseq.g29788.t1b,ko04151
Montipora_capitata_HIv3___RNAseq.g29788.t1b,ko04152
Montipora_capitata_HIv3___RNAseq.g29788.t1b,ko04210
Montipora_capitata_HIv3___RNAseq.g29788.t1b,ko04211
Montipora_capitata_HIv3___RNAseq.g29788.t1b,ko04212
Montipora_capitata_HIv3___RNAseq.g29788.t1b,ko04213
Montipora_capitata_HIv3___RNAseq.g29788.t1b,ko04218
Montipora_capitata_HIv3___RNAseq.g29788.t1b,ko04261
Montipora_capitata_HIv3___RNAseq.g29788.t1b,ko04370
Montipora_capitata_HIv3___RNAseq.g29788.t1b,ko04371
Montipora_capitata_HIv3___RNAseq.g29788.t1b,ko04380
Montipora_capitata_HIv3___RNAseq.g29788.t1b,ko04510
Montipora_capitata_HIv3___RNAseq.g29788.t1b,ko04550
Montipora_capitata_HIv3___RNAseq.g29788.t1b,ko04611
Montipora_capitata_HIv3___RNAseq.g29788.t1b,ko04620
Montipora_capitata_HIv3___RNAseq.g29788.t1b,ko04630
Montipora_capitata_HIv3___RNAseq.g29788.t1b,ko04660
Montipora_capitata_HIv3___RNAseq.g29788.t1b,ko04662
Montipora_capitata_HIv3___RNAseq.g29788.t1b,ko04664
Montipora_capitata_HIv3___RNAseq.g29788.t1b,ko04666
Montipora_capitata_HIv3___RNAseq.g29788.t1b,ko04668
Montipora_capitata_HIv3___RNAseq.g29788.t1b,ko04722
Montipora_capitata_HIv3___RNAseq.g29788.t1b,ko04725
Montipora_capitata_HIv3___RNAseq.g29788.t1b,ko04728
Montipora_capitata_HIv3___RNAseq.g29788.t1b,ko04910
Montipora_capitata_HIv3___RNAseq.g29788.t1b,ko04914
Montipora_capitata_HIv3___RNAseq.g29788.t1b,ko04915
Montipora_capitata_HIv3___RNAseq.g29788.t1b,ko04917
Montipora_capitata_HIv3___RNAseq.g29788.t1b,ko04919
Montipora_capitata_HIv3___RNAseq.g29788.t1b,ko04920
Montipora_capitata_HIv3___RNAseq.g29788.t1b,ko04922
Montipora_capitata_HIv3___RNAseq.g29788.t1b,ko04923
Montipora_capitata_HIv3___RNAseq.g29788.t1b,ko04926
Montipora_capitata_HIv3___RNAseq.g29788.t1b,ko04931
Montipora_capitata_HIv3___RNAseq.g29788.t1b,ko04932
Montipora_capitata_HIv3___RNAseq.g29788.t1b,ko04933
Montipora_capitata_HIv3___RNAseq.g29788.t1b,ko04973
Montipora_capitata_HIv3___RNAseq.g29788.t1b,ko05142
Montipora_capitata_HIv3___RNAseq.g29788.t1b,ko05145
Montipora_capitata_HIv3___RNAseq.g29788.t1b,ko05152
Montipora_capitata_HIv3___RNAseq.g29788.t1b,ko05160
Montipora_capitata_HIv3___RNAseq.g29788.t1b,ko05161
Montipora_capitata_HIv3___RNAseq.g29788.t1b,ko05162
Montipora_capitata_HIv3___RNAseq.g29788.t1b,ko05164
Montipora_capitata_HIv3___RNAseq.g29788.t1b,ko05165
Montipora_capitata_HIv3___RNAseq.g29788.t1b,ko05166
Montipora_capitata_HIv3___RNAseq.g29788.t1b,ko05167
Montipora_capitata_HIv3___RNAseq.g29788.t1b,ko05169
Montipora_capitata_HIv3___RNAseq.g29788.t1b,ko05200
Montipora_capitata_HIv3___RNAseq.g29788.t1b,ko05205
Montipora_capitata_HIv3___RNAseq.g29788.t1b,ko05210
Montipora_capitata_HIv3___RNAseq.g29788.t1b,ko05211
Montipora_capitata_HIv3___RNAseq.g29788.t1b,ko05212
Montipora_capitata_HIv3___RNAseq.g29788.t1b,ko05213
Montipora_capitata_HIv3___RNAseq.g29788.t1b,ko05214
Montipora_capitata_HIv3___RNAseq.g29788.t1b,ko05215
Montipora_capitata_HIv3___RNAseq.g29788.t1b,ko05218
Montipora_capitata_HIv3___RNAseq.g29788.t1b,ko05220
Montipora_capitata_HIv3___RNAseq.g29788.t1b,ko05221
Montipora_capitata_HIv3___RNAseq.g29788.t1b,ko05222
Montipora_capitata_HIv3___RNAseq.g29788.t1b,ko05223
Montipora_capitata_HIv3___RNAseq.g29788.t1b,ko05224
Montipora_capitata_HIv3___RNAseq.g29788.t1b,ko05225
Montipora_capitata_HIv3___RNAseq.g29788.t1b,ko05226
Montipora_capitata_HIv3___RNAseq.g29788.t1b,ko05230
Montipora_capitata_HIv3___RNAseq.g29788.t1b,ko05231
Montipora_capitata_HIv3___RNAseq.g29788.t1b,ko05418
Montipora_capitata_HIv3___RNAseq.g29796.t1,ko01523
Montipora_capitata_HIv3___RNAseq.g29796.t1,ko02010
Montipora_capitata_HIv3___RNAseq.g29796.t1,ko04976
Montipora_capitata_HIv3___RNAseq.g7595.t1,ko04146
Montipora_capitata_HIv3___RNAseq.g7597.t1,ko04146
Montipora_capitata_HIv3___RNAseq.g7598.t1,ko04146
Montipora_capitata_HIv3___RNAseq.g7743.t1,ko03050
Montipora_capitata_HIv3___RNAseq.g15536.t1,ko04010
Montipora_capitata_HIv3___RNAseq.g15536.t1,ko04013
Montipora_capitata_HIv3___RNAseq.g15536.t1,ko04064
Montipora_capitata_HIv3___RNAseq.g15536.t1,ko04120
Montipora_capitata_HIv3___RNAseq.g15536.t1,ko04140
Montipora_capitata_HIv3___RNAseq.g15536.t1,ko04144
Montipora_capitata_HIv3___RNAseq.g15536.t1,ko04214
Montipora_capitata_HIv3___RNAseq.g15536.t1,ko04380
Montipora_capitata_HIv3___RNAseq.g15536.t1,ko04620
Montipora_capitata_HIv3___RNAseq.g15536.t1,ko04621
Montipora_capitata_HIv3___RNAseq.g15536.t1,ko04622
Montipora_capitata_HIv3___RNAseq.g15536.t1,ko04657
Montipora_capitata_HIv3___RNAseq.g15536.t1,ko04722
Montipora_capitata_HIv3___RNAseq.g15536.t1,ko05133
Montipora_capitata_HIv3___RNAseq.g15536.t1,ko05140
Montipora_capitata_HIv3___RNAseq.g15536.t1,ko05142
Montipora_capitata_HIv3___RNAseq.g15536.t1,ko05145
Montipora_capitata_HIv3___RNAseq.g15536.t1,ko05152
Montipora_capitata_HIv3___RNAseq.g15536.t1,ko05160
Montipora_capitata_HIv3___RNAseq.g15536.t1,ko05162
Montipora_capitata_HIv3___RNAseq.g15536.t1,ko05168
Montipora_capitata_HIv3___RNAseq.g15536.t1,ko05169
Montipora_capitata_HIv3___RNAseq.g15536.t1,ko05200
Montipora_capitata_HIv3___RNAseq.g15536.t1,ko05222
Montipora_capitata_HIv3___RNAseq.g18840.t1,ko00982
Montipora_capitata_HIv3___RNAseq.g18840.t1,ko01120
Montipora_capitata_HIv3___RNAseq.g4239.t1,ko03018
Montipora_capitata_HIv3___RNAseq.g4241.t1,ko03018
Montipora_capitata_HIv3___RNAseq.g23708.t1,ko04141
Montipora_capitata_HIv3___RNAseq.g23721.t1,ko04141
Montipora_capitata_HIv3___RNAseq.g50608.t1a,ko01523
Montipora_capitata_HIv3___RNAseq.g50608.t1a,ko02010
Montipora_capitata_HIv3___RNAseq.g50608.t1a,ko04976
Montipora_capitata_HIv3___RNAseq.g12510.t1,ko00830
Montipora_capitata_HIv3___RNAseq.g12510.t1,ko01100
Montipora_capitata_HIv3___RNAseq.g12510.t1,ko04146
Montipora_capitata_HIv3___RNAseq.g34827.t1,ko03018
Montipora_capitata_HIv3___RNAseq.g34828.t1,ko00280
Montipora_capitata_HIv3___RNAseq.g34828.t1,ko00640
Montipora_capitata_HIv3___RNAseq.g34828.t1,ko01100
Montipora_capitata_HIv3___RNAseq.g34828.t1,ko01110
Montipora_capitata_HIv3___RNAseq.g34828.t1,ko01130
Montipora_capitata_HIv3___RNAseq.g50593.t1,ko05164
Montipora_capitata_HIv3___RNAseq.g27362.t1,ko00830
Montipora_capitata_HIv3___RNAseq.g3804.t1,ko04013
Montipora_capitata_HIv3___RNAseq.g50451.t1,ko00512
Montipora_capitata_HIv3___RNAseq.g50451.t1,ko00601
Montipora_capitata_HIv3___RNAseq.g50451.t1,ko01100
Montipora_capitata_HIv3___TS.g23666.t1,ko04141
Montipora_capitata_HIv3___RNAseq.g23821.t1,ko04141
Montipora_capitata_HIv3___RNAseq.g3990.t2,ko03060
Montipora_capitata_HIv3___RNAseq.g27170.t1,ko03013
Montipora_capitata_HIv3___RNAseq.g3886.t1,ko04013
Montipora_capitata_HIv3___RNAseq.g24095.t1,ko00564
Montipora_capitata_HIv3___RNAseq.g24095.t1,ko00565
Montipora_capitata_HIv3___RNAseq.g24095.t1,ko00590
Montipora_capitata_HIv3___RNAseq.g24095.t1,ko00591
Montipora_capitata_HIv3___RNAseq.g24095.t1,ko00592
Montipora_capitata_HIv3___RNAseq.g24095.t1,ko01100
Montipora_capitata_HIv3___RNAseq.g24095.t1,ko01110
Montipora_capitata_HIv3___RNAseq.g24095.t1,ko04014
Montipora_capitata_HIv3___RNAseq.g24095.t1,ko04270
Montipora_capitata_HIv3___RNAseq.g24095.t1,ko04750
Montipora_capitata_HIv3___RNAseq.g18870.t1,ko04144
Montipora_capitata_HIv3___TS.g23667.t1,ko00350
Montipora_capitata_HIv3___TS.g23667.t1,ko00360
Montipora_capitata_HIv3___TS.g23667.t1,ko00380
Montipora_capitata_HIv3___TS.g23667.t1,ko00901
Montipora_capitata_HIv3___TS.g23667.t1,ko00950
Montipora_capitata_HIv3___TS.g23667.t1,ko00965
Montipora_capitata_HIv3___TS.g23667.t1,ko01100
Montipora_capitata_HIv3___TS.g23667.t1,ko01110
Montipora_capitata_HIv3___TS.g23667.t1,ko04726
Montipora_capitata_HIv3___TS.g23667.t1,ko04728
Montipora_capitata_HIv3___TS.g23667.t1,ko05030
Montipora_capitata_HIv3___TS.g23667.t1,ko05031
Montipora_capitata_HIv3___TS.g23667.t1,ko05034
Montipora_capitata_HIv3___RNAseq.50535_t,ko00280
Montipora_capitata_HIv3___RNAseq.50535_t,ko00640
Montipora_capitata_HIv3___RNAseq.50535_t,ko01100
Montipora_capitata_HIv3___RNAseq.50535_t,ko01110
Montipora_capitata_HIv3___RNAseq.50535_t,ko01130
Montipora_capitata_HIv3___RNAseq.g18929.t1,ko03018
Montipora_capitata_HIv3___RNAseq.g264.t1,ko04146
Montipora_capitata_HIv3___RNAseq.g3955.t1,ko04010
Montipora_capitata_HIv3___RNAseq.g3955.t1,ko04013
Montipora_capitata_HIv3___RNAseq.g3955.t1,ko04014
Montipora_capitata_HIv3___RNAseq.g3955.t1,ko04015
Montipora_capitata_HIv3___RNAseq.g3955.t1,ko04151
Montipora_capitata_HIv3___RNAseq.g3955.t1,ko04520
Montipora_capitata_HIv3___RNAseq.g3955.t1,ko04550
Montipora_capitata_HIv3___RNAseq.g3955.t1,ko04714
Montipora_capitata_HIv3___RNAseq.g3955.t1,ko04810
Montipora_capitata_HIv3___RNAseq.g3955.t1,ko05200
Montipora_capitata_HIv3___RNAseq.g3955.t1,ko05205
Montipora_capitata_HIv3___RNAseq.g3955.t1,ko05215
Montipora_capitata_HIv3___RNAseq.g3955.t1,ko05216
Montipora_capitata_HIv3___RNAseq.g3955.t1,ko05218
Montipora_capitata_HIv3___RNAseq.g3955.t1,ko05224
Montipora_capitata_HIv3___RNAseq.g3955.t1,ko05230
Montipora_capitata_HIv3___RNAseq.g8190.t1a,ko01523
Montipora_capitata_HIv3___RNAseq.g8190.t1a,ko02010
Montipora_capitata_HIv3___RNAseq.g8190.t1a,ko04976
Montipora_capitata_HIv3___RNAseq.g29653.t1,ko03040
Montipora_capitata_HIv3___TS.g29479.t2,ko00350
Montipora_capitata_HIv3___TS.g29479.t2,ko00360
Montipora_capitata_HIv3___TS.g29479.t2,ko00380
Montipora_capitata_HIv3___TS.g29479.t2,ko00901
Montipora_capitata_HIv3___TS.g29479.t2,ko00950
Montipora_capitata_HIv3___TS.g29479.t2,ko00965
Montipora_capitata_HIv3___TS.g29479.t2,ko01100
Montipora_capitata_HIv3___TS.g29479.t2,ko01110
Montipora_capitata_HIv3___TS.g29479.t2,ko04726
Montipora_capitata_HIv3___TS.g29479.t2,ko04728
Montipora_capitata_HIv3___TS.g29479.t2,ko05030
Montipora_capitata_HIv3___TS.g29479.t2,ko05031
Montipora_capitata_HIv3___TS.g29479.t2,ko05034
Montipora_capitata_HIv3___RNAseq.g40143.t1b,ko03013
Montipora_capitata_HIv3___TS.g23770.t1,ko03013
Montipora_capitata_HIv3___RNAseq.g37155.t1,ko00310
Montipora_capitata_HIv3___RNAseq.g37155.t1,ko05206
Montipora_capitata_HIv3___TS.g14368.t1,ko03018
Montipora_capitata_HIv3___RNAseq.g27421.t1,ko04144
Montipora_capitata_HIv3___RNAseq.g27421.t1,ko04152
Montipora_capitata_HIv3___RNAseq.g27421.t1,ko04530
Montipora_capitata_HIv3___RNAseq.g27421.t1,ko04972
Montipora_capitata_HIv3___RNAseq.g7738.t1,ko04145
Montipora_capitata_HIv3___RNAseq.g7738.t1,ko04962
Montipora_capitata_HIv3___RNAseq.g7738.t1,ko05132
Montipora_capitata_HIv3___RNAseq.g23931.t1,ko00020
Montipora_capitata_HIv3___RNAseq.g23931.t1,ko01100
Montipora_capitata_HIv3___RNAseq.g23931.t1,ko01110
Montipora_capitata_HIv3___RNAseq.g23931.t1,ko01120
Montipora_capitata_HIv3___RNAseq.g23931.t1,ko01130
Montipora_capitata_HIv3___RNAseq.g23931.t1,ko01200
Montipora_capitata_HIv3___RNAseq.g23931.t1,ko01210
Montipora_capitata_HIv3___RNAseq.g23931.t1,ko01230
Montipora_capitata_HIv3___RNAseq.g50362.t1,ko04512
Montipora_capitata_HIv3___RNAseq.g7915.t1,ko04145
Montipora_capitata_HIv3___RNAseq.g7915.t1,ko04962
Montipora_capitata_HIv3___RNAseq.g7915.t1,ko05132
Montipora_capitata_HIv3___RNAseq.g50363.t1,ko04512
Montipora_capitata_HIv3___RNAseq.g343.t1a,ko00310
Montipora_capitata_HIv3___RNAseq.g343.t1a,ko05206
Montipora_capitata_HIv3___TS.g14028.t1,ko00564
Montipora_capitata_HIv3___TS.g14028.t1,ko01100
Montipora_capitata_HIv3___TS.g14028.t1,ko01110
Montipora_capitata_HIv3___RNAseq.g27418.t1,ko00534
Montipora_capitata_HIv3___RNAseq.g27419.t1,ko03013
Montipora_capitata_HIv3___RNAseq.g324.t1,ko04120
Montipora_capitata_HIv3___RNAseq.g50598.t1,ko00350
Montipora_capitata_HIv3___RNAseq.g50598.t1,ko00360
Montipora_capitata_HIv3___RNAseq.g50598.t1,ko00380
Montipora_capitata_HIv3___RNAseq.g50598.t1,ko00901
Montipora_capitata_HIv3___RNAseq.g50598.t1,ko00950
Montipora_capitata_HIv3___RNAseq.g50598.t1,ko00965
Montipora_capitata_HIv3___RNAseq.g50598.t1,ko01100
Montipora_capitata_HIv3___RNAseq.g50598.t1,ko01110
Montipora_capitata_HIv3___RNAseq.g50598.t1,ko04726
Montipora_capitata_HIv3___RNAseq.g50598.t1,ko04728
Montipora_capitata_HIv3___RNAseq.g50598.t1,ko05030
Montipora_capitata_HIv3___RNAseq.g50598.t1,ko05031
Montipora_capitata_HIv3___RNAseq.g50598.t1,ko05034
Montipora_capitata_HIv3___RNAseq.g18746.t1,ko03013
Montipora_capitata_HIv3___RNAseq.g23621.t1,ko00220
Montipora_capitata_HIv3___RNAseq.g23621.t1,ko00250
Montipora_capitata_HIv3___RNAseq.g23621.t1,ko00471
Montipora_capitata_HIv3___RNAseq.g23621.t1,ko00910
Montipora_capitata_HIv3___RNAseq.g23621.t1,ko01100
Montipora_capitata_HIv3___RNAseq.g23621.t1,ko01200
Montipora_capitata_HIv3___RNAseq.g23621.t1,ko04217
Montipora_capitata_HIv3___RNAseq.g23621.t1,ko04964
Montipora_capitata_HIv3___RNAseq.g23622.t1,ko04213
Montipora_capitata_HIv3___RNAseq.g23619.t1,ko03010
Montipora_capitata_HIv3___RNAseq.g27545.t1,ko03013
Montipora_capitata_HIv3___RNAseq.g27545.t1,ko03015
Montipora_capitata_HIv3___RNAseq.g39995.t1,ko04060
Montipora_capitata_HIv3___RNAseq.g39995.t1,ko04350
Montipora_capitata_HIv3___RNAseq.g39995.t1,ko04360
Montipora_capitata_HIv3___RNAseq.g39995.t1,ko04390
Montipora_capitata_HIv3___RNAseq.g39995.t1,ko04913
Montipora_capitata_HIv3___RNAseq.g39996.t1,ko04010
Montipora_capitata_HIv3___RNAseq.g39996.t1,ko04214
Montipora_capitata_HIv3___RNAseq.g39996.t1,ko04390
Montipora_capitata_HIv3___RNAseq.g39996.t1,ko04391
Montipora_capitata_HIv3___RNAseq.g39996.t1,ko04392
Montipora_capitata_HIv3___RNAseq.g19019.t1,ko04020
Montipora_capitata_HIv3___RNAseq.g19019.t1,ko04022
Montipora_capitata_HIv3___RNAseq.g19019.t1,ko04371
Montipora_capitata_HIv3___RNAseq.g19019.t1,ko04740
Montipora_capitata_HIv3___RNAseq.g19019.t1,ko04974
Montipora_capitata_HIv3___RNAseq.g4331.t1,ko00350
Montipora_capitata_HIv3___RNAseq.g4331.t1,ko00360
Montipora_capitata_HIv3___RNAseq.g4331.t1,ko00380
Montipora_capitata_HIv3___RNAseq.g4331.t1,ko00901
Montipora_capitata_HIv3___RNAseq.g4331.t1,ko00950
Montipora_capitata_HIv3___RNAseq.g4331.t1,ko00965
Montipora_capitata_HIv3___RNAseq.g4331.t1,ko01100
Montipora_capitata_HIv3___RNAseq.g4331.t1,ko01110
Montipora_capitata_HIv3___RNAseq.g4331.t1,ko04726
Montipora_capitata_HIv3___RNAseq.g4331.t1,ko04728
Montipora_capitata_HIv3___RNAseq.g4331.t1,ko05030
Montipora_capitata_HIv3___RNAseq.g4331.t1,ko05031
Montipora_capitata_HIv3___RNAseq.g4331.t1,ko05034
Montipora_capitata_HIv3___TS.g41189.t1,ko04144
Montipora_capitata_HIv3___RNAseq.g4382.t1,ko00250
Montipora_capitata_HIv3___RNAseq.g4382.t1,ko00910
Montipora_capitata_HIv3___RNAseq.g4382.t1,ko01100
Montipora_capitata_HIv3___RNAseq.g4382.t1,ko01110
Montipora_capitata_HIv3___RNAseq.g4382.t1,ko01120
Montipora_capitata_HIv3___RNAseq.g4382.t1,ko01130
Montipora_capitata_HIv3___RNAseq.g4382.t1,ko01230
Montipora_capitata_HIv3___RNAseq.g12393.t1,ko00350
Montipora_capitata_HIv3___RNAseq.g12393.t1,ko00643
Montipora_capitata_HIv3___RNAseq.g12393.t1,ko01100
Montipora_capitata_HIv3___RNAseq.g12393.t1,ko01120
Montipora_capitata_HIv3___RNAseq.g3829.t1,ko04514
Montipora_capitata_HIv3___RNAseq.g34769.t1,ko00730
Montipora_capitata_HIv3___RNAseq.g34769.t1,ko01100
Montipora_capitata_HIv3___RNAseq.g12428.t1,ko00531
Montipora_capitata_HIv3___RNAseq.g12428.t1,ko01100
Montipora_capitata_HIv3___RNAseq.g12428.t1,ko04142
Montipora_capitata_HIv3___RNAseq.g12429.t1,ko00531
Montipora_capitata_HIv3___RNAseq.g12429.t1,ko01100
Montipora_capitata_HIv3___RNAseq.g12429.t1,ko04142
Montipora_capitata_HIv3___RNAseq.g44432.t1,ko00510
Montipora_capitata_HIv3___RNAseq.g44432.t1,ko00513
Montipora_capitata_HIv3___RNAseq.g44432.t1,ko01100
Montipora_capitata_HIv3___RNAseq.g44432.t1,ko04141
Montipora_capitata_HIv3___RNAseq.g7687.t1,ko00350
Montipora_capitata_HIv3___RNAseq.g7687.t1,ko00643
Montipora_capitata_HIv3___RNAseq.g7687.t1,ko01100
Montipora_capitata_HIv3___RNAseq.g7687.t1,ko01120
Montipora_capitata_HIv3___RNAseq.g18772.t1,ko04022
Montipora_capitata_HIv3___RNAseq.g18772.t1,ko04024
Montipora_capitata_HIv3___RNAseq.g18772.t1,ko04260
Montipora_capitata_HIv3___RNAseq.g18772.t1,ko04261
Montipora_capitata_HIv3___RNAseq.g18772.t1,ko04911
Montipora_capitata_HIv3___RNAseq.g18772.t1,ko04918
Montipora_capitata_HIv3___RNAseq.g18772.t1,ko04919
Montipora_capitata_HIv3___RNAseq.g18772.t1,ko04925
Montipora_capitata_HIv3___RNAseq.g18772.t1,ko04960
Montipora_capitata_HIv3___RNAseq.g18772.t1,ko04961
Montipora_capitata_HIv3___RNAseq.g18772.t1,ko04964
Montipora_capitata_HIv3___RNAseq.g18772.t1,ko04970
Montipora_capitata_HIv3___RNAseq.g18772.t1,ko04971
Montipora_capitata_HIv3___RNAseq.g18772.t1,ko04972
Montipora_capitata_HIv3___RNAseq.g18772.t1,ko04973
Montipora_capitata_HIv3___RNAseq.g18772.t1,ko04974
Montipora_capitata_HIv3___RNAseq.g18772.t1,ko04976
Montipora_capitata_HIv3___RNAseq.g18772.t1,ko04978
Montipora_capitata_HIv3___RNAseq.g18877.t1,ko04146
Montipora_capitata_HIv3___RNAseq.g18879.t1,ko04146
Montipora_capitata_HIv3___RNAseq.g3911.t1,ko05202
Montipora_capitata_HIv3___TS.g14083.t1,ko00521
Montipora_capitata_HIv3___TS.g14083.t1,ko00562
Montipora_capitata_HIv3___TS.g14083.t1,ko01100
Montipora_capitata_HIv3___TS.g14083.t1,ko01120
Montipora_capitata_HIv3___TS.g14083.t1,ko01130
Montipora_capitata_HIv3___RNAseq.g3857.t1,ko04120
Montipora_capitata_HIv3___RNAseq.g3857.t1,ko04340
Montipora_capitata_HIv3___RNAseq.g3857.t1,ko04341
Montipora_capitata_HIv3___RNAseq.g218.t1,ko04714
Montipora_capitata_HIv3___RNAseq.g219.t1,ko04141
Montipora_capitata_HIv3___RNAseq.g219.t1,ko05164
Montipora_capitata_HIv3___RNAseq.g4448.t1,ko00350
Montipora_capitata_HIv3___RNAseq.g4448.t1,ko00360
Montipora_capitata_HIv3___RNAseq.g4448.t1,ko00380
Montipora_capitata_HIv3___RNAseq.g4448.t1,ko00901
Montipora_capitata_HIv3___RNAseq.g4448.t1,ko00950
Montipora_capitata_HIv3___RNAseq.g4448.t1,ko00965
Montipora_capitata_HIv3___RNAseq.g4448.t1,ko01100
Montipora_capitata_HIv3___RNAseq.g4448.t1,ko01110
Montipora_capitata_HIv3___RNAseq.g4448.t1,ko04726
Montipora_capitata_HIv3___RNAseq.g4448.t1,ko04728
Montipora_capitata_HIv3___RNAseq.g4448.t1,ko05030
Montipora_capitata_HIv3___RNAseq.g4448.t1,ko05031
Montipora_capitata_HIv3___RNAseq.g4448.t1,ko05034
Montipora_capitata_HIv3___RNAseq.g27420.t1,ko03013
Montipora_capitata_HIv3___RNAseq.g27420.t1,ko05416
Montipora_capitata_HIv3___RNAseq.g40180.t1,ko04512
Montipora_capitata_HIv3___RNAseq.g18760.t1,ko00250
Montipora_capitata_HIv3___RNAseq.g18760.t1,ko00910
Montipora_capitata_HIv3___RNAseq.g18760.t1,ko01100
Montipora_capitata_HIv3___RNAseq.g18760.t1,ko01110
Montipora_capitata_HIv3___RNAseq.g18760.t1,ko01120
Montipora_capitata_HIv3___RNAseq.g18760.t1,ko01130
Montipora_capitata_HIv3___RNAseq.g18760.t1,ko01230
Montipora_capitata_HIv3___RNAseq.g27350.t1,ko00350
Montipora_capitata_HIv3___RNAseq.g27350.t1,ko00983
Montipora_capitata_HIv3___RNAseq.g27350.t1,ko01100
Montipora_capitata_HIv3___RNAseq.g27350.t1,ko04145
Montipora_capitata_HIv3___RNAseq.g27350.t1,ko04918
Montipora_capitata_HIv3___RNAseq.g27350.t1,ko05202
Montipora_capitata_HIv3___RNAseq.g27350.t1,ko05221
Montipora_capitata_HIv3___RNAseq.g27350.t1,ko05310
Montipora_capitata_HIv3___RNAseq.g27350.t1,ko05320
Montipora_capitata_HIv3___RNAseq.g3915.t1,ko00910
Montipora_capitata_HIv3___RNAseq.g3915.t1,ko04964
Montipora_capitata_HIv3___RNAseq.g3915.t1,ko04966
Montipora_capitata_HIv3___RNAseq.g3915.t1,ko04971
Montipora_capitata_HIv3___RNAseq.g3915.t1,ko04972
Montipora_capitata_HIv3___RNAseq.g3915.t1,ko04976
Montipora_capitata_HIv3___RNAseq.g18764.t1,ko03010
Montipora_capitata_HIv3___RNAseq.g50717.t1,ko03015
Montipora_capitata_HIv3___RNAseq.g50717.t1,ko05164
Montipora_capitata_HIv3___RNAseq.g12206.t1,ko00564
Montipora_capitata_HIv3___RNAseq.g12206.t1,ko01100
Montipora_capitata_HIv3___RNAseq.g40219.t2,ko01522
Montipora_capitata_HIv3___RNAseq.g40219.t2,ko04010
Montipora_capitata_HIv3___RNAseq.g40219.t2,ko04014
Montipora_capitata_HIv3___RNAseq.g40219.t2,ko04020
Montipora_capitata_HIv3___RNAseq.g40219.t2,ko04024
Montipora_capitata_HIv3___RNAseq.g40219.t2,ko04062
Montipora_capitata_HIv3___RNAseq.g40219.t2,ko04113
Montipora_capitata_HIv3___RNAseq.g40219.t2,ko04114
Montipora_capitata_HIv3___RNAseq.g40219.t2,ko04138
Montipora_capitata_HIv3___RNAseq.g40219.t2,ko04140
Montipora_capitata_HIv3___RNAseq.g40219.t2,ko04211
Montipora_capitata_HIv3___RNAseq.g40219.t2,ko04213
Montipora_capitata_HIv3___RNAseq.g40219.t2,ko04261
Montipora_capitata_HIv3___RNAseq.g40219.t2,ko04270
Montipora_capitata_HIv3___RNAseq.g40219.t2,ko04310
Montipora_capitata_HIv3___RNAseq.g40219.t2,ko04340
Montipora_capitata_HIv3___RNAseq.g40219.t2,ko04341
Montipora_capitata_HIv3___RNAseq.g40219.t2,ko04371
Montipora_capitata_HIv3___RNAseq.g40219.t2,ko04530
Montipora_capitata_HIv3___RNAseq.g40219.t2,ko04540
Montipora_capitata_HIv3___RNAseq.g40219.t2,ko04611
Montipora_capitata_HIv3___RNAseq.g40219.t2,ko04713
Montipora_capitata_HIv3___RNAseq.g40219.t2,ko04714
Montipora_capitata_HIv3___RNAseq.g40219.t2,ko04720
Montipora_capitata_HIv3___RNAseq.g40219.t2,ko04723
Montipora_capitata_HIv3___RNAseq.g40219.t2,ko04724
Montipora_capitata_HIv3___RNAseq.g40219.t2,ko04725
Montipora_capitata_HIv3___RNAseq.g40219.t2,ko04726
Montipora_capitata_HIv3___RNAseq.g40219.t2,ko04727
Montipora_capitata_HIv3___RNAseq.g40219.t2,ko04728
Montipora_capitata_HIv3___RNAseq.g40219.t2,ko04740
Montipora_capitata_HIv3___RNAseq.g40219.t2,ko04742
Montipora_capitata_HIv3___RNAseq.g40219.t2,ko04750
Montipora_capitata_HIv3___RNAseq.g40219.t2,ko04910
Montipora_capitata_HIv3___RNAseq.g40219.t2,ko04911
Montipora_capitata_HIv3___RNAseq.g40219.t2,ko04912
Montipora_capitata_HIv3___RNAseq.g40219.t2,ko04913
Montipora_capitata_HIv3___RNAseq.g40219.t2,ko04914
Montipora_capitata_HIv3___RNAseq.g40219.t2,ko04915
Montipora_capitata_HIv3___RNAseq.g40219.t2,ko04916
Montipora_capitata_HIv3___RNAseq.g40219.t2,ko04918
Montipora_capitata_HIv3___RNAseq.g40219.t2,ko04919
Montipora_capitata_HIv3___RNAseq.g40219.t2,ko04921
Montipora_capitata_HIv3___RNAseq.g40219.t2,ko04922
Montipora_capitata_HIv3___RNAseq.g40219.t2,ko04923
Montipora_capitata_HIv3___RNAseq.g40219.t2,ko04924
Montipora_capitata_HIv3___RNAseq.g40219.t2,ko04925
Montipora_capitata_HIv3___RNAseq.g40219.t2,ko04926
Montipora_capitata_HIv3___RNAseq.g40219.t2,ko04927
Montipora_capitata_HIv3___RNAseq.g40219.t2,ko04934
Montipora_capitata_HIv3___RNAseq.g40219.t2,ko04961
Montipora_capitata_HIv3___RNAseq.g40219.t2,ko04962
Montipora_capitata_HIv3___RNAseq.g40219.t2,ko04970
Montipora_capitata_HIv3___RNAseq.g40219.t2,ko04971
Montipora_capitata_HIv3___RNAseq.g40219.t2,ko04976
Montipora_capitata_HIv3___RNAseq.g40219.t2,ko05012
Montipora_capitata_HIv3___RNAseq.g40219.t2,ko05020
Montipora_capitata_HIv3___RNAseq.g40219.t2,ko05030
Montipora_capitata_HIv3___RNAseq.g40219.t2,ko05031
Montipora_capitata_HIv3___RNAseq.g40219.t2,ko05032
Montipora_capitata_HIv3___RNAseq.g40219.t2,ko05110
Montipora_capitata_HIv3___RNAseq.g40219.t2,ko05146
Montipora_capitata_HIv3___RNAseq.g40219.t2,ko05165
Montipora_capitata_HIv3___RNAseq.g40219.t2,ko05166
Montipora_capitata_HIv3___RNAseq.g40219.t2,ko05169
Montipora_capitata_HIv3___RNAseq.g40219.t2,ko05200
Montipora_capitata_HIv3___RNAseq.g40219.t2,ko05203
Montipora_capitata_HIv3___RNAseq.g40219.t2,ko05205
Montipora_capitata_HIv3___RNAseq.g40219.t2,ko05414
Montipora_capitata_HIv3___RNAseq.g7586.t1,ko00030
Montipora_capitata_HIv3___RNAseq.g7586.t1,ko01100
Montipora_capitata_HIv3___RNAseq.g7586.t1,ko01110
Montipora_capitata_HIv3___RNAseq.g7586.t1,ko01120
Montipora_capitata_HIv3___RNAseq.g7586.t1,ko01130
Montipora_capitata_HIv3___RNAseq.g7586.t1,ko01200
Montipora_capitata_HIv3___RNAseq.g7586.t1,ko01230
Montipora_capitata_HIv3___RNAseq.g34848.t1,ko00190
Montipora_capitata_HIv3___RNAseq.g34848.t1,ko01100
Montipora_capitata_HIv3___RNAseq.g34848.t1,ko04714
Montipora_capitata_HIv3___RNAseq.g34848.t1,ko05010
Montipora_capitata_HIv3___RNAseq.g34848.t1,ko05012
Montipora_capitata_HIv3___RNAseq.g34848.t1,ko05016
Montipora_capitata_HIv3___RNAseq.g45848.t1,ko04144
Montipora_capitata_HIv3___RNAseq.g45848.t1,ko04721
Montipora_capitata_HIv3___RNAseq.g45848.t1,ko04961
Montipora_capitata_HIv3___RNAseq.g45848.t1,ko05016
Montipora_capitata_HIv3___RNAseq.g27454.t1,ko00590
Montipora_capitata_HIv3___RNAseq.g27454.t1,ko01100
Montipora_capitata_HIv3___RNAseq.g27454.t1,ko04664
Montipora_capitata_HIv3___RNAseq.g27454.t1,ko04726
Montipora_capitata_HIv3___RNAseq.g27454.t1,ko04913
Montipora_capitata_HIv3___RNAseq.g27454.t1,ko05145
Montipora_capitata_HIv3___TS.g29612.t1,ko04320
Montipora_capitata_HIv3___RNAseq.g3971.t1,ko04120
Montipora_capitata_HIv3___RNAseq.g3971.t1,ko04630
Montipora_capitata_HIv3___RNAseq.g3971.t1,ko05160
Montipora_capitata_HIv3___RNAseq.g3563.t1,ko04919
Montipora_capitata_HIv3___RNAseq.g44399.t1,ko00650
Montipora_capitata_HIv3___RNAseq.g304.t1,ko04141
Montipora_capitata_HIv3___RNAseq.g34790.t1,ko04151
Montipora_capitata_HIv3___RNAseq.g34790.t1,ko04510
Montipora_capitata_HIv3___RNAseq.g34790.t1,ko04512
Montipora_capitata_HIv3___RNAseq.g34790.t1,ko04514
Montipora_capitata_HIv3___RNAseq.g34790.t1,ko04640
Montipora_capitata_HIv3___RNAseq.g34790.t1,ko04810
Montipora_capitata_HIv3___RNAseq.g34790.t1,ko05145
Montipora_capitata_HIv3___RNAseq.g34790.t1,ko05165
Montipora_capitata_HIv3___RNAseq.g34790.t1,ko05200
Montipora_capitata_HIv3___RNAseq.g34790.t1,ko05222
Montipora_capitata_HIv3___RNAseq.g34790.t1,ko05410
Montipora_capitata_HIv3___RNAseq.g34790.t1,ko05412
Montipora_capitata_HIv3___RNAseq.g34790.t1,ko05414
Montipora_capitata_HIv3___RNAseq.g209.t1,ko04146
Montipora_capitata_HIv3___RNAseq.g34895.t1,ko00350
Montipora_capitata_HIv3___RNAseq.g34895.t1,ko00360
Montipora_capitata_HIv3___RNAseq.g34895.t1,ko00380
Montipora_capitata_HIv3___RNAseq.g34895.t1,ko00901
Montipora_capitata_HIv3___RNAseq.g34895.t1,ko00950
Montipora_capitata_HIv3___RNAseq.g34895.t1,ko00965
Montipora_capitata_HIv3___RNAseq.g34895.t1,ko01100
Montipora_capitata_HIv3___RNAseq.g34895.t1,ko01110
Montipora_capitata_HIv3___RNAseq.g34895.t1,ko04726
Montipora_capitata_HIv3___RNAseq.g34895.t1,ko04728
Montipora_capitata_HIv3___RNAseq.g34895.t1,ko05030
Montipora_capitata_HIv3___RNAseq.g34895.t1,ko05031
Montipora_capitata_HIv3___RNAseq.g34895.t1,ko05034
Montipora_capitata_HIv3___RNAseq.g15607.t1,ko05225
Montipora_capitata_HIv3___RNAseq.g50697.t1,ko04514
Montipora_capitata_HIv3___RNAseq.g4326.t1,ko00564
Montipora_capitata_HIv3___RNAseq.g4326.t1,ko04216
Montipora_capitata_HIv3___TS.g45442.t1,ko00230
Montipora_capitata_HIv3___TS.g45442.t1,ko01100
Montipora_capitata_HIv3___RNAseq.g23978.t1,ko03018
Montipora_capitata_HIv3___RNAseq.g3577.t2,ko04022
Montipora_capitata_HIv3___RNAseq.g3577.t2,ko04024
Montipora_capitata_HIv3___RNAseq.g3577.t2,ko04151
Montipora_capitata_HIv3___RNAseq.g3577.t2,ko04152
Montipora_capitata_HIv3___RNAseq.g3577.t2,ko04211
Montipora_capitata_HIv3___RNAseq.g3577.t2,ko04261
Montipora_capitata_HIv3___RNAseq.g3577.t2,ko04668
Montipora_capitata_HIv3___RNAseq.g3577.t2,ko04714
Montipora_capitata_HIv3___RNAseq.g3577.t2,ko04725
Montipora_capitata_HIv3___RNAseq.g3577.t2,ko04728
Montipora_capitata_HIv3___RNAseq.g3577.t2,ko04911
Montipora_capitata_HIv3___RNAseq.g3577.t2,ko04915
Montipora_capitata_HIv3___RNAseq.g3577.t2,ko04916
Montipora_capitata_HIv3___RNAseq.g3577.t2,ko04918
Montipora_capitata_HIv3___RNAseq.g3577.t2,ko04922
Montipora_capitata_HIv3___RNAseq.g3577.t2,ko04925
Montipora_capitata_HIv3___RNAseq.g3577.t2,ko04926
Montipora_capitata_HIv3___RNAseq.g3577.t2,ko04927
Montipora_capitata_HIv3___RNAseq.g3577.t2,ko04931
Montipora_capitata_HIv3___RNAseq.g3577.t2,ko04934
Montipora_capitata_HIv3___RNAseq.g3577.t2,ko04962
Montipora_capitata_HIv3___RNAseq.g3577.t2,ko05016
Montipora_capitata_HIv3___RNAseq.g3577.t2,ko05030
Montipora_capitata_HIv3___RNAseq.g3577.t2,ko05031
Montipora_capitata_HIv3___RNAseq.g3577.t2,ko05034
Montipora_capitata_HIv3___RNAseq.g3577.t2,ko05161
Montipora_capitata_HIv3___RNAseq.g3577.t2,ko05165
Montipora_capitata_HIv3___RNAseq.g3577.t2,ko05203
Montipora_capitata_HIv3___RNAseq.g3577.t2,ko05215
Montipora_capitata_HIv3___RNAseq.g8140.t1,ko01100
Montipora_capitata_HIv3___RNAseq.g18811.t1,ko04141
Montipora_capitata_HIv3___RNAseq.g18811.t1,ko04151
Montipora_capitata_HIv3___RNAseq.g18811.t1,ko04217
Montipora_capitata_HIv3___RNAseq.g18811.t1,ko04612
Montipora_capitata_HIv3___RNAseq.g18811.t1,ko04621
Montipora_capitata_HIv3___RNAseq.g18811.t1,ko04626
Montipora_capitata_HIv3___RNAseq.g18811.t1,ko04657
Montipora_capitata_HIv3___RNAseq.g18811.t1,ko04659
Montipora_capitata_HIv3___RNAseq.g18811.t1,ko04914
Montipora_capitata_HIv3___RNAseq.g18811.t1,ko04915
Montipora_capitata_HIv3___RNAseq.g18811.t1,ko05200
Montipora_capitata_HIv3___RNAseq.g18811.t1,ko05215
Montipora_capitata_HIv3___RNAseq.g18811.t1,ko05418
Montipora_capitata_HIv3___RNAseq.g15606.t1,ko04910
Montipora_capitata_HIv3___RNAseq.g15606.t1,ko04931
Montipora_capitata_HIv3___RNAseq.g7718.t1,ko04141
Montipora_capitata_HIv3___RNAseq.g15513.t1,ko00230
Montipora_capitata_HIv3___RNAseq.g15513.t1,ko04024
Montipora_capitata_HIv3___RNAseq.g15513.t1,ko05032
Montipora_capitata_HIv3___RNAseq.g4570.t1,ko04142
