go,cluster,parent,score,size,term,parentTerm,termUniqueness,termUniquenessWithinCluster,termDispensability
GO:0009987,1,GO:0009987,5963,9117,cellular process,cellular process,0.9862527922561429,1,0
GO:0065007,2,GO:0065007,4584,4456,biological regulation,biological regulation,0.9326193224125093,0.5509999999999999,0
GO:0008152,3,GO:0008152,4463,5539,metabolic process,metabolic process,0.9349962769918094,0.5885714285714285,0
GO:0050789,2,GO:0065007,4275,4338,regulation of biological process,biological regulation,0.9293518242740134,0.5338461538461539,0.701
GO:0044238,3,GO:0008152,4109,4876,primary metabolic process,metabolic process,0.92498808637379,0.5508571428571428,0.609
GO:0050794,2,GO:0065007,3973,4097,regulation of cellular process,biological regulation,0.9123758376768429,0.48361538461538456,0.657
GO:0032501,4,GO:0032501,3344,2388,multicellular organismal process,multicellular organismal process,0.96308730454207,0.7635000000000001,0
GO:0043170,3,GO:0008152,3336,4155,macromolecule metabolic process,metabolic process,0.9237431124348474,0.5115714285714286,0.563
GO:0050896,5,GO:0050896,3216,3329,response to stimulus,response to stimulus,0.9578652271034996,0.5393749999999999,0
GO:0071840,6,GO:0071840,3212,2169,cellular component organization or biogenesis,cellular component organization or biogenesis,0.9277883469843634,0.5585454545454546,0
GO:0032502,7,GO:0032502,3113,1861,developmental process,developmental process,0.9610420699925539,0.43285714285714283,0
GO:0016043,6,GO:0071840,3066,2012,cellular component organization,cellular component organization or biogenesis,0.9253883097542814,0.5442727272727272,0.86
GO:0048856,7,GO:0032502,2981,1625,anatomical structure development,developmental process,0.9574886448250186,0.4244285714285714,0.823
GO:0019222,2,GO:0065007,2801,1718,regulation of metabolic process,biological regulation,0.8684514147431124,0.2832307692307693,0.48
GO:0007275,7,GO:0032502,2779,1398,multicellular organism development,developmental process,0.942569061801936,0.4422857142857143,0.783
GO:0048518,8,GO:0048518,2648,1209,positive regulation of biological process,positive regulation of biological process,0.9119540208488459,0.32492307692307687,0
GO:0051179,9,GO:0051179,2647,2286,localization,localization,0.9453402829486225,0.4683333333333334,0
GO:0060255,2,GO:0065007,2529,1639,regulation of macromolecule metabolic process,biological regulation,0.8604830603127327,0.28184615384615386,0.474
GO:0080090,2,GO:0065007,2433,1373,regulation of primary metabolic process,biological regulation,0.86113495904691,0.2846923076923077,0.445
GO:0048519,10,GO:0048519,2402,1012,negative regulation of biological process,negative regulation of biological process,0.9109097170513775,0.3815925925925926,0
GO:0051716,5,GO:0050896,2401,2620,cellular response to stimulus,response to stimulus,0.9406003350707371,0.48575,0.715
GO:0048522,8,GO:0048518,2392,1002,positive regulation of cellular process,positive regulation of biological process,0.897292069992554,0.27830769230769237,0.894
GO:0048731,11,GO:0048731,2321,643,system development,system development,0.9406571109456441,0.4237021276595745,0
GO:0006996,6,GO:0071840,2177,1175,organelle organization,cellular component organization or biogenesis,0.9186465003723008,0.475,0.757
GO:0048523,10,GO:0048519,2128,926,negative regulation of cellular process,negative regulation of biological process,0.8973767684288906,0.36477777777777776,0.939
GO:0019538,12,GO:0019538,2122,2050,protein metabolic process,protein metabolic process,0.9139676098287416,0.5898571428571429,0
GO:0051234,9,GO:0051179,2111,2037,establishment of localization,localization,0.9424521593447506,0.44866666666666666,0.819
GO:0048869,7,GO:0032502,2028,985,cellular developmental process,developmental process,0.9450565897244974,0.3821428571428571,0.7
GO:0006810,9,GO:0051179,2024,1922,transport,localization,0.9413937081161579,0.4455555555555556,0.809
GO:0006139,3,GO:0008152,1989,2290,nucleobase-containing compound metabolic process,metabolic process,0.9083144080416977,0.45185714285714285,0.467
GO:0030154,7,GO:0032502,1973,984,cell differentiation,developmental process,0.9450539836187639,0.3821428571428571,0.7
GO:0065008,13,GO:0065008,1956,489,regulation of biological quality,regulation of biological quality,0.933340469099032,0.4031449275362319,0
GO:0042221,14,GO:0042221,1851,762,response to chemical,response to chemical,0.9514780342516753,0.49067741935483866,0
GO:0009058,3,GO:0008152,1817,3229,biosynthetic process,metabolic process,0.9186424050632911,0.4919285714285714,0.513
GO:0010468,2,GO:0065007,1809,1504,regulation of gene expression,biological regulation,0.8480845122859271,0.2811538461538462,0.465
GO:0048513,15,GO:0048513,1784,413,animal organ development,animal organ development,0.9606839166046165,0.3604117647058823,0
GO:0048583,16,GO:0048583,1755,530,regulation of response to stimulus,regulation of response to stimulus,0.9022177959791512,0.39217391304347826,0
GO:0006950,5,GO:0050896,1749,1301,response to stress,response to stimulus,0.9517263588979896,0.38512500000000005,0.616
GO:0044085,17,GO:0044085,1734,929,cellular component biogenesis,cellular component biogenesis,0.9231087118391661,0.4425882352941176,0
GO:0007154,18,GO:0007154,1719,2338,cell communication,cell communication,0.9605761355174981,0.6195999999999999,0
GO:0043412,19,GO:0043412,1687,1109,macromolecule modification,macromolecule modification,0.9238481012658228,0.4958297872340426,0
GO:0009889,2,GO:0065007,1684,1537,regulation of biosynthetic process,biological regulation,0.8552898361876397,0.2832307692307692,0.467
GO:0009893,8,GO:0048518,1647,580,positive regulation of metabolic process,positive regulation of biological process,0.8589951600893522,0.19046153846153846,0.792
GO:0023052,20,GO:0023052,1625,2329,signaling,signaling,0.9206107594936709,0.61846,0
GO:0019219,2,GO:0065007,1574,1132,regulation of nucleobase-containing compound metabolic process,biological regulation,0.8465524944154877,0.2907692307692308,0.426
GO:0010556,2,GO:0065007,1571,1515,regulation of macromolecule biosynthetic process,biological regulation,0.8487362248696947,0.2806153846153846,0.465
GO:0023051,21,GO:0023051,1563,451,regulation of signaling,regulation of signaling,0.920671444527178,0.3468636363636364,0
GO:0051641,9,GO:0051179,1560,1041,cellular localization,localization,0.9257781087118392,0.4685555555555555,0.661
GO:0090304,3,GO:0008152,1552,2007,nucleic acid metabolic process,metabolic process,0.902861876396128,0.40042857142857147,0.446
GO:0010646,22,GO:0010646,1549,453,regulation of cell communication,regulation of cell communication,0.908042069992554,0.353,0
GO:0022607,17,GO:0044085,1548,762,cellular component assembly,cellular component biogenesis,0.9206664184661206,0.4135294117647059,0.921
GO:0036211,19,GO:0043412,1543,982,protein modification process,macromolecule modification,0.9135928890543559,0.47226595744680855,0.932
GO:0009653,23,GO:0009653,1537,699,anatomical structure morphogenesis,anatomical structure morphogenesis,0.9542857408786299,0.3941538461538462,0
GO:0010604,8,GO:0048518,1528,544,positive regulation of macromolecule metabolic process,positive regulation of biological process,0.8521785182427402,0.18784615384615388,0.784
GO:0051128,24,GO:0051128,1473,474,regulation of cellular component organization,regulation of cellular component organization,0.8705927029039464,0.3093125,0
GO:0007165,20,GO:0023052,1447,2194,signal transduction,signaling,0.8828123603871929,0.59701,0.872
GO:0051239,25,GO:0051239,1428,522,regulation of multicellular organismal process,regulation of multicellular organismal process,0.9102581906180194,0.363,0
GO:0051252,2,GO:0065007,1402,1083,regulation of RNA metabolic process,biological regulation,0.8413728592702904,0.2886923076923077,0.423
GO:0007399,11,GO:0048731,1399,451,nervous system development,system development,0.9406249069247953,0.4076808510638298,0.924
GO:0009966,21,GO:0023051,1397,354,regulation of signal transduction,regulation of signaling,0.88059921816828,0.3240454545454545,0.952
GO:0009892,10,GO:0048519,1381,554,negative regulation of metabolic process,negative regulation of biological process,0.8582749441548772,0.29488888888888887,0.862
GO:0051246,26,GO:0051246,1347,232,regulation of protein metabolic process,regulation of protein metabolic process,0.8667138868205511,0.28640476190476194,0
GO:0065009,27,GO:0065009,1347,60,regulation of molecular function,regulation of molecular function,0.9483544303797469,0.195457627118644,0
GO:0050793,28,GO:0050793,1338,535,regulation of developmental process,regulation of developmental process,0.90712937453462394,0.3415098039215686,0
GO:0033036,29,GO:0033036,1330,887,macromolecule localization,macromolecule localization,0.9379409903201787,0.45381451612903223,0
GO:0010467,3,GO:0008152,1329,2460,gene expression,metabolic process,0.9095208488458675,0.4366428571428571,0.464
GO:0048468,7,GO:0032502,1323,567,cell development,developmental process,0.9424359642591214,0.41300000000000003,0.615
GO:0022414,30,GO:0022414,1302,923,reproductive process,reproductive process,0.9796757259865971,0.4291666666666667,0
GO:0032879,31,GO:0032879,1261,355,regulation of localization,regulation of localization,0.8910359270290394,0.3352533333333333,0
GO:2001141,2,GO:0065007,1259,1007,regulation of RNA biosynthetic process,biological regulation,0.8344731943410275,0.2866923076923077,0.417
GO:0010605,10,GO:0048519,1256,532,negative regulation of macromolecule metabolic process,negative regulation of biological process,0.8513458674609085,0.2916296296296297,0.857
GO:0006355,2,GO:0065007,1227,1006,regulation of DNA-templated transcription,biological regulation,0.8336565524944155,0.2866153846153846,0.417
GO:0051649,9,GO:0051179,1218,633,establishment of localization in cell,localization,0.9232730826507818,0.4695555555555555,0.587
GO:0016070,3,GO:0008152,1179,1734,RNA metabolic process,metabolic process,0.9022269173492181,0.40042857142857147,0.418
GO:0070887,14,GO:0042221,1175,255,cellular response to chemical stimulus,response to chemical,0.9393844005956813,0.4472096774193548,0.786
GO:0008104,29,GO:0033036,1169,737,protein localization,macromolecule localization,0.9221319806403574,0.42470161290322583,0.931
GO:0009056,32,GO:0009056,1161,978,catabolic process,catabolic process,0.9221327252419955,0.4556444444444444,0
GO:0009888,33,GO:0009888,1149,187,tissue development,tissue development,0.9617382725241995,0.2676792452830189,0
GO:0006793,34,GO:0006793,1141,1006,phosphorus metabolic process,phosphorus metabolic process,0.9192241250930752,0.46020408163265303,0
GO:0006796,34,GO:0006793,1123,1006,phosphate-containing compound metabolic process,phosphorus metabolic process,0.9192237527922561,0.46008163265306123,0.955
GO:0033554,5,GO:0050896,1112,636,cellular response to stress,response to stimulus,0.9367475800446761,0.33999999999999997,0.528
GO:0044281,35,GO:0044281,1097,736,small molecule metabolic process,small molecule metabolic process,0.9009193968726731,0.47633749999999997,0
GO:0009059,3,GO:0008152,1096,2720,macromolecule biosynthetic process,metabolic process,0.9100534251675354,0.43414285714285716,0.477
GO:0022008,11,GO:0048731,1090,366,neurogenesis,system development,0.9283775130305286,0.3978723404255319,0.889
GO:0043933,36,GO:0043933,1086,438,protein-containing complex organization,protein-containing complex organization,0.927693224125093,0.36040322580645157,0
GO:0044248,37,GO:0044248,1075,173,cellular catabolic process,cellular catabolic process,0.9298440059568132,0.3703333333333333,0
GO:0046907,9,GO:0051179,1073,465,intracellular transport,localization,0.9232174236783321,0.4865555555555555,0.55
GO:2000026,28,GO:0050793,1069,203,regulation of multicellular organismal development,regulation of developmental process,0.8967527922561429,0.3011176470588235,0.842
GO:0009605,38,GO:0009605,1060,661,response to external stimulus,response to external stimulus,0.9571025688756515,0.4488,0
GO:0048609,30,GO:0022414,1036,477,multicellular organismal reproductive process,reproductive process,0.9792673119880864,0.3204166666666667,0.835
GO:0048699,11,GO:0048731,1033,348,generation of neurons,system development,0.9284566269545793,0.39797872340425533,0.885
GO:0044703,39,GO:0044703,1031,11,multi-organism reproductive process,multi-organism reproductive process,0.9856299329858526,0.6104,0
GO:0050790,27,GO:0065009,1027,37,regulation of catalytic activity,regulation of molecular function,0.9496102010424423,0.1883389830508475,0.962
GO:0070727,29,GO:0033036,996,738,cellular macromolecule localization,macromolecule localization,0.9221276991809382,0.4247822580645161,0.931
GO:0019953,30,GO:0022414,976,466,sexual reproduction,reproductive process,0.9777682427401341,0.39025,0.858
GO:0016192,40,GO:0016192,968,499,vesicle-mediated transport,vesicle-mediated transport,0.9324130677587491,0.4327777777777778,0
GO:0002376,41,GO:0002376,963,369,immune system process,immune system process,0.988951973194341,0.36473333333333335,0
GO:0009891,8,GO:0048518,950,456,positive regulation of biosynthetic process,positive regulation of biological process,0.8492570737155621,0.18530769230769228,0.761
GO:0009790,42,GO:0009790,938,510,embryo development,embryo development,0.9468399106478034,0.3362727272727273,0
GO:0048584,16,GO:0048583,932,209,positive regulation of response to stimulus,regulation of response to stimulus,0.8888203648548026,0.41095652173913044,0.86
GO:0060429,33,GO:0009888,931,79,epithelium development,tissue development,0.964012285927029,0.27243396226415095,0.899
GO:0010628,8,GO:0048518,930,153,positive regulation of gene expression,positive regulation of biological process,0.8560342516753536,0.2605384615384615,0.649
GO:0065003,36,GO:0043933,909,382,protein-containing complex assembly,protein-containing complex organization,0.9203847728965003,0.3451935483870968,0.965
GO:0006357,3,GO:0008152,900,685,regulation of transcription by RNA polymerase II,metabolic process,0.8410424422933731,0.42100000000000004,0.307
GO:0007276,30,GO:0022414,889,282,gamete generation,reproductive process,0.977478965003723,0.2985277777777777,0.781
GO:0045935,8,GO:0048518,889,368,positive regulation of nucleobase-containing compound metabolic process,positive regulation of biological process,0.8410670141474311,0.1972307692307692,0.735
GO:0071705,43,GO:0071705,885,592,nitrogen compound transport,nitrogen compound transport,0.93919843633656,0.44261249999999996,0
GO:0045595,28,GO:0050793,885,163,regulation of cell differentiation,regulation of developmental process,0.8971131794489948,0.31529411764705884,0.814
GO:0010557,8,GO:0048518,885,445,positive regulation of macromolecule biosynthetic process,positive regulation of biological process,0.8436487341772152,0.18261538461538462,0.759
GO:0003006,44,GO:0003006,884,487,developmental process involved in reproduction,developmental process involved in reproduction,0.9506630677587491,0.3681764705882353,0
GO:0042592,45,GO:0042592,881,233,homeostatic process,homeostatic process,0.9892233804914371,0.28289393939393936,0
GO:0031399,26,GO:0051246,870,50,regulation of protein modification process,regulation of protein metabolic process,0.8745009307520477,0.28276190476190477,0.849
GO:0010629,10,GO:0048519,860,345,negative regulation of gene expression,negative regulation of biological process,0.8436081533879375,0.28014814814814815,0.813
GO:0007049,46,GO:0007049,852,596,cell cycle,cell cycle,0.9593490320178705,0.431125,0
GO:1902531,21,GO:0023051,838,173,regulation of intracellular signal transduction,regulation of signaling,0.8826520848845867,0.3478181818181818,0.878
GO:0051247,26,GO:0051246,837,110,positive regulation of protein metabolic process,regulation of protein metabolic process,0.8543419583023083,0.2931904761904762,0.91
GO:0051049,31,GO:0032879,833,230,regulation of transport,regulation of localization,0.8895228965003723,0.30654666666666663,0.94
GO:0044093,27,GO:0065009,822,40,positive regulation of molecular function,regulation of molecular function,0.9496349590469099,0.19579661016949157,0.964
GO:0023056,21,GO:0023051,815,141,positive regulation of signaling,regulation of signaling,0.906445644080417,0.38363636363636366,0.861
GO:0009628,47,GO:0009628,812,282,response to abiotic stimulus,response to abiotic stimulus,0.9607250558451229,0.34610416666666666,0
GO:0033043,24,GO:0051128,810,255,regulation of organelle organization,regulation of cellular component organization,0.8695161950856292,0.27721874999999996,0.878
GO:0010647,22,GO:0010646,809,143,positive regulation of cell communication,regulation of cell communication,0.8937492553983619,0.38875000000000004,0.862
GO:0051240,25,GO:0051239,803,266,positive regulation of multicellular organismal process,regulation of multicellular organismal process,0.8941589724497394,0.3718,0.878
GO:0043067,48,GO:0043067,802,110,regulation of programmed cell death,regulation of programmed cell death,0.9312243112434847,0.26648000000000005,0
GO:0030030,49,GO:0030030,800,353,cell projection organization,cell projection organization,0.9283940804169769,0.38416666666666666,0
GO:0048585,16,GO:0048583,799,197,negative regulation of response to stimulus,regulation of response to stimulus,0.8870979151154132,0.3920434782608696,0.859
GO:0120036,49,GO:0030030,795,338,plasma membrane bounded cell projection organization,cell projection organization,0.9285230826507819,0.3752777777777778,0.967
GO:1901700,14,GO:0042221,791,128,response to oxygen-containing compound,response to chemical,0.954463886820551,0.3828225806451613,0.732
GO:0051254,8,GO:0048518,789,351,positive regulation of RNA metabolic process,positive regulation of biological process,0.8366677215189873,0.1943076923076923,0.729
GO:0045184,29,GO:0033036,788,447,establishment of protein localization,macromolecule localization,0.9222933730454207,0.4217822580645161,0.864
GO:0022402,46,GO:0007049,787,475,cell cycle process,cell cycle,0.9570938198064036,0.38859374999999996,0.912
GO:0051726,46,GO:0007049,785,241,regulation of cell cycle,cell cycle,0.9049772896500372,0.3379609375,0.801
GO:0042981,48,GO:0043067,780,99,regulation of apoptotic process,regulation of programmed cell death,0.931647617274758,0.252,0.984
GO:0051174,50,GO:0051174,777,48,regulation of phosphorus metabolic process,regulation of phosphorus metabolic process,0.8810681310498883,0.2858421052631579,0
GO:0019220,50,GO:0051174,777,48,regulation of phosphate metabolic process,regulation of phosphorus metabolic process,0.8810578927773641,0.2858421052631579,0.998
GO:0034654,3,GO:0008152,762,1806,nucleobase-containing compound biosynthetic process,metabolic process,0.8984986969471332,0.3788571428571429,0.419
GO:0035295,51,GO:0035295,759,103,tube development,tube development,0.9545878629932986,0.30110000000000003,0
GO:0040011,52,GO:0040011,757,429,locomotion,locomotion,0.9925936336559941,0.35383333333333333,0
GO:0022412,30,GO:0022414,753,196,cellular process involved in reproduction in multicellular organism,reproductive process,0.9716993670886076,0.3385,0.726
GO:0042886,43,GO:0071705,749,25,amide transport,nitrogen compound transport,0.9506971332836932,0.46511250000000004,0.67
GO:0051130,24,GO:0051128,748,193,positive regulation of cellular component organization,regulation of cellular component organization,0.8589184661206255,0.3345625,0.861
GO:0009887,15,GO:0048513,742,156,animal organ morphogenesis,animal organ development,0.9577524199553239,0.3357058823529412,0.858
GO:0015833,43,GO:0071705,738,18,peptide transport,nitrogen compound transport,0.9517099776619509,0.4697125,0.649
GO:0030182,11,GO:0048731,738,326,neuron differentiation,system development,0.9289132539091586,0.40257446808510644,0.864
GO:1902680,8,GO:0048518,728,321,positive regulation of RNA biosynthetic process,positive regulation of biological process,0.8308970588235294,0.18353846153846154,0.719
GO:0015031,29,GO:0033036,727,386,protein transport,macromolecule localization,0.916217423678332,0.42516129032258065,0.847
GO:0009967,21,GO:0023051,727,106,positive regulation of signal transduction,regulation of signaling,0.8705688756515264,0.36636363636363634,0.827
GO:0051094,28,GO:0050793,714,276,positive regulation of developmental process,regulation of developmental process,0.8913402829486224,0.3428823529411765,0.873
GO:0007166,53,GO:0007166,712,474,cell surface receptor signaling pathway,cell surface receptor signaling pathway,0.8937728965003723,0.37157627118644065,0
GO:0023057,21,GO:0023051,711,170,negative regulation of signaling,regulation of signaling,0.903879746835443,0.3343636363636363,0.876
GO:0010648,22,GO:0010646,710,170,negative regulation of cell communication,regulation of cell communication,0.892680938198064,0.37375,0.876
GO:0009719,54,GO:0009719,709,86,response to endogenous stimulus,response to endogenous stimulus,0.9651829858525689,0.1803414634146342,0
GO:0009890,10,GO:0048519,696,515,negative regulation of biosynthetic process,negative regulation of biological process,0.8464772896500372,0.2892962962962963,0.852
GO:0007010,6,GO:0071840,693,462,cytoskeleton organization,cellular component organization or biogenesis,0.920434102755026,0.5253636363636364,0.629
GO:0003008,55,GO:0003008,690,674,system process,system process,0.9630309009679822,0.3906428571428572,0
GO:0042325,50,GO:0051174,682,34,regulation of phosphorylation,regulation of phosphorus metabolic process,0.8834577438570365,0.2892631578947369,0.971
GO:0043085,27,GO:0065009,681,24,positive regulation of catalytic activity,regulation of molecular function,0.9509182799702159,0.18949152542372882,0.928
GO:0045893,8,GO:0048518,680,321,positive regulation of DNA-templated transcription,positive regulation of biological process,0.830180565897245,0.18353846153846154,0.719
GO:0042127,56,GO:0042127,674,48,regulation of cell population proliferation,regulation of cell population proliferation,0.940479337304542,0.21855000000000002,0
GO:0009057,32,GO:0009056,672,524,macromolecule catabolic process,catabolic process,0.9144960908413998,0.3659111111111111,0.855
GO:0009968,21,GO:0023051,668,164,negative regulation of signal transduction,regulation of signaling,0.8664890171258377,0.3136818181818182,0.872
GO:0051276,57,GO:0051276,667,203,chromosome organization,chromosome organization,0.9247276619508563,0.34471428571428575,0
GO:1901135,58,GO:1901135,664,449,carbohydrate derivative metabolic process,carbohydrate derivative metabolic process,0.9273486597170514,0.38959999999999995,0
GO:0006396,59,GO:0006396,659,524,RNA processing,RNA processing,0.8978724869694713,0.41990625000000004,0
GO:0006508,12,GO:0019538,658,660,proteolysis,protein metabolic process,0.9205309009679821,0.6228571428571428,0.721
GO:0045934,10,GO:0048519,656,200,negative regulation of nucleobase-containing compound metabolic process,negative regulation of biological process,0.8484486224869695,0.3281481481481482,0.732
GO:0035556,20,GO:0023052,645,730,intracellular signal transduction,signaling,0.8880655249441549,0.43413999999999997,0.701
GO:0010558,10,GO:0048519,645,504,negative regulation of macromolecule biosynthetic process,negative regulation of biological process,0.8407697319434103,0.28729629629629627,0.85
GO:0080134,16,GO:0048583,643,150,regulation of response to stress,regulation of response to stimulus,0.9032831347728965,0.2820869565217391,0.83
GO:0019637,34,GO:0006793,642,469,organophosphate metabolic process,phosphorus metabolic process,0.9171842889054356,0.4028163265306123,0.886
GO:0032989,60,GO:0032989,641,54,cellular anatomical entity morphogenesis,cellular anatomical entity morphogenesis,0.9455776247207743,0.21587500000000004,0
GO:0048666,11,GO:0048731,638,271,neuron development,system development,0.9279607222635889,0.4108297872340425,0.841
GO:0044087,17,GO:0044085,637,142,regulation of cellular component biogenesis,cellular component biogenesis,0.8870376023827252,0.34788235294117653,0.731
GO:0007281,30,GO:0022414,637,194,germ cell development,reproductive process,0.931078555472822,0.3070277777777778,0.725
GO:0048646,23,GO:0009653,634,149,anatomical structure formation involved in morphogenesis,anatomical structure morphogenesis,0.9582684288905435,0.4201538461538461,0.76
GO:1901698,61,GO:1901698,634,133,response to nitrogen compound,response to nitrogen compound,0.9559283320923306,0.25387499999999996,0
GO:0009894,62,GO:0009894,628,159,regulation of catabolic process,regulation of catabolic process,0.8748778853313477,0.23459090909090907,0
GO:0001932,50,GO:0051174,615,31,regulation of protein phosphorylation,regulation of phosphorus metabolic process,0.8586766567386448,0.28763157894736846,0.966
GO:0009792,42,GO:0009790,613,301,embryo development ending in birth or egg hatching,embryo development,0.9503929635145197,0.37781818181818183,0.887
GO:0006629,63,GO:0006629,612,568,lipid metabolic process,lipid metabolic process,0.9229856664184661,0.43054878048780487,0
GO:0051960,28,GO:0050793,603,65,regulation of nervous system development,regulation of developmental process,0.9002898361876396,0.32776470588235296,0.74
GO:0000278,46,GO:0007049,600,327,mitotic cell cycle,cell cycle,0.959415860014892,0.41305468749999996,0.834
GO:0016310,34,GO:0006793,598,441,phosphorylation,phosphorus metabolic process,0.9262040208488459,0.5091224489795918,0.797
GO:0006082,35,GO:0044281,598,418,organic acid metabolic process,small molecule metabolic process,0.9014482501861504,0.38512499999999994,0.856
GO:0060284,28,GO:0050793,595,80,regulation of cell development,regulation of developmental process,0.8983315338793745,0.320843137254902,0.751
GO:0070925,17,GO:0044085,594,294,organelle assembly,cellular component biogenesis,0.9173691362620998,0.42117647058823526,0.815
GO:0048729,33,GO:0009888,592,105,tissue morphogenesis,tissue development,0.9579798957557707,0.2666603773584906,0.939
GO:0043436,35,GO:0044281,589,379,oxoacid metabolic process,small molecule metabolic process,0.9015230826507818,0.37946250000000004,0.85
GO:0009791,64,GO:0009791,588,504,post-embryonic development,post-embryonic development,0.948653574087863,0.29579999999999995,0
GO:0006886,29,GO:0033036,587,204,intracellular protein transport,macromolecule localization,0.9164616530156366,0.4537822580645161,0.764
GO:0007610,65,GO:0007610,580,612,behavior,behavior,0.9645351824274013,0.38021875000000005,0
GO:0051253,10,GO:0048519,567,183,negative regulation of RNA metabolic process,negative regulation of biological process,0.8447092330603128,0.32659259259259255,0.724
GO:0002009,33,GO:0009888,562,58,morphogenesis of an epithelium,tissue development,0.9598172002978407,0.2632641509433963,0.872
GO:0046903,66,GO:0046903,560,157,secretion,secretion,0.9467872300819061,0.24230303030303035,0
GO:0040008,67,GO:0040008,559,162,regulation of growth,regulation of growth,0.9428655994043187,0.21042105263157895,0
GO:0035239,51,GO:0035295,558,49,tube morphogenesis,tube development,0.9518810498883098,0.25350000000000006,0.935
GO:0007017,68,GO:0007017,557,312,microtubule-based process,microtubule-based process,0.9743760238272524,0.3919166666666667,0
GO:0032880,31,GO:0032879,549,146,regulation of protein localization,regulation of localization,0.8727123976172748,0.3275733333333334,0.871
GO:0031401,26,GO:0051246,548,28,positive regulation of protein modification process,regulation of protein metabolic process,0.8607753164556962,0.2803333333333333,0.805
GO:0051248,26,GO:0051246,547,63,negative regulation of protein metabolic process,regulation of protein metabolic process,0.8594059940431868,0.29259523809523813,0.864
GO:0071495,54,GO:0009719,547,84,cellular response to endogenous stimulus,response to endogenous stimulus,0.9652045793000744,0.17958536585365859,0.995
GO:0048870,69,GO:0048870,546,207,cell motility,cell motility,0.9849810126582278,0.31731707317073177,0
GO:0000902,23,GO:0009653,542,240,cell morphogenesis,anatomical structure morphogenesis,0.9561342144452718,0.38276923076923075,0.839
GO:0060341,31,GO:0032879,541,173,regulation of cellular localization,regulation of localization,0.8749679821295606,0.3268266666666667,0.898
GO:0007292,30,GO:0022414,541,170,female gamete generation,reproductive process,0.9779890171258376,0.3094166666666667,0.718
GO:0051336,27,GO:0065009,540,19,regulation of hydrolase activity,regulation of molecular function,0.9515895383469843,0.2127118644067797,0.919
GO:0007417,11,GO:0048731,538,30,central nervous system development,system development,0.9541254653760238,0.5373191489361702,0.619
GO:0019752,35,GO:0044281,537,378,carboxylic acid metabolic process,small molecule metabolic process,0.9015217795979151,0.379325,0.849
GO:0051241,25,GO:0051239,535,124,negative regulation of multicellular organismal process,regulation of multicellular organismal process,0.89713719285182425,0.33909999999999996,0.792
GO:0006259,70,GO:0006259,527,329,DNA metabolic process,DNA metabolic process,0.9092740134028294,0.4083240740740741,0
GO:0070647,19,GO:0043412,522,257,protein modification by small protein conjugation or removal,macromolecule modification,0.9204612807148176,0.4572872340425532,0.787
GO:1903047,46,GO:0007049,522,271,mitotic cell cycle process,cell cycle,0.9574823157110945,0.376421875,0.812
GO:0016071,71,GO:0016071,521,320,mRNA metabolic process,mRNA metabolic process,0.913478965003723,0.35779310344827586,0
GO:0006955,41,GO:0002376,517,366,immune response,immune system process,0.957930193596426,0.36395,0.986
GO:1902679,10,GO:0048519,517,172,negative regulation of RNA biosynthetic process,negative regulation of biological process,0.8389456440804169,0.3231111111111111,0.718
GO:0022603,28,GO:0050793,516,143,regulation of anatomical structure morphogenesis,regulation of developmental process,0.9089402457185406,0.3617058823529412,0.808
GO:0048878,45,GO:0042592,516,186,chemical homeostasis,homeostatic process,0.9890366716306775,0.270439393939394,0.969
GO:0033365,29,GO:0033036,515,269,protein localization to organelle,macromolecule localization,0.9258086373790022,0.3813145161290322,0.802
GO:0002682,41,GO:0002376,514,25,regulation of immune system process,immune system process,0.9450865599404319,0.22201666666666664,0.751
GO:0050767,28,GO:0050793,509,51,regulation of neurogenesis,regulation of developmental process,0.8854892032762472,0.2543333333333333,0.718
GO:0045944,8,GO:0048518,509,255,positive regulation of transcription by RNA polymerase II,positive regulation of biological process,0.8330433730454208,0.20323076923076921,0.696
GO:0040012,52,GO:0040011,508,289,regulation of locomotion,locomotion,0.9408719285182428,0.34058333333333335,0.93
GO:0032940,66,GO:0046903,507,132,secretion by cell,secretion,0.9396399851079672,0.22969696969696973,0.975
GO:0045892,10,GO:0048519,506,172,negative regulation of DNA-templated transcription,negative regulation of biological process,0.8382656366344006,0.3231111111111111,0.718
GO:0006811,72,GO:0006811,505,612,monoatomic ion transport,monoatomic ion transport,0.9439744973938943,0.41948837209302325,0
GO:0007389,73,GO:0007389,502,131,pattern specification process,pattern specification process,0.9526096425912137,0.20720000000000005,0
GO:0051093,28,GO:0050793,501,113,negative regulation of developmental process,regulation of developmental process,0.8949486224869695,0.3656666666666667,0.783
GO:0006974,5,GO:0050896,500,259,DNA damage response,response to stimulus,0.9390113551749814,0.37150000000000005,0.463
GO:0031175,11,GO:0048731,497,246,neuron projection development,system development,0.8791135517498139,0.41540425531914893,0.83
GO:0043603,74,GO:0043603,497,177,amide metabolic process,amide metabolic process,0.9485824646314222,0.37149999999999994,0
GO:0010564,46,GO:0007049,496,195,regulation of cell cycle process,cell cycle,0.9043654132539092,0.30655468750000003,0.772
GO:0050877,55,GO:0003008,495,574,nervous system process,system process,0.9633015636634401,0.37598571428571426,0.948
GO:0007423,15,GO:0048513,493,47,sensory organ development,animal organ development,0.9669030156366344,0.36082352941176477,0.754
GO:0045597,28,GO:0050793,487,76,positive regulation of cell differentiation,regulation of developmental process,0.8820913998510796,0.31670588235294117,0.746
GO:0048477,30,GO:0022414,484,132,oogenesis,reproductive process,0.9326085256887565,0.30625,0.694
GO:0009725,54,GO:0009719,482,38,response to hormone,response to endogenous stimulus,0.958057148175726,0.19595121951219507,0.924
GO:0051050,31,GO:0032879,481,130,positive regulation of transport,regulation of localization,0.875171444527178,0.3206,0.877
GO:0055085,9,GO:0051179,480,985,transmembrane transport,localization,0.933280528667163,0.5212222222222223,0.649
GO:0051640,75,GO:0051640,478,257,organelle localization,organelle localization,0.947403574087863,0.31450684931506845,0
GO:0051338,27,GO:0065009,477,14,regulation of transferase activity,regulation of molecular function,0.9523507073715562,0.19603389830508477,0.893
GO:0043069,48,GO:0043067,472,59,negative regulation of programmed cell death,regulation of programmed cell death,0.9123211094564408,0.28393999999999997,0.926
GO:0044092,27,GO:0065009,472,6,negative regulation of molecular function,regulation of molecular function,0.9550846984363366,0.26194915254237283,0.843
GO:1901701,14,GO:0042221,471,89,cellular response to oxygen-containing compound,response to chemical,0.9405076321667908,0.35182258064516125,0.702
GO:0008283,56,GO:0042127,470,77,cell population proliferation,regulation of cell population proliferation,0.9891653015636634,0.22365000000000002,0.958
GO:0007346,46,GO:0007049,469,103,regulation of mitotic cell cycle,cell cycle,0.9102762472077439,0.34075,0.701
GO:0016477,69,GO:0048870,469,192,cell migration,cell motility,0.9849603499627699,0.3134634146341464,0.984
GO:0055086,76,GO:0055086,468,287,nucleobase-containing small molecule metabolic process,nucleobase-containing small molecule metabolic process,0.8824763588979896,0.36467272727272726,0
GO:0061024,77,GO:0061024,468,240,membrane organization,membrane organization,0.9319836187639613,0.2934418604651162,0
GO:0018193,19,GO:0043412,466,76,peptidyl-amino acid modification,macromolecule modification,0.9265403946388682,0.4062340425531915,0.673
GO:0031344,24,GO:0051128,464,120,regulation of cell projection organization,regulation of cellular component organization,0.8780800446760983,0.3015,0.835
GO:0051129,24,GO:0051128,461,105,negative regulation of cellular component organization,regulation of cellular component organization,0.8634417349218169,0.32065625,0.801
GO:0043066,48,GO:0043067,461,57,negative regulation of apoptotic process,regulation of programmed cell death,0.9123097542814594,0.26802000000000004,0.922
GO:0048598,42,GO:0009790,459,183,embryonic morphogenesis,embryo development,0.9451638123603872,0.33372727272727276,0.872
GO:0120035,24,GO:0051128,458,114,regulation of plasma membrane bounded cell projection organization,regulation of cellular component organization,0.8781502233804914,0.30181250000000004,0.832
GO:0010562,50,GO:0051174,452,22,positive regulation of phosphorus metabolic process,regulation of phosphorus metabolic process,0.8682969099032019,0.30547368421052634,0.937
GO:0045937,50,GO:0051174,452,22,positive regulation of phosphate metabolic process,regulation of phosphorus metabolic process,0.8682734549516009,0.3053157894736842,0.937
GO:0060322,78,GO:0060322,440,15,head development,head development,0.9727040208488459,0.31375,0
GO:0019725,45,GO:0042592,439,175,cellular homeostasis,homeostatic process,0.98905156366344,0.2747727272727273,0.951
GO:0060562,51,GO:0035295,439,10,epithelial tube morphogenesis,tube development,0.9536163440059569,0.26560000000000006,0.815
GO:0072359,79,GO:0072359,434,2,circulatory system development,circulatory system development,0.9619510424422933,0.12181818181818183,0
GO:0032774,3,GO:0008152,429,1603,RNA biosynthetic process,metabolic process,0.8928467982129561,0.33599999999999997,0.404
GO:0001775,80,GO:0001775,428,9,cell activation,cell activation,0.9687300819061802,0.14147058823529413,0
GO:1902533,21,GO:0023051,426,57,positive regulation of intracellular signal transduction,regulation of signaling,0.8721344005956813,0.38122727272727275,0.779
GO:0080135,16,GO:0048583,424,86,regulation of cellular response to stress,regulation of response to stimulus,0.89101191362621,0.27060869565217394,0.785
GO:0008219,48,GO:0043067,423,237,cell death,regulation of programmed cell death,0.9826909903201787,0.30034000000000005,0.891
GO:0006468,34,GO:0006793,421,426,protein phosphorylation,phosphorus metabolic process,0.8980807892777364,0.5104285714285715,0.793
GO:0006351,3,GO:0008152,421,1099,DNA-templated transcription,metabolic process,0.8957287788533135,0.3650714285714286,0.358
GO:0030855,33,GO:0009888,421,22,epithelial cell differentiation,tissue development,0.9550819061801936,0.30592452830188677,0.801
GO:0007267,81,GO:0007267,420,304,cell-cell signaling,cell-cell signaling,0.921569061801936,0.3006153846153846,0
GO:0000226,68,GO:0007017,419,235,microtubule cytoskeleton organization,microtubule-based process,0.9173706254653761,0.3886666666666666,0.937
GO:0042327,50,GO:0051174,419,21,positive regulation of phosphorylation,regulation of phosphorus metabolic process,0.8682146314221891,0.2968421052631579,0.934
GO:0048232,30,GO:0022414,416,75,male gamete generation,reproductive process,0.9795962397617275,0.33644444444444443,0.654
GO:0045664,28,GO:0050793,415,20,regulation of neuron differentiation,regulation of developmental process,0.9004573715562174,0.4181960784313725,0.643
GO:0009607,82,GO:0009607,414,471,response to biotic stimulus,response to biotic stimulus,0.9609623976172748,0.33166666666666667,0
GO:0003002,73,GO:0007389,413,107,regionalization,pattern specification process,0.9533842144452718,0.19796666666666662,0.971
GO:0043549,27,GO:0065009,410,11,regulation of kinase activity,regulation of molecular function,0.8860169396872674,0.20157627118644073,0.878
GO:0033993,14,GO:0042221,409,7,response to lipid,response to chemical,0.966210722263589,0.6060806451612903,0.529
GO:0048858,23,GO:0009653,409,206,cell projection morphogenesis,anatomical structure morphogenesis,0.8984843633655994,0.38384615384615384,0.828
GO:0007420,78,GO:0060322,408,14,brain development,head development,0.9549869694713329,0.3135,0.995
GO:0120039,23,GO:0009653,406,200,plasma membrane bounded cell projection morphogenesis,anatomical structure morphogenesis,0.898663067758749,0.3845384615384615,0.824
GO:0002252,41,GO:0002376,405,5,immune effector process,immune system process,0.9906057334326136,0.4467333333333333,0.656
GO:0048812,23,GO:0009653,405,200,neuron projection morphogenesis,anatomical structure morphogenesis,0.8777978406552495,0.3817307692307692,0.824
GO:0030163,32,GO:0009056,405,374,protein catabolic process,catabolic process,0.9048909158600149,0.3598,0.807
GO:0006753,76,GO:0055086,403,268,nucleoside phosphate metabolic process,nucleobase-containing small molecule metabolic process,0.8730072598659717,0.3542909090909091,0.967
GO:0045321,80,GO:0001775,401,2,leukocyte activation,cell activation,0.9644566269545793,0.11476470588235299,0.917
GO:0012501,48,GO:0043067,399,237,programmed cell death,regulation of programmed cell death,0.9826909903201787,0.30034000000000005,0.891
GO:0051707,82,GO:0009607,397,471,response to other organism,response to biotic stimulus,0.9564653760238273,0.33166666666666667,0.981
GO:0043207,82,GO:0009607,397,471,response to external biotic stimulus,response to biotic stimulus,0.957361876396128,0.33166666666666667,0.981
GO:0009117,76,GO:0055086,396,191,nucleotide metabolic process,nucleobase-containing small molecule metabolic process,0.8746922933730454,0.3506787878787879,0.936
GO:0006325,83,GO:0006325,394,257,chromatin organization,chromatin organization,0.9383214817572598,0.32899999999999996,0
GO:0006952,5,GO:0050896,392,475,defense response,response to stimulus,0.954536113179449,0.46962499999999996,0.486
GO:0001934,50,GO:0051174,391,20,positive regulation of protein phosphorylation,regulation of phosphorus metabolic process,0.8449000372300819,0.29357894736842105,0.931
GO:0031667,84,GO:0031667,390,87,response to nutrient levels,response to nutrient levels,0.9684886448250186,0.24271428571428577,0
GO:0048667,23,GO:0009653,387,192,cell morphogenesis involved in neuron differentiation,anatomical structure morphogenesis,0.9264743112434848,0.38730769230769235,0.818
GO:0030162,26,GO:0051246,384,63,regulation of proteolysis,regulation of protein metabolic process,0.8784657483246463,0.28495238095238096,0.859
GO:0001654,85,GO:0001654,382,2,eye development,eye development,0.9605610573343262,0.18933333333333335,0
GO:0043068,48,GO:0043067,379,46,positive regulation of programmed cell death,regulation of programmed cell death,0.9134367088607594,0.29642,0.922
GO:0006887,66,GO:0046903,378,77,exocytosis,secretion,0.934933730454207,0.215939393939394,0.938
GO:0034097,86,GO:0034097,378,5,response to cytokine,response to cytokine,0.9668088235294118,0.16225,0
GO:0090407,34,GO:0006793,377,289,organophosphate biosynthetic process,phosphorus metabolic process,0.9045819061801936,0.4103265306122449,0.828
GO:0048638,67,GO:0040008,377,139,regulation of developmental growth,regulation of growth,0.9136908041697692,0.2028684210526316,0.973
GO:0044283,35,GO:0044281,376,187,small molecule biosynthetic process,small molecule metabolic process,0.8960841399851079,0.4498,0.767
GO:0010638,24,GO:0051128,376,82,positive regulation of organelle organization,regulation of cellular component organization,0.8605707371556217,0.3126875,0.765
GO:2000145,69,GO:0048870,376,107,regulation of cell motility,cell motility,0.9297827624720775,0.30451219512195127,0.893
GO:0045859,27,GO:0065009,376,11,regulation of protein kinase activity,regulation of molecular function,0.8627045793000745,0.20157627118644073,0.878
GO:0051345,27,GO:0065009,375,13,positive regulation of hydrolase activity,regulation of molecular function,0.9526705137751303,0.212864406779661,0.888
GO:0070201,31,GO:0032879,372,41,regulation of establishment of protein localization,regulation of localization,0.881882539091586,0.3466666666666667,0.76
GO:0000122,10,GO:0048519,368,123,negative regulation of transcription by RNA polymerase II,negative regulation of biological process,0.8423624348473566,0.3439629629629629,0.688
GO:0090087,43,GO:0071705,366,10,regulation of peptide transport,nitrogen compound transport,0.9055740878629933,0.47421250000000004,0.596
GO:0022613,87,GO:0022613,366,258,ribonucleoprotein complex biogenesis,ribonucleoprotein complex biogenesis,0.9282010424422934,0.3340344827586207,0
GO:0007283,30,GO:0022414,365,70,spermatogenesis,reproductive process,0.9546978778853313,0.34005555555555556,0.647
GO:0043065,48,GO:0043067,363,39,positive regulation of apoptotic process,regulation of programmed cell death,0.9144771034996277,0.28593999999999997,0.905
GO:0034220,72,GO:0006811,362,549,monoatomic ion transmembrane transport,monoatomic ion transport,0.9344240506329113,0.40474418604651163,0.89
GO:0090066,13,GO:0065008,361,108,regulation of anatomical structure size,regulation of biological quality,0.9399899478778854,0.4384202898550724,0.8
GO:0051656,75,GO:0051640,361,190,establishment of organelle localization,organelle localization,0.9454962769918094,0.29815068493150687,0.957
GO:1901137,58,GO:1901135,360,327,carbohydrate derivative biosynthetic process,carbohydrate derivative metabolic process,0.913765450483991,0.39239,0.929
GO:0009314,47,GO:0009628,360,60,response to radiation,response to abiotic stimulus,0.9643093819806403,0.3426041666666667,0.828
GO:0051603,32,GO:0009056,359,332,proteolysis involved in protein catabolic process,catabolic process,0.9048352568875652,0.35960000000000003,0.792
GO:0030334,69,GO:0048870,358,105,regulation of cell migration,cell motility,0.9299882725241996,0.30082926829268297,0.89
GO:0032446,19,GO:0043412,357,209,protein modification by small protein conjugation,macromolecule modification,0.9214005956813105,0.4599893617021277,0.771
GO:0031400,26,GO:0051246,357,10,negative regulation of protein modification process,regulation of protein metabolic process,0.8678358153387937,0.2905,0.748
GO:0006812,72,GO:0006811,355,394,monoatomic cation transport,monoatomic ion transport,0.9455778108711839,0.3543720930232558,0.87
GO:0043604,74,GO:0043603,353,51,amide biosynthetic process,amide metabolic process,0.9381344005956813,0.395,0.895
GO:0006397,71,GO:0016071,351,233,mRNA processing,mRNA metabolic process,0.9032042069992554,0.36124137931034483,0.946
GO:0045786,46,GO:0007049,351,95,negative regulation of cell cycle,cell cycle,0.8897926284437826,0.331640625,0.7
GO:0010720,28,GO:0050793,350,45,positive regulation of cell development,regulation of developmental process,0.8823099404318689,0.314921568627451,0.709
GO:0008284,56,GO:0042127,350,22,positive regulation of cell population proliferation,regulation of cell population proliferation,0.922958302308265,0.2409,0.941
GO:0051223,31,GO:0032879,349,30,regulation of protein transport,regulation of localization,0.8777565152643336,0.32216,0.74
GO:0050801,45,GO:0042592,346,140,monoatomic ion homeostasis,homeostatic process,0.9889542069992554,0.2643181818181818,0.945
GO:0045055,66,GO:0046903,346,48,regulated exocytosis,secretion,0.9369620253164557,0.21169696969696972,0.894
GO:0010975,24,GO:0051128,345,99,regulation of neuron projection development,regulation of cellular component organization,0.839189687267312,0.30671875000000004,0.82
GO:0040007,67,GO:0040008,345,214,growth,regulation of growth,0.9923142218912882,0.21868421052631581,0.969
GO:0045596,28,GO:0050793,344,29,negative regulation of cell differentiation,regulation of developmental process,0.8866364482501862,0.33496078431372545,0.687
GO:1901699,61,GO:1901698,343,69,cellular response to nitrogen compound,response to nitrogen compound,0.9420327624720775,0.254375,0.945
GO:0009636,88,GO:0009636,343,81,response to toxic substance,response to toxic substance,0.9598097542814594,0.21744444444444444,0
GO:0098657,89,GO:0098657,342,241,import into cell,import into cell,0.9483199925539836,0.2768518518518518,0
GO:0051046,66,GO:0046903,340,85,regulation of secretion,secretion,0.8934020848845867,0.24345454545454548,0.908
GO:0006366,3,GO:0008152,339,762,transcription by RNA polymerase II,metabolic process,0.9004151154132539,0.40921428571428575,0.315
GO:0008610,63,GO:0006629,338,240,lipid biosynthetic process,lipid metabolic process,0.9148946388682055,0.41663414634146345,0.857
GO:0010608,90,GO:0010608,337,204,post-transcriptional regulation of gene expression,post-transcriptional regulation of gene expression,0.8711703276247208,0.3370952380952381,0
GO:1902532,21,GO:0023051,337,77,negative regulation of intracellular signal transduction,regulation of signaling,0.8694886448250186,0.33604545454545454,0.811
GO:0030031,49,GO:0030030,336,100,cell projection assembly,cell projection organization,0.9248862620997766,0.3673333333333333,0.813
GO:0051962,28,GO:0050793,336,41,positive regulation of nervous system development,regulation of developmental process,0.88537304542069994,0.3279411764705883,0.705
GO:0071345,86,GO:0034097,335,5,cellular response to cytokine stimulus,response to cytokine,0.9668088235294118,0.16225,1
GO:0016567,19,GO:0043412,334,186,protein ubiquitination,macromolecule modification,0.9225310871183916,0.46499999999999997,0.752
GO:0120031,49,GO:0030030,332,91,plasma membrane bounded cell projection assembly,cell projection organization,0.9249084139985108,0.3597592592592592,0.808
GO:0006281,5,GO:0050896,331,203,DNA repair,response to stimulus,0.8693996649292628,0.39150000000000007,0.441
GO:0043632,32,GO:0009056,331,251,modification-dependent macromolecule catabolic process,catabolic process,0.9200245718540581,0.36897777777777774,0.756
GO:0006915,48,GO:0043067,331,185,apoptotic process,regulation of programmed cell death,0.9825712956068503,0.28156000000000003,0.869
GO:0006518,91,GO:0006518,331,28,peptide metabolic process,peptide metabolic process,0.9607347356664184,0.26739999999999997,0
GO:0048589,67,GO:0040008,330,191,developmental growth,regulation of growth,0.9647129560685034,0.21055263157894732,0.954
GO:0060627,31,GO:0032879,329,101,regulation of vesicle-mediated transport,regulation of localization,0.8791068503350707,0.33074666666666663,0.859
GO:0030097,92,GO:0030097,329,2,hemopoiesis,hemopoiesis,0.9610657110945644,0.08766666666666667,0
GO:0007167,53,GO:0007166,327,190,enzyme-linked receptor protein signaling pathway,cell surface receptor signaling pathway,0.901081347728965,0.36666101694915254,0.871
GO:0044089,17,GO:0044085,324,47,positive regulation of cellular component biogenesis,cellular component biogenesis,0.8769074832464632,0.3692352941176471,0.636
GO:0007005,93,GO:0007005,324,122,mitochondrion organization,mitochondrion organization,0.9312514892032763,0.27956000000000003,0
GO:0019941,32,GO:0009056,323,249,modification-dependent protein catabolic process,catabolic process,0.9072876023827252,0.35506666666666664,0.756
GO:0055082,45,GO:0042592,323,130,intracellular chemical homeostasis,homeostatic process,0.98886113179449,0.26242424242424245,0.926
GO:0061061,94,GO:0061061,323,106,muscle structure development,muscle structure development,0.9647611690245719,0.2564666666666666,0
GO:0006511,32,GO:0009056,321,238,ubiquitin-dependent protein catabolic process,catabolic process,0.907509121370067,0.3560444444444445,0.752
GO:0009896,62,GO:0009894,321,99,positive regulation of catabolic process,regulation of catabolic process,0.8581749813849591,0.23768181818181822,0.953
GO:0072521,95,GO:0072521,320,219,purine-containing compound metabolic process,purine-containing compound metabolic process,0.9409512285927029,0.27190000000000003,0
GO:0008380,59,GO:0006396,316,207,RNA splicing,RNA processing,0.9060247580044676,0.39021875000000006,0.838
GO:0010563,50,GO:0051174,316,12,negative regulation of phosphorus metabolic process,regulation of phosphorus metabolic process,0.872349962769918,0.3187368421052632,0.902
GO:0045936,50,GO:0051174,316,12,negative regulation of phosphate metabolic process,regulation of phosphorus metabolic process,0.8723374906924795,0.3186315789473684,0.902
GO:1903530,66,GO:0046903,316,68,regulation of secretion by cell,secretion,0.8845979151154133,0.23363636363636364,0.882
GO:0032101,38,GO:0009605,315,126,regulation of response to external stimulus,response to external stimulus,0.9066102010424423,0.38626666666666665,0.779
GO:0030029,96,GO:0030029,314,224,actin filament-based process,actin filament-based process,0.9819674236783321,0.3047894736842105,0
GO:0048285,97,GO:0048285,314,218,organelle fission,organelle fission,0.9246781459419211,0.2779285714285714,0
GO:0006897,89,GO:0098657,314,182,endocytosis,import into cell,0.9356883842144452,0.26588888888888884,0.971
GO:0043086,27,GO:0065009,313,1,negative regulation of catalytic activity,regulation of molecular function,0.9589644452717796,0.2964915254237288,0.753
GO:0008285,56,GO:0042127,313,8,negative regulation of cell population proliferation,regulation of cell population proliferation,0.927252792256143,0.2922,0.87
GO:0007507,79,GO:0072359,312,1,heart development,circulatory system development,0.961759121370067,0.1479999999999999,0.966
GO:0010256,98,GO:0010256,311,161,endomembrane system organization,endomembrane system organization,0.9385696202531646,0.3351764705882353,0
GO:0042330,52,GO:0040011,311,127,taxis,locomotion,0.9571219285182427,0.31525000000000003,0.862
GO:0019693,58,GO:1901135,310,141,ribose phosphate metabolic process,carbohydrate derivative metabolic process,0.9116213700670142,0.42594,0.843
GO:0061564,11,GO:0048731,310,209,axon development,system development,0.8808423306031273,0.42538297872340425,0.808
GO:0098771,45,GO:0042592,310,104,inorganic ion homeostasis,homeostatic process,0.9890666418466121,0.27407575757575753,0.916
GO:0043408,20,GO:0023052,304,37,regulation of MAPK cascade,signaling,0.8947583767684288,0.39278,0.453
GO:0009886,64,GO:0009791,303,21,post-embryonic animal morphogenesis,post-embryonic development,0.9555841399851079,0.3789,0.678
GO:0022604,28,GO:0050793,302,29,regulation of cell morphogenesis,regulation of developmental process,0.9168812360387193,0.40990196078431373,0.693
GO:0006979,99,GO:0006979,302,141,response to oxidative stress,response to oxidative stress,0.9598315338793746,0.26270588235294123,0
GO:0051347,27,GO:0065009,300,7,positive regulation of transferase activity,regulation of molecular function,0.9539918093819806,0.20313559322033903,0.851
GO:0002684,41,GO:0002376,299,14,positive regulation of immune system process,immune system process,0.9291801935964259,0.2190333333333333,0.711
GO:0000280,97,GO:0048285,298,203,nuclear division,organelle fission,0.9249145569620253,0.27114285714285713,0.981
GO:0061458,11,GO:0048731,297,151,reproductive system development,system development,0.9489058078927773,0.4661063829787234,0.732
GO:0051301,100,GO:0051301,297,270,cell division,cell division,0.9850923306031273,0.3312857142857143,0
GO:0050769,28,GO:0050793,297,26,positive regulation of neurogenesis,regulation of developmental process,0.8718145941921072,0.2678627450980392,0.675
GO:0009259,58,GO:1901135,296,137,ribonucleotide metabolic process,carbohydrate derivative metabolic process,0.870538905435592,0.41442999999999997,0.841
GO:0006163,95,GO:0072521,296,158,purine nucleotide metabolic process,purine-containing compound metabolic process,0.8767449739389427,0.27160000000000006,0.956
GO:0050776,41,GO:0002376,296,23,regulation of immune response,immune system process,0.9149117647058823,0.2190333333333333,0.743
GO:0048608,11,GO:0048731,295,151,reproductive structure development,system development,0.9364128816083396,0.4661063829787234,0.732
GO:0032787,35,GO:0044281,295,234,monocarboxylic acid metabolic process,small molecule metabolic process,0.9050340655249441,0.3575625,0.779
GO:0051493,24,GO:0051128,294,120,regulation of cytoskeleton organization,regulation of cellular component organization,0.8728927773641102,0.31237499999999996,0.807
GO:0055080,45,GO:0042592,294,137,monoatomic cation homeostasis,homeostatic process,0.9889467609828742,0.2637424242424242,0.94
GO:0009611,101,GO:0009611,294,52,response to wounding,response to wounding,0.9615104244229338,0.20950000000000002,0
GO:0000375,59,GO:0006396,293,162,"RNA splicing, via transesterification reactions",RNA processing,0.9087805286671631,0.39549999999999996,0.797
GO:0072594,29,GO:0033036,293,136,establishment of protein localization to organelle,macromolecule localization,0.92666269545793,0.38536290322580646,0.736
GO:0032870,54,GO:0009719,293,36,cellular response to hormone stimulus,response to endogenous stimulus,0.943473008190618,0.19563414634146337,0.921
GO:0007409,23,GO:0009653,290,178,axonogenesis,anatomical structure morphogenesis,0.8790947505584512,0.38696153846153847,0.808
GO:0033044,24,GO:0051128,290,49,regulation of chromosome organization,regulation of cellular component organization,0.8789774758004467,0.294625,0.745
GO:0002164,64,GO:0009791,290,475,larval development,post-embryonic development,0.9489508562918838,0.2915,0.97
GO:0000377,59,GO:0006396,289,162,"RNA splicing, via transesterification reactions with bulged adenosine as nucleophile",RNA processing,0.9088116157855547,0.39568749999999997,0.797
GO:0000398,59,GO:0006396,289,162,"mRNA splicing, via spliceosome",RNA processing,0.9063116157855547,0.38093750000000004,0.797
GO:0009150,58,GO:1901135,286,126,purine ribonucleotide metabolic process,carbohydrate derivative metabolic process,0.8706263961280715,0.41396999999999995,0.826
GO:0002064,33,GO:0009888,286,11,epithelial cell development,tissue development,0.9542580044676098,0.3303584905660377,0.756
GO:0044782,49,GO:0030030,285,82,cilium organization,cell projection organization,0.9264454579300074,0.40555555555555556,0.827
GO:0031346,24,GO:0051128,285,58,positive regulation of cell projection organization,regulation of cellular component organization,0.8647265450483991,0.31484375,0.766
GO:0034655,32,GO:0009056,284,178,nucleobase-containing compound catabolic process,catabolic process,0.9051526433358154,0.39355555555555555,0.753
GO:0072657,102,GO:0072657,282,134,protein localization to membrane,protein localization to membrane,0.9297116530156366,0.25252173913043474,0
GO:0060249,45,GO:0042592,281,8,anatomical structure homeostasis,homeostatic process,0.9693069620253164,0.3840454545454546,0.712
GO:0034248,74,GO:0043603,279,3,regulation of amide metabolic process,amide metabolic process,0.9160320178704393,0.41459999999999997,0.683
GO:0045165,103,GO:0045165,279,246,cell fate commitment,cell fate commitment,0.9499415487714074,0.30957894736842106,0
GO:0030036,96,GO:0030029,279,220,actin cytoskeleton organization,actin filament-based process,0.9228082650781831,0.3028421052631579,0.981
GO:0006935,52,GO:0040011,278,116,chemotaxis,locomotion,0.9479028294862248,0.31495833333333334,0.853
GO:0009617,82,GO:0009607,277,189,response to bacterium,response to biotic stimulus,0.9593691362620997,0.30766666666666664,0.874
GO:1901987,46,GO:0007049,277,98,regulation of cell cycle phase transition,cell cycle,0.9077498138495905,0.27365625000000005,0.705
GO:0032535,13,GO:0065008,276,100,regulation of cellular component size,regulation of biological quality,0.8977946760982874,0.44001449275362314,0.794
GO:0060271,49,GO:0030030,276,79,cilium assembly,cell projection organization,0.9173626209977662,0.3577592592592592,0.8
GO:0006873,45,GO:0042592,274,118,intracellular monoatomic ion homeostasis,homeostatic process,0.9887820178704393,0.25610606060606056,0.917
GO:0010817,13,GO:0065008,273,25,regulation of hormone levels,regulation of biological quality,0.9459303797468355,0.43292753623188407,0.686
GO:0040017,52,GO:0040011,273,125,positive regulation of locomotion,locomotion,0.9238346984363366,0.38016666666666665,0.824
GO:0032386,31,GO:0032879,273,47,regulation of intracellular transport,regulation of localization,0.8773950111690245,0.33118666666666663,0.796
GO:0042326,50,GO:0051174,272,7,negative regulation of phosphorylation,regulation of phosphorus metabolic process,0.8762557706626954,0.3276842105263158,0.868
GO:0010639,24,GO:0051128,271,71,negative regulation of organelle organization,regulation of cellular component organization,0.8589296351451974,0.27556250000000004,0.766
GO:0043043,91,GO:0006518,270,5,peptide biosynthetic process,peptide metabolic process,0.9519480640357408,0.24739999999999995,0.907
GO:0009416,47,GO:0009628,269,35,response to light stimulus,response to abiotic stimulus,0.9652459046909904,0.34995833333333337,0.793
GO:0045927,67,GO:0040008,269,92,positive regulation of growth,regulation of growth,0.923939314966493,0.233578947368421,0.933
GO:0098655,72,GO:0006811,268,347,monoatomic cation transmembrane transport,monoatomic ion transport,0.9364986969471333,0.3434883720930233,0.813
GO:1901652,86,GO:0034097,265,5,response to peptide,response to cytokine,0.9668088235294118,0.16225,1
GO:0045787,46,GO:0007049,264,73,positive regulation of cell cycle,cell cycle,0.8913244601638124,0.36528906250000004,0.688
GO:0051052,70,GO:0006259,263,47,regulation of DNA metabolic process,DNA metabolic process,0.8723229709605361,0.3976574074074074,0.728
GO:0043254,17,GO:0044085,262,55,regulation of protein-containing complex assembly,cellular component biogenesis,0.8773387937453463,0.34835294117647053,0.651
GO:0042176,62,GO:0009894,262,65,regulation of protein catabolic process,regulation of catabolic process,0.8616332836932241,0.27281818181818185,0.908
GO:0001558,67,GO:0040008,262,58,regulation of cell growth,regulation of growth,0.8864313104988831,0.20276315789473687,0.891
GO:0090596,15,GO:0048513,261,27,sensory organ morphogenesis,animal organ development,0.9624927401340283,0.3194705882352942,0.715
GO:0051259,36,GO:0043933,260,56,protein complex oligomerization,protein-containing complex organization,0.9317583767684289,0.4153548387096774,0.772
GO:0044282,37,GO:0044248,259,174,small molecule catabolic process,cellular catabolic process,0.8969834326135517,0.2692,0.594
GO:0030003,45,GO:0042592,259,118,intracellular monoatomic cation homeostasis,homeostatic process,0.9887702903946388,0.25515151515151513,0.917
GO:0006091,104,GO:0006091,259,143,generation of precursor metabolites and energy,generation of precursor metabolites and energy,0.9502405063291139,0.23273913043478256,0
GO:0007548,44,GO:0003006,257,271,sex differentiation,developmental process involved in reproduction,0.9532838793745346,0.34244117647058825,0.888
GO:1901990,46,GO:0007049,255,56,regulation of mitotic cell cycle phase transition,cell cycle,0.9109128816083395,0.28060937500000005,0.65
GO:0021700,105,GO:0021700,254,61,developmental maturation,developmental maturation,0.9700396500372301,0.1733636363636364,0
GO:0098660,106,GO:0098660,253,428,inorganic ion transmembrane transport,inorganic ion transmembrane transport,0.937653946388682,0.418625,0
GO:0048568,15,GO:0048513,253,40,embryonic organ development,animal organ development,0.9542507446016382,0.3799411764705882,0.743
GO:0006412,107,GO:0006412,252,363,translation,translation,0.910505956813105,0.41308333333333336,0
GO:0051321,39,GO:0044703,252,225,meiotic cell cycle,multi-organism reproductive process,0.9482168652271035,0.361175,0.467
GO:0045666,28,GO:0050793,251,3,positive regulation of neuron differentiation,regulation of developmental process,0.8948890543559196,0.4518823529411765,0.55
GO:0048193,40,GO:0016192,251,116,Golgi vesicle transport,vesicle-mediated transport,0.9399089724497394,0.4031851851851852,0.785
GO:0010498,32,GO:0009056,251,209,proteasomal protein catabolic process,catabolic process,0.9089153015636634,0.3773333333333333,0.733
GO:0007600,55,GO:0003008,251,426,sensory perception,system process,0.9639947877885331,0.37601428571428575,0.912
GO:0033674,27,GO:0065009,251,5,positive regulation of kinase activity,regulation of molecular function,0.8737753164556962,0.21140677966101695,0.833
GO:0070848,54,GO:0009719,251,49,response to growth factor,response to endogenous stimulus,0.9660681310498883,0.16382926829268296,0.954
GO:0030001,72,GO:0006811,249,321,metal ion transport,monoatomic ion transport,0.9461734921816828,0.33676744186046514,0.843
GO:0071900,27,GO:0065009,249,9,regulation of protein serine/threonine kinase activity,regulation of molecular function,0.8643803052866716,0.2087457627118644,0.866
GO:0022411,108,GO:0022411,248,118,cellular component disassembly,cellular component disassembly,0.9377481384959047,0.26184444444444444,0
GO:0001933,50,GO:0051174,246,6,negative regulation of protein phosphorylation,regulation of phosphorus metabolic process,0.8546641846612062,0.3282105263157895,0.86
GO:0071363,54,GO:0009719,246,49,cellular response to growth factor stimulus,response to endogenous stimulus,0.9660618019359642,0.16314634146341467,0.954
GO:0005975,109,GO:0005975,244,266,carbohydrate metabolic process,carbohydrate metabolic process,0.9380316455696203,0.31778571428571434,0
GO:0099536,81,GO:0007267,244,281,synaptic signaling,cell-cell signaling,0.9218371183916605,0.2938076923076923,0.977
GO:0050890,55,GO:0003008,243,61,cognition,system process,0.9680478406552494,0.4141,0.751
GO:0007169,53,GO:0007166,243,117,cell surface receptor protein tyrosine kinase signaling pathway,cell surface receptor signaling pathway,0.9049257259865972,0.37674576271186444,0.82
GO:0010038,110,GO:0010038,243,69,response to metal ion,response to metal ion,0.9584447133283693,0.23336,0
GO:0099537,81,GO:0007267,242,275,trans-synaptic signaling,cell-cell signaling,0.9219746835443038,0.2910384615384616,0.973
GO:0010506,62,GO:0009894,242,45,regulation of autophagy,regulation of catabolic process,0.8843482874162323,0.25068181818181823,0.888
GO:0051051,31,GO:0032879,241,35,negative regulation of transport,regulation of localization,0.8838363737900223,0.33329333333333333,0.752
GO:0016050,98,GO:0010256,240,101,vesicle organization,endomembrane system organization,0.9333776991809382,0.5180588235294118,0.356
GO:0098916,81,GO:0007267,240,275,anterograde trans-synaptic signaling,cell-cell signaling,0.9219746835443038,0.2910384615384616,0.973
GO:0007268,81,GO:0007267,240,275,chemical synaptic transmission,cell-cell signaling,0.9219746835443038,0.2910384615384616,0.973
GO:0045862,26,GO:0051246,240,45,positive regulation of proteolysis,regulation of protein metabolic process,0.861690059568131,0.2735238095238095,0.835
GO:0043434,54,GO:0009719,236,21,response to peptide hormone,response to endogenous stimulus,0.9548631794489948,0.2084634146341463,0.89
GO:0006605,29,GO:0033036,235,87,protein targeting,macromolecule localization,0.9308937081161579,0.46998387096774197,0.702
GO:0051961,28,GO:0050793,235,17,negative regulation of nervous system development,regulation of developmental process,0.8876747952345495,0.34592156862745094,0.651
GO:0006417,90,GO:0010608,235,110,regulation of translation,post-transcriptional regulation of gene expression,0.8618093819806404,0.3406190476190476,0.926
GO:0042254,87,GO:0022613,235,192,ribosome biogenesis,ribonucleoprotein complex biogenesis,0.9291437081161579,0.32634482758620686,0.964
GO:0006790,111,GO:0006790,234,214,sulfur compound metabolic process,sulfur compound metabolic process,0.9452459046909903,0.3296904761904762,0
GO:0045860,27,GO:0065009,234,5,positive regulation of protein kinase activity,regulation of molecular function,0.852286113179449,0.21140677966101695,0.833
GO:0007611,55,GO:0003008,233,57,learning or memory,system process,0.965111504095309,0.4166142857142857,0.742
GO:0031347,16,GO:0048583,233,25,regulation of defense response,regulation of response to stimulus,0.913120997766195,0.3145652173913044,0.688
GO:0071496,38,GO:0009605,232,1,cellular response to external stimulus,response to external stimulus,0.9731965748324646,0.6041333333333334,0.484
GO:0008340,4,GO:0032501,231,261,determination of adult lifespan,multicellular organismal process,0.9717319434102755,0.7635000000000001,0.473
GO:0043161,32,GO:0009056,231,158,proteasome-mediated ubiquitin-dependent protein catabolic process,catabolic process,0.911298399106478,0.37311111111111106,0.7
GO:1903046,39,GO:0044703,231,161,meiotic cell cycle process,multi-organism reproductive process,0.9467105361131795,0.34665,0.452
GO:0097435,112,GO:0097435,231,204,supramolecular fiber organization,supramolecular fiber organization,0.9351755398361876,0.3123225806451613,0
GO:0042060,101,GO:0009611,231,8,wound healing,response to wounding,0.9666887565152643,0.2665833333333334,0.843
GO:0046486,63,GO:0006629,230,154,glycerolipid metabolic process,lipid metabolic process,0.9298345122859271,0.4240487804878049,0.79
GO:0098662,106,GO:0098660,230,321,inorganic cation transmembrane transport,inorganic ion transmembrane transport,0.9386906180193596,0.40012500000000006,0.95
GO:0044057,55,GO:0003008,229,80,regulation of system process,system process,0.9184851079672375,0.3897571428571429,0.765
GO:0071396,14,GO:0042221,228,3,cellular response to lipid,response to chemical,0.9550016753536857,0.553016129032258,0.494
GO:0007163,113,GO:0007163,227,110,establishment or maintenance of cell polarity,establishment or maintenance of cell polarity,0.9887954206999255,0.2808666666666666,0
GO:0007018,68,GO:0007017,226,91,microtubule-based movement,microtubule-based process,0.9749663067758749,0.3527083333333333,0.844
GO:0051098,27,GO:0065009,226,3,regulation of binding,regulation of molecular function,0.956798399106478,0.2881694915254237,0.806
GO:2001233,48,GO:0043067,225,25,regulation of apoptotic signaling pathway,regulation of programmed cell death,0.8966517125837676,0.23418000000000005,0.85
GO:0048592,85,GO:0001654,224,1,eye morphogenesis,eye development,0.9591827997021594,0.18900000000000006,0.966
GO:0070482,47,GO:0009628,222,52,response to oxygen levels,response to abiotic stimulus,0.9656599032017871,0.3722291666666666,0.799
GO:0019216,63,GO:0006629,221,33,regulation of lipid metabolic process,lipid metabolic process,0.8849825018615041,0.46552439024390246,0.644
GO:0040029,83,GO:0006325,221,92,epigenetic regulation of gene expression,chromatin organization,0.8501007073715562,0.2848125,0.868
GO:0030155,114,GO:0030155,221,15,regulation of cell adhesion,regulation of cell adhesion,0.9439210722263589,0.26930769230769236,0
GO:0043269,31,GO:0032879,220,26,regulation of monoatomic ion transport,regulation of localization,0.9036213700670142,0.31234666666666666,0.742
GO:0001944,79,GO:0072359,220,1,vasculature development,circulatory system development,0.963289277736411,0.09999999999999998,0.966
GO:0006644,63,GO:0006629,219,179,phospholipid metabolic process,lipid metabolic process,0.9055530528667163,0.4242560975609756,0.814
GO:0051169,115,GO:0051169,219,89,nuclear transport,nuclear transport,0.9320011169024571,0.38863157894736844,0
GO:0007059,46,GO:0007049,219,185,chromosome segregation,cell cycle,0.9580035368577811,0.377375,0.785
GO:0006913,115,GO:0051169,216,89,nucleocytoplasmic transport,nuclear transport,0.9321113179448994,0.3888070175438596,0.994
GO:1904951,31,GO:0032879,216,28,positive regulation of establishment of protein localization,regulation of localization,0.8675312732688012,0.35888,0.733
GO:0010948,46,GO:0007049,214,87,negative regulation of cell cycle process,cell cycle,0.8884389426656738,0.30267187500000003,0.69
GO:0010721,28,GO:0050793,213,21,negative regulation of cell development,regulation of developmental process,0.8856723752792256,0.3250392156862745,0.662
GO:0050803,13,GO:0065008,212,56,regulation of synapse structure or activity,regulation of biological quality,0.9426941548771407,0.47278260869565214,0.761
GO:0010976,24,GO:0051128,212,42,positive regulation of neuron projection development,regulation of cellular component organization,0.8330718540580789,0.32978125,0.736
GO:0043087,27,GO:0065009,212,19,regulation of GTPase activity,regulation of molecular function,0.9515895383469843,0.2127118644067797,0.919
GO:0006820,72,GO:0006811,210,107,monoatomic anion transport,monoatomic ion transport,0.9530026061057334,0.49239534883720926,0.711
GO:0097485,23,GO:0009653,209,141,neuron projection guidance,anatomical structure morphogenesis,0.8810943782576321,0.3979615384615385,0.787
GO:0002119,64,GO:0009791,209,466,nematode larval development,post-embryonic development,0.9490234549516009,0.2912,0.968
GO:0001101,14,GO:0042221,208,10,response to acid chemical,response to chemical,0.9647745718540581,0.550741935483871,0.559
GO:0016053,35,GO:0044281,207,125,organic acid biosynthetic process,small molecule metabolic process,0.8946278853313477,0.37336250000000004,0.734
GO:0046394,35,GO:0044281,207,124,carboxylic acid biosynthetic process,small molecule metabolic process,0.8944086001489203,0.3683875,0.733
GO:0006520,116,GO:0006520,207,187,amino acid metabolic process,amino acid metabolic process,0.9294858525688756,0.33594642857142853,0
GO:0097305,14,GO:0042221,206,8,response to alcohol,response to chemical,0.9623641102010424,0.45195161290322583,0.541
GO:0001667,69,GO:0048870,206,25,ameboidal-type cell migration,cell motility,0.9872097915115413,0.40926829268292686,0.768
GO:0006403,117,GO:0006403,206,66,RNA localization,RNA localization,0.9487555845122859,0.253,0
GO:0062012,118,GO:0062012,206,29,regulation of small molecule metabolic process,regulation of small molecule metabolic process,0.8711898734177215,0.20440000000000003,0
GO:0031647,13,GO:0065008,204,43,regulation of protein stability,regulation of biological quality,0.9460878629932986,0.5028115942028986,0.713
GO:0099177,22,GO:0010646,204,100,regulation of trans-synaptic signaling,regulation of cell communication,0.9136280714817573,0.2743333333333333,0.835
GO:0050804,22,GO:0010646,204,100,modulation of chemical synaptic transmission,regulation of cell communication,0.9136280714817573,0.2743333333333333,0.835
GO:0001568,79,GO:0072359,204,1,blood vessel development,circulatory system development,0.963289277736411,0.09999999999999998,0.966
GO:0071826,36,GO:0043933,203,91,protein-RNA complex organization,protein-containing complex organization,0.9350852568875652,0.4260967741935484,0.828
GO:0007411,23,GO:0009653,203,140,axon guidance,anatomical structure morphogenesis,0.8809553239017126,0.395,0.787
GO:0034976,5,GO:0050896,202,235,response to endoplasmic reticulum stress,response to stimulus,0.9414715189873417,0.417875,0.436
GO:0009100,58,GO:1901135,202,178,glycoprotein metabolic process,carbohydrate derivative metabolic process,0.9107686150409531,0.39803999999999995,0.859
GO:0009952,73,GO:0007389,202,66,anterior/posterior pattern specification,pattern specification process,0.9551537602382725,0.2179333333333333,0.924
GO:0030111,53,GO:0007166,201,40,regulation of Wnt signaling pathway,cell surface receptor signaling pathway,0.8955383469843634,0.408542372881356,0.743
GO:0042594,84,GO:0031667,201,67,response to starvation,response to nutrient levels,0.9614914370811616,0.24328571428571433,0.972
GO:0050778,41,GO:0002376,201,13,positive regulation of immune response,immune system process,0.90116269545793,0.21614999999999995,0.707
GO:0009895,62,GO:0009894,200,33,negative regulation of catabolic process,regulation of catabolic process,0.8689238644825019,0.24618181818181817,0.861
GO:0104004,119,GO:0104004,200,23,cellular response to environmental stimulus,cellular response to environmental stimulus,0.9585227103499627,0.17474999999999996,0
GO:0071214,119,GO:0104004,200,23,cellular response to abiotic stimulus,cellular response to environmental stimulus,0.9546187639612808,0.17474999999999996,0.999
GO:2000147,69,GO:0048870,199,33,positive regulation of cell motility,cell motility,0.9145046537602383,0.3422195121951219,0.798
GO:0098542,82,GO:0009607,199,470,defense response to other organism,response to biotic stimulus,0.9488082650781832,0.3317777777777777,0.98
GO:0009798,73,GO:0007389,198,71,axis specification,pattern specification process,0.9546494787788533,0.2113666666666667,0.937
GO:0048469,105,GO:0021700,198,54,cell maturation,developmental maturation,0.9514923678332092,0.1673181818181818,0.99
GO:0051222,31,GO:0032879,197,19,positive regulation of protein transport,regulation of localization,0.8637410647803425,0.3241333333333334,0.709
GO:0030335,69,GO:0048870,196,31,positive regulation of cell migration,cell motility,0.9149020848845868,0.33997560975609753,0.793
GO:0035282,73,GO:0007389,196,35,segmentation,pattern specification process,0.9572144452717796,0.2315666666666667,0.868
GO:0043410,20,GO:0023052,195,17,positive regulation of MAPK cascade,signaling,0.8827531645569621,0.40888,0.409
GO:0036293,47,GO:0009628,195,33,response to decreased oxygen levels,response to abiotic stimulus,0.9667732688011914,0.38468749999999996,0.762
GO:0044770,46,GO:0007049,195,120,cell cycle phase transition,cell cycle,0.9587963514519732,0.32702343749999996,0.727
GO:0045930,46,GO:0007049,195,55,negative regulation of mitotic cell cycle,cell cycle,0.8922743857036486,0.31974218750000005,0.658
GO:0001817,120,GO:0001817,195,2,regulation of cytokine production,regulation of cytokine production,0.8874000372300819,0.11783333333333335,0
GO:0002791,43,GO:0071705,194,3,regulation of peptide secretion,nitrogen compound transport,0.9086574832464631,0.483275,0.541
GO:0050807,13,GO:0065008,194,50,regulation of synapse organization,regulation of biological quality,0.8792533507073715,0.47514492753623183,0.755
GO:0006401,32,GO:0009056,194,115,RNA catabolic process,catabolic process,0.9004748696947134,0.32628888888888885,0.708
GO:0048639,67,GO:0040008,194,72,positive regulation of developmental growth,regulation of growth,0.8983631794489948,0.23173684210526313,0.906
GO:0043687,19,GO:0043412,193,262,post-translational protein modification,macromolecule modification,0.9204078555472822,0.4571808510638298,0.789
GO:0007626,65,GO:0007610,193,77,locomotory behavior,behavior,0.970003164556962,0.40853125,0.745
GO:0044419,121,GO:0044419,192,472,biological process involved in interspecies interaction between organisms,biological process involved in interspecies interaction between organisms,0.9924335443037975,0.4679444444444444,0
GO:1903311,71,GO:0016071,192,78,regulation of mRNA metabolic process,mRNA metabolic process,0.8709113924050633,0.2515172413793103,0.815
GO:1903829,31,GO:0032879,190,73,positive regulation of protein localization,regulation of localization,0.8605977289650037,0.3542266666666667,0.809
GO:0032259,122,GO:0032259,190,174,methylation,methylation,0.9531137379002234,0.33299999999999996,0
GO:0045926,67,GO:0040008,190,22,negative regulation of growth,regulation of growth,0.9279618391660461,0.28805263157894734,0.824
GO:2000241,39,GO:0044703,189,183,regulation of reproductive process,multi-organism reproductive process,0.9308004467609828,0.445275,0.449
GO:0009266,47,GO:0009628,189,120,response to temperature stimulus,response to abiotic stimulus,0.9635835815338794,0.3691875,0.873
GO:1901293,76,GO:0055086,189,155,nucleoside phosphate biosynthetic process,nucleobase-containing small molecule metabolic process,0.868780156366344,0.3522666666666666,0.914
GO:0051648,75,GO:0051640,189,75,vesicle localization,organelle localization,0.9505,0.31789041095890413,0.867
GO:0044403,121,GO:0044419,188,1,biological process involved in symbiotic interaction,biological process involved in interspecies interaction between organisms,0.9944069247952345,0.4565555555555556,0.533
GO:0090068,46,GO:0007049,188,58,positive regulation of cell cycle process,cell cycle,0.8909264705882353,0.3356640625,0.668
GO:0016072,123,GO:0016072,188,148,rRNA metabolic process,rRNA metabolic process,0.9201148548026805,0.3160833333333334,0
GO:0050878,13,GO:0065008,187,5,regulation of body fluid levels,regulation of biological quality,0.9521731198808637,0.5591159420289855,0.605
GO:1903320,26,GO:0051246,187,15,regulation of protein modification by small protein conjugation or removal,regulation of protein metabolic process,0.8836001489203276,0.3031666666666667,0.761
GO:0022618,36,GO:0043933,186,88,protein-RNA complex assembly,protein-containing complex organization,0.9265342516753536,0.4060967741935484,0.825
GO:0009165,76,GO:0055086,186,120,nucleotide biosynthetic process,nucleobase-containing small molecule metabolic process,0.8697112807148175,0.3468545454545454,0.894
GO:0007155,114,GO:0030155,186,103,cell adhesion,regulation of cell adhesion,0.9882699180938198,0.2869615384615385,0.826
GO:0031503,124,GO:0031503,186,65,protein-containing complex localization,protein-containing complex localization,0.9582673119880863,0.254625,0
GO:0006650,63,GO:0006629,185,130,glycerophospholipid metabolic process,lipid metabolic process,0.907201600893522,0.40406707317073165,0.776
GO:0001666,47,GO:0009628,185,30,response to hypoxia,response to abiotic stimulus,0.9599946016381236,0.3870625,0.757
GO:0050768,28,GO:0050793,185,14,negative regulation of neurogenesis,regulation of developmental process,0.8736872673119881,0.2746862745098039,0.643
GO:0031669,84,GO:0031667,185,35,cellular response to nutrient levels,response to nutrient levels,0.9575208488458674,0.2506666666666666,0.919
GO:0045137,44,GO:0003006,184,110,development of primary sexual characteristics,developmental process involved in reproduction,0.9425645941921073,0.34582352941176475,0.804
GO:0140013,39,GO:0044703,184,128,meiotic nuclear division,multi-organism reproductive process,0.9000644080416977,0.34530000000000005,0.44
GO:0051650,75,GO:0051640,184,69,establishment of vesicle localization,organelle localization,0.9292944899478779,0.30004109589041095,0.862
GO:0043547,27,GO:0065009,184,13,positive regulation of GTPase activity,regulation of molecular function,0.9526705137751303,0.212864406779661,0.888
GO:0070646,19,GO:0043412,183,51,protein modification by small protein removal,macromolecule modification,0.9303266939687267,0.5007659574468085,0.633
GO:0098813,46,GO:0007049,183,148,nuclear chromosome segregation,cell cycle,0.9582351079672375,0.37893750000000004,0.761
GO:0034762,31,GO:0032879,183,19,regulation of transmembrane transport,regulation of localization,0.8959076693968727,0.3553466666666667,0.712
GO:0030100,31,GO:0032879,183,52,regulation of endocytosis,regulation of localization,0.8393406552494416,0.35463999999999996,0.803
GO:0044772,46,GO:0007049,183,75,mitotic cell cycle phase transition,cell cycle,0.9585288533134773,0.3205234375,0.68
GO:0008406,44,GO:0003006,182,110,gonad development,developmental process involved in reproduction,0.9355757632166791,0.3435,0.804
GO:0051047,66,GO:0046903,182,36,positive regulation of secretion,secretion,0.8814677959791511,0.2743333333333333,0.842
GO:0016197,115,GO:0051169,181,100,endosomal transport,nuclear transport,0.9277773641102011,0.410140350877193,0.673
GO:0051090,27,GO:0065009,181,6,regulation of DNA-binding transcription factor activity,regulation of molecular function,0.8836368205510052,0.28262711864406775,0.843
GO:0042692,94,GO:0061061,181,76,muscle cell differentiation,muscle structure development,0.9523458674609084,0.24496666666666667,0.959
GO:0008361,13,GO:0065008,180,66,regulation of cell size,regulation of biological quality,0.9010521221146687,0.4548550724637681,0.756
GO:0009123,76,GO:0055086,180,38,nucleoside monophosphate metabolic process,nucleobase-containing small molecule metabolic process,0.8902777364110201,0.3936121212121212,0.766
GO:0006631,35,GO:0044281,180,181,fatty acid metabolic process,small molecule metabolic process,0.8906215562174237,0.35595,0.753
GO:1903706,92,GO:0030097,180,1,regulation of hemopoiesis,hemopoiesis,0.903855174981385,0.09044444444444444,0.966
GO:0048545,14,GO:0042221,179,3,response to steroid hormone,response to chemical,0.9640046537602383,0.6210483870967742,0.494
GO:0050708,29,GO:0033036,179,14,regulation of protein secretion,macromolecule localization,0.8792274758004468,0.4594758064516129,0.567
GO:0015711,125,GO:0015711,179,163,organic anion transport,organic anion transport,0.9485789277736411,0.3286428571428571,0
GO:0045732,62,GO:0009894,179,48,positive regulation of protein catabolic process,regulation of catabolic process,0.8458393521965748,0.2675909090909091,0.883
GO:0000209,19,GO:0043412,177,58,protein polyubiquitination,macromolecule modification,0.9297557706626954,0.5021595744680851,0.644
GO:0048871,45,GO:0042592,177,14,multicellular organismal-level homeostasis,homeostatic process,0.9680448622486969,0.3649545454545454,0.752
GO:0032886,68,GO:0007017,177,67,regulation of microtubule-based process,microtubule-based process,0.9259316827997022,0.2789583333333333,0.786
GO:0043010,85,GO:0001654,177,1,camera-type eye development,eye development,0.9620303425167536,0.18900000000000006,0.966
GO:0015931,43,GO:0071705,173,105,nucleobase-containing compound transport,nitrogen compound transport,0.9449227475800447,0.449975,0.787
GO:0032970,96,GO:0030029,173,75,regulation of actin filament-based process,actin filament-based process,0.9319748696947133,0.2747894736842106,0.863
GO:0051783,97,GO:0048285,173,42,regulation of nuclear division,organelle fission,0.8818596425912137,0.18728571428571428,0.801
GO:0016579,19,GO:0043412,172,33,protein deubiquitination,macromolecule modification,0.9324059940431869,0.5126808510638298,0.605
GO:0006066,126,GO:0006066,172,73,alcohol metabolic process,alcohol metabolic process,0.9171146686522711,0.2083125,0
GO:0042391,13,GO:0065008,171,134,regulation of membrane potential,regulation of biological quality,0.9381505956813105,0.42156521739130437,0.865
GO:0006402,32,GO:0009056,171,92,mRNA catabolic process,catabolic process,0.8258667163067759,0.3320222222222222,0.68
GO:1903532,66,GO:0046903,171,30,positive regulation of secretion by cell,secretion,0.873078555472822,0.2667878787878788,0.815
GO:0051056,20,GO:0023052,170,51,regulation of small GTPase mediated signal transduction,signaling,0.8927637751303052,0.37734999999999996,0.467
GO:1902903,112,GO:0097435,170,70,regulation of supramolecular fiber organization,supramolecular fiber organization,0.8863633655994043,0.28774193548387095,0.871
GO:0009141,76,GO:0055086,169,73,nucleoside triphosphate metabolic process,nucleobase-containing small molecule metabolic process,0.8852137006701415,0.3819212121212121,0.816
GO:0045087,41,GO:0002376,169,334,innate immune response,immune system process,0.9437654504839911,0.36211666666666664,0.977
GO:0033157,31,GO:0032879,169,13,regulation of intracellular protein transport,regulation of localization,0.8805020476545048,0.34575999999999996,0.687
GO:0016331,33,GO:0009888,169,15,morphogenesis of embryonic epithelium,tissue development,0.9522306403574088,0.322622641509434,0.778
GO:0051348,27,GO:0065009,169,1,negative regulation of transferase activity,regulation of molecular function,0.9585783693224125,0.26466101694915256,0.753
GO:0007584,84,GO:0031667,168,1,response to nutrient,response to nutrient levels,0.9687572598659717,0.41666666666666663,0.717
GO:0009161,76,GO:0055086,168,28,ribonucleoside monophosphate metabolic process,nucleobase-containing small molecule metabolic process,0.8923797468354431,0.4021818181818182,0.744
GO:0032868,54,GO:0009719,167,20,response to insulin,response to endogenous stimulus,0.9549564408041697,0.20963414634146338,0.887
GO:0071375,54,GO:0009719,167,21,cellular response to peptide hormone stimulus,response to endogenous stimulus,0.9416509679821295,0.2068292682926829,0.89
GO:0071103,57,GO:0051276,166,8,DNA conformation change,chromosome organization,0.9415413253909158,0.4628095238095238,0.703
GO:0018205,19,GO:0043412,166,19,peptidyl-lysine modification,macromolecule modification,0.9314676098287417,0.4304787234042553,0.603
GO:0006260,70,GO:0006259,166,108,DNA replication,DNA metabolic process,0.9179255398361876,0.3965833333333333,0.817
GO:0048562,15,GO:0048513,166,32,embryonic organ morphogenesis,animal organ development,0.9498737900223381,0.3338823529411765,0.729
GO:0050808,127,GO:0050808,166,91,synapse organization,synapse organization,0.938620253164557,0.24551111111111112,0
GO:0009880,73,GO:0007389,166,48,embryonic pattern specification,pattern specification process,0.953759121370067,0.2309,0.899
GO:0015980,104,GO:0006091,166,106,energy derivation by oxidation of organic compounds,generation of precursor metabolites and energy,0.9512598659717051,0.2075217391304348,0.96
GO:0006364,123,GO:0016072,165,139,rRNA processing,rRNA metabolic process,0.8567455323901713,0.31400000000000006,0.987
GO:0043414,122,GO:0032259,165,51,macromolecule methylation,methylation,0.9382027177959792,0.2587777777777778,0.896
GO:0046395,37,GO:0044248,165,141,carboxylic acid catabolic process,cellular catabolic process,0.8936526433358154,0.23919999999999997,0.976
GO:0016054,37,GO:0044248,165,141,organic acid catabolic process,cellular catabolic process,0.8939056217423679,0.23919999999999997,0.976
GO:0008654,63,GO:0006629,164,110,phospholipid biosynthetic process,lipid metabolic process,0.8962777364110202,0.40335365853658534,0.773
GO:0007517,94,GO:0061061,164,38,muscle organ development,muscle structure development,0.9648423306031273,0.28813333333333335,0.893
GO:0031396,26,GO:0051246,163,6,regulation of protein ubiquitination,regulation of protein metabolic process,0.8901889426656738,0.3372857142857143,0.706
GO:0048514,79,GO:0072359,163,1,blood vessel morphogenesis,circulatory system development,0.9593255770662695,0.09999999999999998,0.966
GO:0051260,36,GO:0043933,162,52,protein homooligomerization,protein-containing complex organization,0.9321033134772897,0.4179354838709677,0.766
GO:0090287,54,GO:0009719,162,32,regulation of cellular response to growth factor stimulus,response to endogenous stimulus,0.917581347728965,0.17570731707317078,0.907
GO:0007051,46,GO:0007049,161,78,spindle organization,cell cycle,0.9084951600893522,0.44336718750000004,0.696
GO:0060828,53,GO:0007166,161,31,regulation of canonical Wnt signaling pathway,cell surface receptor signaling pathway,0.8978279970215934,0.4176949152542373,0.72
GO:0009126,76,GO:0055086,161,20,purine nucleoside monophosphate metabolic process,nucleobase-containing small molecule metabolic process,0.8951381236038719,0.41501212121212117,0.717
GO:0009167,76,GO:0055086,161,20,purine ribonucleoside monophosphate metabolic process,nucleobase-containing small molecule metabolic process,0.8950781831720029,0.4134969696969697,0.717
GO:0009410,128,GO:0009410,161,60,response to xenobiotic stimulus,response to xenobiotic stimulus,0.96136857781087115,0.3184,0
GO:1903050,26,GO:0051246,161,47,regulation of proteolysis involved in protein catabolic process,regulation of protein metabolic process,0.8662803425167536,0.2884285714285715,0.834
GO:0090150,102,GO:0072657,161,70,establishment of protein localization to membrane,protein localization to membrane,0.9298767684288906,0.25682608695652176,0.944
GO:0140014,97,GO:0048285,161,103,mitotic nuclear division,organelle fission,0.9115199180938198,0.25064285714285717,0.905
GO:0071902,27,GO:0065009,161,4,positive regulation of protein serine/threonine kinase activity,regulation of molecular function,0.8542088607594936,0.21901694915254233,0.821
GO:0000956,32,GO:0009056,160,71,nuclear-transcribed mRNA catabolic process,catabolic process,0.8292086746090841,0.3374222222222222,0.659
GO:0009994,30,GO:0022414,160,74,oocyte differentiation,reproductive process,0.935045234549516,0.3293055555555555,0.651
GO:0061919,129,GO:0061919,160,120,process utilizing autophagic mechanism,process utilizing autophagic mechanism,0.9869566269545793,0.29446666666666665,0
GO:0006914,129,GO:0061919,160,120,autophagy,process utilizing autophagic mechanism,0.9311677215189873,0.29446666666666665,0.992
GO:0055074,45,GO:0042592,160,51,calcium ion homeostasis,homeostatic process,0.9892887192851825,0.2935151515151515,0.848
GO:0032956,96,GO:0030029,159,71,regulation of actin cytoskeleton organization,actin filament-based process,0.8748572226358898,0.27363157894736845,0.854
GO:0016311,50,GO:0051174,158,145,dephosphorylation,regulation of phosphorus metabolic process,0.9325264333581533,0.45631578947368423,0.503
GO:1901605,116,GO:0006520,158,126,alpha-amino acid metabolic process,amino acid metabolic process,0.8974862248696948,0.3111785714285714,0.938
GO:0032984,108,GO:0022411,157,75,protein-containing complex disassembly,cellular component disassembly,0.9330720402084884,0.23115555555555556,0.943
GO:0009144,76,GO:0055086,156,63,purine nucleoside triphosphate metabolic process,nucleobase-containing small molecule metabolic process,0.886478592702904,0.38746060606060606,0.802
GO:0008544,33,GO:0009888,156,29,epidermis development,tissue development,0.9668924050632911,0.3410377358490566,0.821
GO:0055123,11,GO:0048731,155,90,digestive system development,system development,0.9511390543559196,0.4709361702127659,0.687
GO:0048515,30,GO:0022414,155,20,spermatid differentiation,reproductive process,0.9461420327624721,0.38675000000000004,0.55
GO:0009199,76,GO:0055086,155,66,ribonucleoside triphosphate metabolic process,nucleobase-containing small molecule metabolic process,0.8860104244229338,0.3850424242424242,0.807
GO:1902115,17,GO:0044085,155,40,regulation of organelle assembly,cellular component biogenesis,0.876150409530901,0.35664705882352943,0.627
GO:0007369,42,GO:0009790,155,92,gastrulation,embryo development,0.9474556962025317,0.34518181818181815,0.809
GO:0097190,48,GO:0043067,155,43,apoptotic signaling pathway,regulation of programmed cell death,0.9094776619508563,0.25998,0.736
GO:0051146,94,GO:0061061,155,57,striated muscle cell differentiation,muscle structure development,0.9532665673864482,0.2507666666666667,0.936
GO:0090130,130,GO:0090130,155,9,tissue migration,tissue migration,0.9775098659717052,0.24680000000000002,0
GO:0043405,27,GO:0065009,155,4,regulation of MAP kinase activity,regulation of molecular function,0.8707110945644081,0.24174576271186443,0.821
GO:0060537,33,GO:0009888,154,1,muscle tissue development,tissue development,0.9733873790022338,0.48145283018867924,0.639
GO:0007186,18,GO:0007154,154,849,G protein-coupled receptor signaling pathway,cell communication,0.8930532390171259,0.4580666666666666,0.707
GO:0016358,49,GO:0030030,154,28,dendrite development,cell projection organization,0.898451973194341,0.42812962962962964,0.714
GO:0016042,63,GO:0006629,153,163,lipid catabolic process,lipid metabolic process,0.9126954579300075,0.45348780487804874,0.788
GO:0048872,45,GO:0042592,153,2,homeostasis of number of cells,homeostatic process,0.971508749069248,0.4249545454545455,0.644
GO:0034599,99,GO:0006979,153,20,cellular response to oxidative stress,response to oxidative stress,0.9414482501861504,0.24888235294117644,0.833
GO:0050865,80,GO:0001775,152,2,regulation of cell activation,cell activation,0.9294977661950856,0.13247058823529412,0.917
GO:0045017,63,GO:0006629,151,107,glycerolipid biosynthetic process,lipid metabolic process,0.9195457930007446,0.4001585365853658,0.756
GO:0009101,58,GO:1901135,151,151,glycoprotein biosynthetic process,carbohydrate derivative metabolic process,0.9016902457185406,0.39235,0.845
GO:0009205,76,GO:0055086,151,62,purine ribonucleoside triphosphate metabolic process,nucleobase-containing small molecule metabolic process,0.8866081533879374,0.38740606060606064,0.801
GO:0033673,27,GO:0065009,151,1,negative regulation of kinase activity,regulation of molecular function,0.8838382352941176,0.2600338983050847,0.753
GO:0051235,131,GO:0051235,151,28,maintenance of location,maintenance of location,0.9620186150409531,0.15993749999999995,0
GO:1902275,83,GO:0006325,149,5,regulation of chromatin organization,chromatin organization,0.9079666790766939,0.432875,0.674
GO:0006457,132,GO:0006457,149,131,protein folding,protein folding,0.9204512285927029,0.3195,0
GO:0006874,45,GO:0042592,149,47,intracellular calcium ion homeostasis,homeostatic process,0.9890817200297841,0.28174242424242424,0.842
GO:0051236,117,GO:0006403,149,62,establishment of RNA localization,RNA localization,0.946949180938198,0.2512727272727273,0.994
GO:0090132,130,GO:0090130,149,9,epithelium migration,tissue migration,0.9775098659717052,0.24680000000000002,1
GO:0046649,80,GO:0001775,149,2,lymphocyte activation,cell activation,0.9644566269545793,0.11476470588235299,0.917
GO:0000165,20,GO:0023052,148,80,MAPK cascade,signaling,0.9047291511541325,0.46886000000000005,0.512
GO:0051054,70,GO:0006259,148,19,positive regulation of DNA metabolic process,DNA metabolic process,0.8612116530156366,0.42235185185185187,0.666
GO:0045088,41,GO:0002376,148,13,regulation of innate immune response,immune system process,0.9060147058823529,0.22430000000000005,0.711
GO:0032388,31,GO:0032879,147,35,positive regulation of intracellular transport,regulation of localization,0.861559940431869,0.3310266666666667,0.771
GO:0006839,133,GO:0006839,147,68,mitochondrial transport,mitochondrial transport,0.9550398361876397,0.3188333333333333,0
GO:0010631,130,GO:0090130,147,9,epithelial cell migration,tissue migration,0.9666276991809382,0.24680000000000002,1
GO:0000302,99,GO:0006979,147,37,response to reactive oxygen species,response to oxidative stress,0.9512107222635889,0.22829411764705876,0.883
GO:0002694,80,GO:0001775,147,2,regulation of leukocyte activation,cell activation,0.9210779970215934,0.09705882352941175,0.917
GO:0002521,92,GO:0030097,147,1,leukocyte differentiation,hemopoiesis,0.9624119508562918,0.08311111111111114,0.966
GO:0050657,43,GO:0071705,146,62,nucleic acid transport,nitrogen compound transport,0.9473406552494416,0.47397500000000004,0.731
GO:0006302,70,GO:0006259,146,80,double-strand break repair,DNA metabolic process,0.8807738272524199,0.42193518518518514,0.773
GO:0009953,73,GO:0007389,146,1,dorsal/ventral pattern formation,pattern specification process,0.9660593819806403,0.4119666666666667,0.669
GO:0070507,68,GO:0007017,146,43,regulation of microtubule cytoskeleton organization,microtubule-based process,0.8754864110201043,0.2812916666666666,0.741
GO:0050658,117,GO:0006403,146,62,RNA transport,RNA localization,0.9387976545048399,0.2512727272727273,0.994
GO:0048565,11,GO:0048731,145,90,digestive tract development,system development,0.9501342144452718,0.4709361702127659,0.687
GO:0010959,31,GO:0032879,145,21,regulation of metal ion transport,regulation of localization,0.9035867460908414,0.31545333333333336,0.731
GO:1901654,14,GO:0042221,144,2,response to ketone,response to chemical,0.9656411020104244,0.5075645161290323,0.479
GO:0045995,28,GO:0050793,144,32,regulation of embryonic development,regulation of developmental process,0.9086116902457185,0.3817058823529411,0.68
GO:0002237,82,GO:0009607,144,2,response to molecule of bacterial origin,response to biotic stimulus,0.9700495160089352,0.36944444444444446,0.562
GO:0098727,135,GO:0098727,144,7,maintenance of cell number,maintenance of cell number,0.9764785927029039,0.279,0
GO:0000075,46,GO:0007049,144,61,cell cycle checkpoint signaling,cell cycle,0.8611250930752048,0.26665625000000004,0.668
GO:0051606,134,GO:0051606,144,246,detection of stimulus,detection of stimulus,0.9659149292628444,0.25849999999999995,0
GO:0046474,63,GO:0006629,143,96,glycerophospholipid biosynthetic process,lipid metabolic process,0.8973207371556218,0.3832073170731707,0.749
GO:2001252,24,GO:0051128,143,9,positive regulation of chromosome organization,regulation of cellular component organization,0.876282576321668,0.35853124999999997,0.619
GO:0046883,13,GO:0065008,142,3,regulation of hormone secretion,regulation of biological quality,0.8807310126582278,0.46942028985507245,0.566
GO:0061136,26,GO:0051246,142,46,regulation of proteasomal protein catabolic process,regulation of protein metabolic process,0.8638250186150409,0.2891190476190476,0.832
GO:0002697,41,GO:0002376,142,5,regulation of immune effector process,immune system process,0.9500653387937453,0.26044999999999996,0.656
GO:0034504,29,GO:0033036,141,79,protein localization to nucleus,macromolecule localization,0.9324279597915115,0.43356451612903224,0.686
GO:0031334,17,GO:0044085,141,13,positive regulation of protein-containing complex assembly,cellular component biogenesis,0.8717567014147432,0.37973529411764706,0.556
GO:0043062,136,GO:0043062,141,43,extracellular structure organization,extracellular structure organization,0.9469164184661206,0.33299999999999996,0
GO:0019827,135,GO:0098727,141,7,stem cell population maintenance,maintenance of cell number,0.9686077810871184,0.279,1
GO:0007088,97,GO:0048285,141,21,regulation of mitotic nuclear division,organelle fission,0.87063402829486225,0.17242857142857138,0.764
GO:0030534,65,GO:0007610,140,17,adult behavior,behavior,0.9730221518987342,0.51646875,0.646
GO:0046390,58,GO:1901135,140,94,ribose phosphate biosynthetic process,carbohydrate derivative metabolic process,0.9005271779597915,0.42939000000000005,0.805
GO:0006310,70,GO:0006259,140,107,DNA recombination,DNA metabolic process,0.9185482129560685,0.42225,0.815
GO:0043523,48,GO:0043067,140,8,regulation of neuron apoptotic process,regulation of programmed cell death,0.9430815338793745,0.35831999999999997,0.784
GO:0043393,27,GO:0065009,140,3,regulation of protein binding,regulation of molecular function,0.956798399106478,0.2881694915254237,0.806
GO:0016032,137,GO:0016032,140,1,viral process,viral process,0.9994542069992554,0.267,0
GO:0009267,84,GO:0031667,140,35,cellular response to starvation,response to nutrient levels,0.9493160833953834,0.24452380952380948,0.919
GO:0007286,30,GO:0022414,139,18,spermatid development,reproductive process,0.9429558823529411,0.3928611111111111,0.542
GO:0048599,30,GO:0022414,139,74,oocyte development,reproductive process,0.9350802308265078,0.32972222222222225,0.65
GO:0006469,27,GO:0065009,139,1,negative regulation of protein kinase activity,regulation of molecular function,0.8638726731198809,0.2600338983050847,0.753
GO:0070302,20,GO:0023052,138,2,regulation of stress-activated protein kinase signaling cascade,signaling,0.9062822040208488,0.49260000000000004,0.337
GO:0009612,38,GO:0009605,138,38,response to mechanical stimulus,response to external stimulus,0.9595709233060312,0.4892666666666666,0.722
GO:0007264,20,GO:0023052,138,109,small GTPase-mediated signal transduction,signaling,0.9034951600893522,0.45536999999999994,0.523
GO:0046578,20,GO:0023052,138,24,regulation of Ras protein signal transduction,signaling,0.898265078183172,0.40528,0.428
GO:0000819,46,GO:0007049,138,100,sister chromatid segregation,cell cycle,0.910608339538347,0.3871640625,0.725
GO:0032496,82,GO:0009607,138,1,response to lipopolysaccharide,response to biotic stimulus,0.9606399851079672,0.3849444444444444,0.535
GO:0002683,41,GO:0002376,138,9,negative regulation of immune system process,immune system process,0.9280569620253165,0.24783333333333335,0.686
GO:0019221,86,GO:0034097,138,5,cytokine-mediated signaling pathway,response to cytokine,0.9168933358153388,0.16225,1
GO:0032872,20,GO:0023052,137,2,regulation of stress-activated MAPK cascade,signaling,0.9057313849590469,0.46473,0.337
GO:0016241,62,GO:0009894,137,19,regulation of macroautophagy,regulation of catabolic process,0.8908897989575577,0.27822727272727277,0.823
GO:0051963,127,GO:0050808,137,34,regulation of synapse assembly,synapse organization,0.8406524571854058,0.22960000000000003,0.911
GO:0048511,138,GO:0048511,137,21,rhythmic process,rhythmic process,0.9980109828741623,0.20799999999999996,0
GO:0030258,63,GO:0006629,136,81,lipid modification,lipid metabolic process,0.9351982501861504,0.5047073170731707,0.723
GO:0045471,14,GO:0042221,136,7,response to ethanol,response to chemical,0.9629225614296352,0.45927419354838717,0.529
GO:0009260,58,GO:1901135,136,92,ribonucleotide biosynthetic process,carbohydrate derivative metabolic process,0.866219843633656,0.4181,0.803
GO:0030705,115,GO:0051169,136,60,cytoskeleton-dependent intracellular transport,nuclear transport,0.9316638123603872,0.4141228070175439,0.663
GO:0071824,36,GO:0043933,136,64,protein-DNA complex organization,protein-containing complex organization,0.9364825018615041,0.37733870967741934,0.8
GO:0060491,49,GO:0030030,136,19,regulation of cell projection assembly,cell projection organization,0.8839300074460164,0.36709259259259264,0.672
GO:0072522,95,GO:0072521,136,115,purine-containing compound biosynthetic process,purine-containing compound metabolic process,0.9283901712583768,0.2831,0.928
GO:0030307,67,GO:0040008,136,23,positive regulation of cell growth,regulation of growth,0.8766008935219658,0.24071052631578949,0.82
GO:1902850,46,GO:0007049,135,111,microtubule cytoskeleton organization involved in mitosis,cell cycle,0.9055476545048399,0.40698437499999995,0.713
GO:2000027,15,GO:0048513,135,34,regulation of animal organ morphogenesis,animal organ development,0.9156887565152644,0.40047058823529413,0.739
GO:0120032,49,GO:0030030,135,19,regulation of plasma membrane bounded cell projection assembly,cell projection organization,0.8837680565897245,0.3604814814814815,0.672
GO:0006836,139,GO:0006836,135,86,neurotransmitter transport,neurotransmitter transport,0.9536965748324646,0.2837857142857143,0
GO:0000910,100,GO:0051301,135,73,cytokinesis,cell division,0.9603959419210722,0.26361904761904764,0.871
GO:0007350,73,GO:0007389,135,35,blastoderm segmentation,pattern specification process,0.9548683916604617,0.22026666666666672,0.868
GO:0051168,115,GO:0051169,134,56,nuclear export,nuclear transport,0.9351859642591214,0.4098771929824562,0.937
GO:0032103,38,GO:0009605,134,59,positive regulation of response to external stimulus,response to external stimulus,0.8931785182427401,0.406,0.704
GO:0001894,45,GO:0042592,133,8,tissue homeostasis,homeostatic process,0.9693069620253164,0.3840454545454546,0.712
GO:0009408,47,GO:0009628,133,85,response to heat,response to abiotic stimulus,0.9572788533134773,0.3833958333333334,0.835
GO:0050678,56,GO:0042127,133,1,regulation of epithelial cell proliferation,regulation of cell population proliferation,0.9531111317944899,0.33514999999999995,0.763
GO:0099003,40,GO:0016192,132,59,vesicle-mediated transport in synapse,vesicle-mediated transport,0.94204765450484,0.4017037037037037,0.734
GO:0050795,25,GO:0051239,132,171,regulation of behavior,regulation of multicellular organismal process,0.9151706999255398,0.2995,0.839
GO:0010876,140,GO:0010876,132,120,lipid localization,lipid localization,0.9444862248696947,0.29396,0
GO:0006164,95,GO:0072521,132,93,purine nucleotide biosynthetic process,purine-containing compound metabolic process,0.872666232315711,0.27780000000000005,0.907
GO:0006909,89,GO:0098657,132,55,phagocytosis,import into cell,0.9397479523454951,0.2777777777777778,0.876
GO:1901988,46,GO:0007049,132,69,negative regulation of cell cycle phase transition,cell cycle,0.888701228592703,0.2639921875,0.676
GO:0046034,76,GO:0055086,131,60,ATP metabolic process,nucleobase-containing small molecule metabolic process,0.8763864482501862,0.3542121212121212,0.799
GO:0042742,82,GO:0009607,131,188,defense response to bacterium,response to biotic stimulus,0.9523004467609829,0.3081111111111111,0.872
GO:0061640,100,GO:0051301,131,66,cytoskeleton-dependent cytokinesis,cell division,0.9606373790022338,0.2616666666666667,0.862
GO:1990778,29,GO:0033036,130,66,protein localization to cell periphery,macromolecule localization,0.9350860014892033,0.46414516129032257,0.664
GO:0034765,31,GO:0032879,130,16,regulation of monoatomic ion transmembrane transport,regulation of localization,0.895454765450484,0.31628,0.699
GO:0009855,73,GO:0007389,130,14,determination of bilateral symmetry,pattern specification process,0.9594731943410275,0.29159999999999997,0.821
GO:0009799,73,GO:0007389,130,14,specification of symmetry,pattern specification process,0.9594731943410275,0.29159999999999997,0.821
GO:0007033,141,GO:0007033,130,76,vacuole organization,vacuole organization,0.9352669396872673,0.23124999999999996,0
GO:0006611,115,GO:0051169,129,8,protein export from nucleus,nuclear transport,0.9331496649292629,0.4784736842105263,0.793
GO:0007613,55,GO:0003008,129,23,memory,system process,0.967174981384959,0.4463285714285714,0.679
GO:0090092,53,GO:0007166,129,29,regulation of transmembrane receptor protein serine/threonine kinase signaling pathway,cell surface receptor signaling pathway,0.897873417721519,0.40994915254237285,0.713
GO:0072330,35,GO:0044281,129,61,monocarboxylic acid biosynthetic process,small molecule metabolic process,0.8981252792256142,0.350425,0.679
GO:0051604,132,GO:0006457,129,267,protein maturation,protein folding,0.915921816827997,0.3163571428571429,0.915
GO:0023061,66,GO:0046903,129,75,signal release,secretion,0.8907215189873418,0.2336666666666667,0.913
GO:0007034,115,GO:0051169,128,48,vacuolar transport,nuclear transport,0.9357620997766195,0.4575789473684211,0.634
GO:0009152,58,GO:1901135,128,81,purine ribonucleotide biosynthetic process,carbohydrate derivative metabolic process,0.8663062174236783,0.41773000000000005,0.787
GO:0040013,52,GO:0040011,128,33,negative regulation of locomotion,locomotion,0.9272488830975428,0.4175416666666667,0.727
GO:0009411,47,GO:0009628,128,23,response to UV,response to abiotic stimulus,0.9664287043931497,0.3680416666666667,0.755
GO:0032869,54,GO:0009719,128,20,cellular response to insulin stimulus,response to endogenous stimulus,0.9417643335815339,0.2080243902439024,0.887
GO:0071478,119,GO:0104004,128,16,cellular response to radiation,cellular response to environmental stimulus,0.9547583767684289,0.1725833333333333,0.979
GO:0098656,72,GO:0006811,127,104,monoatomic anion transmembrane transport,monoatomic ion transport,0.9442602382725243,0.47344186046511627,0.681
GO:0007612,55,GO:0003008,127,37,learning,system process,0.966484921816828,0.43468571428571423,0.699
GO:0016482,115,GO:0051169,127,36,cytosolic transport,nuclear transport,0.936298026805659,0.4282280701754386,0.624
GO:0050773,49,GO:0030030,127,14,regulation of dendrite development,cell projection organization,0.8559793373045421,0.3925740740740741,0.674
GO:0010212,47,GO:0009628,126,29,response to ionizing radiation,response to abiotic stimulus,0.9666617647058824,0.3759166666666667,0.75
GO:0070085,142,GO:0070085,126,167,glycosylation,glycosylation,0.9525137751303053,0.290875,0
GO:0051249,80,GO:0001775,126,2,regulation of lymphocyte activation,cell activation,0.9210779970215934,0.09705882352941175,0.917
GO:0008202,63,GO:0006629,125,42,steroid metabolic process,lipid metabolic process,0.9375134028294863,0.5204268292682928,0.683
GO:0006399,143,GO:0006399,125,131,tRNA metabolic process,tRNA metabolic process,0.9167967237527923,0.3253529411764706,0
GO:1904396,127,GO:0050808,125,19,regulation of neuromuscular junction development,synapse organization,0.888114296351452,0.2843555555555556,0.865
GO:0035966,144,GO:0035966,125,220,response to topologically incorrect protein,response to topologically incorrect protein,0.9581695830230826,0.2168888888888889,0
GO:0009948,73,GO:0007389,125,48,anterior/posterior axis specification,pattern specification process,0.9561870811615786,0.21433333333333338,0.894
GO:0050954,55,GO:0003008,124,24,sensory perception of mechanical stimulus,system process,0.9701128071481757,0.47395714285714285,0.689
GO:0006888,40,GO:0016192,124,60,endoplasmic reticulum to Golgi vesicle-mediated transport,vesicle-mediated transport,0.9301543186895012,0.4303703703703704,0.718
GO:0050770,28,GO:0050793,124,33,regulation of axonogenesis,regulation of developmental process,0.8483516381236038,0.4118235294117647,0.69
GO:0010770,28,GO:0050793,124,7,positive regulation of cell morphogenesis,regulation of developmental process,0.8901215562174237,0.34068627450980393,0.61
GO:0019098,30,GO:0022414,124,194,reproductive behavior,reproductive process,0.9527550260610573,0.3275,0.723
GO:0099111,145,GO:0099111,124,56,microtubule-based transport,microtubule-based transport,0.9534741250930752,0.24606666666666666,0
GO:0010970,145,GO:0099111,124,56,transport along microtubule,microtubule-based transport,0.9216533879374534,0.24606666666666666,0.997
GO:0043473,146,GO:0043473,124,4,pigmentation,pigmentation,0.9991362620997766,0.22666666666666668,0
GO:0030099,92,GO:0030097,124,1,myeloid cell differentiation,hemopoiesis,0.962473380491437,0.10144444444444445,0.966
GO:0046777,19,GO:0043412,123,3,protein autophosphorylation,macromolecule modification,0.9274084139985108,0.6276276595744681,0.485
GO:0045931,46,GO:0007049,123,29,positive regulation of mitotic cell cycle,cell cycle,0.8982915115413254,0.37466406249999995,0.604
GO:0031349,16,GO:0048583,123,14,positive regulation of defense response,regulation of response to stimulus,0.8999463886820551,0.33199999999999996,0.647
GO:0045861,26,GO:0051246,123,7,negative regulation of proteolysis,regulation of protein metabolic process,0.8770377885331347,0.3162380952380952,0.714
GO:2001234,48,GO:0043067,123,22,negative regulation of apoptotic signaling pathway,regulation of programmed cell death,0.8795593819806403,0.22860000000000003,0.842
GO:0050821,13,GO:0065008,122,12,protein stabilization,regulation of biological quality,0.9502812732688012,0.540536231884058,0.637
GO:0048813,49,GO:0030030,122,18,dendrite morphogenesis,cell projection organization,0.897990878629933,0.43168518518518517,0.69
GO:0007015,112,GO:0097435,122,111,actin filament organization,supramolecular fiber organization,0.9252812732688012,0.2873870967741935,0.931
GO:0007368,73,GO:0007389,122,14,determination of left/right symmetry,pattern specification process,0.9592661950856292,0.2602,0.821
GO:0007030,98,GO:0010256,121,42,Golgi organization,endomembrane system organization,0.9372373417721519,0.3775294117647059,0.866
GO:1901991,46,GO:0007049,121,35,negative regulation of mitotic cell cycle phase transition,cell cycle,0.892933730454207,0.2726484375,0.624
GO:0040014,67,GO:0040008,121,82,regulation of multicellular organism growth,regulation of growth,0.9063574087862993,0.2347631578947369,0.912
GO:0010927,60,GO:0032989,121,54,cellular component assembly involved in morphogenesis,cellular anatomical entity morphogenesis,0.9033711839166046,0.21587500000000004,0.998
GO:0007265,20,GO:0023052,120,43,Ras protein signal transduction,signaling,0.9107983991064781,0.49097,0.457
GO:0034250,74,GO:0043603,120,2,positive regulation of amide metabolic process,amide metabolic process,0.9010858153387937,0.4214,0.664
GO:1902749,46,GO:0007049,120,26,regulation of cell cycle G2/M phase transition,cell cycle,0.9157414370811616,0.323734375,0.611
GO:0000070,97,GO:0048285,120,88,mitotic sister chromatid segregation,organelle fission,0.9083062174236783,0.2538571428571429,0.892
GO:0008582,127,GO:0050808,120,19,regulation of synaptic assembly at neuromuscular junction,synapse organization,0.8404437825763217,0.24048888888888886,0.865
GO:0097237,88,GO:0009636,120,59,cellular response to toxic substance,response to toxic substance,0.9456288160833954,0.22377777777777774,0.961
GO:0045785,114,GO:0030155,119,3,positive regulation of cell adhesion,regulation of cell adhesion,0.9314504839910648,0.315923076923077,0.894
GO:2000058,26,GO:0051246,119,31,regulation of ubiquitin-dependent protein catabolic process,regulation of protein metabolic process,0.8673417721518988,0.3005,0.805
GO:0042063,11,GO:0048731,118,7,gliogenesis,system development,0.9481377513030529,0.47548936170212763,0.538
GO:0046890,63,GO:0006629,118,16,regulation of lipid biosynthetic process,lipid metabolic process,0.8819610945644081,0.44888414634146345,0.602
GO:0033500,45,GO:0042592,118,8,carbohydrate homeostasis,homeostatic process,0.9909266567386448,0.4003181818181818,0.73
GO:0043413,142,GO:0070085,118,128,macromolecule glycosylation,glycosylation,0.9337125837676843,0.27675000000000005,0.968
GO:0006486,142,GO:0070085,118,108,protein glycosylation,glycosylation,0.897427773641102,0.272,0.957
GO:0002253,41,GO:0002376,118,7,activation of immune response,immune system process,0.9045644080416977,0.22428333333333328,0.673
GO:0018209,19,GO:0043412,117,7,peptidyl-serine modification,macromolecule modification,0.938168652271035,0.48684042553191487,0.52
GO:0009743,14,GO:0042221,117,3,response to carbohydrate,response to chemical,0.9645435591958302,0.4700483870967742,0.494
GO:0008593,53,GO:0007166,117,30,regulation of Notch signaling pathway,cell surface receptor signaling pathway,0.8991150409530901,0.4526610169491525,0.711
GO:0006261,70,GO:0006259,117,66,DNA-templated DNA replication,DNA metabolic process,0.9210262472077438,0.39714814814814814,0.764
GO:0006338,83,GO:0006325,117,237,chromatin remodeling,chromatin organization,0.9394294489947878,0.312125,0.962
GO:0022407,114,GO:0030155,117,2,regulation of cell-cell adhesion,regulation of cell adhesion,0.9494534623976173,0.29646153846153844,0.894
GO:0050684,71,GO:0016071,117,44,regulation of mRNA processing,mRNA metabolic process,0.8682950483991065,0.26672413793103444,0.763
GO:0110053,112,GO:0097435,117,40,regulation of actin filament organization,supramolecular fiber organization,0.8781863365599404,0.26503225806451614,0.832
GO:0046661,44,GO:0003006,116,143,male sex differentiation,developmental process involved in reproduction,0.9420161950856292,0.364,0.817
GO:0006352,147,GO:0006352,116,51,DNA-templated transcription initiation,DNA-templated transcription initiation,0.9174631422189129,0.2993636363636364,0
GO:0046328,20,GO:0023052,115,4,regulation of JNK cascade,signaling,0.9080647803425168,0.46348,0.365
GO:1904062,31,GO:0032879,115,13,regulation of monoatomic cation transmembrane transport,regulation of localization,0.8960072598659717,0.3209466666666667,0.687
GO:0005996,109,GO:0005975,115,47,monosaccharide metabolic process,carbohydrate metabolic process,0.9124942293373045,0.29214285714285715,0.832
GO:0007498,33,GO:0009888,115,64,mesoderm development,tissue development,0.9642570737155621,0.2816037735849056,0.9
GO:0007093,46,GO:0007049,115,42,mitotic cell cycle checkpoint signaling,cell cycle,0.8638369322412509,0.2679296875,0.639
GO:0043543,19,GO:0043412,114,8,protein acylation,macromolecule modification,0.9392604244229338,0.5786382978723404,0.526
GO:0035148,51,GO:0035295,114,3,tube formation,tube development,0.9577105361131795,0.24449999999999994,0.764
GO:0016049,67,GO:0040008,114,90,cell growth,regulation of growth,0.9839577438570365,0.20552631578947367,0.882
GO:0045333,104,GO:0006091,114,78,cellular respiration,generation of precursor metabolites and energy,0.952044862248697,0.19634782608695656,0.937
GO:0090276,13,GO:0065008,113,2,regulation of peptide hormone secretion,regulation of biological quality,0.8770461653015637,0.47910144927536236,0.55
GO:0043903,121,GO:0044419,113,1,regulation of biological process involved in symbiotic interaction,biological process involved in interspecies interaction between organisms,0.9597287788533135,0.4565555555555556,0.533
GO:0042593,45,GO:0042592,113,8,glucose homeostasis,homeostatic process,0.9909266567386448,0.4003181818181818,0.73
GO:0051983,46,GO:0007049,113,47,regulation of chromosome segregation,cell cycle,0.9117118391660461,0.31520312500000003,0.649
GO:0016236,129,GO:0061919,113,75,macroautophagy,process utilizing autophagic mechanism,0.9333989203276247,0.2794,0.943
GO:0010632,130,GO:0090130,113,1,regulation of epithelial cell migration,tissue migration,0.9276941548771407,0.2702,0.883
GO:0030198,148,GO:0030198,113,41,extracellular matrix organization,extracellular matrix organization,0.9469052494415487,0.24871428571428567,0
GO:0002764,41,GO:0002376,113,3,immune response-regulating signaling pathway,immune system process,0.9099499255398362,0.2484833333333334,0.632
GO:0045807,31,GO:0032879,112,32,positive regulation of endocytosis,regulation of localization,0.8272298957557707,0.35724,0.77
GO:0009451,149,GO:0009451,112,97,RNA modification,RNA modification,0.9120437453462398,0.3098823529411765,0
GO:0030010,113,GO:0007163,112,80,establishment of cell polarity,establishment or maintenance of cell polarity,0.9889731943410276,0.28813333333333335,0.959
GO:0001819,120,GO:0001817,112,1,positive regulation of cytokine production,regulation of cytokine production,0.8755551005212212,0.13375000000000004,0.966
GO:2000146,52,GO:0040011,111,13,negative regulation of cell motility,locomotion,0.9185733432613552,0.44633333333333336,0.663
GO:0099504,40,GO:0016192,111,59,synaptic vesicle cycle,vesicle-mediated transport,0.9300130305286671,0.4017037037037037,0.734
GO:0061982,39,GO:0044703,111,71,meiosis I cell cycle process,multi-organism reproductive process,0.9498611317944899,0.360425,0.42
GO:0051302,100,GO:0051301,111,53,regulation of cell division,cell division,0.9370731571109456,0.3557380952380952,0.83
GO:0043406,27,GO:0065009,111,3,positive regulation of MAP kinase activity,regulation of molecular function,0.8184778481012658,0.2293898305084746,0.806
GO:0031099,150,GO:0031099,111,38,regeneration,regeneration,0.9686154132539092,0.15284615384615385,0
GO:1901342,79,GO:0072359,111,1,regulation of vasculature development,circulatory system development,0.9245554728220402,0.09999999999999998,0.966
GO:0002793,43,GO:0071705,110,1,positive regulation of peptide secretion,nitrogen compound transport,0.8997362248696947,0.5051375,0.499
GO:0006405,115,GO:0051169,110,39,RNA export from nucleus,nuclear transport,0.9252736411020104,0.41971929824561405,0.911
GO:0032271,17,GO:0044085,110,42,regulation of protein polymerization,cellular component biogenesis,0.8791394266567386,0.35558823529411765,0.634
GO:0061025,77,GO:0061024,110,60,membrane fusion,membrane organization,0.9390534251675353,0.33265116279069773,0.846
GO:0031345,24,GO:0051128,110,21,negative regulation of cell projection organization,regulation of cellular component organization,0.8712611690245718,0.31428124999999996,0.697
GO:0006997,151,GO:0006997,110,54,nucleus organization,nucleus organization,0.9361593447505585,0.27569999999999995,0
GO:0022900,104,GO:0006091,110,49,electron transport chain,generation of precursor metabolites and energy,0.953954765450484,0.233304347826087,0.894
GO:0018105,19,GO:0043412,109,7,peptidyl-serine phosphorylation,macromolecule modification,0.9214262844378258,0.485563829787234,0.52
GO:0046822,115,GO:0051169,109,7,regulation of nucleocytoplasmic transport,nuclear transport,0.8932302680565898,0.44114035087719294,0.786
GO:0010389,46,GO:0007049,109,25,regulation of G2/M transition of mitotic cell cycle,cell cycle,0.9160839538346984,0.31207031249999995,0.591
GO:0048640,67,GO:0040008,109,21,negative regulation of developmental growth,regulation of growth,0.9023311615785554,0.27486842105263154,0.82
GO:2001242,48,GO:0043067,109,11,regulation of intrinsic apoptotic signaling pathway,regulation of programmed cell death,0.8980707371556218,0.24916000000000005,0.801
GO:0035967,144,GO:0035966,109,211,cellular response to topologically incorrect protein,response to topologically incorrect protein,0.9424318689501117,0.2132222222222222,0.982
GO:0071695,105,GO:0021700,109,59,anatomical structure maturation,developmental maturation,0.9671129932985852,0.17168181818181816,0.996
GO:0001763,23,GO:0009653,108,3,morphogenesis of a branching structure,anatomical structure morphogenesis,0.9630536113179449,0.5701923076923077,0.504
GO:0006643,63,GO:0006629,108,94,membrane lipid metabolic process,lipid metabolic process,0.9318691362620998,0.44520121951219516,0.761
GO:0006816,72,GO:0006811,108,64,calcium ion transport,monoatomic ion transport,0.9523996649292629,0.3836744186046511,0.676
GO:0006413,107,GO:0006412,108,70,translational initiation,translation,0.9212040208488459,0.3779583333333333,0.806
GO:0043270,31,GO:0032879,108,12,positive regulation of monoatomic ion transport,regulation of localization,0.8931001489203276,0.3338,0.683
GO:0001709,103,GO:0045165,108,41,cell fate determination,cell fate commitment,0.9568062174236783,0.3183157894736842,0.802
GO:2001235,48,GO:0043067,108,3,positive regulation of apoptotic signaling pathway,regulation of programmed cell death,0.8927727103499628,0.31038,0.726
GO:2001251,24,GO:0051128,108,14,negative regulation of chromosome organization,regulation of cellular component organization,0.8671195085629189,0.28174999999999994,0.673
GO:1903052,26,GO:0051246,108,40,positive regulation of proteolysis involved in protein catabolic process,regulation of protein metabolic process,0.8491301191362621,0.27135714285714285,0.822
GO:0006575,152,GO:0006575,108,102,modified amino acid metabolic process,modified amino acid metabolic process,0.9542531645569621,0.2614615384615385,0
GO:2000377,154,GO:2000377,108,5,regulation of reactive oxygen species metabolic process,regulation of reactive oxygen species metabolic process,0.9158185033507074,0.2247,0
GO:0060560,67,GO:0040008,108,71,developmental growth involved in morphogenesis,regulation of growth,0.9582548399106479,0.22336842105263155,0.865
GO:0022406,153,GO:0022406,108,30,membrane docking,membrane docking,0.9911338421444528,0.21599999999999997,0
GO:0001525,79,GO:0072359,108,1,angiogenesis,circulatory system development,0.9577395755770662,0.09999999999999998,0.966
GO:0031123,59,GO:0006396,107,57,RNA 3'-end processing,RNA processing,0.9154350335070737,0.44740625,0.708
GO:0043484,59,GO:0006396,107,54,regulation of RNA splicing,RNA processing,0.8694227475800447,0.443125,0.686
GO:0000578,73,GO:0007389,107,33,embryonic axis specification,pattern specification process,0.9550402084884587,0.22599999999999998,0.864
GO:0030336,52,GO:0040011,106,13,negative regulation of cell migration,locomotion,0.9185348101265822,0.44604166666666667,0.663
GO:0016055,53,GO:0007166,106,78,Wnt signaling pathway,cell surface receptor signaling pathway,0.9049128816083395,0.3977966101694915,0.83
GO:0031023,155,GO:0031023,106,48,microtubule organizing center organization,microtubule organizing center organization,0.9277848101265823,0.3391914893617022,0
GO:0034330,127,GO:0050808,106,123,cell junction organization,synapse organization,0.937819434102755,0.25493333333333335,0.974
GO:0006470,50,GO:0051174,105,117,protein dephosphorylation,regulation of phosphorus metabolic process,0.9085089352196575,0.46036842105263154,0.488
GO:0051495,24,GO:0051128,105,23,positive regulation of cytoskeleton organization,regulation of cellular component organization,0.8684832464631422,0.36550000000000005,0.678
GO:0009913,33,GO:0009888,105,10,epidermal cell differentiation,tissue development,0.9569435964259121,0.32109433962264144,0.756
GO:1903322,26,GO:0051246,105,7,positive regulation of protein modification by small protein conjugation or removal,regulation of protein metabolic process,0.872205137751303,0.3078333333333333,0.714
GO:0046942,156,GO:0046942,105,116,carboxylic acid transport,carboxylic acid transport,0.9490286671630678,0.24889285714285714,0
GO:0015849,156,GO:0046942,105,116,organic acid transport,carboxylic acid transport,0.9506176470588236,0.24889285714285714,0.996
GO:0006986,144,GO:0035966,105,208,response to unfolded protein,response to topologically incorrect protein,0.9583711839166046,0.2148888888888889,0.983
GO:1901136,58,GO:1901135,104,92,carbohydrate derivative catabolic process,carbohydrate derivative metabolic process,0.9170498883097543,0.40015,0.783
GO:1902806,46,GO:0007049,104,11,regulation of cell cycle G1/S phase transition,cell cycle,0.920267870439315,0.36328906250000004,0.564
GO:0051099,27,GO:0065009,104,2,positive regulation of binding,regulation of molecular function,0.9575379746835443,0.2845254237288135,0.785
GO:0051091,27,GO:0065009,104,4,positive regulation of DNA-binding transcription factor activity,regulation of molecular function,0.8861405435591958,0.27894915254237285,0.821
GO:0061138,23,GO:0009653,103,1,morphogenesis of a branching epithelium,anatomical structure morphogenesis,0.9617509307520477,0.5720384615384615,0.464
GO:0071453,47,GO:0009628,103,4,cellular response to oxygen levels,response to abiotic stimulus,0.9505672002978407,0.44689583333333327,0.63
GO:0046488,63,GO:0006629,103,86,phosphatidylinositol metabolic process,lipid metabolic process,0.9104223752792256,0.42024390243902443,0.734
GO:0043409,20,GO:0023052,103,9,negative regulation of MAPK cascade,signaling,0.8841308637379002,0.41178000000000003,0.407
GO:0065004,36,GO:0043933,103,62,protein-DNA complex assembly,protein-containing complex organization,0.9294674236783321,0.36196774193548387,0.795
GO:0044272,111,GO:0006790,103,102,sulfur compound biosynthetic process,sulfur compound metabolic process,0.9329203276247208,0.32833333333333337,0.926
GO:0048580,28,GO:0050793,103,110,regulation of post-embryonic development,regulation of developmental process,0.900822598659717,0.31713725490196076,0.783
GO:1905952,140,GO:0010876,103,21,regulation of lipid localization,lipid localization,0.9030962397617275,0.23884000000000005,0.832
GO:0140056,153,GO:0022406,103,29,organelle localization by membrane tethering,membrane docking,0.9491025688756515,0.21477777777777773,0.997
GO:0007605,55,GO:0003008,102,4,sensory perception of sound,system process,0.9741781459419211,0.5440285714285714,0.566
GO:0044706,157,GO:0044706,102,16,multi-multicellular organism process,multi-multicellular organism process,0.9764644452717796,0.5275000000000001,0
GO:0050714,29,GO:0033036,102,9,positive regulation of protein secretion,macromolecule localization,0.8658842144452717,0.4653306451612903,0.542
GO:0008356,100,GO:0051301,102,49,asymmetric cell division,cell division,0.9866628816083396,0.39357142857142857,0.824
GO:0097479,75,GO:0051640,102,33,synaptic vesicle localization,organelle localization,0.9533622486969471,0.34887671232876716,0.794
GO:0032434,26,GO:0051246,102,30,regulation of proteasomal ubiquitin-dependent protein catabolic process,regulation of protein metabolic process,0.8673346984363366,0.3015238095238095,0.803
GO:1901800,26,GO:0051246,102,39,positive regulation of proteasomal protein catabolic process,regulation of protein metabolic process,0.8468036113179449,0.2722619047619048,0.821
GO:0097193,48,GO:0043067,102,25,intrinsic apoptotic signaling pathway,regulation of programmed cell death,0.9079169769173492,0.26870000000000005,0.704
GO:0002757,41,GO:0002376,102,3,immune response-activating signaling pathway,immune system process,0.8961599032017871,0.23376666666666668,0.632
GO:0007623,138,GO:0048511,102,9,circadian rhythm,rhythmic process,0.9979540208488459,0.20537499999999997,0.943
GO:0030098,92,GO:0030097,102,1,lymphocyte differentiation,hemopoiesis,0.947271034996277,0.08311111111111114,0.966
GO:0007041,115,GO:0051169,101,18,lysosomal transport,nuclear transport,0.9408780714817573,0.4949122807017544,0.573
GO:0048284,159,GO:0048284,101,59,organelle fusion,organelle fusion,0.9370163812360387,0.3448333333333333,0
GO:0048489,75,GO:0051640,101,27,synaptic vesicle transport,organelle localization,0.9334797096053611,0.33598630136986307,0.781
GO:0006869,140,GO:0010876,101,110,lipid transport,lipid localization,0.9418272524199554,0.29011999999999993,0.989
GO:0055001,94,GO:0061061,101,58,muscle cell development,muscle structure development,0.9501559940431868,0.2546666666666667,0.938
GO:0099643,66,GO:0046903,101,68,signal release from synapse,secretion,0.8914145569620253,0.23484848484848486,0.905
GO:0007269,66,GO:0046903,101,68,neurotransmitter secretion,secretion,0.8765165673864482,0.23484848484848486,0.905
GO:0042440,158,GO:0042440,101,6,pigment metabolic process,pigment metabolic process,0.963265450483991,0.21499999999999997,0
GO:0030177,53,GO:0007166,100,16,positive regulation of Wnt signaling pathway,cell surface receptor signaling pathway,0.8849886448250186,0.4364237288135593,0.667
GO:0032102,38,GO:0009605,100,18,negative regulation of response to external stimulus,response to external stimulus,0.898282576321668,0.40926666666666667,0.639
GO:0097164,160,GO:0097164,100,13,ammonium ion metabolic process,ammonium ion metabolic process,0.9626537602382725,0.3706666666666667,0
GO:0031570,46,GO:0007049,100,45,DNA integrity checkpoint signaling,cell cycle,0.8645428145941921,0.2818359375,0.642
GO:0032409,27,GO:0065009,100,13,regulation of transporter activity,regulation of molecular function,0.9527905807892777,0.2464745762711864,0.893
GO:0045765,79,GO:0072359,100,1,regulation of angiogenesis,circulatory system development,0.9190804169769173,0.09999999999999998,0.966
GO:0002790,43,GO:0071705,99,4,peptide secretion,nitrogen compound transport,0.9520718540580789,0.4919375,0.553
GO:0050796,13,GO:0065008,99,2,regulation of insulin secretion,regulation of biological quality,0.8664713328369322,0.47910144927536236,0.55
GO:0002831,82,GO:0009607,99,24,regulation of response to biotic stimulus,response to biotic stimulus,0.9186565524944155,0.43194444444444446,0.698
GO:0003012,55,GO:0003008,99,72,muscle system process,system process,0.9679584884586746,0.4111571428571429,0.751
GO:1901657,58,GO:1901135,99,37,glycosyl compound metabolic process,carbohydrate derivative metabolic process,0.937897989575577,0.37947,0.715
GO:0006954,161,GO:0006954,99,1,inflammatory response,inflammatory response,0.9703689501116902,0.33333333333333337,0
GO:1902105,92,GO:0030097,99,1,regulation of leukocyte differentiation,hemopoiesis,0.9038060312732688,0.07577777777777772,0.966
GO:0034284,14,GO:0042221,98,3,response to monosaccharide,response to chemical,0.9645435591958302,0.4700483870967742,0.494
GO:0017145,100,GO:0051301,98,13,stem cell division,cell division,0.987969471332837,0.44552380952380954,0.722
GO:0090257,55,GO:0003008,98,50,regulation of muscle system process,system process,0.9214294489947878,0.37532857142857146,0.718
GO:0014074,61,GO:1901698,98,6,response to purine-containing compound,response to nitrogen compound,0.9646533879374535,0.36920833333333336,0.749
GO:0051100,27,GO:0065009,98,1,negative regulation of binding,regulation of molecular function,0.958957930007446,0.2943389830508475,0.753
GO:0006612,102,GO:0072657,98,39,protein targeting to membrane,protein localization to membrane,0.932367460908414,0.2874782608695652,0.893
GO:0071248,110,GO:0010038,98,24,cellular response to metal ion,response to metal ion,0.947446016381236,0.24868,0.887
GO:0045089,41,GO:0002376,98,6,positive regulation of innate immune response,immune system process,0.8948628071481757,0.22468333333333335,0.665
GO:0009306,29,GO:0033036,97,29,protein secretion,macromolecule localization,0.9264663067758749,0.5124354838709677,0.609
GO:0051170,115,GO:0051169,97,43,import into nucleus,nuclear transport,0.9360632911392405,0.41224561403508775,0.922
GO:0045727,8,GO:0048518,97,30,positive regulation of translation,positive regulation of biological process,0.8562814594192107,0.36169230769230776,0.539
GO:0055088,45,GO:0042592,97,24,lipid homeostasis,homeostatic process,0.9904205137751303,0.36078787878787877,0.785
GO:0048167,22,GO:0010646,97,4,regulation of synaptic plasticity,regulation of cell communication,0.9228791883842145,0.3278333333333333,0.611
GO:0033045,24,GO:0051128,97,35,regulation of sister chromatid segregation,regulation of cellular component organization,0.8647274758004467,0.30121875,0.725
GO:0042110,80,GO:0001775,97,1,T cell activation,cell activation,0.9657379002233805,0.1392941176470588,0.883
GO:0071383,14,GO:0042221,96,2,cellular response to steroid hormone stimulus,response to chemical,0.9526948994787788,0.5603225806451613,0.479
GO:0044843,46,GO:0007049,96,26,cell cycle G1/S phase transition,cell cycle,0.9629646314221891,0.3890390625,0.612
GO:0007098,155,GO:0031023,96,39,centrosome cycle,microtubule organizing center organization,0.9144795234549516,0.33927659574468083,0.98
GO:0051262,36,GO:0043933,95,2,protein tetramerization,protein-containing complex organization,0.9443482874162323,0.515241935483871,0.588
GO:0001578,155,GO:0031023,95,6,microtubule bundle formation,microtubule organizing center organization,0.9383428890543559,0.4812127659574468,0.574
GO:0009615,121,GO:0044419,95,2,response to virus,biological process involved in interspecies interaction between organisms,0.9695778108711839,0.4549444444444445,0.577
GO:1903828,31,GO:0032879,95,24,negative regulation of protein localization,regulation of localization,0.8685431868950112,0.38144,0.729
GO:0051924,31,GO:0032879,95,4,regulation of calcium ion transport,regulation of localization,0.9126368205510053,0.3749866666666667,0.637
GO:0000082,46,GO:0007049,95,23,G1/S transition of mitotic cell cycle,cell cycle,0.961840469099032,0.36920312499999997,0.595
GO:0051480,45,GO:0042592,95,9,regulation of cytosolic calcium ion concentration,homeostatic process,0.9902892777364111,0.36157575757575755,0.718
GO:2000045,46,GO:0007049,95,9,regulation of G1/S transition of mitotic cell cycle,cell cycle,0.9213803052866716,0.35757031250000004,0.538
GO:0046620,67,GO:0040008,95,6,regulation of organ growth,regulation of growth,0.9223996649292628,0.34794736842105267,0.722
GO:0042303,162,GO:0042303,95,113,molting cycle,molting cycle,0.9729992553983619,0.3345,0
GO:0035303,50,GO:0051174,95,2,regulation of dephosphorylation,regulation of phosphorus metabolic process,0.9029357781087118,0.33031578947368423,0.794
GO:0009582,134,GO:0051606,95,38,detection of abiotic stimulus,detection of stimulus,0.964732501861504,0.2719285714285714,0.851
GO:0072175,51,GO:0035295,95,1,epithelial tube formation,tube development,0.9584715189873417,0.24729999999999996,0.699
GO:0061351,56,GO:0042127,95,13,neural precursor cell proliferation,regulation of cell population proliferation,0.9901049888309754,0.24660000000000004,0.849
GO:0007308,105,GO:0021700,95,16,oocyte construction,developmental maturation,0.941144452717796,0.19527272727272726,0.894
GO:0072524,163,GO:0072524,95,60,pyridine-containing compound metabolic process,pyridine-containing compound metabolic process,0.9526589724497394,0.19380952380952376,0
GO:0051028,43,GO:0071705,94,43,mRNA transport,nitrogen compound transport,0.94066269545793,0.489175,0.698
GO:0036294,47,GO:0009628,94,4,cellular response to decreased oxygen levels,response to abiotic stimulus,0.9505329486224869,0.4430625,0.63
GO:0042445,13,GO:0065008,94,21,hormone metabolic process,regulation of biological quality,0.9180111690245718,0.4367971014492754,0.677
GO:0051225,46,GO:0007049,94,42,spindle assembly,cell cycle,0.9032066269545793,0.431828125,0.633
GO:0006109,109,GO:0005975,94,7,regulation of carbohydrate metabolic process,carbohydrate metabolic process,0.9014689128816084,0.3685535714285715,0.705
GO:0090316,31,GO:0032879,94,9,positive regulation of intracellular protein transport,regulation of localization,0.8661310498883097,0.3419466666666666,0.667
GO:0098609,114,GO:0030155,94,62,cell-cell adhesion,regulation of cell adhesion,0.9887930007446016,0.28219230769230763,0.78
GO:0022898,27,GO:0065009,94,13,regulation of transmembrane transporter activity,regulation of molecular function,0.8916422189128816,0.2464745762711864,0.893
GO:0007309,105,GO:0021700,94,16,oocyte axis specification,developmental maturation,0.9303717423678333,0.19527272727272726,0.894
GO:0006473,19,GO:0043412,93,6,protein acetylation,macromolecule modification,0.9402392032762472,0.583404255319149,0.514
GO:0035150,13,GO:0065008,93,10,regulation of tube size,regulation of biological quality,0.9497097915115413,0.5266521739130434,0.623
GO:0008360,28,GO:0050793,93,17,regulation of cell shape,regulation of developmental process,0.9124145569620253,0.44172549019607843,0.637
GO:1900180,29,GO:0033036,93,24,regulation of protein localization to nucleus,macromolecule localization,0.8854586746090841,0.42018548387096777,0.601
GO:0030178,53,GO:0007166,93,17,negative regulation of Wnt signaling pathway,cell surface receptor signaling pathway,0.8814919955323902,0.4193728813559322,0.7
GO:1904950,31,GO:0032879,93,8,negative regulation of establishment of protein localization,regulation of localization,0.8753436336559941,0.38704000000000005,0.661
GO:0043524,48,GO:0043067,93,3,negative regulation of neuron apoptotic process,regulation of programmed cell death,0.9278382352941177,0.38,0.726
GO:0060538,94,GO:0061061,93,5,skeletal muscle organ development,muscle structure development,0.9694651898734177,0.3598,0.754
GO:0001708,103,GO:0045165,93,200,cell fate specification,cell fate commitment,0.9509357781087119,0.3138421052631579,0.958
GO:0019318,109,GO:0005975,93,43,hexose metabolic process,carbohydrate metabolic process,0.9131908041697692,0.2932678571428572,0.822
GO:0009581,134,GO:0051606,93,38,detection of external stimulus,detection of stimulus,0.9639069247952345,0.2719285714285714,0.851
GO:0055002,94,GO:0061061,93,54,striated muscle cell development,muscle structure development,0.9503412137006702,0.251,0.933
GO:0061013,71,GO:0016071,93,35,regulation of mRNA catabolic process,mRNA metabolic process,0.83415078183172,0.24089655172413793,0.761
GO:0008037,164,GO:0008037,93,32,cell recognition,cell recognition,0.9911543186895011,0.23199999999999998,0
GO:0007351,73,GO:0007389,93,31,tripartite regional subdivision,pattern specification process,0.9551982501861505,0.22483333333333333,0.86
GO:0048863,165,GO:0048863,93,5,stem cell differentiation,stem cell differentiation,0.9644400595681311,0.21283333333333332,0
GO:0034614,99,GO:0006979,93,11,cellular response to reactive oxygen species,response to oxidative stress,0.9407457185405808,0.2051764705882353,0.802
GO:0008595,73,GO:0007389,93,31,"anterior/posterior axis specification, embryo",pattern specification process,0.9550195457930007,0.19589999999999996,0.86
GO:0030522,20,GO:0023052,92,68,intracellular receptor signaling pathway,signaling,0.909048026805659,0.53991,0.477
GO:0050730,19,GO:0043412,92,2,regulation of peptidyl-tyrosine phosphorylation,macromolecule modification,0.8792790394638869,0.48509574468085104,0.47
GO:0009746,14,GO:0042221,92,3,response to hexose,response to chemical,0.9645435591958302,0.4700483870967742,0.494
GO:0006289,70,GO:0006259,92,35,nucleotide-excision repair,DNA metabolic process,0.8876736783320923,0.46772222222222226,0.714
GO:0000077,166,GO:0000077,92,40,DNA damage checkpoint signaling,DNA damage checkpoint signaling,0.8594583023082651,0.4337142857142857,0
GO:0051053,70,GO:0006259,92,17,negative regulation of DNA metabolic process,DNA metabolic process,0.8626656738644825,0.42859259259259264,0.652
GO:0007052,46,GO:0007049,92,53,mitotic spindle organization,cell cycle,0.9102535368577811,0.4214140625,0.651
GO:0061062,28,GO:0050793,92,109,regulation of nematode larval development,regulation of developmental process,0.9008185033507073,0.3173529411764706,0.783
GO:0031398,26,GO:0051246,92,5,positive regulation of protein ubiquitination,regulation of protein metabolic process,0.8745493298585256,0.31599999999999995,0.696
GO:0016485,132,GO:0006457,92,93,protein processing,protein folding,0.9203106850335071,0.29600000000000004,0.827
GO:0048588,67,GO:0040008,92,80,developmental cell growth,regulation of growth,0.9472451600893522,0.19778947368421052,0.873
GO:0010001,11,GO:0048731,91,4,glial cell differentiation,system development,0.9498363737900224,0.4871489361702127,0.512
GO:0071897,70,GO:0006259,91,46,DNA biosynthetic process,DNA metabolic process,0.9171796351451973,0.4806203703703704,0.725
GO:1901796,20,GO:0023052,91,11,regulation of signal transduction by p53 class mediator,signaling,0.9033512658227848,0.44655999999999996,0.396
GO:0007178,53,GO:0007166,91,43,cell surface receptor protein serine/threonine kinase signaling pathway,cell surface receptor signaling pathway,0.9097049516008935,0.40403389830508474,0.761
GO:1902905,112,GO:0097435,91,22,positive regulation of supramolecular fiber organization,supramolecular fiber organization,0.8768940804169769,0.31983870967741934,0.779
GO:0032412,27,GO:0065009,91,13,regulation of monoatomic ion transmembrane transporter activity,regulation of molecular function,0.8916422189128816,0.2464745762711864,0.893
GO:0017157,66,GO:0046903,91,27,regulation of exocytosis,secretion,0.8860461653015637,0.2302727272727273,0.819
GO:0034404,76,GO:0055086,90,9,nucleobase-containing small molecule biosynthetic process,nucleobase-containing small molecule metabolic process,0.9031040580789278,0.5055939393939394,0.638
GO:0072659,29,GO:0033036,90,28,protein localization to plasma membrane,macromolecule localization,0.9364811988086373,0.4707822580645161,0.605
GO:0070972,29,GO:0033036,90,29,protein localization to endoplasmic reticulum,macromolecule localization,0.9360811615785555,0.4472419354838709,0.627
GO:0007140,30,GO:0022414,90,10,male meiotic nuclear division,reproductive process,0.9174143708116158,0.4255,0.514
GO:0046434,34,GO:0006793,90,63,organophosphate catabolic process,phosphorus metabolic process,0.9103970588235294,0.41440816326530616,0.668
GO:0060485,33,GO:0009888,90,13,mesenchyme development,tissue development,0.9664095309009679,0.39301886792452834,0.766
GO:0002181,107,GO:0006412,90,58,cytoplasmic translation,translation,0.9241394266567386,0.383375,0.764
GO:0010977,24,GO:0051128,90,16,negative regulation of neuron projection development,regulation of cellular component organization,0.8384521593447506,0.31828124999999996,0.687
GO:0045216,127,GO:0050808,90,14,cell-cell junction organization,synapse organization,0.9462907669396873,0.3151555555555555,0.808
GO:0051224,31,GO:0032879,90,7,negative regulation of protein transport,regulation of localization,0.8689707743857036,0.30484,0.654
GO:1905475,102,GO:0072657,90,24,regulation of protein localization to membrane,protein localization to membrane,0.8859327997021593,0.30134782608695654,0.845
GO:0030832,96,GO:0030029,90,33,regulation of actin filament length,actin filament-based process,0.8722957930007447,0.2957894736842105,0.801
GO:0008064,96,GO:0030029,90,33,regulation of actin polymerization or depolymerization,actin filament-based process,0.8710927029039464,0.29552631578947364,0.801
GO:0008033,143,GO:0006399,90,79,tRNA processing,tRNA metabolic process,0.9082360387192852,0.2928235294117647,0.937
GO:0006367,147,GO:0006352,90,38,transcription initiation at RNA polymerase II promoter,DNA-templated transcription initiation,0.9196669769173492,0.2866363636363636,0.963
GO:0051147,94,GO:0061061,90,18,regulation of muscle cell differentiation,muscle structure development,0.9091096425912137,0.2726666666666667,0.835
GO:0000281,100,GO:0051301,90,47,mitotic cytokinesis,cell division,0.9599560685033507,0.272452380952381,0.82
GO:0034620,144,GO:0035966,90,204,cellular response to unfolded protein,response to topologically incorrect protein,0.9425655249441549,0.2115555555555556,0.979
GO:0009749,14,GO:0042221,89,3,response to glucose,response to chemical,0.9645435591958302,0.4700483870967742,0.494
GO:0000725,70,GO:0006259,89,55,recombinational repair,DNA metabolic process,0.8843866344005957,0.42167592592592595,0.736
GO:0000724,70,GO:0006259,89,55,double-strand break repair via homologous recombination,DNA metabolic process,0.884129746835443,0.405,0.735
GO:0048814,49,GO:0030030,89,14,regulation of dendrite morphogenesis,cell projection organization,0.8534266567386448,0.38803703703703707,0.672
GO:0009063,116,GO:0006520,89,65,amino acid catabolic process,amino acid metabolic process,0.9181736783320923,0.3596071428571429,0.853
GO:0051494,24,GO:0051128,89,36,negative regulation of cytoskeleton organization,regulation of cellular component organization,0.8618844005956813,0.30337499999999995,0.717
GO:0008213,19,GO:0043412,88,8,protein alkylation,macromolecule modification,0.93837583767684285,0.5798085106382979,0.541
GO:0006479,19,GO:0043412,88,8,protein methylation,macromolecule modification,0.9374419210722263,0.5798085106382979,0.541
GO:1901568,63,GO:0006629,88,7,fatty acid derivative metabolic process,lipid metabolic process,0.9452540953090097,0.569359756097561,0.566
GO:0033875,76,GO:0055086,88,1,ribonucleoside bisphosphate metabolic process,nucleobase-containing small molecule metabolic process,0.9157204020848846,0.5409272727272727,0.541
GO:0033865,76,GO:0055086,88,1,nucleoside bisphosphate metabolic process,nucleobase-containing small molecule metabolic process,0.9157204020848846,0.5409272727272727,0.541
GO:0034032,76,GO:0055086,88,1,purine nucleoside bisphosphate metabolic process,nucleobase-containing small molecule metabolic process,0.9145256887565153,0.5302060606060606,0.541
GO:0071229,14,GO:0042221,88,6,cellular response to acid chemical,response to chemical,0.9525534251675354,0.49290322580645163,0.529
GO:2000243,39,GO:0044703,88,102,positive regulation of reproductive process,multi-organism reproductive process,0.912418652271035,0.46082500000000004,0.429
GO:0010821,93,GO:0007005,88,16,regulation of mitochondrion organization,mitochondrion organization,0.8915975428145941,0.33572,0.811
GO:0050867,80,GO:0001775,88,1,positive regulation of cell activation,cell activation,0.9160385331347729,0.14864705882352947,0.883
GO:0050863,80,GO:0001775,88,1,regulation of T cell activation,cell activation,0.9239400595681311,0.12217647058823533,0.883
GO:0031098,20,GO:0023052,87,10,stress-activated protein kinase signaling cascade,signaling,0.9133400967982129,0.55674,0.389
GO:0008306,55,GO:0003008,87,33,associative learning,system process,0.9667572598659717,0.43851428571428575,0.691
GO:0048066,146,GO:0043473,87,1,developmental pigmentation,pigmentation,0.999190059568131,0.2748333333333334,0.917
GO:0010508,62,GO:0009894,87,20,positive regulation of autophagy,regulation of catabolic process,0.8715020476545048,0.26640909090909093,0.832
GO:0019362,163,GO:0072524,87,56,pyridine nucleotide metabolic process,pyridine-containing compound metabolic process,0.8857172375279225,0.18599999999999994,0.986
GO:0046496,163,GO:0072524,87,54,nicotinamide nucleotide metabolic process,pyridine-containing compound metabolic process,0.8863177587490693,0.18304761904761901,0.979
GO:0002696,80,GO:0001775,87,1,positive regulation of leukocyte activation,cell activation,0.9084069247952345,0.11441176470588232,0.883
GO:0043588,15,GO:0048513,86,1,skin development,animal organ development,0.9746424050632911,0.5427647058823529,0.547
GO:0071216,82,GO:0009607,86,1,cellular response to biotic stimulus,response to biotic stimulus,0.9640227103499628,0.47344444444444445,0.535
GO:0071456,47,GO:0009628,86,4,cellular response to hypoxia,response to abiotic stimulus,0.9444782204020848,0.442875,0.63
GO:0032006,20,GO:0023052,86,24,regulation of TOR signaling,signaling,0.896993670886076,0.41296999999999995,0.439
GO:0006406,115,GO:0051169,85,28,mRNA export from nucleus,nuclear transport,0.8753307892777364,0.43471929824561406,0.88
GO:0070588,72,GO:0006811,85,57,calcium ion transmembrane transport,monoatomic ion transport,0.9440999627699181,0.37720930232558136,0.644
GO:0007162,114,GO:0030155,85,2,negative regulation of cell adhesion,regulation of cell adhesion,0.9321172747580044,0.3509230769230769,0.874
GO:0031032,96,GO:0030029,85,72,actomyosin structure organization,actin filament-based process,0.9293335815338793,0.3371578947368421,0.859
GO:0030308,67,GO:0040008,85,13,negative regulation of cell growth,regulation of growth,0.8791193224125093,0.2482894736842105,0.788
GO:0006475,19,GO:0043412,84,2,internal protein amino acid acetylation,macromolecule modification,0.9438503350707371,0.6052659574468084,0.47
GO:0046887,13,GO:0065008,84,1,positive regulation of hormone secretion,regulation of biological quality,0.8746427773641102,0.49923188405797103,0.523
GO:0070304,20,GO:0023052,84,1,positive regulation of stress-activated protein kinase signaling cascade,signaling,0.8947926284437826,0.49422999999999995,0.319
GO:0050920,52,GO:0040011,84,63,regulation of chemotaxis,locomotion,0.898512285927029,0.3100833333333334,0.799
GO:0030833,96,GO:0030029,84,31,regulation of actin filament polymerization,actin filament-based process,0.8604141846612062,0.30100000000000005,0.793
GO:0072089,56,GO:0042127,84,6,stem cell proliferation,regulation of cell population proliferation,0.9907747580044676,0.29374999999999996,0.788
GO:0032436,26,GO:0051246,84,27,positive regulation of proteasomal ubiquitin-dependent protein catabolic process,regulation of protein metabolic process,0.8501455696202531,0.2825238095238095,0.796
GO:0042542,99,GO:0006979,84,14,response to hydrogen peroxide,response to oxidative stress,0.9546770290394639,0.2723529411764706,0.806
GO:0048024,71,GO:0016071,84,41,"regulation of mRNA splicing, via spliceosome",mRNA metabolic process,0.8680478406552494,0.2691379310344828,0.758
GO:0071559,54,GO:0009719,84,22,response to transforming growth factor beta,response to endogenous stimulus,0.9680578927773641,0.19704878048780483,0.882
GO:1903034,101,GO:0009611,84,32,regulation of response to wounding,response to wounding,0.9121386820551005,0.19091666666666662,0.949
GO:0008589,53,GO:0007166,83,2,regulation of smoothened signaling pathway,cell surface receptor signaling pathway,0.9148270662695458,0.5334067796610169,0.566
GO:0045834,63,GO:0006629,83,14,positive regulation of lipid metabolic process,lipid metabolic process,0.8733905435591958,0.48878048780487804,0.592
GO:0032874,20,GO:0023052,83,1,positive regulation of stress-activated MAPK cascade,signaling,0.8942760610573344,0.46789000000000003,0.319
GO:0006661,63,GO:0006629,83,60,phosphatidylinositol biosynthetic process,lipid metabolic process,0.9015517498138496,0.4035365853658537,0.701
GO:0043433,27,GO:0065009,83,2,negative regulation of DNA-binding transcription factor activity,regulation of molecular function,0.8904059940431869,0.28959322033898305,0.785
GO:0072329,37,GO:0044248,83,77,monocarboxylic acid catabolic process,cellular catabolic process,0.8980411392405063,0.271,0.908
GO:0043487,62,GO:0009894,83,38,regulation of RNA stability,regulation of catabolic process,0.8423683916604616,0.246,0.888
GO:0045185,131,GO:0051235,83,10,maintenance of protein location,maintenance of location,0.9427243112434848,0.17112499999999997,0.927
GO:0006766,167,GO:0006766,83,10,vitamin metabolic process,vitamin metabolic process,0.9276697691734922,0.1601176470588236,0
GO:0018394,19,GO:0043412,82,2,peptidyl-lysine acetylation,macromolecule modification,0.941523454951601,0.4777765957446809,0.47
GO:0000184,32,GO:0009056,82,18,"nuclear-transcribed mRNA catabolic process, nonsense-mediated decay",catabolic process,0.8425215934475055,0.38122222222222224,0.582
GO:0034764,31,GO:0032879,82,13,positive regulation of transmembrane transport,regulation of localization,0.8815130305286671,0.3593466666666667,0.687
GO:0090174,77,GO:0061024,82,50,organelle membrane fusion,membrane organization,0.9321645569620253,0.33844186046511626,0.83
GO:0043467,104,GO:0006091,82,11,regulation of generation of precursor metabolites and energy,generation of precursor metabolites and energy,0.9105798585256888,0.32099999999999995,0.757
GO:0034329,127,GO:0050808,82,74,cell junction assembly,synapse organization,0.9299871556217424,0.2398,0.921
GO:0071482,119,GO:0104004,82,10,cellular response to light stimulus,cellular response to environmental stimulus,0.9559815711094565,0.1851666666666667,0.946
GO:0008344,65,GO:0007610,81,9,adult locomotory behavior,behavior,0.9742319434102755,0.48028125,0.596
GO:0018393,19,GO:0043412,81,2,internal peptidyl-lysine acetylation,macromolecule modification,0.9415026061057334,0.4765851063829787,0.47
GO:0043279,61,GO:1901698,81,1,response to alkaloid,response to nitrogen compound,0.9682909530900968,0.45758333333333334,0.664
GO:0090263,53,GO:0007166,81,12,positive regulation of canonical Wnt signaling pathway,cell surface receptor signaling pathway,0.8869780342516753,0.44284745762711863,0.651
GO:0006606,115,GO:0051169,81,41,protein import into nucleus,nuclear transport,0.9216881980640357,0.4048947368421053,0.918
GO:0006898,89,GO:0098657,81,40,receptor-mediated endocytosis,import into cell,0.9428112434847357,0.2751111111111111,0.822
GO:0035264,67,GO:0040008,81,97,multicellular organism growth,regulation of growth,0.9573328369322412,0.24878947368421056,0.882
GO:0071560,54,GO:0009719,81,22,cellular response to transforming growth factor beta stimulus,response to endogenous stimulus,0.9680519359642591,0.19641463414634142,0.882
GO:0043200,14,GO:0042221,80,9,response to amino acid,response to chemical,0.9651100148920327,0.5535483870967741,0.55
GO:0072599,29,GO:0033036,80,21,establishment of protein localization to endoplasmic reticulum,macromolecule localization,0.9347127699180938,0.43574999999999997,0.609
GO:0017148,26,GO:0051246,80,44,negative regulation of translation,regulation of protein metabolic process,0.8529798957557706,0.31119047619047624,0.834
GO:0050806,22,GO:0010646,80,35,positive regulation of synaptic transmission,regulation of cell communication,0.898506329113924,0.29941666666666666,0.765
GO:0051651,131,GO:0051235,80,25,maintenance of location in cell,maintenance of location,0.9448227848101266,0.1550625,0.992
GO:0006892,40,GO:0016192,79,29,post-Golgi vesicle-mediated transport,vesicle-mediated transport,0.9467982129560685,0.44518518518518524,0.652
GO:0043648,35,GO:0044281,79,34,dicarboxylic acid metabolic process,small molecule metabolic process,0.9179776619508563,0.418625,0.615
GO:0071466,128,GO:0009410,79,42,cellular response to xenobiotic stimulus,response to xenobiotic stimulus,0.9474890171258377,0.31920000000000004,0.959
GO:0045814,83,GO:0006325,79,64,"negative regulation of gene expression, epigenetic",chromatin organization,0.8347036485480268,0.286875,0.833
GO:0046683,14,GO:0042221,78,6,response to organophosphorus,response to chemical,0.9668157110945644,0.6276774193548387,0.523
GO:0019882,41,GO:0002376,78,2,antigen processing and presentation,immune system process,0.9917014147431125,0.5165,0.614
GO:0009566,39,GO:0044703,78,41,fertilization,multi-organism reproductive process,0.9814620253164557,0.4547,0.397
GO:0007635,65,GO:0007610,78,231,chemosensory behavior,behavior,0.9282220774385703,0.43365624999999997,0.828
GO:0090090,53,GO:0007166,78,14,negative regulation of canonical Wnt signaling pathway,cell surface receptor signaling pathway,0.883984921816828,0.42811864406779665,0.68
GO:0120034,49,GO:0030030,78,7,positive regulation of plasma membrane bounded cell projection assembly,cell projection organization,0.8745930752047655,0.3952037037037037,0.607
GO:0051048,31,GO:0032879,78,10,negative regulation of secretion,regulation of localization,0.8885195457930007,0.37270666666666663,0.678
GO:0050727,161,GO:0006954,78,1,regulation of inflammatory response,inflammatory response,0.9263529411764706,0.33333333333333337,1
GO:2000060,26,GO:0051246,78,28,positive regulation of ubiquitin-dependent protein catabolic process,regulation of protein metabolic process,0.8500910275502607,0.2811666666666667,0.799
GO:0010810,114,GO:0030155,78,3,regulation of cell-substrate adhesion,regulation of cell adhesion,0.9493026805658973,0.26530769230769236,0.894
GO:0006936,55,GO:0003008,77,72,muscle contraction,system process,0.9679584884586746,0.4111571428571429,0.751
GO:0009124,76,GO:0055086,77,27,nucleoside monophosphate biosynthetic process,nucleobase-containing small molecule metabolic process,0.8847745718540581,0.3861393939393939,0.744
GO:0009116,58,GO:1901135,77,19,nucleoside metabolic process,carbohydrate derivative metabolic process,0.8946578555472822,0.38232,0.675
GO:0006275,70,GO:0006259,77,17,regulation of DNA replication,DNA metabolic process,0.8799344750558451,0.37775925925925924,0.658
GO:0044839,46,GO:0007049,77,27,cell cycle G2/M phase transition,cell cycle,0.9624357781087118,0.3767421875,0.62
GO:0032200,57,GO:0051276,77,27,telomere organization,chromosome organization,0.9355770662695457,0.3497619047619047,0.788
GO:1901606,116,GO:0006520,77,59,alpha-amino acid catabolic process,amino acid metabolic process,0.8892784810126583,0.3285,0.848
GO:0036503,61,GO:1901698,77,56,ERAD pathway,response to nitrogen compound,0.8663168279970216,0.297125,0.909
GO:0042177,62,GO:0009894,77,9,negative regulation of protein catabolic process,regulation of catabolic process,0.8603747207743857,0.29240909090909095,0.778
GO:0001818,120,GO:0001817,77,1,negative regulation of cytokine production,regulation of cytokine production,0.8749696574832464,0.13924999999999998,0.966
GO:0051896,20,GO:0023052,76,6,regulation of phosphatidylinositol 3-kinase/protein kinase B signal transduction,signaling,0.9076422189128817,0.48461999999999994,0.371
GO:0070372,20,GO:0023052,76,3,regulation of ERK1 and ERK2 cascade,signaling,0.9106827997021594,0.47380999999999995,0.349
GO:0045047,29,GO:0033036,76,20,protein targeting to ER,macromolecule localization,0.934491250930752,0.43089516129032257,0.607
GO:1901184,53,GO:0007166,76,14,regulation of ERBB signaling pathway,cell surface receptor signaling pathway,0.9034584884586746,0.4194067796610169,0.659
GO:0001738,33,GO:0009888,76,3,morphogenesis of a polarized epithelium,tissue development,0.9668639240506329,0.38873584905660374,0.688
GO:0001704,42,GO:0009790,76,63,formation of primary germ layer,embryo development,0.9473185033507073,0.3560909090909091,0.781
GO:0007127,39,GO:0044703,76,59,meiosis I,multi-organism reproductive process,0.9052125837676843,0.355125,0.415
GO:0000723,57,GO:0051276,76,27,telomere maintenance,chromosome organization,0.8768291139240506,0.34992857142857137,0.786
GO:0042335,168,GO:0042335,76,57,cuticle development,cuticle development,0.9582606105733432,0.3265,0
GO:0007006,93,GO:0007005,76,30,mitochondrial membrane organization,mitochondrion organization,0.9327153760238273,0.29964,0.864
GO:0010634,130,GO:0090130,76,1,positive regulation of epithelial cell migration,tissue migration,0.9126537602382725,0.2702,0.883
GO:0031047,10,GO:0048519,76,121,regulatory ncRNA-mediated gene silencing,negative regulation of biological process,0.8541846612062547,0.2690370370370371,0.721
GO:0051251,80,GO:0001775,76,1,positive regulation of lymphocyte activation,cell activation,0.9084069247952345,0.11441176470588232,0.883
GO:0010171,23,GO:0009653,75,72,body morphogenesis,anatomical structure morphogenesis,0.963373417721519,0.5052692307692308,0.68
GO:0016052,109,GO:0005975,75,59,carbohydrate catabolic process,carbohydrate metabolic process,0.9269283320923306,0.33375,0.837
GO:0050679,56,GO:0042127,75,1,positive regulation of epithelial cell proliferation,regulation of cell population proliferation,0.9360145197319434,0.3226,0.763
GO:0062013,118,GO:0062012,75,14,positive regulation of small molecule metabolic process,regulation of small molecule metabolic process,0.8596012658227848,0.24306666666666665,0.938
GO:0043488,71,GO:0016071,75,34,regulation of mRNA stability,mRNA metabolic process,0.8238298585256888,0.24103448275862072,0.76
GO:0061387,67,GO:0040008,75,42,regulation of extent of cell growth,regulation of growth,0.8805240134028295,0.21728947368421048,0.865
GO:0007618,39,GO:0044703,74,2,mating,multi-organism reproductive process,0.9851124348473567,0.581175,0.894
GO:1903531,31,GO:0032879,74,8,negative regulation of secretion by cell,regulation of localization,0.8808510796723753,0.3791066666666667,0.667
GO:0051653,75,GO:0051640,74,78,spindle localization,organelle localization,0.9197254281459419,0.36027397260273974,0.862
GO:0000086,46,GO:0007049,74,26,G2/M transition of mitotic cell cycle,cell cycle,0.9614087862993299,0.35794531250000006,0.602
GO:0080171,141,GO:0007033,74,29,lytic vacuole organization,vacuole organization,0.9389763588979896,0.2613333333333333,0.927
GO:0007040,141,GO:0007033,74,29,lysosome organization,vacuole organization,0.9389763588979896,0.2613333333333333,0.927
GO:0048546,51,GO:0035295,74,37,digestive tract morphogenesis,tube development,0.9496958302308265,0.2613,0.915
GO:0002699,41,GO:0002376,74,3,positive regulation of immune effector process,immune system process,0.9348989203276248,0.2512,0.632
GO:0090288,54,GO:0009719,74,9,negative regulation of cellular response to growth factor stimulus,response to endogenous stimulus,0.9062295234549516,0.23812195121951218,0.816
GO:0016125,63,GO:0006629,73,23,sterol metabolic process,lipid metabolic process,0.9403834698436336,0.5408353658536585,0.637
GO:0035082,155,GO:0031023,73,3,axoneme assembly,microtubule organizing center organization,0.9284093447505585,0.49546808510638296,0.549
GO:0006665,63,GO:0006629,73,58,sphingolipid metabolic process,lipid metabolic process,0.9332959791511541,0.4507378048780488,0.734
GO:0033047,24,GO:0051128,73,19,regulation of mitotic sister chromatid segregation,regulation of cellular component organization,0.8676262099776619,0.32603125,0.691
GO:1902904,112,GO:0097435,73,30,negative regulation of supramolecular fiber organization,supramolecular fiber organization,0.8712339910647804,0.3179032258064516,0.81
GO:0019748,170,GO:0019748,73,14,secondary metabolic process,secondary metabolic process,0.9618773268801192,0.235,0
GO:0042752,138,GO:0048511,73,2,regulation of circadian rhythm,rhythmic process,0.9614072970960537,0.22250000000000003,0.86
GO:0030968,144,GO:0035966,73,180,endoplasmic reticulum unfolded protein response,response to topologically incorrect protein,0.8909292628443782,0.2158888888888889,0.968
GO:0016073,169,GO:0016073,73,34,snRNA metabolic process,snRNA metabolic process,0.9298708116157856,0.2034166666666667,0
GO:0006119,104,GO:0006091,73,53,oxidative phosphorylation,generation of precursor metabolites and energy,0.9535655249441549,0.19743478260869562,0.897
GO:2000278,70,GO:0006259,72,4,regulation of DNA biosynthetic process,DNA metabolic process,0.882217051377513,0.44385185185185183,0.606
GO:0042058,53,GO:0007166,72,14,regulation of epidermal growth factor receptor signaling pathway,cell surface receptor signaling pathway,0.9034577438570365,0.4193389830508475,0.659
GO:0045132,46,GO:0007049,72,71,meiotic chromosome segregation,cell cycle,0.9035346239761728,0.39177343750000004,0.672
GO:0042274,87,GO:0022613,72,60,ribosomal small subunit biogenesis,ribonucleoprotein complex biogenesis,0.936590841399851,0.36596551724137927,0.822
GO:0006903,75,GO:0051640,72,16,vesicle targeting,organelle localization,0.9335524944154877,0.35673972602739723,0.724
GO:0035383,111,GO:0006790,72,43,thioester metabolic process,sulfur compound metabolic process,0.9507695457930008,0.3321428571428572,0.841
GO:0006637,111,GO:0006790,72,43,acyl-CoA metabolic process,sulfur compound metabolic process,0.8834811988086374,0.3321428571428572,0.841
GO:1903708,92,GO:0030097,72,1,positive regulation of hemopoiesis,hemopoiesis,0.8892289650037231,0.09044444444444444,0.966
GO:0007204,13,GO:0065008,71,2,positive regulation of cytosolic calcium ion concentration,regulation of biological quality,0.9555798585256887,0.5966231884057971,0.55
GO:0051403,20,GO:0023052,71,10,stress-activated MAPK cascade,signaling,0.9125951228592702,0.51926,0.389
GO:0009156,76,GO:0055086,71,22,ribonucleoside monophosphate biosynthetic process,nucleobase-containing small molecule metabolic process,0.8861545048399107,0.39081818181818184,0.731
GO:0016051,109,GO:0005975,71,76,carbohydrate biosynthetic process,carbohydrate metabolic process,0.9331446388682055,0.3347678571428572,0.846
GO:0000041,72,GO:0006811,71,55,transition metal ion transport,monoatomic ion transport,0.9522285927029039,0.3204651162790698,0.676
GO:0006906,77,GO:0061024,71,50,vesicle fusion,membrane organization,0.8918845867460908,0.313046511627907,0.83
GO:0072091,56,GO:0042127,71,6,regulation of stem cell proliferation,regulation of cell population proliferation,0.9481695830230826,0.27364999999999995,0.853
GO:0008088,145,GO:0099111,71,19,axo-dendritic transport,microtubule-based transport,0.9271085256887566,0.21086666666666665,0.908
GO:0006140,118,GO:0062012,71,7,regulation of nucleotide metabolic process,regulation of small molecule metabolic process,0.8552641474311243,0.18766666666666665,0.899
GO:0019722,20,GO:0023052,70,18,calcium-mediated signaling,signaling,0.9156128071481757,0.54922,0.422
GO:0006694,63,GO:0006629,70,24,steroid biosynthetic process,lipid metabolic process,0.9294009679821296,0.49941463414634146,0.635
GO:1900006,49,GO:0030030,70,1,positive regulation of dendrite development,cell projection organization,0.8672204020848846,0.48996296296296293,0.519
GO:0031124,59,GO:0006396,70,17,mRNA 3'-end processing,RNA processing,0.9206381236038719,0.46415625000000005,0.617
GO:0034728,36,GO:0043933,70,20,nucleosome organization,protein-containing complex organization,0.9402105361131794,0.4200645161290323,0.715
GO:0051592,110,GO:0010038,70,7,response to calcium ion,response to metal ion,0.9655150781831721,0.34387999999999996,0.796
GO:0006633,35,GO:0044281,70,59,fatty acid biosynthetic process,small molecule metabolic process,0.8849618391660462,0.34377499999999994,0.675
GO:0051293,75,GO:0051640,70,75,establishment of spindle localization,organelle localization,0.8608886820551005,0.3347671232876712,0.86
GO:0010469,27,GO:0065009,70,2,regulation of signaling receptor activity,regulation of molecular function,0.9079212583767684,0.3095423728813559,0.806
GO:0010507,62,GO:0009894,70,13,negative regulation of autophagy,regulation of catabolic process,0.8761403574087863,0.252,0.793
GO:0017156,66,GO:0046903,70,31,calcium-ion regulated exocytosis,secretion,0.9401855919583023,0.23230303030303034,0.833
GO:0010565,171,GO:0010565,70,18,regulation of ketone metabolic process,regulation of ketone metabolic process,0.9081505956813105,0.19366666666666665,0
GO:1903509,63,GO:0006629,69,49,liposaccharide metabolic process,lipid metabolic process,0.9206178332092331,0.5031646341463414,0.683
GO:1905330,33,GO:0009888,69,1,regulation of morphogenesis of an epithelium,tissue development,0.9318233432613552,0.41671698113207545,0.639
GO:0042147,115,GO:0051169,69,26,"retrograde transport, endosome to Golgi",nuclear transport,0.9339056217423678,0.4047543859649123,0.597
GO:0006282,70,GO:0006259,69,12,regulation of DNA repair,DNA metabolic process,0.8416658600148921,0.40027777777777773,0.655
GO:0031333,17,GO:0044085,69,26,negative regulation of protein-containing complex assembly,cellular component biogenesis,0.861770662695458,0.3681470588235294,0.611
GO:0071219,82,GO:0009607,69,1,cellular response to molecule of bacterial origin,response to biotic stimulus,0.9607522338049144,0.34983333333333333,0.535
GO:0044774,46,GO:0007049,69,27,mitotic DNA integrity checkpoint signaling,cell cycle,0.8687637751303052,0.29110156249999997,0.604
GO:1900076,54,GO:0009719,69,3,regulation of cellular response to insulin stimulus,response to endogenous stimulus,0.90372617274758,0.27139024390243904,0.793
GO:0051668,102,GO:0072657,69,190,localization within membrane,protein localization to membrane,0.9341481757259866,0.2710434782608696,0.96
GO:0072331,20,GO:0023052,68,18,signal transduction by p53 class mediator,signaling,0.9154556962025316,0.5363800000000001,0.422
GO:0006664,63,GO:0006629,68,49,glycolipid metabolic process,lipid metabolic process,0.9194931124348473,0.4677987804878049,0.683
GO:0007219,53,GO:0007166,68,52,Notch signaling pathway,cell surface receptor signaling pathway,0.9099476917349218,0.44820338983050845,0.772
GO:0046660,44,GO:0003006,68,9,female sex differentiation,developmental process involved in reproduction,0.9519046909903202,0.4249705882352941,0.63
GO:0006900,77,GO:0061024,68,22,vesicle budding from membrane,membrane organization,0.8988667163067758,0.34602325581395343,0.765
GO:0001764,69,GO:0048870,68,45,neuron migration,cell motility,0.934816269545793,0.3329756097560975,0.864
GO:0007528,127,GO:0050808,68,25,neuromuscular junction development,synapse organization,0.9443549888309755,0.2881111111111111,0.881
GO:0016441,90,GO:0010608,68,68,post-transcriptional gene silencing,post-transcriptional regulation of gene expression,0.8616945271779598,0.28528571428571425,0.878
GO:0140053,172,GO:0140053,68,61,mitochondrial gene expression,mitochondrial gene expression,0.9351075949367089,0.2671111111111111,0
GO:0009755,54,GO:0009719,68,13,hormone-mediated signaling pathway,response to endogenous stimulus,0.9091286299329858,0.2541219512195122,0.842
GO:0051588,139,GO:0006836,68,39,regulation of neurotransmitter transport,neurotransmitter transport,0.9019363365599404,0.24828571428571422,0.906
GO:0007405,56,GO:0042127,68,13,neuroblast proliferation,regulation of cell population proliferation,0.9441303052866716,0.24660000000000004,0.849
GO:0098754,88,GO:0009636,68,55,detoxification,response to toxic substance,0.9606690245718541,0.21166666666666667,0.969
GO:1901655,14,GO:0042221,67,2,cellular response to ketone,response to chemical,0.9540431868950112,0.47250000000000003,0.479
GO:0006022,58,GO:1901135,67,58,aminoglycan metabolic process,carbohydrate derivative metabolic process,0.930647617274758,0.43555,0.728
GO:1902117,17,GO:0044085,67,17,positive regulation of organelle assembly,cellular component biogenesis,0.8646295606850335,0.3604705882352941,0.575
GO:0071222,82,GO:0009607,67,1,cellular response to lipopolysaccharide,response to biotic stimulus,0.9496288160833953,0.3461666666666666,0.535
GO:2001236,48,GO:0043067,67,5,regulation of extrinsic apoptotic signaling pathway,regulation of programmed cell death,0.9045774385703649,0.28698,0.752
GO:0009062,37,GO:0044248,67,74,fatty acid catabolic process,cellular catabolic process,0.8842552122114669,0.2724,0.906
GO:1902652,126,GO:0006066,67,19,secondary alcohol metabolic process,alcohol metabolic process,0.9251571109456441,0.26446875000000003,0.881
GO:2001243,48,GO:0043067,67,10,negative regulation of intrinsic apoptotic signaling pathway,regulation of programmed cell death,0.8819690990320179,0.24234,0.796
GO:0030516,67,GO:0040008,67,40,regulation of axon extension,regulation of growth,0.8372749441548771,0.19786842105263158,0.86
GO:1900542,118,GO:0062012,67,6,regulation of purine nucleotide metabolic process,regulation of small molecule metabolic process,0.8549975800446761,0.1902666666666667,0.891
GO:0019751,126,GO:0006066,67,31,polyol metabolic process,alcohol metabolic process,0.9211157855547282,0.18325000000000002,0.935
GO:0007224,53,GO:0007166,66,4,smoothened signaling pathway,cell surface receptor signaling pathway,0.925563104988831,0.5373559322033898,0.596
GO:0006613,29,GO:0033036,66,12,cotranslational protein targeting to membrane,macromolecule localization,0.9365160089352197,0.4865645161290323,0.577
GO:1904375,29,GO:0033036,66,21,regulation of protein localization to cell periphery,macromolecule localization,0.8873000744601638,0.4333629032258064,0.592
GO:0003341,68,GO:0007017,66,6,cilium movement,microtubule-based process,0.9793023082650781,0.39549999999999996,0.632
GO:1901292,34,GO:0006793,66,44,nucleoside phosphate catabolic process,phosphorus metabolic process,0.8757298957557706,0.38806122448979596,0.646
GO:0022409,114,GO:0030155,66,1,positive regulation of cell-cell adhesion,regulation of cell adhesion,0.9352462769918094,0.3137692307692308,0.84
GO:0031589,114,GO:0030155,66,17,cell-substrate adhesion,regulation of cell adhesion,0.9894447133283694,0.2876923076923077,0.71
GO:1902882,99,GO:0006979,66,43,regulation of response to oxidative stress,response to oxidative stress,0.911813104988831,0.2741176470588236,0.881
GO:0050772,28,GO:0050793,66,16,positive regulation of axonogenesis,regulation of developmental process,0.8316258376768428,0.2627254901960784,0.643
GO:0040018,67,GO:0040008,66,48,positive regulation of multicellular organism growth,regulation of growth,0.8913534996276992,0.25049999999999994,0.866
GO:0022904,104,GO:0006091,66,47,respiratory electron transport chain,generation of precursor metabolites and energy,0.9541100148920327,0.19499999999999995,0.884
GO:0072347,14,GO:0042221,65,3,response to anesthetic,response to chemical,0.968572598659717,0.6612258064516129,0.494
GO:0050953,55,GO:0003008,65,2,sensory perception of light stimulus,system process,0.9753168279970216,0.5627,0.537
GO:0007616,55,GO:0003008,65,8,long-term memory,system process,0.9697010424422934,0.4876857142857143,0.609
GO:0001676,35,GO:0044281,65,14,long-chain fatty acid metabolic process,small molecule metabolic process,0.9120699925539836,0.47396249999999995,0.537
GO:0007338,39,GO:0044703,65,29,single fertilization,multi-organism reproductive process,0.9818199925539837,0.46347499999999997,0.389
GO:0002262,45,GO:0042592,65,1,myeloid cell homeostasis,homeostatic process,0.9656945271779598,0.4448787878787879,0.615
GO:0050900,69,GO:0048870,65,1,leukocyte migration,cell motility,0.9818134772896501,0.42800000000000005,0.602
GO:0090100,53,GO:0007166,65,15,positive regulation of transmembrane receptor protein serine/threonine kinase signaling pathway,cell surface receptor signaling pathway,0.8834793373045421,0.4192881355932203,0.674
GO:0009127,76,GO:0055086,65,14,purine nucleoside monophosphate biosynthetic process,nucleobase-containing small molecule metabolic process,0.8898261355174981,0.4074121212121212,0.698
GO:0009168,76,GO:0055086,65,14,purine ribonucleoside monophosphate biosynthetic process,nucleobase-containing small molecule metabolic process,0.8897779225614296,0.40619393939393944,0.698
GO:0009119,58,GO:1901135,65,12,ribonucleoside metabolic process,carbohydrate derivative metabolic process,0.8974728220402085,0.39259,0.648
GO:0006937,55,GO:0003008,65,50,regulation of muscle contraction,system process,0.9214294489947878,0.37532857142857146,0.718
GO:0042273,87,GO:0022613,65,41,ribosomal large subunit biogenesis,ribonucleoprotein complex biogenesis,0.9380055845122859,0.37389655172413794,0.798
GO:0031348,16,GO:0048583,65,8,negative regulation of defense response,regulation of response to stimulus,0.9016723752792256,0.34947826086956524,0.62
GO:0032387,31,GO:0032879,65,11,negative regulation of intracellular transport,regulation of localization,0.8714013402829486,0.3395866666666667,0.678
GO:1903321,26,GO:0051246,65,1,negative regulation of protein modification by small protein conjugation or removal,regulation of protein metabolic process,0.8804341027550261,0.3252380952380952,0.653
GO:1901989,46,GO:0007049,65,24,positive regulation of cell cycle phase transition,cell cycle,0.8960163812360387,0.3111953125,0.606
GO:0032465,100,GO:0051301,65,17,regulation of cytokinesis,cell division,0.9179836187639613,0.29221428571428576,0.748
GO:0008038,164,GO:0008037,65,27,neuron recognition,cell recognition,0.9414489947877885,0.22777777777777775,0.988
GO:0046148,158,GO:0042440,65,6,pigment biosynthetic process,pigment metabolic process,0.963265450483991,0.21499999999999997,1
GO:0007349,23,GO:0009653,64,1,cellularization,anatomical structure morphogenesis,0.9625011169024572,0.5952692307692308,0.464
GO:0019218,63,GO:0006629,64,1,regulation of steroid metabolic process,lipid metabolic process,0.9063778853313478,0.5472682926829269,0.477
GO:0030865,155,GO:0031023,64,35,cortical cytoskeleton organization,microtubule organizing center organization,0.9365348101265822,0.5129361702127659,0.553
GO:0042770,166,GO:0000077,64,52,signal transduction in response to DNA damage,DNA damage checkpoint signaling,0.9013272524199554,0.4314285714285714,0.979
GO:0008277,21,GO:0023051,64,10,regulation of G protein-coupled receptor signaling pathway,regulation of signaling,0.9058454951600894,0.348,0.671
GO:0030718,135,GO:0098727,64,2,germ-line stem cell population maintenance,maintenance of cell number,0.9711038719285182,0.3155,0.924
GO:0035194,90,GO:0010608,64,68,regulatory ncRNA-mediated post-transcriptional gene silencing,post-transcriptional regulation of gene expression,0.8615549143708117,0.28500000000000003,0.876
GO:0050764,89,GO:0098657,64,27,regulation of phagocytosis,import into cell,0.8461561801935964,0.25996296296296295,0.79
GO:0048259,89,GO:0098657,64,16,regulation of receptor-mediated endocytosis,import into cell,0.8517339910647803,0.25370370370370376,0.754
GO:0046165,126,GO:0006066,64,34,alcohol biosynthetic process,alcohol metabolic process,0.9073641102010425,0.20928124999999997,0.936
GO:0030510,54,GO:0009719,64,13,regulation of BMP signaling pathway,response to endogenous stimulus,0.9002872300819061,0.20912195121951216,0.842
GO:0042113,80,GO:0001775,64,1,B cell activation,cell activation,0.9656887565152643,0.13541176470588234,0.883
GO:0006283,70,GO:0006259,63,5,transcription-coupled nucleotide-excision repair,DNA metabolic process,0.9011252792256143,0.5286851851851853,0.599
GO:0006720,63,GO:0006629,63,21,isoprenoid metabolic process,lipid metabolic process,0.9391950856291884,0.5059634146341463,0.647
GO:0030703,23,GO:0009653,63,17,eggshell formation,anatomical structure morphogenesis,0.9377432985852568,0.5056153846153846,0.589
GO:0018108,19,GO:0043412,63,5,peptidyl-tyrosine phosphorylation,macromolecule modification,0.9219663067758749,0.4803297872340425,0.514
GO:0006890,40,GO:0016192,63,23,"retrograde vesicle-mediated transport, Golgi to endoplasmic reticulum",vesicle-mediated transport,0.9475137751303053,0.47544444444444445,0.644
GO:0018212,19,GO:0043412,63,7,peptidyl-tyrosine modification,macromolecule modification,0.9375413253909158,0.47467021276595744,0.526
GO:0010623,48,GO:0043067,63,17,programmed cell death involved in cell development,regulation of programmed cell death,0.9506370067014147,0.43718,0.681
GO:1902600,106,GO:0098660,63,65,proton transmembrane transport,inorganic ion transmembrane transport,0.9441332836932241,0.437125,0.786
GO:0070192,57,GO:0051276,63,37,chromosome organization involved in meiotic cell cycle,chromosome organization,0.9093548026805659,0.4222380952380952,0.793
GO:0046467,63,GO:0006629,63,75,membrane lipid biosynthetic process,lipid metabolic process,0.9221708860759493,0.4204085365853658,0.722
GO:0051445,39,GO:0044703,63,46,regulation of meiotic cell cycle,multi-organism reproductive process,0.9045686895011169,0.360375,0.402
GO:1990542,133,GO:0006839,63,60,mitochondrial transmembrane transport,mitochondrial transport,0.9455400223380491,0.3061666666666667,0.978
GO:0019058,137,GO:0016032,63,1,viral life cycle,viral process,0.9994542069992554,0.267,1
GO:0042157,174,GO:0042157,63,8,lipoprotein metabolic process,lipoprotein metabolic process,0.9448153387937454,0.26039999999999996,0
GO:0006354,173,GO:0006354,63,34,DNA-templated transcription elongation,DNA-templated transcription elongation,0.9222248696947133,0.23070000000000002,0
GO:0006368,173,GO:0006354,63,28,transcription elongation by RNA polymerase II,DNA-templated transcription elongation,0.9230368577810871,0.22870000000000001,0.984
GO:0072593,154,GO:2000377,63,21,reactive oxygen species metabolic process,regulation of reactive oxygen species metabolic process,0.959379746835443,0.21299999999999997,0.886
GO:0007601,55,GO:0003008,62,1,visual perception,system process,0.9762403201787044,0.5786714285714285,0.511
GO:0050905,55,GO:0003008,62,5,neuromuscular process,system process,0.9736617647058824,0.5131428571428571,0.576
GO:0097722,69,GO:0048870,62,7,sperm motility,cell motility,0.975343261355175,0.4641463414634146,0.691
GO:0000381,59,GO:0006396,62,28,"regulation of alternative mRNA splicing, via spliceosome",RNA processing,0.8710398361876396,0.43300000000000005,0.645
GO:0006970,47,GO:0009628,62,43,response to osmotic stress,response to abiotic stimulus,0.9591813104988831,0.4232916666666666,0.784
GO:0006614,29,GO:0033036,62,12,SRP-dependent cotranslational protein targeting to membrane,macromolecule localization,0.9342062546537603,0.41442741935483873,0.577
GO:0032273,17,GO:0044085,62,6,positive regulation of protein polymerization,cellular component biogenesis,0.8773568503350707,0.40270588235294114,0.52
GO:0030261,57,GO:0051276,62,28,chromosome condensation,chromosome organization,0.9357369694713329,0.4015714285714286,0.794
GO:0010883,175,GO:0010883,62,18,regulation of lipid storage,regulation of lipid storage,0.946051191362621,0.39274999999999993,0
GO:0051591,61,GO:1901698,62,3,response to cAMP,response to nitrogen compound,0.9639229337304542,0.38879166666666665,0.714
GO:1902807,46,GO:0007049,62,6,negative regulation of cell cycle G1/S phase transition,cell cycle,0.9063499627699181,0.37249999999999994,0.521
GO:2000134,46,GO:0007049,62,4,negative regulation of G1/S transition of mitotic cell cycle,cell cycle,0.9081144825018614,0.3678828125,0.498
GO:0008652,116,GO:0006520,62,58,amino acid biosynthetic process,amino acid metabolic process,0.9245958674609084,0.3554910714285714,0.856
GO:0006885,45,GO:0042592,62,35,regulation of pH,homeostatic process,0.9474005956813105,0.3066969696969697,0.832
GO:0010906,109,GO:0005975,62,5,regulation of glucose metabolic process,carbohydrate metabolic process,0.8765705510052122,0.30591071428571426,0.664
GO:0044773,46,GO:0007049,62,23,mitotic DNA damage checkpoint signaling,cell cycle,0.8638899851079672,0.30378906250000004,0.587
GO:0008358,73,GO:0007389,62,16,"maternal determination of anterior/posterior axis, embryo",pattern specification process,0.9568399106478034,0.22860000000000003,0.818
GO:0008286,54,GO:0009719,62,19,insulin receptor signaling pathway,response to endogenous stimulus,0.8981599032017871,0.2097073170731707,0.885
GO:0007314,105,GO:0021700,62,16,oocyte anterior/posterior axis specification,developmental maturation,0.9281520848845868,0.19527272727272726,0.894
GO:0048593,85,GO:0001654,62,1,camera-type eye morphogenesis,eye development,0.9591705137751303,0.17800000000000005,0.966
GO:0043401,14,GO:0042221,61,2,steroid hormone receptor signaling pathway,response to chemical,0.9184532762472077,0.5603225806451613,0.479
GO:0051289,36,GO:0043933,61,1,protein homotetramerization,protein-containing complex organization,0.9464026433358154,0.5322903225806452,0.56
GO:0043122,20,GO:0023052,61,2,regulation of canonical NF-kappaB signal transduction,signaling,0.9133380491437081,0.51701,0.337
GO:0048806,11,GO:0048731,61,38,genitalia development,system development,0.941102010424423,0.5017872340425532,0.62
GO:0097306,14,GO:0042221,61,1,cellular response to alcohol,response to chemical,0.955505584512286,0.47269354838709676,0.455
GO:0009620,121,GO:0044419,61,32,response to fungus,biological process involved in interspecies interaction between organisms,0.9645541697691735,0.4688888888888889,0.716
GO:0046546,44,GO:0003006,61,6,development of primary male sexual characteristics,developmental process involved in reproduction,0.953644452717796,0.450735294117647,0.599
GO:0042306,115,GO:0051169,61,7,regulation of protein import into nucleus,nuclear transport,0.8821271407297095,0.4235614035087719,0.786
GO:0009166,34,GO:0006793,61,40,nucleotide catabolic process,phosphorus metabolic process,0.8756941548771408,0.3846326530612245,0.639
GO:0007631,65,GO:0007610,61,91,feeding behavior,behavior,0.9690148920327625,0.37868749999999995,0.771
GO:2001023,128,GO:0009410,61,1,regulation of response to drug,response to xenobiotic stimulus,0.9305446760982874,0.3618,0.745
GO:0043271,31,GO:0032879,61,2,negative regulation of monoatomic ion transport,regulation of localization,0.899948808637379,0.3515466666666667,0.596
GO:0005976,109,GO:0005975,61,79,polysaccharide metabolic process,carbohydrate metabolic process,0.9388207371556218,0.3341071428571428,0.846
GO:0040028,64,GO:0009791,61,110,regulation of vulval development,post-embryonic development,0.9055871183916605,0.3340000000000001,0.802
GO:1905818,46,GO:0007049,61,27,regulation of chromosome separation,cell cycle,0.9139324274013403,0.323171875,0.621
GO:0032091,27,GO:0065009,61,1,negative regulation of protein binding,regulation of molecular function,0.958957930007446,0.2943389830508475,0.753
GO:0006400,143,GO:0006399,61,56,tRNA modification,tRNA metabolic process,0.9022747580044677,0.27088235294117646,0.892
GO:0050906,134,GO:0051606,61,220,detection of stimulus involved in sensory perception,detection of stimulus,0.9348968726731199,0.2607857142857143,0.977
GO:0140029,66,GO:0046903,61,32,exocytic process,secretion,0.9403587118391661,0.26015151515151513,0.833
GO:1903313,71,GO:0016071,61,23,positive regulation of mRNA metabolic process,mRNA metabolic process,0.8607004839910648,0.25975862068965516,0.737
GO:1905039,156,GO:0046942,61,71,carboxylic acid transmembrane transport,carboxylic acid transport,0.9409901340282949,0.25471428571428567,0.947
GO:1903825,156,GO:0046942,61,71,organic acid transmembrane transport,carboxylic acid transport,0.942313849590469,0.25471428571428567,0.947
GO:1905897,16,GO:0048583,61,17,regulation of response to endoplasmic reticulum stress,regulation of response to stimulus,0.9023451228592703,0.2493043478260869,0.663
GO:0034644,119,GO:0104004,61,4,cellular response to UV,cellular response to environmental stimulus,0.9577969099032018,0.2080833333333333,0.905
GO:0007179,54,GO:0009719,61,22,transforming growth factor beta receptor signaling pathway,response to endogenous stimulus,0.9117693596425912,0.19624390243902434,0.882
GO:0006767,167,GO:0006766,61,10,water-soluble vitamin metabolic process,vitamin metabolic process,0.9276697691734922,0.1601176470588236,1
GO:0006304,70,GO:0006259,60,1,DNA modification,DNA metabolic process,0.9352086746090842,0.6101944444444445,0.518
GO:0007164,23,GO:0009653,60,2,establishment of tissue polarity,anatomical structure morphogenesis,0.9711498510796723,0.5771923076923077,0.489
GO:0007028,176,GO:0007028,60,21,cytoplasm organization,cytoplasm organization,0.950132166790767,0.5435,0
GO:0006638,63,GO:0006629,60,28,neutral lipid metabolic process,lipid metabolic process,0.9403097542814595,0.521390243902439,0.631
GO:0048002,41,GO:0002376,60,2,antigen processing and presentation of peptide antigen,immune system process,0.9917014147431125,0.5165,0.614
GO:0034440,63,GO:0006629,60,53,lipid oxidation,lipid metabolic process,0.9367849962769919,0.5147439024390243,0.695
GO:0090277,43,GO:0071705,60,1,positive regulation of peptide hormone secretion,nitrogen compound transport,0.8684977661950857,0.49992499999999995,0.499
GO:0006639,63,GO:0006629,60,28,acylglycerol metabolic process,lipid metabolic process,0.9386945271779598,0.47345731707317074,0.631
GO:0030317,69,GO:0048870,60,2,flagellated sperm motility,cell motility,0.9647693596425913,0.4705853658536585,0.631
GO:0008584,44,GO:0003006,60,6,male gonad development,developmental process involved in reproduction,0.948066641846612,0.44882352941176473,0.599
GO:0007617,30,GO:0022414,60,46,mating behavior,reproductive process,0.956942851824274,0.35372222222222227,0.622
GO:0050000,75,GO:0051640,60,34,chromosome localization,organelle localization,0.953930565897245,0.3386438356164384,0.801
GO:2001257,31,GO:0032879,60,11,regulation of cation channel activity,regulation of localization,0.8906075949367088,0.32722666666666667,0.678
GO:0043462,27,GO:0065009,60,3,regulation of ATP-dependent activity,regulation of molecular function,0.9570364854802681,0.3098474576271186,0.806
GO:0002700,41,GO:0002376,60,5,regulation of production of molecular mediator of immune response,immune system process,0.8940947505584512,0.24348333333333338,0.656
GO:0016079,66,GO:0046903,60,36,synaptic vesicle exocytosis,secretion,0.8758663440059569,0.20621212121212118,0.867
GO:1901570,63,GO:0006629,59,2,fatty acid derivative biosynthetic process,lipid metabolic process,0.9402935591958302,0.5662682926829268,0.502
GO:0098722,100,GO:0051301,59,2,asymmetric stem cell division,cell division,0.989014705882353,0.48550000000000004,0.628
GO:0030203,58,GO:1901135,59,48,glycosaminoglycan metabolic process,carbohydrate derivative metabolic process,0.9316483618763961,0.44094999999999995,0.711
GO:0007525,94,GO:0061061,59,1,somatic muscle development,muscle structure development,0.9745446760982874,0.43366666666666664,0.678
GO:0035023,20,GO:0023052,59,9,regulation of Rho protein signal transduction,signaling,0.9035969843633656,0.4335,0.392
GO:0015748,177,GO:0015748,59,66,organophosphate ester transport,organophosphate ester transport,0.9532338049143708,0.4185,0
GO:0006814,72,GO:0006811,59,106,sodium ion transport,monoatomic ion transport,0.9516803797468354,0.405093023255814,0.704
GO:0051647,75,GO:0051640,59,36,nucleus localization,organelle localization,0.9550335070737156,0.40124657534246577,0.795
GO:0018991,30,GO:0022414,59,158,egg-laying behavior,reproductive process,0.9540167535368578,0.34463888888888894,0.693
GO:0050829,82,GO:0009607,59,122,defense response to Gram-negative bacterium,response to biotic stimulus,0.954605174981385,0.3425,0.812
GO:0046605,155,GO:0031023,59,12,regulation of centrosome cycle,microtubule organizing center organization,0.8735878629932986,0.34168085106382984,0.897
GO:0033108,93,GO:0007005,59,40,mitochondrial respiratory chain complex assembly,mitochondrion organization,0.9236411020104244,0.32867999999999997,0.891
GO:0006006,109,GO:0005975,59,28,glucose metabolic process,carbohydrate metabolic process,0.9161543186895011,0.308875,0.784
GO:0006487,142,GO:0070085,59,35,protein N-linked glycosylation,glycosylation,0.906038905435592,0.30756249999999996,0.854
GO:0002218,41,GO:0002376,59,4,activation of innate immune response,immune system process,0.8971336559940432,0.22895,0.645
GO:0009060,104,GO:0006091,59,74,aerobic respiration,generation of precursor metabolites and energy,0.9523041697691735,0.1951739130434783,0.931
GO:1903844,54,GO:0009719,59,17,regulation of cellular response to transforming growth factor beta stimulus,response to endogenous stimulus,0.9207043931496649,0.1922195121951219,0.865
GO:0017015,54,GO:0009719,59,17,regulation of transforming growth factor beta receptor signaling pathway,response to endogenous stimulus,0.8979977661950856,0.19139024390243897,0.865
GO:0001816,120,GO:0001817,59,3,cytokine production,regulation of cytokine production,0.9270703648548027,0.12525000000000008,0.979
GO:0001736,23,GO:0009653,58,2,establishment of planar polarity,anatomical structure morphogenesis,0.9674949739389427,0.5653076923076923,0.489
GO:0071322,14,GO:0042221,58,3,cellular response to carbohydrate stimulus,response to chemical,0.9527250558451229,0.43540322580645163,0.494
GO:0046545,44,GO:0003006,58,6,development of primary female sexual characteristics,developmental process involved in reproduction,0.952668652271035,0.40855882352941175,0.613
GO:0014902,94,GO:0061061,58,1,myotube differentiation,muscle structure development,0.9644296351451973,0.4055333333333333,0.678
GO:0032204,57,GO:0051276,58,4,regulation of telomere maintenance,chromosome organization,0.8440783693224125,0.3827142857142857,0.656
GO:0051303,75,GO:0051640,58,21,establishment of chromosome localization,organelle localization,0.9359962769918094,0.3317808219178082,0.758
GO:1900407,99,GO:0006979,58,2,regulation of cellular response to oxidative stress,response to oxidative stress,0.9072464631422189,0.2944117647058824,0.699
GO:0051153,94,GO:0061061,58,13,regulation of striated muscle cell differentiation,muscle structure development,0.9115067014147431,0.2827666666666667,0.808
GO:0046626,54,GO:0009719,58,6,regulation of insulin receptor signaling pathway,response to endogenous stimulus,0.8921520848845867,0.25895121951219513,0.816
GO:1990138,67,GO:0040008,58,65,neuron projection extension,regulation of growth,0.8877092330603127,0.19776315789473686,0.858
GO:0051282,131,GO:0051235,58,9,regulation of sequestering of calcium ion,maintenance of location,0.8913032390171258,0.17537500000000006,0.914
GO:0019233,55,GO:0003008,57,1,sensory perception of pain,system process,0.9762313849590469,0.5779857142857143,0.511
GO:0019395,63,GO:0006629,57,53,fatty acid oxidation,lipid metabolic process,0.9008667163067758,0.5127682926829269,0.695
GO:0018210,19,GO:0043412,57,5,peptidyl-threonine modification,macromolecule modification,0.9392872300819062,0.4922234042553192,0.506
GO:0050731,19,GO:0043412,57,2,positive regulation of peptidyl-tyrosine phosphorylation,macromolecule modification,0.8634395011169025,0.4833829787234043,0.47
GO:0046824,115,GO:0051169,57,4,positive regulation of nucleocytoplasmic transport,nuclear transport,0.8807373417721519,0.45580701754385966,0.756
GO:0070585,29,GO:0033036,57,38,protein localization to mitochondrion,macromolecule localization,0.9347661950856292,0.4518790322580645,0.647
GO:0034101,45,GO:0042592,57,1,erythrocyte homeostasis,homeostatic process,0.9656945271779598,0.4448787878787879,0.615
GO:0090101,53,GO:0007166,57,13,negative regulation of transmembrane receptor protein serine/threonine kinase signaling pathway,cell surface receptor signaling pathway,0.8859458302308265,0.43127118644067797,0.659
GO:0006414,107,GO:0006412,57,30,translational elongation,translation,0.9268345122859271,0.42566666666666664,0.727
GO:0051489,49,GO:0030030,57,4,regulation of filopodium assembly,cell projection organization,0.8963199925539836,0.4220370370370371,0.574
GO:1903169,31,GO:0032879,57,1,regulation of calcium ion transmembrane transport,regulation of localization,0.9093421444527178,0.40324000000000004,0.568
GO:0009142,76,GO:0055086,57,34,nucleoside triphosphate biosynthetic process,nucleobase-containing small molecule metabolic process,0.8828942665673865,0.3867090909090909,0.76
GO:0007032,98,GO:0010256,57,19,endosome organization,endomembrane system organization,0.9385591958302308,0.34729411764705886,0.809
GO:0043244,108,GO:0022411,57,33,regulation of protein-containing complex disassembly,cellular component disassembly,0.8862546537602383,0.23528888888888888,0.873
GO:0032507,131,GO:0051235,57,7,maintenance of protein location in cell,maintenance of location,0.9438808637379003,0.17031249999999998,0.907
GO:0014013,11,GO:0048731,56,6,regulation of gliogenesis,system development,0.9012099776619509,0.4853404255319149,0.519
GO:0034502,29,GO:0033036,56,27,protein localization to chromosome,macromolecule localization,0.9360804169769174,0.44870967741935486,0.628
GO:0050921,38,GO:0009605,56,12,positive regulation of chemotaxis,response to external stimulus,0.8943279970215935,0.4384,0.596
GO:0048194,77,GO:0061024,56,2,Golgi vesicle budding,membrane organization,0.9116530156366344,0.4258372093023256,0.638
GO:0008585,44,GO:0003006,56,6,female gonad development,developmental process involved in reproduction,0.9469609084139985,0.40855882352941175,0.613
GO:0051781,100,GO:0051301,56,12,positive regulation of cell division,cell division,0.9236085256887565,0.40409523809523806,0.722
GO:0000018,70,GO:0006259,56,16,regulation of DNA recombination,DNA metabolic process,0.8806623231571109,0.40025,0.655
GO:0008298,117,GO:0006403,56,2,intracellular mRNA localization,RNA localization,0.9488023082650782,0.39654545454545453,0.756
GO:0009583,47,GO:0009628,56,13,detection of light stimulus,response to abiotic stimulus,0.9618246463142219,0.3920208333333334,0.71
GO:0035265,67,GO:0040008,56,6,organ growth,regulation of growth,0.9650307148175726,0.365578947368421,0.689
GO:0043112,179,GO:0043112,56,6,receptor metabolic process,receptor metabolic process,0.9567879746835443,0.3623333333333333,0
GO:1905477,102,GO:0072657,56,13,positive regulation of protein localization to membrane,protein localization to membrane,0.8735364854802681,0.32669565217391305,0.806
GO:1901992,46,GO:0007049,56,16,positive regulation of mitotic cell cycle phase transition,cell cycle,0.8995845122859271,0.31871875000000005,0.564
GO:1902099,24,GO:0051128,56,23,regulation of metaphase/anaphase transition of cell cycle,regulation of cellular component organization,0.8666466865227104,0.31503125,0.699
GO:0030641,45,GO:0042592,56,34,regulation of cellular pH,homeostatic process,0.9479735666418466,0.29846969696969694,0.813
GO:0032092,27,GO:0065009,56,2,positive regulation of protein binding,regulation of molecular function,0.9575379746835443,0.2845254237288135,0.785
GO:0008203,126,GO:0006066,56,13,cholesterol metabolic process,alcohol metabolic process,0.9127701042442293,0.27912499999999996,0.857
GO:0046928,139,GO:0006836,56,38,regulation of neurotransmitter secretion,neurotransmitter transport,0.8583501489203276,0.2489285714285714,0.904
GO:0006081,178,GO:0006081,56,23,aldehyde metabolic process,aldehyde metabolic process,0.9586584139985108,0.22618181818181815,0
GO:1903578,118,GO:0062012,56,6,regulation of ATP metabolic process,regulation of small molecule metabolic process,0.84733730454207,0.1902666666666667,0.891
GO:0018107,19,GO:0043412,55,1,peptidyl-threonine phosphorylation,macromolecule modification,0.9294815711094564,0.529468085106383,0.446
GO:0050810,63,GO:0006629,55,1,regulation of steroid biosynthetic process,lipid metabolic process,0.8994030156366344,0.5140914634146341,0.477
GO:0000212,46,GO:0007049,55,17,meiotic spindle organization,cell cycle,0.908129746835443,0.477125,0.57
GO:0034605,47,GO:0009628,55,11,cellular response to heat,response to abiotic stimulus,0.9502628443782576,0.45399999999999996,0.686
GO:0042048,65,GO:0007610,55,197,olfactory behavior,behavior,0.9294549516008935,0.44328124999999996,0.807
GO:0007143,39,GO:0044703,55,24,female meiotic nuclear division,multi-organism reproductive process,0.9117976545048398,0.41874999999999996,0.381
GO:0051965,17,GO:0044085,55,16,positive regulation of synapse assembly,cellular component biogenesis,0.8239946016381237,0.3908235294117647,0.578
GO:0006446,107,GO:0006412,55,15,regulation of translational initiation,translation,0.8804162323157111,0.3487083333333333,0.662
GO:0030048,96,GO:0030029,55,9,actin filament-based movement,actin filament-based process,0.9852909530900968,0.3486315789473684,0.705
GO:0010453,103,GO:0045165,55,64,regulation of cell fate commitment,cell fate commitment,0.9047105361131794,0.346,0.84
GO:0031397,26,GO:0051246,55,1,negative regulation of protein ubiquitination,regulation of protein metabolic process,0.8846684661206254,0.34452380952380957,0.623
GO:0040001,75,GO:0051640,55,66,establishment of mitotic spindle localization,organelle localization,0.8606457557706627,0.3435616438356165,0.844
GO:0022404,162,GO:0042303,55,18,molting cycle process,molting cycle,0.9766211839166046,0.3335,0.838
GO:0010965,46,GO:0007049,55,21,regulation of mitotic sister chromatid separation,cell cycle,0.8776182055100521,0.31571875000000005,0.607
GO:0033206,100,GO:0051301,55,23,meiotic cytokinesis,cell division,0.9518518242740134,0.3141666666666667,0.765
GO:0000288,71,GO:0016071,55,17,"nuclear-transcribed mRNA catabolic process, deadenylation-dependent decay",mRNA metabolic process,0.8137313849590468,0.24079310344827587,0.72
GO:0042158,174,GO:0042157,55,4,lipoprotein biosynthetic process,lipoprotein metabolic process,0.9388663440059568,0.24,0.966
GO:0006497,174,GO:0042157,55,4,protein lipidation,lipoprotein metabolic process,0.9336345867460909,0.24,0.966
GO:0032368,140,GO:0010876,55,10,regulation of lipid transport,lipid localization,0.9040033507073716,0.2378,0.783
GO:0015850,180,GO:0015850,55,27,organic hydroxy compound transport,organic hydroxy compound transport,0.9566729337304543,0.2354166666666666,0
GO:2000736,165,GO:0048863,55,4,regulation of stem cell differentiation,stem cell differentiation,0.9206340282948623,0.21216666666666661,0.987
GO:1903429,105,GO:0021700,55,13,regulation of cell maturation,developmental maturation,0.9085703648548027,0.17645454545454542,0.886
GO:0032479,120,GO:0001817,55,2,regulation of type I interferon production,regulation of cytokine production,0.88738495904691,0.11108333333333331,1
GO:0018022,19,GO:0043412,54,1,peptidyl-lysine methylation,macromolecule modification,0.9432036485480269,0.5045212765957447,0.446
GO:0045833,63,GO:0006629,54,8,negative regulation of lipid metabolic process,lipid metabolic process,0.8769707743857036,0.5037195121951219,0.566
GO:1901185,53,GO:0007166,54,9,negative regulation of ERBB signaling pathway,cell surface receptor signaling pathway,0.8890634772896501,0.4250169491525424,0.636
GO:1905515,49,GO:0030030,54,39,non-motile cilium assembly,cell projection organization,0.9223021221146687,0.3915925925925926,0.731
GO:0001678,45,GO:0042592,54,6,intracellular glucose homeostasis,homeostatic process,0.9905966120625466,0.3808636363636364,0.718
GO:0034332,127,GO:0050808,54,4,adherens junction organization,synapse organization,0.9510923306031274,0.36697777777777774,0.722
GO:0043255,109,GO:0005975,54,6,regulation of carbohydrate biosynthetic process,carbohydrate metabolic process,0.8978114296351452,0.354,0.673
GO:0051294,75,GO:0051640,54,55,establishment of spindle orientation,organelle localization,0.8628940804169769,0.3529589041095891,0.825
GO:0010324,77,GO:0061024,54,36,membrane invagination,membrane organization,0.939427773641102,0.3269302325581396,0.835
GO:0048520,25,GO:0051239,54,76,positive regulation of behavior,regulation of multicellular organismal process,0.9014810126582279,0.3176,0.749
GO:0007492,33,GO:0009888,54,27,endoderm development,tissue development,0.9660623603871928,0.3093396226415095,0.842
GO:0051453,45,GO:0042592,54,33,regulation of intracellular pH,homeostatic process,0.9372795979151154,0.3000909090909091,0.81
GO:0072384,145,GO:0099111,54,23,organelle transport along microtubule,microtubule-based transport,0.9234811988086373,0.29846666666666666,0.906
GO:0043277,89,GO:0098657,54,50,apoptotic cell clearance,import into cell,0.9406505956813105,0.2858518518518519,0.856
GO:0048332,33,GO:0009888,54,43,mesoderm morphogenesis,tissue development,0.9599605361131794,0.27454716981132077,0.876
GO:0042795,169,GO:0016073,54,9,snRNA transcription by RNA polymerase II,snRNA metabolic process,0.9293095681310499,0.256,0.881
GO:0042551,105,GO:0021700,54,8,neuron maturation,developmental maturation,0.945277364110201,0.23831818181818176,0.844
GO:0007416,127,GO:0050808,54,49,synapse assembly,synapse organization,0.8909260982874162,0.23260000000000003,0.935
GO:0009301,169,GO:0016073,54,9,snRNA transcription,snRNA metabolic process,0.9266727475800447,0.22950000000000004,0.92
GO:0071774,54,GO:0009719,54,10,response to fibroblast growth factor,response to endogenous stimulus,0.9694342889054356,0.2260731707317073,0.838
GO:0044344,54,GO:0009719,54,10,cellular response to fibroblast growth factor stimulus,response to endogenous stimulus,0.9694292628443782,0.22556097560975608,0.838
GO:0042180,171,GO:0010565,54,42,ketone metabolic process,regulation of ketone metabolic process,0.955565897244974,0.18522222222222218,0.915
GO:0018958,181,GO:0018958,54,19,phenol-containing compound metabolic process,phenol-containing compound metabolic process,0.9582818317200298,0.1811538461538461,0
GO:0045619,92,GO:0030097,54,1,regulation of lymphocyte differentiation,hemopoiesis,0.9023361876396128,0.07577777777777772,0.966
GO:0006513,19,GO:0043412,53,3,protein monoubiquitination,macromolecule modification,0.9424071109456441,0.5962659574468085,0.485
GO:0007254,20,GO:0023052,53,17,JNK cascade,signaling,0.915842889054356,0.52492,0.416
GO:0050848,20,GO:0023052,53,3,regulation of calcium-mediated signaling,signaling,0.9110536113179449,0.49593,0.349
GO:0033135,19,GO:0043412,53,2,regulation of peptidyl-serine phosphorylation,macromolecule modification,0.8794378257632167,0.4941702127659574,0.47
GO:0040024,64,GO:0009791,53,118,dauer larval development,post-embryonic development,0.9537671258376769,0.36319999999999997,0.835
GO:1903008,108,GO:0022411,53,18,organelle disassembly,cellular component disassembly,0.9392114668652272,0.33057777777777775,0.824
GO:1902750,46,GO:0007049,53,19,negative regulation of cell cycle G2/M phase transition,cell cycle,0.8988360014892033,0.31795312499999995,0.583
GO:0098876,102,GO:0072657,53,52,vesicle-mediated transport to the plasma membrane,protein localization to membrane,0.932734921816828,0.30334782608695654,0.85
GO:0006353,182,GO:0006353,53,13,DNA-templated transcription termination,DNA-templated transcription termination,0.9279590469099032,0.2966,0
GO:0090630,27,GO:0065009,53,2,activation of GTPase activity,regulation of molecular function,0.9575746463142218,0.289542372881356,0.785
GO:0016239,62,GO:0009894,53,12,positive regulation of macroautophagy,regulation of catabolic process,0.8754772896500372,0.27495454545454545,0.798
GO:0001707,33,GO:0009888,53,43,mesoderm formation,tissue development,0.9461463142218913,0.24583018867924533,0.876
GO:0072527,183,GO:0072527,53,30,pyrimidine-containing compound metabolic process,pyrimidine-containing compound metabolic process,0.9496587862993299,0.20511111111111113,0
GO:0042490,11,GO:0048731,52,1,mechanoreceptor differentiation,system development,0.9546565524944155,0.6226808510638298,0.452
GO:0045793,13,GO:0065008,52,6,positive regulation of cell size,regulation of biological quality,0.9165314594192108,0.5370869565217391,0.598
GO:0032392,57,GO:0051276,52,2,DNA geometric change,chromosome organization,0.9468235294117647,0.5079047619047619,0.624
GO:0032024,43,GO:0071705,52,1,positive regulation of insulin secretion,nitrogen compound transport,0.8581649292628444,0.4967625,0.499
GO:0051701,121,GO:0044419,52,1,biological process involved in interaction with host,biological process involved in interspecies interaction between organisms,0.9944069247952345,0.4565555555555556,0.533
GO:0031122,155,GO:0031023,52,21,cytoplasmic microtubule organization,microtubule organizing center organization,0.931129746835443,0.45061702127659575,0.634
GO:0006029,58,GO:1901135,52,53,proteoglycan metabolic process,carbohydrate derivative metabolic process,0.9190768801191362,0.43065,0.738
GO:0072655,29,GO:0033036,52,38,establishment of protein localization to mitochondrion,macromolecule localization,0.9321870811615786,0.42815322580645165,0.647
GO:0036465,40,GO:0016192,52,15,synaptic vesicle recycling,vesicle-mediated transport,0.9368173864482502,0.4247777777777778,0.63
GO:1905879,28,GO:0050793,52,16,regulation of oogenesis,regulation of developmental process,0.8859538346984364,0.38492156862745097,0.637
GO:0048199,75,GO:0051640,52,7,"vesicle targeting, to, from or within Golgi",organelle localization,0.9359931124348474,0.382958904109589,0.678
GO:0030490,87,GO:0022613,52,38,maturation of SSU-rRNA,ribonucleoprotein complex biogenesis,0.8725126582278481,0.3758275862068966,0.778
GO:0030856,33,GO:0009888,52,4,regulation of epithelial cell differentiation,tissue development,0.9054599776619509,0.36735849056603775,0.702
GO:0110020,96,GO:0030029,52,14,regulation of actomyosin structure organization,actin filament-based process,0.8890042814594192,0.3242105263157895,0.724
GO:1903051,26,GO:0051246,52,5,negative regulation of proteolysis involved in protein catabolic process,regulation of protein metabolic process,0.8674013402829486,0.3185476190476191,0.696
GO:0040025,64,GO:0009791,52,175,vulval development,post-embryonic development,0.9503360014892033,0.3137,0.851
GO:0001952,114,GO:0030155,52,1,regulation of cell-matrix adhesion,regulation of cell adhesion,0.9522287788533135,0.29853846153846153,0.84
GO:0006865,184,GO:0006865,52,69,amino acid transport,amino acid transport,0.9542600521221146,0.2405625,0
GO:0062014,118,GO:0062012,52,7,negative regulation of small molecule metabolic process,regulation of small molecule metabolic process,0.8647271034996277,0.22333333333333338,0.899
GO:0098930,145,GO:0099111,52,15,axonal transport,microtubule-based transport,0.9281820551005212,0.2164666666666667,0.89
GO:0051785,97,GO:0048285,52,18,positive regulation of nuclear division,organelle fission,0.871014705882353,0.2131428571428572,0.733
GO:0071479,119,GO:0104004,52,7,cellular response to ionizing radiation,cellular response to environmental stimulus,0.9571742367833209,0.20391666666666663,0.922
GO:0071806,43,GO:0071705,51,44,protein transmembrane transport,nitrogen compound transport,0.9264298212956068,0.5290250000000001,0.705
GO:0034030,76,GO:0055086,51,1,ribonucleoside bisphosphate biosynthetic process,nucleobase-containing small molecule metabolic process,0.9096036857781087,0.5241393939393939,0.541
GO:0033866,76,GO:0055086,51,1,nucleoside bisphosphate biosynthetic process,nucleobase-containing small molecule metabolic process,0.9096036857781087,0.5241393939393939,0.541
GO:0030866,155,GO:0031023,51,30,cortical actin cytoskeleton organization,microtubule organizing center organization,0.9346154132539092,0.517340425531915,0.546
GO:0034033,76,GO:0055086,51,1,purine nucleoside bisphosphate biosynthetic process,nucleobase-containing small molecule metabolic process,0.9082172375279226,0.5085636363636363,0.541
GO:0061097,19,GO:0043412,51,1,regulation of protein tyrosine kinase activity,macromolecule modification,0.8782010424422934,0.5025744680851063,0.446
GO:0045746,53,GO:0007166,51,9,negative regulation of Notch signaling pathway,cell surface receptor signaling pathway,0.8899631422189129,0.4820677966101695,0.636
GO:1903076,29,GO:0033036,51,9,regulation of protein localization to plasma membrane,macromolecule localization,0.8919296351451973,0.4427822580645161,0.542
GO:0043331,61,GO:1901698,51,1,response to dsRNA,response to nitrogen compound,0.9681976917349218,0.43670833333333337,0.664
GO:1900182,29,GO:0033036,51,16,positive regulation of protein localization to nucleus,macromolecule localization,0.8725645941921072,0.42890322580645157,0.57
GO:0031644,55,GO:0003008,51,14,regulation of nervous system process,system process,0.928364296351452,0.4273,0.631
GO:0042059,53,GO:0007166,51,9,negative regulation of epidermal growth factor receptor signaling pathway,cell surface receptor signaling pathway,0.8890625465376024,0.4249322033898305,0.636
GO:0042278,58,GO:1901135,51,11,purine nucleoside metabolic process,carbohydrate derivative metabolic process,0.8989393149664929,0.40574,0.621
GO:0061077,132,GO:0006457,51,21,chaperone-mediated protein folding,protein folding,0.9312073715562175,0.3975357142857143,0.831
GO:0009201,76,GO:0055086,51,30,ribonucleoside triphosphate biosynthetic process,nucleobase-containing small molecule metabolic process,0.8836044303797468,0.38936363636363636,0.753
GO:0007606,55,GO:0003008,51,389,sensory perception of chemical stimulus,system process,0.9643721146686522,0.38091428571428576,0.896
GO:0007097,75,GO:0051640,51,33,nuclear migration,organelle localization,0.9334947877885331,0.3785616438356164,0.787
GO:0006805,128,GO:0009410,51,42,xenobiotic metabolic process,response to xenobiotic stimulus,0.9168715562174237,0.31920000000000004,0.959
GO:0046686,110,GO:0010038,51,20,response to cadmium ion,response to metal ion,0.9623065897244973,0.28612000000000004,0.884
GO:0032543,172,GO:0140053,51,49,mitochondrial translation,mitochondrial gene expression,0.9249627699180938,0.26622222222222225,0.979
GO:0042775,104,GO:0006091,51,44,mitochondrial ATP synthesis coupled electron transport,generation of precursor metabolites and energy,0.9542803425167535,0.18991304347826088,0.878
GO:0042773,104,GO:0006091,51,44,ATP synthesis coupled electron transport,generation of precursor metabolites and energy,0.9542339910647804,0.18930434782608696,0.879
GO:0030218,92,GO:0030097,51,1,erythrocyte differentiation,hemopoiesis,0.9414659344750559,0.10144444444444445,0.966
GO:1902107,92,GO:0030097,51,1,positive regulation of leukocyte differentiation,hemopoiesis,0.8891798212956068,0.07577777777777772,0.966
GO:1905809,13,GO:0065008,50,5,negative regulation of synapse organization,regulation of biological quality,0.8808901712583768,0.5555797101449276,0.589
GO:0051881,13,GO:0065008,50,4,regulation of mitochondrial membrane potential,regulation of biological quality,0.953403574087863,0.5541884057971014,0.579
GO:0006690,35,GO:0044281,50,4,icosanoid metabolic process,small molecule metabolic process,0.9302732688011913,0.52435,0.491
GO:0002504,41,GO:0002376,50,2,antigen processing and presentation of peptide or polysaccharide antigen via MHC class II,immune system process,0.9917014147431125,0.5165,0.614
GO:0002495,41,GO:0002376,50,2,antigen processing and presentation of peptide antigen via MHC class II,immune system process,0.9917014147431125,0.5165,0.614
GO:0071326,14,GO:0042221,50,3,cellular response to monosaccharide stimulus,response to chemical,0.9527250558451229,0.43540322580645163,0.494
GO:0035725,72,GO:0006811,50,80,sodium ion transmembrane transport,monoatomic ion transport,0.9442010424422934,0.40981395348837213,0.651
GO:0001895,45,GO:0042592,50,6,retina homeostasis,homeostatic process,0.9698211094564408,0.3939393939393939,0.697
GO:0009145,76,GO:0055086,50,27,purine nucleoside triphosphate biosynthetic process,nucleobase-containing small molecule metabolic process,0.8844285182427402,0.3932181818181818,0.745
GO:0048663,103,GO:0045165,50,28,neuron fate commitment,cell fate commitment,0.9417233804914371,0.38373684210526315,0.777
GO:0042255,87,GO:0022613,50,26,ribosome assembly,ribonucleoprotein complex biogenesis,0.9302096053611318,0.37989655172413794,0.752
GO:0090114,77,GO:0061024,50,11,COPII-coated vesicle budding,membrane organization,0.8919182799702159,0.3713023255813953,0.723
GO:0090598,44,GO:0003006,50,134,male anatomical structure morphogenesis,developmental process involved in reproduction,0.9369223752792256,0.3667941176470588,0.811
GO:0042659,103,GO:0045165,50,64,regulation of cell fate specification,cell fate commitment,0.9046297468354431,0.33842105263157896,0.84
GO:0030071,24,GO:0051128,50,18,regulation of mitotic metaphase/anaphase transition,regulation of cellular component organization,0.8676399851079672,0.32581249999999995,0.683
GO:1901607,116,GO:0006520,50,55,alpha-amino acid biosynthetic process,amino acid metabolic process,0.8927596798212956,0.32434821428571425,0.85
GO:1904398,127,GO:0050808,50,9,positive regulation of neuromuscular junction development,synapse organization,0.877632539091586,0.3216888888888889,0.805
GO:0061041,101,GO:0009611,50,1,regulation of wound healing,response to wounding,0.9294957185405808,0.30200000000000005,0.738
GO:1903312,71,GO:0016071,50,11,negative regulation of mRNA metabolic process,mRNA metabolic process,0.8690897244973939,0.2953103448275862,0.677
GO:0001510,122,GO:0032259,50,43,RNA methylation,methylation,0.9176360759493671,0.2526666666666667,0.885
GO:0015718,156,GO:0046942,50,35,monocarboxylic acid transport,carboxylic acid transport,0.9534076693968727,0.23689285714285713,0.881
GO:0030239,60,GO:0032989,50,53,myofibril assembly,cellular anatomical entity morphogenesis,0.8801747952345496,0.21537499999999998,0.997
GO:0051784,97,GO:0048285,50,17,negative regulation of nuclear division,organelle fission,0.8667196574832465,0.2034285714285714,0.755
GO:0098732,19,GO:0043412,49,8,macromolecule deacylation,macromolecule modification,0.948141288160834,0.6423085106382979,0.526
GO:0071260,38,GO:0009605,49,1,cellular response to mechanical stimulus,response to external stimulus,0.9584160461653015,0.5644666666666667,0.484
GO:0008333,115,GO:0051169,49,13,endosome to lysosome transport,nuclear transport,0.9383160833953834,0.5033859649122807,0.56
GO:0070374,20,GO:0023052,49,1,positive regulation of ERK1 and ERK2 cascade,signaling,0.9003077066269546,0.48723000000000005,0.319
GO:0071333,14,GO:0042221,49,3,cellular response to glucose stimulus,response to chemical,0.9440623603871928,0.43540322580645163,0.494
GO:0071331,14,GO:0042221,49,3,cellular response to hexose stimulus,response to chemical,0.9527250558451229,0.43540322580645163,0.494
GO:2000573,70,GO:0006259,49,4,positive regulation of DNA biosynthetic process,DNA metabolic process,0.8643030528667163,0.43465740740740744,0.606
GO:0038127,53,GO:0007166,49,22,ERBB signaling pathway,cell surface receptor signaling pathway,0.9146935964259122,0.41594915254237286,0.702
GO:0050688,121,GO:0044419,49,1,regulation of defense response to virus,biological process involved in interspecies interaction between organisms,0.9249879002233805,0.4147777777777778,0.533
GO:0046128,58,GO:1901135,49,8,purine ribonucleoside metabolic process,carbohydrate derivative metabolic process,0.9003652271034996,0.40935,0.608
GO:0009206,76,GO:0055086,49,27,purine ribonucleoside triphosphate biosynthetic process,nucleobase-containing small molecule metabolic process,0.8844037602382725,0.3924969696969697,0.745
GO:0009132,76,GO:0055086,49,38,nucleoside diphosphate metabolic process,nucleobase-containing small molecule metabolic process,0.8896731198808637,0.39229090909090913,0.771
GO:0045815,147,GO:0006352,49,3,transcription initiation-coupled chromatin remodeling,DNA-templated transcription initiation,0.8519897617274758,0.3911818181818182,0.772
GO:0006901,77,GO:0061024,49,7,vesicle coating,membrane organization,0.905752792256143,0.3840697674418605,0.698
GO:0015698,185,GO:0015698,49,121,inorganic anion transport,inorganic anion transport,0.954493670886076,0.3521428571428571,0
GO:0051310,75,GO:0051640,49,17,metaphase chromosome alignment,organelle localization,0.9112944899478779,0.3357397260273972,0.748
GO:0099024,77,GO:0061024,49,36,plasma membrane invagination,membrane organization,0.939427773641102,0.3269302325581396,0.835
GO:0007029,98,GO:0010256,49,28,endoplasmic reticulum organization,endomembrane system organization,0.9373441921072226,0.32147058823529406,0.861
GO:0050775,28,GO:0050793,49,7,positive regulation of dendrite morphogenesis,regulation of developmental process,0.837490878629933,0.28027450980392155,0.61
GO:0051149,94,GO:0061061,49,15,positive regulation of muscle cell differentiation,muscle structure development,0.8918145941921072,0.2785333333333333,0.821
GO:0050777,41,GO:0002376,49,6,negative regulation of immune response,immune system process,0.9038387937453463,0.25565000000000004,0.665
GO:1903426,154,GO:2000377,49,3,regulation of reactive oxygen species biosynthetic process,regulation of reactive oxygen species metabolic process,0.909626582278481,0.21489999999999998,0.968
GO:0006721,63,GO:0006629,48,11,terpenoid metabolic process,lipid metabolic process,0.9433494043186895,0.5348963414634147,0.581
GO:0002792,43,GO:0071705,48,1,negative regulation of peptide secretion,nitrogen compound transport,0.8961344005956813,0.5008250000000001,0.499
GO:0051897,20,GO:0023052,48,4,positive regulation of phosphatidylinositol 3-kinase/protein kinase B signal transduction,signaling,0.8929892032762472,0.47804,0.357
GO:0051607,121,GO:0044419,48,2,defense response to virus,biological process involved in interspecies interaction between organisms,0.965084139985108,0.4585555555555556,0.56
GO:0006090,35,GO:0044281,48,37,pyruvate metabolic process,small molecule metabolic process,0.9173008190618019,0.4338875,0.621
GO:0010332,47,GO:0009628,48,13,response to gamma radiation,response to abiotic stimulus,0.9684523454951601,0.405,0.695
GO:0006112,104,GO:0006091,48,27,energy reserve metabolic process,generation of precursor metabolites and energy,0.9560735294117647,0.28865217391304343,0.838
GO:0008630,48,GO:0043067,48,17,intrinsic apoptotic signaling pathway in response to DNA damage,regulation of programmed cell death,0.9028970588235294,0.28832,0.679
GO:0045887,127,GO:0050808,48,9,positive regulation of synaptic assembly at neuromuscular junction,synapse organization,0.8290867460908414,0.2803777777777777,0.805
GO:1903305,66,GO:0046903,48,19,regulation of regulated secretory pathway,secretion,0.8876433358153388,0.21827272727272728,0.802
GO:1990748,88,GO:0009636,48,53,cellular detoxification,response to toxic substance,0.9459506701414743,0.2105555555555556,0.953
GO:0032784,173,GO:0006354,48,15,regulation of DNA-templated transcription elongation,DNA-templated transcription elongation,0.8831362620997766,0.20989999999999998,0.925
GO:0021782,11,GO:0048731,47,1,glial cell development,system development,0.9531850335070737,0.5314893617021277,0.452
GO:0006635,63,GO:0006629,47,46,fatty acid beta-oxidation,lipid metabolic process,0.8870681310498884,0.48329268292682925,0.685
GO:0048488,40,GO:0016192,47,12,synaptic vesicle endocytosis,vesicle-mediated transport,0.9351077810871185,0.42892592592592593,0.621
GO:0051058,20,GO:0023052,47,18,negative regulation of small GTPase mediated signal transduction,signaling,0.8828553611317945,0.4021,0.414
GO:0048208,75,GO:0051640,47,6,COPII vesicle coating,organelle localization,0.8797542814594193,0.38821917808219175,0.67
GO:0048207,75,GO:0051640,47,6,"vesicle targeting, rough ER to cis-Golgi",organelle localization,0.935759121370067,0.38821917808219175,0.67
GO:0060966,10,GO:0048519,47,11,regulation of gene silencing by regulatory ncRNA,negative regulation of biological process,0.87991269545793,0.35137037037037033,0.532
GO:0051964,127,GO:0050808,47,3,negative regulation of synapse assembly,synapse organization,0.8408265078183172,0.33511111111111114,0.74
GO:0002819,41,GO:0002376,47,1,regulation of adaptive immune response,immune system process,0.9291068503350708,0.33055,0.585
GO:0034767,31,GO:0032879,47,12,positive regulation of monoatomic ion transmembrane transport,regulation of localization,0.8801813104988832,0.31555999999999995,0.683
GO:0010827,186,GO:0010827,47,1,regulation of D-glucose transmembrane transport,regulation of D-glucose transmembrane transport,0.9121170886075949,0.28300000000000003,0
GO:0044088,141,GO:0007033,47,12,regulation of vacuole organization,vacuole organization,0.894286113179449,0.25949999999999995,0.845
GO:1905954,140,GO:0010876,47,13,positive regulation of lipid localization,lipid localization,0.8907256142963514,0.24936000000000003,0.799
GO:1903725,63,GO:0006629,46,4,regulation of phospholipid metabolic process,lipid metabolic process,0.8763693224125093,0.4699939024390244,0.548
GO:0044786,70,GO:0006259,46,22,cell cycle DNA replication,DNA metabolic process,0.9050578927773641,0.42693518518518514,0.666
GO:0051258,36,GO:0043933,46,63,protein polymerization,protein-containing complex organization,0.929421444527178,0.4084032258064516,0.799
GO:0030838,17,GO:0044085,46,5,positive regulation of actin filament polymerization,cellular component biogenesis,0.8612900223380491,0.4083529411764706,0.512
GO:1902017,49,GO:0030030,46,12,regulation of cilium assembly,cell projection organization,0.8794685405807893,0.37151851851851847,0.644
GO:0048582,28,GO:0050793,46,26,positive regulation of post-embryonic development,regulation of developmental process,0.8943840282948623,0.3705294117647059,0.662
GO:0006754,76,GO:0055086,46,25,ATP biosynthetic process,nucleobase-containing small molecule metabolic process,0.8748142218912882,0.357139393939394,0.743
GO:0009066,116,GO:0006520,46,29,aspartate family amino acid metabolic process,amino acid metabolic process,0.908791697691735,0.3544910714285714,0.789
GO:2001244,48,GO:0043067,46,1,positive regulation of intrinsic apoptotic signaling pathway,regulation of programmed cell death,0.8961016381236039,0.33118000000000003,0.676
GO:0007009,77,GO:0061024,46,29,plasma membrane organization,membrane organization,0.9392274758004467,0.330906976744186,0.814
GO:0000079,27,GO:0065009,46,5,regulation of cyclin-dependent protein serine/threonine kinase activity,regulation of molecular function,0.8689726358897989,0.23288135593220338,0.833
GO:0002758,41,GO:0002376,46,3,innate immune response-activating signaling pathway,immune system process,0.8872877885331347,0.2285666666666667,0.632
GO:0030808,118,GO:0062012,46,1,regulation of nucleotide biosynthetic process,regulation of small molecule metabolic process,0.8618600148920328,0.22399999999999998,0.825
GO:0019217,171,GO:0010565,46,17,regulation of fatty acid metabolic process,regulation of ketone metabolic process,0.855057148175726,0.1948888888888889,0.996
GO:0033013,187,GO:0033013,46,6,tetrapyrrole metabolic process,tetrapyrrole metabolic process,0.9628955696202531,0.16842857142857148,0
GO:0051865,19,GO:0043412,45,5,protein autoubiquitination,macromolecule modification,0.940629746835443,0.5847127659574468,0.506
GO:0051952,43,GO:0071705,45,15,regulation of amine transport,nitrogen compound transport,0.9023387937453462,0.5028125,0.633
GO:0006641,63,GO:0006629,45,22,triglyceride metabolic process,lipid metabolic process,0.9395396500372301,0.4800426829268293,0.618
GO:0046889,63,GO:0006629,45,7,positive regulation of lipid biosynthetic process,lipid metabolic process,0.8710577066269546,0.4733170731707317,0.555
GO:0045747,53,GO:0007166,45,15,positive regulation of Notch signaling pathway,cell surface receptor signaling pathway,0.8852570737155622,0.460864406779661,0.667
GO:0060070,53,GO:0007166,45,52,canonical Wnt signaling pathway,cell surface receptor signaling pathway,0.910147244973939,0.4240508474576271,0.766
GO:0006626,29,GO:0033036,45,34,protein targeting to mitochondrion,macromolecule localization,0.9321329113924051,0.4233387096774194,0.643
GO:0055092,45,GO:0042592,45,4,sterol homeostasis,homeostatic process,0.9912259865971705,0.4147121212121212,0.697
GO:0042632,45,GO:0042592,45,4,cholesterol homeostasis,homeostatic process,0.9912259865971705,0.4147121212121212,0.697
GO:0046580,20,GO:0023052,45,15,negative regulation of Ras protein signal transduction,signaling,0.8840342516753537,0.40467,0.407
GO:0090307,46,GO:0007049,45,26,mitotic spindle assembly,cell cycle,0.9008289277736411,0.3952109375,0.602
GO:0006813,72,GO:0006811,45,126,potassium ion transport,monoatomic ion transport,0.9500050260610573,0.38709302325581396,0.738
GO:0031110,155,GO:0031023,45,22,regulation of microtubule polymerization or depolymerization,microtubule organizing center organization,0.8809465748324646,0.3844042553191489,0.632
GO:0043525,48,GO:0043067,45,4,positive regulation of neuron apoptotic process,regulation of programmed cell death,0.9263637379002234,0.3671,0.752
GO:0044042,109,GO:0005975,45,27,glucan metabolic process,carbohydrate metabolic process,0.9422594936708861,0.35308928571428566,0.782
GO:0005977,109,GO:0005975,45,27,glycogen metabolic process,carbohydrate metabolic process,0.9386450111690245,0.35194642857142855,0.782
GO:0032781,27,GO:0065009,45,1,positive regulation of ATP-dependent activity,regulation of molecular function,0.959298026805659,0.32852542372881355,0.753
GO:0007530,44,GO:0003006,45,41,sex determination,developmental process involved in reproduction,0.958434102755026,0.3267058823529412,0.744
GO:0090317,31,GO:0032879,45,3,negative regulation of intracellular protein transport,regulation of localization,0.8717243112434847,0.32620000000000005,0.613
GO:0061245,113,GO:0007163,45,10,establishment or maintenance of bipolar cell polarity,establishment or maintenance of cell polarity,0.9903534996276991,0.3055333333333333,0.795
GO:0035088,113,GO:0007163,45,10,establishment or maintenance of apical/basal cell polarity,establishment or maintenance of cell polarity,0.9903534996276991,0.3055333333333333,0.795
GO:0007043,127,GO:0050808,45,7,cell-cell junction assembly,synapse organization,0.9396651154132539,0.30333333333333334,0.764
GO:0007031,188,GO:0007031,45,24,peroxisome organization,peroxisome organization,0.9406885703648548,0.2506666666666667,0
GO:0016322,105,GO:0021700,45,8,neuron remodeling,developmental maturation,0.945277364110201,0.23831818181818176,0.844
GO:1905037,141,GO:0007033,45,43,autophagosome organization,vacuole organization,0.8870966120625465,0.23175,0.947
GO:1900371,118,GO:0062012,45,1,regulation of purine nucleotide biosynthetic process,regulation of small molecule metabolic process,0.8603791883842145,0.22199999999999998,0.825
GO:0048678,101,GO:0009611,45,40,response to axon injury,response to wounding,0.9619380119136263,0.2100833333333333,0.983
GO:0048675,67,GO:0040008,45,57,axon extension,regulation of growth,0.888771407297096,0.2046315789473684,0.847
GO:0007315,105,GO:0021700,45,16,pole plasm assembly,developmental maturation,0.8849977661950856,0.19527272727272726,0.894
GO:0006303,70,GO:0006259,44,7,double-strand break repair via nonhomologous end joining,DNA metabolic process,0.8992263588979896,0.5052407407407407,0.612
GO:0097006,190,GO:0097006,44,1,regulation of plasma lipoprotein particle levels,regulation of plasma lipoprotein particle levels,0.9644949739389427,0.5,0
GO:0070303,20,GO:0023052,44,1,negative regulation of stress-activated protein kinase signaling cascade,signaling,0.8954411764705883,0.49656999999999996,0.319
GO:2000242,39,GO:0044703,44,31,negative regulation of reproductive process,multi-organism reproductive process,0.9169087862993298,0.49634999999999996,0.391
GO:0006949,23,GO:0009653,44,9,syncytium formation,anatomical structure morphogenesis,0.9586855919583023,0.495,0.58
GO:0007622,65,GO:0007610,44,8,rhythmic behavior,behavior,0.9743443782576322,0.47824999999999995,0.59
GO:0032873,20,GO:0023052,44,1,negative regulation of stress-activated MAPK cascade,signaling,0.8948927773641102,0.46875999999999995,0.319
GO:0007080,75,GO:0051640,44,11,mitotic metaphase chromosome alignment,organelle localization,0.8765502606105733,0.3585068493150685,0.712
GO:0009064,116,GO:0006520,44,33,glutamine family amino acid metabolic process,amino acid metabolic process,0.9073168279970216,0.3541696428571428,0.809
GO:0046622,67,GO:0040008,44,4,positive regulation of organ growth,regulation of growth,0.9083002606105733,0.34989473684210526,0.701
GO:0000245,87,GO:0022613,44,21,spliceosomal complex assembly,ribonucleoprotein complex biogenesis,0.8670089352196575,0.34693103448275864,0.745
GO:1990089,54,GO:0009719,44,1,response to nerve growth factor,response to endogenous stimulus,0.9736481757259866,0.3334146341463414,0.705
GO:0010972,46,GO:0007049,44,19,negative regulation of G2/M transition of mitotic cell cycle,cell cycle,0.897987714072971,0.29659375,0.578
GO:0050766,89,GO:0098657,44,17,positive regulation of phagocytosis,import into cell,0.8336809381980641,0.2662592592592593,0.765
GO:0034308,126,GO:0006066,44,16,primary alcohol metabolic process,alcohol metabolic process,0.9249355919583023,0.26390625,0.884
GO:0055057,56,GO:0042127,44,13,neuroblast division,regulation of cell population proliferation,0.9395809754281459,0.24660000000000004,0.849
GO:2000785,141,GO:0007033,44,12,regulation of autophagosome assembly,vacuole organization,0.8457155621742368,0.23883333333333334,0.845
GO:0072525,163,GO:0072524,44,15,pyridine-containing compound biosynthetic process,pyridine-containing compound metabolic process,0.9430148920327625,0.2182857142857143,0.902
GO:0098869,88,GO:0009636,44,46,cellular oxidant detoxification,response to toxic substance,0.9464149292628444,0.21711111111111114,0.942
GO:0009308,189,GO:0009308,44,31,amine metabolic process,amine metabolic process,0.9550692479523455,0.20619999999999994,0
GO:1903036,101,GO:0009611,44,23,positive regulation of response to wounding,response to wounding,0.8965785554728221,0.20225000000000004,0.927
GO:0030183,92,GO:0030097,44,1,B cell differentiation,hemopoiesis,0.9472341772151899,0.08311111111111114,0.966
GO:0065002,43,GO:0071705,43,18,intracellular protein transmembrane transport,nitrogen compound transport,0.9267460908413998,0.5549,0.644
GO:0030330,20,GO:0023052,43,11,"DNA damage response, signal transduction by p53 class mediator",signaling,0.9108682055100521,0.55297,0.396
GO:0072350,35,GO:0044281,43,10,tricarboxylic acid metabolic process,small molecule metabolic process,0.9269380119136262,0.5288999999999999,0.529
GO:0050832,121,GO:0044419,43,31,defense response to fungus,biological process involved in interspecies interaction between organisms,0.9584417349218168,0.4688888888888889,0.714
GO:0009268,47,GO:0009628,43,13,response to pH,response to abiotic stimulus,0.9694043186895012,0.45547916666666666,0.691
GO:0033559,35,GO:0044281,43,12,unsaturated fatty acid metabolic process,small molecule metabolic process,0.9101625093075205,0.44771249999999996,0.552
GO:1904356,57,GO:0051276,43,2,regulation of telomere maintenance via telomere lengthening,chromosome organization,0.8500372300819061,0.3955238095238095,0.624
GO:1903317,132,GO:0006457,43,6,regulation of protein maturation,protein folding,0.8879640729709606,0.3901785714285714,0.656
GO:0061063,28,GO:0050793,43,25,positive regulation of nematode larval development,regulation of developmental process,0.8945696202531646,0.3720392156862745,0.66
GO:0090329,70,GO:0006259,43,13,regulation of DNA-templated DNA replication,DNA metabolic process,0.8815761355174981,0.36844444444444446,0.642
GO:0060179,30,GO:0022414,43,39,male mating behavior,reproductive process,0.957496835443038,0.35969444444444443,0.609
GO:0032231,112,GO:0097435,43,1,regulation of actin filament bundle assembly,supramolecular fiber organization,0.8974480640357408,0.34183870967741936,0.614
GO:0030952,113,GO:0007163,43,12,establishment or maintenance of cytoskeleton polarity,establishment or maintenance of cell polarity,0.9383963142218913,0.33573333333333333,0.823
GO:1990090,54,GO:0009719,43,1,cellular response to nerve growth factor stimulus,response to endogenous stimulus,0.9736438942665674,0.33292682926829265,0.705
GO:0046365,109,GO:0005975,43,10,monosaccharide catabolic process,carbohydrate metabolic process,0.9091930379746835,0.3191071428571428,0.7
GO:1904064,31,GO:0032879,43,12,positive regulation of cation transmembrane transport,regulation of localization,0.8794078555472822,0.31332000000000004,0.683
GO:0051438,27,GO:0065009,43,2,regulation of ubiquitin-protein transferase activity,regulation of molecular function,0.9573309754281459,0.2673728813559322,0.785
GO:0045773,28,GO:0050793,43,15,positive regulation of axon extension,regulation of developmental process,0.823038905435592,0.26531372549019605,0.64
GO:0070301,99,GO:0006979,43,3,cellular response to hydrogen peroxide,response to oxidative stress,0.9459826880119137,0.26311764705882357,0.718
GO:0008543,54,GO:0009719,43,10,fibroblast growth factor receptor signaling pathway,response to endogenous stimulus,0.9155873045420699,0.22556097560975608,0.838
GO:0033059,146,GO:0043473,43,1,cellular pigmentation,pigmentation,0.9931355174981384,0.22383333333333333,0.917
GO:0019674,163,GO:0072524,43,17,NAD metabolic process,pyridine-containing compound metabolic process,0.8935366716306776,0.21519047619047615,0.891
GO:0006576,189,GO:0009308,43,30,biogenic amine metabolic process,amine metabolic process,0.9550772524199553,0.20550000000000002,0.997
GO:0000768,23,GO:0009653,42,8,syncytium formation by plasma membrane fusion,anatomical structure morphogenesis,0.9588386075949367,0.49669230769230766,0.577
GO:0007173,53,GO:0007166,42,22,epidermal growth factor receptor signaling pathway,cell surface receptor signaling pathway,0.9148536857781087,0.41711864406779664,0.7
GO:2000779,70,GO:0006259,42,5,regulation of double-strand break repair,DNA metabolic process,0.8511316083395384,0.4131203703703704,0.599
GO:0007274,81,GO:0007267,42,17,neuromuscular synaptic transmission,cell-cell signaling,0.937852382725242,0.4107692307692308,0.709
GO:0060259,65,GO:0007610,42,63,regulation of feeding behavior,behavior,0.9213860759493671,0.37534375,0.736
GO:1902883,99,GO:0006979,42,4,negative regulation of response to oxidative stress,response to oxidative stress,0.9062351079672375,0.36282352941176477,0.744
GO:0050830,82,GO:0009607,42,76,defense response to Gram-positive bacterium,response to biotic stimulus,0.9559564408041697,0.3626666666666667,0.778
GO:0000132,75,GO:0051640,42,49,establishment of mitotic spindle orientation,organelle localization,0.8623093819806403,0.35969863013698633,0.813
GO:0051298,155,GO:0031023,42,21,centrosome duplication,microtubule organizing center organization,0.9176632539091586,0.35348936170212764,0.939
GO:0071616,111,GO:0006790,42,12,acyl-CoA biosynthetic process,sulfur compound metabolic process,0.8847898361876396,0.3445476190476191,0.755
GO:0035384,111,GO:0006790,42,12,thioester biosynthetic process,sulfur compound metabolic process,0.9417418093819806,0.3445476190476191,0.755
GO:0006415,108,GO:0022411,42,10,translational termination,cellular component disassembly,0.8863207371556218,0.31171111111111105,0.793
GO:0007160,114,GO:0030155,42,13,cell-matrix adhesion,regulation of cell adhesion,0.9895802308265078,0.29565384615384616,0.697
GO:2001237,48,GO:0043067,42,5,negative regulation of extrinsic apoptotic signaling pathway,regulation of programmed cell death,0.8882874162323157,0.27669999999999995,0.752
GO:0060147,90,GO:0010608,42,8,regulation of post-transcriptional gene silencing,post-transcriptional regulation of gene expression,0.8810411392405063,0.26690476190476187,0.722
GO:0048260,89,GO:0098657,42,10,positive regulation of receptor-mediated endocytosis,import into cell,0.8395463514519732,0.25937037037037036,0.731
GO:0032506,100,GO:0051301,42,21,cytokinetic process,cell division,0.9636005212211467,0.24604761904761907,0.762
GO:0046834,63,GO:0006629,41,2,lipid phosphorylation,lipid metabolic process,0.9352928145941921,0.6160670731707317,0.502
GO:0008354,69,GO:0048870,41,1,germ cell migration,cell motility,0.9749908786299329,0.5239512195121951,0.602
GO:0001508,13,GO:0065008,41,22,action potential,regulation of biological quality,0.9479166046165302,0.4997101449275362,0.669
GO:0048013,53,GO:0007166,41,6,ephrin receptor signaling pathway,cell surface receptor signaling pathway,0.9222190990320178,0.487593220338983,0.623
GO:0048512,65,GO:0007610,41,5,circadian behavior,behavior,0.9740830230826508,0.48621875000000003,0.568
GO:0006672,63,GO:0006629,41,34,ceramide metabolic process,lipid metabolic process,0.9338797468354431,0.47306097560975613,0.661
GO:0006941,55,GO:0003008,41,9,striated muscle contraction,system process,0.9718458674609084,0.4630142857142857,0.619
GO:0042078,100,GO:0051301,41,11,germ-line stem cell division,cell division,0.9406764705882353,0.4511428571428572,0.713
GO:0032007,20,GO:0023052,41,8,negative regulation of TOR signaling,signaling,0.8869949739389427,0.43417000000000006,0.392
GO:0051646,75,GO:0051640,41,10,mitochondrion localization,organelle localization,0.9585584512285927,0.4206712328767124,0.702
GO:0002028,31,GO:0032879,41,2,regulation of sodium ion transport,regulation of localization,0.9155610573343261,0.39690666666666663,0.613
GO:0015914,177,GO:0015748,41,29,phospholipid transport,organophosphate ester transport,0.9435372300819062,0.383,0.922
GO:0031338,77,GO:0061024,41,12,regulation of vesicle fusion,membrane organization,0.8455428145941921,0.36365116279069765,0.728
GO:0050805,22,GO:0010646,41,5,negative regulation of synaptic transmission,regulation of cell communication,0.9111911764705882,0.35883333333333334,0.638
GO:0097194,48,GO:0043067,41,20,execution phase of apoptosis,regulation of programmed cell death,0.9847284065524944,0.35697999999999996,0.716
GO:0006879,45,GO:0042592,41,16,intracellular iron ion homeostasis,homeostatic process,0.9901312360387193,0.3449393939393939,0.759
GO:0070613,132,GO:0006457,41,6,regulation of protein processing,protein folding,0.8862235666418466,0.34424999999999994,0.656
GO:0050709,31,GO:0032879,41,3,negative regulation of protein secretion,regulation of localization,0.8715586373790023,0.32786666666666664,0.613
GO:0045921,66,GO:0046903,41,3,positive regulation of exocytosis,secretion,0.886593261355175,0.3206363636363636,0.674
GO:0010043,110,GO:0010038,41,7,response to zinc ion,response to metal ion,0.9646578555472822,0.30932000000000004,0.817
GO:0035195,90,GO:0010608,41,19,miRNA-mediated post-transcriptional gene silencing,post-transcriptional regulation of gene expression,0.8743756515264334,0.2973809523809524,0.772
GO:0006998,151,GO:0006997,41,28,nuclear envelope organization,nucleus organization,0.9325318317200297,0.2963,0.934
GO:0042073,124,GO:0031503,41,25,intraciliary transport,protein-containing complex localization,0.8766742367833209,0.259375,0.946
GO:0036498,144,GO:0035966,41,120,IRE1-mediated unfolded protein response,response to topologically incorrect protein,0.8964177215189874,0.25711111111111107,0.904
GO:0033555,191,GO:0033555,40,1,multicellular organismal response to stress,multicellular organismal response to stress,0.9541215562174237,1,0
GO:0016101,63,GO:0006629,40,9,diterpenoid metabolic process,lipid metabolic process,0.9444274013402829,0.542280487804878,0.566
GO:0043574,115,GO:0051169,40,17,peroxisomal transport,nuclear transport,0.9406993670886076,0.5027719298245614,0.577
GO:0060326,52,GO:0040011,40,3,cell chemotaxis,locomotion,0.9452295234549516,0.4740833333333333,0.584
GO:0000731,70,GO:0006259,40,12,DNA synthesis involved in DNA repair,DNA metabolic process,0.8853166418466121,0.47378703703703706,0.666
GO:0035567,53,GO:0007166,40,13,non-canonical Wnt signaling pathway,cell surface receptor signaling pathway,0.918093261355175,0.4707796610169491,0.674
GO:0007520,94,GO:0061061,40,1,myoblast fusion,muscle structure development,0.9596558078927774,0.4055333333333333,0.678
GO:0045913,109,GO:0005975,40,4,positive regulation of carbohydrate metabolic process,carbohydrate metabolic process,0.8904110201042442,0.4003035714285714,0.653
GO:0045494,45,GO:0042592,40,6,photoreceptor cell maintenance,homeostatic process,0.9698211094564408,0.3939393939393939,0.697
GO:0000462,87,GO:0022613,40,23,"maturation of SSU-rRNA from tricistronic rRNA transcript (SSU-rRNA, 5.8S rRNA, LSU-rRNA)",ribonucleoprotein complex biogenesis,0.8759867833209233,0.3921034482758621,0.75
GO:0002685,69,GO:0048870,40,1,regulation of leukocyte migration,cell motility,0.9384782204020848,0.39039024390243904,0.602
GO:0006284,166,GO:0000077,40,10,base-excision repair,DNA damage checkpoint signaling,0.8951154132539092,0.38071428571428567,0.583
GO:0008637,93,GO:0007005,40,13,apoptotic mitochondrial changes,mitochondrion organization,0.9362021593447506,0.37672000000000005,0.798
GO:0071805,72,GO:0006811,40,114,potassium ion transmembrane transport,monoatomic ion transport,0.9406813104988831,0.37404651162790703,0.712
GO:0046662,30,GO:0022414,40,79,regulation of egg-laying behavior,reproductive process,0.9061733060312733,0.3628611111111111,0.646
GO:0050673,56,GO:0042127,40,1,epithelial cell proliferation,regulation of cell population proliferation,0.9916291883842144,0.35609999999999997,0.705
GO:0048168,22,GO:0010646,40,3,regulation of neuronal synaptic plasticity,regulation of cell communication,0.92409475055845125,0.3330833333333334,0.598
GO:0097191,48,GO:0043067,40,6,extrinsic apoptotic signaling pathway,regulation of programmed cell death,0.9178832836932241,0.33187999999999995,0.621
GO:1901799,26,GO:0051246,40,5,negative regulation of proteasomal protein catabolic process,regulation of protein metabolic process,0.8647645197319433,0.3182857142857143,0.696
GO:0032456,102,GO:0072657,40,33,endocytic recycling,protein localization to membrane,0.9304983246463142,0.31499999999999995,0.821
GO:0000002,93,GO:0007005,40,8,mitochondrial genome maintenance,mitochondrion organization,0.942129746835443,0.30448,0.798
GO:0046688,110,GO:0010038,40,15,response to copper ion,response to metal ion,0.9627593075204766,0.30008,0.872
GO:0050982,134,GO:0051606,40,16,detection of mechanical stimulus,detection of stimulus,0.9612836932241251,0.2736428571428572,0.802
GO:0010811,114,GO:0030155,40,2,positive regulation of cell-substrate adhesion,regulation of cell adhesion,0.9326814966492927,0.2648076923076923,0.874
GO:1901264,193,GO:1901264,40,42,carbohydrate derivative transport,carbohydrate derivative transport,0.9562325018615041,0.25880000000000003,0
GO:1901888,127,GO:0050808,40,39,regulation of cell junction assembly,synapse organization,0.8796437081161579,0.2522888888888889,0.879
GO:0043954,192,GO:0043954,40,8,cellular component maintenance,cellular component maintenance,0.9530396500372301,0.24740000000000006,0
GO:0000045,141,GO:0007033,40,43,autophagosome assembly,vacuole organization,0.8770208488458675,0.23175,0.947
GO:0019359,163,GO:0072524,40,10,nicotinamide nucleotide biosynthetic process,pyridine-containing compound metabolic process,0.8907989575577067,0.22085714285714286,0.858
GO:0045840,97,GO:0048285,40,7,positive regulation of mitotic nuclear division,organelle fission,0.8651511541325391,0.21678571428571425,0.677
GO:0019363,163,GO:0072524,40,12,pyridine nucleotide biosynthetic process,pyridine-containing compound metabolic process,0.8883490320178704,0.21519047619047615,0.882
GO:0030431,194,GO:0030431,39,32,sleep,sleep,0.9758449367088607,1,0
GO:0070050,45,GO:0042592,39,1,neuron cellular homeostasis,homeostatic process,0.9920714817572599,0.47571212121212125,0.615
GO:0090559,13,GO:0065008,39,10,regulation of membrane permeability,regulation of biological quality,0.950105547282204,0.47240579710144925,0.623
GO:0061512,29,GO:0033036,39,35,protein localization to cilium,macromolecule localization,0.9358957557706626,0.450758064516129,0.634
GO:0009112,76,GO:0055086,39,23,nucleobase metabolic process,nucleobase-containing small molecule metabolic process,0.9030377885331348,0.43412121212121213,0.729
GO:0002011,33,GO:0009888,39,1,morphogenesis of an epithelial sheet,tissue development,0.9689653760238273,0.4241698113207547,0.639
GO:0044273,111,GO:0006790,39,13,sulfur compound catabolic process,sulfur compound metabolic process,0.9348603871928518,0.4145714285714286,0.758
GO:0006334,36,GO:0043933,39,18,nucleosome assembly,protein-containing complex organization,0.9344383842144453,0.4119677419354839,0.701
GO:0009185,76,GO:0055086,39,37,ribonucleoside diphosphate metabolic process,nucleobase-containing small molecule metabolic process,0.8899677959791512,0.3935272727272727,0.768
GO:0035262,44,GO:0003006,39,39,gonad morphogenesis,developmental process involved in reproduction,0.93725,0.39332352941176474,0.718
GO:0060281,28,GO:0050793,39,13,regulation of oocyte development,regulation of developmental process,0.8871064780342517,0.39178431372549016,0.626
GO:0046716,45,GO:0042592,39,19,muscle cell cellular homeostasis,homeostatic process,0.9906120625465376,0.37949999999999995,0.774
GO:0019915,175,GO:0010883,39,53,lipid storage,regulation of lipid storage,0.99152922561429635,0.36549999999999994,0.917
GO:0000387,87,GO:0022613,39,17,spliceosomal snRNP assembly,ribonucleoprotein complex biogenesis,0.8696165301563663,0.36427586206896556,0.727
GO:0070252,96,GO:0030029,39,4,actin-mediated cell contraction,actin filament-based process,0.9858600148920328,0.3620526315789474,0.669
GO:0043470,109,GO:0005975,39,4,regulation of carbohydrate catabolic process,carbohydrate metabolic process,0.8916787043931497,0.355125,0.653
GO:0007549,83,GO:0006325,39,13,sex-chromosome dosage compensation,chromatin organization,0.8682997021593447,0.35087500000000005,0.734
GO:1902930,118,GO:0062012,39,1,regulation of alcohol biosynthetic process,regulation of small molecule metabolic process,0.8850052122114669,0.34073333333333333,0.792
GO:0010824,155,GO:0031023,39,12,regulation of centrosome duplication,microtubule organizing center organization,0.8735599404318689,0.3384893617021276,0.897
GO:0006625,188,GO:0007031,39,1,protein targeting to peroxisome,peroxisome organization,0.9107088607594936,0.3251666666666667,0.792
GO:0006493,142,GO:0070085,39,36,protein O-linked glycosylation,glycosylation,0.9078121742367833,0.3179375,0.832
GO:0042398,152,GO:0006575,39,18,modified amino acid biosynthetic process,modified amino acid metabolic process,0.9458244601638124,0.2850769230769231,0.871
GO:0032411,27,GO:0065009,39,11,positive regulation of transporter activity,regulation of molecular function,0.8897295234549516,0.23686440677966103,0.878
GO:0072663,188,GO:0007031,39,12,establishment of protein localization to peroxisome,peroxisome organization,0.8954538346984363,0.22966666666666669,0.942
GO:0072662,188,GO:0007031,39,12,protein localization to peroxisome,peroxisome organization,0.8978324646314222,0.22966666666666669,0.942
GO:1901879,108,GO:0022411,39,25,regulation of protein depolymerization,cellular component disassembly,0.8877282204020849,0.22953333333333337,0.858
GO:0048278,153,GO:0022406,39,19,vesicle docking,membrane docking,0.9417371556217423,0.2102222222222222,0.971
GO:0050864,80,GO:0001775,39,1,regulation of B cell activation,cell activation,0.9238909158600149,0.11829411764705877,0.883
GO:0061515,92,GO:0030097,39,1,myeloid cell development,hemopoiesis,0.962473380491437,0.10144444444444445,0.966
GO:0006101,35,GO:0044281,38,4,citrate metabolic process,small molecule metabolic process,0.9316381236038719,0.55855,0.482
GO:0002250,41,GO:0002376,38,4,adaptive immune response,immune system process,0.96905156366344,0.5097333333333334,0.645
GO:0070125,107,GO:0006412,38,5,mitochondrial translational elongation,translation,0.9339421072226359,0.486625,0.615
GO:0042446,13,GO:0065008,38,11,hormone biosynthetic process,regulation of biological quality,0.911108339538347,0.46366666666666667,0.628
GO:0030148,63,GO:0006629,38,41,sphingolipid biosynthetic process,lipid metabolic process,0.9248056589724497,0.4326524390243902,0.683
GO:1903432,20,GO:0023052,38,17,regulation of TORC1 signaling,signaling,0.9001947133283693,0.42913,0.416
GO:0043628,10,GO:0048519,38,2,regulatory ncRNA 3'-end processing,negative regulation of biological process,0.8751418466120625,0.4177777777777778,0.477
GO:0006959,41,GO:0002376,38,5,humoral immune response,immune system process,0.9674374534623976,0.41233333333333333,0.656
GO:0070126,108,GO:0022411,38,1,mitochondrial translational termination,cellular component disassembly,0.9002576321667908,0.39917777777777774,0.668
GO:0051984,46,GO:0007049,38,6,positive regulation of chromosome segregation,cell cycle,0.906509121370067,0.39557031249999997,0.515
GO:0048644,94,GO:0061061,38,5,muscle organ morphogenesis,muscle structure development,0.9642969099032018,0.3694333333333333,0.764
GO:0061572,112,GO:0097435,38,11,actin filament bundle organization,supramolecular fiber organization,0.9377133283693224,0.33499999999999996,0.729
GO:0099173,127,GO:0050808,38,8,postsynapse organization,synapse organization,0.947397244973939,0.32828888888888885,0.82
GO:1990928,84,GO:0031667,38,13,response to amino acid starvation,response to nutrient levels,0.9654110201042442,0.29561904761904767,0.854
GO:0002698,41,GO:0002376,38,2,negative regulation of immune effector process,immune system process,0.933571854058079,0.27551666666666663,0.614
GO:1900077,54,GO:0009719,38,3,negative regulation of cellular response to insulin stimulus,response to endogenous stimulus,0.8864342889054356,0.27139024390243904,0.793
GO:0060964,90,GO:0010608,38,5,regulation of miRNA-mediated gene silencing,post-transcriptional regulation of gene expression,0.8835024199553239,0.25923809523809527,0.697
GO:0055059,56,GO:0042127,38,12,asymmetric neuroblast division,regulation of cell population proliferation,0.9378937081161578,0.24849999999999994,0.846
GO:0002702,41,GO:0002376,38,3,positive regulation of production of molecular mediator of immune response,immune system process,0.8796576693968727,0.23470000000000002,0.632
GO:0098773,15,GO:0048513,37,1,skin epidermis development,animal organ development,0.9703981757259866,0.5427647058823529,0.547
GO:0046470,63,GO:0006629,37,15,phosphatidylcholine metabolic process,lipid metabolic process,0.9195126582278481,0.47721341463414635,0.627
GO:0010257,36,GO:0043933,37,15,NADH dehydrogenase complex assembly,protein-containing complex organization,0.9362051377513031,0.46496774193548385,0.707
GO:0010470,28,GO:0050793,37,2,regulation of gastrulation,regulation of developmental process,0.9191345867460908,0.4554509803921569,0.533
GO:0032981,36,GO:0043933,37,15,mitochondrial respiratory chain complex I assembly,protein-containing complex organization,0.927978592702904,0.4471935483870968,0.707
GO:0009584,47,GO:0009628,37,5,detection of visible light,response to abiotic stimulus,0.9646950856291884,0.4363125,0.641
GO:0030716,103,GO:0045165,37,3,oocyte fate determination,cell fate commitment,0.9633207371556217,0.4149473684210526,0.654
GO:0032008,20,GO:0023052,37,15,positive regulation of TOR signaling,signaling,0.8817211466865227,0.41306,0.416
GO:0007602,47,GO:0009628,37,13,phototransduction,response to abiotic stimulus,0.9126558078927773,0.4039166666666667,0.691
GO:0009069,116,GO:0006520,37,26,serine family amino acid metabolic process,amino acid metabolic process,0.9078227848101266,0.3624464285714286,0.802
GO:0098661,185,GO:0015698,37,116,inorganic anion transmembrane transport,inorganic anion transport,0.9436615785554728,0.3502857142857143,0.961
GO:2000059,26,GO:0051246,37,3,negative regulation of ubiquitin-dependent protein catabolic process,regulation of protein metabolic process,0.8687384586746091,0.33199999999999996,0.671
GO:0019320,109,GO:0005975,37,8,hexose catabolic process,carbohydrate metabolic process,0.910430938198064,0.3228928571428572,0.688
GO:0090224,68,GO:0007017,37,7,regulation of spindle organization,microtubule-based process,0.8760670141474312,0.32225000000000004,0.632
GO:0051985,46,GO:0007049,37,12,negative regulation of chromosome segregation,cell cycle,0.8981200670141474,0.3188515625,0.58
GO:0032088,27,GO:0065009,37,1,negative regulation of NF-kappaB transcription factor activity,regulation of molecular function,0.8944316827997022,0.3141694915254237,0.753
GO:1905953,140,GO:0010876,37,8,negative regulation of lipid localization,lipid localization,0.8898348845867461,0.26396,0.777
GO:0006904,153,GO:0022406,37,14,vesicle docking involved in exocytosis,membrane docking,0.9374192107222636,0.22244444444444444,0.942
GO:0045839,97,GO:0048285,37,12,negative regulation of mitotic nuclear division,organelle fission,0.854684102755026,0.1776428571428571,0.742
GO:0071985,40,GO:0016192,36,22,multivesicular body sorting pathway,vesicle-mediated transport,0.9481329113924051,0.5420370370370371,0.646
GO:0007229,53,GO:0007166,36,11,integrin-mediated signaling pathway,cell surface receptor signaling pathway,0.9193704393149665,0.5045932203389831,0.663
GO:0009409,47,GO:0009628,36,3,response to cold,response to abiotic stimulus,0.9654633283693224,0.50225,0.63
GO:0006687,63,GO:0006629,36,14,glycosphingolipid metabolic process,lipid metabolic process,0.9258093819806403,0.4989268292682927,0.602
GO:0046888,13,GO:0065008,36,1,negative regulation of hormone secretion,regulation of biological quality,0.8732630305286672,0.49850724637681154,0.523
GO:0006301,70,GO:0006259,36,14,postreplication repair,DNA metabolic process,0.8922840655249442,0.4841944444444445,0.673
GO:0046329,20,GO:0023052,36,2,negative regulation of JNK cascade,signaling,0.895084512285927,0.4618,0.349
GO:1904377,29,GO:0033036,36,13,positive regulation of protein localization to cell periphery,macromolecule localization,0.8732520476545048,0.43743548387096776,0.57
GO:0006026,58,GO:1901135,36,12,aminoglycan catabolic process,carbohydrate derivative metabolic process,0.9190372300819062,0.42844000000000004,0.633
GO:0099518,115,GO:0051169,36,16,vesicle cytoskeletal trafficking,nuclear transport,0.9332090469099033,0.4205438596491228,0.581
GO:0051057,20,GO:0023052,36,11,positive regulation of small GTPase mediated signal transduction,signaling,0.8835912137006702,0.40869,0.404
GO:0055081,45,GO:0042592,36,7,monoatomic anion homeostasis,homeostatic process,0.9910757632166791,0.40627272727272723,0.705
GO:0031109,155,GO:0031023,36,39,microtubule polymerization or depolymerization,microtubule organizing center organization,0.92884158600148925,0.39670212765957447,0.67
GO:0007062,57,GO:0051276,36,27,sister chromatid cohesion,chromosome organization,0.9208371183916605,0.3730714285714286,0.801
GO:0006826,72,GO:0006811,36,21,iron ion transport,monoatomic ion transport,0.9560033507073715,0.3568837209302326,0.593
GO:0043297,127,GO:0050808,36,2,apical junction assembly,synapse organization,0.944605547282204,0.3525111111111111,0.69
GO:0051492,112,GO:0097435,36,1,regulation of stress fiber assembly,supramolecular fiber organization,0.8969110201042443,0.3233870967741935,0.614
GO:0045197,113,GO:0007163,36,10,establishment or maintenance of epithelial cell apical/basal polarity,establishment or maintenance of cell polarity,0.9903534996276991,0.3055333333333333,0.795
GO:0046364,109,GO:0005975,36,12,monosaccharide biosynthetic process,carbohydrate metabolic process,0.9083899851079672,0.304875,0.737
GO:0016242,62,GO:0009894,36,6,negative regulation of macroautophagy,regulation of catabolic process,0.8814780342516754,0.27127272727272733,0.749
GO:0034198,84,GO:0031667,36,13,cellular response to amino acid starvation,response to nutrient levels,0.952265078183172,0.27076190476190476,0.854
GO:0046627,54,GO:0009719,36,3,negative regulation of insulin receptor signaling pathway,response to endogenous stimulus,0.8781450111690245,0.268,0.793
GO:0034243,173,GO:0006354,36,11,regulation of transcription elongation by RNA polymerase II,DNA-templated transcription elongation,0.8851718168279971,0.2108,0.905
GO:0106027,49,GO:0030030,35,4,neuron projection organization,cell projection organization,0.9503728592702904,0.5449259259259259,0.574
GO:0001523,63,GO:0006629,35,9,retinoid metabolic process,lipid metabolic process,0.9444274013402829,0.542280487804878,0.566
GO:0035418,29,GO:0033036,35,31,protein localization to synapse,macromolecule localization,0.9393691362620997,0.5200564516129031,0.611
GO:0035112,11,GO:0048731,35,32,genitalia morphogenesis,system development,0.9383723008190618,0.5021489361702127,0.611
GO:0033138,19,GO:0043412,35,2,positive regulation of peptidyl-serine phosphorylation,macromolecule modification,0.8635893521965748,0.4919468085106383,0.47
GO:0072665,29,GO:0033036,35,16,protein localization to vacuole,macromolecule localization,0.9395444899478779,0.4862741935483871,0.582
GO:0090207,63,GO:0006629,35,2,regulation of triglyceride metabolic process,lipid metabolic process,0.90125,0.47693292682926824,0.502
GO:0002440,41,GO:0002376,35,5,production of molecular mediator of immune response,immune system process,0.9381040580789277,0.46304999999999996,0.656
GO:0006893,40,GO:0016192,35,19,Golgi to plasma membrane transport,vesicle-mediated transport,0.9361526433358154,0.45951851851851855,0.627
GO:0035825,70,GO:0006259,35,44,homologous recombination,DNA metabolic process,0.9245915860014892,0.45484259259259263,0.727
GO:0007131,70,GO:0006259,35,44,reciprocal meiotic recombination,DNA metabolic process,0.8474871556217424,0.45347222222222217,0.727
GO:0008355,55,GO:0003008,35,23,olfactory learning,system process,0.9338153387937453,0.4529857142857143,0.665
GO:0008045,49,GO:0030030,35,33,motor neuron axon guidance,cell projection organization,0.8956371928518243,0.45051851851851854,0.714
GO:0046579,20,GO:0023052,35,8,positive regulation of Ras protein signal transduction,signaling,0.887168652271035,0.42293000000000003,0.385
GO:0045739,70,GO:0006259,35,7,positive regulation of DNA repair,DNA metabolic process,0.8316803797468355,0.4123888888888889,0.622
GO:0009135,76,GO:0055086,35,35,purine nucleoside diphosphate metabolic process,nucleobase-containing small molecule metabolic process,0.891524199553239,0.4016727272727273,0.752
GO:0009179,76,GO:0055086,35,35,purine ribonucleoside diphosphate metabolic process,nucleobase-containing small molecule metabolic process,0.8915130305286671,0.40130909090909095,0.752
GO:0061842,196,GO:0061842,35,15,microtubule organizing center localization,microtubule organizing center localization,0.9593164556962025,0.3866666666666667,0
GO:0040020,39,GO:0044703,35,18,regulation of meiotic nuclear division,multi-organism reproductive process,0.865000372300819,0.361375,0.373
GO:0030951,113,GO:0007163,35,7,establishment or maintenance of microtubule cytoskeleton polarity,establishment or maintenance of cell polarity,0.935102382725242,0.3564666666666667,0.789
GO:0051017,112,GO:0097435,35,10,actin filament bundle assembly,supramolecular fiber organization,0.9309994415487715,0.3364838709677419,0.723
GO:0000460,123,GO:0016072,35,27,maturation of 5.8S rRNA,rRNA metabolic process,0.876174236783321,0.3314166666666667,0.819
GO:0006099,104,GO:0006091,35,25,tricarboxylic acid cycle,generation of precursor metabolites and energy,0.9490729709605361,0.2587391304347826,0.839
GO:0046685,195,GO:0046685,35,8,response to arsenic-containing substance,response to arsenic-containing substance,0.9661738644825019,0.24916666666666665,0
GO:0046173,126,GO:0006066,35,22,polyol biosynthetic process,alcohol metabolic process,0.9095889798957557,0.17693749999999997,0.906
GO:0072595,131,GO:0051235,35,6,maintenance of protein localization in organelle,maintenance of location,0.9420005584512285,0.17318750000000005,0.9
GO:0032481,120,GO:0001817,35,1,positive regulation of type I interferon production,regulation of cytokine production,0.8755403946388682,0.12716666666666665,0.966
GO:0021675,11,GO:0048731,34,4,nerve development,system development,0.9606053611317945,0.5986595744680852,0.502
GO:0010172,23,GO:0009653,34,38,embryonic body morphogenesis,anatomical structure morphogenesis,0.9522768056589724,0.5297692307692308,0.633
GO:0045879,53,GO:0007166,34,2,negative regulation of smoothened signaling pathway,cell surface receptor signaling pathway,0.899096053611318,0.5214576271186441,0.566
GO:0007266,20,GO:0023052,34,22,Rho protein signal transduction,signaling,0.9135450483991064,0.50498,0.434
GO:0071230,14,GO:0042221,34,6,cellular response to amino acid stimulus,response to chemical,0.9525430007446016,0.492,0.529
GO:0007588,55,GO:0003008,34,49,excretion,system process,0.969484921816828,0.4838,0.723
GO:0046902,13,GO:0065008,34,9,regulation of mitochondrial membrane permeability,regulation of biological quality,0.8753533134772896,0.47410144927536235,0.618
GO:0036296,47,GO:0009628,34,3,response to increased oxygen levels,response to abiotic stimulus,0.9717254281459419,0.4736458333333333,0.617
GO:0032206,57,GO:0051276,34,1,positive regulation of telomere maintenance,chromosome organization,0.8411397989575577,0.42228571428571426,0.596
GO:0007608,55,GO:0003008,34,190,sensory perception of smell,system process,0.966734921816828,0.41858571428571423,0.81
GO:1900181,31,GO:0032879,34,10,negative regulation of protein localization to nucleus,regulation of localization,0.873954765450484,0.4156533333333333,0.673
GO:0051402,48,GO:0043067,34,13,neuron apoptotic process,regulation of programmed cell death,0.9857520476545049,0.40032,0.664
GO:0051642,196,GO:0061842,34,15,centrosome localization,microtubule organizing center localization,0.9593164556962025,0.3866666666666667,1
GO:0040019,28,GO:0050793,34,23,positive regulation of embryonic development,regulation of developmental process,0.893114296351452,0.3773921568627451,0.66
GO:0006911,77,GO:0061024,34,33,"phagocytosis, engulfment",membrane organization,0.8975912137006702,0.3284651162790698,0.831
GO:0097352,108,GO:0022411,34,11,autophagosome maturation,cellular component disassembly,0.895620625465376,0.31162222222222224,0.793
GO:0048581,28,GO:0050793,34,64,negative regulation of post-embryonic development,regulation of developmental process,0.882310312732688,0.3086274509803921,0.732
GO:1902369,62,GO:0009894,34,10,negative regulation of RNA catabolic process,regulation of catabolic process,0.8532161206254654,0.2821818181818182,0.793
GO:2000378,154,GO:2000377,34,2,negative regulation of reactive oxygen species metabolic process,regulation of reactive oxygen species metabolic process,0.902481384959047,0.2479,0.953
GO:0043242,108,GO:0022411,34,19,negative regulation of protein-containing complex disassembly,cellular component disassembly,0.8686597170513775,0.2477111111111111,0.844
GO:0061014,71,GO:0016071,34,22,positive regulation of mRNA catabolic process,mRNA metabolic process,0.8202788533134773,0.23524137931034483,0.735
GO:2001169,118,GO:0062012,34,1,regulation of ATP biosynthetic process,regulation of small molecule metabolic process,0.8532485107967238,0.22199999999999998,0.825
GO:0070570,150,GO:0031099,34,31,regulation of neuron projection regeneration,regeneration,0.8097410647803425,0.15692307692307694,0.97
GO:1901343,79,GO:0072359,34,1,negative regulation of vasculature development,circulatory system development,0.9068644825018615,0.09999999999999998,0.966
GO:0044743,43,GO:0071705,33,33,protein transmembrane import into intracellular organelle,nitrogen compound transport,0.9250631049888309,0.536875,0.687
GO:1902743,49,GO:0030030,33,3,regulation of lamellipodium organization,cell projection organization,0.9072916976917349,0.48598148148148146,0.562
GO:0051055,63,GO:0006629,33,7,negative regulation of lipid biosynthetic process,lipid metabolic process,0.8699646314221892,0.4698658536585366,0.561
GO:0002833,82,GO:0009607,33,12,positive regulation of response to biotic stimulus,response to biotic stimulus,0.9054136262099777,0.46072222222222226,0.651
GO:0006027,58,GO:1901135,33,5,glycosaminoglycan catabolic process,carbohydrate derivative metabolic process,0.9236639985107967,0.45614,0.583
GO:0045475,65,GO:0007610,33,2,locomotor rhythm,behavior,0.9750692479523455,0.45296875000000003,0.529
GO:0046854,63,GO:0006629,33,26,phosphatidylinositol phosphate biosynthetic process,lipid metabolic process,0.9069508562918839,0.4340304878048781,0.646
GO:0030166,58,GO:1901135,33,52,proteoglycan biosynthetic process,carbohydrate derivative metabolic process,0.9100416976917349,0.42135,0.737
GO:1903533,31,GO:0032879,33,7,regulation of protein targeting,regulation of localization,0.8937822040208488,0.40528,0.654
GO:0051279,31,GO:0032879,33,1,regulation of release of sequestered calcium ion into cytosol,regulation of localization,0.8786978778853314,0.40324000000000004,0.568
GO:0009225,34,GO:0006793,33,25,nucleotide-sugar metabolic process,phosphorus metabolic process,0.8869086001489204,0.40042857142857147,0.61
GO:0046621,67,GO:0040008,33,1,negative regulation of organ growth,regulation of growth,0.9116971332836932,0.3844736842105263,0.638
GO:0006458,132,GO:0006457,33,18,'de novo' protein folding,protein folding,0.9319447133283694,0.3834642857142857,0.819
GO:0045806,31,GO:0032879,33,8,negative regulation of endocytosis,regulation of localization,0.8412812732688012,0.37344,0.667
GO:0032272,17,GO:0044085,33,24,negative regulation of protein polymerization,cellular component biogenesis,0.8622624720774386,0.3682941176470589,0.606
GO:0000096,111,GO:0006790,33,25,sulfur amino acid metabolic process,sulfur compound metabolic process,0.9134411764705882,0.35350000000000004,0.842
GO:2000647,56,GO:0042127,33,1,negative regulation of stem cell proliferation,regulation of cell population proliferation,0.9351155994043187,0.32835000000000003,0.763
GO:0007044,127,GO:0050808,33,16,cell-substrate junction assembly,synapse organization,0.9377127699180938,0.31191111111111114,0.797
GO:0001706,33,GO:0009888,33,20,endoderm formation,tissue development,0.9493002606105734,0.28724528301886787,0.816
GO:1903573,16,GO:0048583,33,8,negative regulation of response to endoplasmic reticulum stress,regulation of response to stimulus,0.8899787788533134,0.2614347826086957,0.62
GO:0032414,27,GO:0065009,33,11,positive regulation of ion transmembrane transporter activity,regulation of molecular function,0.8744743112434847,0.23686440677966103,0.878
GO:0002221,41,GO:0002376,33,3,pattern recognition receptor signaling pathway,immune system process,0.8872877885331347,0.2285666666666667,0.632
GO:0017158,66,GO:0046903,33,16,regulation of calcium ion-dependent exocytosis,secretion,0.8901036857781087,0.22060606060606058,0.778
GO:0071772,54,GO:0009719,33,20,response to BMP,response to endogenous stimulus,0.9681986224869694,0.20204878048780484,0.88
GO:0048679,150,GO:0031099,33,31,regulation of axon regeneration,regeneration,0.8063903574087863,0.15692307692307694,0.97
GO:0006706,63,GO:0006629,32,1,steroid catabolic process,lipid metabolic process,0.9377673119880864,0.5954695121951219,0.477
GO:0061525,11,GO:0048731,32,3,hindgut development,system development,0.9606010796723753,0.575531914893617,0.491
GO:0032509,40,GO:0016192,32,21,endosome transport via multivesicular body sorting pathway,vesicle-mediated transport,0.9357419955323901,0.5408888888888889,0.637
GO:1900034,47,GO:0009628,32,6,regulation of cellular response to heat,response to abiotic stimulus,0.9061816827997021,0.46675,0.65
GO:0072666,29,GO:0033036,32,16,establishment of protein localization to vacuole,macromolecule localization,0.9369746835443038,0.46325000000000005,0.582
GO:0006891,40,GO:0016192,32,22,intra-Golgi vesicle-mediated transport,vesicle-mediated transport,0.9478447505584512,0.46218518518518514,0.637
GO:0009452,59,GO:0006396,32,6,7-methylguanosine RNA capping,RNA processing,0.9261438942665674,0.45821875,0.587
GO:0036260,59,GO:0006396,32,7,RNA capping,RNA processing,0.9254491809381981,0.45365625,0.595
GO:1901797,20,GO:0023052,32,10,negative regulation of signal transduction by p53 class mediator,signaling,0.88697617274758,0.43316,0.392
GO:0008156,70,GO:0006259,32,5,negative regulation of DNA replication,DNA metabolic process,0.8708561057334326,0.41020370370370374,0.592
GO:1901659,58,GO:1901135,32,25,glycosyl compound biosynthetic process,carbohydrate derivative metabolic process,0.9276100148920328,0.39004000000000005,0.675
GO:0048566,15,GO:0048513,32,33,embryonic digestive tract development,animal organ development,0.9490374162323157,0.38517647058823534,0.732
GO:0033363,98,GO:0010256,32,5,secretory granule organization,endomembrane system organization,0.9436530156366344,0.3775294117647059,0.726
GO:0060795,42,GO:0009790,32,60,cell fate commitment involved in formation of primary germ layer,embryo development,0.9349141846612062,0.3587272727272728,0.776
GO:0032890,156,GO:0046942,32,4,regulation of organic acid transport,carboxylic acid transport,0.9133862620997766,0.3474285714285714,0.741
GO:0034333,127,GO:0050808,32,3,adherens junction assembly,synapse organization,0.9433423306031273,0.33882222222222225,0.708
GO:1902667,52,GO:0040011,32,37,regulation of axon guidance,locomotion,0.8000833953834698,0.33075,0.765
GO:0033046,46,GO:0007049,32,12,negative regulation of sister chromatid segregation,cell cycle,0.8533252047654505,0.31125,0.578
GO:0046164,126,GO:0006066,32,8,alcohol catabolic process,alcohol metabolic process,0.9151818689501117,0.28615625,0.823
GO:0051155,94,GO:0061061,32,12,positive regulation of striated muscle cell differentiation,muscle structure development,0.8936399851079673,0.2830666666666667,0.803
GO:2000142,147,GO:0006352,32,3,regulation of DNA-templated transcription initiation,DNA-templated transcription initiation,0.893361504095309,0.2514545454545455,0.772
GO:0006582,158,GO:0042440,32,2,melanin metabolic process,pigment metabolic process,0.9631623231571109,0.2396666666666667,0.917
GO:0006739,163,GO:0072524,32,13,NADP metabolic process,pyridine-containing compound metabolic process,0.8960281087118391,0.2178095238095238,0.865
GO:0071773,54,GO:0009719,32,20,cellular response to BMP stimulus,response to endogenous stimulus,0.9681926656738645,0.20141463414634142,0.88
GO:0070936,19,GO:0043412,31,3,protein K48-linked ubiquitination,macromolecule modification,0.9422392032762472,0.5866702127659574,0.485
GO:0007442,11,GO:0048731,31,2,hindgut morphogenesis,system development,0.9586373790022338,0.5803404255319149,0.476
GO:0072332,20,GO:0023052,31,7,intrinsic apoptotic signaling pathway by p53 class mediator,signaling,0.913430565897245,0.5561,0.392
GO:0009914,13,GO:0065008,31,4,hormone transport,regulation of biological quality,0.9240305286671631,0.46879710144927533,0.579
GO:0045005,70,GO:0006259,31,10,DNA-templated DNA replication maintenance of fidelity,DNA metabolic process,0.9315256887565153,0.4606111111111111,0.622
GO:0033260,70,GO:0006259,31,14,nuclear DNA replication,DNA metabolic process,0.9077749441548771,0.4391481481481482,0.639
GO:0042307,115,GO:0051169,31,4,positive regulation of protein import into nucleus,nuclear transport,0.869683730454207,0.4387894736842105,0.756
GO:0006370,59,GO:0006396,31,5,7-methylguanosine mRNA capping,RNA processing,0.9245696202531646,0.4343125,0.578
GO:0010165,47,GO:0009628,31,9,response to X-ray,response to abiotic stimulus,0.968987341772152,0.4179166666666667,0.681
GO:0045138,44,GO:0003006,31,111,nematode male tail tip morphogenesis,developmental process involved in reproduction,0.9380556589724497,0.37782352941176467,0.791
GO:0060236,68,GO:0007017,31,3,regulation of mitotic spindle organization,microtubule-based process,0.8822291511541326,0.3537083333333333,0.586
GO:0000422,129,GO:0061919,31,33,autophagy of mitochondrion,process utilizing autophagic mechanism,0.9407325018615041,0.35086666666666666,0.816
GO:0033619,199,GO:0033619,31,16,membrane protein proteolysis,membrane protein proteolysis,0.9409326135517498,0.33666666666666667,0
GO:0043266,31,GO:0032879,31,16,regulation of potassium ion transport,regulation of localization,0.9055850707371557,0.32528,0.709
GO:0007007,93,GO:0007005,31,20,inner mitochondrial membrane organization,mitochondrion organization,0.934111504095309,0.30992,0.842
GO:0035987,33,GO:0009888,31,20,endodermal cell differentiation,tissue development,0.9393415860014892,0.28724528301886787,0.816
GO:0072523,95,GO:0072521,31,42,purine-containing compound catabolic process,purine-containing compound metabolic process,0.929216679076694,0.28369999999999995,0.823
GO:0006111,109,GO:0005975,31,4,regulation of gluconeogenesis,carbohydrate metabolic process,0.8701766567386449,0.28251785714285715,0.653
GO:0006360,197,GO:0006360,31,22,transcription by RNA polymerase I,transcription by RNA polymerase I,0.9246465003723008,0.2653333333333333,0
GO:0072348,200,GO:0072348,31,17,sulfur compound transport,sulfur compound transport,0.9595433730454207,0.2439,0
GO:0045214,60,GO:0032989,31,39,sarcomere organization,cellular anatomical entity morphogenesis,0.8845443037974684,0.24062499999999998,0.955
GO:0044550,170,GO:0019748,31,13,secondary metabolite biosynthetic process,secondary metabolic process,0.9493929635145197,0.23483333333333334,0.996
GO:0002920,41,GO:0002376,31,5,regulation of humoral immune response,immune system process,0.9218834698436337,0.22109999999999996,0.656
GO:0007586,198,GO:0007586,31,58,digestion,digestion,0.9725318317200298,0.21271428571428574,0
GO:0008206,63,GO:0006629,30,2,bile acid metabolic process,lipid metabolic process,0.9211586001489204,0.6071280487804878,0.502
GO:0048015,20,GO:0023052,30,10,phosphatidylinositol-mediated signaling,signaling,0.9203648548026806,0.59353,0.389
GO:0035337,63,GO:0006629,30,5,fatty-acyl-CoA metabolic process,lipid metabolic process,0.8956330975428146,0.5584146341463414,0.539
GO:0090181,63,GO:0006629,30,1,regulation of cholesterol metabolic process,lipid metabolic process,0.87957539091586,0.5353536585365853,0.477
GO:0036297,70,GO:0006259,30,7,interstrand cross-link repair,DNA metabolic process,0.9004871556217424,0.5320092592592592,0.606
GO:0070286,155,GO:0031023,30,1,axonemal dynein complex assembly,microtubule organizing center organization,0.9294633283693224,0.5211914893617021,0.513
GO:0006821,72,GO:0006811,30,101,chloride transport,monoatomic ion transport,0.9524690990320178,0.49558139534883716,0.704
GO:0030537,65,GO:0007610,30,15,larval behavior,behavior,0.9734659344750558,0.49406249999999996,0.632
GO:0046503,63,GO:0006629,30,14,glycerolipid catabolic process,lipid metabolic process,0.9250497021593448,0.47664634146341467,0.602
GO:0048149,14,GO:0042221,30,3,behavioral response to ethanol,response to chemical,0.9426902457185405,0.4758870967741935,0.494
GO:0002832,82,GO:0009607,30,8,negative regulation of response to biotic stimulus,response to biotic stimulus,0.9059830603127327,0.473,0.631
GO:0019985,70,GO:0006259,30,11,translesion synthesis,DNA metabolic process,0.8855539836187639,0.47150925925925924,0.663
GO:0046823,115,GO:0051169,30,3,negative regulation of nucleocytoplasmic transport,nuclear transport,0.8799975800446761,0.4676842105263158,0.741
GO:0018208,19,GO:0043412,30,20,peptidyl-proline modification,macromolecule modification,0.934132539091586,0.46206382978723404,0.571
GO:0006940,55,GO:0003008,30,5,regulation of smooth muscle contraction,system process,0.93295234549516,0.4544571428571429,0.576
GO:0009072,35,GO:0044281,30,26,aromatic amino acid metabolic process,small molecule metabolic process,0.9071578555472822,0.44591250000000004,0.641
GO:0047496,115,GO:0051169,30,14,vesicle transport along microtubule,nuclear transport,0.9245975428145942,0.42271929824561405,0.577
GO:0006942,55,GO:0003008,30,7,regulation of striated muscle contraction,system process,0.9299458302308266,0.42255714285714285,0.609
GO:0045682,33,GO:0009888,30,3,regulation of epidermis development,tissue development,0.9322650781831721,0.4220754716981132,0.688
GO:0070988,201,GO:0070988,30,4,demethylation,demethylation,0.9651680938198064,0.3886666666666666,0
GO:0003382,33,GO:0009888,30,2,epithelial cell morphogenesis,tissue development,0.9557196574832465,0.3824716981132076,0.669
GO:0006084,111,GO:0006790,30,18,acetyl-CoA metabolic process,sulfur compound metabolic process,0.8893804914370812,0.35764285714285715,0.784
GO:0007365,73,GO:0007389,30,4,periodic partitioning,pattern specification process,0.9608892405063291,0.3145,0.733
GO:0006749,152,GO:0006575,30,70,glutathione metabolic process,modified amino acid metabolic process,0.944469471332837,0.2751538461538462,0.962
GO:1902373,71,GO:0016071,30,10,negative regulation of mRNA catabolic process,mRNA metabolic process,0.8300430007446016,0.2644827586206897,0.672
GO:0050771,28,GO:0050793,30,11,negative regulation of axonogenesis,regulation of developmental process,0.8301675353685778,0.25241176470588234,0.633
GO:0060972,73,GO:0007389,30,33,left/right pattern formation,pattern specification process,0.9571628816083395,0.24536666666666662,0.875
GO:0043647,126,GO:0006066,30,8,inositol phosphate metabolic process,alcohol metabolic process,0.9166764705882353,0.23771874999999998,0.845
GO:1901880,108,GO:0022411,30,19,negative regulation of protein depolymerization,cellular component disassembly,0.8685225241995532,0.23511111111111116,0.844
GO:0008089,145,GO:0099111,30,10,anterograde axonal transport,microtubule-based transport,0.9296839166046166,0.22873333333333334,0.868
GO:0006220,183,GO:0072527,30,20,pyrimidine nucleotide metabolic process,pyrimidine-containing compound metabolic process,0.8886155994043187,0.1874444444444444,0.949
GO:0071108,19,GO:0043412,29,1,protein K48-linked deubiquitination,macromolecule modification,0.945255584512286,0.595404255319149,0.446
GO:0043542,69,GO:0048870,29,1,endothelial cell migration,cell motility,0.989653201787044,0.5239512195121951,0.602
GO:0006517,58,GO:1901135,29,3,protein deglycosylation,carbohydrate derivative metabolic process,0.9264670513775131,0.5190699999999999,0.583
GO:0070828,83,GO:0006325,29,2,heterochromatin organization,chromatin organization,0.9563648548026805,0.516125,0.631
GO:0014015,11,GO:0048731,29,2,positive regulation of gliogenesis,system development,0.8915988458674609,0.5145744680851063,0.476
GO:0031929,20,GO:0023052,29,38,TOR signaling,signaling,0.9105513775130305,0.50631,0.462
GO:0061951,29,GO:0033036,29,10,establishment of protein localization to plasma membrane,macromolecule localization,0.9375824646314221,0.4780564516129032,0.556
GO:0031145,32,GO:0009056,29,14,anaphase-promoting complex-dependent catabolic process,catabolic process,0.9244959046909903,0.4692222222222222,0.547
GO:0007614,55,GO:0003008,29,17,short-term memory,system process,0.9684229337304542,0.4669,0.644
GO:0030512,53,GO:0007166,29,6,negative regulation of transforming growth factor beta receptor signaling pathway,cell surface receptor signaling pathway,0.8887021593447506,0.4593050847457627,0.615
GO:0006040,58,GO:1901135,29,18,amino sugar metabolic process,carbohydrate derivative metabolic process,0.9423374906924795,0.45664000000000005,0.671
GO:1902476,72,GO:0006811,29,100,chloride transmembrane transport,monoatomic ion transport,0.9433568503350708,0.455046511627907,0.674
GO:0009247,63,GO:0006629,29,40,glycolipid biosynthetic process,lipid metabolic process,0.9095160089352197,0.43503658536585366,0.668
GO:0006023,58,GO:1901135,29,45,aminoglycan biosynthetic process,carbohydrate derivative metabolic process,0.9205221518987342,0.43340999999999996,0.709
GO:0097553,72,GO:0006811,29,24,calcium ion transmembrane import into cytosol,monoatomic ion transport,0.9481025688756515,0.4215813953488372,0.575
GO:0051304,46,GO:0007049,29,45,chromosome separation,cell cycle,0.9619156738644825,0.4173203125,0.65
GO:1902808,46,GO:0007049,29,4,positive regulation of cell cycle G1/S phase transition,cell cycle,0.9077392032762472,0.38042968750000006,0.507
GO:0002090,89,GO:0098657,29,1,regulation of receptor internalization,import into cell,0.8761736783320924,0.34996296296296303,0.599
GO:0051148,94,GO:0061061,29,2,negative regulation of muscle cell differentiation,muscle structure development,0.900310312732688,0.34096666666666664,0.728
GO:0032467,100,GO:0051301,29,5,positive regulation of cytokinesis,cell division,0.9055748324646314,0.3288095238095238,0.68
GO:0098739,89,GO:0098657,29,50,import across plasma membrane,import into cell,0.9452807148175726,0.3237777777777777,0.81
GO:0007367,73,GO:0007389,29,4,segment polarity determination,pattern specification process,0.9608892405063291,0.3145,0.733
GO:0042149,84,GO:0031667,29,7,cellular response to glucose starvation,response to nutrient levels,0.9543717423678332,0.3134285714285714,0.813
GO:0044818,46,GO:0007049,29,16,mitotic G2/M transition checkpoint,cell cycle,0.8733814221891288,0.29944531249999995,0.57
GO:0006361,197,GO:0006360,29,4,transcription initiation at RNA polymerase I promoter,transcription by RNA polymerase I,0.9304957185405808,0.2866666666666666,0.902
GO:0040036,54,GO:0009719,29,3,regulation of fibroblast growth factor receptor signaling pathway,response to endogenous stimulus,0.909053983618764,0.26658536585365855,0.757
GO:0060632,68,GO:0007017,29,9,regulation of microtubule-based movement,microtubule-based process,0.932261541325391,0.25612500000000005,0.669
GO:0043489,62,GO:0009894,29,9,RNA stabilization,regulation of catabolic process,0.8407879746835443,0.2468636363636364,0.783
GO:0003333,184,GO:0006865,29,56,amino acid transmembrane transport,amino acid transport,0.9452518615040953,0.24593750000000003,0.96
GO:0032370,140,GO:0010876,29,7,positive regulation of lipid transport,lipid localization,0.890244415487714,0.24307999999999996,0.763
GO:0072528,183,GO:0072527,29,18,pyrimidine-containing compound biosynthetic process,pyrimidine-containing compound metabolic process,0.9375342516753536,0.21366666666666667,0.955
GO:0030509,54,GO:0009719,29,20,BMP signaling pathway,response to endogenous stimulus,0.9120653387937454,0.20126829268292679,0.88
GO:0051283,131,GO:0051235,29,9,negative regulation of sequestering of calcium ion,maintenance of location,0.8733088235294117,0.17537500000000006,0.914
GO:2000181,79,GO:0072359,29,1,negative regulation of blood vessel morphogenesis,circulatory system development,0.9028911020104244,0.09999999999999998,0.966
GO:0045176,29,GO:0033036,28,11,apical protein localization,macromolecule localization,0.944505956813105,0.5893870967741935,0.552
GO:0032482,20,GO:0023052,28,2,Rab protein signal transduction,signaling,0.9266613924050633,0.57923,0.337
GO:0007187,18,GO:0007154,28,18,"G protein-coupled receptor signaling pathway, coupled to cyclic nucleotide second messenger",cell communication,0.9214171630677588,0.5643333333333334,0.411
GO:0006984,20,GO:0023052,28,32,ER-nucleus signaling pathway,signaling,0.9135446760982874,0.5515,0.44
GO:0033120,59,GO:0006396,28,3,positive regulation of RNA splicing,RNA processing,0.8745621742367833,0.53971875,0.524
GO:0006515,32,GO:0009056,28,5,protein quality control for misfolded or incompletely synthesized proteins,catabolic process,0.929942479523455,0.5338222222222222,0.496
GO:0090278,43,GO:0071705,28,1,negative regulation of peptide hormone secretion,nitrogen compound transport,0.8671453834698436,0.49612500000000004,0.499
GO:0019369,35,GO:0044281,28,2,arachidonate metabolic process,small molecule metabolic process,0.9208172002978406,0.48778750000000004,0.456
GO:0050994,63,GO:0006629,28,5,regulation of lipid catabolic process,lipid metabolic process,0.8816362620997766,0.4857560975609756,0.548
GO:0055093,47,GO:0009628,28,3,response to hyperoxia,response to abiotic stimulus,0.9657829486224869,0.4736458333333333,0.617
GO:0042074,69,GO:0048870,28,6,cell migration involved in gastrulation,cell motility,0.9465169396872674,0.45373170731707313,0.691
GO:1903078,29,GO:0033036,28,6,positive regulation of protein localization to plasma membrane,macromolecule localization,0.8785418838421445,0.4460483870967742,0.524
GO:0043516,20,GO:0023052,28,11,"regulation of DNA damage response, signal transduction by p53 class mediator",signaling,0.8948084512285928,0.44136,0.396
GO:0010591,49,GO:0030030,28,3,regulation of lamellipodium assembly,cell projection organization,0.8978160833953834,0.412425925925926,0.562
GO:0031111,155,GO:0031023,28,12,negative regulation of microtubule polymerization or depolymerization,microtubule organizing center organization,0.8667715934475055,0.40078723404255323,0.602
GO:0030011,113,GO:0007163,28,1,maintenance of cell polarity,establishment or maintenance of cell polarity,0.9916113179448994,0.3964,0.68
GO:0040026,64,GO:0009791,28,39,positive regulation of vulval development,post-embryonic development,0.8943598287416232,0.38780000000000003,0.718
GO:1901658,58,GO:1901135,28,12,glycosyl compound catabolic process,carbohydrate derivative metabolic process,0.9253415860014892,0.37217,0.639
GO:0097502,142,GO:0070085,28,5,mannosylation,glycosylation,0.9633183172002978,0.3675625,0.709
GO:0097035,77,GO:0061024,28,24,regulation of membrane lipid distribution,membrane organization,0.9012056962025317,0.3660697674418605,0.803
GO:0035735,124,GO:0031503,28,3,intraciliary transport involved in cilium assembly,protein-containing complex localization,0.8879166046165301,0.36154166666666665,0.78
GO:1901976,46,GO:0007049,28,9,regulation of cell cycle checkpoint,cell cycle,0.8655575204765451,0.34424999999999994,0.542
GO:0034446,114,GO:0030155,28,5,substrate adhesion-dependent cell spreading,regulation of cell adhesion,0.9902127699180938,0.3288461538461539,0.65
GO:0002821,41,GO:0002376,28,1,positive regulation of adaptive immune response,immune system process,0.9144355919583023,0.30389999999999995,0.585
GO:0071277,110,GO:0010038,28,6,cellular response to calcium ion,response to metal ion,0.9524045048399107,0.30276000000000003,0.788
GO:0070918,10,GO:0048519,28,44,regulatory ncRNA processing,negative regulation of biological process,0.8496842889054356,0.2811851851851852,0.633
GO:0051590,139,GO:0006836,28,17,positive regulation of neurotransmitter transport,neurotransmitter transport,0.8900327624720774,0.2749285714285714,0.85
GO:0050974,134,GO:0051606,28,13,detection of mechanical stimulus involved in sensory perception,detection of stimulus,0.9347455323901712,0.2739285714285714,0.796
GO:0030514,54,GO:0009719,28,8,negative regulation of BMP signaling pathway,response to endogenous stimulus,0.8867520476545049,0.22790243902439022,0.809
GO:1903846,54,GO:0009719,28,10,positive regulation of cellular response to transforming growth factor beta stimulus,response to endogenous stimulus,0.9054668652271035,0.21224390243902436,0.838
GO:0030511,54,GO:0009719,28,10,positive regulation of transforming growth factor beta receptor signaling pathway,response to endogenous stimulus,0.8826533879374534,0.20960975609756094,0.838
GO:0006778,187,GO:0033013,28,4,porphyrin-containing compound metabolic process,tetrapyrrole metabolic process,0.9636200670141475,0.16442857142857148,0.978
GO:0016525,79,GO:0072359,28,1,negative regulation of angiogenesis,circulatory system development,0.9015627326880119,0.09999999999999998,0.966
GO:0045621,92,GO:0030097,28,1,positive regulation of lymphocyte differentiation,hemopoiesis,0.8877114668652271,0.07577777777777772,0.966
GO:0031648,13,GO:0065008,27,3,protein destabilization,regulation of biological quality,0.9544076693968727,0.5773188405797102,0.566
GO:0097061,49,GO:0030030,27,1,dendritic spine organization,cell projection organization,0.9496775874906924,0.5756111111111111,0.519
GO:0046949,63,GO:0006629,27,1,fatty-acyl-CoA biosynthetic process,lipid metabolic process,0.8971269545793,0.5615548780487805,0.477
GO:0009651,47,GO:0009628,27,1,response to salt stress,response to abiotic stimulus,0.9679916232315711,0.5442916666666666,0.571
GO:0046473,63,GO:0006629,27,9,phosphatidic acid metabolic process,lipid metabolic process,0.9252620997766196,0.5166890243902439,0.566
GO:0045685,11,GO:0048731,27,2,regulation of glial cell differentiation,system development,0.9132354802680566,0.5113829787234043,0.476
GO:0030539,11,GO:0048731,27,33,male genitalia development,system development,0.9415256887565153,0.5057446808510638,0.613
GO:0035330,20,GO:0023052,27,5,regulation of hippo signaling,signaling,0.9085871183916605,0.48973999999999995,0.365
GO:0046717,66,GO:0046903,27,1,acid secretion,secretion,0.9628255770662696,0.444969696969697,0.626
GO:0061983,39,GO:0044703,27,11,meiosis II cell cycle process,multi-organism reproductive process,0.9571814966492926,0.44045,0.36
GO:0007063,57,GO:0051276,27,1,regulation of sister chromatid cohesion,chromosome organization,0.8906040580789277,0.4387142857142857,0.624
GO:0060078,13,GO:0065008,27,105,regulation of postsynaptic membrane potential,regulation of biological quality,0.9397997021593447,0.43504347826086953,0.829
GO:0090162,113,GO:0007163,27,2,establishment of epithelial cell polarity,establishment or maintenance of cell polarity,0.9914275874906925,0.4317333333333333,0.711
GO:0030204,58,GO:1901135,27,35,chondroitin sulfate metabolic process,carbohydrate derivative metabolic process,0.9160295979151154,0.40686,0.684
GO:0050654,58,GO:1901135,27,42,chondroitin sulfate proteoglycan metabolic process,carbohydrate derivative metabolic process,0.9147788533134773,0.39866,0.698
GO:0050685,71,GO:0016071,27,1,positive regulation of mRNA processing,mRNA metabolic process,0.8804415487714072,0.37324137931034485,0.558
GO:0046031,76,GO:0055086,27,30,ADP metabolic process,nucleobase-containing small molecule metabolic process,0.8825705510052122,0.3721939393939394,0.741
GO:0051966,81,GO:0007267,27,10,"regulation of synaptic transmission, glutamatergic",cell-cell signaling,0.9252501861504095,0.3696153846153847,0.692
GO:0032878,113,GO:0007163,27,14,regulation of establishment or maintenance of cell polarity,establishment or maintenance of cell polarity,0.9451999255398362,0.33886666666666665,0.819
GO:0032435,26,GO:0051246,27,3,negative regulation of proteasomal ubiquitin-dependent protein catabolic process,regulation of protein metabolic process,0.8685132166790767,0.3316904761904762,0.671
GO:0043113,102,GO:0072657,27,10,receptor clustering,protein localization to membrane,0.9403276247207744,0.313391304347826,0.81
GO:0010907,109,GO:0005975,27,4,positive regulation of glucose metabolic process,carbohydrate metabolic process,0.8614445271779598,0.3121964285714286,0.653
GO:0061064,28,GO:0050793,27,64,negative regulation of nematode larval development,regulation of developmental process,0.8822747580044676,0.30852941176470583,0.732
GO:0019319,109,GO:0005975,27,12,hexose biosynthetic process,carbohydrate metabolic process,0.90834921816828,0.30123214285714284,0.737
GO:0033048,46,GO:0007049,27,12,negative regulation of mitotic sister chromatid segregation,cell cycle,0.851813104988831,0.29837500000000006,0.578
GO:0010828,186,GO:0010827,27,1,positive regulation of D-glucose transmembrane transport,regulation of D-glucose transmembrane transport,0.8972432985852569,0.28300000000000003,1
GO:2000648,56,GO:0042127,27,5,positive regulation of stem cell proliferation,regulation of cell population proliferation,0.9300046537602382,0.26749999999999996,0.843
GO:0065001,73,GO:0007389,27,21,specification of axis polarity,pattern specification process,0.9582708488458674,0.2628666666666667,0.847
GO:0006356,197,GO:0006360,27,6,regulation of transcription by RNA polymerase I,transcription by RNA polymerase I,0.8896539463886821,0.25883333333333336,0.902
GO:0006835,125,GO:0015711,27,27,dicarboxylic acid transport,organic anion transport,0.9531273268801191,0.23735714285714282,0.846
GO:0051261,108,GO:0022411,27,43,protein depolymerization,cellular component disassembly,0.9350014892032763,0.23093333333333332,0.906
GO:1903035,101,GO:0009611,27,8,negative regulation of response to wounding,response to wounding,0.9018244601638123,0.21399999999999997,0.856
GO:0042558,202,GO:0042558,27,13,pteridine-containing compound metabolic process,pteridine-containing compound metabolic process,0.9596660461653016,0.19681818181818178,0
GO:0016180,169,GO:0016073,27,24,snRNA processing,snRNA metabolic process,0.92091548771407294,0.19158333333333333,0.967
GO:0051899,13,GO:0065008,26,1,membrane depolarization,regulation of biological quality,0.9551546909903201,0.5699130434782609,0.55
GO:0022616,70,GO:0006259,26,13,DNA strand elongation,DNA metabolic process,0.9319510424422934,0.5304907407407407,0.639
GO:0046456,35,GO:0044281,26,1,icosanoid biosynthetic process,small molecule metabolic process,0.92542460908414,0.5187625,0.433
GO:0106118,63,GO:0006629,26,1,regulation of sterol biosynthetic process,lipid metabolic process,0.8993430752047654,0.5130853658536585,0.477
GO:0009163,76,GO:0055086,26,9,nucleoside biosynthetic process,nucleobase-containing small molecule metabolic process,0.8931755398361876,0.5041454545454546,0.638
GO:0045540,63,GO:0006629,26,1,regulation of cholesterol biosynthetic process,lipid metabolic process,0.8719240506329113,0.5023109756097561,0.477
GO:0006693,35,GO:0044281,26,2,prostaglandin metabolic process,small molecule metabolic process,0.9193024944154877,0.48306249999999995,0.471
GO:0006692,35,GO:0044281,26,2,prostanoid metabolic process,small molecule metabolic process,0.9193024944154877,0.48306249999999995,0.471
GO:0070373,20,GO:0023052,26,2,negative regulation of ERK1 and ERK2 cascade,signaling,0.8973559195830231,0.46872,0.337
GO:0006972,47,GO:0009628,26,24,hyperosmotic response,response to abiotic stimulus,0.960593261355175,0.4426458333333333,0.748
GO:0006270,70,GO:0006259,26,19,DNA replication initiation,DNA metabolic process,0.9275921444527178,0.439962962962963,0.675
GO:0031646,55,GO:0003008,26,12,positive regulation of nervous system process,system process,0.9116639985107967,0.4318857142857143,0.623
GO:0035017,168,GO:0042335,26,2,cuticle pattern formation,cuticle development,0.9644448994787789,0.4315,0.773
GO:0007188,18,GO:0007154,26,48,adenylate cyclase-modulating G protein-coupled receptor signaling pathway,cell communication,0.9140604988830976,0.43079999999999996,0.472
GO:0007076,57,GO:0051276,26,12,mitotic chromosome condensation,chromosome organization,0.9210312732688012,0.42647619047619045,0.737
GO:0045910,70,GO:0006259,26,10,negative regulation of DNA recombination,DNA metabolic process,0.8671831720029783,0.4135185185185185,0.617
GO:1902116,17,GO:0044085,26,10,negative regulation of organelle assembly,cellular component biogenesis,0.8687997021593448,0.40717647058823525,0.543
GO:0045143,39,GO:0044703,26,24,homologous chromosome segregation,multi-organism reproductive process,0.9106295606850335,0.38925,0.384
GO:0050686,71,GO:0016071,26,1,negative regulation of mRNA processing,mRNA metabolic process,0.8804156738644825,0.3681724137931034,0.558
GO:0016203,94,GO:0061061,26,5,muscle attachment,muscle structure development,0.9618144080416977,0.3598,0.754
GO:0006110,109,GO:0005975,26,4,regulation of glycolytic process,carbohydrate metabolic process,0.8268654132539092,0.3524285714285714,0.653
GO:1905153,77,GO:0061024,26,26,regulation of membrane invagination,membrane organization,0.8903629932985853,0.3430930232558139,0.797
GO:0000027,87,GO:0022613,26,7,ribosomal large subunit assembly,ribonucleoprotein complex biogenesis,0.9308745346239762,0.32231034482758625,0.681
GO:0006369,182,GO:0006353,26,7,termination of RNA polymerase II transcription,DNA-templated transcription termination,0.9304932985852569,0.31400000000000006,0.961
GO:0006094,109,GO:0005975,26,12,gluconeogenesis,carbohydrate metabolic process,0.908276991809382,0.2953928571428571,0.737
GO:1905898,16,GO:0048583,26,5,positive regulation of response to endoplasmic reticulum stress,regulation of response to stimulus,0.8937894638868206,0.2941304347826087,0.591
GO:0000154,149,GO:0009451,26,22,rRNA modification,RNA modification,0.8660081906180194,0.2895882352941176,0.847
GO:1904292,16,GO:0048583,26,6,regulation of ERAD pathway,regulation of response to stimulus,0.8344039463886821,0.28900000000000003,0.6
GO:2000425,89,GO:0098657,26,19,regulation of apoptotic cell clearance,import into cell,0.8495139612807148,0.27188888888888885,0.767
GO:0006734,163,GO:0072524,26,9,NADH metabolic process,pyridine-containing compound metabolic process,0.9008132911392405,0.2695238095238095,0.819
GO:0060260,147,GO:0006352,26,3,regulation of transcription initiation by RNA polymerase II,DNA-templated transcription initiation,0.8931617647058824,0.2385454545454545,0.772
GO:0006120,104,GO:0006091,26,23,"mitochondrial electron transport, NADH to ubiquinone",generation of precursor metabolites and energy,0.9567460908413998,0.23243478260869566,0.819
GO:0032786,173,GO:0006354,26,9,"positive regulation of DNA-templated transcription, elongation",DNA-templated transcription elongation,0.86858730454207,0.22450000000000003,0.893
GO:0002759,41,GO:0002376,26,5,regulation of antimicrobial humoral response,immune system process,0.9110750186150409,0.22091666666666665,0.656
GO:0030811,118,GO:0062012,26,4,regulation of nucleotide catabolic process,regulation of small molecule metabolic process,0.8486939687267312,0.21620000000000006,0.86
GO:0042181,171,GO:0010565,26,12,ketone biosynthetic process,regulation of ketone metabolic process,0.911415860014892,0.20738888888888884,0.864
GO:0009435,163,GO:0072524,26,8,NAD biosynthetic process,pyridine-containing compound metabolic process,0.8899045048399107,0.20490476190476192,0.851
GO:0042168,187,GO:0033013,26,4,heme metabolic process,tetrapyrrole metabolic process,0.9629774758004468,0.16442857142857148,0.978
GO:0032648,120,GO:0001817,26,1,regulation of interferon-beta production,regulation of cytokine production,0.8915240134028295,0.12716666666666665,0.966
GO:0050871,80,GO:0001775,26,1,positive regulation of B cell activation,cell activation,0.9083577810871184,0.10664705882352943,0.883
GO:0097581,49,GO:0030030,25,4,lamellipodium organization,cell projection organization,0.9495366716306776,0.5280555555555555,0.585
GO:0016126,63,GO:0006629,25,12,sterol biosynthetic process,lipid metabolic process,0.9326189501116903,0.5208658536585367,0.592
GO:2000008,29,GO:0033036,25,6,regulation of protein localization to cell surface,macromolecule localization,0.8978581533879375,0.5207983870967742,0.524
GO:0051898,20,GO:0023052,25,1,negative regulation of phosphatidylinositol 3-kinase/protein kinase B signal transduction,signaling,0.9016965748324646,0.5176000000000001,0.319
GO:0044458,49,GO:0030030,25,2,motile cilium assembly,cell projection organization,0.9373955696202532,0.5123148148148149,0.545
GO:0090306,46,GO:0007049,25,2,meiotic spindle assembly,cell cycle,0.9101196947133283,0.5035468750000001,0.471
GO:0061098,19,GO:0043412,25,1,positive regulation of protein tyrosine kinase activity,macromolecule modification,0.8629145569620253,0.5009255319148936,0.446
GO:0050850,20,GO:0023052,25,2,positive regulation of calcium-mediated signaling,signaling,0.8968657855547282,0.48924,0.337
GO:0006654,63,GO:0006629,25,9,phosphatidic acid biosynthetic process,lipid metabolic process,0.9153350707371556,0.4881036585365853,0.566
GO:0006623,29,GO:0033036,25,8,protein targeting to vacuole,macromolecule localization,0.9298110573343261,0.47295161290322585,0.547
GO:0010669,45,GO:0042592,25,1,epithelial structure maintenance,homeostatic process,0.9727479523454952,0.4515606060606061,0.615
GO:0017004,36,GO:0043933,25,16,cytochrome complex assembly,protein-containing complex organization,0.9357995160089352,0.44485483870967746,0.709
GO:0048873,45,GO:0042592,25,1,homeostasis of number of cells within a tissue,homeostatic process,0.9724886448250186,0.43945454545454543,0.615
GO:0050691,121,GO:0044419,25,1,regulation of defense response to virus by host,biological process involved in interspecies interaction between organisms,0.9249879002233805,0.4147777777777778,0.533
GO:0045740,70,GO:0006259,25,6,positive regulation of DNA replication,DNA metabolic process,0.8714223752792256,0.4116574074074074,0.592
GO:0009311,109,GO:0005975,25,13,oligosaccharide metabolic process,carbohydrate metabolic process,0.9495930752047654,0.41030357142857143,0.743
GO:0031113,155,GO:0031023,25,10,regulation of microtubule polymerization,microtubule organizing center organization,0.8753588979895756,0.4088297872340425,0.594
GO:0032205,57,GO:0051276,25,2,negative regulation of telomere maintenance,chromosome organization,0.8341574832464631,0.4030714285714285,0.624
GO:0098534,155,GO:0031023,25,7,centriole assembly,microtubule organizing center organization,0.9287390171258376,0.40231914893617016,0.859
GO:0010569,70,GO:0006259,25,3,regulation of double-strand break repair via homologous recombination,DNA metabolic process,0.8534381980640358,0.39723148148148146,0.583
GO:0006505,63,GO:0006629,25,31,GPI anchor metabolic process,lipid metabolic process,0.9059938570364855,0.39319512195121953,0.656
GO:0014075,61,GO:1901698,25,3,response to amine,response to nitrogen compound,0.9661613924050633,0.3875416666666667,0.714
GO:0032881,109,GO:0005975,25,2,regulation of polysaccharide metabolic process,carbohydrate metabolic process,0.9076989947877885,0.3819821428571428,0.621
GO:1903998,65,GO:0007610,25,56,regulation of eating behavior,behavior,0.9218592702903946,0.37515624999999997,0.729
GO:0071320,61,GO:1901698,25,3,cellular response to cAMP,response to nitrogen compound,0.9521066641846612,0.36724999999999997,0.714
GO:0006418,116,GO:0006520,25,37,tRNA aminoacylation for protein translation,amino acid metabolic process,0.8974043186895011,0.36157142857142854,0.84
GO:0043039,116,GO:0006520,25,40,tRNA aminoacylation,amino acid metabolic process,0.9110145197319434,0.3589821428571428,0.852
GO:0043038,116,GO:0006520,25,42,amino acid activation,amino acid metabolic process,0.9356271407297096,0.3587053571428571,0.853
GO:0048854,78,GO:0060322,25,3,brain morphogenesis,head development,0.9562784810126582,0.354,0.902
GO:0060099,77,GO:0061024,25,26,"regulation of phagocytosis, engulfment",membrane organization,0.8412647058823529,0.3344651162790697,0.797
GO:0070059,48,GO:0043067,25,5,intrinsic apoptotic signaling pathway in response to endoplasmic reticulum stress,regulation of programmed cell death,0.9102807148175726,0.32987999999999995,0.621
GO:0048730,33,GO:0009888,25,9,epidermis morphogenesis,tissue development,0.9642915115413254,0.3276415094339622,0.75
GO:1901379,31,GO:0032879,25,10,regulation of potassium ion transmembrane transport,regulation of localization,0.8970206626954579,0.32533333333333336,0.673
GO:2001259,31,GO:0032879,25,11,positive regulation of cation channel activity,regulation of localization,0.8737060685033506,0.3163066666666666,0.678
GO:0000271,109,GO:0005975,25,56,polysaccharide biosynthetic process,carbohydrate metabolic process,0.9296468726731199,0.3141785714285714,0.812
GO:0098742,114,GO:0030155,25,27,cell-cell adhesion via plasma-membrane adhesion molecules,regulation of cell adhesion,0.9893365599404319,0.3045,0.728
GO:0043457,104,GO:0006091,25,4,regulation of cellular respiration,generation of precursor metabolites and energy,0.9155616157855547,0.29934782608695654,0.702
GO:0072583,89,GO:0098657,25,22,clathrin-dependent endocytosis,import into cell,0.9450696202531645,0.29814814814814816,0.778
GO:0099174,127,GO:0050808,25,10,regulation of presynapse organization,synapse organization,0.8927578183172002,0.29584444444444447,0.82
GO:0010042,110,GO:0010038,25,11,response to manganese ion,response to metal ion,0.9633287416232316,0.28184,0.853
GO:0010888,140,GO:0010876,25,5,negative regulation of lipid storage,lipid localization,0.8837600521221147,0.27968000000000004,0.755
GO:0009593,134,GO:0051606,25,204,detection of chemical stimulus,detection of stimulus,0.9560778108711839,0.2688571428571429,0.965
GO:0034121,41,GO:0002376,25,1,regulation of toll-like receptor signaling pathway,immune system process,0.8908507073715562,0.2657333333333334,0.585
GO:0002224,41,GO:0002376,25,1,toll-like receptor signaling pathway,immune system process,0.8937874162323157,0.2657333333333334,0.585
GO:0071869,61,GO:1901698,25,29,response to catecholamine,response to nitrogen compound,0.9573069620253165,0.26083333333333336,0.879
GO:0071867,61,GO:1901698,25,33,response to monoamine,response to nitrogen compound,0.959358711839166,0.25925,0.888
GO:0048255,62,GO:0009894,25,9,mRNA stabilization,regulation of catabolic process,0.8225188011913627,0.24522727272727274,0.783
GO:0071480,119,GO:0104004,25,3,cellular response to gamma radiation,cellular response to environmental stimulus,0.9588382352941176,0.23216666666666663,0.882
GO:0042749,138,GO:0048511,25,2,regulation of circadian sleep/wake cycle,rhythmic process,0.9368933358153388,0.22250000000000003,0.86
GO:0034472,169,GO:0016073,25,18,snRNA 3'-end processing,snRNA metabolic process,0.9213211094564409,0.19300000000000006,0.948
GO:0015918,180,GO:0015850,25,9,sterol transport,organic hydroxy compound transport,0.9483322784810126,0.18866666666666665,0.911
GO:0070536,19,GO:0043412,24,1,protein K63-linked deubiquitination,macromolecule modification,0.945382911392405,0.6026808510638297,0.446
GO:0070206,36,GO:0043933,24,1,protein trimerization,protein-containing complex organization,0.9463951973194341,0.5316451612903226,0.56
GO:1903727,63,GO:0006629,24,1,positive regulation of phospholipid metabolic process,lipid metabolic process,0.8728140357408787,0.5135304878048781,0.477
GO:0010799,19,GO:0043412,24,1,regulation of peptidyl-threonine phosphorylation,macromolecule modification,0.8837814594192107,0.5062446808510639,0.446
GO:0018200,19,GO:0043412,24,4,peptidyl-glutamic acid modification,macromolecule modification,0.9402123976172747,0.5044574468085106,0.497
GO:0071168,29,GO:0033036,24,11,protein localization to chromatin,macromolecule localization,0.9414298212956068,0.49177419354838714,0.552
GO:0007215,53,GO:0007166,24,12,glutamate receptor signaling pathway,cell surface receptor signaling pathway,0.9182358525688756,0.49137288135593216,0.674
GO:0031297,70,GO:0006259,24,7,replication fork processing,DNA metabolic process,0.9334169769173493,0.47370370370370374,0.599
GO:0045168,103,GO:0045165,24,3,cell-cell signaling involved in cell fate commitment,cell fate commitment,0.9194903201787044,0.47247368421052627,0.64
GO:0071459,29,GO:0033036,24,13,"protein localization to chromosome, centromeric region",macromolecule localization,0.9379402457185406,0.46338709677419354,0.601
GO:0009074,35,GO:0044281,24,19,aromatic amino acid family catabolic process,small molecule metabolic process,0.8961848473566641,0.4493125,0.606
GO:0009262,76,GO:0055086,24,10,deoxyribonucleotide metabolic process,nucleobase-containing small molecule metabolic process,0.8892903946388682,0.44110303030303033,0.703
GO:0006308,32,GO:0009056,24,16,DNA catabolic process,catabolic process,0.9086509679821295,0.4400666666666666,0.58
GO:0006024,58,GO:1901135,24,42,glycosaminoglycan biosynthetic process,carbohydrate derivative metabolic process,0.9209867833209233,0.43413,0.702
GO:0045933,55,GO:0003008,24,11,positive regulation of muscle contraction,system process,0.9120789277736411,0.4324,0.619
GO:0036257,98,GO:0010256,24,1,multivesicular body organization,endomembrane system organization,0.9485182427401341,0.4286470588235294,0.652
GO:1905881,28,GO:0050793,24,3,positive regulation of oogenesis,regulation of developmental process,0.8818494043186895,0.423921568627451,0.55
GO:0006636,35,GO:0044281,24,9,unsaturated fatty acid biosynthetic process,small molecule metabolic process,0.900364296351452,0.41047500000000003,0.54
GO:0019730,41,GO:0002376,24,5,antimicrobial humoral response,immune system process,0.9567985852568875,0.4097333333333333,0.656
GO:0017085,88,GO:0009636,24,1,response to insecticide,response to toxic substance,0.9696254653760238,0.3991111111111111,0.721
GO:0090109,127,GO:0050808,24,1,regulation of cell-substrate junction assembly,synapse organization,0.9053529411764706,0.39842222222222223,0.66
GO:1902803,75,GO:0051640,24,6,regulation of synaptic vesicle transport,organelle localization,0.8894296351451974,0.37972602739726025,0.697
GO:1903018,26,GO:0051246,24,3,regulation of glycoprotein metabolic process,regulation of protein metabolic process,0.8871481757259866,0.37923809523809526,0.671
GO:0030837,17,GO:0044085,24,16,negative regulation of actin filament polymerization,cellular component biogenesis,0.8461960163812361,0.37573529411764706,0.59
GO:0032228,81,GO:0007267,24,13,"regulation of synaptic transmission, GABAergic",cell-cell signaling,0.9255100521221147,0.37230769230769234,0.689
GO:0051446,39,GO:0044703,24,33,positive regulation of meiotic cell cycle,multi-organism reproductive process,0.8871008935219657,0.37105,0.391
GO:0006363,182,GO:0006353,24,1,termination of RNA polymerase I transcription,DNA-templated transcription termination,0.9377881608339538,0.36819999999999997,0.852
GO:1902742,48,GO:0043067,24,23,apoptotic process involved in development,regulation of programmed cell death,0.9566131794489948,0.36222,0.726
GO:0006376,87,GO:0022613,24,14,mRNA splice site recognition,ribonucleoprotein complex biogenesis,0.8704119508562919,0.36144827586206896,0.72
GO:0031623,89,GO:0098657,24,6,receptor internalization,import into cell,0.9504441548771407,0.34711111111111115,0.68
GO:1903053,136,GO:0043062,24,7,regulation of extracellular matrix organization,extracellular structure organization,0.9056355174981385,0.33899999999999997,0.874
GO:0048557,15,GO:0048513,24,28,embryonic digestive tract morphogenesis,animal organ development,0.9459879002233805,0.33735294117647063,0.721
GO:0099587,89,GO:0098657,24,43,inorganic ion import across plasma membrane,import into cell,0.9447189128816084,0.32833333333333337,0.799
GO:0098659,89,GO:0098657,24,43,inorganic cation import across plasma membrane,import into cell,0.9444985107967238,0.32833333333333337,0.799
GO:1902175,48,GO:0043067,24,2,regulation of oxidative stress-induced intrinsic apoptotic signaling pathway,regulation of programmed cell death,0.9081980640357409,0.3144,0.707
GO:0035196,10,GO:0048519,24,14,miRNA processing,negative regulation of biological process,0.859071854058079,0.31259259259259264,0.574
GO:0015695,203,GO:0015695,24,43,organic cation transport,organic cation transport,0.9571157855547282,0.3075,0
GO:0002082,104,GO:0006091,24,2,regulation of oxidative phosphorylation,generation of precursor metabolites and energy,0.9187235666418466,0.3040869565217391,0.67
GO:1902041,48,GO:0043067,24,4,regulation of extrinsic apoptotic signaling pathway via death domain receptors,regulation of programmed cell death,0.9058790022338049,0.29476,0.741
GO:0001711,33,GO:0009888,24,20,endodermal cell fate commitment,tissue development,0.9383123603871929,0.2902641509433962,0.809
GO:0051893,114,GO:0030155,24,1,regulation of focal adhesion assembly,regulation of cell adhesion,0.902295606850335,0.2886153846153846,0.84
GO:0006195,95,GO:0072521,24,34,purine nucleotide catabolic process,purine-containing compound metabolic process,0.8760443037974683,0.27749999999999997,0.812
GO:0000289,71,GO:0016071,24,10,nuclear-transcribed mRNA poly(A) tail shortening,mRNA metabolic process,0.8230424422933731,0.27155172413793105,0.672
GO:0030513,54,GO:0009719,24,5,positive regulation of BMP signaling pathway,response to endogenous stimulus,0.8892326880119137,0.25482926829268293,0.783
GO:0051457,131,GO:0051235,24,1,maintenance of protein location in nucleus,maintenance of location,0.9477202159344751,0.25268749999999995,0.8
GO:2000144,147,GO:0006352,24,3,positive regulation of DNA-templated transcription initiation,DNA-templated transcription initiation,0.8763572226358898,0.2514545454545455,0.772
GO:0048753,146,GO:0043473,24,1,pigment granule organization,pigmentation,0.9498559195830231,0.22383333333333333,0.917
GO:1903431,105,GO:0021700,24,6,positive regulation of cell maturation,developmental maturation,0.8964823157110946,0.21718181818181814,0.828
GO:0051209,131,GO:0051235,24,9,release of sequestered calcium ion into cytosol,maintenance of location,0.8666155994043186,0.17537500000000006,0.914
GO:0009110,167,GO:0006766,24,4,vitamin biosynthetic process,vitamin metabolic process,0.9191321667907669,0.15811764705882347,0.941
GO:0031102,150,GO:0031099,24,38,neuron projection regeneration,regeneration,0.8576304914370811,0.15284615384615385,0.998
GO:1902893,204,GO:1902893,24,4,regulation of miRNA transcription,regulation of miRNA transcription,0.8919419210722264,0.14270000000000005,0
GO:0035094,14,GO:0042221,23,9,response to nicotine,response to chemical,0.9654942293373046,0.6130967741935485,0.559
GO:0044837,155,GO:0031023,23,10,actomyosin contractile ring organization,microtubule organizing center organization,0.9218447505584513,0.5457446808510638,0.507
GO:0008334,71,GO:0016071,23,6,histone mRNA metabolic process,mRNA metabolic process,0.9364234921816827,0.4891379310344828,0.644
GO:0060395,53,GO:0007166,23,7,SMAD protein signal transduction,cell surface receptor signaling pathway,0.9174469471332837,0.48377966101694914,0.623
GO:0036092,63,GO:0006629,23,8,phosphatidylinositol-3-phosphate biosynthetic process,lipid metabolic process,0.9140651526433359,0.4771158536585366,0.576
GO:0046879,13,GO:0065008,23,3,hormone secretion,regulation of biological quality,0.9042535368577811,0.4722608695652174,0.566
GO:1903421,40,GO:0016192,23,2,regulation of synaptic vesicle recycling,vesicle-mediated transport,0.9059964631422189,0.47218518518518515,0.517
GO:0098927,115,GO:0051169,23,10,vesicle-mediated transport between endosomal compartments,nuclear transport,0.9371355174981385,0.47136842105263155,0.568
GO:0000413,19,GO:0043412,23,20,protein peptidyl-prolyl isomerization,macromolecule modification,0.934132539091586,0.46206382978723404,0.571
GO:1903747,31,GO:0032879,23,1,regulation of establishment of protein localization to mitochondrion,regulation of localization,0.9033877513030528,0.46186666666666665,0.568
GO:0006271,70,GO:0006259,23,13,DNA strand elongation involved in DNA replication,DNA metabolic process,0.9302684288905436,0.45364814814814813,0.639
GO:0048311,75,GO:0051640,23,4,mitochondrion distribution,organelle localization,0.9610037230081906,0.45246575342465756,0.65
GO:0006144,76,GO:0055086,23,9,purine nucleobase metabolic process,nucleobase-containing small molecule metabolic process,0.9078665301563663,0.4515272727272728,0.662
GO:0006656,63,GO:0006629,23,13,phosphatidylcholine biosynthetic process,lipid metabolic process,0.9095569620253164,0.4506707317073171,0.62
GO:0031146,32,GO:0009056,23,31,SCF-dependent proteasomal ubiquitin-dependent protein catabolic process,catabolic process,0.921804355919583,0.44948888888888894,0.577
GO:0043518,20,GO:0023052,23,10,"negative regulation of DNA damage response, signal transduction by p53 class mediator",signaling,0.8790632911392405,0.42945,0.392
GO:0016556,149,GO:0009451,23,6,mRNA modification,RNA modification,0.9277935591958302,0.4175882352941176,0.741
GO:0031114,155,GO:0031023,23,9,regulation of microtubule depolymerization,microtubule organizing center organization,0.8792218912881609,0.40900000000000003,0.59
GO:0045448,42,GO:0009790,23,17,"mitotic cell cycle, embryonic",embryo development,0.928629374534624,0.40700000000000003,0.671
GO:0009187,76,GO:0055086,23,41,cyclic nucleotide metabolic process,nucleobase-containing small molecule metabolic process,0.8874696574832465,0.4060484848484849,0.798
GO:0051447,39,GO:0044703,23,11,negative regulation of meiotic cell cycle,multi-organism reproductive process,0.8935733432613552,0.40154999999999996,0.365
GO:0010454,28,GO:0050793,23,6,negative regulation of cell fate commitment,regulation of developmental process,0.8961431496649293,0.40013725490196084,0.594
GO:0000470,87,GO:0022613,23,21,maturation of LSU-rRNA,ribonucleoprotein complex biogenesis,0.876725800446761,0.3893103448275862,0.745
GO:0045724,49,GO:0030030,23,7,positive regulation of cilium assembly,cell projection organization,0.8670746463142219,0.38837037037037037,0.607
GO:0090382,6,GO:0071840,23,14,phagosome maturation,cellular component organization or biogenesis,0.9408590841399851,0.3747272727272727,0.406
GO:0006506,63,GO:0006629,23,31,GPI anchor biosynthetic process,lipid metabolic process,0.8834502978406552,0.36813414634146346,0.653
GO:0099565,81,GO:0007267,23,96,"chemical synaptic transmission, postsynaptic",cell-cell signaling,0.8806379374534624,0.3669230769230769,0.815
GO:1900087,46,GO:0007049,23,4,positive regulation of G1/S transition of mitotic cell cycle,cell cycle,0.906467051377513,0.3569140625,0.507
GO:1900424,16,GO:0048583,23,5,regulation of defense response to bacterium,regulation of response to stimulus,0.9157788533134773,0.3542608695652174,0.614
GO:0051788,144,GO:0035966,23,9,response to misfolded protein,response to topologically incorrect protein,0.966900409530901,0.34544444444444444,0.728
GO:0008608,75,GO:0051640,23,12,attachment of spindle microtubules to kinetochore,organelle localization,0.9128752792256143,0.34530136986301374,0.731
GO:2001222,69,GO:0048870,23,12,regulation of neuron migration,cell motility,0.9016695830230826,0.3436341463414634,0.734
GO:0018992,44,GO:0003006,23,29,germ-line sex determination,developmental process involved in reproduction,0.9478914743112434,0.34052941176470586,0.699
GO:2000114,113,GO:0007163,23,12,regulation of establishment of cell polarity,establishment or maintenance of cell polarity,0.9458661578555473,0.3380666666666666,0.806
GO:1902100,24,GO:0051128,23,12,negative regulation of metaphase/anaphase transition of cell cycle,regulation of cellular component organization,0.8539685405807893,0.336125,0.671
GO:0050729,161,GO:0006954,23,1,positive regulation of inflammatory response,inflammatory response,0.911795234549516,0.33333333333333337,1
GO:0090169,68,GO:0007017,23,6,regulation of spindle assembly,microtubule-based process,0.8681209977661951,0.326125,0.625
GO:1901031,99,GO:0006979,23,2,regulation of response to reactive oxygen species,response to oxidative stress,0.9183434475055845,0.3125882352941176,0.699
GO:1905819,46,GO:0007049,23,12,negative regulation of chromosome separation,cell cycle,0.8978665301563663,0.30863281249999996,0.58
GO:1902229,48,GO:0043067,23,4,regulation of intrinsic apoptotic signaling pathway in response to DNA damage,regulation of programmed cell death,0.8969370811615786,0.29316,0.741
GO:1902653,126,GO:0006066,23,5,secondary alcohol biosynthetic process,alcohol metabolic process,0.9188056589724497,0.28465624999999994,0.8
GO:0051180,206,GO:0051180,23,8,vitamin transport,vitamin transport,0.9625080044676099,0.28080000000000005,0
GO:2000369,89,GO:0098657,23,12,regulation of clathrin-dependent endocytosis,import into cell,0.8541572970960536,0.2615925925925926,0.738
GO:0045824,41,GO:0002376,23,4,negative regulation of innate immune response,immune system process,0.8956476172747581,0.25775000000000003,0.645
GO:0015807,184,GO:0006865,23,45,L-amino acid transport,amino acid transport,0.9445819061801936,0.2511875,0.926
GO:0071868,61,GO:1901698,23,29,cellular response to monoamine stimulus,response to nitrogen compound,0.9450582650781831,0.24983333333333335,0.879
GO:0071870,61,GO:1901698,23,29,cellular response to catecholamine stimulus,response to nitrogen compound,0.9433475428145942,0.24791666666666667,0.879
GO:0051443,27,GO:0065009,23,2,positive regulation of ubiquitin-protein transferase activity,regulation of molecular function,0.8748791883842144,0.2461186440677966,0.785
GO:0015908,156,GO:0046942,23,26,fatty acid transport,carboxylic acid transport,0.9421859642591214,0.24035714285714282,0.858
GO:0042304,171,GO:0010565,23,6,regulation of fatty acid biosynthetic process,regulation of ketone metabolic process,0.8565107967237529,0.2369444444444444,0.929
GO:0045187,138,GO:0048511,23,2,"regulation of circadian sleep/wake cycle, sleep",rhythmic process,0.9367730826507819,0.22250000000000003,0.86
GO:0022611,205,GO:0022611,23,44,dormancy process,dormancy process,0.9728387937453462,0.19811111111111113,0
GO:0007249,20,GO:0023052,22,2,canonical NF-kappaB signal transduction,signaling,0.9273592702903947,0.6167199999999999,0.337
GO:0070534,19,GO:0043412,22,3,protein K63-linked ubiquitination,macromolecule modification,0.9422392032762472,0.5866702127659574,0.485
GO:0061462,29,GO:0033036,22,3,protein localization to lysosome,macromolecule localization,0.9460839538346985,0.5397822580645162,0.495
GO:0051954,43,GO:0071705,22,12,positive regulation of amine transport,nitrogen compound transport,0.8866656738644825,0.5040375,0.624
GO:0060465,11,GO:0048731,22,48,pharynx development,system development,0.9525277364110201,0.49668085106382975,0.639
GO:0050975,55,GO:0003008,22,16,sensory perception of touch,system process,0.9706109456440805,0.4828285714285714,0.673
GO:0046331,103,GO:0045165,22,3,lateral inhibition,cell fate commitment,0.9194903201787044,0.47247368421052627,0.64
GO:0030201,58,GO:1901135,22,13,heparan sulfate proteoglycan metabolic process,carbohydrate derivative metabolic process,0.918512285927029,0.46441,0.665
GO:0030032,49,GO:0030030,22,4,lamellipodium assembly,cell projection organization,0.9402282204020849,0.46311111111111114,0.585
GO:0046513,63,GO:0006629,22,24,ceramide biosynthetic process,lipid metabolic process,0.9240372300819062,0.44348780487804873,0.64
GO:0060285,69,GO:0048870,22,7,cilium-dependent cell motility,cell motility,0.9879220029784066,0.43575609756097566,0.705
GO:0001539,69,GO:0048870,22,7,cilium or flagellum-dependent cell motility,cell motility,0.9879220029784066,0.43575609756097566,0.705
GO:0036258,98,GO:0010256,22,1,multivesicular body assembly,endomembrane system organization,0.9405858153387937,0.4286470588235294,0.652
GO:0010288,110,GO:0010038,22,1,response to lead ion,response to metal ion,0.969151154132539,0.42147999999999997,0.701
GO:0006213,58,GO:1901135,22,6,pyrimidine nucleoside metabolic process,carbohydrate derivative metabolic process,0.8967185405807893,0.40169,0.633
GO:0070897,36,GO:0043933,22,21,transcription preinitiation complex assembly,protein-containing complex organization,0.8713380491437082,0.4016774193548387,0.722
GO:0051084,132,GO:0006457,22,16,'de novo' post-translational protein folding,protein folding,0.9327056962025316,0.3891071428571429,0.808
GO:0007099,155,GO:0031023,22,7,centriole replication,microtubule organizing center organization,0.9162613551749814,0.3888085106382979,0.859
GO:0071025,32,GO:0009056,22,18,RNA surveillance,catabolic process,0.9126904318689502,0.3851555555555556,0.577
GO:0048665,103,GO:0045165,22,24,neuron fate specification,cell fate commitment,0.9423034251675354,0.38173684210526315,0.765
GO:0010559,26,GO:0051246,22,3,regulation of glycoprotein biosynthetic process,regulation of protein metabolic process,0.8817244973938942,0.37923809523809526,0.671
GO:0006921,48,GO:0043067,22,12,cellular component disassembly involved in execution phase of apoptosis,regulation of programmed cell death,0.938642032762472,0.37026000000000003,0.695
GO:0070873,109,GO:0005975,22,2,regulation of glycogen metabolic process,carbohydrate metabolic process,0.9044502978406552,0.3695357142857143,0.621
GO:0006829,72,GO:0006811,22,20,zinc ion transport,monoatomic ion transport,0.9559132539091586,0.36841860465116283,0.598
GO:0045604,33,GO:0009888,22,3,regulation of epidermal cell differentiation,tissue development,0.9067794117647059,0.35826415094339625,0.688
GO:0071218,144,GO:0035966,22,7,cellular response to misfolded protein,response to topologically incorrect protein,0.9548242740134029,0.34677777777777774,0.717
GO:0071276,110,GO:0010038,22,2,cellular response to cadmium ion,response to metal ion,0.9552974683544304,0.34236,0.732
GO:0060581,73,GO:0007389,22,7,cell fate commitment involved in pattern specification,pattern specification process,0.9498164556962025,0.3388333333333333,0.762
GO:0000466,123,GO:0016072,22,18,"maturation of 5.8S rRNA from tricistronic rRNA transcript (SSU-rRNA, 5.8S rRNA, LSU-rRNA)",rRNA metabolic process,0.8791033134772896,0.3383333333333334,0.795
GO:0032233,112,GO:0097435,22,1,positive regulation of actin filament bundle assembly,supramolecular fiber organization,0.8817676842889054,0.3283548387096774,0.614
GO:0051452,45,GO:0042592,22,16,intracellular pH reduction,homeostatic process,0.9400573343261355,0.32666666666666666,0.762
GO:0042308,31,GO:0032879,22,3,negative regulation of protein import into nucleus,regulation of localization,0.8690999627699181,0.32476000000000005,0.613
GO:0035461,206,GO:0051180,22,5,vitamin transmembrane transport,vitamin transport,0.9559383842144453,0.30800000000000005,0.943
GO:0034656,37,GO:0044248,22,10,nucleobase-containing small molecule catabolic process,cellular catabolic process,0.8940815338793745,0.3040666666666667,0.46
GO:1902235,48,GO:0043067,22,4,regulation of endoplasmic reticulum stress-induced intrinsic apoptotic signaling pathway,regulation of programmed cell death,0.8955202903946389,0.28,0.752
GO:0001956,139,GO:0006836,22,17,positive regulation of neurotransmitter secretion,neurotransmitter transport,0.8487818317200297,0.2745714285714286,0.85
GO:1900024,114,GO:0030155,22,2,regulation of substrate adhesion-dependent cell spreading,regulation of cell adhesion,0.9504363365599404,0.2730769230769231,0.874
GO:1904031,27,GO:0065009,22,1,positive regulation of cyclin-dependent protein kinase activity,regulation of molecular function,0.8649787788533134,0.27247457627118643,0.753
GO:0008090,145,GO:0099111,22,7,retrograde axonal transport,microtubule-based transport,0.9336263961280715,0.27026666666666666,0.812
GO:0019068,137,GO:0016032,22,1,virion assembly,viral process,0.9994542069992554,0.267,0.966
GO:1902475,184,GO:0006865,22,44,L-alpha-amino acid transmembrane transport,amino acid transport,0.9361729337304542,0.24612500000000004,0.919
GO:0048865,165,GO:0048863,22,1,stem cell fate commitment,stem cell differentiation,0.9659086001489203,0.23733333333333329,0.917
GO:0043094,208,GO:0043094,22,18,metabolic compound salvage,metabolic compound salvage,0.9587930007446016,0.2366666666666667,0
GO:2001239,209,GO:2001239,22,1,regulation of extrinsic apoptotic signaling pathway in absence of ligand,regulation of extrinsic apoptotic signaling pathway in absence of ligand,0.9125309009679822,0.2268,0
GO:0000959,207,GO:0000959,22,16,mitochondrial RNA metabolic process,mitochondrial RNA metabolic process,0.9344383842144453,0.21019999999999994,0
GO:0022600,198,GO:0007586,22,54,digestive system process,digestion,0.9682550260610573,0.20964285714285713,0.994
GO:0071470,119,GO:0104004,22,4,cellular response to osmotic stress,cellular response to environmental stimulus,0.9433877513030529,0.20558333333333334,0.882
GO:0033014,187,GO:0033013,22,4,tetrapyrrole biosynthetic process,tetrapyrrole metabolic process,0.9516061057334326,0.17042857142857148,0.978
GO:0034389,6,GO:0071840,21,7,lipid droplet organization,cellular component organization or biogenesis,0.9460599404318689,0.6746363636363637,0.356
GO:0019933,20,GO:0023052,21,9,cAMP-mediated signaling,signaling,0.920174981384959,0.58333,0.389
GO:0006294,70,GO:0006259,21,1,"nucleotide-excision repair, preincision complex assembly",DNA metabolic process,0.8685789277736411,0.5719444444444444,0.518
GO:0070979,19,GO:0043412,21,7,protein K11-linked ubiquitination,macromolecule modification,0.9392855547282204,0.5667978723404256,0.52
GO:0046461,63,GO:0006629,21,9,neutral lipid catabolic process,lipid metabolic process,0.944204765450484,0.5501890243902439,0.572
GO:0042572,63,GO:0006629,21,6,retinol metabolic process,lipid metabolic process,0.8784724497393894,0.5465731707317073,0.548
GO:0043949,20,GO:0023052,21,1,regulation of cAMP-mediated signaling,signaling,0.916514705882353,0.5349900000000001,0.319
GO:0060071,53,GO:0007166,21,2,"Wnt signaling pathway, planar cell polarity pathway",cell surface receptor signaling pathway,0.9265156366344006,0.5238813559322033,0.583
GO:0050879,212,GO:0050879,21,6,multicellular organismal movement,multicellular organismal movement,0.9775349962769918,0.52,0
GO:0006298,70,GO:0006259,21,10,mismatch repair,DNA metabolic process,0.8961721891288161,0.5164907407407408,0.642
GO:0007638,38,GO:0009605,21,29,mechanosensory behavior,response to external stimulus,0.9355176842889055,0.5128666666666666,0.669
GO:0006103,35,GO:0044281,21,3,2-oxoglutarate metabolic process,small molecule metabolic process,0.9305534251675354,0.506875,0.482
GO:0018023,19,GO:0043412,21,1,peptidyl-lysine trimethylation,macromolecule modification,0.9432036485480269,0.5045212765957447,0.446
GO:0042455,76,GO:0055086,21,9,ribonucleoside biosynthetic process,nucleobase-containing small molecule metabolic process,0.8930197319434103,0.5041454545454546,0.638
GO:0031163,17,GO:0044085,21,16,metallo-sulfur cluster assembly,cellular component biogenesis,0.9393514519731944,0.5020882352941176,0.599
GO:0016226,17,GO:0044085,21,16,iron-sulfur cluster assembly,cellular component biogenesis,0.9393514519731944,0.5020882352941176,0.599
GO:0051703,213,GO:0051703,21,3,biological process involved in intraspecies interaction between organisms,biological process involved in intraspecies interaction between organisms,0.9998138495904692,0.5,0
GO:0000729,70,GO:0006259,21,8,DNA double-strand break processing,DNA metabolic process,0.8991183916604617,0.4998703703703704,0.612
GO:0046676,43,GO:0071705,21,1,negative regulation of insulin secretion,nitrogen compound transport,0.8567583767684289,0.49296249999999997,0.499
GO:1900744,20,GO:0023052,21,2,regulation of p38MAPK cascade,signaling,0.9127809009679821,0.4888,0.337
GO:0040034,28,GO:0050793,21,32,"regulation of development, heterochronic",regulation of developmental process,0.9270124720774385,0.48849019607843136,0.685
GO:0046039,76,GO:0055086,21,3,GTP metabolic process,nucleobase-containing small molecule metabolic process,0.9016664184661206,0.4825636363636364,0.586
GO:0072698,29,GO:0033036,21,13,protein localization to microtubule cytoskeleton,macromolecule localization,0.9397734549516009,0.47975,0.577
GO:0044380,29,GO:0033036,21,14,protein localization to cytoskeleton,macromolecule localization,0.9395839538346984,0.4782983870967742,0.579
GO:0035020,20,GO:0023052,21,3,regulation of Rac protein signal transduction,signaling,0.9106572970960536,0.47069000000000005,0.349
GO:0046464,63,GO:0006629,21,9,acylglycerol catabolic process,lipid metabolic process,0.9268622486969471,0.4692378048780488,0.572
GO:0034501,29,GO:0033036,21,12,protein localization to kinetochore,macromolecule localization,0.9381169024571854,0.46453225806451615,0.599
GO:0046112,76,GO:0055086,21,12,nucleobase biosynthetic process,nucleobase-containing small molecule metabolic process,0.9036020104244229,0.4566606060606061,0.679
GO:0044409,121,GO:0044419,21,1,symbiont entry into host,biological process involved in interspecies interaction between organisms,0.9944069247952345,0.4565555555555556,0.533
GO:0062033,46,GO:0007049,21,1,positive regulation of mitotic sister chromatid segregation,cell cycle,0.8768477289650037,0.43421875,0.447
GO:0007526,94,GO:0061061,21,1,larval somatic muscle development,muscle structure development,0.9647565152643336,0.43366666666666664,0.678
GO:0019692,34,GO:0006793,21,7,deoxyribose phosphate metabolic process,phosphorus metabolic process,0.9265588235294118,0.42938775510204086,0.557
GO:0051654,75,GO:0051640,21,3,establishment of mitochondrion localization,organelle localization,0.9586044303797469,0.4247534246575342,0.65
GO:1904353,57,GO:0051276,21,1,regulation of telomere capping,chromosome organization,0.8555776247207744,0.41535714285714287,0.596
GO:0046785,155,GO:0031023,21,22,microtubule polymerization,microtubule organizing center organization,0.9182758749069247,0.4131063829787234,0.639
GO:0090313,31,GO:0032879,21,6,regulation of protein targeting to membrane,regulation of localization,0.8923058451228593,0.4068533333333333,0.646
GO:0033627,114,GO:0030155,21,4,cell adhesion mediated by integrin,regulation of cell adhesion,0.9905902829486225,0.40684615384615386,0.65
GO:0009394,34,GO:0006793,21,6,2'-deoxyribonucleotide metabolic process,phosphorus metabolic process,0.8919303797468354,0.40230612244897956,0.554
GO:0090325,65,GO:0007610,21,33,regulation of locomotion involved in locomotory behavior,behavior,0.9202859270290394,0.39771875,0.688
GO:0009065,116,GO:0006520,21,9,glutamine family amino acid catabolic process,amino acid metabolic process,0.9032656366344006,0.3889553571428571,0.702
GO:1900073,81,GO:0007267,21,7,regulation of neuromuscular synaptic transmission,cell-cell signaling,0.927903574087863,0.3888846153846154,0.661
GO:0006555,116,GO:0006520,21,11,methionine metabolic process,amino acid metabolic process,0.9085982874162323,0.37703571428571425,0.743
GO:0030262,48,GO:0043067,21,12,apoptotic nuclear changes,regulation of programmed cell death,0.938642032762472,0.37026000000000003,0.695
GO:0032801,179,GO:0043112,21,4,receptor catabolic process,receptor metabolic process,0.937473380491437,0.368,0.981
GO:2000331,127,GO:0050808,21,2,regulation of terminal button organization,synapse organization,0.9039139985107967,0.36102222222222224,0.72
GO:0032885,109,GO:0005975,21,2,regulation of polysaccharide biosynthetic process,carbohydrate metabolic process,0.901036113179449,0.35675,0.621
GO:0000272,109,GO:0005975,21,16,polysaccharide catabolic process,carbohydrate metabolic process,0.9274441548771407,0.3481964285714285,0.73
GO:1901074,77,GO:0061024,21,22,regulation of engulfment of apoptotic cell,membrane organization,0.8431046165301563,0.34188372093023256,0.785
GO:1903307,66,GO:0046903,21,1,positive regulation of regulated secretory pathway,secretion,0.8930197319434103,0.33830303030303033,0.626
GO:0018279,142,GO:0070085,21,19,protein N-linked glycosylation via asparagine,glycosylation,0.9107112807148176,0.33406250000000004,0.799
GO:0006383,210,GO:0006383,21,31,transcription by RNA polymerase III,transcription by RNA polymerase III,0.92333730454207,0.3254,0
GO:0008154,112,GO:0097435,21,51,actin polymerization or depolymerization,supramolecular fiber organization,0.9294285182427401,0.3226129032258065,0.859
GO:0070129,172,GO:0140053,21,6,regulation of mitochondrial translation,mitochondrial gene expression,0.8868676470588235,0.3201111111111111,0.833
GO:2000816,46,GO:0007049,21,12,negative regulation of mitotic sister chromatid separation,cell cycle,0.8515986597170514,0.28972656249999995,0.578
GO:0009949,73,GO:0007389,21,16,polarity specification of anterior/posterior axis,pattern specification process,0.9592881608339539,0.25883333333333336,0.818
GO:0048333,33,GO:0009888,21,43,mesodermal cell differentiation,tissue development,0.9356559940431869,0.24583018867924533,0.876
GO:0016081,153,GO:0022406,21,9,synaptic vesicle docking,membrane docking,0.886328183172003,0.24144444444444446,0.912
GO:0042430,211,GO:0042430,21,18,indole-containing compound metabolic process,indole-containing compound metabolic process,0.9604895755770663,0.22099999999999997,0
GO:1901661,171,GO:0010565,21,12,quinone metabolic process,regulation of ketone metabolic process,0.9577898361876396,0.2062222222222222,0.864
GO:0048680,101,GO:0009611,21,23,positive regulation of axon regeneration,response to wounding,0.7942250558451228,0.19908333333333328,0.927
GO:0048880,85,GO:0001654,21,2,sensory system development,eye development,0.9625619880863738,0.18933333333333335,1
GO:0002784,41,GO:0002376,21,5,regulation of antimicrobial peptide production,immune system process,0.8582676842889054,0.18541666666666667,0.656
GO:0045841,97,GO:0048285,21,12,negative regulation of mitotic metaphase/anaphase transition,organelle fission,0.8496003350707372,0.17521428571428577,0.742
GO:0070572,150,GO:0031099,21,23,positive regulation of neuron projection regeneration,regeneration,0.7979646314221891,0.16607692307692312,0.95
GO:0006779,187,GO:0033013,21,4,porphyrin-containing compound biosynthetic process,tetrapyrrole metabolic process,0.9515830230826507,0.15842857142857147,0.978
GO:0008214,19,GO:0043412,20,1,protein dealkylation,macromolecule modification,0.9447870439314967,0.6479680851063829,0.47
GO:0006482,19,GO:0043412,20,1,protein demethylation,macromolecule modification,0.9443670886075949,0.6479680851063829,0.47
GO:1902074,14,GO:0042221,20,21,response to salt,response to chemical,0.9635523082650782,0.603258064516129,0.606
GO:0048859,23,GO:0009653,20,1,formation of anatomical boundary,anatomical structure morphogenesis,0.9706634400595682,0.5952692307692308,0.464
GO:0032527,43,GO:0071705,20,8,protein exit from endoplasmic reticulum,nitrogen compound transport,0.9340454206999256,0.590775,0.585
GO:0019226,55,GO:0003008,20,3,transmission of nerve impulse,system process,0.9520686895011169,0.5318285714285714,0.553
GO:0048808,11,GO:0048731,20,28,male genitalia morphogenesis,system development,0.938771034996277,0.5058723404255319,0.604
GO:0045324,115,GO:0051169,20,20,late endosome to vacuole transport,nuclear transport,0.9368391660461652,0.49498245614035086,0.577
GO:0043001,29,GO:0033036,20,7,Golgi to plasma membrane protein transport,macromolecule localization,0.9284078555472822,0.4883145161290322,0.537
GO:0043162,32,GO:0009056,20,9,ubiquitin-dependent protein catabolic process via the multivesicular body sorting pathway,catabolic process,0.9265653387937454,0.48468888888888884,0.527
GO:0045022,115,GO:0051169,20,10,early endosome to late endosome transport,nuclear transport,0.9371355174981385,0.47136842105263155,0.568
GO:0042759,35,GO:0044281,20,4,long-chain fatty acid biosynthetic process,small molecule metabolic process,0.9082365971705137,0.4680875,0.482
GO:1901071,58,GO:1901135,20,12,glucosamine-containing compound metabolic process,carbohydrate derivative metabolic process,0.9438600148920328,0.46695,0.645
GO:0070509,72,GO:0006811,20,17,calcium ion import,monoatomic ion transport,0.9581881980640358,0.4569302325581396,0.556
GO:0015012,58,GO:1901135,20,13,heparan sulfate proteoglycan biosynthetic process,carbohydrate derivative metabolic process,0.9099754281459419,0.45533999999999997,0.665
GO:0043330,61,GO:1901698,20,1,response to exogenous dsRNA,response to nitrogen compound,0.9681976917349218,0.43670833333333337,0.664
GO:0007398,33,GO:0009888,20,3,ectoderm development,tissue development,0.9714182799702159,0.42318867924528303,0.688
GO:0016476,28,GO:0050793,20,3,regulation of embryonic cell shape,regulation of developmental process,0.907605547282204,0.4172549019607843,0.562
GO:2000104,70,GO:0006259,20,4,negative regulation of DNA-templated DNA replication,DNA metabolic process,0.873506329113924,0.4051111111111111,0.573
GO:0009996,28,GO:0050793,20,6,negative regulation of cell fate specification,regulation of developmental process,0.8960742740134028,0.40013725490196084,0.594
GO:0051299,155,GO:0031023,20,6,centrosome separation,microtubule organizing center organization,0.9245299702159344,0.39853191489361706,0.851
GO:0007129,39,GO:0044703,20,22,homologous chromosome pairing at meiosis,multi-organism reproductive process,0.90977382725242,0.394525,0.378
GO:0033227,117,GO:0006403,20,1,dsRNA transport,RNA localization,0.9516734921816828,0.3934545454545455,0.756
GO:0071027,32,GO:0009056,20,16,nuclear RNA surveillance,catabolic process,0.9130543559195831,0.38722222222222225,0.573
GO:1905476,102,GO:0072657,20,2,negative regulation of protein localization to membrane,protein localization to membrane,0.8846411020104245,0.3836521739130435,0.707
GO:0060323,78,GO:0060322,20,1,head morphogenesis,head development,0.9719272151898735,0.38275000000000003,0.848
GO:0060079,81,GO:0007267,20,95,excitatory postsynaptic potential,cell-cell signaling,0.8705469099032018,0.36730769230769234,0.814
GO:2001024,128,GO:0009410,20,1,negative regulation of response to drug,response to xenobiotic stimulus,0.914186895011169,0.3618,0.745
GO:0042407,93,GO:0007005,20,5,cristae formation,mitochondrion organization,0.9388028667163067,0.35516000000000003,0.77
GO:0061065,28,GO:0050793,20,44,regulation of dauer larval development,regulation of developmental process,0.9059156738644825,0.35129411764705887,0.723
GO:0009067,116,GO:0006520,20,16,aspartate family amino acid biosynthetic process,amino acid metabolic process,0.900740506329114,0.3469285714285715,0.759
GO:0045196,56,GO:0042127,20,1,establishment or maintenance of neuroblast polarity,regulation of cell population proliferation,0.9454229337304542,0.3415,0.705
GO:0018996,162,GO:0042303,20,108,"molting cycle, collagen and cuticulin-based cuticle",molting cycle,0.9730739017125838,0.33425000000000005,0.993
GO:1901016,31,GO:0032879,20,9,regulation of potassium ion transmembrane transporter activity,regulation of localization,0.8913695085629189,0.32931999999999995,0.667
GO:0007095,46,GO:0007049,20,9,mitotic G2 DNA damage checkpoint signaling,cell cycle,0.8721286299329858,0.32702343749999996,0.533
GO:0071173,46,GO:0007049,20,12,spindle assembly checkpoint signaling,cell cycle,0.873373417721519,0.3249453125,0.58
GO:0031577,46,GO:0007049,20,12,spindle checkpoint signaling,cell cycle,0.873373417721519,0.3249453125,0.58
GO:0040009,67,GO:0040008,20,27,regulation of growth rate,regulation of growth,0.9506710722263589,0.31694736842105264,0.822
GO:0051496,112,GO:0097435,20,1,positive regulation of stress fiber assembly,supramolecular fiber organization,0.881256329113924,0.3099032258064516,0.614
GO:0071174,46,GO:0007049,20,12,mitotic spindle checkpoint signaling,cell cycle,0.8726254653760238,0.30914062499999995,0.578
GO:0016199,164,GO:0008037,20,3,axon midline choice point recognition,cell recognition,0.9118909158600149,0.28622222222222227,0.847
GO:0016198,164,GO:0008037,20,3,axon choice point recognition,cell recognition,0.9118909158600149,0.28622222222222227,0.847
GO:0008643,186,GO:0010827,20,44,carbohydrate transport,regulation of D-glucose transmembrane transport,0.9579201414743113,0.2718571428571429,0.733
GO:0045737,27,GO:0065009,20,1,positive regulation of cyclin-dependent protein serine/threonine kinase activity,regulation of molecular function,0.8466368205510052,0.26962711864406774,0.753
GO:0071711,148,GO:0030198,20,15,basement membrane organization,extracellular matrix organization,0.9499623976172747,0.25257142857142856,0.934
GO:0070986,73,GO:0007389,20,19,left/right axis specification,pattern specification process,0.95868782576321665,0.25183333333333335,0.834
GO:0015909,156,GO:0046942,20,18,long-chain fatty acid transport,carboxylic acid transport,0.9435359270290394,0.2510714285714286,0.833
GO:0000305,99,GO:0006979,20,15,response to oxygen radical,response to oxidative stress,0.9540765078183172,0.24358823529411766,0.817
GO:0060261,147,GO:0006352,20,3,positive regulation of transcription initiation by RNA polymerase II,DNA-templated transcription initiation,0.8761727475800447,0.2385454545454545,0.772
GO:0006096,163,GO:0072524,20,25,glycolytic process,pyridine-containing compound metabolic process,0.8543791883842144,0.21038095238095234,0.915
GO:0030301,180,GO:0015850,20,5,cholesterol transport,organic hydroxy compound transport,0.9511102010424423,0.18433333333333335,0.855
GO:1900193,105,GO:0021700,20,11,regulation of oocyte maturation,developmental maturation,0.8952890915860015,0.17772727272727273,0.878
GO:0006760,202,GO:0042558,20,10,folic acid-containing compound metabolic process,pteridine-containing compound metabolic process,0.9589011541325391,0.17672727272727273,0.968
GO:0007094,97,GO:0048285,20,12,mitotic spindle assembly checkpoint signaling,organelle fission,0.8244562546537603,0.17521428571428577,0.742
GO:0006783,187,GO:0033013,20,4,heme biosynthetic process,tetrapyrrole metabolic process,0.9509540208488458,0.15842857142857147,0.978
GO:0048821,92,GO:0030097,20,1,erythrocyte development,hemopoiesis,0.9414659344750559,0.10144444444444445,0.966
GO:0007220,214,GO:0007220,19,3,Notch receptor processing,Notch receptor processing,0.94922617274758,1,0
GO:0031365,19,GO:0043412,19,5,N-terminal protein amino acid modification,macromolecule modification,0.9413736038719285,0.6056914893617021,0.506
GO:0007200,18,GO:0007154,19,10,phospholipase C-activating G protein-coupled receptor signaling pathway,cell communication,0.9238371183916605,0.5751999999999999,0.391
GO:0042771,20,GO:0023052,19,6,intrinsic apoptotic signaling pathway in response to DNA damage by p53 class mediator,signaling,0.9071835443037974,0.56135,0.385
GO:1903513,115,GO:0051169,19,5,endoplasmic reticulum to cytosol transport,nuclear transport,0.9461600893521965,0.5572631578947369,0.518
GO:0050891,13,GO:0065008,19,5,multicellular organismal-level water homeostasis,regulation of biological quality,0.9272604244229338,0.5556811594202898,0.605
GO:0044091,17,GO:0044085,19,15,membrane biogenesis,cellular component biogenesis,0.9431800074460164,0.5465588235294118,0.583
GO:0006297,70,GO:0006259,19,4,"nucleotide-excision repair, DNA gap filling",DNA metabolic process,0.9043629932985853,0.543462962962963,0.573
GO:0030970,115,GO:0051169,19,5,"retrograde protein transport, ER to cytosol",nuclear transport,0.8299629560685033,0.5407894736842105,0.518
GO:0038202,20,GO:0023052,19,24,TORC1 signaling,signaling,0.9142272896500372,0.52397,0.431
GO:0032528,49,GO:0030030,19,8,microvillus organization,cell projection organization,0.9471195085629188,0.5117222222222222,0.623
GO:0014014,11,GO:0048731,19,3,negative regulation of gliogenesis,system development,0.8868427029039464,0.5057659574468085,0.491
GO:0045292,59,GO:0006396,19,14,"mRNA cis splicing, via spliceosome",RNA processing,0.9229491809381981,0.4801875,0.599
GO:1901028,13,GO:0065008,19,7,regulation of mitochondrial outer membrane permeabilization involved in apoptotic signaling pathway,regulation of biological quality,0.820783320923306,0.47449275362318843,0.605
GO:0090208,63,GO:0006629,19,2,positive regulation of triglyceride metabolic process,lipid metabolic process,0.8851489203276247,0.471719512195122,0.502
GO:0000038,35,GO:0044281,19,19,very long-chain fatty acid metabolic process,small molecule metabolic process,0.9104054355919583,0.464025,0.552
GO:0051383,57,GO:0051276,19,17,kinetochore organization,chromosome organization,0.9380236411020104,0.45426190476190476,0.758
GO:0016075,32,GO:0009056,19,9,rRNA catabolic process,catabolic process,0.9173453090096798,0.4502666666666667,0.514
GO:0006536,35,GO:0044281,19,14,glutamate metabolic process,small molecule metabolic process,0.9125539836187639,0.43786250000000004,0.562
GO:1904263,20,GO:0023052,19,11,positive regulation of TORC1 signaling,signaling,0.8854037602382725,0.42896,0.396
GO:0007026,155,GO:0031023,19,4,negative regulation of microtubule depolymerization,microtubule organizing center organization,0.8670869322412509,0.42721276595744684,0.559
GO:0051782,100,GO:0051301,19,7,negative regulation of cell division,cell division,0.9237540953090096,0.42647619047619045,0.708
GO:0034643,75,GO:0051640,19,3,"establishment of mitochondrion localization, microtubule-mediated",organelle localization,0.9437663812360387,0.41605479452054794,0.65
GO:0016137,58,GO:1901135,19,17,glycoside metabolic process,carbohydrate derivative metabolic process,0.9411911764705883,0.40851000000000004,0.661
GO:0009794,42,GO:0009790,19,16,"regulation of mitotic cell cycle, embryonic",embryo development,0.8891807520476545,0.40827272727272734,0.668
GO:0047497,75,GO:0051640,19,3,mitochondrion transport along microtubule,organelle localization,0.9325340655249441,0.405986301369863,0.65
GO:0045454,45,GO:0042592,19,12,cell redox homeostasis,homeostatic process,0.9908581533879375,0.39601515151515154,0.748
GO:0071577,72,GO:0006811,19,17,zinc ion transmembrane transport,monoatomic ion transport,0.9487911392405063,0.376860465116279,0.562
GO:0045445,94,GO:0061061,19,3,myoblast differentiation,muscle structure development,0.9623581533879375,0.37603333333333333,0.728
GO:0032469,45,GO:0042592,19,5,endoplasmic reticulum calcium ion homeostasis,homeostatic process,0.990473008190618,0.3743939393939394,0.705
GO:1901673,68,GO:0007017,19,2,regulation of mitotic spindle assembly,microtubule-based process,0.8744041325390915,0.36616666666666664,0.568
GO:0051043,199,GO:0033619,19,2,regulation of membrane protein ectodomain proteolysis,membrane protein proteolysis,0.8878320923306031,0.3526666666666667,0.87
GO:0009251,109,GO:0005975,19,13,glucan catabolic process,carbohydrate metabolic process,0.9282109084139986,0.3415178571428571,0.719
GO:0005980,109,GO:0005975,19,13,glycogen catabolic process,carbohydrate metabolic process,0.9249292628443783,0.3415178571428571,0.719
GO:0043652,77,GO:0061024,19,29,engulfment of apoptotic cell,membrane organization,0.8985416976917349,0.33446511627906983,0.82
GO:1904748,48,GO:0043067,19,17,regulation of apoptotic process involved in development,regulation of programmed cell death,0.9103877513030528,0.32277999999999996,0.847
GO:0009954,73,GO:0007389,19,6,proximal/distal pattern formation,pattern specification process,0.9610167535368578,0.3063666666666667,0.782
GO:0022617,148,GO:0030198,19,5,extracellular matrix disassembly,extracellular matrix organization,0.9493358153387937,0.29228571428571426,0.86
GO:0032785,173,GO:0006354,19,1,"negative regulation of DNA-templated transcription, elongation",DNA-templated transcription elongation,0.8835418838421445,0.2842,0.779
GO:1903859,67,GO:0040008,19,6,regulation of dendrite extension,regulation of growth,0.8607885331347729,0.27805263157894733,0.75
GO:0034244,173,GO:0006354,19,1,negative regulation of transcription elongation by RNA polymerase II,DNA-templated transcription elongation,0.8833609456440804,0.27349999999999997,0.779
GO:0045943,197,GO:0006360,19,4,positive regulation of transcription by RNA polymerase I,transcription by RNA polymerase I,0.8748845867460908,0.27216666666666667,0.88
GO:1904666,27,GO:0065009,19,2,regulation of ubiquitin protein ligase activity,regulation of molecular function,0.9573309754281459,0.2673728813559322,0.785
GO:0030488,122,GO:0032259,19,22,tRNA methylation,methylation,0.9094793373045421,0.2653333333333333,0.828
GO:0034219,186,GO:0010827,19,43,carbohydrate transmembrane transport,regulation of D-glucose transmembrane transport,0.9483873790022338,0.2611428571428571,0.747
GO:1905770,33,GO:0009888,19,33,regulation of mesodermal cell differentiation,tissue development,0.8903294862248697,0.2607169811320754,0.844
GO:0042661,33,GO:0009888,19,33,regulation of mesodermal cell fate specification,tissue development,0.8860575204765451,0.2590754716981132,0.844
GO:0032968,173,GO:0006354,19,6,positive regulation of transcription elongation by RNA polymerase II,DNA-templated transcription elongation,0.8715463514519732,0.2288,0.87
GO:0045980,118,GO:0062012,19,1,negative regulation of nucleotide metabolic process,regulation of small molecule metabolic process,0.8547697319434102,0.22653333333333336,0.792
GO:2000300,66,GO:0046903,19,13,regulation of synaptic vesicle exocytosis,secretion,0.8638791883842145,0.22233333333333338,0.768
GO:0001556,105,GO:0021700,19,29,oocyte maturation,developmental maturation,0.937782576321668,0.18213636363636365,0.952
GO:0032371,180,GO:0015850,19,2,regulation of sterol transport,organic hydroxy compound transport,0.9106349590469099,0.18191666666666673,0.807
GO:0032374,180,GO:0015850,19,2,regulation of cholesterol transport,organic hydroxy compound transport,0.9105973566641846,0.16508333333333336,0.807
GO:0098900,13,GO:0065008,18,3,regulation of action potential,regulation of biological quality,0.951990878629933,0.5523913043478261,0.566
GO:0007419,11,GO:0048731,18,10,ventral cord development,system development,0.9550755770662696,0.546531914893617,0.566
GO:0006312,70,GO:0006259,18,4,mitotic recombination,DNA metabolic process,0.9366066641846612,0.5392592592592593,0.573
GO:0050881,55,GO:0003008,18,2,musculoskeletal movement,system process,0.9746922933730454,0.5336285714285713,0.537
GO:0070207,36,GO:0043933,18,1,protein homotrimerization,protein-containing complex organization,0.9463924050632911,0.5314032258064516,0.56
GO:0038083,19,GO:0043412,18,1,peptidyl-tyrosine autophosphorylation,macromolecule modification,0.9293561057334326,0.5222978723404255,0.446
GO:0043124,20,GO:0023052,18,1,negative regulation of canonical NF-kappaB signal transduction,signaling,0.901728965003723,0.51934,0.319
GO:0036508,58,GO:1901135,18,3,"protein alpha-1,2-demannosylation",carbohydrate derivative metabolic process,0.9264670513775131,0.5190699999999999,0.583
GO:0036507,58,GO:1901135,18,3,protein demannosylation,carbohydrate derivative metabolic process,0.9264670513775131,0.5190699999999999,0.583
GO:0006895,40,GO:0016192,18,3,Golgi to endosome transport,vesicle-mediated transport,0.9428268801191363,0.5161111111111112,0.533
GO:0071825,36,GO:0043933,18,3,protein-lipid complex organization,protein-containing complex organization,0.9488879374534624,0.5108064516129032,0.605
GO:0090069,17,GO:0044085,18,2,regulation of ribosome biogenesis,cellular component biogenesis,0.9140629188384215,0.5016176470588236,0.476
GO:0035176,213,GO:0051703,18,3,social behavior,biological process involved in intraspecies interaction between organisms,0.9762831347728965,0.5,1
GO:0007141,30,GO:0022414,18,1,male meiosis I,reproductive process,0.9273581533879375,0.49977777777777777,0.427
GO:0035331,20,GO:0023052,18,2,negative regulation of hippo signaling,signaling,0.8979614668652272,0.49953000000000003,0.337
GO:0018195,19,GO:0043412,18,4,peptidyl-arginine modification,macromolecule modification,0.9394020848845868,0.4987872340425532,0.506
GO:0048137,30,GO:0022414,18,2,spermatocyte division,reproductive process,0.9554421072226359,0.49291666666666667,0.45
GO:1903539,29,GO:0033036,18,7,protein localization to postsynaptic membrane,macromolecule localization,0.9408739761727476,0.4841370967741936,0.537
GO:0046835,109,GO:0005975,18,7,carbohydrate phosphorylation,carbohydrate metabolic process,0.9349538346984363,0.4801964285714285,0.681
GO:0032418,75,GO:0051640,18,7,lysosome localization,organelle localization,0.9600830230826508,0.4766849315068493,0.685
GO:0046466,63,GO:0006629,18,17,membrane lipid catabolic process,lipid metabolic process,0.923765078183172,0.47453658536585364,0.623
GO:0007020,36,GO:0043933,18,6,microtubule nucleation,protein-containing complex organization,0.9239138123603872,0.47309677419354834,0.659
GO:0008535,36,GO:0043933,18,12,respiratory chain complex IV assembly,protein-containing complex organization,0.936825018615041,0.45299999999999996,0.694
GO:1904262,20,GO:0023052,18,6,negative regulation of TORC1 signaling,signaling,0.8891788905435591,0.44267999999999996,0.381
GO:2000641,115,GO:0051169,18,9,regulation of early endosome to late endosome transport,nuclear transport,0.8863244601638124,0.43408771929824563,0.554
GO:0006544,116,GO:0006520,18,7,glycine metabolic process,amino acid metabolic process,0.9164934847356664,0.41711607142857143,0.702
GO:0006206,76,GO:0055086,18,14,pyrimidine nucleobase metabolic process,nucleobase-containing small molecule metabolic process,0.9031587862993299,0.41658787878787884,0.698
GO:0009226,34,GO:0006793,18,16,nucleotide-sugar biosynthetic process,phosphorus metabolic process,0.8838255770662695,0.40924489795918373,0.576
GO:0007064,57,GO:0051276,18,11,mitotic sister chromatid cohesion,chromosome organization,0.9254233060312733,0.40180952380952384,0.741
GO:0035249,81,GO:0007267,18,22,"synaptic transmission, glutamatergic",cell-cell signaling,0.9364188384214445,0.3985384615384615,0.731
GO:0030728,30,GO:0022414,18,24,ovulation,reproductive process,0.981114668652271,0.3938611111111111,0.562
GO:0009261,34,GO:0006793,18,32,ribonucleotide catabolic process,phosphorus metabolic process,0.8695186150409531,0.3919795918367347,0.623
GO:2000401,69,GO:0048870,18,1,regulation of lymphocyte migration,cell motility,0.9384782204020848,0.39039024390243904,0.602
GO:0006541,116,GO:0006520,18,18,glutamine metabolic process,amino acid metabolic process,0.9125117274758004,0.38789285714285715,0.748
GO:0042755,65,GO:0007610,18,76,eating behavior,behavior,0.9696429635145197,0.38490625,0.747
GO:0006309,48,GO:0043067,18,12,apoptotic DNA fragmentation,regulation of programmed cell death,0.8605711094564408,0.37026000000000003,0.695
GO:0034587,10,GO:0048519,18,12,piRNA processing,negative regulation of biological process,0.8649292628443783,0.36003703703703704,0.54
GO:0006488,142,GO:0070085,18,13,dolichol-linked oligosaccharide biosynthetic process,glycosylation,0.9129372673119881,0.34962499999999996,0.774
GO:0045744,21,GO:0023051,18,4,negative regulation of G protein-coupled receptor signaling pathway,regulation of signaling,0.8959530900967982,0.3445454545454545,0.612
GO:1902751,46,GO:0007049,18,4,positive regulation of cell cycle G2/M phase transition,cell cycle,0.9026662323157111,0.3431484375,0.547
GO:0042693,94,GO:0061061,18,8,muscle cell fate commitment,muscle structure development,0.9579309381980641,0.3423666666666667,0.787
GO:0045167,103,GO:0045165,18,23,asymmetric protein localization involved in cell fate determination,cell fate commitment,0.9075632911392405,0.34184210526315795,0.758
GO:0010962,109,GO:0005975,18,2,regulation of glucan biosynthetic process,carbohydrate metabolic process,0.9008769545793001,0.34148214285714285,0.621
GO:0005979,109,GO:0005975,18,2,regulation of glycogen biosynthetic process,carbohydrate metabolic process,0.8977768056589724,0.34148214285714285,0.621
GO:1905820,46,GO:0007049,18,16,positive regulation of chromosome separation,cell cycle,0.8993345122859271,0.33871874999999996,0.57
GO:0032222,81,GO:0007267,18,33,"regulation of synaptic transmission, cholinergic",cell-cell signaling,0.9201291883842144,0.3343076923076923,0.757
GO:0000028,87,GO:0022613,18,12,ribosomal small subunit assembly,ribonucleoprotein complex biogenesis,0.9290938198064036,0.31234482758620685,0.701
GO:0042402,189,GO:0009308,18,1,biogenic amine catabolic process,amine metabolic process,0.9500294117647059,0.31120000000000003,0.751
GO:0009310,189,GO:0009308,18,1,amine catabolic process,amine metabolic process,0.9500294117647059,0.31120000000000003,0.751
GO:0010884,140,GO:0010876,18,5,positive regulation of lipid storage,lipid localization,0.8869024571854058,0.28724000000000005,0.745
GO:0016082,66,GO:0046903,18,6,synaptic vesicle priming,secretion,0.8502983991064781,0.2866666666666666,0.731
GO:0097120,124,GO:0031503,18,15,receptor localization to synapse,protein-containing complex localization,0.9629741250930752,0.279625,0.859
GO:0071243,195,GO:0046685,18,1,cellular response to arsenic-containing substance,response to arsenic-containing substance,0.9577365971705137,0.2766666666666666,0.89
GO:0019682,178,GO:0006081,18,4,glyceraldehyde-3-phosphate metabolic process,aldehyde metabolic process,0.9321937825763217,0.2615454545454545,0.878
GO:0042743,154,GO:2000377,18,7,hydrogen peroxide metabolic process,regulation of reactive oxygen species metabolic process,0.9625173119880863,0.25,0.817
GO:0000303,99,GO:0006979,18,15,response to superoxide,response to oxidative stress,0.9540765078183172,0.24358823529411766,0.817
GO:0014041,105,GO:0021700,18,2,regulation of neuron maturation,developmental maturation,0.9101033134772897,0.2372727272727273,0.771
GO:0072529,183,GO:0072527,18,15,pyrimidine-containing compound catabolic process,pyrimidine-containing compound metabolic process,0.9357447877885331,0.23111111111111116,0.898
GO:1903427,154,GO:2000377,18,2,negative regulation of reactive oxygen species biosynthetic process,regulation of reactive oxygen species metabolic process,0.8937392032762472,0.21699999999999997,0.953
GO:0009235,187,GO:0033013,18,2,cobalamin metabolic process,tetrapyrrole metabolic process,0.9338298585256888,0.21485714285714286,0.931
GO:0010586,204,GO:1902893,18,7,miRNA metabolic process,regulation of miRNA transcription,0.9378008190618019,0.1572,0.96
GO:0031103,150,GO:0031099,18,38,axon regeneration,regeneration,0.8566695830230826,0.15284615384615385,0.998
GO:1902895,204,GO:1902893,18,3,positive regulation of miRNA transcription,regulation of miRNA transcription,0.8766167163067758,0.15200000000000002,0.984
GO:0032480,120,GO:0001817,18,1,negative regulation of type I interferon production,regulation of cytokine production,0.8749549516008935,0.1326666666666667,0.966
GO:0051597,14,GO:0042221,17,1,response to methylmercury,response to chemical,0.9692762472077439,0.6683548387096774,0.479
GO:0045117,43,GO:0071705,17,1,azole transmembrane transport,nitrogen compound transport,0.9544949739389427,0.6230125,0.499
GO:0060384,11,GO:0048731,17,2,innervation,system development,0.9621693968726731,0.6145106382978723,0.476
GO:0072337,43,GO:0071705,17,4,modified amino acid transport,nitrogen compound transport,0.9575804169769173,0.579325,0.563
GO:0070371,20,GO:0023052,17,3,ERK1 and ERK2 cascade,signaling,0.9248637379002234,0.56753,0.349
GO:0033119,59,GO:0006396,17,1,negative regulation of RNA splicing,RNA processing,0.8822905807892777,0.567,0.483
GO:0016601,20,GO:0023052,17,6,Rac protein signal transduction,signaling,0.9210256887565152,0.54311,0.376
GO:0051156,34,GO:0006793,17,10,glucose 6-phosphate metabolic process,phosphorus metabolic process,0.9286418466120625,0.5395102040816326,0.554
GO:0035235,53,GO:0007166,17,4,ionotropic glutamate receptor signaling pathway,cell surface receptor signaling pathway,0.925454765450484,0.5344576271186441,0.596
GO:0034067,29,GO:0033036,17,6,protein localization to Golgi apparatus,macromolecule localization,0.9440323901712584,0.5268387096774194,0.524
GO:0014016,11,GO:0048731,17,9,neuroblast differentiation,system development,0.9477630305286672,0.523936170212766,0.547
GO:0006896,40,GO:0016192,17,5,Golgi to vacuole transport,vesicle-mediated transport,0.9412371556217424,0.5022222222222222,0.555
GO:0006558,35,GO:0044281,17,9,L-phenylalanine metabolic process,small molecule metabolic process,0.9155364854802681,0.49583750000000004,0.544
GO:0016486,13,GO:0065008,17,2,peptide hormone processing,regulation of biological quality,0.8951396128071482,0.49518840579710144,0.579
GO:0045923,63,GO:0006629,17,9,positive regulation of fatty acid metabolic process,lipid metabolic process,0.8426105733432614,0.49194512195121953,0.572
GO:0008209,13,GO:0065008,17,5,androgen metabolic process,regulation of biological quality,0.9089374534623976,0.48618840579710143,0.589
GO:0008299,63,GO:0006629,17,12,isoprenoid biosynthetic process,lipid metabolic process,0.9301243484735666,0.47989024390243906,0.618
GO:0006607,115,GO:0051169,17,6,NLS-bearing protein import into nucleus,nuclear transport,0.931289277736411,0.47628070175438597,0.786
GO:0046457,35,GO:0044281,17,1,prostanoid biosynthetic process,small molecule metabolic process,0.9144953462397617,0.47273750000000003,0.433
GO:0001516,35,GO:0044281,17,1,prostaglandin biosynthetic process,small molecule metabolic process,0.9144953462397617,0.47273750000000003,0.433
GO:0045987,55,GO:0003008,17,3,positive regulation of smooth muscle contraction,system process,0.918919024571854,0.4648714285714286,0.553
GO:0070193,57,GO:0051276,17,10,synaptonemal complex organization,chromosome organization,0.940895197319434,0.4577380952380953,0.714
GO:0008078,69,GO:0048870,17,10,mesodermal cell migration,cell motility,0.9878618763961281,0.44229268292682933,0.71
GO:0007135,39,GO:0044703,17,9,meiosis II,multi-organism reproductive process,0.9189629560685033,0.433025,0.355
GO:0051931,55,GO:0003008,17,11,regulation of sensory perception,system process,0.9295683172002979,0.4263285714285714,0.614
GO:0071028,32,GO:0009056,17,13,nuclear mRNA surveillance,catabolic process,0.8518019359642591,0.4004888888888889,0.531
GO:0034508,36,GO:0043933,17,17,centromere complex assembly,protein-containing complex organization,0.9248330230826508,0.39661290322580645,0.715
GO:1904357,57,GO:0051276,17,2,negative regulation of telomere maintenance via telomere lengthening,chromosome organization,0.8340852568875652,0.39383333333333337,0.624
GO:0010833,57,GO:0051276,17,9,telomere maintenance via telomere lengthening,chromosome organization,0.8875975428145941,0.3915238095238095,0.698
GO:0007538,44,GO:0003006,17,8,primary sex determination,developmental process involved in reproduction,0.9520649664929263,0.38611764705882357,0.625
GO:0120033,24,GO:0051128,17,4,negative regulation of plasma membrane bounded cell projection assembly,regulation of cellular component organization,0.8782782948622487,0.3830625,0.58
GO:0043051,65,GO:0007610,17,49,regulation of nematode pharyngeal pumping,behavior,0.9230208488458674,0.382625,0.713
GO:1902221,116,GO:0006520,17,22,erythrose 4-phosphate/phosphoenolpyruvate family amino acid metabolic process,amino acid metabolic process,0.9089478778853314,0.38189285714285715,0.792
GO:0060282,28,GO:0050793,17,11,positive regulation of oocyte development,regulation of developmental process,0.8712097915115413,0.36835294117647055,0.619
GO:1902669,24,GO:0051128,17,17,positive regulation of axon guidance,regulation of cellular component organization,0.799217423678332,0.3669375,0.683
GO:0010971,46,GO:0007049,17,4,positive regulation of G2/M transition of mitotic cell cycle,cell cycle,0.9077144452717796,0.3647265625,0.498
GO:0090140,93,GO:0007005,17,5,regulation of mitochondrial fission,mitochondrion organization,0.8703460536113179,0.36127999999999993,0.744
GO:0051150,94,GO:0061061,17,1,regulation of smooth muscle cell differentiation,muscle structure development,0.9237555845122859,0.3596666666666667,0.678
GO:0051081,108,GO:0022411,17,7,nuclear membrane disassembly,cellular component disassembly,0.9344305658972449,0.3592666666666666,0.776
GO:0030397,108,GO:0022411,17,7,membrane disassembly,cellular component disassembly,0.9427306403574088,0.3592666666666666,0.776
GO:1901046,25,GO:0051239,17,32,positive regulation of egg-laying behavior,regulation of multicellular organismal process,0.8933052866716307,0.3558,0.69
GO:0051560,45,GO:0042592,17,5,mitochondrial calcium ion homeostasis,homeostatic process,0.9901768428890544,0.35418181818181815,0.73
GO:0009303,123,GO:0016072,17,6,rRNA transcription,rRNA metabolic process,0.929491250930752,0.34983333333333333,0.733
GO:0000076,46,GO:0007049,17,12,DNA replication checkpoint signaling,cell cycle,0.8769283320923306,0.34789843750000005,0.558
GO:0006085,111,GO:0006790,17,9,acetyl-CoA biosynthetic process,sulfur compound metabolic process,0.8859454579300075,0.34771428571428575,0.745
GO:0008625,48,GO:0043067,17,4,extrinsic apoptotic signaling pathway via death domain receptors,regulation of programmed cell death,0.9198490320178705,0.34565999999999997,0.604
GO:0035268,142,GO:0070085,17,5,protein mannosylation,glycosylation,0.9187516753536857,0.3431875,0.709
GO:0015802,184,GO:0006865,17,5,basic amino acid transport,amino acid transport,0.962713886820551,0.330375,0.775
GO:0031581,127,GO:0050808,17,15,hemidesmosome assembly,synapse organization,0.9379415487714073,0.31457777777777773,0.794
GO:0060148,90,GO:0010608,17,1,positive regulation of post-transcriptional gene silencing,post-transcriptional regulation of gene expression,0.8831057334326136,0.3137619047619048,0.624
GO:0032042,93,GO:0007005,17,6,mitochondrial DNA metabolic process,mitochondrion organization,0.8895001861504095,0.30911999999999995,0.776
GO:1902176,48,GO:0043067,17,2,negative regulation of oxidative stress-induced intrinsic apoptotic signaling pathway,regulation of programmed cell death,0.8930941921072226,0.30462,0.707
GO:1902101,46,GO:0007049,17,11,positive regulation of metaphase/anaphase transition of cell cycle,cell cycle,0.8598315338793745,0.3012734375,0.547
GO:0051125,112,GO:0097435,17,7,regulation of actin nucleation,supramolecular fiber organization,0.8928421444527178,0.29970967741935484,0.704
GO:1902884,99,GO:0006979,17,33,positive regulation of response to oxidative stress,response to oxidative stress,0.8960884214445272,0.28517647058823525,0.86
GO:0006695,126,GO:0006066,17,5,cholesterol biosynthetic process,alcohol metabolic process,0.9069765450483991,0.28328125000000004,0.8
GO:0009154,95,GO:0072521,17,31,purine ribonucleotide catabolic process,purine-containing compound metabolic process,0.8691252792256143,0.28269999999999995,0.804
GO:1900101,16,GO:0048583,17,6,regulation of endoplasmic reticulum unfolded protein response,regulation of response to stimulus,0.8985837676842889,0.2697391304347826,0.607
GO:2000427,89,GO:0098657,17,15,positive regulation of apoptotic cell clearance,import into cell,0.8348925912137006,0.2685185185185185,0.757
GO:0051124,127,GO:0050808,17,19,synaptic assembly at neuromuscular junction,synapse organization,0.894282948622487,0.25526666666666664,0.865
GO:0015749,186,GO:0010827,17,25,monosaccharide transmembrane transport,regulation of D-glucose transmembrane transport,0.949602382725242,0.2491428571428571,0.775
GO:0006221,183,GO:0072527,17,15,pyrimidine nucleotide biosynthetic process,pyrimidine-containing compound metabolic process,0.8828211094564408,0.18766666666666665,0.93
GO:0045838,13,GO:0065008,16,1,positive regulation of membrane potential,regulation of biological quality,0.9567898361876396,0.5844492753623188,0.523
GO:0000715,70,GO:0006259,16,1,"nucleotide-excision repair, DNA damage recognition",DNA metabolic process,0.8721986224869694,0.5736481481481481,0.518
GO:0086010,13,GO:0065008,16,1,membrane depolarization during action potential,regulation of biological quality,0.9565137751303053,0.573608695652174,0.523
GO:0035329,20,GO:0023052,16,10,hippo signaling,signaling,0.9192008562918839,0.57323,0.396
GO:0015988,106,GO:0098660,16,2,"energy coupled proton transmembrane transport, against electrochemical gradient",inorganic ion transmembrane transport,0.9560532390171258,0.5467500000000001,0.571
GO:0006491,58,GO:1901135,16,8,N-glycan processing,carbohydrate derivative metabolic process,0.9309380119136262,0.5337799999999999,0.596
GO:0072488,106,GO:0098660,16,6,ammonium transmembrane transport,inorganic ion transmembrane transport,0.9458287416232316,0.524,0.665
GO:0008345,65,GO:0007610,16,1,larval locomotory behavior,behavior,0.9772985852568876,0.51546875,0.503
GO:0106030,49,GO:0030030,16,10,neuron projection fasciculation,cell projection organization,0.9089527177959792,0.5125555555555555,0.618
GO:0046958,55,GO:0003008,16,4,nonassociative learning,system process,0.9712868577810871,0.5106999999999999,0.566
GO:0007413,49,GO:0030030,16,10,axonal fasciculation,cell projection organization,0.9078963142218913,0.5072592592592593,0.618
GO:0046839,50,GO:0051174,16,21,phospholipid dephosphorylation,regulation of phosphorus metabolic process,0.9248084512285927,0.5045263157894737,0.436
GO:0010800,19,GO:0043412,16,1,positive regulation of peptidyl-threonine phosphorylation,macromolecule modification,0.8685171258376768,0.5040851063829788,0.446
GO:0043248,36,GO:0043933,16,7,proteasome assembly,protein-containing complex organization,0.9399532762472077,0.49462903225806454,0.653
GO:0046337,63,GO:0006629,16,16,phosphatidylethanolamine metabolic process,lipid metabolic process,0.9213263216679076,0.49098170731707313,0.608
GO:0009650,47,GO:0009628,16,1,UV protection,response to abiotic stimulus,0.9729117647058824,0.48706249999999995,0.571
GO:0098586,121,GO:0044419,16,1,cellular response to virus,biological process involved in interspecies interaction between organisms,0.9713531273268802,0.4822222222222222,0.533
GO:0030072,13,GO:0065008,16,2,peptide hormone secretion,regulation of biological quality,0.8993332092330604,0.48185507246376813,0.55
GO:0050433,43,GO:0071705,16,2,regulation of catecholamine secretion,nitrogen compound transport,0.9008205510052122,0.48019999999999996,0.525
GO:0045738,70,GO:0006259,16,1,negative regulation of DNA repair,DNA metabolic process,0.8535081906180193,0.47930555555555554,0.518
GO:0006559,35,GO:0044281,16,9,L-phenylalanine catabolic process,small molecule metabolic process,0.902068689501117,0.4785625,0.544
GO:1900117,48,GO:0043067,16,1,regulation of execution phase of apoptosis,regulation of programmed cell death,0.9500692479523455,0.47650000000000003,0.551
GO:1901186,53,GO:0007166,16,2,positive regulation of ERBB signaling pathway,cell surface receptor signaling pathway,0.8976872673119881,0.4665762711864406,0.566
GO:0042331,52,GO:0040011,16,1,phototaxis,locomotion,0.9649899478778854,0.4600833333333333,0.539
GO:1903749,31,GO:0032879,16,1,positive regulation of establishment of protein localization to mitochondrion,regulation of localization,0.8890063291139241,0.45829333333333333,0.568
GO:0042023,70,GO:0006259,16,8,DNA endoreduplication,DNA metabolic process,0.9107058823529411,0.45671296296296293,0.612
GO:0046940,76,GO:0055086,16,9,nucleoside monophosphate phosphorylation,nucleobase-containing small molecule metabolic process,0.8965943782576322,0.4450666666666666,0.638
GO:0023058,21,GO:0023051,16,4,adaptation of signaling pathway,regulation of signaling,0.9119759865971705,0.43754545454545457,0.622
GO:0051231,46,GO:0007049,16,24,spindle elongation,cell cycle,0.9142630305286672,0.4368671875,0.602
GO:0045911,70,GO:0006259,16,6,positive regulation of DNA recombination,DNA metabolic process,0.8706157855547282,0.4263148148148148,0.599
GO:0009453,52,GO:0040011,16,4,energy taxis,locomotion,0.9669690990320179,0.42404166666666665,0.596
GO:0051307,46,GO:0007049,16,21,meiotic chromosome separation,cell cycle,0.9119089724497393,0.42214062500000005,0.58
GO:0045920,31,GO:0032879,16,3,negative regulation of exocytosis,regulation of localization,0.8839949739389427,0.40969333333333335,0.613
GO:0051295,75,GO:0051640,16,9,establishment of meiotic spindle localization,organelle localization,0.8662338049143709,0.4078219178082192,0.727
GO:0046068,76,GO:0055086,16,36,cGMP metabolic process,nucleobase-containing small molecule metabolic process,0.8820806031273268,0.40195757575757574,0.758
GO:0031293,199,GO:0033619,16,2,membrane protein intracellular domain proteolysis,membrane protein proteolysis,0.9483575949367089,0.39816666666666667,0.87
GO:0031112,68,GO:0007017,16,2,positive regulation of microtubule polymerization or depolymerization,microtubule-based process,0.8811492926284438,0.38745833333333335,0.568
GO:0032365,140,GO:0010876,16,8,intracellular lipid transport,lipid localization,0.9371033134772897,0.38539999999999996,0.789
GO:0009068,116,GO:0006520,16,11,aspartate family amino acid catabolic process,amino acid metabolic process,0.9035530528667163,0.38322321428571426,0.697
GO:0051085,132,GO:0006457,16,16,chaperone cofactor-dependent protein refolding,protein folding,0.9326537602382725,0.3791428571428571,0.808
GO:0070830,127,GO:0050808,16,1,bicellular tight junction assembly,synapse organization,0.9466537602382725,0.3754222222222222,0.66
GO:0048169,22,GO:0010646,16,1,regulation of long-term neuronal synaptic plasticity,regulation of cell communication,0.9285303425167535,0.3703333333333333,0.553
GO:0015986,76,GO:0055086,16,23,proton motive force-driven ATP synthesis,nucleobase-containing small molecule metabolic process,0.8773024944154877,0.3693575757575758,0.723
GO:1902222,116,GO:0006520,16,16,erythrose 4-phosphate/phosphoenolpyruvate family amino acid catabolic process,amino acid metabolic process,0.8967442293373046,0.3685803571428571,0.769
GO:0006999,151,GO:0006997,16,7,nuclear pore organization,nucleus organization,0.9382887192851824,0.3599,0.84
GO:2000001,46,GO:0007049,16,5,regulation of DNA damage checkpoint,cell cycle,0.8612235666418466,0.35824218750000003,0.521
GO:1905155,77,GO:0061024,16,17,positive regulation of membrane invagination,membrane organization,0.873870253164557,0.3561860465116279,0.775
GO:0006007,109,GO:0005975,16,3,glucose catabolic process,carbohydrate metabolic process,0.9153430752047654,0.3513928571428572,0.639
GO:0002092,89,GO:0098657,16,1,positive regulation of receptor internalization,import into cell,0.862692479523455,0.33937037037037043,0.599
GO:0043268,31,GO:0032879,16,10,positive regulation of potassium ion transport,regulation of localization,0.8931342144452717,0.33397333333333334,0.673
GO:0040038,100,GO:0051301,16,21,polar body extrusion after meiotic divisions,cell division,0.9093265078183173,0.3192857142857143,0.757
GO:0009164,37,GO:0044248,16,10,nucleoside catabolic process,cellular catabolic process,0.8839102755026061,0.3040666666666667,0.46
GO:0099172,127,GO:0050808,16,14,presynapse organization,synapse organization,0.9461580416976917,0.2944444444444445,0.844
GO:0045104,215,GO:0045104,16,6,intermediate filament cytoskeleton organization,intermediate filament cytoskeleton organization,0.9427933730454207,0.29125,0
GO:0045103,215,GO:0045104,16,6,intermediate filament-based process,intermediate filament cytoskeleton organization,0.9927743857036485,0.29125,1
GO:0015800,184,GO:0006865,16,13,acidic amino acid transport,amino acid transport,0.9607660089352197,0.29100000000000004,0.824
GO:0046755,137,GO:0016032,16,1,viral budding,viral process,0.9994542069992554,0.267,0.966
GO:0060100,89,GO:0098657,16,17,"positive regulation of phagocytosis, engulfment",import into cell,0.8283628071481757,0.2662592592592593,0.765
GO:1900026,114,GO:0030155,16,2,positive regulation of substrate adhesion-dependent cell spreading,regulation of cell adhesion,0.9326461280714817,0.25749999999999995,0.874
GO:1903409,154,GO:2000377,16,3,reactive oxygen species biosynthetic process,regulation of reactive oxygen species metabolic process,0.9530852568875652,0.25360000000000005,0.77
GO:2000737,165,GO:0048863,16,2,negative regulation of stem cell differentiation,stem cell differentiation,0.9053454951600893,0.23416666666666663,0.951
GO:0046320,171,GO:0010565,16,7,regulation of fatty acid oxidation,regulation of ketone metabolic process,0.8616321667907669,0.22588888888888892,0.945
GO:0032438,146,GO:0043473,16,1,melanosome organization,pigmentation,0.9498559195830231,0.22383333333333333,0.917
GO:0006743,171,GO:0010565,16,12,ubiquinone metabolic process,regulation of ketone metabolic process,0.9577898361876396,0.2062222222222222,0.864
GO:1901663,171,GO:0010565,16,12,quinone biosynthetic process,regulation of ketone metabolic process,0.9113737900223381,0.1948333333333333,0.864
GO:0032728,120,GO:0001817,16,1,positive regulation of interferon-beta production,regulation of cytokine production,0.8755158227848101,0.11616666666666664,0.966
GO:0018410,19,GO:0043412,15,4,C-terminal protein amino acid modification,macromolecule modification,0.9412993298585257,0.5798617021276595,0.497
GO:0042574,63,GO:0006629,15,3,retinal metabolic process,lipid metabolic process,0.9455681310498883,0.5706463414634146,0.518
GO:0000722,70,GO:0006259,15,1,telomere maintenance via recombination,DNA metabolic process,0.8999886448250186,0.5633333333333334,0.518
GO:0035640,65,GO:0007610,15,9,exploration behavior,behavior,0.9747613551749814,0.54134375,0.596
GO:0071827,36,GO:0043933,15,1,plasma lipoprotein particle organization,protein-containing complex organization,0.9357062546537602,0.5385,0.56
GO:0031468,17,GO:0044085,15,7,nuclear membrane reassembly,cellular component biogenesis,0.929795234549516,0.5373529411764706,0.543
GO:0060142,23,GO:0009653,15,4,regulation of syncytium formation by plasma membrane fusion,anatomical structure morphogenesis,0.879873790022338,0.5204230769230769,0.54
GO:0006278,70,GO:0006259,15,23,RNA-templated DNA biosynthetic process,DNA metabolic process,0.9223086373790023,0.5115185185185185,0.663
GO:0046959,55,GO:0003008,15,4,habituation,system process,0.9712868577810871,0.5106999999999999,0.566
GO:0000394,59,GO:0006396,15,7,"RNA splicing, via endonucleolytic cleavage and ligation",RNA processing,0.9274810126582278,0.5025,0.573
GO:0042044,217,GO:0042044,15,9,fluid transport,fluid transport,0.9632604244229337,0.5,0
GO:0006939,55,GO:0003008,15,6,smooth muscle contraction,system process,0.9731416604616531,0.4944571428571428,0.584
GO:1903423,40,GO:0016192,15,1,positive regulation of synaptic vesicle recycling,vesicle-mediated transport,0.8952877885331347,0.48818518518518517,0.491
GO:1900242,40,GO:0016192,15,1,regulation of synaptic vesicle endocytosis,vesicle-mediated transport,0.869454393149665,0.4875555555555555,0.491
GO:1904376,31,GO:0032879,15,1,negative regulation of protein localization to cell periphery,regulation of localization,0.8900014892032763,0.47992,0.568
GO:0042276,70,GO:0006259,15,9,error-prone translesion synthesis,DNA metabolic process,0.8873454951600893,0.47891666666666666,0.649
GO:0030588,42,GO:0009790,15,7,pseudocleavage,embryo development,0.9620724125093075,0.4767272727272728,0.615
GO:0045932,55,GO:0003008,15,3,negative regulation of muscle contraction,system process,0.9143274385703648,0.46547142857142854,0.566
GO:2000780,70,GO:0006259,15,1,negative regulation of double-strand break repair,DNA metabolic process,0.8530530528667163,0.4590092592592593,0.518
GO:0040040,47,GO:0009628,15,14,thermosensory behavior,response to abiotic stimulus,0.9440549143708116,0.45414583333333336,0.713
GO:0034975,132,GO:0006457,15,4,protein folding in endoplasmic reticulum,protein folding,0.9367881608339539,0.4535714285714285,0.751
GO:0030150,29,GO:0033036,15,18,protein import into mitochondrial matrix,macromolecule localization,0.9256034996276992,0.4474677419354839,0.597
GO:0071071,63,GO:0006629,15,4,regulation of phospholipid biosynthetic process,lipid metabolic process,0.868963886820551,0.44224390243902434,0.548
GO:0000966,59,GO:0006396,15,17,RNA 5'-end processing,RNA processing,0.9228998510796724,0.44156249999999997,0.625
GO:0046500,111,GO:0006790,15,9,S-adenosylmethionine metabolic process,sulfur compound metabolic process,0.9561169024571854,0.43811904761904763,0.737
GO:0007110,100,GO:0051301,15,1,meiosis I cytokinesis,cell division,0.959876209977662,0.4289047619047619,0.599
GO:0019896,75,GO:0051640,15,2,axonal transport of mitochondrion,organelle localization,0.9347946760982874,0.42553424657534245,0.618
GO:1903538,39,GO:0044703,15,8,regulation of meiotic cell cycle process involved in oocyte maturation,multi-organism reproductive process,0.882105547282204,0.418925,0.365
GO:0046040,76,GO:0055086,15,9,IMP metabolic process,nucleobase-containing small molecule metabolic process,0.8923387937453462,0.41800000000000004,0.658
GO:0002230,121,GO:0044419,15,1,positive regulation of defense response to virus by host,biological process involved in interspecies interaction between organisms,0.9249879002233805,0.4147777777777778,0.533
GO:0090314,31,GO:0032879,15,5,positive regulation of protein targeting to membrane,regulation of localization,0.8777056962025317,0.4090933333333333,0.637
GO:0090326,65,GO:0007610,15,22,positive regulation of locomotion involved in locomotory behavior,behavior,0.9052503723008191,0.40815625,0.651
GO:0010458,46,GO:0007049,15,8,exit from mitosis,cell cycle,0.9258568503350707,0.40553125,0.527
GO:0007004,57,GO:0051276,15,7,telomere maintenance via telomerase,chromosome organization,0.8819180938198063,0.4,0.684
GO:1903319,132,GO:0006457,15,4,positive regulation of protein maturation,protein folding,0.8720493298585257,0.39767857142857144,0.643
GO:0090136,114,GO:0030155,15,4,epithelial cell-cell adhesion,regulation of cell adhesion,0.9906693968726731,0.39457692307692305,0.642
GO:1902855,49,GO:0030030,15,5,regulation of non-motile cilium assembly,cell projection organization,0.8836982501861504,0.38983333333333337,0.613
GO:1903020,26,GO:0051246,15,1,positive regulation of glycoprotein metabolic process,regulation of protein metabolic process,0.8783185033507074,0.38590476190476186,0.623
GO:0048041,114,GO:0030155,15,1,focal adhesion assembly,regulation of cell adhesion,0.9441304914370812,0.37949999999999995,0.593
GO:0001845,6,GO:0071840,15,9,phagolysosome assembly,cellular component organization or biogenesis,0.8906839166046165,0.37790909090909086,0.382
GO:0034204,77,GO:0061024,15,18,lipid translocation,membrane organization,0.8642053239017126,0.3731860465116279,0.787
GO:0007096,46,GO:0007049,15,6,regulation of exit from mitosis,cell cycle,0.8927395755770663,0.37296093750000003,0.515
GO:0048026,71,GO:0016071,15,1,"positive regulation of mRNA splicing, via spliceosome",mRNA metabolic process,0.8790906552494415,0.3727931034482759,0.558
GO:0006882,45,GO:0042592,15,8,intracellular zinc ion homeostasis,homeostatic process,0.9905262472077438,0.3721363636363636,0.724
GO:0032963,216,GO:0032963,15,10,collagen metabolic process,collagen metabolic process,0.9638804914370812,0.3706666666666667,0
GO:0048172,22,GO:0010646,15,1,regulation of short-term neuronal synaptic plasticity,regulation of cell communication,0.9285303425167535,0.3703333333333333,0.553
GO:0006012,109,GO:0005975,15,6,galactose metabolic process,carbohydrate metabolic process,0.9226403574087862,0.3616071428571429,0.705
GO:0000266,93,GO:0007005,15,11,mitochondrial fission,mitochondrion organization,0.936927773641102,0.35263999999999995,0.821
GO:0009070,116,GO:0006520,15,19,serine family amino acid biosynthetic process,amino acid metabolic process,0.8992278481012659,0.35085714285714287,0.775
GO:0036065,142,GO:0070085,15,22,fucosylation,glycosylation,0.9588144080416977,0.34981249999999997,0.824
GO:0002183,107,GO:0006412,15,24,cytoplasmic translational initiation,translation,0.9268356291883842,0.341125,0.721
GO:0035090,113,GO:0007163,15,1,maintenance of apical/basal cell polarity,establishment or maintenance of cell polarity,0.9914454579300075,0.33699999999999997,0.68
GO:0000097,111,GO:0006790,15,22,sulfur amino acid biosynthetic process,sulfur compound metabolic process,0.9010357408786299,0.3362142857142857,0.826
GO:0006658,152,GO:0006575,15,5,phosphatidylserine metabolic process,modified amino acid metabolic process,0.925340469099032,0.33607692307692305,0.773
GO:0060213,71,GO:0016071,15,2,positive regulation of nuclear-transcribed mRNA poly(A) tail shortening,mRNA metabolic process,0.8406666046165301,0.33593103448275863,0.586
GO:0060211,71,GO:0016071,15,2,regulation of nuclear-transcribed mRNA poly(A) tail shortening,mRNA metabolic process,0.8406666046165301,0.33593103448275863,0.586
GO:0006851,133,GO:0006839,15,7,mitochondrial calcium ion transmembrane transport,mitochondrial transport,0.9482392032762472,0.33366666666666667,0.839
GO:0070131,172,GO:0140053,15,4,positive regulation of mitochondrial translation,mitochondrial gene expression,0.8727382725241996,0.33333333333333337,0.811
GO:0006509,199,GO:0033619,15,11,membrane protein ectodomain proteolysis,membrane protein proteolysis,0.9422928145941921,0.3331666666666666,0.975
GO:1903861,67,GO:0040008,15,2,positive regulation of dendrite extension,regulation of growth,0.8601031273268801,0.33118421052631575,0.668
GO:0099601,27,GO:0065009,15,2,regulation of neurotransmitter receptor activity,regulation of molecular function,0.9079212583767684,0.3095423728813559,0.806
GO:0031167,149,GO:0009451,15,15,rRNA methylation,RNA modification,0.8689164184661207,0.3041176470588235,0.817
GO:2000036,135,GO:0098727,15,3,regulation of stem cell population maintenance,maintenance of cell number,0.9271435219657483,0.2975,0.96
GO:0043243,108,GO:0022411,15,8,positive regulation of protein-containing complex disassembly,cellular component disassembly,0.879927773641102,0.2951111111111111,0.769
GO:2000637,90,GO:0010608,15,1,positive regulation of miRNA-mediated gene silencing,post-transcriptional regulation of gene expression,0.8824188384214445,0.2917619047619048,0.624
GO:0003352,68,GO:0007017,15,1,regulation of cilium movement,microtubule-based process,0.9397993298585257,0.2825,0.568
GO:0032369,140,GO:0010876,15,3,negative regulation of lipid transport,lipid localization,0.8916014519731943,0.27232,0.719
GO:0008645,186,GO:0010827,15,25,hexose transmembrane transport,regulation of D-glucose transmembrane transport,0.9516649292628444,0.2431428571428571,0.819
GO:0046174,126,GO:0006066,15,7,polyol catabolic process,alcohol metabolic process,0.9154929262844378,0.24006249999999996,0.816
GO:0039531,41,GO:0002376,15,2,regulation of cytoplasmic pattern recognition receptor signaling pathway,immune system process,0.8840874906924795,0.23940000000000006,0.614
GO:0034331,192,GO:0043954,15,6,cell junction maintenance,cellular component maintenance,0.9498019359642591,0.23719999999999997,0.983
GO:0030834,108,GO:0022411,15,16,regulation of actin filament depolymerization,cellular component disassembly,0.8684357781087119,0.2367555555555556,0.836
GO:0006801,154,GO:2000377,15,11,superoxide metabolic process,regulation of reactive oxygen species metabolic process,0.9611742367833209,0.23419999999999996,0.848
GO:0034311,126,GO:0006066,15,10,diol metabolic process,alcohol metabolic process,0.9268358153387938,0.22706250000000006,0.853
GO:0055115,205,GO:0022611,15,32,entry into diapause,dormancy process,0.9734590469099031,0.19800000000000006,0.973
GO:0006744,171,GO:0010565,15,12,ubiquinone biosynthetic process,regulation of ketone metabolic process,0.9113737900223381,0.1948333333333333,0.864
GO:0034394,29,GO:0033036,14,9,protein localization to cell surface,macromolecule localization,0.9445348101265822,0.5786532258064516,0.547
GO:0071542,11,GO:0048731,14,8,dopaminergic neuron differentiation,system development,0.9488650409530901,0.5728510638297872,0.532
GO:0099072,13,GO:0065008,14,6,regulation of postsynaptic membrane neurotransmitter receptor levels,regulation of biological quality,0.9519813849590469,0.5672608695652174,0.605
GO:0051036,13,GO:0065008,14,2,regulation of endosome size,regulation of biological quality,0.9217105361131794,0.5607536231884058,0.55
GO:0033539,63,GO:0006629,14,7,fatty acid beta-oxidation using acyl-CoA dehydrogenase,lipid metabolic process,0.9025897244973939,0.5538658536585366,0.555
GO:0007296,176,GO:0007028,14,5,vitellogenesis,cytoplasm organization,0.940150409530901,0.5435,0.913
GO:0070987,70,GO:0006259,14,2,error-free translesion synthesis,DNA metabolic process,0.9012105361131795,0.5412870370370371,0.544
GO:1904380,58,GO:1901135,14,3,endoplasmic reticulum mannose trimming,carbohydrate derivative metabolic process,0.9293957557706627,0.5381,0.552
GO:0009299,71,GO:0016071,14,2,mRNA transcription,mRNA metabolic process,0.9338270662695458,0.536551724137931,0.586
GO:0040016,100,GO:0051301,14,1,embryonic cleavage,cell division,0.9567405063291139,0.5360476190476191,0.599
GO:0014017,11,GO:0048731,14,6,neuroblast fate commitment,system development,0.9472375279225614,0.5281914893617021,0.532
GO:0072375,55,GO:0003008,14,4,medium-term memory,system process,0.971342889054356,0.515,0.566
GO:0046856,50,GO:0051174,14,16,phosphatidylinositol dephosphorylation,regulation of phosphorus metabolic process,0.919834139985108,0.5130526315789474,0.427
GO:0014812,69,GO:0048870,14,1,muscle cell migration,cell motility,0.9895485852568876,0.5102439024390244,0.602
GO:0051645,75,GO:0051640,14,2,Golgi localization,organelle localization,0.9630604988830975,0.5095753424657534,0.618
GO:0050849,20,GO:0023052,14,1,negative regulation of calcium-mediated signaling,signaling,0.9014774758004468,0.5095700000000001,0.319
GO:0046134,76,GO:0055086,14,2,pyrimidine nucleoside biosynthetic process,nucleobase-containing small molecule metabolic process,0.8995675725986597,0.5050787878787879,0.569
GO:0046471,63,GO:0006629,14,5,phosphatidylglycerol metabolic process,lipid metabolic process,0.9240755770662695,0.504640243902439,0.576
GO:0042762,111,GO:0006790,14,1,regulation of sulfur metabolic process,sulfur compound metabolic process,0.9195469099032018,0.5039047619047619,0.609
GO:0046460,63,GO:0006629,14,12,neutral lipid biosynthetic process,lipid metabolic process,0.9328492181682799,0.5038963414634146,0.585
GO:0006677,63,GO:0006629,14,10,glycosylceramide metabolic process,lipid metabolic process,0.9238354430379747,0.49789634146341466,0.585
GO:0071467,47,GO:0009628,14,2,cellular response to pH,response to abiotic stimulus,0.9608879374534623,0.4876666666666667,0.599
GO:0007620,30,GO:0022414,14,1,copulation,reproductive process,0.9668121742367833,0.4861388888888889,0.427
GO:0050996,63,GO:0006629,14,4,positive regulation of lipid catabolic process,lipid metabolic process,0.8664690990320179,0.4856036585365854,0.539
GO:1905508,29,GO:0033036,14,10,protein localization to microtubule organizing center,macromolecule localization,0.9404333581533879,0.48492741935483874,0.567
GO:0071539,29,GO:0033036,14,10,protein localization to centrosome,macromolecule localization,0.9404333581533879,0.48492741935483874,0.567
GO:0046847,49,GO:0030030,14,6,filopodium assembly,cell projection organization,0.9397581906180194,0.47872222222222227,0.593
GO:0006388,59,GO:0006396,14,7,"tRNA splicing, via endonucleolytic cleavage and ligation",RNA processing,0.9246098287416232,0.4759375,0.573
GO:0030149,63,GO:0006629,14,17,sphingolipid catabolic process,lipid metabolic process,0.9235934475055845,0.4691463414634146,0.623
GO:0045742,53,GO:0007166,14,2,positive regulation of epidermal growth factor receptor signaling pathway,cell surface receptor signaling pathway,0.89768652271035,0.4665084745762712,0.566
GO:0046463,63,GO:0006629,14,12,acylglycerol biosynthetic process,lipid metabolic process,0.9315698064035741,0.46632926829268295,0.585
GO:1900037,47,GO:0009628,14,2,regulation of cellular response to hypoxia,response to abiotic stimulus,0.9044854802680566,0.4567083333333334,0.599
GO:0001836,93,GO:0007005,14,1,release of cytochrome c from mitochondria,mitochondrion organization,0.8944811988086374,0.45636,0.669
GO:0006907,89,GO:0098657,14,4,pinocytosis,import into cell,0.9521664184661206,0.455037037037037,0.66
GO:0033617,36,GO:0043933,14,11,mitochondrial cytochrome c oxidase assembly,protein-containing complex organization,0.9296066641846612,0.4461612903225807,0.683
GO:2000781,70,GO:0006259,14,2,positive regulation of double-strand break repair,DNA metabolic process,0.8471861504095309,0.44354629629629627,0.544
GO:0043063,136,GO:0043062,14,1,intercellular bridge organization,extracellular structure organization,0.9581826135517498,0.4384,0.767
GO:0006516,58,GO:1901135,14,20,glycoprotein catabolic process,carbohydrate derivative metabolic process,0.9078933358153388,0.43001,0.661
GO:0044062,55,GO:0003008,14,21,regulation of excretion,system process,0.8724112062546537,0.42982857142857145,0.669
GO:0007019,155,GO:0031023,14,15,microtubule depolymerization,microtubule organizing center organization,0.9228306031273269,0.4226382978723404,0.622
GO:0000244,87,GO:0022613,14,4,spliceosomal tri-snRNP complex assembly,ribonucleoprotein complex biogenesis,0.8818624348473567,0.42117241379310344,0.64
GO:0042776,76,GO:0055086,14,8,proton motive force-driven mitochondrial ATP synthesis,nucleobase-containing small molecule metabolic process,0.8838905435591958,0.42039393939393943,0.644
GO:0009081,116,GO:0006520,14,15,branched-chain amino acid metabolic process,amino acid metabolic process,0.913207557706627,0.41951785714285716,0.755
GO:0046131,58,GO:1901135,14,4,pyrimidine ribonucleoside metabolic process,carbohydrate derivative metabolic process,0.8988682055100521,0.40853000000000006,0.612
GO:0016925,19,GO:0043412,14,8,protein sumoylation,macromolecule modification,0.9326046165301564,0.3968085106382979,0.571
GO:0045835,39,GO:0044703,14,5,negative regulation of meiotic nuclear division,multi-organism reproductive process,0.8581358897989575,0.395725,0.343
GO:0045948,107,GO:0006412,14,3,positive regulation of translational initiation,translation,0.8757006701414743,0.3955833333333334,0.576
GO:1904811,115,GO:0051169,14,9,positive regulation of dense core granule transport,nuclear transport,0.8673462397617275,0.3953333333333333,0.554
GO:0006465,132,GO:0006457,14,9,signal peptide processing,protein folding,0.93207539091586,0.395,0.681
GO:0032892,156,GO:0046942,14,1,positive regulation of organic acid transport,carboxylic acid transport,0.905596425912137,0.38849999999999996,0.677
GO:0034755,72,GO:0006811,14,10,iron ion transmembrane transport,monoatomic ion transport,0.950605547282204,0.3836976744186047,0.53
GO:1904809,115,GO:0051169,14,11,regulation of dense core granule transport,nuclear transport,0.8812580044676098,0.38221052631578945,0.573
GO:0010226,110,GO:0010038,14,4,response to lithium ion,response to metal ion,0.9666867088607595,0.37712,0.766
GO:0045332,77,GO:0061024,14,17,phospholipid translocation,membrane organization,0.8618814221891288,0.3753720930232558,0.783
GO:0008631,48,GO:0043067,14,2,intrinsic apoptotic signaling pathway in response to oxidative stress,regulation of programmed cell death,0.9221066641846613,0.36978,0.576
GO:0043267,31,GO:0032879,14,1,negative regulation of potassium ion transport,regulation of localization,0.9025988458674609,0.36718666666666666,0.568
GO:0045947,107,GO:0006412,14,7,negative regulation of translational initiation,translation,0.8694408041697692,0.3660833333333333,0.615
GO:2000765,107,GO:0006412,14,7,regulation of cytoplasmic translation,translation,0.8867077438570365,0.36416666666666664,0.615
GO:0046606,155,GO:0031023,14,7,negative regulation of centrosome cycle,microtubule organizing center organization,0.8593304169769174,0.36148936170212764,0.851
GO:0032988,108,GO:0022411,14,3,protein-RNA complex disassembly,cellular component disassembly,0.9448922189128817,0.36048888888888886,0.732
GO:0007035,45,GO:0042592,14,12,vacuolar acidification,homeostatic process,0.9417905807892777,0.3447575757575757,0.735
GO:2001224,69,GO:0048870,14,10,positive regulation of neuron migration,cell motility,0.8864962769918094,0.3428780487804878,0.716
GO:1901970,46,GO:0007049,14,10,positive regulation of mitotic sister chromatid separation,cell cycle,0.8691230454207,0.34229687499999994,0.547
GO:0000479,123,GO:0016072,14,10,"endonucleolytic cleavage of tricistronic rRNA transcript (SSU-rRNA, 5.8S rRNA, LSU-rRNA)",rRNA metabolic process,0.8807782948622487,0.33999999999999997,0.781
GO:0032224,81,GO:0007267,14,18,"positive regulation of synaptic transmission, cholinergic",cell-cell signaling,0.9032736411020105,0.3391153846153846,0.724
GO:0040027,28,GO:0050793,14,40,negative regulation of vulval development,regulation of developmental process,0.8833246463142219,0.3303529411764706,0.701
GO:0035269,142,GO:0070085,14,4,protein O-linked mannosylation,glycosylation,0.9195221518987342,0.32675,0.699
GO:0032107,84,GO:0031667,14,5,regulation of response to nutrient levels,response to nutrient levels,0.9293164556962026,0.3207619047619048,0.795
GO:0038179,54,GO:0009719,14,2,neurotrophin signaling pathway,response to endogenous stimulus,0.9251193224125093,0.3192195121951219,0.737
GO:0008039,164,GO:0008037,14,3,synaptic target recognition,cell recognition,0.9494780342516753,0.3138888888888889,0.847
GO:0040010,67,GO:0040008,14,22,positive regulation of growth rate,regulation of growth,0.9317939314966492,0.3105526315789474,0.811
GO:0040015,67,GO:0040008,14,10,negative regulation of multicellular organism growth,regulation of growth,0.8977123976172747,0.3076052631578947,0.765
GO:0034315,112,GO:0097435,14,6,regulation of Arp2/3 complex-mediated actin nucleation,supramolecular fiber organization,0.8938259493670886,0.3046774193548387,0.696
GO:0001714,33,GO:0009888,14,18,endodermal cell fate specification,tissue development,0.9385463514519732,0.2935849056603773,0.804
GO:0051205,102,GO:0072657,14,9,protein insertion into membrane,protein localization to membrane,0.8970891660461653,0.29156521739130437,0.81
GO:0000912,100,GO:0051301,14,7,assembly of actomyosin apparatus involved in cytokinesis,cell division,0.9256018242740134,0.28828571428571426,0.688
GO:1902042,48,GO:0043067,14,4,negative regulation of extrinsic apoptotic signaling pathway via death domain receptors,regulation of programmed cell death,0.889789277736411,0.28459999999999996,0.741
GO:0000915,100,GO:0051301,14,7,actomyosin contractile ring assembly,cell division,0.9172699180938197,0.2842380952380952,0.688
GO:0007212,61,GO:1901698,14,16,G protein-coupled dopamine receptor signaling pathway,response to nitrogen compound,0.9055195457930008,0.281,0.829
GO:0045722,109,GO:0005975,14,4,positive regulation of gluconeogenesis,carbohydrate metabolic process,0.8531198808637379,0.2800892857142857,0.653
GO:1902236,48,GO:0043067,14,3,negative regulation of endoplasmic reticulum stress-induced intrinsic apoptotic signaling pathway,regulation of programmed cell death,0.8817189128816083,0.27902000000000005,0.741
GO:0032954,100,GO:0051301,14,11,regulation of cytokinetic process,cell division,0.9191211839166046,0.25921428571428573,0.731
GO:0070593,164,GO:0008037,14,10,dendrite self-avoidance,cell recognition,0.9444037602382725,0.25911111111111107,0.935
GO:2000370,89,GO:0098657,14,9,positive regulation of clathrin-dependent endocytosis,import into cell,0.8401926656738645,0.25829629629629625,0.727
GO:0001710,33,GO:0009888,14,42,mesodermal cell fate commitment,tissue development,0.9341306775874907,0.24537735849056608,0.875
GO:0050779,62,GO:0009894,14,25,RNA destabilization,regulation of catabolic process,0.8283862620997766,0.24504545454545457,0.861
GO:0002753,41,GO:0002376,14,2,cytoplasmic pattern recognition receptor signaling pathway,immune system process,0.8879344750558451,0.23940000000000006,0.614
GO:0006098,163,GO:0072524,14,6,pentose-phosphate shunt,pyridine-containing compound metabolic process,0.8894422933730455,0.238,0.835
GO:0071474,119,GO:0104004,14,3,cellular hyperosmotic response,cellular response to environmental stimulus,0.9442937453462398,0.21450000000000002,0.867
GO:0051657,131,GO:0051235,14,9,maintenance of organelle location,maintenance of location,0.942367088607595,0.1823125,0.937
GO:0046653,202,GO:0042558,14,9,tetrahydrofolate metabolic process,pteridine-containing compound metabolic process,0.9598758376768429,0.18154545454545457,0.944
GO:0009712,181,GO:0018958,14,8,catechol-containing compound metabolic process,phenol-containing compound metabolic process,0.9601593447505584,0.15123076923076928,0.946
GO:0006584,181,GO:0018958,14,8,catecholamine metabolic process,phenol-containing compound metabolic process,0.9573151526433358,0.15123076923076928,0.946
GO:0031128,220,GO:0031128,13,2,developmental induction,developmental induction,0.9787639612807149,1,0
GO:0006730,218,GO:0006730,13,15,one-carbon metabolic process,one-carbon metabolic process,0.9291638123603871,0.6917500000000001,0
GO:0018126,19,GO:0043412,13,2,protein hydroxylation,macromolecule modification,0.9445506329113924,0.6344574468085107,0.47
GO:0035459,40,GO:0016192,13,4,vesicle cargo loading,vesicle-mediated transport,0.9543819806403574,0.587925925925926,0.545
GO:0050951,55,GO:0003008,13,2,sensory perception of temperature stimulus,system process,0.9744402457185406,0.5297000000000001,0.553
GO:0061620,35,GO:0044281,13,2,glycolytic process through glucose-6-phosphate,small molecule metabolic process,0.8792485107967237,0.52305,0.456
GO:0061615,35,GO:0044281,13,2,glycolytic process through fructose-6-phosphate,small molecule metabolic process,0.8792485107967237,0.52305,0.456
GO:0036158,155,GO:0031023,13,1,outer dynein arm assembly,microtubule organizing center organization,0.9294633283693224,0.5211914893617021,0.513
GO:1900449,53,GO:0007166,13,3,regulation of glutamate receptor signaling pathway,cell surface receptor signaling pathway,0.9127392032762472,0.5206949152542373,0.583
GO:0008210,13,GO:0065008,13,2,estrogen metabolic process,regulation of biological quality,0.9136437081161579,0.513840579710145,0.55
GO:0015919,115,GO:0051169,13,17,peroxisomal membrane transport,nuclear transport,0.9406993670886076,0.5027719298245614,0.577
GO:1905038,63,GO:0006629,13,2,regulation of membrane lipid metabolic process,lipid metabolic process,0.9021306775874907,0.5007987804878049,0.502
GO:0050909,55,GO:0003008,13,14,sensory perception of taste,system process,0.9713978034251676,0.48784285714285713,0.65
GO:0032483,20,GO:0023052,13,2,regulation of Rab protein signal transduction,signaling,0.9127807148175726,0.48707,0.337
GO:0031573,166,GO:0000077,13,7,mitotic intra-S DNA damage checkpoint signaling,DNA damage checkpoint signaling,0.8746308637379002,0.48471428571428576,0.872
GO:0030421,55,GO:0003008,13,49,defecation,system process,0.9685415115413254,0.4838,0.723
GO:0046058,76,GO:0055086,13,5,cAMP metabolic process,nucleobase-containing small molecule metabolic process,0.8985132166790767,0.4815636363636363,0.618
GO:0031125,59,GO:0006396,13,12,rRNA 3'-end processing,RNA processing,0.8808486597170514,0.480125,0.595
GO:1901679,43,GO:0071705,13,13,nucleotide transmembrane transport,nitrogen compound transport,0.9418717423678332,0.47743749999999996,0.639
GO:1903077,31,GO:0032879,13,1,negative regulation of protein localization to plasma membrane,regulation of localization,0.8881150409530901,0.4744533333333333,0.568
GO:0051255,46,GO:0007049,13,11,spindle midzone assembly,cell cycle,0.9101429635145197,0.47192187500000005,0.567
GO:1903726,63,GO:0006629,13,4,negative regulation of phospholipid metabolic process,lipid metabolic process,0.860405994043187,0.47145731707317073,0.539
GO:0030953,155,GO:0031023,13,10,astral microtubule organization,microtubule organizing center organization,0.9204346612062546,0.4709361702127659,0.602
GO:0009395,34,GO:0006793,13,17,phospholipid catabolic process,phosphorus metabolic process,0.9041284437825763,0.46997959183673466,0.574
GO:0006862,43,GO:0071705,13,17,nucleotide transport,nitrogen compound transport,0.9489489947877885,0.466225,0.663
GO:0019432,63,GO:0006629,13,12,triglyceride biosynthetic process,lipid metabolic process,0.9315498883097543,0.4656768292682927,0.585
GO:0090153,63,GO:0006629,13,2,regulation of sphingolipid biosynthetic process,lipid metabolic process,0.8571971332836932,0.4631524390243903,0.502
GO:0048312,75,GO:0051640,13,3,intracellular distribution of mitochondria,organelle localization,0.9616228592702905,0.46131506849315074,0.636
GO:0009113,76,GO:0055086,13,5,purine nucleobase biosynthetic process,nucleobase-containing small molecule metabolic process,0.9071898734177215,0.4612848484848485,0.625
GO:0010032,57,GO:0051276,13,6,meiotic chromosome condensation,chromosome organization,0.9197431124348474,0.4537380952380953,0.676
GO:0033750,75,GO:0051640,13,9,ribosome localization,organelle localization,0.9590106105733432,0.44850684931506846,0.702
GO:0010866,63,GO:0006629,13,2,regulation of triglyceride biosynthetic process,lipid metabolic process,0.8941690245718541,0.4473048780487805,0.502
GO:0035025,20,GO:0023052,13,3,positive regulation of Rho protein signal transduction,signaling,0.8909480640357409,0.44001999999999997,0.365
GO:0035046,75,GO:0051640,13,11,pronuclear migration,organelle localization,0.923141288160834,0.429931506849315,0.702
GO:0050918,52,GO:0040011,13,6,positive chemotaxis,locomotion,0.958710722263589,0.42674999999999996,0.615
GO:0000054,75,GO:0051640,13,9,ribosomal subunit export from nucleus,organelle localization,0.8933592702903946,0.42406849315068496,0.702
GO:0051123,36,GO:0043933,13,16,RNA polymerase II preinitiation complex assembly,protein-containing complex organization,0.8735435591958303,0.4128225806451613,0.704
GO:1904355,57,GO:0051276,13,1,positive regulation of telomere capping,chromosome organization,0.8410610573343261,0.41221428571428576,0.596
GO:0045661,94,GO:0061061,13,1,regulation of myoblast differentiation,muscle structure development,0.9240969843633656,0.40713333333333335,0.678
GO:0009219,34,GO:0006793,13,5,pyrimidine deoxyribonucleotide metabolic process,phosphorus metabolic process,0.890177401340283,0.4058571428571428,0.548
GO:0051932,81,GO:0007267,13,22,"synaptic transmission, GABAergic",cell-cell signaling,0.9363607594936709,0.39903846153846156,0.731
GO:0050650,58,GO:1901135,13,41,chondroitin sulfate proteoglycan biosynthetic process,carbohydrate derivative metabolic process,0.9060791139240506,0.39086,0.697
GO:0060967,10,GO:0048519,13,4,negative regulation of gene silencing by regulatory ncRNA,negative regulation of biological process,0.8696126209977662,0.3877777777777778,0.488
GO:0001975,61,GO:1901698,13,3,response to amphetamine,response to nitrogen compound,0.9661613924050633,0.3875416666666667,0.714
GO:0010560,26,GO:0051246,13,1,positive regulation of glycoprotein biosynthetic process,regulation of protein metabolic process,0.8730346239761727,0.38590476190476186,0.623
GO:0003383,33,GO:0009888,13,2,apical constriction,tissue development,0.9493484735666419,0.3824716981132076,0.669
GO:0031034,112,GO:0097435,13,10,myosin filament assembly,supramolecular fiber organization,0.9261638123603873,0.38209677419354837,0.747
GO:0031638,132,GO:0006457,13,4,zymogen activation,protein folding,0.9344495532390171,0.38064285714285717,0.65
GO:0031033,112,GO:0097435,13,14,myosin filament organization,supramolecular fiber organization,0.9360949367088608,0.3744516129032258,0.761
GO:0048025,71,GO:0016071,13,1,"negative regulation of mRNA splicing, via spliceosome",mRNA metabolic process,0.8793968726731198,0.3674827586206897,0.558
GO:0006534,111,GO:0006790,13,14,cysteine metabolic process,sulfur compound metabolic process,0.9068490320178705,0.367452380952381,0.802
GO:0009084,116,GO:0006520,13,13,glutamine family amino acid biosynthetic process,amino acid metabolic process,0.9026295606850335,0.3646696428571429,0.741
GO:0044804,129,GO:0061919,13,17,nucleophagy,process utilizing autophagic mechanism,0.9432879746835443,0.36086666666666667,0.767
GO:0009086,116,GO:0006520,13,9,methionine biosynthetic process,amino acid metabolic process,0.8991518987341772,0.35950000000000004,0.733
GO:0009250,109,GO:0005975,13,10,glucan biosynthetic process,carbohydrate metabolic process,0.9362997021593448,0.35803571428571423,0.71
GO:0005978,109,GO:0005975,13,10,glycogen biosynthetic process,carbohydrate metabolic process,0.9329739389426657,0.35696428571428573,0.71
GO:0010954,132,GO:0006457,13,4,positive regulation of protein processing,protein folding,0.8704171630677587,0.3524642857142857,0.643
GO:0040021,44,GO:0003006,13,23,hermaphrodite germ-line sex determination,developmental process involved in reproduction,0.9490173119880864,0.35173529411764703,0.678
GO:0006991,219,GO:0006991,13,2,response to sterol depletion,response to sterol depletion,0.9705891660461653,0.33333333333333337,0
GO:0060049,26,GO:0051246,13,2,regulation of protein glycosylation,regulation of protein metabolic process,0.8789203276247208,0.3313571428571429,0.653
GO:0030422,10,GO:0048519,13,20,siRNA processing,negative regulation of biological process,0.8592025316455696,0.33044444444444443,0.574
GO:0016048,134,GO:0051606,13,9,detection of temperature stimulus,detection of stimulus,0.963283320923306,0.3276428571428571,0.746
GO:0045010,112,GO:0097435,13,16,actin nucleation,supramolecular fiber organization,0.9344078555472822,0.31970967741935485,0.781
GO:0001522,149,GO:0009451,13,15,pseudouridine synthesis,RNA modification,0.922710722263589,0.3171764705882353,0.842
GO:0042219,152,GO:0006575,13,11,modified amino acid catabolic process,modified amino acid metabolic process,0.9423719285182427,0.30900000000000005,0.844
GO:0032094,84,GO:0031667,13,14,response to food,response to nutrient levels,0.9633966865227104,0.305047619047619,0.858
GO:1904294,16,GO:0048583,13,4,positive regulation of ERAD pathway,regulation of response to stimulus,0.8243101265822785,0.2913913043478261,0.581
GO:0042982,221,GO:0042982,13,4,amyloid precursor protein metabolic process,amyloid precursor protein metabolic process,0.9478188756515264,0.2895,0
GO:0044090,141,GO:0007033,13,4,positive regulation of vacuole organization,vacuole organization,0.8829919955323902,0.2886666666666666,0.791
GO:1902902,62,GO:0009894,13,4,negative regulation of autophagosome assembly,regulation of catabolic process,0.8292447877885332,0.28781818181818175,0.728
GO:1902230,48,GO:0043067,13,4,negative regulation of intrinsic apoptotic signaling pathway in response to DNA damage,regulation of programmed cell death,0.8817827624720774,0.28296,0.741
GO:0009404,170,GO:0019748,13,1,toxin metabolic process,secondary metabolic process,0.9676295606850335,0.2825,0.844
GO:2000191,156,GO:0046942,13,4,regulation of fatty acid transport,carboxylic acid transport,0.9034661206254654,0.2737142857142857,0.741
GO:2000786,141,GO:0007033,13,4,positive regulation of autophagosome assembly,vacuole organization,0.8274964631422189,0.26941666666666664,0.791
GO:0039535,41,GO:0002376,13,1,regulation of RIG-I signaling pathway,immune system process,0.8883116157855547,0.2635333333333333,0.585
GO:1903350,61,GO:1901698,13,28,response to dopamine,response to nitrogen compound,0.957357967237528,0.261375,0.877
GO:1903351,61,GO:1901698,13,28,cellular response to dopamine,response to nitrogen compound,0.9434086001489204,0.24854166666666666,0.877
GO:0061157,71,GO:0016071,13,21,mRNA destabilization,mRNA metabolic process,0.811346053611318,0.2356896551724138,0.733
GO:0045836,97,GO:0048285,13,11,positive regulation of meiotic nuclear division,organelle fission,0.8513855174981385,0.23564285714285715,0.706
GO:0045842,97,GO:0048285,13,6,positive regulation of mitotic metaphase/anaphase transition,organelle fission,0.8614082278481012,0.22092857142857136,0.669
GO:0002922,41,GO:0002376,13,3,positive regulation of humoral immune response,immune system process,0.9085582650781832,0.21453333333333335,0.632
GO:0002760,41,GO:0002376,13,3,positive regulation of antimicrobial humoral response,immune system process,0.8984616530156366,0.21435000000000004,0.632
GO:0006586,211,GO:0042430,13,9,indolalkylamine metabolic process,indole-containing compound metabolic process,0.958147244973939,0.20916666666666672,0.966
GO:0006568,211,GO:0042430,13,8,L-tryptophan metabolic process,indole-containing compound metabolic process,0.9118628071481757,0.20899999999999996,0.958
GO:0044058,198,GO:0007586,13,26,regulation of digestive system process,digestion,0.9235636634400596,0.19657142857142862,0.939
GO:0002225,41,GO:0002376,13,3,positive regulation of antimicrobial peptide production,immune system process,0.8463371183916605,0.18035,0.632
GO:0035970,50,GO:0051174,12,1,peptidyl-threonine dephosphorylation,regulation of phosphorus metabolic process,0.9296159717051378,0.5795263157894737,0.365
GO:0034063,17,GO:0044085,12,7,stress granule assembly,cellular component biogenesis,0.9381036857781087,0.5679117647058823,0.527
GO:0051953,43,GO:0071705,12,1,negative regulation of amine transport,nitrogen compound transport,0.9000506329113924,0.563125,0.499
GO:0019228,55,GO:0003008,12,1,neuronal action potential,system process,0.925044862248697,0.5558714285714286,0.511
GO:0097696,53,GO:0007166,12,3,cell surface receptor signaling pathway via STAT,cell surface receptor signaling pathway,0.9268404690990321,0.553457627118644,0.583
GO:0007259,53,GO:0007166,12,3,cell surface receptor signaling pathway via JAK-STAT,cell surface receptor signaling pathway,0.9268404690990321,0.553457627118644,0.583
GO:0050995,63,GO:0006629,12,1,negative regulation of lipid catabolic process,lipid metabolic process,0.87745234549516,0.5279024390243903,0.477
GO:0036010,29,GO:0033036,12,4,protein localization to endosome,macromolecule localization,0.9450986597170514,0.5253387096774194,0.507
GO:0043951,20,GO:0023052,12,1,negative regulation of cAMP-mediated signaling,signaling,0.9017416232315711,0.5200199999999999,0.319
GO:0007218,18,GO:0007154,12,260,neuropeptide signaling pathway,cell communication,0.9048142218912881,0.5128666666666666,0.569
GO:0018095,19,GO:0043412,12,3,protein polyglutamylation,macromolecule modification,0.9412051377513031,0.5122446808510639,0.485
GO:0009200,76,GO:0055086,12,2,deoxyribonucleoside triphosphate metabolic process,nucleobase-containing small molecule metabolic process,0.9097343633655994,0.5072363636363637,0.586
GO:0006107,35,GO:0044281,12,5,oxaloacetate metabolic process,small molecule metabolic process,0.9295994043186895,0.5004875,0.491
GO:0065005,36,GO:0043933,12,3,protein-lipid complex assembly,protein-containing complex organization,0.9428925912137007,0.4943064516129032,0.605
GO:0015844,43,GO:0071705,12,9,monoamine transport,nitrogen compound transport,0.9532483246463143,0.493575,0.624
GO:0007320,30,GO:0022414,12,1,insemination,reproductive process,0.9663196202531645,0.4861388888888889,0.427
GO:0032986,36,GO:0043933,12,3,protein-DNA complex disassembly,protein-containing complex organization,0.9456079672375279,0.48579032258064514,0.605
GO:1902473,29,GO:0033036,12,10,regulation of protein localization to synapse,macromolecule localization,0.8939244229337304,0.4855887096774194,0.547
GO:0006273,70,GO:0006259,12,4,lagging strand elongation,DNA metabolic process,0.9347302680565898,0.4854722222222222,0.583
GO:0006047,58,GO:1901135,12,7,UDP-N-acetylglucosamine metabolic process,carbohydrate derivative metabolic process,0.8973320923306032,0.48336,0.602
GO:0019433,63,GO:0006629,12,6,triglyceride catabolic process,lipid metabolic process,0.9284555100521221,0.4796036585365854,0.555
GO:2000232,87,GO:0022613,12,3,regulation of rRNA processing,ribonucleoprotein complex biogenesis,0.8595495160089353,0.4794827586206897,0.627
GO:0016973,115,GO:0051169,12,9,poly(A)+ mRNA export from nucleus,nuclear transport,0.8842311988086373,0.47431578947368425,0.806
GO:0009264,76,GO:0055086,12,4,deoxyribonucleotide catabolic process,nucleobase-containing small molecule metabolic process,0.884674981384959,0.4642121212121212,0.632
GO:0030207,58,GO:1901135,12,1,chondroitin sulfate proteoglycan catabolic process,carbohydrate derivative metabolic process,0.9156304914370812,0.46326,0.509
GO:0031055,83,GO:0006325,12,2,chromatin remodeling at centromere,chromatin organization,0.9561764705882353,0.462375,0.631
GO:0007193,18,GO:0007154,12,13,adenylate cyclase-inhibiting G protein-coupled receptor signaling pathway,cell communication,0.9225928890543559,0.4598,0.398
GO:0000098,111,GO:0006790,12,1,sulfur amino acid catabolic process,sulfur compound metabolic process,0.9205832092330604,0.45911904761904765,0.609
GO:0016080,75,GO:0051640,12,1,synaptic vesicle targeting,organelle localization,0.8993488458674609,0.45049315068493145,0.59
GO:0000380,59,GO:0006396,12,36,"alternative mRNA splicing, via spliceosome",RNA processing,0.9172105361131795,0.44471875000000005,0.663
GO:0099514,115,GO:0051169,12,6,synaptic vesicle cytoskeletal transport,nuclear transport,0.9357401340282949,0.4396491228070175,0.551
GO:0099517,115,GO:0051169,12,6,synaptic vesicle transport along microtubule,nuclear transport,0.927120997766195,0.43880701754385965,0.551
GO:0015701,125,GO:0015711,12,13,bicarbonate transport,organic anion transport,0.9580632911392405,0.43792857142857144,0.767
GO:0050667,111,GO:0006790,12,5,homocysteine metabolic process,sulfur compound metabolic process,0.915759121370067,0.4319761904761905,0.705
GO:0016139,58,GO:1901135,12,2,glycoside catabolic process,carbohydrate derivative metabolic process,0.9329193968726731,0.4315,0.552
GO:0046602,155,GO:0031023,12,3,regulation of mitotic centrosome separation,microtubule organizing center organization,0.8915431868950112,0.4216595744680851,0.806
GO:0006448,107,GO:0006412,12,4,regulation of translational elongation,translation,0.8905629188384214,0.42008333333333336,0.588
GO:0006570,116,GO:0006520,12,14,tyrosine metabolic process,amino acid metabolic process,0.9137613551749814,0.4147589285714286,0.733
GO:0046033,76,GO:0055086,12,10,AMP metabolic process,nucleobase-containing small molecule metabolic process,0.8913631794489948,0.41309696969696974,0.666
GO:0034058,77,GO:0061024,12,4,endosomal vesicle fusion,membrane organization,0.9073773268801192,0.4094418604651163,0.681
GO:1902857,49,GO:0030030,12,3,positive regulation of non-motile cilium assembly,cell projection organization,0.8723687639612807,0.4093148148148148,0.574
GO:0052652,76,GO:0055086,12,40,cyclic purine nucleotide metabolic process,nucleobase-containing small molecule metabolic process,0.8892311988086374,0.4076363636363637,0.765
GO:0006004,109,GO:0005975,12,3,fucose metabolic process,carbohydrate metabolic process,0.9273235294117647,0.40525,0.653
GO:0009083,116,GO:0006520,12,12,branched-chain amino acid catabolic process,amino acid metabolic process,0.901936895011169,0.40433035714285714,0.724
GO:0030206,58,GO:1901135,12,35,chondroitin sulfate biosynthetic process,carbohydrate derivative metabolic process,0.9073266939687268,0.39829000000000003,0.684
GO:0051145,94,GO:0061061,12,1,smooth muscle cell differentiation,muscle structure development,0.9644188384214445,0.3957666666666667,0.678
GO:0060294,68,GO:0007017,12,6,cilium movement involved in cell motility,microtubule-based process,0.9744986969471333,0.39549999999999996,0.632
GO:0030038,112,GO:0097435,12,1,contractile actin filament bundle assembly,supramolecular fiber organization,0.9394242367833209,0.39319354838709675,0.614
GO:2000404,69,GO:0048870,12,1,regulation of T cell migration,cell motility,0.9384782204020848,0.39039024390243904,0.602
GO:0060631,39,GO:0044703,12,5,regulation of meiosis I,multi-organism reproductive process,0.8752231943410276,0.38760000000000006,0.343
GO:1901890,17,GO:0044085,12,18,positive regulation of cell junction assembly,cellular component biogenesis,0.8681336559940431,0.3871470588235294,0.583
GO:0030238,44,GO:0003006,12,7,male sex determination,developmental process involved in reproduction,0.9515562174236784,0.387,0.634
GO:0014047,184,GO:0006865,12,1,glutamate secretion,amino acid transport,0.9468393521965748,0.3860625,0.689
GO:0009190,76,GO:0055086,12,39,cyclic nucleotide biosynthetic process,nucleobase-containing small molecule metabolic process,0.8795387192851825,0.38590909090909087,0.796
GO:0090231,46,GO:0007049,12,4,regulation of spindle checkpoint,cell cycle,0.8732961653015636,0.3761875,0.498
GO:0006825,72,GO:0006811,12,11,copper ion transport,monoatomic ion transport,0.9565910275502606,0.37420930232558136,0.583
GO:0032875,70,GO:0006259,12,7,regulation of DNA endoreduplication,DNA metabolic process,0.8640303425167535,0.3714537037037037,0.606
GO:0051315,75,GO:0051640,12,7,attachment of mitotic spindle microtubules to kinetochore,organelle localization,0.8793667163067759,0.3701506849315068,0.691
GO:0048308,224,GO:0048308,12,3,organelle inheritance,organelle inheritance,0.9496033134772897,0.37,0
GO:0010766,31,GO:0032879,12,1,negative regulation of sodium ion transport,regulation of localization,0.9025858153387938,0.36863999999999997,0.568
GO:0090141,93,GO:0007005,12,5,positive regulation of mitochondrial fission,mitochondrion organization,0.85426191362621,0.36127999999999993,0.744
GO:1903504,46,GO:0007049,12,4,regulation of mitotic spindle checkpoint,cell cycle,0.8722918838421445,0.36112500000000003,0.498
GO:1903354,69,GO:0048870,12,26,regulation of distal tip cell migration,cell motility,0.9366183916604617,0.36017073170731706,0.779
GO:0010826,155,GO:0031023,12,7,negative regulation of centrosome duplication,microtubule organizing center organization,0.8593037974683544,0.35844680851063826,0.851
GO:0032891,156,GO:0046942,12,3,negative regulation of organic acid transport,carboxylic acid transport,0.8958661578555472,0.35757142857142854,0.727
GO:0031053,10,GO:0048519,12,5,primary miRNA processing,negative regulation of biological process,0.8678252047654504,0.3542592592592593,0.523
GO:0051589,139,GO:0006836,12,2,negative regulation of neurotransmitter transport,neurotransmitter transport,0.9008594564408041,0.3469285714285715,0.717
GO:0015936,95,GO:0072521,12,8,coenzyme A metabolic process,purine-containing compound metabolic process,0.8948494043186895,0.3468,0.722
GO:0030041,112,GO:0097435,12,42,actin filament polymerization,supramolecular fiber organization,0.9190290394638868,0.3398709677419355,0.829
GO:0006359,210,GO:0006383,12,2,regulation of transcription by RNA polymerase III,transcription by RNA polymerase III,0.8940696202531646,0.33920000000000006,0.845
GO:0001941,127,GO:0050808,12,5,postsynaptic membrane organization,synapse organization,0.9419657483246463,0.3371333333333333,0.805
GO:2001057,225,GO:2001057,12,1,reactive nitrogen species metabolic process,reactive nitrogen species metabolic process,0.9682693596425912,0.33333333333333337,0
GO:0071501,219,GO:0006991,12,2,cellular response to sterol depletion,response to sterol depletion,0.9589091586001489,0.33333333333333337,1
GO:0032933,219,GO:0006991,12,2,SREBP signaling pathway,response to sterol depletion,0.9212053239017126,0.33333333333333337,1
GO:0008053,159,GO:0048284,12,4,mitochondrial fusion,organelle fusion,0.9429404318689502,0.3288333333333333,0.846
GO:0040002,168,GO:0042335,12,49,collagen and cuticulin-based cuticle development,cuticle development,0.9587118391660462,0.32525000000000004,0.986
GO:0090151,93,GO:0007005,12,13,establishment of protein localization to mitochondrial membrane,mitochondrion organization,0.8829752419955323,0.32488000000000006,0.811
GO:0045956,66,GO:0046903,12,1,positive regulation of calcium ion-dependent exocytosis,secretion,0.8928849590469099,0.3242424242424242,0.626
GO:0048670,67,GO:0040008,12,3,regulation of collateral sprouting,regulation of growth,0.8624841772151899,0.3236842105263158,0.687
GO:1900409,99,GO:0006979,12,1,positive regulation of cellular response to oxidative stress,response to oxidative stress,0.8956358897989576,0.3169411764705883,0.668
GO:1901381,31,GO:0032879,12,10,positive regulation of potassium ion transmembrane transport,regulation of localization,0.8801237900223381,0.31545333333333336,0.673
GO:1904293,16,GO:0048583,12,2,negative regulation of ERAD pathway,regulation of response to stimulus,0.8313006329113924,0.3095652173913044,0.552
GO:2000373,27,GO:0065009,12,1,positive regulation of DNA topoisomerase (ATP-hydrolyzing) activity,regulation of molecular function,0.9589957185405807,0.3026101694915254,0.753
GO:0042537,223,GO:0042537,12,10,benzene-containing compound metabolic process,benzene-containing compound metabolic process,0.962719471332837,0.29774999999999996,0
GO:0002097,143,GO:0006399,12,19,tRNA wobble base modification,tRNA metabolic process,0.9104774758004468,0.28964705882352937,0.795
GO:0090266,46,GO:0007049,12,4,regulation of mitotic cell cycle spindle assembly checkpoint,cell cycle,0.8297001116902457,0.283109375,0.498
GO:0015804,184,GO:0006865,12,21,neutral amino acid transport,amino acid transport,0.9595,0.28237500000000004,0.856
GO:0034334,192,GO:0043954,12,1,adherens junction maintenance,cellular component maintenance,0.9541563663440059,0.27659999999999996,0.89
GO:0006577,152,GO:0006575,12,9,amino-acid betaine metabolic process,modified amino acid metabolic process,0.960994043186895,0.2744615384615384,0.817
GO:1901076,89,GO:0098657,12,15,positive regulation of engulfment of apoptotic cell,import into cell,0.8296159717051378,0.2685185185185185,0.757
GO:0097501,110,GO:0010038,12,25,stress response to metal ion,response to metal ion,0.9544058078927774,0.25956,0.917
GO:0042744,154,GO:2000377,12,7,hydrogen peroxide catabolic process,regulation of reactive oxygen species metabolic process,0.9451811243484736,0.25,0.817
GO:0019184,91,GO:0006518,12,5,nonribosomal peptide biosynthetic process,peptide metabolic process,0.9519480640357408,0.24739999999999995,0.907
GO:1904799,105,GO:0021700,12,2,regulation of neuron remodeling,developmental maturation,0.9101033134772897,0.2372727272727273,0.771
GO:1901099,209,GO:2001239,12,1,negative regulation of signal transduction in absence of ligand,regulation of extrinsic apoptotic signaling pathway in absence of ligand,0.9041986224869695,0.2268,0.934
GO:0097192,209,GO:2001239,12,2,extrinsic apoptotic signaling pathway in absence of ligand,regulation of extrinsic apoptotic signaling pathway in absence of ligand,0.9226215562174237,0.22040000000000004,0.966
GO:0038034,209,GO:2001239,12,2,signal transduction in absence of ligand,regulation of extrinsic apoptotic signaling pathway in absence of ligand,0.9313272524199553,0.22040000000000004,0.966
GO:0009309,189,GO:0009308,12,10,amine biosynthetic process,amine metabolic process,0.9444527177959792,0.21375,0.933
GO:2001240,209,GO:2001239,12,1,negative regulation of extrinsic apoptotic signaling pathway in absence of ligand,regulation of extrinsic apoptotic signaling pathway in absence of ligand,0.8976135517498138,0.2136,1
GO:0034312,126,GO:0006066,12,10,diol biosynthetic process,alcohol metabolic process,0.9139059940431868,0.20321875,0.853
GO:0042559,202,GO:0042558,12,7,pteridine-containing compound biosynthetic process,pteridine-containing compound metabolic process,0.9483293000744601,0.20263636363636361,0.961
GO:0043053,205,GO:0022611,12,32,dauer entry,dormancy process,0.9583948250186151,0.19800000000000006,0.973
GO:0009218,183,GO:0072527,12,15,pyrimidine ribonucleotide metabolic process,pyrimidine-containing compound metabolic process,0.8842457185405808,0.1968888888888889,0.915
GO:0016074,222,GO:0016074,12,9,sno(s)RNA metabolic process,sno(s)RNA metabolic process,0.9368054728220402,0.17381818181818187,0
GO:0060290,7,GO:0032502,11,11,transdifferentiation,developmental process,0.9626952717795979,0.638,0.349
GO:0070314,46,GO:0007049,11,2,G1 to G0 transition,cell cycle,0.97127382725242,0.5948046874999999,0.498
GO:0010918,13,GO:0065008,11,1,positive regulation of mitochondrial membrane potential,regulation of biological quality,0.956707930007446,0.5780724637681159,0.523
GO:0006474,19,GO:0043412,11,3,N-terminal protein amino acid acetylation,macromolecule modification,0.9329986969471333,0.5763297872340425,0.485
GO:0045116,19,GO:0043412,11,5,protein neddylation,macromolecule modification,0.9381396128071482,0.5700425531914894,0.537
GO:2000009,29,GO:0033036,11,2,negative regulation of protein localization to cell surface,macromolecule localization,0.8870755770662695,0.546483870967742,0.48
GO:2000010,29,GO:0033036,11,2,positive regulation of protein localization to cell surface,macromolecule localization,0.8891224869694714,0.5393709677419355,0.48
GO:0071679,49,GO:0030030,11,2,commissural neuron axon guidance,cell projection organization,0.9127008562918838,0.5385185185185185,0.562
GO:0038066,20,GO:0023052,11,10,p38MAPK cascade,signaling,0.918506329113924,0.5384800000000001,0.396
GO:0051418,36,GO:0043933,11,1,microtubule nucleation by microtubule organizing center,protein-containing complex organization,0.9328024944154877,0.5331129032258064,0.56
GO:0034453,155,GO:0031023,11,2,microtubule anchoring,microtubule organizing center organization,0.9422243112434847,0.5252978723404256,0.535
GO:0033962,17,GO:0044085,11,9,P-body assembly,cellular component biogenesis,0.9364556962025317,0.5206176470588235,0.543
GO:0006884,13,GO:0065008,11,11,cell volume homeostasis,regulation of biological quality,0.9053240878629933,0.5154347826086956,0.628
GO:0006044,58,GO:1901135,11,2,N-acetylglucosamine metabolic process,carbohydrate derivative metabolic process,0.9490707371556217,0.51459,0.564
GO:1903361,29,GO:0033036,11,10,protein localization to basolateral plasma membrane,macromolecule localization,0.9409117647058823,0.5111129032258064,0.547
GO:0006089,35,GO:0044281,11,5,lactate metabolic process,small molecule metabolic process,0.9281720029784065,0.5104625,0.505
GO:0045687,11,GO:0048731,11,2,positive regulation of glial cell differentiation,system development,0.8915262472077439,0.5062765957446809,0.476
GO:0032510,115,GO:0051169,11,3,endosome to lysosome transport via multivesicular body sorting pathway,nuclear transport,0.9421377513030529,0.49859649122807015,0.51
GO:0010447,47,GO:0009628,11,3,response to acidic pH,response to abiotic stimulus,0.9719259121370067,0.4960833333333333,0.617
GO:0010037,14,GO:0042221,11,6,response to carbon dioxide,response to chemical,0.9636154132539092,0.49466129032258066,0.523
GO:0045003,70,GO:0006259,11,5,double-strand break repair via synthesis-dependent strand annealing,DNA metabolic process,0.9019650037230083,0.49377777777777776,0.583
GO:0019377,63,GO:0006629,11,8,glycolipid catabolic process,lipid metabolic process,0.9131409158600149,0.49126219512195124,0.572
GO:0000712,70,GO:0006259,11,18,resolution of meiotic recombination intermediates,DNA metabolic process,0.8580861876396129,0.48950925925925926,0.658
GO:1900244,40,GO:0016192,11,1,positive regulation of synaptic vesicle endocytosis,vesicle-mediated transport,0.855969843633656,0.48511111111111116,0.491
GO:0035022,20,GO:0023052,11,1,positive regulation of Rac protein signal transduction,signaling,0.9002611690245719,0.48331999999999997,0.319
GO:0097499,29,GO:0033036,11,15,protein localization to non-motile cilium,macromolecule localization,0.9396699553239017,0.4820241935483871,0.579
GO:0014059,43,GO:0071705,11,2,regulation of dopamine secretion,nitrogen compound transport,0.8916144825018615,0.47965,0.525
GO:0046475,63,GO:0006629,11,7,glycerophospholipid catabolic process,lipid metabolic process,0.9098557334326136,0.47928658536585367,0.561
GO:1902108,13,GO:0065008,11,9,regulation of mitochondrial membrane permeability involved in apoptotic process,regulation of biological quality,0.8703849590469099,0.47410144927536235,0.618
GO:0018216,19,GO:0043412,11,4,peptidyl-arginine methylation,macromolecule modification,0.9380255026061057,0.4709148936170213,0.506
GO:0034080,83,GO:0006325,11,2,CENP-A containing chromatin assembly,chromatin organization,0.934090096798213,0.462375,0.631
GO:0050435,74,GO:0043603,11,3,amyloid-beta metabolic process,amide metabolic process,0.961719843633656,0.4606,0.683
GO:0006684,63,GO:0006629,11,10,sphingomyelin metabolic process,lipid metabolic process,0.9178387937453463,0.4598353658536586,0.61
GO:1903214,31,GO:0032879,11,1,regulation of protein targeting to mitochondrion,regulation of localization,0.9030971705137751,0.4543866666666667,0.568
GO:0006525,116,GO:0006520,11,3,arginine metabolic process,amino acid metabolic process,0.9202589352196575,0.4537053571428571,0.668
GO:2000303,63,GO:0006629,11,2,regulation of ceramide biosynthetic process,lipid metabolic process,0.8537313849590469,0.45157317073170733,0.502
GO:0099116,59,GO:0006396,11,7,tRNA 5'-end processing,RNA processing,0.9257879746835443,0.45146875,0.561
GO:0010225,47,GO:0009628,11,4,response to UV-C,response to abiotic stimulus,0.9707488830975428,0.44704166666666667,0.63
GO:0097320,77,GO:0061024,11,2,plasma membrane tubulation,membrane organization,0.9498544303797468,0.44532558139534884,0.638
GO:0046037,76,GO:0055086,11,5,GMP metabolic process,nucleobase-containing small molecule metabolic process,0.8963736038719285,0.4396242424242425,0.625
GO:0048490,115,GO:0051169,11,6,anterograde synaptic vesicle transport,nuclear transport,0.9268021221146686,0.4382631578947368,0.551
GO:0016233,57,GO:0051276,11,2,telomere capping,chromosome organization,0.8970195457930008,0.4363809523809524,0.624
GO:2000643,115,GO:0051169,11,8,positive regulation of early endosome to late endosome transport,nuclear transport,0.8700098659717052,0.43405263157894736,0.551
GO:0050919,52,GO:0040011,11,10,negative chemotaxis,locomotion,0.9574949739389427,0.4267916666666667,0.641
GO:0045144,39,GO:0044703,11,8,meiotic sister chromatid segregation,multi-organism reproductive process,0.9155748324646314,0.42284999999999995,0.353
GO:1903306,31,GO:0032879,11,2,negative regulation of regulated secretory pathway,regulation of localization,0.8864017125837677,0.42223999999999995,0.596
GO:0035864,110,GO:0010038,11,1,response to potassium ion,response to metal ion,0.969151154132539,0.42147999999999997,0.701
GO:0055070,45,GO:0042592,11,3,copper ion homeostasis,homeostatic process,0.9912903946388683,0.42095454545454547,0.663
GO:0051988,75,GO:0051640,11,2,regulation of attachment of spindle microtubules to kinetochore,organelle localization,0.8902859270290395,0.4208082191780822,0.618
GO:0080154,39,GO:0044703,11,18,regulation of fertilization,multi-organism reproductive process,0.9400078183172003,0.42027499999999995,0.374
GO:0043650,35,GO:0044281,11,9,dicarboxylic acid biosynthetic process,small molecule metabolic process,0.9132607967237528,0.4190625,0.529
GO:0010457,155,GO:0031023,11,5,centriole-centriole cohesion,microtubule organizing center organization,0.9260644080416977,0.4180425531914893,0.833
GO:0046599,155,GO:0031023,11,1,regulation of centriole replication,microtubule organizing center organization,0.8829363365599404,0.41700000000000004,0.753
GO:0006828,72,GO:0006811,11,6,manganese ion transport,monoatomic ion transport,0.9591541325390915,0.41667441860465115,0.535
GO:0045026,77,GO:0061024,11,2,plasma membrane fusion,membrane organization,0.9494385703648548,0.41574418604651164,0.638
GO:0060278,30,GO:0022414,11,12,regulation of ovulation,reproductive process,0.9190497021593448,0.4087222222222222,0.526
GO:0046386,34,GO:0006793,11,4,deoxyribose phosphate catabolic process,phosphorus metabolic process,0.915352382725242,0.4069795918367347,0.503
GO:2000105,70,GO:0006259,11,4,positive regulation of DNA-templated DNA replication,DNA metabolic process,0.874053983618764,0.40669444444444447,0.573
GO:0022401,21,GO:0023051,11,4,negative adaptation of signaling pathway,regulation of signaling,0.8954653760238273,0.4054545454545455,0.622
GO:0007100,155,GO:0031023,11,6,mitotic centrosome separation,microtubule organizing center organization,0.9213655994043187,0.401,0.843
GO:0043555,90,GO:0010608,11,3,regulation of translation in response to stress,post-transcriptional regulation of gene expression,0.8689022710349963,0.3995714285714286,0.672
GO:0000022,46,GO:0007049,11,20,mitotic spindle elongation,cell cycle,0.909919024571854,0.3971328125,0.591
GO:0055064,45,GO:0042592,11,7,chloride ion homeostasis,homeostatic process,0.990873790022338,0.3931818181818182,0.705
GO:0043149,112,GO:0097435,11,1,stress fiber assembly,supramolecular fiber organization,0.939015078183172,0.3888709677419355,0.614
GO:0050765,31,GO:0032879,11,7,negative regulation of phagocytosis,regulation of localization,0.843189687267312,0.3814666666666666,0.654
GO:0072553,127,GO:0050808,11,2,terminal button organization,synapse organization,0.9528663440059568,0.3742,0.72
GO:0006086,111,GO:0006790,11,5,pyruvate decarboxylation to acetyl-CoA,sulfur compound metabolic process,0.8851237900223381,0.36797619047619046,0.712
GO:0070571,24,GO:0051128,11,8,negative regulation of neuron projection regeneration,regulation of cellular component organization,0.8096288160833953,0.36678124999999995,0.625
GO:0007271,81,GO:0007267,11,56,"synaptic transmission, cholinergic",cell-cell signaling,0.9322604244229338,0.366576923076923,0.795
GO:0055075,45,GO:0042592,11,15,potassium ion homeostasis,homeostatic process,0.9904547654504839,0.3651515151515151,0.748
GO:1903356,69,GO:0048870,11,15,positive regulation of distal tip cell migration,cell motility,0.9186215562174237,0.36334146341463414,0.748
GO:0019321,109,GO:0005975,11,5,pentose metabolic process,carbohydrate metabolic process,0.9235833953834698,0.3598571428571429,0.694
GO:0061067,28,GO:0050793,11,21,negative regulation of dauer larval development,regulation of developmental process,0.8909355919583023,0.35905882352941176,0.656
GO:0032026,110,GO:0010038,11,6,response to magnesium ion,response to metal ion,0.9655772524199553,0.35724,0.796
GO:2001135,102,GO:0072657,11,10,regulation of endocytic recycling,protein localization to membrane,0.8857553983618764,0.35608695652173916,0.737
GO:0031445,83,GO:0006325,11,3,regulation of heterochromatin formation,chromatin organization,0.8541969471332838,0.35450000000000004,0.649
GO:0010635,159,GO:0048284,11,1,regulation of mitochondrial fusion,organelle fusion,0.88285610573343265,0.3526666666666667,0.741
GO:1901857,104,GO:0006091,11,1,positive regulation of cellular respiration,generation of precursor metabolites and energy,0.9055335070737156,0.3512608695652174,0.64
GO:0045199,113,GO:0007163,11,1,maintenance of epithelial cell apical/basal polarity,establishment or maintenance of cell polarity,0.9914454579300075,0.33699999999999997,0.68
GO:0019388,109,GO:0005975,11,5,galactose catabolic process,carbohydrate metabolic process,0.9128203648548027,0.33632142857142855,0.664
GO:1903115,96,GO:0030029,11,1,regulation of actin filament-based movement,actin filament-based process,0.9463968726731199,0.32852631578947367,0.626
GO:0033314,46,GO:0007049,11,8,mitotic DNA replication checkpoint signaling,cell cycle,0.8790456068503351,0.326984375,0.533
GO:0006264,93,GO:0007005,11,4,mitochondrial DNA replication,mitochondrion organization,0.8904631422189129,0.32087999999999994,0.754
GO:0042454,37,GO:0044248,11,7,ribonucleoside catabolic process,cellular catabolic process,0.8865833953834699,0.31786666666666674,0.446
GO:0045743,54,GO:0009719,11,1,positive regulation of fibroblast growth factor receptor signaling pathway,response to endogenous stimulus,0.8987956068503351,0.3093414634146342,0.705
GO:0044784,24,GO:0051128,11,28,metaphase/anaphase transition of cell cycle,regulation of cellular component organization,0.8654065524944154,0.30796875,0.711
GO:0003356,68,GO:0007017,11,1,regulation of cilium beat frequency,microtubule-based process,0.9397993298585257,0.2825,0.568
GO:0045898,147,GO:0006352,11,1,regulation of RNA polymerase II transcription preinitiation complex assembly,DNA-templated transcription initiation,0.8525761355174981,0.2671818181818182,0.721
GO:0014056,226,GO:0014056,11,12,"regulation of acetylcholine secretion, neurotransmission","regulation of acetylcholine secretion, neurotransmission",0.8610316455696203,0.26649999999999996,0
GO:0036093,56,GO:0042127,11,24,germ cell proliferation,regulation of cell population proliferation,0.9722090469099032,0.26415,0.874
GO:0071287,110,GO:0010038,11,8,cellular response to manganese ion,response to metal ion,0.9497930007446016,0.26095999999999997,0.837
GO:1904659,186,GO:0010827,11,3,D-glucose transmembrane transport,regulation of D-glucose transmembrane transport,0.9574929262844378,0.2607142857142857,0.945
GO:0002701,41,GO:0002376,11,2,negative regulation of production of molecular mediator of immune response,immune system process,0.8821947133283693,0.2593833333333333,0.614
GO:0001504,139,GO:0006836,11,5,neurotransmitter uptake,neurotransmitter transport,0.958198808637379,0.2577857142857143,0.781
GO:0006750,91,GO:0006518,11,3,glutathione biosynthetic process,peptide metabolic process,0.9405398361876396,0.257,0.891
GO:0034122,41,GO:0002376,11,1,negative regulation of toll-like receptor signaling pathway,immune system process,0.8771993670886076,0.25283333333333335,0.585
GO:0048791,66,GO:0046903,11,10,calcium ion-regulated exocytosis of neurotransmitter,secretion,0.8861396128071481,0.24896969696969695,0.775
GO:0048841,67,GO:0040008,11,14,regulation of axon extension involved in axon guidance,regulation of growth,0.848102382725242,0.24755263157894736,0.788
GO:1904668,27,GO:0065009,11,2,positive regulation of ubiquitin protein ligase activity,regulation of molecular function,0.8748791883842144,0.2461186440677966,0.785
GO:0042439,189,GO:0009308,11,9,ethanolamine-containing compound metabolic process,amine metabolic process,0.9236018242740134,0.24340000000000006,0.899
GO:0048867,165,GO:0048863,11,1,stem cell fate determination,stem cell differentiation,0.9655026061057335,0.23733333333333329,0.917
GO:0030835,108,GO:0022411,11,15,negative regulation of actin filament depolymerization,cellular component disassembly,0.8499406180193596,0.23635555555555554,0.833
GO:0015740,125,GO:0015711,11,9,C4-dicarboxylate transport,organic anion transport,0.9550964259121371,0.22007142857142858,0.799
GO:0042436,211,GO:0042430,11,8,indole-containing compound catabolic process,indole-containing compound metabolic process,0.9455232688011914,0.21950000000000003,0.938
GO:0019400,126,GO:0006066,11,10,alditol metabolic process,alcohol metabolic process,0.9195186150409531,0.21334374999999994,0.845
GO:1900195,105,GO:0021700,11,6,positive regulation of oocyte maturation,developmental maturation,0.8835761355174981,0.2120909090909091,0.828
GO:1903430,105,GO:0021700,11,7,negative regulation of cell maturation,developmental maturation,0.8927518615040954,0.20199999999999996,0.844
GO:0030719,105,GO:0021700,11,16,P granule organization,developmental maturation,0.8801885703648548,0.19527272727272726,0.894
GO:0051661,131,GO:0051235,11,8,maintenance of centrosome location,maintenance of location,0.9425806031273268,0.18987500000000002,0.927
GO:0032373,180,GO:0015850,11,2,positive regulation of sterol transport,organic hydroxy compound transport,0.8959467609828742,0.18191666666666673,0.807
GO:0032376,180,GO:0015850,11,2,positive regulation of cholesterol transport,organic hydroxy compound transport,0.8959091586001489,0.16508333333333336,0.807
GO:0042417,181,GO:0018958,11,7,dopamine metabolic process,phenol-containing compound metabolic process,0.9582094192107222,0.16184615384615386,0.922
GO:0042908,229,GO:0042908,10,4,xenobiotic transport,xenobiotic transport,0.9659145569620253,1,0
GO:0023041,228,GO:0023041,10,8,neuronal signal transduction,neuronal signal transduction,0.9250718540580789,1,0
GO:1902224,63,GO:0006629,10,2,ketone body metabolic process,lipid metabolic process,0.9208561057334326,0.5946524390243902,0.518
GO:0035336,63,GO:0006629,10,3,long-chain fatty-acyl-CoA metabolic process,lipid metabolic process,0.8987140729709605,0.5711219512195123,0.518
GO:0072530,43,GO:0071705,10,13,purine-containing compound transmembrane transport,nitrogen compound transport,0.945641660461653,0.5561875000000001,0.636
GO:0050965,55,GO:0003008,10,1,detection of temperature stimulus involved in sensory perception of pain,system process,0.9462684288905435,0.5460428571428572,0.511
GO:0000338,19,GO:0043412,10,14,protein deneddylation,macromolecule modification,0.9363978034251675,0.5409999999999999,0.553
GO:0046519,63,GO:0006629,10,7,sphingoid metabolic process,lipid metabolic process,0.9448553611317945,0.539109756097561,0.555
GO:0050884,55,GO:0003008,10,2,neuromuscular process controlling posture,system process,0.9750013030528667,0.5362,0.537
GO:0030202,58,GO:1901135,10,3,heparin proteoglycan metabolic process,carbohydrate derivative metabolic process,0.9343402829486225,0.53508,0.552
GO:0007439,11,GO:0048731,10,6,ectodermal digestive tract development,system development,0.951581347728965,0.5320212765957446,0.543
GO:0060378,157,GO:0044706,10,7,regulation of brood size,multi-multicellular organism process,0.9331120625465376,0.5275000000000001,0.945
GO:0050961,55,GO:0003008,10,2,detection of temperature stimulus involved in sensory perception,system process,0.9430098659717051,0.5272571428571429,0.553
GO:0015014,58,GO:1901135,10,3,"heparan sulfate proteoglycan biosynthetic process, chain elongation",carbohydrate derivative metabolic process,0.9159381980640358,0.5249699999999999,0.552
GO:0046931,36,GO:0043933,10,3,pore complex assembly,protein-containing complex organization,0.943288905435592,0.5203548387096775,0.605
GO:0007270,81,GO:0007267,10,2,neuron-neuron synaptic transmission,cell-cell signaling,0.9461595309009679,0.5181538461538462,0.59
GO:0032530,49,GO:0030030,10,1,regulation of microvillus organization,cell projection organization,0.9127762472077439,0.517425925925926,0.519
GO:0035246,19,GO:0043412,10,1,peptidyl-arginine N-methylation,macromolecule modification,0.9433756515264333,0.5143510638297872,0.446
GO:0006521,116,GO:0006520,10,2,regulation of amino acid metabolic process,amino acid metabolic process,0.9054167907669397,0.5128571428571429,0.609
GO:0061621,35,GO:0044281,10,2,canonical glycolysis,small molecule metabolic process,0.8766254653760238,0.512,0.456
GO:0007111,39,GO:0044703,10,1,meiosis II cytokinesis,multi-organism reproductive process,0.9599769173492182,0.511675,0.313
GO:0090110,40,GO:0016192,10,4,COPII-coated vesicle cargo loading,vesicle-mediated transport,0.8982137006701415,0.5051111111111111,0.545
GO:0007144,39,GO:0044703,10,1,female meiosis I,multi-organism reproductive process,0.9271332836932241,0.5003,0.313
GO:0001906,227,GO:0001906,10,12,cell killing,cell killing,0.9928224125093075,0.5,0
GO:0090148,77,GO:0061024,10,1,membrane fission,membrane organization,0.9532624720774385,0.49958139534883717,0.609
GO:1904491,29,GO:0033036,10,10,protein localization to ciliary transition zone,macromolecule localization,0.941092889054356,0.495,0.56
GO:0090435,29,GO:0033036,10,18,protein localization to nuclear envelope,macromolecule localization,0.9398892405063292,0.49420161290322584,0.577
GO:0042996,29,GO:0033036,10,1,regulation of Golgi to plasma membrane protein transport,macromolecule localization,0.8927768056589724,0.48395161290322575,0.456
GO:0090036,20,GO:0023052,10,7,regulation of protein kinase C signaling,signaling,0.9068574087862993,0.48353999999999997,0.376
GO:0006655,63,GO:0006629,10,3,phosphatidylglycerol biosynthetic process,lipid metabolic process,0.9151489203276247,0.48200609756097557,0.566
GO:0030073,13,GO:0065008,10,2,insulin secretion,regulation of biological quality,0.8875686895011169,0.48185507246376813,0.55
GO:2000234,87,GO:0022613,10,3,positive regulation of rRNA processing,ribonucleoprotein complex biogenesis,0.8444664929262844,0.4794827586206897,0.627
GO:0046349,58,GO:1901135,10,8,amino sugar biosynthetic process,carbohydrate derivative metabolic process,0.9337663812360387,0.47451999999999994,0.617
GO:1905710,13,GO:0065008,10,10,positive regulation of membrane permeability,regulation of biological quality,0.950105547282204,0.47240579710144925,0.623
GO:0009415,14,GO:0042221,10,1,response to water,response to chemical,0.9613073343261355,0.46756451612903227,0.479
GO:0071044,71,GO:0016071,10,1,histone mRNA catabolic process,mRNA metabolic process,0.8721921072226358,0.4665862068965517,0.558
GO:0014057,43,GO:0071705,10,11,"positive regulation of acetylcholine secretion, neurotransmission",nitrogen compound transport,0.8452211466865227,0.4655,0.621
GO:0006646,63,GO:0006629,10,14,phosphatidylethanolamine biosynthetic process,lipid metabolic process,0.9115197319434103,0.4644329268292683,0.602
GO:0043052,47,GO:0009628,10,14,thermotaxis,response to abiotic stimulus,0.959427773641102,0.45414583333333336,0.713
GO:0007130,57,GO:0051276,10,8,synaptonemal complex assembly,chromosome organization,0.9086673492181683,0.45371428571428574,0.691
GO:0006620,29,GO:0033036,10,6,post-translational protein targeting to endoplasmic reticulum membrane,macromolecule localization,0.9385253164556961,0.4527741935483871,0.524
GO:1903358,98,GO:0010256,10,5,regulation of Golgi organization,endomembrane system organization,0.8990735294117647,0.4524705882352942,0.726
GO:0007060,30,GO:0022414,10,5,male meiosis chromosome segregation,reproductive process,0.9193378629932986,0.45013888888888887,0.484
GO:0040039,69,GO:0048870,10,16,inductive cell migration,cell motility,0.987729337304542,0.43692682926829274,0.748
GO:0072710,61,GO:1901698,10,1,response to hydroxyurea,response to nitrogen compound,0.9681976917349218,0.43670833333333337,0.664
GO:2000253,65,GO:0007610,10,13,positive regulation of feeding behavior,behavior,0.9132859270290394,0.43237499999999995,0.614
GO:0006287,166,GO:0000077,10,3,"base-excision repair, gap-filling",DNA damage checkpoint signaling,0.9058767684288905,0.4304285714285714,0.518
GO:0051296,75,GO:0051640,10,5,establishment of meiotic spindle orientation,organelle localization,0.8694999999999999,0.42863013698630137,0.691
GO:0010603,17,GO:0044085,10,3,regulation of cytoplasmic mRNA processing body assembly,cellular component biogenesis,0.8952773641102011,0.4281176470588235,0.491
GO:0030536,65,GO:0007610,10,11,larval feeding behavior,behavior,0.9732836932241251,0.42453125,0.618
GO:0050812,111,GO:0006790,10,1,regulation of acyl-CoA biosynthetic process,sulfur compound metabolic process,0.8503151526433358,0.4231190476190476,0.609
GO:0006878,45,GO:0042592,10,2,intracellular copper ion homeostasis,homeostatic process,0.9912866716306776,0.422060606060606,0.644
GO:0030237,44,GO:0003006,10,2,female sex determination,developmental process involved in reproduction,0.954681310498883,0.41923529411764704,0.581
GO:0010510,111,GO:0006790,10,1,regulation of acetyl-CoA biosynthetic process from pyruvate,sulfur compound metabolic process,0.8499560685033507,0.41861904761904767,0.609
GO:0030199,136,GO:0043062,10,3,collagen fibril organization,extracellular structure organization,0.9515778108711839,0.40900000000000003,0.82
GO:0009312,109,GO:0005975,10,5,oligosaccharide biosynthetic process,carbohydrate metabolic process,0.9431450111690246,0.40274999999999994,0.681
GO:0006188,76,GO:0055086,10,8,IMP biosynthetic process,nucleobase-containing small molecule metabolic process,0.8858724869694713,0.39919393939393943,0.653
GO:0007542,44,GO:0003006,10,5,"primary sex determination, germ-line",developmental process involved in reproduction,0.9539776619508563,0.3969705882352941,0.591
GO:0009786,100,GO:0051301,10,14,regulation of asymmetric cell division,cell division,0.9423866344005957,0.39421428571428574,0.735
GO:1904587,61,GO:1901698,10,3,response to glycoprotein,response to nitrogen compound,0.9631034996276991,0.3893333333333333,0.74
GO:0007157,114,GO:0030155,10,3,heterophilic cell-cell adhesion via plasma membrane cell adhesion molecules,regulation of cell adhesion,0.9907460908413999,0.3868076923076923,0.631
GO:0007077,108,GO:0022411,10,3,mitotic nuclear membrane disassembly,cellular component disassembly,0.9225740878629933,0.38611111111111107,0.732
GO:0030575,151,GO:0006997,10,1,nuclear body organization,nucleus organization,0.9514283320923306,0.38460000000000005,0.728
GO:0071688,112,GO:0097435,10,9,striated muscle myosin thick filament assembly,supramolecular fiber organization,0.8900357408786299,0.3774516129032258,0.734
GO:0090386,6,GO:0071840,10,13,phagosome maturation involved in apoptotic cell clearance,cellular component organization or biogenesis,0.900165487714073,0.37690909090909086,0.4
GO:0006182,76,GO:0055086,10,35,cGMP biosynthetic process,nucleobase-containing small molecule metabolic process,0.8743717423678332,0.3765333333333333,0.757
GO:0051968,81,GO:0007267,10,4,"positive regulation of synaptic transmission, glutamatergic",cell-cell signaling,0.9091135517498139,0.37176923076923074,0.666
GO:0018993,44,GO:0003006,10,10,somatic sex determination,developmental process involved in reproduction,0.9506014519731943,0.3677941176470588,0.65
GO:0061718,109,GO:0005975,10,2,glucose catabolic process to pyruvate,carbohydrate metabolic process,0.9135286671630678,0.3651428571428571,0.621
GO:0061723,109,GO:0005975,10,8,glycophagy,carbohydrate metabolic process,0.9258231571109456,0.36326785714285714,0.688
GO:0043519,112,GO:0097435,10,3,regulation of myosin II filament organization,supramolecular fiber organization,0.8982998883097543,0.36,0.662
GO:1901889,127,GO:0050808,10,3,negative regulation of cell junction assembly,synapse organization,0.8818010052122115,0.35811111111111116,0.708
GO:0071786,98,GO:0010256,10,3,endoplasmic reticulum tubular network organization,endomembrane system organization,0.9447552122114669,0.3579411764705882,0.736
GO:0031054,10,GO:0048519,10,7,pre-miRNA processing,negative regulation of biological process,0.8669402457185406,0.354,0.528
GO:0034497,141,GO:0007033,10,4,protein localization to phagophore assembly site,vacuole organization,0.8563562918838421,0.3418333333333333,0.779
GO:0072578,102,GO:0072657,10,5,neurotransmitter-gated ion channel clustering,protein localization to membrane,0.9030517498138496,0.3285652173913044,0.784
GO:0034314,112,GO:0097435,10,15,Arp2/3 complex-mediated actin nucleation,supramolecular fiber organization,0.9345569620253165,0.32083870967741934,0.779
GO:0099637,124,GO:0031503,10,4,neurotransmitter receptor transport,protein-containing complex localization,0.9374637006701415,0.32058333333333333,0.791
GO:1904747,48,GO:0043067,10,14,positive regulation of apoptotic process involved in development,regulation of programmed cell death,0.8923497766195085,0.31614,0.836
GO:0009071,37,GO:0044248,10,7,serine family amino acid catabolic process,cellular catabolic process,0.9047295234549516,0.31333333333333335,0.744
GO:0048671,67,GO:0040008,10,2,negative regulation of collateral sprouting,regulation of growth,0.8427114668652271,0.3121052631578948,0.668
GO:0006659,152,GO:0006575,10,3,phosphatidylserine biosynthetic process,modified amino acid metabolic process,0.918102382725242,0.3111538461538461,0.746
GO:0036213,100,GO:0051301,10,3,contractile ring contraction,cell division,0.9669395011169024,0.30259523809523814,0.671
GO:0035721,124,GO:0031503,10,10,intraciliary retrograde transport,protein-containing complex localization,0.8868754653760238,0.30133333333333334,0.855
GO:0000916,100,GO:0051301,10,3,actomyosin contractile ring contraction,cell division,0.9253713700670141,0.2987619047619048,0.671
GO:0002098,143,GO:0006399,10,17,tRNA wobble uridine modification,tRNA metabolic process,0.9108469843633656,0.2915294117647059,0.791
GO:0048521,25,GO:0051239,10,23,negative regulation of behavior,regulation of multicellular organismal process,0.9066247207743857,0.28979999999999995,0.657
GO:0043171,91,GO:0006518,10,16,peptide catabolic process,peptide metabolic process,0.9413536857781087,0.28759999999999997,0.958
GO:1901160,230,GO:1901160,10,15,primary amino compound metabolic process,primary amino compound metabolic process,0.9620424422933731,0.2872,0
GO:0046655,167,GO:0006766,10,1,folic acid metabolic process,vitamin metabolic process,0.9281634400595682,0.2751176470588236,0.84
GO:0009437,152,GO:0006575,10,9,carnitine metabolic process,modified amino acid metabolic process,0.960994043186895,0.2744615384615384,0.817
GO:0045899,147,GO:0006352,10,1,positive regulation of RNA polymerase II transcription preinitiation complex assembly,DNA-templated transcription initiation,0.8379875279225615,0.2671818181818182,0.721
GO:0050907,134,GO:0051606,10,200,detection of chemical stimulus involved in sensory perception,detection of stimulus,0.9253462397617275,0.26535714285714285,0.962
GO:0006122,104,GO:0006091,10,10,"mitochondrial electron transport, ubiquinol to cytochrome c",generation of precursor metabolites and energy,0.9584646314221892,0.26326086956521744,0.779
GO:0099558,192,GO:0043954,10,3,maintenance of synapse structure,cellular component maintenance,0.9516025688756515,0.25839999999999996,0.945
GO:0014866,60,GO:0032989,10,8,skeletal myofibril assembly,cellular anatomical entity morphogenesis,0.8956600893521965,0.24524999999999997,0.852
GO:0043476,146,GO:0043473,10,2,pigment accumulation,pigmentation,0.9708095681310499,0.2426666666666667,0.972
GO:0045922,118,GO:0062012,10,4,negative regulation of fatty acid metabolic process,regulation of small molecule metabolic process,0.8505891660461653,0.2406666666666667,0.86
GO:0051693,108,GO:0022411,10,14,actin filament capping,cellular component disassembly,0.8451098287416232,0.23991111111111108,0.827
GO:0002921,41,GO:0002376,10,2,negative regulation of humoral immune response,immune system process,0.9089056217423679,0.23776666666666668,0.614
GO:2000738,165,GO:0048863,10,2,positive regulation of stem cell differentiation,stem cell differentiation,0.9071760982874162,0.23416666666666663,0.951
GO:0015780,193,GO:1901264,10,16,nucleotide-sugar transmembrane transport,carbohydrate derivative transport,0.9398620625465376,0.22906666666666664,0.93
GO:0006071,126,GO:0006066,10,8,glycerol metabolic process,alcohol metabolic process,0.9203216679076693,0.21921875000000002,0.834
GO:0070914,119,GO:0104004,10,3,UV-damage excision repair,cellular response to environmental stimulus,0.897680938198064,0.2154166666666667,0.895
GO:0042401,189,GO:0009308,10,10,biogenic amine biosynthetic process,amine metabolic process,0.944446016381236,0.2128,0.933
GO:0048681,101,GO:0009611,10,8,negative regulation of axon regeneration,response to wounding,0.8063428890543559,0.21150000000000002,0.856
GO:0071451,99,GO:0006979,10,6,cellular response to superoxide,response to oxidative stress,0.9427600521221147,0.20835294117647063,0.769
GO:0071450,99,GO:0006979,10,6,cellular response to oxygen radical,response to oxidative stress,0.9427600521221147,0.20835294117647063,0.769
GO:0006569,211,GO:0042430,10,7,L-tryptophan catabolic process,indole-containing compound metabolic process,0.9011593447505585,0.1978333333333333,0.932
GO:0050892,198,GO:0007586,10,10,intestinal absorption,digestion,0.9720990320178704,0.19664285714285712,0.85
GO:0043144,222,GO:0016074,10,9,sno(s)RNA processing,sno(s)RNA metabolic process,0.9272475800446761,0.17081818181818187,0.993
GO:0042364,167,GO:0006766,10,4,water-soluble vitamin biosynthetic process,vitamin metabolic process,0.9191321667907669,0.15811764705882347,0.941
GO:0048690,150,GO:0031099,10,12,regulation of axon extension involved in regeneration,regeneration,0.8247943037974683,0.14884615384615385,0.89
GO:0048686,150,GO:0031099,10,12,regulation of sprouting of injured axon,regeneration,0.8242364110201043,0.14692307692307693,0.895
GO:0007567,39,GO:0044703,9,8,parturition,multi-organism reproductive process,0.9661424050632912,0.6164000000000001,0.983
GO:0051481,13,GO:0065008,9,1,negative regulation of cytosolic calcium ion concentration,regulation of biological quality,0.9572120253164557,0.6111739130434782,0.523
GO:0072531,43,GO:0071705,9,3,pyrimidine-containing compound transmembrane transport,nitrogen compound transport,0.9516282576321667,0.5959375,0.541
GO:0006501,19,GO:0043412,9,2,C-terminal protein lipidation,macromolecule modification,0.9357479523454951,0.5827659574468085,0.47
GO:0097062,49,GO:0030030,9,1,dendritic spine maintenance,cell projection organization,0.9491532017870439,0.5756111111111111,0.519
GO:0006307,70,GO:0006259,9,2,DNA alkylation repair,DNA metabolic process,0.9082565152643336,0.5709444444444445,0.544
GO:0036152,63,GO:0006629,9,1,phosphatidylethanolamine acyl-chain remodeling,lipid metabolic process,0.933973008190618,0.5702560975609756,0.477
GO:0007400,11,GO:0048731,9,2,neuroblast fate determination,system development,0.9509452717795979,0.5651276595744681,0.476
GO:0042789,71,GO:0016071,9,1,mRNA transcription by RNA polymerase II,mRNA metabolic process,0.9360327624720775,0.5529310344827586,0.558
GO:0019934,20,GO:0023052,9,16,cGMP-mediated signaling,signaling,0.9148927773641102,0.54835,0.429
GO:0006105,35,GO:0044281,9,1,succinate metabolic process,small molecule metabolic process,0.9356478034251675,0.5434,0.433
GO:0046339,63,GO:0006629,9,4,diacylglycerol metabolic process,lipid metabolic process,0.9458870067014148,0.533469512195122,0.53
GO:0070983,49,GO:0030030,9,1,dendrite guidance,cell projection organization,0.9175733432613552,0.5322407407407408,0.519
GO:0018206,19,GO:0043412,9,2,peptidyl-methionine modification,macromolecule modification,0.9425487714072971,0.5255425531914893,0.47
GO:0048009,53,GO:0007166,9,2,insulin-like growth factor receptor signaling pathway,cell surface receptor signaling pathway,0.9276906180193596,0.5229830508474576,0.566
GO:0032048,63,GO:0006629,9,4,cardiolipin metabolic process,lipid metabolic process,0.925577810871184,0.513579268292683,0.561
GO:0043174,76,GO:0055086,9,5,nucleoside salvage,nucleobase-containing small molecule metabolic process,0.8958203648548027,0.5129575757575757,0.609
GO:0042745,65,GO:0007610,9,2,circadian sleep/wake cycle,behavior,0.9753507073715563,0.5060312499999999,0.529
GO:0046132,76,GO:0055086,9,2,pyrimidine ribonucleoside biosynthetic process,nucleobase-containing small molecule metabolic process,0.8994350335070738,0.5050787878787879,0.569
GO:0006857,43,GO:0071705,9,3,oligopeptide transport,nitrogen compound transport,0.9550467237527922,0.5002249999999999,0.585
GO:1901142,235,GO:1901142,9,2,insulin metabolic process,insulin metabolic process,0.95019843633656,0.5,0
GO:0071684,233,GO:0071684,9,2,organism emergence from protective structure,organism emergence from protective structure,0.9797887192851824,0.5,0
GO:0034377,190,GO:0097006,9,1,plasma lipoprotein particle assembly,regulation of plasma lipoprotein particle levels,0.9062900223380491,0.5,1
GO:0010644,231,GO:0010644,9,1,cell communication by electrical coupling,cell communication by electrical coupling,0.9779221891288161,0.5,0
GO:0035332,20,GO:0023052,9,2,positive regulation of hippo signaling,signaling,0.897090469099032,0.49744,0.337
GO:0046459,35,GO:0044281,9,6,short-chain fatty acid metabolic process,small molecule metabolic process,0.9164002233804914,0.4919,0.498
GO:0006108,35,GO:0044281,9,4,malate metabolic process,small molecule metabolic process,0.9281993670886076,0.49068750000000005,0.505
GO:0030540,44,GO:0003006,9,1,female genitalia development,developmental process involved in reproduction,0.9529113924050633,0.488,0.525
GO:0010992,45,GO:0042592,9,1,ubiquitin recycling,homeostatic process,0.9921675353685778,0.483530303030303,0.615
GO:0030033,49,GO:0030030,9,3,microvillus assembly,cell projection organization,0.9420567758749069,0.48129629629629633,0.562
GO:0006337,36,GO:0043933,9,3,nucleosome disassembly,protein-containing complex organization,0.944469843633656,0.4810483870967742,0.605
GO:0035641,65,GO:0007610,9,9,locomotory exploration behavior,behavior,0.9743816083395384,0.47759375000000004,0.596
GO:1900038,47,GO:0009628,9,1,negative regulation of cellular response to hypoxia,response to abiotic stimulus,0.8929430379746836,0.47602083333333334,0.571
GO:0043649,35,GO:0044281,9,6,dicarboxylic acid catabolic process,small molecule metabolic process,0.9152574460163813,0.47414999999999996,0.498
GO:0034059,47,GO:0009628,9,3,response to anoxia,response to abiotic stimulus,0.9657810871183916,0.47343749999999996,0.617
GO:0046113,76,GO:0055086,9,7,nucleobase catabolic process,nucleobase-containing small molecule metabolic process,0.9004050632911392,0.47010303030303024,0.662
GO:0015865,43,GO:0071705,9,15,purine nucleotide transport,nitrogen compound transport,0.9493533134772897,0.46881249999999997,0.655
GO:1904776,29,GO:0033036,9,9,regulation of protein localization to cell cortex,macromolecule localization,0.8939962769918094,0.46397580645161296,0.542
GO:0001682,59,GO:0006396,9,5,tRNA 5'-leader removal,RNA processing,0.9272306403574088,0.4619375,0.546
GO:0071244,14,GO:0042221,9,6,cellular response to carbon dioxide,response to chemical,0.9512617274758004,0.45670967741935486,0.523
GO:0006616,29,GO:0033036,9,4,"SRP-dependent cotranslational protein targeting to membrane, translocation",macromolecule localization,0.928469471332837,0.4541854838709677,0.516
GO:0070922,87,GO:0022613,9,2,RISC complex assembly,ribonucleoprotein complex biogenesis,0.8539344750558451,0.44996551724137934,0.609
GO:0009143,34,GO:0006793,9,3,nucleoside triphosphate catabolic process,phosphorus metabolic process,0.8926267684288905,0.44775510204081637,0.51
GO:0010867,63,GO:0006629,9,2,positive regulation of triglyceride biosynthetic process,lipid metabolic process,0.8778229709605361,0.44199390243902437,0.502
GO:1904779,29,GO:0033036,9,8,regulation of protein localization to centrosome,macromolecule localization,0.8919726358897989,0.43829838709677416,0.552
GO:0009263,76,GO:0055086,9,7,deoxyribonucleotide biosynthetic process,nucleobase-containing small molecule metabolic process,0.8846120625465376,0.43332727272727267,0.682
GO:2000292,55,GO:0003008,9,21,regulation of defecation,system process,0.8717563291139241,0.42982857142857145,0.669
GO:0009129,76,GO:0055086,9,10,pyrimidine nucleoside monophosphate metabolic process,nucleobase-containing small molecule metabolic process,0.8981680938198064,0.42860606060606066,0.688
GO:0000389,87,GO:0022613,9,3,mRNA 3'-splice site recognition,ribonucleoprotein complex biogenesis,0.8837241250930752,0.42420689655172417,0.627
GO:0032366,140,GO:0010876,9,2,intracellular sterol transport,lipid localization,0.9394443410275503,0.42152,0.719
GO:0072711,61,GO:1901698,9,1,cellular response to hydroxyurea,response to nitrogen compound,0.9565022338049144,0.41574999999999995,0.664
GO:0006189,76,GO:0055086,9,6,'de novo' IMP biosynthetic process,nucleobase-containing small molecule metabolic process,0.8887373417721519,0.41379999999999995,0.632
GO:0009130,76,GO:0055086,9,10,pyrimidine nucleoside monophosphate biosynthetic process,nucleobase-containing small molecule metabolic process,0.8909199553239017,0.41103636363636364,0.688
GO:0048280,159,GO:0048284,9,6,vesicle fusion with Golgi apparatus,organelle fusion,0.9046948994787789,0.4105,0.83
GO:0001731,107,GO:0006412,9,6,formation of translation preinitiation complex,translation,0.8842457185405808,0.4089583333333333,0.615
GO:0031115,155,GO:0031023,9,8,negative regulation of microtubule polymerization,microtubule organizing center organization,0.8587810871183916,0.4080212765957447,0.585
GO:0060582,73,GO:0007389,9,1,cell fate determination involved in pattern specification,pattern specification process,0.9547317572598659,0.40759999999999996,0.669
GO:0000463,87,GO:0022613,9,12,"maturation of LSU-rRNA from tricistronic rRNA transcript (SSU-rRNA, 5.8S rRNA, LSU-rRNA)",ribonucleoprotein complex biogenesis,0.8803019359642591,0.40655172413793106,0.717
GO:0032876,70,GO:0006259,9,2,negative regulation of DNA endoreduplication,DNA metabolic process,0.8588989203276247,0.40648148148148144,0.544
GO:0090385,6,GO:0071840,9,5,phagosome-lysosome fusion,cellular component organization or biogenesis,0.892247207743857,0.4027272727272727,0.349
GO:0006285,166,GO:0000077,9,2,"base-excision repair, AP site formation",DNA damage checkpoint signaling,0.9042684288905436,0.4008571428571428,0.527
GO:0006563,116,GO:0006520,9,12,L-serine metabolic process,amino acid metabolic process,0.9135664556962025,0.3993214285714286,0.736
GO:0032887,46,GO:0007049,9,8,regulation of spindle elongation,cell cycle,0.8831586001489203,0.39839843750000004,0.538
GO:0040022,44,GO:0003006,9,8,feminization of hermaphroditic germ-line,developmental process involved in reproduction,0.952753164556962,0.39732352941176474,0.613
GO:0034982,132,GO:0006457,9,9,mitochondrial protein processing,protein folding,0.9327205882352941,0.39028571428571424,0.672
GO:0035751,45,GO:0042592,9,4,regulation of lysosomal lumen pH,homeostatic process,0.9040348101265823,0.38809090909090904,0.676
GO:0099022,75,GO:0051640,9,7,vesicle tethering,organelle localization,0.9033311615785555,0.3854520547945205,0.678
GO:0051305,75,GO:0051640,9,11,chromosome movement towards spindle pole,organelle localization,0.9213864482501861,0.3781369863013698,0.707
GO:0000491,87,GO:0022613,9,7,small nucleolar ribonucleoprotein complex assembly,ribonucleoprotein complex biogenesis,0.937228965003723,0.37775862068965516,0.687
GO:1900425,16,GO:0048583,9,2,negative regulation of defense response to bacterium,regulation of response to stimulus,0.9036431496649293,0.37617391304347825,0.569
GO:0033275,96,GO:0030029,9,2,actin-myosin filament sliding,actin filament-based process,0.9863080789277736,0.3741052631578947,0.644
GO:1900426,16,GO:0048583,9,3,positive regulation of defense response to bacterium,regulation of response to stimulus,0.9034175353685778,0.36873913043478257,0.581
GO:0016540,132,GO:0006457,9,17,protein autoprocessing,protein folding,0.9290197319434103,0.36864285714285716,0.718
GO:0097354,232,GO:0097354,9,5,prenylation,prenylation,0.9649564408041698,0.3606666666666667,0
GO:0051126,112,GO:0097435,9,1,negative regulation of actin nucleation,supramolecular fiber organization,0.8872557706626955,0.3604516129032258,0.614
GO:0060573,73,GO:0007389,9,4,cell fate specification involved in pattern specification,pattern specification process,0.9513806775874907,0.36019999999999996,0.733
GO:0007506,33,GO:0009888,9,13,gonadal mesoderm development,tissue development,0.9413231571109456,0.3590377358490566,0.766
GO:0042464,83,GO:0006325,9,11,dosage compensation by hypoactivation of X chromosome,chromatin organization,0.8694979523454951,0.35631250000000003,0.725
GO:0015819,203,GO:0015695,9,1,lysine transport,organic cation transport,0.9555858153387937,0.35375,0.758
GO:0018342,232,GO:0097354,9,4,protein prenylation,prenylation,0.9424298212956068,0.3533333333333334,0.977
GO:0046929,139,GO:0006836,9,2,negative regulation of neurotransmitter secretion,neurotransmitter transport,0.8685967982129561,0.34657142857142853,0.717
GO:0042694,94,GO:0061061,9,7,muscle cell fate specification,muscle structure development,0.9581141102010424,0.3465666666666667,0.78
GO:0002029,21,GO:0023051,9,1,desensitization of G protein-coupled receptor signaling pathway,regulation of signaling,0.9033925912137006,0.3464090909090909,0.554
GO:0045200,56,GO:0042127,9,1,establishment of neuroblast polarity,regulation of cell population proliferation,0.9453633655994044,0.3415,0.705
GO:0010755,132,GO:0006457,9,2,regulation of plasminogen activation,protein folding,0.890641288160834,0.34064285714285714,0.625
GO:0036090,100,GO:0051301,9,2,cleavage furrow ingression,cell division,0.9327708488458675,0.3386904761904762,0.628
GO:0017121,77,GO:0061024,9,10,plasma membrane phospholipid scrambling,membrane organization,0.8629311243484736,0.3384186046511628,0.762
GO:2000310,27,GO:0065009,9,1,regulation of NMDA receptor activity,regulation of molecular function,0.8730565897244974,0.33355932203389826,0.753
GO:0000447,123,GO:0016072,9,5,"endonucleolytic cleavage in ITS1 to separate SSU-rRNA from 5.8S rRNA and LSU-rRNA from tricistronic rRNA transcript (SSU-rRNA, 5.8S rRNA, LSU-rRNA)",rRNA metabolic process,0.8885539836187639,0.3334166666666667,0.715
GO:0140112,234,GO:0140112,9,1,extracellular vesicle biogenesis,extracellular vesicle biogenesis,0.9529815711094565,0.33333333333333337,0
GO:0097734,234,GO:0140112,9,1,extracellular exosome biogenesis,extracellular vesicle biogenesis,0.9529815711094565,0.33333333333333337,1
GO:0060050,26,GO:0051246,9,1,positive regulation of protein glycosylation,regulation of protein metabolic process,0.8678320923306031,0.3294285714285714,0.623
GO:0007091,24,GO:0051128,9,21,metaphase/anaphase transition of mitotic cell cycle,regulation of cellular component organization,0.8671965748324646,0.32099999999999995,0.691
GO:0007156,114,GO:0030155,9,23,homophilic cell adhesion via plasma membrane adhesion molecules,regulation of cell adhesion,0.989499627699181,0.31400000000000006,0.717
GO:0099500,66,GO:0046903,9,14,vesicle fusion to plasma membrane,secretion,0.8953272524199554,0.3106969696969697,0.756
GO:0040037,54,GO:0009719,9,1,negative regulation of fibroblast growth factor receptor signaling pathway,response to endogenous stimulus,0.8993090096798213,0.30200000000000005,0.705
GO:0042987,221,GO:0042982,9,3,amyloid precursor protein catabolic process,amyloid precursor protein metabolic process,0.9486796351451974,0.29600000000000004,0.984
GO:0032780,27,GO:0065009,9,2,negative regulation of ATP-dependent activity,regulation of molecular function,0.9576165301563664,0.28832203389830513,0.785
GO:1902001,156,GO:0046942,9,5,fatty acid transmembrane transport,carboxylic acid transport,0.9389508562918838,0.2838571428571428,0.771
GO:1900102,16,GO:0048583,9,3,negative regulation of endoplasmic reticulum unfolded protein response,regulation of response to stimulus,0.8882760610573344,0.28156521739130436,0.569
GO:0090646,172,GO:0140053,9,6,mitochondrial tRNA processing,mitochondrial gene expression,0.9251478034251676,0.276,0.833
GO:0050976,134,GO:0051606,9,13,detection of mechanical stimulus involved in sensory perception of touch,detection of stimulus,0.9348827252419956,0.27542857142857147,0.793
GO:0031629,66,GO:0046903,9,14,synaptic vesicle fusion to presynaptic active zone membrane,secretion,0.8456399851079672,0.2675151515151515,0.756
GO:0000963,172,GO:0140053,9,9,mitochondrial RNA processing,mitochondrial gene expression,0.926620625465376,0.2661111111111111,0.856
GO:0051016,108,GO:0022411,9,9,barbed-end actin filament capping,cellular component disassembly,0.850455510052122,0.26351111111111114,0.793
GO:0046185,178,GO:0006081,9,6,aldehyde catabolic process,aldehyde metabolic process,0.9462784810126582,0.2587272727272727,0.889
GO:0030517,28,GO:0050793,9,10,negative regulation of axon extension,regulation of developmental process,0.8227133283693224,0.2587254901960784,0.626
GO:1902410,100,GO:0051301,9,11,mitotic cytokinetic process,cell division,0.9630173119880864,0.25728571428571434,0.722
GO:0034475,169,GO:0016073,9,8,U4 snRNA 3'-end processing,snRNA metabolic process,0.9269724497393894,0.24416666666666664,0.874
GO:0016558,188,GO:0007031,9,10,protein import into peroxisome matrix,peroxisome organization,0.8850072598659717,0.2376666666666667,0.929
GO:0006244,183,GO:0072527,9,5,pyrimidine nucleotide catabolic process,pyrimidine-containing compound metabolic process,0.8885424422933731,0.2346666666666667,0.819
GO:0090481,193,GO:1901264,9,14,pyrimidine nucleotide-sugar transmembrane transport,carbohydrate derivative transport,0.9401893149664929,0.22873333333333334,0.923
GO:0046321,171,GO:0010565,9,6,positive regulation of fatty acid oxidation,regulation of ketone metabolic process,0.8454448994787789,0.22805555555555557,0.938
GO:0006390,207,GO:0000959,9,5,mitochondrial transcription,mitochondrial RNA metabolic process,0.9300275502606106,0.22699999999999998,0.936
GO:0018904,218,GO:0006730,9,5,ether metabolic process,one-carbon metabolic process,0.9335811615785554,0.22650000000000003,0.362
GO:0032958,126,GO:0006066,9,7,inositol phosphate biosynthetic process,alcohol metabolic process,0.9034702159344751,0.21628124999999998,0.84
GO:0006595,189,GO:0009308,9,5,polyamine metabolic process,amine metabolic process,0.958984549516009,0.21045000000000003,0.895
GO:0009220,183,GO:0072527,9,11,pyrimidine ribonucleotide biosynthetic process,pyrimidine-containing compound metabolic process,0.8794240506329114,0.20066666666666666,0.891
GO:0046189,181,GO:0018958,9,15,phenol-containing compound biosynthetic process,phenol-containing compound metabolic process,0.9457399478778853,0.18061538461538462,0.983
GO:0031126,222,GO:0016074,9,8,sno(s)RNA 3'-end processing,sno(s)RNA metabolic process,0.9267924422933731,0.17200000000000004,0.986
GO:0007343,80,GO:0001775,9,7,egg activation,cell activation,0.9557177959791512,0.14917647058823524,0.985
GO:0048691,150,GO:0031099,9,9,positive regulation of axon extension involved in regeneration,regeneration,0.7911154132539091,0.1466153846153846,0.872
GO:0048687,150,GO:0031099,9,9,positive regulation of sprouting of injured axon,regeneration,0.7968849590469099,0.1431538461538462,0.879
GO:1903131,92,GO:0030097,9,1,mononuclear cell differentiation,hemopoiesis,0.9624119508562918,0.08311111111111114,0.966
GO:0009838,237,GO:0009838,8,1,abscission,abscission,0.9684290766939687,1,0
GO:0098734,19,GO:0043412,8,8,macromolecule depalmitoylation,macromolecule modification,0.948141288160834,0.6423085106382979,0.526
GO:0045056,40,GO:0016192,8,1,transcytosis,vesicle-mediated transport,0.9390936336559941,0.6395185185185186,0.491
GO:0015851,43,GO:0071705,8,1,nucleobase transport,nitrogen compound transport,0.959891660461653,0.6032124999999999,0.525
GO:0010248,72,GO:0006811,8,5,establishment or maintenance of transmembrane electrochemical gradient,monoatomic ion transport,0.9550649664929263,0.6015581395348837,0.5
GO:0043491,20,GO:0023052,8,8,phosphatidylinositol 3-kinase/protein kinase B signal transduction,signaling,0.9206621370067014,0.57957,0.385
GO:0038203,20,GO:0023052,8,4,TORC2 signaling,signaling,0.9239320551005212,0.5733699999999999,0.357
GO:0008592,53,GO:0007166,8,1,regulation of Toll signaling pathway,cell surface receptor signaling pathway,0.9180325763216679,0.5588305084745763,0.539
GO:0016093,63,GO:0006629,8,3,polyprenol metabolic process,lipid metabolic process,0.9174584884586746,0.5498841463414634,0.548
GO:0006450,13,GO:0065008,8,11,regulation of translational fidelity,regulation of biological quality,0.9508291139240507,0.5477826086956521,0.628
GO:1902075,14,GO:0042221,8,7,cellular response to salt,response to chemical,0.9516053611317945,0.5458548387096774,0.555
GO:0051013,155,GO:0031023,8,2,microtubule severing,microtubule organizing center organization,0.9411396128071482,0.5386170212765957,0.549
GO:0034035,76,GO:0055086,8,1,purine ribonucleoside bisphosphate metabolic process,nucleobase-containing small molecule metabolic process,0.9145256887565153,0.5302060606060606,0.541
GO:0048567,11,GO:0048731,8,6,ectodermal digestive tract morphogenesis,system development,0.951295234549516,0.529936170212766,0.543
GO:0030210,58,GO:1901135,8,3,heparin proteoglycan biosynthetic process,carbohydrate derivative metabolic process,0.9269389426656739,0.5272399999999999,0.552
GO:0072393,155,GO:0031023,8,2,microtubule anchoring at microtubule organizing center,microtubule organizing center organization,0.9422243112434847,0.5252978723404256,0.535
GO:0035672,43,GO:0071705,8,3,oligopeptide transmembrane transport,nitrogen compound transport,0.9501546909903201,0.5250874999999999,0.541
GO:0051292,36,GO:0043933,8,3,nuclear pore complex assembly,protein-containing complex organization,0.9370917721518988,0.5203548387096775,0.605
GO:0072697,29,GO:0033036,8,13,protein localization to cell cortex,macromolecule localization,0.9420145197319434,0.5185725806451613,0.56
GO:0015693,72,GO:0006811,8,5,magnesium ion transport,monoatomic ion transport,0.960967051377513,0.5178139534883721,0.514
GO:0009215,76,GO:0055086,8,1,purine deoxyribonucleoside triphosphate metabolic process,nucleobase-containing small molecule metabolic process,0.9116794489947878,0.5166727272727273,0.569
GO:0061356,29,GO:0033036,8,2,regulation of Wnt protein secretion,macromolecule localization,0.8764728220402085,0.5161451612903225,0.48
GO:0033567,70,GO:0006259,8,2,"DNA replication, Okazaki fragment processing",DNA metabolic process,0.9380779970215934,0.5099814814814815,0.544
GO:0061357,29,GO:0033036,8,2,positive regulation of Wnt protein secretion,macromolecule localization,0.861794862248697,0.506258064516129,0.48
GO:0050802,65,GO:0007610,8,2,"circadian sleep/wake cycle, sleep",behavior,0.9752304542069993,0.5060312499999999,0.529
GO:0022410,65,GO:0007610,8,2,circadian sleep/wake cycle process,behavior,0.9753507073715563,0.5060312499999999,0.529
GO:0007021,36,GO:0043933,8,6,tubulin complex assembly,protein-containing complex organization,0.9404988830975428,0.505758064516129,0.646
GO:0001111,236,GO:0001111,8,1,RNA polymerase II promoter clearance,RNA polymerase II promoter clearance,0.9384741250930753,0.5,0
GO:0001109,236,GO:0001111,8,1,promoter clearance during DNA-templated transcription,RNA polymerase II promoter clearance,0.9387137006701415,0.5,1
GO:0051937,43,GO:0071705,8,6,catecholamine transport,nitrogen compound transport,0.9528851451973195,0.49955000000000005,0.601
GO:0045986,55,GO:0003008,8,1,negative regulation of smooth muscle contraction,system process,0.92055156366344,0.49315714285714285,0.511
GO:0042760,35,GO:0044281,8,5,very long-chain fatty acid catabolic process,small molecule metabolic process,0.9048367460908414,0.49,0.491
GO:0032049,63,GO:0006629,8,3,cardiolipin biosynthetic process,lipid metabolic process,0.9163758376768429,0.48934146341463414,0.555
GO:0046129,76,GO:0055086,8,7,purine ribonucleoside biosynthetic process,nucleobase-containing small molecule metabolic process,0.8924739389426657,0.4871151515151515,0.625
GO:0042451,76,GO:0055086,8,7,purine nucleoside biosynthetic process,nucleobase-containing small molecule metabolic process,0.8926001489203277,0.4871151515151515,0.625
GO:0034498,115,GO:0051169,8,3,early endosome to Golgi transport,nuclear transport,0.9422460908413999,0.48517543859649126,0.5
GO:0046514,63,GO:0006629,8,9,ceramide catabolic process,lipid metabolic process,0.9243644825018615,0.48445731707317075,0.576
GO:0046479,63,GO:0006629,8,8,glycosphingolipid catabolic process,lipid metabolic process,0.9128244601638124,0.4811158536585366,0.572
GO:0051257,46,GO:0007049,8,7,meiotic spindle midzone assembly,cell cycle,0.904042069992554,0.48050000000000004,0.521
GO:1903564,29,GO:0033036,8,3,regulation of protein localization to cilium,macromolecule localization,0.8999454579300075,0.4787258064516129,0.495
GO:0046477,63,GO:0006629,8,7,glycosylceramide catabolic process,lipid metabolic process,0.9110664556962025,0.4785060975609756,0.561
GO:0006048,58,GO:1901135,8,6,UDP-N-acetylglucosamine biosynthetic process,carbohydrate derivative metabolic process,0.8920835815338793,0.4777,0.59
GO:0055089,45,GO:0042592,8,1,fatty acid homeostasis,homeostatic process,0.9920828369322412,0.47284848484848485,0.615
GO:0006265,57,GO:0051276,8,6,DNA topological change,chromosome organization,0.8891703276247208,0.46959523809523807,0.691
GO:0046498,58,GO:1901135,8,1,S-adenosylhomocysteine metabolic process,carbohydrate derivative metabolic process,0.9012760610573343,0.46934,0.509
GO:0015868,43,GO:0071705,8,14,purine ribonucleotide transport,nitrogen compound transport,0.9490260610573343,0.4673625,0.653
GO:0003009,55,GO:0003008,8,2,skeletal muscle contraction,system process,0.9736865227103499,0.4631571428571428,0.537
GO:0032511,115,GO:0051169,8,14,late endosome to vacuole transport via multivesicular body sorting pathway,nuclear transport,0.9373369322412509,0.4617368421052631,0.56
GO:0006011,34,GO:0006793,8,5,UDP-alpha-D-glucose metabolic process,phosphorus metabolic process,0.899184102755026,0.46083673469387754,0.515
GO:0009151,34,GO:0006793,8,1,purine deoxyribonucleotide metabolic process,phosphorus metabolic process,0.9037669396872673,0.4603877551020408,0.46
GO:0090154,63,GO:0006629,8,2,positive regulation of sphingolipid biosynthetic process,lipid metabolic process,0.8425819061801936,0.45728048780487807,0.502
GO:0006207,76,GO:0055086,8,5,'de novo' pyrimidine nucleobase biosynthetic process,nucleobase-containing small molecule metabolic process,0.9064759865971705,0.45212121212121215,0.625
GO:0000055,75,GO:0051640,8,4,ribosomal large subunit export from nucleus,organelle localization,0.8983276247207744,0.450068493150685,0.661
GO:0009147,76,GO:0055086,8,9,pyrimidine nucleoside triphosphate metabolic process,nucleobase-containing small molecule metabolic process,0.9006429635145198,0.44878181818181817,0.662
GO:1903729,77,GO:0061024,8,2,regulation of plasma membrane organization,membrane organization,0.9070228965003723,0.44532558139534884,0.638
GO:0071072,63,GO:0006629,8,4,negative regulation of phospholipid biosynthetic process,lipid metabolic process,0.8530789277736411,0.44439634146341467,0.539
GO:0010286,47,GO:0009628,8,13,heat acclimation,response to abiotic stimulus,0.9617006701414743,0.44195833333333334,0.719
GO:0046710,76,GO:0055086,8,6,GDP metabolic process,nucleobase-containing small molecule metabolic process,0.8956481757259867,0.44099999999999995,0.632
GO:0070525,143,GO:0006399,8,8,tRNA threonylcarbamoyladenosine metabolic process,tRNA metabolic process,0.9349473194341027,0.43899999999999995,0.718
GO:0051561,45,GO:0042592,8,1,positive regulation of mitochondrial calcium ion concentration,homeostatic process,0.9914160461653015,0.43654545454545457,0.615
GO:0006564,116,GO:0006520,8,2,L-serine biosynthetic process,amino acid metabolic process,0.9129450856291884,0.43540178571428567,0.64
GO:2000042,70,GO:0006259,8,1,negative regulation of double-strand break repair via homologous recombination,DNA metabolic process,0.8525256887565152,0.43521296296296297,0.518
GO:0019856,76,GO:0055086,8,7,pyrimidine nucleobase biosynthetic process,nucleobase-containing small molecule metabolic process,0.903316269545793,0.4342424242424242,0.653
GO:1903441,29,GO:0033036,8,11,protein localization to ciliary membrane,macromolecule localization,0.9379298212956069,0.43027419354838714,0.556
GO:0072676,69,GO:0048870,8,1,lymphocyte migration,cell motility,0.9818134772896501,0.42800000000000005,0.602
GO:0031579,77,GO:0061024,8,2,membrane raft organization,membrane organization,0.9492941176470588,0.42762790697674424,0.67
GO:0006528,116,GO:0006520,8,3,asparagine metabolic process,amino acid metabolic process,0.9195971705137751,0.4271696428571429,0.668
GO:0006030,58,GO:1901135,8,10,chitin metabolic process,carbohydrate derivative metabolic process,0.936228965003723,0.42582,0.629
GO:0071421,72,GO:0006811,8,6,manganese ion transmembrane transport,monoatomic ion transport,0.9523633655994044,0.422953488372093,0.508
GO:0033631,114,GO:0030155,8,1,cell-cell adhesion mediated by integrin,regulation of cell adhesion,0.9912386448250187,0.42246153846153844,0.593
GO:0061844,41,GO:0002376,8,5,antimicrobial humoral immune response mediated by antimicrobial peptide,immune system process,0.9567985852568875,0.4097333333333333,0.656
GO:0009223,34,GO:0006793,8,2,pyrimidine deoxyribonucleotide catabolic process,phosphorus metabolic process,0.8883574087862993,0.4071836734693878,0.475
GO:0006167,76,GO:0055086,8,5,AMP biosynthetic process,nucleobase-containing small molecule metabolic process,0.8871386820551005,0.4058848484848485,0.644
GO:0090522,75,GO:0051640,8,4,vesicle tethering involved in exocytosis,organelle localization,0.9016260238272524,0.404972602739726,0.65
GO:0046130,58,GO:1901135,8,3,purine ribonucleoside catabolic process,carbohydrate derivative metabolic process,0.8926723752792256,0.40327,0.552
GO:0042026,132,GO:0006457,8,26,protein refolding,protein folding,0.9307179821295607,0.4029285714285714,0.839
GO:0045663,94,GO:0061061,8,1,positive regulation of myoblast differentiation,muscle structure development,0.908189687267312,0.4013,0.678
GO:0051382,36,GO:0043933,8,15,kinetochore assembly,protein-containing complex organization,0.9240174981384959,0.3994354838709677,0.709
GO:0002943,143,GO:0006399,8,4,tRNA dihydrouridine synthesis,tRNA metabolic process,0.9203458674609084,0.3970588235294118,0.687
GO:0000492,87,GO:0022613,8,5,box C/D snoRNP assembly,ribonucleoprotein complex biogenesis,0.9391859642591214,0.39586206896551723,0.66
GO:0006152,58,GO:1901135,8,5,purine nucleoside catabolic process,carbohydrate derivative metabolic process,0.8895716679076694,0.39159,0.574
GO:0043050,65,GO:0007610,8,68,nematode pharyngeal pumping,behavior,0.9699830603127327,0.3908125,0.734
GO:0071675,69,GO:0048870,8,1,regulation of mononuclear cell migration,cell motility,0.9384782204020848,0.39039024390243904,0.602
GO:0055078,45,GO:0042592,8,10,sodium ion homeostasis,homeostatic process,0.9906801935964259,0.38016666666666665,0.724
GO:0030574,216,GO:0032963,8,7,collagen catabolic process,collagen metabolic process,0.9477511169024572,0.3763333333333333,0.978
GO:0042428,160,GO:0097164,8,10,serotonin metabolic process,ammonium ion metabolic process,0.9588819806403575,0.3743333333333333,0.986
GO:0070989,201,GO:0070988,8,1,oxidative demethylation,demethylation,0.9681358897989576,0.361,0.917
GO:0090085,26,GO:0051246,8,3,regulation of protein deubiquitination,regulation of protein metabolic process,0.8942639612807148,0.3595238095238096,0.671
GO:0032790,108,GO:0022411,8,8,ribosome disassembly,cellular component disassembly,0.9421926656738645,0.35902222222222224,0.776
GO:0032252,75,GO:0051640,8,24,secretory granule localization,organelle localization,0.9532747580044676,0.35431506849315064,0.795
GO:1901977,46,GO:0007049,8,3,negative regulation of cell cycle checkpoint,cell cycle,0.856545234549516,0.348890625,0.507
GO:0031663,82,GO:0009607,8,1,lipopolysaccharide-mediated signaling pathway,response to biotic stimulus,0.9137513030528667,0.3461666666666666,0.535
GO:0098877,124,GO:0031503,8,1,neurotransmitter receptor transport to plasma membrane,protein-containing complex localization,0.9333812360387193,0.34016666666666673,0.745
GO:1990182,234,GO:0140112,8,1,exosomal secretion,extracellular vesicle biogenesis,0.9036656738644825,0.33333333333333337,1
GO:0046209,225,GO:2001057,8,1,nitric oxide metabolic process,reactive nitrogen species metabolic process,0.9682693596425912,0.33333333333333337,1
GO:0060297,96,GO:0030029,8,12,regulation of sarcomere organization,actin filament-based process,0.8522784810126582,0.32984210526315794,0.715
GO:1901096,108,GO:0022411,8,3,regulation of autophagosome maturation,cellular component disassembly,0.8494614668652272,0.32782222222222224,0.718
GO:1901018,31,GO:0032879,8,9,positive regulation of potassium ion transmembrane transporter activity,regulation of localization,0.8746922933730454,0.31936,0.667
GO:0046135,37,GO:0044248,8,5,pyrimidine nucleoside catabolic process,cellular catabolic process,0.8841154132539092,0.31786666666666674,0.446
GO:0048668,67,GO:0040008,8,7,collateral sprouting,regulation of growth,0.9050253164556962,0.31381578947368416,0.697
GO:2000252,25,GO:0051239,8,8,negative regulation of feeding behavior,regulation of multicellular organismal process,0.9124056217423678,0.31099999999999994,0.597
GO:0006910,164,GO:0008037,8,2,"phagocytosis, recognition",cell recognition,0.9522883469843634,0.3034444444444444,0.827
GO:0000101,200,GO:0072348,8,2,sulfur amino acid transport,sulfur compound transport,0.953864668652271,0.3023,0.855
GO:1903894,16,GO:0048583,8,3,regulation of IRE1-mediated unfolded protein response,regulation of response to stimulus,0.9034463886820551,0.29960869565217396,0.569
GO:0010566,171,GO:0010565,8,1,regulation of ketone biosynthetic process,regulation of ketone metabolic process,0.885906366344006,0.2981111111111111,0.837
GO:0071294,110,GO:0010038,8,4,cellular response to zinc ion,response to metal ion,0.9534545793000745,0.29808,0.766
GO:0000290,71,GO:0016071,8,5,deadenylation-dependent decapping of nuclear-transcribed mRNA,mRNA metabolic process,0.8273905435591958,0.2949655172413793,0.651
GO:0031507,83,GO:0006325,8,55,heterochromatin formation,chromatin organization,0.8363427029039464,0.288875,0.822
GO:0007000,151,GO:0006997,8,4,nucleolus organization,nucleus organization,0.9466887565152643,0.28580000000000005,0.807
GO:0070935,71,GO:0016071,8,5,3'-UTR-mediated mRNA stabilization,mRNA metabolic process,0.8273181310498883,0.2827586206896552,0.644
GO:0060149,90,GO:0010608,8,4,negative regulation of post-transcriptional gene silencing,post-transcriptional regulation of gene expression,0.8688734177215189,0.28180952380952384,0.686
GO:0071554,238,GO:0071554,8,8,cell wall organization or biogenesis,cell wall organization or biogenesis,0.9927641474311244,0.27749999999999997,0
GO:0044036,238,GO:0071554,8,8,cell wall macromolecule metabolic process,cell wall organization or biogenesis,0.9562987714072971,0.27749999999999997,1
GO:0045723,171,GO:0010565,8,2,positive regulation of fatty acid biosynthetic process,regulation of ketone metabolic process,0.8489946016381236,0.27688888888888885,0.87
GO:0046487,178,GO:0006081,8,5,glyoxylate metabolic process,aldehyde metabolic process,0.9272585629188385,0.27581818181818185,0.889
GO:0070291,189,GO:0009308,8,7,N-acylethanolamine metabolic process,amine metabolic process,0.9260787416232316,0.26735,0.863
GO:0006020,126,GO:0006066,8,4,inositol metabolic process,alcohol metabolic process,0.9297414370811616,0.25609375,0.816
GO:1902284,67,GO:0040008,8,26,neuron projection extension involved in neuron projection guidance,regulation of growth,0.8950024199553239,0.2460526315789474,0.787
GO:0048846,67,GO:0040008,8,26,axon extension involved in axon guidance,regulation of growth,0.8949030156366344,0.24492105263157893,0.787
GO:0019430,99,GO:0006979,8,6,removal of superoxide radicals,response to oxidative stress,0.9131422189128816,0.20835294117647063,0.769
GO:1900194,105,GO:0021700,8,7,negative regulation of oocyte maturation,developmental maturation,0.8793946388682055,0.19754545454545458,0.844
GO:1902894,204,GO:1902893,8,1,negative regulation of miRNA transcription,regulation of miRNA transcription,0.8833771407297096,0.18059999999999998,0.929
GO:0045577,92,GO:0030097,8,1,regulation of B cell differentiation,hemopoiesis,0.9022993298585257,0.07577777777777772,0.966
GO:0097264,199,GO:0033619,7,2,self proteolysis,membrane protein proteolysis,0.9486887565152643,0.6946666666666667,0.395
GO:0015669,9,GO:0051179,7,25,gas transport,localization,0.9608188756515265,0.618,0.355
GO:0001325,70,GO:0006259,7,1,formation of extrachromosomal circular DNA,DNA metabolic process,0.9024102755026061,0.5981944444444445,0.518
GO:0090656,70,GO:0006259,7,1,t-circle formation,DNA metabolic process,0.8940349962769918,0.5947222222222222,0.518
GO:0036500,20,GO:0023052,7,7,ATF6-mediated unfolded protein response,signaling,0.9146152271034996,0.59309,0.376
GO:0090251,23,GO:0009653,7,1,protein localization involved in establishment of planar polarity,anatomical structure morphogenesis,0.9209871556217424,0.5813461538461538,0.464
GO:0046951,63,GO:0006629,7,1,ketone body biosynthetic process,lipid metabolic process,0.9154069247952346,0.5801646341463415,0.477
GO:0008063,53,GO:0007166,7,2,Toll signaling pathway,cell surface receptor signaling pathway,0.9285134028294862,0.5632881355932203,0.566
GO:0061355,29,GO:0033036,7,3,Wnt protein secretion,macromolecule localization,0.8926180193596426,0.562274193548387,0.516
GO:0099515,115,GO:0051169,7,1,actin filament-based transport,nuclear transport,0.9491193224125093,0.5532807017543859,0.466
GO:0034454,155,GO:0031023,7,1,microtubule anchoring at centrosome,microtubule organizing center organization,0.9443609456440805,0.5418297872340425,0.513
GO:2001044,53,GO:0007166,7,2,regulation of integrin-mediated signaling pathway,cell surface receptor signaling pathway,0.9148473566641847,0.5352542372881356,0.566
GO:0016114,63,GO:0006629,7,2,terpenoid biosynthetic process,lipid metabolic process,0.9382345495160089,0.5335487804878049,0.518
GO:0033540,63,GO:0006629,7,7,fatty acid beta-oxidation using acyl-CoA oxidase,lipid metabolic process,0.8979022710349963,0.5325731707317073,0.592
GO:0035372,29,GO:0033036,7,3,protein localization to microtubule,macromolecule localization,0.9459780342516754,0.5325,0.495
GO:0006670,63,GO:0006629,7,6,sphingosine metabolic process,lipid metabolic process,0.9163879374534624,0.531469512195122,0.548
GO:0048268,36,GO:0043933,7,4,clathrin coat assembly,protein-containing complex organization,0.9424523454951601,0.5215483870967742,0.619
GO:0060625,19,GO:0043412,7,7,regulation of protein deneddylation,macromolecule modification,0.8890299702159344,0.5200957446808511,0.52
GO:0043622,155,GO:0031023,7,1,cortical microtubule organization,microtubule organizing center organization,0.9425046537602383,0.5173617021276595,0.513
GO:0071709,17,GO:0044085,7,15,membrane assembly,cellular component biogenesis,0.9337740134028295,0.5168823529411765,0.583
GO:0009214,76,GO:0055086,7,2,cyclic nucleotide catabolic process,nucleobase-containing small molecule metabolic process,0.9004821295606851,0.516539393939394,0.569
GO:0048611,11,GO:0048731,7,6,embryonic ectodermal digestive tract development,system development,0.948948808637379,0.5164042553191489,0.543
GO:0009249,19,GO:0043412,7,2,protein lipoylation,macromolecule modification,0.9333466120625465,0.5153723404255319,0.47
GO:0050427,76,GO:0055086,7,1,3'-phosphoadenosine 5'-phosphosulfate metabolic process,nucleobase-containing small molecule metabolic process,0.9019091586001489,0.5100727272727272,0.541
GO:1903540,29,GO:0033036,7,1,establishment of protein localization to postsynaptic membrane,macromolecule localization,0.9432701042442293,0.507266129032258,0.48
GO:0046520,63,GO:0006629,7,6,sphingoid biosynthetic process,lipid metabolic process,0.935370997766195,0.5060182926829269,0.548
GO:0099638,29,GO:0033036,7,3,endosome to plasma membrane protein transport,macromolecule localization,0.9290053983618765,0.5046693548387097,0.507
GO:0000395,59,GO:0006396,7,3,mRNA 5'-splice site recognition,RNA processing,0.8817285927029039,0.5035937500000001,0.536
GO:0043137,70,GO:0006259,7,9,"DNA replication, removal of RNA primer",DNA metabolic process,0.9126491064780342,0.5034537037037037,0.612
GO:0071468,47,GO:0009628,7,1,cellular response to acidic pH,response to abiotic stimulus,0.9622814594192107,0.50275,0.571
GO:0015959,76,GO:0055086,7,3,diadenosine polyphosphate metabolic process,nucleobase-containing small molecule metabolic process,0.9084676098287416,0.5008060606060606,0.599
GO:0009820,240,GO:0009820,7,2,alkaloid metabolic process,alkaloid metabolic process,0.9672674981384959,0.5,0
GO:0006538,35,GO:0044281,7,2,glutamate catabolic process,small molecule metabolic process,0.912340841399851,0.49488750000000004,0.456
GO:0046512,63,GO:0006629,7,6,sphingosine biosynthetic process,lipid metabolic process,0.90571425912137,0.4943475609756097,0.548
GO:0006272,70,GO:0006259,7,4,leading strand elongation,DNA metabolic process,0.9356625093075205,0.49397222222222226,0.573
GO:2000622,32,GO:0009056,7,1,"regulation of nuclear-transcribed mRNA catabolic process, nonsense-mediated decay",catabolic process,0.8687905807892777,0.49260000000000004,0.431
GO:0051923,111,GO:0006790,7,3,sulfation,sulfur compound metabolic process,0.9600958674609084,0.49071428571428566,0.656
GO:0070966,32,GO:0009056,7,1,"nuclear-transcribed mRNA catabolic process, no-go decay",catabolic process,0.8674739389426657,0.4887111111111111,0.454
GO:0000972,57,GO:0051276,7,6,transcription-dependent tethering of RNA polymerase II gene DNA at nuclear periphery,chromosome organization,0.9434417349218168,0.48711904761904756,0.676
GO:0045988,55,GO:0003008,7,1,negative regulation of striated muscle contraction,system process,0.9204478778853313,0.48519999999999996,0.511
GO:0006531,35,GO:0044281,7,4,aspartate metabolic process,small molecule metabolic process,0.9200752047654505,0.48378750000000004,0.491
GO:0006522,116,GO:0006520,7,2,alanine metabolic process,amino acid metabolic process,0.9255912137006701,0.47964285714285715,0.609
GO:0046439,111,GO:0006790,7,1,L-cysteine metabolic process,sulfur compound metabolic process,0.9245724125093076,0.47738095238095235,0.609
GO:0035794,13,GO:0065008,7,9,positive regulation of mitochondrial membrane permeability,regulation of biological quality,0.8753533134772896,0.47410144927536235,0.618
GO:0033700,177,GO:0015748,7,1,phospholipid efflux,organophosphate ester transport,0.9552220774385703,0.47350000000000003,0.702
GO:0006657,63,GO:0006629,7,10,CDP-choline pathway,lipid metabolic process,0.9127983991064781,0.47053048780487805,0.589
GO:0090737,57,GO:0051276,7,1,telomere maintenance via telomere trimming,chromosome organization,0.9007483246463143,0.46950000000000003,0.596
GO:0090657,57,GO:0051276,7,1,telomeric loop disassembly,chromosome organization,0.9009421072226359,0.46950000000000003,0.596
GO:1904781,29,GO:0033036,7,3,positive regulation of protein localization to centrosome,macromolecule localization,0.8846187639612807,0.46879838709677424,0.495
GO:1903566,29,GO:0033036,7,3,positive regulation of protein localization to cilium,macromolecule localization,0.8846185778108712,0.4687903225806451,0.495
GO:0070071,36,GO:0043933,7,7,proton-transporting two-sector ATPase complex assembly,protein-containing complex organization,0.9392781087118391,0.46864516129032263,0.659
GO:0090038,20,GO:0023052,7,7,negative regulation of protein kinase C signaling,signaling,0.8903935219657483,0.46695,0.376
GO:0007189,18,GO:0007154,7,16,adenylate cyclase-activating G protein-coupled receptor signaling pathway,cell communication,0.9209623976172747,0.46386666666666665,0.411
GO:0016078,32,GO:0009056,7,6,tRNA decay,catabolic process,0.9181548771407297,0.46224444444444446,0.496
GO:0034205,74,GO:0043603,7,3,amyloid-beta formation,amide metabolic process,0.9439437825763217,0.4606,0.683
GO:0046085,58,GO:1901135,7,2,adenosine metabolic process,carbohydrate derivative metabolic process,0.9093246463142219,0.46013000000000004,0.535
GO:1900150,121,GO:0044419,7,2,regulation of defense response to fungus,biological process involved in interspecies interaction between organisms,0.9222751303052866,0.4582222222222222,0.56
GO:0035635,121,GO:0044419,7,1,entry of bacterium into host cell,biological process involved in interspecies interaction between organisms,0.9944069247952345,0.4565555555555556,0.533
GO:0032225,81,GO:0007267,7,1,"regulation of synaptic transmission, dopaminergic",cell-cell signaling,0.9361345867460908,0.45307692307692304,0.562
GO:1902804,75,GO:0051640,7,1,negative regulation of synaptic vesicle transport,organelle localization,0.8856811243484736,0.4522191780821918,0.59
GO:0033563,49,GO:0030030,7,26,dorsal/ventral axon guidance,cell projection organization,0.8961727475800447,0.4487777777777777,0.708
GO:0010752,20,GO:0023052,7,9,regulation of cGMP-mediated signaling,signaling,0.9011548771407297,0.44830000000000003,0.412
GO:0032534,49,GO:0030030,7,1,regulation of microvillus assembly,cell projection organization,0.9038270662695458,0.44553703703703706,0.519
GO:0090328,55,GO:0003008,7,2,regulation of olfactory learning,system process,0.900018242740134,0.44168571428571424,0.537
GO:0010606,17,GO:0044085,7,1,positive regulation of cytoplasmic mRNA processing body assembly,cellular component biogenesis,0.8857689873417721,0.4338235294117647,0.452
GO:0046385,34,GO:0006793,7,4,deoxyribose phosphate biosynthetic process,phosphorus metabolic process,0.9167341772151899,0.4325918367346939,0.538
GO:0060279,30,GO:0022414,7,7,positive regulation of ovulation,reproductive process,0.9054932985852568,0.4318888888888889,0.498
GO:0043558,90,GO:0010608,7,1,regulation of translational initiation in response to stress,post-transcriptional regulation of gene expression,0.8761634400595681,0.4315714285714286,0.624
GO:0051490,24,GO:0051128,7,1,negative regulation of filopodium assembly,regulation of cellular component organization,0.8871500372300819,0.43071875000000004,0.524
GO:0099563,127,GO:0050808,7,1,modification of synaptic structure,synapse organization,0.9548814221891289,0.42817777777777777,0.689
GO:0046348,58,GO:1901135,7,9,amino sugar catabolic process,carbohydrate derivative metabolic process,0.9280139612807148,0.42743,0.625
GO:0051256,46,GO:0007049,7,7,mitotic spindle midzone assembly,cell cycle,0.9073909158600149,0.42653906249999995,0.542
GO:0031987,65,GO:0007610,7,40,locomotion involved in locomotory behavior,behavior,0.9660268056589725,0.4263125,0.703
GO:0050922,38,GO:0009605,7,4,negative regulation of chemotaxis,response to external stimulus,0.8941226731198808,0.4178666666666667,0.584
GO:0010511,63,GO:0006629,7,4,regulation of phosphatidylinositol biosynthetic process,lipid metabolic process,0.8681373790022338,0.41731097560975605,0.548
GO:1905332,33,GO:0009888,7,1,positive regulation of morphogenesis of an epithelium,tissue development,0.9168453090096799,0.41671698113207545,0.639
GO:0006000,109,GO:0005975,7,3,fructose metabolic process,carbohydrate metabolic process,0.9285098659717052,0.41474999999999995,0.639
GO:1905244,127,GO:0050808,7,1,regulation of modification of synaptic structure,synapse organization,0.907699180938198,0.4139333333333334,0.689
GO:0009078,116,GO:0006520,7,9,pyruvate family amino acid metabolic process,amino acid metabolic process,0.9163983618763961,0.412625,0.706
GO:0006572,116,GO:0006520,7,8,tyrosine catabolic process,amino acid metabolic process,0.9037280342516754,0.4114285714285715,0.697
GO:0051177,57,GO:0051276,7,14,meiotic sister chromatid cohesion,chromosome organization,0.9262403201787044,0.4099761904761905,0.73
GO:1990709,127,GO:0050808,7,2,presynaptic active zone organization,synapse organization,0.9531496649292628,0.4080222222222222,0.72
GO:2000304,74,GO:0043603,7,2,positive regulation of ceramide biosynthetic process,amide metabolic process,0.8391370067014148,0.4074,0.664
GO:0030538,15,GO:0048513,7,4,embryonic genitalia morphogenesis,animal organ development,0.9442600521221147,0.4068823529411765,0.604
GO:0070142,77,GO:0061024,7,4,synaptic vesicle budding,membrane organization,0.8948145941921072,0.4047674418604651,0.67
GO:0009265,34,GO:0006793,7,4,2'-deoxyribonucleotide biosynthetic process,phosphorus metabolic process,0.8872014147431124,0.40279591836734696,0.538
GO:0019695,160,GO:0097164,7,3,choline metabolic process,ammonium ion metabolic process,0.9662414370811616,0.4023333333333333,0.902
GO:0061066,28,GO:0050793,7,12,positive regulation of dauer larval development,regulation of developmental process,0.8997367833209233,0.401156862745098,0.615
GO:0033313,46,GO:0007049,7,3,meiotic cell cycle checkpoint signaling,cell cycle,0.8792237527922562,0.4007890625,0.486
GO:1901978,46,GO:0007049,7,3,positive regulation of cell cycle checkpoint,cell cycle,0.8613255770662696,0.3917421875,0.486
GO:0032230,81,GO:0007267,7,4,"positive regulation of synaptic transmission, GABAergic",cell-cell signaling,0.9118481012658228,0.3911538461538462,0.64
GO:0035973,129,GO:0061919,7,12,aggrephagy,process utilizing autophagic mechanism,0.9439892032762472,0.38826666666666665,0.755
GO:0044771,46,GO:0007049,7,17,meiotic cell cycle phase transition,cell cycle,0.9527224497393895,0.38663281250000003,0.567
GO:0030049,96,GO:0030029,7,1,muscle filament sliding,actin filament-based process,0.9620459791511541,0.385421052631579,0.626
GO:0090232,46,GO:0007049,7,3,positive regulation of spindle checkpoint,cell cycle,0.8611411020104245,0.385296875,0.486
GO:0043504,93,GO:0007005,7,1,mitochondrial DNA repair,mitochondrion organization,0.873240506329114,0.38452,0.669
GO:0001881,179,GO:0043112,7,2,receptor recycling,receptor metabolic process,0.9598030528667163,0.3843333333333333,0.932
GO:0046689,110,GO:0010038,7,2,response to mercury ion,response to metal ion,0.9678957557706627,0.38371999999999995,0.732
GO:0051306,46,GO:0007049,7,29,mitotic sister chromatid separation,cell cycle,0.9156492926284437,0.38314843750000005,0.62
GO:0071265,116,GO:0006520,7,5,L-methionine biosynthetic process,amino acid metabolic process,0.902867833209233,0.3816071428571428,0.697
GO:0010960,45,GO:0042592,7,5,magnesium ion homeostasis,homeostatic process,0.9906861504095309,0.38142424242424244,0.73
GO:0061792,98,GO:0010256,7,5,secretory granule maturation,endomembrane system organization,0.9216064780342517,0.3775294117647059,0.726
GO:0030007,45,GO:0042592,7,8,intracellular potassium ion homeostasis,homeostatic process,0.9905979151154133,0.3762121212121212,0.712
GO:0006883,45,GO:0042592,7,8,intracellular sodium ion homeostasis,homeostatic process,0.990590096798213,0.37557575757575756,0.712
GO:0046836,193,GO:1901264,7,1,glycolipid transport,carbohydrate derivative transport,0.9543237155621742,0.37006666666666665,0.762
GO:0015812,184,GO:0006865,7,7,gamma-aminobutyric acid transport,amino acid transport,0.9518291139240507,0.37,0.784
GO:0045186,127,GO:0050808,7,1,zonula adherens assembly,synapse organization,0.9465757632166791,0.3694222222222222,0.66
GO:1990253,84,GO:0031667,7,1,cellular response to leucine starvation,response to nutrient levels,0.9590351824274014,0.36642857142857144,0.717
GO:1904810,31,GO:0032879,7,6,negative regulation of dense core granule transport,regulation of localization,0.8706494787788533,0.3629066666666667,0.646
GO:0036444,133,GO:0006839,7,4,calcium import into the mitochondrion,mitochondrial transport,0.950668279970216,0.358,0.794
GO:0003384,33,GO:0009888,7,2,apical constriction involved in gastrulation,tissue development,0.9398581533879374,0.35594339622641513,0.669
GO:0003381,33,GO:0009888,7,2,epithelial cell morphogenesis involved in gastrulation,tissue development,0.9461731198808637,0.35594339622641513,0.669
GO:0051151,94,GO:0061061,7,1,negative regulation of smooth muscle cell differentiation,muscle structure development,0.9060456068503351,0.35329999999999995,0.678
GO:0048313,224,GO:0048308,7,1,Golgi inheritance,organelle inheritance,0.950080975428146,0.3516666666666667,0.945
GO:0015889,206,GO:0051180,7,1,cobalamin transport,vitamin transport,0.9610657110945644,0.35119999999999996,0.861
GO:0035279,62,GO:0009894,7,3,miRNA-mediated gene silencing by mRNA destabilization,regulation of catabolic process,0.8362161206254654,0.3491363636363637,0.714
GO:0006817,185,GO:0015698,7,15,phosphate ion transport,inorganic anion transport,0.960809940431869,0.34871428571428575,0.822
GO:0070920,10,GO:0048519,7,4,regulation of regulatory ncRNA processing,negative regulation of biological process,0.8723235294117647,0.34818518518518515,0.488
GO:0035435,185,GO:0015698,7,14,phosphate ion transmembrane transport,inorganic anion transport,0.9513330230826508,0.34771428571428575,0.799
GO:1901993,46,GO:0007049,7,13,regulation of meiotic cell cycle phase transition,cell cycle,0.9095564035740878,0.3465859375,0.554
GO:1903798,10,GO:0048519,7,3,regulation of miRNA processing,negative regulation of biological process,0.8743052866716307,0.34585185185185185,0.477
GO:2000002,46,GO:0007049,7,3,negative regulation of DNA damage checkpoint,cell cycle,0.8492855547282204,0.345140625,0.507
GO:0048382,33,GO:0009888,7,7,mesendoderm development,tissue development,0.9692118391660461,0.34388679245283016,0.738
GO:0035278,90,GO:0010608,7,3,miRNA-mediated gene silencing by inhibition of translation,post-transcriptional regulation of gene expression,0.8752836932241251,0.3434761904761905,0.672
GO:0070995,163,GO:0072524,7,1,NADPH oxidation,pyridine-containing compound metabolic process,0.9130322040208488,0.34304761904761905,0.703
GO:0044539,156,GO:0046942,7,2,long-chain fatty acid import into cell,carboxylic acid transport,0.9470534251675353,0.34278571428571425,0.707
GO:1902018,24,GO:0051128,7,3,negative regulation of cilium assembly,regulation of cellular component organization,0.8732857408786299,0.34053125000000006,0.568
GO:0015937,95,GO:0072521,7,6,coenzyme A biosynthetic process,purine-containing compound metabolic process,0.8886128071481757,0.33720000000000006,0.709
GO:0042395,162,GO:0042303,7,16,"ecdysis, collagen and cuticulin-based cuticle",molting cycle,0.9767903946388682,0.33575,0.831
GO:0016188,105,GO:0021700,7,2,synaptic vesicle maturation,developmental maturation,0.9296396128071481,0.33572727272727276,0.771
GO:0070475,149,GO:0009451,7,7,rRNA base methylation,RNA modification,0.8752209605361132,0.3342352941176471,0.769
GO:0071941,239,GO:0071941,7,1,nitrogen cycle metabolic process,nitrogen cycle metabolic process,0.9682693596425912,0.33333333333333337,0
GO:0019627,239,GO:0071941,7,1,urea metabolic process,nitrogen cycle metabolic process,0.9369294489947878,0.33333333333333337,1
GO:0006809,225,GO:2001057,7,1,nitric oxide biosynthetic process,reactive nitrogen species metabolic process,0.9574480640357409,0.33333333333333337,1
GO:0000050,239,GO:0071941,7,1,urea cycle,nitrogen cycle metabolic process,0.9288199925539836,0.33333333333333337,1
GO:0000423,129,GO:0061919,7,26,mitophagy,process utilizing autophagic mechanism,0.9415201042442294,0.32686666666666664,0.797
GO:1990359,110,GO:0010038,7,3,stress response to zinc ion,response to metal ion,0.9606982501861504,0.32536,0.766
GO:1902237,48,GO:0043067,7,1,positive regulation of endoplasmic reticulum stress-induced intrinsic apoptotic signaling pathway,regulation of programmed cell death,0.8896278853313477,0.32408000000000003,0.676
GO:2000193,156,GO:0046942,7,1,positive regulation of fatty acid transport,carboxylic acid transport,0.8964294489947878,0.32039285714285715,0.677
GO:0032324,12,GO:0019538,7,9,molybdopterin cofactor biosynthetic process,protein metabolic process,0.913830975428146,0.31985714285714284,0.432
GO:0051189,12,GO:0019538,7,9,prosthetic group metabolic process,protein metabolic process,0.9419465748324647,0.31785714285714284,0.436
GO:0043545,12,GO:0019538,7,9,molybdopterin cofactor metabolic process,protein metabolic process,0.9199367088607595,0.31785714285714284,0.436
GO:0085029,148,GO:0030198,7,2,extracellular matrix assembly,extracellular matrix organization,0.9475906552494415,0.31599999999999995,0.803
GO:0015811,200,GO:0072348,7,1,L-cystine transport,sulfur compound transport,0.9534627699180939,0.31520000000000004,0.835
GO:0071689,60,GO:0032989,7,5,muscle thin filament assembly,cellular anatomical entity morphogenesis,0.8960677587490693,0.310875,0.845
GO:0035720,124,GO:0031503,7,7,intraciliary anterograde transport,protein-containing complex localization,0.8890204765450485,0.3105416666666666,0.836
GO:1903715,104,GO:0006091,7,3,regulation of aerobic respiration,generation of precursor metabolites and energy,0.9168925912137007,0.3057826086956522,0.688
GO:0008655,208,GO:0043094,7,4,pyrimidine-containing compound salvage,metabolic compound salvage,0.9302956068503351,0.30500000000000005,0.881
GO:0001188,197,GO:0006360,7,3,RNA polymerase I preinitiation complex assembly,transcription by RNA polymerase I,0.8849573715562175,0.29933333333333334,0.88
GO:0098969,124,GO:0031503,7,1,neurotransmitter receptor transport to postsynaptic membrane,protein-containing complex localization,0.8964672375279226,0.29529166666666673,0.745
GO:0031118,149,GO:0009451,7,6,rRNA pseudouridine synthesis,RNA modification,0.878544862248697,0.29070588235294115,0.749
GO:0090267,46,GO:0007049,7,3,positive regulation of mitotic cell cycle spindle assembly checkpoint,cell cycle,0.8204223752792257,0.289203125,0.486
GO:0046184,178,GO:0006081,7,3,aldehyde biosynthetic process,aldehyde metabolic process,0.952078183172003,0.28654545454545455,0.866
GO:2001138,140,GO:0010876,7,1,regulation of phospholipid transport,lipid localization,0.9131755398361876,0.28035999999999994,0.67
GO:0045329,152,GO:0006575,7,2,carnitine biosynthetic process,modified amino acid metabolic process,0.9515575204765451,0.2754615384615384,0.761
GO:0006578,152,GO:0006575,7,2,amino-acid betaine biosynthetic process,modified amino acid metabolic process,0.9515575204765451,0.2754615384615384,0.761
GO:2001140,140,GO:0010876,7,1,positive regulation of phospholipid transport,lipid localization,0.8990067014147431,0.27436000000000005,0.67
GO:0006123,104,GO:0006091,7,7,"mitochondrial electron transport, cytochrome c to oxygen",generation of precursor metabolites and energy,0.9590132166790767,0.2730869565217391,0.767
GO:0009052,178,GO:0006081,7,3,"pentose-phosphate shunt, non-oxidative branch",aldehyde metabolic process,0.8954380119136263,0.2691818181818182,0.866
GO:0015813,184,GO:0006865,7,12,L-glutamate transmembrane transport,amino acid transport,0.941521034996277,0.26387499999999997,0.82
GO:1901374,226,GO:0014056,7,19,acetate ester transport,"regulation of acetylcholine secretion, neurotransmission",0.9611963886820551,0.263,0.971
GO:0015870,226,GO:0014056,7,19,acetylcholine transport,"regulation of acetylcholine secretion, neurotransmission",0.9518767684288906,0.263,0.971
GO:0051580,139,GO:0006836,7,1,regulation of neurotransmitter uptake,neurotransmitter transport,0.9201699553239017,0.2491428571428571,0.686
GO:0071981,205,GO:0022611,7,11,exit from diapause,dormancy process,0.9755065152643336,0.24477777777777776,0.893
GO:0043054,205,GO:0022611,7,11,dauer exit,dormancy process,0.9615860014892033,0.24477777777777776,0.893
GO:0008348,41,GO:0002376,7,2,negative regulation of antimicrobial humoral response,immune system process,0.8990621742367834,0.23760000000000003,0.614
GO:0039532,41,GO:0002376,7,2,negative regulation of cytoplasmic pattern recognition receptor signaling pathway,immune system process,0.8701396128071481,0.22599999999999998,0.614
GO:0046485,218,GO:0006730,7,3,ether lipid metabolic process,one-carbon metabolic process,0.9228955696202532,0.224375,0.353
GO:0006662,218,GO:0006730,7,3,glycerol ether metabolic process,one-carbon metabolic process,0.935150409530901,0.224375,0.353
GO:0035999,202,GO:0042558,7,5,tetrahydrofolate interconversion,pteridine-containing compound metabolic process,0.930294862248697,0.20727272727272728,0.906
GO:0006596,189,GO:0009308,7,4,polyamine biosynthetic process,amine metabolic process,0.9467939314966493,0.1977,0.886
GO:0009396,202,GO:0042558,7,4,folic acid-containing compound biosynthetic process,pteridine-containing compound metabolic process,0.9491816827997022,0.19254545454545458,0.906
GO:0019646,104,GO:0006091,7,43,aerobic electron transport chain,generation of precursor metabolites and energy,0.9543507073715563,0.1908260869565217,0.877
GO:0042723,167,GO:0006766,7,1,thiamine-containing compound metabolic process,vitamin metabolic process,0.9260621742367833,0.18676470588235294,0.91
GO:0071051,222,GO:0016074,7,6,poly(A)-dependent snoRNA 3'-end processing,sno(s)RNA metabolic process,0.9280277364110201,0.18354545454545457,0.97
GO:0070098,86,GO:0034097,7,1,chemokine-mediated signaling pathway,response to cytokine,0.923605547282204,0.18199999999999994,0.917
GO:0051208,131,GO:0051235,7,9,sequestering of calcium ion,maintenance of location,0.9399856664184661,0.17537500000000006,0.914
GO:0042423,181,GO:0018958,7,5,catecholamine biosynthetic process,phenol-containing compound metabolic process,0.9458741623231571,0.15292307692307694,0.922
GO:0009713,181,GO:0018958,7,5,catechol-containing compound biosynthetic process,phenol-containing compound metabolic process,0.9486811243484735,0.15292307692307694,0.922
GO:2000628,204,GO:1902893,7,5,regulation of miRNA metabolic process,regulation of miRNA transcription,0.8960809754281459,0.14600000000000002,0.987
GO:0043249,92,GO:0030097,7,1,erythrocyte maturation,hemopoiesis,0.9398466120625465,0.10144444444444445,0.966
GO:0045579,92,GO:0030097,7,1,positive regulation of B cell differentiation,hemopoiesis,0.887686895011169,0.07577777777777772,0.966
GO:1990845,242,GO:1990845,6,1,adaptive thermogenesis,adaptive thermogenesis,0.9686163440059569,1,0
GO:1990834,14,GO:0042221,6,15,response to odorant,response to chemical,0.9652442293373046,0.6269193548387098,0.569
GO:0018158,19,GO:0043412,6,4,protein oxidation,macromolecule modification,0.9416952717795979,0.6240744680851064,0.506
GO:0006863,43,GO:0071705,6,1,purine nucleobase transport,nitrogen compound transport,0.9613559195830231,0.6161,0.499
GO:0097720,20,GO:0023052,6,2,calcineurin-mediated signaling,signaling,0.9254424795234549,0.6002000000000001,0.349
GO:0045008,70,GO:0006259,6,1,depyrimidination,DNA metabolic process,0.8516360759493671,0.5795,0.518
GO:0048755,23,GO:0009653,6,2,branching morphogenesis of a nerve,anatomical structure morphogenesis,0.9594082278481013,0.5754615384615385,0.489
GO:0006002,34,GO:0006793,6,5,fructose 6-phosphate metabolic process,phosphorus metabolic process,0.9329475055845122,0.5749183673469388,0.51
GO:1901569,63,GO:0006629,6,2,fatty acid derivative catabolic process,lipid metabolic process,0.935397244973939,0.5714878048780487,0.502
GO:0014019,11,GO:0048731,6,2,neuroblast development,system development,0.9517777364110201,0.5699148936170213,0.476
GO:0036499,20,GO:0023052,6,24,PERK-mediated unfolded protein response,signaling,0.9075558451228593,0.56029,0.426
GO:0019348,63,GO:0006629,6,2,dolichol metabolic process,lipid metabolic process,0.9194277736411021,0.5600975609756098,0.53
GO:0070198,29,GO:0033036,6,1,"protein localization to chromosome, telomeric region",macromolecule localization,0.9490867460908414,0.5599354838709678,0.456
GO:0106074,13,GO:0065008,6,8,aminoacyl-tRNA metabolism involved in translational fidelity,regulation of biological quality,0.8985564035740878,0.5562028985507246,0.612
GO:0042148,70,GO:0006259,6,3,DNA strand invasion,DNA metabolic process,0.9377889054355919,0.5539166666666666,0.561
GO:0000301,40,GO:0016192,6,1,"retrograde transport, vesicle recycling within Golgi",vesicle-mediated transport,0.9568575949367089,0.5517777777777777,0.491
GO:0007084,17,GO:0044085,6,3,mitotic nuclear membrane reassembly,cellular component biogenesis,0.9148708116157855,0.5511764705882353,0.52
GO:0045046,115,GO:0051169,6,2,protein import into peroxisome membrane,nuclear transport,0.8970362993298585,0.5508421052631579,0.487
GO:0018197,19,GO:0043412,6,1,peptidyl-aspartic acid modification,macromolecule modification,0.9446690245718541,0.5418936170212766,0.446
GO:0052646,34,GO:0006793,6,6,alditol phosphate metabolic process,phosphorus metabolic process,0.9308350707371557,0.5413673469387755,0.53
GO:1903830,72,GO:0006811,6,2,magnesium ion transmembrane transport,monoatomic ion transport,0.9558950111690245,0.5321162790697674,0.465
GO:0006837,43,GO:0071705,6,4,serotonin transport,nitrogen compound transport,0.9546798212956068,0.521575,0.572
GO:0051131,36,GO:0043933,6,3,chaperone-mediated protein complex assembly,protein-containing complex organization,0.9424523454951601,0.5215483870967742,0.619
GO:1902414,29,GO:0033036,6,35,protein localization to cell junction,macromolecule localization,0.9389674236783321,0.5175000000000001,0.617
GO:0043570,57,GO:0051276,6,3,maintenance of DNA repeat elements,chromosome organization,0.895544862248697,0.517047619047619,0.643
GO:0140115,106,GO:0098660,6,11,export across plasma membrane,inorganic ion transmembrane transport,0.9487950483991064,0.5155000000000001,0.467
GO:0042780,59,GO:0006396,6,1,tRNA 3'-end processing,RNA processing,0.9289704020848846,0.51534375,0.524
GO:0090735,36,GO:0043933,6,3,DNA repair complex assembly,protein-containing complex organization,0.9431932241250931,0.5120645161290323,0.605
GO:0006198,76,GO:0055086,6,1,cAMP catabolic process,nucleobase-containing small molecule metabolic process,0.8966344005956813,0.5119878787878788,0.541
GO:0006591,116,GO:0006520,6,1,ornithine metabolic process,amino acid metabolic process,0.9286020104244229,0.51125,0.581
GO:0030050,115,GO:0051169,6,1,vesicle transport along actin filament,nuclear transport,0.9376982501861504,0.5090877192982456,0.466
GO:0007214,81,GO:0007267,6,4,gamma-aminobutyric acid signaling pathway,cell-cell signaling,0.944138495904691,0.5089230769230769,0.62
GO:0032924,53,GO:0007166,6,3,activin receptor signaling pathway,cell surface receptor signaling pathway,0.9258391660461653,0.5084576271186441,0.583
GO:0000706,70,GO:0006259,6,5,meiotic DNA double-strand break processing,DNA metabolic process,0.870906366344006,0.5049351851851851,0.592
GO:0010649,231,GO:0010644,6,1,regulation of cell communication by electrical coupling,cell communication by electrical coupling,0.9394132539091586,0.5,1
GO:0006702,13,GO:0065008,6,3,androgen biosynthetic process,regulation of biological quality,0.9023332092330603,0.499,0.566
GO:0070199,29,GO:0033036,6,4,establishment of protein localization to chromosome,macromolecule localization,0.9418328369322413,0.495008064516129,0.516
GO:0006269,70,GO:0006259,6,3,"DNA replication, synthesis of primer",DNA metabolic process,0.9261729337304542,0.494824074074074,0.592
GO:2000623,32,GO:0009056,6,1,"negative regulation of nuclear-transcribed mRNA catabolic process, nonsense-mediated decay",catabolic process,0.8524771034996277,0.49260000000000004,0.431
GO:0006335,83,GO:0006325,6,5,DNA replication-dependent chromatin assembly,chromatin organization,0.9539810126582279,0.490625,0.674
GO:0000467,59,GO:0006396,6,8,"exonucleolytic trimming to generate mature 3'-end of 5.8S rRNA from tricistronic rRNA transcript (SSU-rRNA, 5.8S rRNA, LSU-rRNA)",RNA processing,0.8830860014892032,0.49046875,0.578
GO:1902474,29,GO:0033036,6,6,positive regulation of protein localization to synapse,macromolecule localization,0.881213886820551,0.4901129032258065,0.524
GO:0017062,36,GO:0043933,6,4,respiratory chain complex III assembly,protein-containing complex organization,0.9413306031273269,0.48882258064516126,0.629
GO:1905634,29,GO:0033036,6,2,regulation of protein localization to chromatin,macromolecule localization,0.9021578555472822,0.48879032258064514,0.48
GO:0071073,63,GO:0006629,6,1,positive regulation of phospholipid biosynthetic process,lipid metabolic process,0.8658769545793001,0.48837804878048785,0.477
GO:0007147,39,GO:0044703,6,1,female meiosis II,multi-organism reproductive process,0.9271766567386448,0.4877,0.313
GO:0000019,70,GO:0006259,6,1,regulation of mitotic recombination,DNA metabolic process,0.8997256142963515,0.4865925925925926,0.518
GO:0043634,32,GO:0009056,6,1,polyadenylation-dependent ncRNA catabolic process,catabolic process,0.9285402084884586,0.48391111111111107,0.431
GO:0043633,32,GO:0009056,6,1,polyadenylation-dependent RNA catabolic process,catabolic process,0.9285402084884586,0.48391111111111107,0.431
GO:0006398,71,GO:0016071,6,5,mRNA 3'-end processing by stem-loop binding and cleavage,mRNA metabolic process,0.9264119508562919,0.4834827586206897,0.636
GO:0051969,55,GO:0003008,6,1,regulation of transmission of nerve impulse,system process,0.9143827252419955,0.48298571428571424,0.511
GO:0030590,42,GO:0009790,6,6,first cell cycle pseudocleavage,embryo development,0.962427773641102,0.48145454545454547,0.607
GO:1904382,58,GO:1901135,6,3,mannose trimming involved in glycoprotein ERAD pathway,carbohydrate derivative metabolic process,0.8688328369322412,0.47979000000000005,0.552
GO:0035977,58,GO:1901135,6,3,protein deglycosylation involved in glycoprotein catabolic process,carbohydrate derivative metabolic process,0.9139437825763217,0.47979000000000005,0.552
GO:0046874,35,GO:0044281,6,4,quinolinate metabolic process,small molecule metabolic process,0.9265355547282204,0.478,0.498
GO:0034551,36,GO:0043933,6,4,mitochondrial respiratory chain complex III assembly,protein-containing complex organization,0.9338562918838421,0.4764516129032258,0.629
GO:1902686,13,GO:0065008,6,9,mitochondrial outer membrane permeabilization involved in programmed cell death,regulation of biological quality,0.8707730826507818,0.47410144927536235,0.618
GO:0034397,75,GO:0051640,6,1,telomere localization,organelle localization,0.9636275130305286,0.4714931506849315,0.59
GO:0031998,63,GO:0006629,6,5,regulation of fatty acid beta-oxidation,lipid metabolic process,0.8511252792256143,0.4706219512195122,0.548
GO:0043201,14,GO:0042221,6,2,response to L-leucine,response to chemical,0.9644331720029784,0.4697741935483871,0.479
GO:0051503,43,GO:0071705,6,15,adenine nucleotide transport,nitrogen compound transport,0.9493533134772897,0.46881249999999997,0.655
GO:0000727,70,GO:0006259,6,11,double-strand break repair via break-induced replication,DNA metabolic process,0.8967334326135518,0.467287037037037,0.626
GO:0017196,19,GO:0043412,6,2,N-terminal peptidyl-methionine acetylation,macromolecule modification,0.9323129188384215,0.4671276595744681,0.47
GO:0000056,75,GO:0051640,6,3,ribosomal small subunit export from nucleus,organelle localization,0.9013458674609084,0.46597260273972607,0.636
GO:0000730,36,GO:0043933,6,3,DNA recombinase assembly,protein-containing complex organization,0.8592101638123604,0.46266129032258063,0.605
GO:1904778,29,GO:0033036,6,7,positive regulation of protein localization to cell cortex,macromolecule localization,0.8794704020848846,0.4621693548387097,0.531
GO:0009162,76,GO:0055086,6,5,deoxyribonucleoside monophosphate metabolic process,nucleobase-containing small molecule metabolic process,0.9037298957557707,0.4586060606060606,0.638
GO:0006686,63,GO:0006629,6,5,sphingomyelin biosynthetic process,lipid metabolic process,0.9120772524199553,0.457780487804878,0.566
GO:0060623,57,GO:0051276,6,2,regulation of chromosome condensation,chromosome organization,0.9027555845122859,0.45630952380952383,0.624
GO:2001228,47,GO:0009628,6,2,regulation of response to gamma radiation,response to abiotic stimulus,0.9280076321667907,0.45210416666666664,0.617
GO:1903955,31,GO:0032879,6,1,positive regulation of protein targeting to mitochondrion,regulation of localization,0.8887235666418466,0.4513733333333333,0.568
GO:1902969,70,GO:0006259,6,11,mitotic DNA replication,DNA metabolic process,0.9075610573343261,0.4478981481481481,0.622
GO:0034088,57,GO:0051276,6,3,maintenance of mitotic sister chromatid cohesion,chromosome organization,0.9321934102755026,0.4466190476190476,0.656
GO:0014051,66,GO:0046903,6,1,gamma-aminobutyric acid secretion,secretion,0.9525007446016381,0.444969696969697,0.626
GO:0034086,57,GO:0051276,6,4,maintenance of sister chromatid cohesion,chromosome organization,0.9312853685778109,0.44459523809523804,0.667
GO:0032364,45,GO:0042592,6,2,intracellular oxygen homeostasis,homeostatic process,0.9915632911392405,0.4434393939393939,0.644
GO:0097300,48,GO:0043067,6,14,programmed necrotic cell death,regulation of programmed cell death,0.9862617274758004,0.44298000000000004,0.66
GO:0032012,20,GO:0023052,6,8,regulation of ARF protein signal transduction,signaling,0.9048561057334326,0.44276000000000004,0.385
GO:0035493,159,GO:0048284,6,2,SNARE complex assembly,organelle fusion,0.9016360759493671,0.4388333333333333,0.773
GO:0006346,83,GO:0006325,6,1,DNA methylation-dependent constitutive heterochromatin formation,chromatin organization,0.8719502978406553,0.43681250000000005,0.602
GO:0019673,34,GO:0006793,6,7,GDP-mannose metabolic process,phosphorus metabolic process,0.89473808637379,0.43634693877551023,0.548
GO:0030174,70,GO:0006259,6,1,regulation of DNA-templated DNA replication initiation,DNA metabolic process,0.8952157483246463,0.4338425925925926,0.544
GO:1904146,39,GO:0044703,6,3,positive regulation of meiotic cell cycle process involved in oocyte maturation,multi-organism reproductive process,0.8765755770662695,0.43300000000000005,0.333
GO:0010825,155,GO:0031023,6,1,positive regulation of centrosome duplication,microtubule organizing center organization,0.8781807520476546,0.42997872340425536,0.753
GO:0097090,127,GO:0050808,6,1,presynaptic membrane organization,synapse organization,0.9494033879374535,0.42817777777777777,0.689
GO:0072678,69,GO:0048870,6,1,T cell migration,cell motility,0.9818134772896501,0.42800000000000005,0.602
GO:1905516,39,GO:0044703,6,11,positive regulation of fertilization,multi-organism reproductive process,0.9233527550260611,0.427675,0.364
GO:0036490,90,GO:0010608,6,1,regulation of translation in response to endoplasmic reticulum stress,post-transcriptional regulation of gene expression,0.8760906552494415,0.4265714285714286,0.624
GO:0072325,103,GO:0045165,6,13,vulval cell fate commitment,cell fate commitment,0.9461200670141474,0.4252631578947369,0.728
GO:0009133,76,GO:0055086,6,7,nucleoside diphosphate biosynthetic process,nucleobase-containing small molecule metabolic process,0.8937481384959047,0.4244545454545454,0.662
GO:0006545,116,GO:0006520,6,3,glycine biosynthetic process,amino acid metabolic process,0.9116364482501862,0.4240535714285715,0.651
GO:0034606,30,GO:0022414,6,13,response to hermaphrodite contact,reproductive process,0.9615653387937454,0.42274999999999996,0.526
GO:0090235,75,GO:0051640,6,2,regulation of metaphase plate congression,organelle localization,0.8877688011913626,0.42253424657534244,0.618
GO:2000301,31,GO:0032879,6,2,negative regulation of synaptic vesicle exocytosis,regulation of localization,0.8654013402829486,0.42223999999999995,0.596
GO:0072327,103,GO:0045165,6,11,vulval cell fate specification,cell fate commitment,0.9464260982874162,0.42100000000000004,0.72
GO:0005984,109,GO:0005975,6,8,disaccharide metabolic process,carbohydrate metabolic process,0.950487714072971,0.41900000000000004,0.727
GO:0055091,45,GO:0042592,6,5,phospholipid homeostasis,homeostatic process,0.9912581906180193,0.41733333333333333,0.697
GO:0016553,149,GO:0009451,6,4,base conversion or substitution editing,RNA modification,0.930572226358898,0.41664705882352937,0.741
GO:0030473,75,GO:0051640,6,6,nuclear migration along microtubule,organelle localization,0.9307248696947134,0.4152876712328767,0.678
GO:0044878,46,GO:0007049,6,1,mitotic cytokinesis checkpoint signaling,cell cycle,0.8934147431124349,0.4133359375,0.447
GO:0006627,132,GO:0006457,6,5,protein processing involved in protein targeting to mitochondrion,protein folding,0.8831574832464631,0.41121428571428575,0.643
GO:0048790,127,GO:0050808,6,2,maintenance of presynaptic active zone structure,synapse organization,0.9525725986597171,0.4080222222222222,0.72
GO:0009221,34,GO:0006793,6,4,pyrimidine deoxyribonucleotide biosynthetic process,phosphorus metabolic process,0.8846520848845867,0.4019591836734694,0.538
GO:0060903,39,GO:0044703,6,3,positive regulation of meiosis I,multi-organism reproductive process,0.8628322784810126,0.399,0.333
GO:0000480,123,GO:0016072,6,3,"endonucleolytic cleavage in 5'-ETS of tricistronic rRNA transcript (SSU-rRNA, 5.8S rRNA, LSU-rRNA)",rRNA metabolic process,0.8920037230081906,0.39675000000000005,0.69
GO:0000393,87,GO:0022613,6,5,spliceosomal conformational changes to generate catalytic conformation,ribonucleoprotein complex biogenesis,0.8789134400595682,0.39303448275862074,0.66
GO:0030497,35,GO:0044281,6,17,fatty acid elongation,small molecule metabolic process,0.8950078183172003,0.392825,0.586
GO:0040032,64,GO:0009791,6,16,post-embryonic body morphogenesis,post-embryonic development,0.9560422561429636,0.38870000000000005,0.663
GO:0005997,109,GO:0005975,6,2,xylulose metabolic process,carbohydrate metabolic process,0.927141288160834,0.3875357142857143,0.653
GO:1904746,48,GO:0043067,6,3,negative regulation of apoptotic process involved in development,regulation of programmed cell death,0.9027325018615041,0.3863,0.726
GO:0097466,61,GO:1901698,6,3,ubiquitin-dependent glycoprotein ERAD pathway,response to nitrogen compound,0.8703471705137751,0.38379166666666664,0.74
GO:0090387,6,GO:0071840,6,8,phagolysosome assembly involved in apoptotic cell clearance,cellular component organization or biogenesis,0.8921392405063291,0.3825454545454545,0.373
GO:0071267,116,GO:0006520,6,5,L-methionine salvage,amino acid metabolic process,0.9016727475800447,0.3816071428571428,0.697
GO:1990502,98,GO:0010256,6,5,dense core granule maturation,endomembrane system organization,0.9216064780342517,0.3775294117647059,0.726
GO:0042595,84,GO:0031667,6,3,behavioral response to starvation,response to nutrient levels,0.9685128443782576,0.3704761904761905,0.768
GO:0031340,77,GO:0061024,6,11,positive regulation of vesicle fusion,membrane organization,0.8309175353685778,0.36627906976744184,0.723
GO:1990573,89,GO:0098657,6,18,potassium ion import across plasma membrane,import into cell,0.9452658227848101,0.3656666666666667,0.742
GO:0018344,232,GO:0097354,6,2,protein geranylgeranylation,prenylation,0.9446353313477289,0.3653333333333334,0.941
GO:1905132,46,GO:0007049,6,8,regulation of meiotic chromosome separation,cell cycle,0.8802686150409531,0.363421875,0.533
GO:0036089,100,GO:0051301,6,1,cleavage furrow formation,cell division,0.9352688011913626,0.3608571428571429,0.599
GO:0034316,112,GO:0097435,6,1,negative regulation of Arp2/3 complex-mediated actin nucleation,supramolecular fiber organization,0.8872492553983619,0.3593225806451613,0.614
GO:1990504,75,GO:0051640,6,13,dense core granule exocytosis,organelle localization,0.9260755770662695,0.35927397260273974,0.754
GO:0032095,84,GO:0031667,6,1,regulation of response to food,response to nutrient levels,0.9290833953834698,0.3571428571428571,0.717
GO:0032888,46,GO:0007049,6,7,regulation of mitotic spindle elongation,cell cycle,0.870782948622487,0.3539375,0.527
GO:0034227,143,GO:0006399,6,5,tRNA thio-modification,tRNA metabolic process,0.9164046909903202,0.3531764705882353,0.729
GO:0061031,51,GO:0035295,6,2,endodermal digestive tract morphogenesis,tube development,0.9570072598659717,0.3519,0.764
GO:0010756,132,GO:0006457,6,2,positive regulation of plasminogen activation,protein folding,0.8733233432613552,0.3383571428571428,0.625
GO:0045039,93,GO:0007005,6,8,protein insertion into mitochondrial inner membrane,mitochondrion organization,0.87841306775874906,0.33599999999999997,0.788
GO:0006384,210,GO:0006383,6,5,transcription initiation at RNA polymerase III promoter,transcription by RNA polymerase III,0.9299015264333581,0.33540000000000003,0.891
GO:1990822,184,GO:0006865,6,5,basic amino acid transmembrane transport,amino acid transport,0.9545752047654504,0.3255,0.765
GO:0051351,27,GO:0065009,6,1,positive regulation of ligase activity,regulation of molecular function,0.9591744229337305,0.31888135593220335,0.753
GO:0043562,84,GO:0031667,6,6,cellular response to nitrogen levels,response to nutrient levels,0.9620573343261355,0.31466666666666665,0.805
GO:0071722,195,GO:0046685,6,1,detoxification of arsenic-containing substance,response to arsenic-containing substance,0.9690718540580789,0.30966666666666665,0.89
GO:0006995,84,GO:0031667,6,6,cellular response to nitrogen starvation,response to nutrient levels,0.9547375279225614,0.30919047619047624,0.805
GO:0045048,102,GO:0072657,6,5,protein insertion into ER membrane,protein localization to membrane,0.8901814966492926,0.3038695652173913,0.79
GO:1990569,193,GO:1901264,6,5,UDP-N-acetylglucosamine transmembrane transport,carbohydrate derivative transport,0.9437822040208489,0.3026,0.809
GO:0010835,27,GO:0065009,6,1,regulation of protein ADP-ribosylation,regulation of molecular function,0.958994415487714,0.3025423728813559,0.753
GO:1902102,46,GO:0007049,6,7,regulation of metaphase/anaphase transition of meiotic cell cycle,cell cycle,0.8670969843633656,0.29902343750000004,0.527
GO:0000183,151,GO:0006997,6,2,rDNA heterochromatin formation,nucleus organization,0.8565189873417721,0.29810000000000003,0.78
GO:0070189,223,GO:0042537,6,8,kynurenine metabolic process,benzene-containing compound metabolic process,0.9167282204020849,0.29700000000000004,0.972
GO:0031991,100,GO:0051301,6,3,regulation of actomyosin contractile ring contraction,cell division,0.8895629188384214,0.28954761904761905,0.671
GO:0060965,90,GO:0010608,6,2,negative regulation of miRNA-mediated gene silencing,post-transcriptional regulation of gene expression,0.8731818689501116,0.2812380952380953,0.653
GO:0043102,208,GO:0043094,6,5,amino acid salvage,metabolic compound salvage,0.9072442293373045,0.2803333333333333,0.922
GO:1905936,56,GO:0042127,6,9,regulation of germ cell proliferation,regulation of cell population proliferation,0.9100794862248697,0.27259999999999995,0.889
GO:0006116,163,GO:0072524,6,5,NADH oxidation,pyridine-containing compound metabolic process,0.9037807148175726,0.26842857142857146,0.79
GO:0002756,41,GO:0002376,6,1,MyD88-independent toll-like receptor signaling pathway,immune system process,0.8937874162323157,0.2657333333333334,0.585
GO:0061687,88,GO:0009636,6,3,detoxification of inorganic compound,response to toxic substance,0.9646230454206999,0.2646666666666667,0.854
GO:0052803,241,GO:0052803,6,3,imidazole-containing compound metabolic process,imidazole-containing compound metabolic process,0.9628488458674609,0.25750000000000006,0
GO:0006547,241,GO:0052803,6,3,L-histidine metabolic process,imidazole-containing compound metabolic process,0.916026991809382,0.25750000000000006,1
GO:0045717,118,GO:0062012,6,3,negative regulation of fatty acid biosynthetic process,regulation of small molecule metabolic process,0.8453255770662695,0.25126666666666664,0.845
GO:0008216,189,GO:0009308,6,3,spermidine metabolic process,amine metabolic process,0.961605174981385,0.25095,0.83
GO:0043101,208,GO:0043094,6,8,purine-containing compound salvage,metabolic compound salvage,0.9387671258376769,0.25083333333333335,0.944
GO:0042810,170,GO:0019748,6,8,pheromone metabolic process,secondary metabolic process,0.9230454206999256,0.2463333333333333,0.953
GO:0042415,181,GO:0018958,6,1,norepinephrine metabolic process,phenol-containing compound metabolic process,0.9635867460908414,0.24538461538461542,0.796
GO:0042811,170,GO:0019748,6,8,pheromone biosynthetic process,secondary metabolic process,0.9120372300819062,0.24383333333333335,0.953
GO:0030042,108,GO:0022411,6,24,actin filament depolymerization,cellular component disassembly,0.9231654877140729,0.243,0.871
GO:1901503,218,GO:0006730,6,3,ether biosynthetic process,one-carbon metabolic process,0.9266169024571854,0.22999999999999998,0.353
GO:0046504,218,GO:0006730,6,3,glycerol ether biosynthetic process,one-carbon metabolic process,0.9266001489203276,0.21875,0.353
GO:0008611,218,GO:0006730,6,3,ether lipid biosynthetic process,one-carbon metabolic process,0.9151572970960536,0.21875,0.353
GO:0046654,202,GO:0042558,6,2,tetrahydrofolate biosynthetic process,pteridine-containing compound metabolic process,0.951620253164557,0.2150909090909091,0.86
GO:0035437,131,GO:0051235,6,4,maintenance of protein localization in endoplasmic reticulum,maintenance of location,0.9425418838421444,0.185875,0.881
GO:0090727,245,GO:0090727,5,14,positive regulation of brood size,positive regulation of brood size,0.9609601638123604,1,0
GO:0030091,244,GO:0030091,5,1,protein repair,protein repair,0.9521965748324647,1,0
GO:0019755,243,GO:0019755,5,1,one-carbon compound transport,one-carbon compound transport,0.9684508562918839,1,0
GO:0044872,29,GO:0033036,5,2,lipoprotein localization,macromolecule localization,0.9497265450483992,0.6232016129032258,0.48
GO:0097039,19,GO:0043412,5,1,protein linear polyubiquitination,macromolecule modification,0.945611504095309,0.6102659574468086,0.446
GO:0042953,29,GO:0033036,5,2,lipoprotein transport,macromolecule localization,0.942656366344006,0.6017983870967742,0.48
GO:0085020,19,GO:0043412,5,2,protein K6-linked ubiquitination,macromolecule modification,0.943514705882353,0.5957553191489362,0.47
GO:0071569,19,GO:0043412,5,4,protein ufmylation,macromolecule modification,0.9414910647803425,0.5920000000000001,0.497
GO:0070528,20,GO:0023052,5,7,protein kinase C signaling,signaling,0.921901154132539,0.59014,0.376
GO:0019374,63,GO:0006629,5,1,galactolipid metabolic process,lipid metabolic process,0.9352125837676843,0.5697256097560975,0.502
GO:0032486,20,GO:0023052,5,6,Rap protein signal transduction,signaling,0.9219324274013403,0.5569500000000001,0.371
GO:0001561,63,GO:0006629,5,5,fatty acid alpha-oxidation,lipid metabolic process,0.9026046165301563,0.5543536585365854,0.555
GO:0050912,55,GO:0003008,5,2,detection of chemical stimulus involved in sensory perception of taste,system process,0.9450748324646314,0.5500142857142858,0.537
GO:0006681,63,GO:0006629,5,1,galactosylceramide metabolic process,lipid metabolic process,0.9317211466865227,0.5479085365853659,0.502
GO:0006102,35,GO:0044281,5,6,isocitrate metabolic process,small molecule metabolic process,0.9261736783320923,0.5440125,0.505
GO:0006072,34,GO:0006793,5,6,glycerol-3-phosphate metabolic process,phosphorus metabolic process,0.9308350707371557,0.5413673469387755,0.53
GO:0010265,36,GO:0043933,5,1,SCF complex assembly,protein-containing complex organization,0.9446284437825763,0.5395161290322581,0.588
GO:1902946,29,GO:0033036,5,3,protein localization to early endosome,macromolecule localization,0.9459771034996277,0.5324596774193548,0.495
GO:0001820,43,GO:0071705,5,2,serotonin secretion,nitrogen compound transport,0.9077310126582279,0.529175,0.525
GO:0051012,68,GO:0007017,5,1,microtubule sliding,microtubule-based process,0.9818803052866716,0.5259583333333333,0.541
GO:0016094,63,GO:0006629,5,3,polyprenol biosynthetic process,lipid metabolic process,0.9088989203276248,0.5232560975609757,0.53
GO:0021781,11,GO:0048731,5,1,glial cell fate commitment,system development,0.9527516753536858,0.5230638297872341,0.452
GO:2001046,53,GO:0007166,5,2,positive regulation of integrin-mediated signaling pathway,cell surface receptor signaling pathway,0.8985264333581534,0.5205593220338983,0.566
GO:0017185,19,GO:0043412,5,1,peptidyl-lysine hydroxylation,macromolecule modification,0.9442764333581534,0.5194574468085107,0.446
GO:0046398,34,GO:0006793,5,1,UDP-glucuronate metabolic process,phosphorus metabolic process,0.9068851451973194,0.5171836734693878,0.437
GO:0071169,29,GO:0033036,5,2,establishment of protein localization to chromatin,macromolecule localization,0.9447349218168279,0.517008064516129,0.48
GO:0035627,43,GO:0071705,5,4,ceramide transport,nitrogen compound transport,0.9460161950856292,0.51065,0.579
GO:0051451,69,GO:0048870,5,1,myoblast migration,cell motility,0.9895485852568876,0.5102439024390244,0.602
GO:0007216,53,GO:0007166,5,5,G protein-coupled glutamate receptor signaling pathway,cell surface receptor signaling pathway,0.9205355547282204,0.5090847457627119,0.641
GO:0046100,76,GO:0055086,5,2,hypoxanthine metabolic process,nucleobase-containing small molecule metabolic process,0.9178155249441549,0.5077393939393939,0.569
GO:0048613,11,GO:0048731,5,6,embryonic ectodermal digestive tract morphogenesis,system development,0.948021034996277,0.5045957446808511,0.543
GO:0015872,43,GO:0071705,5,6,dopamine transport,nitrogen compound transport,0.9534301935964259,0.5041125,0.591
GO:0006678,63,GO:0006629,5,9,glucosylceramide metabolic process,lipid metabolic process,0.9245949367088607,0.5029573170731707,0.576
GO:0043328,32,GO:0009056,5,6,protein transport to vacuole involved in ubiquitin-dependent protein catabolic process via the multivesicular body sorting pathway,catabolic process,0.8634622114668652,0.5017333333333334,0.503
GO:0090220,39,GO:0044703,5,1,chromosome localization to nuclear envelope involved in homologous chromosome segregation,multi-organism reproductive process,0.8874480640357408,0.500425,0.313
GO:0043461,36,GO:0043933,5,2,proton-transporting ATP synthase complex assembly,protein-containing complex organization,0.9430418838421445,0.49895161290322576,0.605
GO:1901073,58,GO:1901135,5,3,glucosamine-containing compound biosynthetic process,carbohydrate derivative metabolic process,0.9370910275502606,0.49644999999999995,0.574
GO:0000707,36,GO:0043933,5,1,meiotic DNA recombinase assembly,protein-containing complex organization,0.8463335815338794,0.49320967741935484,0.56
GO:0019541,35,GO:0044281,5,6,propionate metabolic process,small molecule metabolic process,0.9164002233804914,0.4919,0.498
GO:1905666,29,GO:0033036,5,2,regulation of protein localization to endosome,macromolecule localization,0.9022635889798958,0.4914516129032258,0.48
GO:0009204,76,GO:0055086,5,2,deoxyribonucleoside triphosphate catabolic process,nucleobase-containing small molecule metabolic process,0.8975718540580789,0.4899212121212121,0.586
GO:0060069,53,GO:0007166,5,8,"Wnt signaling pathway, regulating spindle positioning",cell surface receptor signaling pathway,0.803195644080417,0.48933898305084744,0.641
GO:0033604,43,GO:0071705,5,1,negative regulation of catecholamine secretion,nitrogen compound transport,0.887005956813105,0.4857125,0.499
GO:0006688,63,GO:0006629,5,6,glycosphingolipid biosynthetic process,lipid metabolic process,0.9195500744601638,0.4853475609756097,0.561
GO:0035021,20,GO:0023052,5,1,negative regulation of Rac protein signal transduction,signaling,0.9010923306031273,0.48514,0.319
GO:1905668,29,GO:0033036,5,2,positive regulation of protein localization to endosome,macromolecule localization,0.8872630305286672,0.48175,0.48
GO:0098908,55,GO:0003008,5,1,regulation of neuronal action potential,system process,0.9067617274758004,0.4814857142857143,0.511
GO:0050893,55,GO:0003008,5,6,sensory processing,system process,0.9722058823529411,0.48009999999999997,0.614
GO:0018202,19,GO:0043412,5,6,peptidyl-histidine modification,macromolecule modification,0.93618652271035,0.477563829787234,0.545
GO:1902110,13,GO:0065008,5,9,positive regulation of mitochondrial membrane permeability involved in apoptotic process,regulation of biological quality,0.8703849590469099,0.47410144927536235,0.618
GO:0032053,155,GO:0031023,5,1,ciliary basal body organization,microtubule organizing center organization,0.938949180938198,0.4739148936170213,0.753
GO:1903753,20,GO:0023052,5,2,negative regulation of p38MAPK cascade,signaling,0.8974220029784066,0.47226999999999997,0.337
GO:0033353,111,GO:0006790,5,5,S-adenosylmethionine cycle,sulfur compound metabolic process,0.9588235294117647,0.46978571428571425,0.681
GO:0010446,47,GO:0009628,5,9,response to alkaline pH,response to abiotic stimulus,0.9700819061801936,0.467125,0.67
GO:1905144,14,GO:0042221,5,7,response to acetylcholine,response to chemical,0.9610947505584513,0.46409677419354844,0.555
GO:0042851,116,GO:0006520,5,2,L-alanine metabolic process,amino acid metabolic process,0.9252215189873417,0.4619107142857143,0.609
GO:0009208,76,GO:0055086,5,6,pyrimidine ribonucleoside triphosphate metabolic process,nucleobase-containing small molecule metabolic process,0.9032816455696202,0.46100606060606064,0.638
GO:0000820,116,GO:0006520,5,2,regulation of glutamine family amino acid metabolic process,amino acid metabolic process,0.8786094564408041,0.4594285714285714,0.609
GO:0009304,143,GO:0006399,5,4,tRNA transcription,tRNA metabolic process,0.9307607967237528,0.45876470588235296,0.676
GO:2000535,121,GO:0044419,5,1,regulation of entry of bacterium into host cell,biological process involved in interspecies interaction between organisms,0.9597287788533135,0.4565555555555556,0.533
GO:0006104,111,GO:0006790,5,2,succinyl-CoA metabolic process,sulfur compound metabolic process,0.9062259865971705,0.455952380952381,0.638
GO:0071578,72,GO:0006811,5,2,zinc ion import across plasma membrane,monoatomic ion transport,0.9515712956068504,0.4512325581395349,0.465
GO:0006031,58,GO:1901135,5,3,chitin biosynthetic process,carbohydrate derivative metabolic process,0.9305830230826508,0.44965999999999995,0.574
GO:0110096,14,GO:0042221,5,4,cellular response to aldehyde,response to chemical,0.9510874906924796,0.44698387096774195,0.523
GO:0071035,32,GO:0009056,5,6,nuclear polyadenylation-dependent rRNA catabolic process,catabolic process,0.9212338049143708,0.44557777777777774,0.496
GO:0090230,36,GO:0043933,5,4,regulation of centromere complex assembly,protein-containing complex organization,0.887367088607595,0.44427419354838704,0.619
GO:0010754,20,GO:0023052,5,8,negative regulation of cGMP-mediated signaling,signaling,0.886065897244974,0.44192,0.399
GO:0009148,76,GO:0055086,5,6,pyrimidine nucleoside triphosphate biosynthetic process,nucleobase-containing small molecule metabolic process,0.8963644825018615,0.4419090909090909,0.638
GO:0009157,76,GO:0055086,5,5,deoxyribonucleoside monophosphate biosynthetic process,nucleobase-containing small molecule metabolic process,0.8968648548026805,0.44144848484848487,0.638
GO:0006208,76,GO:0055086,5,7,pyrimidine nucleobase catabolic process,nucleobase-containing small molecule metabolic process,0.8982133283693224,0.44113939393939394,0.653
GO:0009120,58,GO:1901135,5,5,deoxyribonucleoside metabolic process,carbohydrate derivative metabolic process,0.9061062918838422,0.44006,0.574
GO:0051014,96,GO:0030029,5,6,actin filament severing,actin filament-based process,0.9860439314966493,0.4397894736842105,0.699
GO:0009173,76,GO:0055086,5,7,pyrimidine ribonucleoside monophosphate metabolic process,nucleobase-containing small molecule metabolic process,0.9004841772151899,0.43862424242424247,0.666
GO:0006451,107,GO:0006412,5,2,translational readthrough,translation,0.8923749069247953,0.43829166666666663,0.576
GO:0097500,29,GO:0033036,5,9,receptor localization to non-motile cilium,macromolecule localization,0.938596798212956,0.4356612903225806,0.547
GO:0006624,132,GO:0006457,5,4,vacuolar protein processing,protein folding,0.9367842516753537,0.4351785714285714,0.625
GO:0045989,55,GO:0003008,5,5,positive regulation of striated muscle contraction,system process,0.9154741250930752,0.4344714285714286,0.584
GO:1902019,69,GO:0048870,5,1,regulation of cilium-dependent cell motility,cell motility,0.9459705882352941,0.43426829268292677,0.631
GO:0046416,116,GO:0006520,5,5,D-amino acid metabolic process,amino acid metabolic process,0.9175167535368578,0.43408928571428573,0.697
GO:0006527,116,GO:0006520,5,2,arginine catabolic process,amino acid metabolic process,0.9112838793745346,0.4337142857142857,0.627
GO:0006537,35,GO:0044281,5,4,glutamate biosynthetic process,small molecule metabolic process,0.9097434847356665,0.43103749999999996,0.498
GO:0006553,116,GO:0006520,5,6,lysine metabolic process,amino acid metabolic process,0.9187259865971705,0.4277321428571429,0.681
GO:1901072,58,GO:1901135,5,9,glucosamine-containing compound catabolic process,carbohydrate derivative metabolic process,0.9283490320178704,0.4266,0.621
GO:1905145,14,GO:0042221,5,7,cellular response to acetylcholine,response to chemical,0.9481753536857781,0.4255,0.555
GO:0095500,14,GO:0042221,5,7,acetylcholine receptor signaling pathway,response to chemical,0.9059043186895012,0.4255,0.555
GO:0007213,14,GO:0042221,5,7,G protein-coupled acetylcholine receptor signaling pathway,response to chemical,0.9053104988830976,0.4255,0.555
GO:0006554,116,GO:0006520,5,4,lysine catabolic process,amino acid metabolic process,0.9088564780342516,0.42376785714285714,0.651
GO:0089718,89,GO:0098657,5,4,amino acid import across plasma membrane,import into cell,0.9513741623231571,0.4237037037037037,0.66
GO:0106070,21,GO:0023051,5,1,regulation of adenylate cyclase-activating G protein-coupled receptor signaling pathway,regulation of signaling,0.9183147803425168,0.4233181818181818,0.554
GO:0009174,76,GO:0055086,5,7,pyrimidine ribonucleoside monophosphate biosynthetic process,nucleobase-containing small molecule metabolic process,0.8934249813849591,0.42203636363636365,0.666
GO:0016332,33,GO:0009888,5,1,establishment or maintenance of polarity of embryonic epithelium,tissue development,0.9519355919583024,0.42132075471698116,0.639
GO:0051598,46,GO:0007049,5,1,meiotic recombination checkpoint signaling,cell cycle,0.848816269545793,0.41803124999999997,0.447
GO:0006382,149,GO:0009451,5,4,adenosine to inosine editing,RNA modification,0.930572226358898,0.41664705882352937,0.741
GO:1905939,44,GO:0003006,5,9,regulation of gonad development,developmental process involved in reproduction,0.9042760610573344,0.41385294117647065,0.646
GO:0016185,77,GO:0061024,5,3,synaptic vesicle budding from presynaptic endocytic zone membrane,membrane organization,0.8935848845867461,0.4130232558139535,0.656
GO:0016204,94,GO:0061061,5,1,determination of muscle attachment site,muscle structure development,0.9193144080416977,0.41203333333333336,0.678
GO:0019099,44,GO:0003006,5,2,female germ-line sex determination,developmental process involved in reproduction,0.9562756887565153,0.4098235294117647,0.551
GO:0006551,116,GO:0006520,5,6,L-leucine metabolic process,amino acid metabolic process,0.9183266939687267,0.4085803571428571,0.681
GO:0048499,77,GO:0061024,5,15,synaptic vesicle membrane organization,membrane organization,0.9437727103499628,0.4079069767441861,0.741
GO:0010455,103,GO:0045165,5,11,positive regulation of cell fate commitment,cell fate commitment,0.8949525316455696,0.4068947368421053,0.715
GO:1905154,77,GO:0061024,5,7,negative regulation of membrane invagination,membrane organization,0.8818268801191362,0.40686046511627905,0.698
GO:0016344,75,GO:0051640,5,5,meiotic chromosome movement towards spindle pole,organelle localization,0.8841541325390916,0.40668493150684937,0.661
GO:0006013,109,GO:0005975,5,4,mannose metabolic process,carbohydrate metabolic process,0.9273235294117647,0.40525,0.653
GO:1903371,98,GO:0010256,5,1,regulation of endoplasmic reticulum tubular network organization,endomembrane system organization,0.9075333209233061,0.40388235294117647,0.652
GO:0019100,44,GO:0003006,5,3,male germ-line sex determination,developmental process involved in reproduction,0.9552771779597915,0.4028235294117647,0.568
GO:0006560,116,GO:0006520,5,6,proline metabolic process,amino acid metabolic process,0.9151712583767684,0.40254464285714286,0.717
GO:0015871,203,GO:0015695,5,2,choline transport,organic cation transport,0.9579435964259121,0.39874999999999994,0.811
GO:0035434,72,GO:0006811,5,10,copper ion transmembrane transport,monoatomic ion transport,0.9504512285927029,0.3932093023255814,0.535
GO:1902805,75,GO:0051640,5,4,positive regulation of synaptic vesicle transport,organelle localization,0.875244043186895,0.39219178082191786,0.678
GO:0046049,76,GO:0055086,5,7,UMP metabolic process,nucleobase-containing small molecule metabolic process,0.89053574087863,0.386630303030303,0.658
GO:0090383,45,GO:0042592,5,2,phagosome acidification,homeostatic process,0.9047928145941921,0.3843181818181818,0.676
GO:0007042,45,GO:0042592,5,4,lysosomal lumen acidification,homeostatic process,0.9039637006701415,0.38230303030303026,0.676
GO:0051230,108,GO:0022411,5,4,spindle disassembly,cellular component disassembly,0.9236589724497394,0.3822888888888889,0.732
GO:0031119,149,GO:0009451,5,4,tRNA pseudouridine synthesis,RNA modification,0.9201103871928518,0.3802941176470588,0.731
GO:0006222,76,GO:0055086,5,7,UMP biosynthetic process,nucleobase-containing small molecule metabolic process,0.8837055100521221,0.37006666666666665,0.658
GO:2001137,102,GO:0072657,5,7,positive regulation of endocytic recycling,protein localization to membrane,0.87190078183172,0.36917391304347824,0.718
GO:1903909,102,GO:0072657,5,1,regulation of receptor clustering,protein localization to membrane,0.9050949367088608,0.3683478260869565,0.676
GO:0072344,108,GO:0022411,5,6,rescue of stalled ribosome,cellular component disassembly,0.8888363737900223,0.3681777777777778,0.762
GO:0032108,84,GO:0031667,5,1,negative regulation of response to nutrient levels,response to nutrient levels,0.9190042814594193,0.3671428571428571,0.717
GO:0030950,113,GO:0007163,5,7,establishment or maintenance of actin cytoskeleton polarity,establishment or maintenance of cell polarity,0.939021407297096,0.36506666666666665,0.775
GO:0036066,142,GO:0070085,5,4,protein O-linked fucosylation,glycosylation,0.9180560312732688,0.3611875,0.717
GO:0016191,108,GO:0022411,5,2,synaptic vesicle uncoating,cellular component disassembly,0.9022883469843633,0.3531777777777778,0.699
GO:0051127,112,GO:0097435,5,1,positive regulation of actin nucleation,supramolecular fiber organization,0.8882671258376769,0.34996774193548386,0.614
GO:0032096,84,GO:0031667,5,1,negative regulation of response to food,response to nutrient levels,0.9127168652271035,0.34985714285714287,0.717
GO:0007414,164,GO:0008037,5,1,axonal defasciculation,cell recognition,0.9195389054355919,0.349,0.794
GO:2000601,112,GO:0097435,5,1,positive regulation of Arp2/3 complex-mediated actin nucleation,supramolecular fiber organization,0.8882606105733433,0.34883870967741937,0.614
GO:0010807,66,GO:0046903,5,1,regulation of synaptic vesicle priming,secretion,0.850282948622487,0.3472121212121212,0.656
GO:0002031,21,GO:0023051,5,1,G protein-coupled receptor internalization,regulation of signaling,0.8723723008190618,0.3464090909090909,0.554
GO:1903019,26,GO:0051246,5,2,negative regulation of glycoprotein metabolic process,regulation of protein metabolic process,0.8731513402829486,0.3462142857142857,0.653
GO:0010561,26,GO:0051246,5,2,negative regulation of glycoprotein biosynthetic process,regulation of protein metabolic process,0.8678229709605361,0.3462142857142857,0.653
GO:0010312,110,GO:0010038,5,2,detoxification of zinc ion,response to metal ion,0.9613425167535369,0.3408,0.732
GO:0034514,144,GO:0035966,5,23,mitochondrial unfolded protein response,response to topologically incorrect protein,0.9513507073715562,0.33933333333333326,0.787
GO:0071816,102,GO:0072657,5,2,tail-anchored membrane protein insertion into ER membrane,protein localization to membrane,0.8960899106478034,0.339304347826087,0.741
GO:0072318,108,GO:0022411,5,3,clathrin coat disassembly,cellular component disassembly,0.913024199553239,0.33915555555555554,0.718
GO:0009957,33,GO:0009888,5,7,epidermal cell fate specification,tissue development,0.9567300819061801,0.3388301886792453,0.731
GO:1904901,112,GO:0097435,5,3,positive regulation of myosin II filament organization,supramolecular fiber organization,0.8815526805658973,0.33854838709677415,0.662
GO:0044241,198,GO:0007586,5,2,lipid digestion,digestion,0.978255956813105,0.3382857142857143,0.764
GO:0032978,102,GO:0072657,5,4,protein insertion into membrane from inner side,protein localization to membrane,0.9046241623231571,0.33499999999999996,0.741
GO:1903897,16,GO:0048583,5,1,regulation of PERK-mediated unfolded protein response,regulation of response to stimulus,0.9088588979895755,0.3345652173913043,0.525
GO:0010383,238,GO:0071554,5,1,cell wall polysaccharide metabolic process,cell wall organization or biogenesis,0.9532540953090097,0.3325,0.89
GO:1901098,108,GO:0022411,5,2,positive regulation of autophagosome maturation,cellular component disassembly,0.83803965003723,0.3308444444444445,0.699
GO:0072319,108,GO:0022411,5,3,vesicle uncoating,cellular component disassembly,0.9115744601638124,0.3292666666666667,0.732
GO:0038180,54,GO:0009719,5,1,nerve growth factor signaling pathway,response to endogenous stimulus,0.9277099776619508,0.324390243902439,0.705
GO:0001555,67,GO:0040008,5,9,oocyte growth,regulation of growth,0.9406545048399106,0.3212105263157895,0.715
GO:0099118,145,GO:0099111,5,1,microtubule-based protein transport,microtubule-based transport,0.9326133655994043,0.3204,0.74
GO:0098840,145,GO:0099111,5,1,protein transport along microtubule,microtubule-based transport,0.9292494415487714,0.3204,0.74
GO:1902683,124,GO:0031503,5,4,regulation of receptor localization to synapse,protein-containing complex localization,0.9194110201042442,0.3197916666666667,0.78
GO:1903999,25,GO:0051239,5,6,negative regulation of eating behavior,regulation of multicellular organismal process,0.9139169769173492,0.31909999999999994,0.584
GO:1903818,31,GO:0032879,5,9,positive regulation of voltage-gated potassium channel activity,regulation of localization,0.8746885703648548,0.31909333333333334,0.667
GO:1901881,108,GO:0022411,5,3,positive regulation of protein depolymerization,cellular component disassembly,0.8864307520476545,0.3170666666666667,0.718
GO:0045109,215,GO:0045104,5,3,intermediate filament organization,intermediate filament cytoskeleton organization,0.9443142218912881,0.31600000000000006,0.945
GO:2000311,27,GO:0065009,5,2,regulation of AMPA receptor activity,regulation of molecular function,0.8682144452717796,0.3096610169491525,0.785
GO:1902412,100,GO:0051301,5,7,regulation of mitotic cytokinesis,cell division,0.9211848473566642,0.30428571428571427,0.702
GO:0051031,117,GO:0006403,5,5,tRNA transport,RNA localization,0.9467978406552494,0.29227272727272724,0.842
GO:0009946,73,GO:0007389,5,6,proximal/distal axis specification,pattern specification process,0.9611105733432613,0.2904,0.776
GO:0070778,125,GO:0015711,5,3,L-aspartate transmembrane transport,organic anion transport,0.9464234921816828,0.2899285714285714,0.688
GO:0042984,221,GO:0042982,5,1,regulation of amyloid precursor protein biosynthetic process,amyloid precursor protein metabolic process,0.8882611690245719,0.28874999999999995,0.929
GO:0060296,68,GO:0007017,5,1,regulation of cilium beat frequency involved in ciliary motility,microtubule-based process,0.9234970215934475,0.2825,0.568
GO:0060295,68,GO:0007017,5,1,regulation of cilium movement involved in cell motility,microtubule-based process,0.9325623603871929,0.2825,0.568
GO:0060298,94,GO:0061061,5,12,positive regulation of sarcomere organization,muscle structure development,0.8306474311243485,0.2817333333333334,0.803
GO:0010085,73,GO:0007389,5,6,polarity specification of proximal/distal axis,pattern specification process,0.9610532390171258,0.28013333333333335,0.776
GO:1903935,195,GO:0046685,5,3,response to sodium arsenite,response to arsenic-containing substance,0.9678925912137006,0.27849999999999997,0.945
GO:0072334,193,GO:1901264,5,9,UDP-galactose transmembrane transport,carbohydrate derivative transport,0.9413624348473567,0.27646666666666664,0.848
GO:1902513,68,GO:0007017,5,6,regulation of organelle transport along microtubule,microtubule-based process,0.8770236411020105,0.26949999999999996,0.643
GO:0030241,60,GO:0032989,5,4,skeletal muscle myosin thick filament assembly,cellular anatomical entity morphogenesis,0.8956787043931497,0.26849999999999996,0.819
GO:0008215,189,GO:0009308,5,1,spermine metabolic process,amine metabolic process,0.9627362248696947,0.26844999999999997,0.803
GO:0099054,127,GO:0050808,5,10,presynapse assembly,synapse organization,0.9014581161578555,0.26722222222222225,0.825
GO:0019336,181,GO:0018958,5,3,phenol-containing compound catabolic process,phenol-containing compound metabolic process,0.9480640357408786,0.26492307692307693,0.849
GO:0034162,41,GO:0002376,5,1,toll-like receptor 9 signaling pathway,immune system process,0.8920171258376768,0.2635333333333333,0.585
GO:0040031,169,GO:0016073,5,4,snRNA modification,snRNA metabolic process,0.9227833209233061,0.2623333333333333,0.835
GO:1905606,127,GO:0050808,5,8,regulation of presynapse assembly,synapse organization,0.8553514519731944,0.26206666666666667,0.81
GO:0052805,241,GO:0052803,5,3,imidazole-containing compound catabolic process,imidazole-containing compound metabolic process,0.9461189501116902,0.25750000000000006,0.985
GO:0006548,241,GO:0052803,5,3,L-histidine catabolic process,imidazole-containing compound metabolic process,0.9041347728965003,0.25750000000000006,0.985
GO:0099640,145,GO:0099111,5,1,axo-dendritic protein transport,microtubule-based transport,0.9288239017125838,0.2538666666666667,0.74
GO:0039536,41,GO:0002376,5,1,negative regulation of RIG-I signaling pathway,immune system process,0.874879746835443,0.2506333333333334,0.585
GO:0046146,126,GO:0006066,5,4,tetrahydrobiopterin metabolic process,alcohol metabolic process,0.9276396128071481,0.248,0.823
GO:1905276,51,GO:0035295,5,1,regulation of epithelial tube formation,tube development,0.9191935964259121,0.24729999999999996,0.699
GO:0007501,33,GO:0009888,5,42,mesodermal cell fate specification,tissue development,0.9341857781087118,0.24675471698113205,0.872
GO:1900864,207,GO:0000959,5,3,mitochondrial RNA modification,mitochondrial RNA metabolic process,0.9320521221146687,0.23750000000000004,0.898
GO:1904145,105,GO:0021700,5,3,negative regulation of meiotic cell cycle process involved in oocyte maturation,developmental maturation,0.8666855919583023,0.22859090909090907,0.806
GO:1905909,205,GO:0022611,5,18,regulation of dauer entry,dormancy process,0.9127332464631422,0.21533333333333338,0.934
GO:0010587,204,GO:1902893,5,3,miRNA catabolic process,regulation of miRNA transcription,0.9222140729709605,0.17769999999999997,0.924
GO:0046015,248,GO:0046015,4,1,regulation of transcription by glucose,regulation of transcription by glucose,0.9009919955323902,1,0
GO:0023019,246,GO:0023019,4,1,signal transduction involved in regulation of gene expression,signal transduction involved in regulation of gene expression,0.8937043931496649,1,0
GO:0019236,14,GO:0042221,4,9,response to pheromone,response to chemical,0.966138495904691,0.6279677419354839,0.546
GO:0006498,19,GO:0043412,4,1,N-terminal protein lipidation,macromolecule modification,0.9389115785554728,0.6245,0.446
GO:0007263,20,GO:0023052,4,2,nitric oxide mediated signal transduction,signaling,0.92747617274758,0.623,0.337
GO:0097154,11,GO:0048731,4,1,GABAergic neuron differentiation,system development,0.9546565524944155,0.6226808510638298,0.452
GO:0071947,19,GO:0043412,4,1,protein deubiquitination involved in ubiquitin-dependent protein catabolic process,macromolecule modification,0.9297663812360387,0.6026808510638297,0.446
GO:1904823,43,GO:0071705,4,1,purine nucleobase transmembrane transport,nitrogen compound transport,0.9541688384214445,0.6011124999999999,0.499
GO:0071896,29,GO:0033036,4,2,protein localization to adherens junction,macromolecule localization,0.9487684288905436,0.5903790322580645,0.48
GO:0006003,34,GO:0006793,4,2,"fructose 2,6-bisphosphate metabolic process",phosphorus metabolic process,0.9351839166046165,0.5891224489795919,0.486
GO:0032488,20,GO:0023052,4,3,Cdc42 protein signal transduction,signaling,0.9249283320923306,0.56863,0.349
GO:0060184,46,GO:0007049,4,6,cell cycle switching,cell cycle,0.9696470588235294,0.564921875,0.533
GO:0045760,13,GO:0065008,4,2,positive regulation of action potential,regulation of biological quality,0.9372347356664185,0.5621159420289855,0.55
GO:0030212,58,GO:1901135,4,1,hyaluronan metabolic process,carbohydrate derivative metabolic process,0.9464350335070737,0.5588299999999999,0.509
GO:0006041,58,GO:1901135,4,1,glucosamine metabolic process,carbohydrate derivative metabolic process,0.9527887192851824,0.54937,0.509
GO:0060756,65,GO:0007610,4,7,foraging behavior,behavior,0.9751407297096054,0.5487500000000001,0.583
GO:0032472,72,GO:0006811,4,1,Golgi calcium ion transport,monoatomic ion transport,0.9646135517498139,0.5483255813953488,0.441
GO:0007172,21,GO:0023051,4,1,signal complex assembly,regulation of signaling,0.8811958302308265,0.5468181818181819,0.554
GO:0097681,70,GO:0006259,4,2,double-strand break repair via alternative nonhomologous end joining,DNA metabolic process,0.9076898734177216,0.5451851851851852,0.544
GO:0031268,49,GO:0030030,4,4,pseudopodium organization,cell projection organization,0.9503654132539091,0.5441851851851851,0.574
GO:0035608,19,GO:0043412,4,1,protein deglutamylation,macromolecule modification,0.9446290022338049,0.5396063829787234,0.446
GO:0006083,35,GO:0044281,4,3,acetate metabolic process,small molecule metabolic process,0.9318909158600149,0.5394625,0.471
GO:0014018,11,GO:0048731,4,4,neuroblast fate specification,system development,0.9479977661950856,0.5356595744680851,0.519
GO:0045002,70,GO:0006259,4,3,double-strand break repair via single-strand annealing,DNA metabolic process,0.9055307148175726,0.5341944444444444,0.561
GO:0019408,63,GO:0006629,4,2,dolichol biosynthetic process,lipid metabolic process,0.9103631794489948,0.5306951219512195,0.518
GO:1905349,49,GO:0030030,4,1,ciliary transition zone assembly,cell projection organization,0.9397192851824274,0.5304259259259259,0.519
GO:0071526,53,GO:0007166,4,7,semaphorin-plexin signaling pathway,cell surface receptor signaling pathway,0.921078555472822,0.5286610169491526,0.646
GO:0035177,65,GO:0007610,4,3,larval foraging behavior,behavior,0.9761144825018615,0.52809375,0.545
GO:0006106,35,GO:0044281,4,1,fumarate metabolic process,small molecule metabolic process,0.9332105361131795,0.525825,0.456
GO:0046098,76,GO:0055086,4,1,guanine metabolic process,nucleobase-containing small molecule metabolic process,0.9208160833953835,0.5249878787878788,0.541
GO:0036466,115,GO:0051169,4,3,synaptic vesicle recycling via endosome,nuclear transport,0.9420860014892033,0.5232105263157895,0.5
GO:0000379,59,GO:0006396,4,2,tRNA-type intron splice site recognition and cleavage,RNA processing,0.9309287043931497,0.51925,0.508
GO:0015965,76,GO:0055086,4,2,diadenosine tetraphosphate metabolic process,nucleobase-containing small molecule metabolic process,0.9119510424422934,0.5188787878787879,0.569
GO:0030974,43,GO:0071705,4,1,thiamine pyrophosphate transmembrane transport,nitrogen compound transport,0.9469512285927029,0.518875,0.499
GO:1990000,112,GO:0097435,4,1,amyloid fibril formation,supramolecular fiber organization,0.91616865227103506,0.5188387096774194,0.614
GO:0015858,43,GO:0071705,4,9,nucleoside transport,nitrogen compound transport,0.9521016381236038,0.516125,0.627
GO:0046069,76,GO:0055086,4,1,cGMP catabolic process,nucleobase-containing small molecule metabolic process,0.8967250558451229,0.5149393939393939,0.541
GO:1903939,20,GO:0023052,4,1,regulation of TORC2 signaling,signaling,0.916132539091586,0.5144599999999999,0.319
GO:0046101,76,GO:0055086,4,1,hypoxanthine biosynthetic process,nucleobase-containing small molecule metabolic process,0.9167712211466865,0.5143818181818182,0.541
GO:0015837,43,GO:0071705,4,17,amine transport,nitrogen compound transport,0.9529242367833209,0.5139750000000001,0.639
GO:0097051,29,GO:0033036,4,1,establishment of protein localization to endoplasmic reticulum membrane,macromolecule localization,0.944650409530901,0.5103548387096775,0.456
GO:1990414,70,GO:0006259,4,3,replication-born double-strand break repair via sister chromatid exchange,DNA metabolic process,0.9049542069992554,0.5081111111111112,0.561
GO:1904429,70,GO:0006259,4,1,regulation of t-circle formation,DNA metabolic process,0.8487769918093819,0.5076388888888889,0.518
GO:0006065,34,GO:0006793,4,1,UDP-glucuronate biosynthetic process,phosphorus metabolic process,0.8981975055845123,0.5057755102040816,0.437
GO:0009448,35,GO:0044281,4,3,gamma-aminobutyric acid metabolic process,small molecule metabolic process,0.9218507073715563,0.5031749999999999,0.491
GO:1901419,14,GO:0042221,4,1,regulation of response to alcohol,response to chemical,0.9272215189873417,0.5026129032258064,0.455
GO:0050913,55,GO:0003008,4,8,sensory perception of bitter taste,system process,0.972138123603872,0.5006857142857143,0.627
GO:0071043,249,GO:0071043,4,3,CUT metabolic process,CUT metabolic process,0.9422669396872673,0.5,0
GO:0071034,249,GO:0071043,4,3,CUT catabolic process,CUT metabolic process,0.9422669396872673,0.5,1
GO:0030070,235,GO:1901142,4,2,insulin processing,insulin metabolic process,0.8989949739389427,0.5,1
GO:0006769,240,GO:0009820,4,2,nicotinamide metabolic process,alkaloid metabolic process,0.930955137751303,0.5,1
GO:0019249,35,GO:0044281,4,2,lactate biosynthetic process,small molecule metabolic process,0.9219573715562174,0.498325,0.456
GO:1990966,76,GO:0055086,4,2,ATP generation from poly-ADP-D-ribose,nucleobase-containing small molecule metabolic process,0.902168279970216,0.49632121212121216,0.569
GO:0016259,116,GO:0006520,4,1,selenocysteine metabolic process,amino acid metabolic process,0.92804765450484,0.4962142857142857,0.581
GO:0015961,76,GO:0055086,4,2,diadenosine polyphosphate catabolic process,nucleobase-containing small molecule metabolic process,0.89783730454207,0.49403030303030304,0.586
GO:0033605,43,GO:0071705,4,1,positive regulation of catecholamine secretion,nitrogen compound transport,0.8895353685778109,0.4939125,0.499
GO:0033615,36,GO:0043933,4,2,mitochondrial proton-transporting ATP synthase complex assembly,protein-containing complex organization,0.9371290022338049,0.4937258064516129,0.588
GO:0015015,58,GO:1901135,4,4,"heparan sulfate proteoglycan biosynthetic process, enzymatic modification",carbohydrate derivative metabolic process,0.9118732315711094,0.49300999999999995,0.602
GO:1902965,29,GO:0033036,4,2,regulation of protein localization to early endosome,macromolecule localization,0.9022580044676098,0.49120967741935484,0.48
GO:0019694,111,GO:0006790,4,1,alkanesulfonate metabolic process,sulfur compound metabolic process,0.9333319061801936,0.490547619047619,0.609
GO:0019530,111,GO:0006790,4,1,taurine metabolic process,sulfur compound metabolic process,0.9333319061801936,0.490547619047619,0.609
GO:0070194,57,GO:0051276,4,2,synaptonemal complex disassembly,chromosome organization,0.9408611317944899,0.49,0.656
GO:0046476,63,GO:0006629,4,3,glycosylceramide biosynthetic process,lipid metabolic process,0.9183723008190618,0.48990243902439023,0.539
GO:0009146,34,GO:0006793,4,1,purine nucleoside triphosphate catabolic process,phosphorus metabolic process,0.9000286671630677,0.4831428571428571,0.46
GO:0019626,35,GO:0044281,4,5,short-chain fatty acid catabolic process,small molecule metabolic process,0.9047306403574088,0.48287499999999994,0.491
GO:1905709,13,GO:0065008,4,7,negative regulation of membrane permeability,regulation of biological quality,0.9511842889054356,0.48213043478260875,0.605
GO:1902966,29,GO:0033036,4,2,positive regulation of protein localization to early endosome,macromolecule localization,0.8872574460163812,0.48150806451612904,0.48
GO:0035795,13,GO:0065008,4,7,negative regulation of mitochondrial membrane permeability,regulation of biological quality,0.8772259865971705,0.48082608695652174,0.605
GO:0045004,70,GO:0006259,4,2,DNA replication proofreading,DNA metabolic process,0.9062874162323157,0.4791388888888889,0.544
GO:0017183,19,GO:0043412,4,6,protein histidyl modification to diphthamide,macromolecule modification,0.93618652271035,0.477563829787234,0.545
GO:0019859,76,GO:0055086,4,3,thymine metabolic process,nucleobase-containing small molecule metabolic process,0.9136351451973195,0.47755757575757574,0.599
GO:0006212,76,GO:0055086,4,3,uracil catabolic process,nucleobase-containing small molecule metabolic process,0.904723008190618,0.4749515151515151,0.599
GO:0046051,76,GO:0055086,4,1,UTP metabolic process,nucleobase-containing small molecule metabolic process,0.9054212583767685,0.47430303030303034,0.541
GO:0097345,13,GO:0065008,4,9,mitochondrial outer membrane permeabilization,regulation of biological quality,0.8430854430379747,0.47410144927536235,0.618
GO:0019860,76,GO:0055086,4,3,uracil metabolic process,nucleobase-containing small molecule metabolic process,0.9124538346984363,0.4709151515151515,0.609
GO:0032000,63,GO:0006629,4,4,positive regulation of fatty acid beta-oxidation,lipid metabolic process,0.8363378629932986,0.47089634146341464,0.539
GO:0015677,72,GO:0006811,4,2,copper ion import,monoatomic ion transport,0.9630044676098287,0.46932558139534886,0.465
GO:1901029,13,GO:0065008,4,7,negative regulation of mitochondrial outer membrane permeabilization involved in apoptotic signaling pathway,regulation of biological quality,0.7940558451228592,0.46799999999999997,0.605
GO:0030730,175,GO:0010883,4,1,triglyceride storage,regulation of lipid storage,0.9933629932985852,0.4655,0.707
GO:0006171,76,GO:0055086,4,4,cAMP biosynthetic process,nucleobase-containing small molecule metabolic process,0.8929125093075205,0.4646848484848485,0.609
GO:2000543,28,GO:0050793,4,1,positive regulation of gastrulation,regulation of developmental process,0.9079443410275503,0.46368627450980393,0.507
GO:1902656,72,GO:0006811,4,15,calcium ion import into cytosol,monoatomic ion transport,0.9585227103499627,0.4609767441860465,0.55
GO:0009176,76,GO:0055086,4,3,pyrimidine deoxyribonucleoside monophosphate metabolic process,nucleobase-containing small molecule metabolic process,0.9049851079672375,0.46066666666666667,0.625
GO:0052129,52,GO:0040011,4,1,negative energy taxis,locomotion,0.9693955696202532,0.4600833333333333,0.539
GO:0006432,116,GO:0006520,4,4,phenylalanyl-tRNA aminoacylation,amino acid metabolic process,0.9137907669396873,0.4600803571428571,0.668
GO:0007023,132,GO:0006457,4,5,post-chaperonin tubulin folding pathway,protein folding,0.9374437825763217,0.45924999999999994,0.742
GO:0034085,57,GO:0051276,4,3,establishment of sister chromatid cohesion,chromosome organization,0.9333497766195086,0.45904761904761904,0.643
GO:0042797,143,GO:0006399,4,4,tRNA transcription by RNA polymerase III,tRNA metabolic process,0.9300861876396128,0.45876470588235296,0.676
GO:0070601,57,GO:0051276,4,3,centromeric sister chromatid cohesion,chromosome organization,0.9333467982129561,0.45866666666666667,0.643
GO:0043059,52,GO:0040011,4,7,regulation of forward locomotion,locomotion,0.9550861876396128,0.4574166666666667,0.63
GO:0043252,125,GO:0015711,4,7,sodium-independent organic anion transport,organic anion transport,0.9595984735666419,0.45692857142857146,0.731
GO:0046957,52,GO:0040011,4,1,negative phototaxis,locomotion,0.9649653760238273,0.45458333333333334,0.539
GO:0009209,76,GO:0055086,4,4,pyrimidine ribonucleoside triphosphate biosynthetic process,nucleobase-containing small molecule metabolic process,0.8987475800446761,0.4528969696969697,0.618
GO:0030242,129,GO:0061919,4,6,autophagy of peroxisome,process utilizing autophagic mechanism,0.947138123603872,0.4508,0.708
GO:0009092,116,GO:0006520,4,3,homoserine metabolic process,amino acid metabolic process,0.9204467609828741,0.44543750000000004,0.66
GO:0009177,76,GO:0055086,4,3,pyrimidine deoxyribonucleoside monophosphate biosynthetic process,nucleobase-containing small molecule metabolic process,0.8982442293373045,0.4444969696969697,0.625
GO:0046368,34,GO:0006793,4,4,GDP-L-fucose metabolic process,phosphorus metabolic process,0.8970672002978406,0.44402040816326527,0.53
GO:0090234,36,GO:0043933,4,4,regulation of kinetochore assembly,protein-containing complex organization,0.8860793000744601,0.4439516129032258,0.619
GO:1905340,29,GO:0033036,4,7,regulation of protein localization to kinetochore,macromolecule localization,0.8932466492926284,0.4438951612903226,0.542
GO:0045977,42,GO:0009790,4,7,"positive regulation of mitotic cell cycle, embryonic",embryo development,0.8791126209977662,0.4429090909090909,0.615
GO:0099519,115,GO:0051169,4,2,dense core granule cytoskeletal transport,nuclear transport,0.940448808637379,0.4412456140350878,0.5
GO:0051660,196,GO:0061842,4,1,establishment of centrosome localization,microtubule organizing center localization,0.94805156366344,0.44000000000000006,0.84
GO:0060467,39,GO:0044703,4,7,negative regulation of fertilization,multi-organism reproductive process,0.9234551377513031,0.43894999999999995,0.35
GO:1905168,70,GO:0006259,4,1,positive regulation of double-strand break repair via homologous recombination,DNA metabolic process,0.8522674981384959,0.43859259259259264,0.518
GO:0001963,81,GO:0007267,4,8,"synaptic transmission, dopaminergic",cell-cell signaling,0.940946016381236,0.43853846153846154,0.661
GO:0001514,107,GO:0006412,4,2,selenocysteine incorporation,translation,0.8923749069247953,0.43829166666666663,0.576
GO:0019346,116,GO:0006520,4,3,transsulfuration,amino acid metabolic process,0.9165495160089352,0.43739285714285714,0.66
GO:0007500,103,GO:0045165,4,1,mesodermal cell fate determination,cell fate commitment,0.9467851824274014,0.4373684210526315,0.622
GO:0010520,70,GO:0006259,4,5,regulation of reciprocal meiotic recombination,DNA metabolic process,0.8312466492926285,0.4372222222222222,0.583
GO:0044208,76,GO:0055086,4,2,'de novo' AMP biosynthetic process,nucleobase-containing small molecule metabolic process,0.8932230081906181,0.4370848484848485,0.599
GO:0071038,32,GO:0009056,4,6,TRAMP-dependent tRNA surveillance pathway,catabolic process,0.9179395011169025,0.43653333333333333,0.496
GO:0071233,14,GO:0042221,4,2,cellular response to L-leucine,response to chemical,0.9528806775874907,0.4364838709677419,0.479
GO:0007158,114,GO:0030155,4,1,neuron cell-cell adhesion,regulation of cell adhesion,0.9913062174236783,0.4364230769230769,0.593
GO:0019805,35,GO:0044281,4,4,quinolinate biosynthetic process,small molecule metabolic process,0.9153687639612808,0.435225,0.491
GO:0010668,33,GO:0009888,4,2,ectodermal cell differentiation,tissue development,0.961855174981385,0.43501886792452826,0.669
GO:1905342,29,GO:0033036,4,7,positive regulation of protein localization to kinetochore,macromolecule localization,0.8768773268801191,0.43272580645161296,0.542
GO:0042761,35,GO:0044281,4,12,very long-chain fatty acid biosynthetic process,small molecule metabolic process,0.9019374534623976,0.43262500000000004,0.529
GO:0009188,76,GO:0055086,4,6,ribonucleoside diphosphate biosynthetic process,nucleobase-containing small molecule metabolic process,0.8952795979151154,0.43172121212121217,0.649
GO:0009138,76,GO:0055086,4,7,pyrimidine nucleoside diphosphate metabolic process,nucleobase-containing small molecule metabolic process,0.899494415487714,0.4316363636363636,0.673
GO:0042256,87,GO:0022613,4,6,cytosolic ribosome assembly,ribonucleoprotein complex biogenesis,0.9368540580789277,0.4311034482758621,0.66
GO:0043058,52,GO:0040011,4,12,regulation of backward locomotion,locomotion,0.9529620253164557,0.428875,0.67
GO:0001765,77,GO:0061024,4,2,membrane raft assembly,membrane organization,0.9400921444527178,0.42762790697674424,0.67
GO:0055071,45,GO:0042592,4,3,manganese ion homeostasis,homeostatic process,0.9913665301563663,0.42715151515151517,0.663
GO:0006556,111,GO:0006790,4,4,S-adenosylmethionine biosynthetic process,sulfur compound metabolic process,0.945135331347729,0.42602380952380947,0.712
GO:0034607,30,GO:0022414,4,12,turning behavior involved in mating,reproductive process,0.9617432985852569,0.4256944444444445,0.523
GO:0006573,116,GO:0006520,4,6,valine metabolic process,amino acid metabolic process,0.9180418838421445,0.4215714285714286,0.687
GO:0098703,72,GO:0006811,4,15,calcium ion import across plasma membrane,monoatomic ion transport,0.9453469843633656,0.42100000000000004,0.55
GO:0010512,63,GO:0006629,4,4,negative regulation of phosphatidylinositol biosynthetic process,lipid metabolic process,0.85226191362621,0.41975609756097565,0.539
GO:1902647,63,GO:0006629,4,4,"negative regulation of 1-phosphatidyl-1D-myo-inositol 4,5-bisphosphate biosynthetic process",lipid metabolic process,0.8522244973938943,0.418530487804878,0.539
GO:1901950,115,GO:0051169,4,11,dense core granule transport,nuclear transport,0.9345290394638868,0.41768421052631577,0.577
GO:0048254,117,GO:0006403,4,1,snoRNA localization,RNA localization,0.9612081161578555,0.4173636363636364,0.724
GO:1902646,63,GO:0006629,4,4,"regulation of 1-phosphatidyl-1D-myo-inositol 4,5-bisphosphate biosynthetic process",lipid metabolic process,0.8680994043186895,0.41606707317073166,0.548
GO:0000350,87,GO:0022613,4,2,generation of catalytic spliceosome for second transesterification step,ribonucleoprotein complex biogenesis,0.8837155621742367,0.4157931034482758,0.627
GO:0050911,55,GO:0003008,4,182,detection of chemical stimulus involved in sensory perception of smell,system process,0.9266048026805659,0.4157142857142857,0.805
GO:1905941,44,GO:0003006,4,9,positive regulation of gonad development,developmental process involved in reproduction,0.8839934847356664,0.41385294117647065,0.646
GO:0010877,175,GO:0010883,4,9,lipid transport involved in lipid storage,regulation of lipid storage,0.9460255026061057,0.41274999999999995,0.805
GO:0046600,155,GO:0031023,4,1,negative regulation of centriole replication,microtubule organizing center organization,0.8668918466120625,0.40912765957446806,0.753
GO:0009313,109,GO:0005975,4,5,oligosaccharide catabolic process,carbohydrate metabolic process,0.9385307148175726,0.40767857142857145,0.664
GO:2001256,31,GO:0032879,4,1,regulation of store-operated calcium entry,regulation of localization,0.9170228965003723,0.4064,0.596
GO:0045040,93,GO:0007005,4,1,protein insertion into mitochondrial outer membrane,mitochondrion organization,0.8940143335815339,0.40508,0.669
GO:0036376,106,GO:0098660,4,9,sodium ion export across plasma membrane,inorganic ion transmembrane transport,0.9463155249441548,0.404625,0.641
GO:1903286,31,GO:0032879,4,1,regulation of potassium ion import,regulation of localization,0.9076478034251675,0.40445333333333333,0.568
GO:1900118,48,GO:0043067,4,1,negative regulation of execution phase of apoptosis,regulation of programmed cell death,0.9318000744601638,0.40408,0.676
GO:1903373,98,GO:0010256,4,1,positive regulation of endoplasmic reticulum tubular network organization,endomembrane system organization,0.8917995160089353,0.40388235294117647,0.652
GO:0070782,77,GO:0061024,4,3,phosphatidylserine exposure on apoptotic cell surface,membrane organization,0.8710487714072971,0.4005813953488372,0.67
GO:0097240,75,GO:0051640,4,6,chromosome attachment to the nuclear envelope,organelle localization,0.9306442665673864,0.40057534246575344,0.702
GO:2000426,31,GO:0032879,4,4,negative regulation of apoptotic cell clearance,regulation of localization,0.8482553983618764,0.40032,0.627
GO:1901075,31,GO:0032879,4,4,negative regulation of engulfment of apoptotic cell,regulation of localization,0.8434856664184661,0.40032,0.627
GO:0032056,90,GO:0010608,4,2,positive regulation of translation in response to stress,post-transcriptional regulation of gene expression,0.8575189873417721,0.40009523809523806,0.653
GO:1902626,87,GO:0022613,4,1,assembly of large subunit precursor of preribosome,ribonucleoprotein complex biogenesis,0.9389462025316455,0.3995862068965518,0.58
GO:0032964,216,GO:0032963,4,2,collagen biosynthetic process,collagen metabolic process,0.9558736038719285,0.399,0.91
GO:2001223,69,GO:0048870,4,2,negative regulation of neuron migration,cell motility,0.8931835443037974,0.39778048780487807,0.649
GO:0007079,75,GO:0051640,4,6,mitotic chromosome movement towards spindle pole,organelle localization,0.8884342889054356,0.39763013698630134,0.678
GO:0051078,108,GO:0022411,4,3,meiotic nuclear membrane disassembly,cellular component disassembly,0.9150696202531645,0.3972,0.718
GO:0042663,33,GO:0009888,4,1,regulation of endodermal cell fate specification,tissue development,0.9115577066269546,0.39715094339622636,0.639
GO:0098719,89,GO:0098657,4,8,sodium ion import across plasma membrane,import into cell,0.9481396128071482,0.39707407407407413,0.695
GO:0051316,75,GO:0051640,4,4,attachment of meiotic spindle microtubules to kinetochore,organelle localization,0.8786589724497393,0.3967945205479452,0.65
GO:0006552,116,GO:0006520,4,5,L-leucine catabolic process,amino acid metabolic process,0.9066941548771408,0.3960892857142857,0.668
GO:0120009,140,GO:0010876,4,9,intermembrane lipid transfer,lipid localization,0.9046405435591959,0.39480000000000004,0.794
GO:2000767,107,GO:0006412,4,2,positive regulation of cytoplasmic translation,translation,0.8784739389426657,0.3925416666666667,0.559
GO:0019509,116,GO:0006520,4,5,L-methionine salvage from methylthioadenosine,amino acid metabolic process,0.9034720774385704,0.39212499999999995,0.681
GO:0035494,108,GO:0022411,4,2,SNARE complex disassembly,cellular component disassembly,0.9153209233060313,0.3919111111111111,0.699
GO:0051601,124,GO:0031503,4,2,exocyst localization,protein-containing complex localization,0.9674260982874162,0.38808333333333334,0.745
GO:0030576,151,GO:0006997,4,1,Cajal body organization,nucleus organization,0.9514283320923306,0.38460000000000005,0.728
GO:0060101,31,GO:0032879,4,7,"negative regulation of phagocytosis, engulfment",regulation of localization,0.8382678704393149,0.3814666666666666,0.654
GO:1990481,149,GO:0009451,4,3,mRNA pseudouridine synthesis,RNA modification,0.9304339166046165,0.3770588235294118,0.706
GO:1901678,72,GO:0006811,4,10,iron coordination entity transport,monoatomic ion transport,0.9573935219657483,0.37395348837209297,0.565
GO:2000766,107,GO:0006412,4,4,negative regulation of cytoplasmic translation,translation,0.8736604616530157,0.367625,0.588
GO:0051729,46,GO:0007049,4,5,"germline cell cycle switching, mitotic to meiotic cell cycle",cell cycle,0.8785558451228592,0.36635937500000004,0.527
GO:0090625,62,GO:0009894,4,2,siRNA-mediated gene silencing by mRNA destabilization,regulation of catabolic process,0.8401182055100521,0.3636818181818182,0.695
GO:0042997,31,GO:0032879,4,1,negative regulation of Golgi to plasma membrane protein transport,regulation of localization,0.8752451600893522,0.36218666666666666,0.568
GO:0051728,46,GO:0007049,4,6,"cell cycle switching, mitotic to meiotic cell cycle",cell cycle,0.8776937825763217,0.36175781250000005,0.533
GO:0019323,109,GO:0005975,4,2,pentose catabolic process,carbohydrate metabolic process,0.9171941548771407,0.3595357142857143,0.621
GO:0048560,73,GO:0007389,4,2,establishment of anatomical structure orientation,pattern specification process,0.958734921816828,0.35629999999999995,0.733
GO:1903224,33,GO:0009888,4,2,regulation of endodermal cell differentiation,tissue development,0.9057950483991065,0.35524528301886793,0.702
GO:1904289,46,GO:0007049,4,3,regulation of mitotic DNA damage checkpoint,cell cycle,0.8628855174981385,0.35455468749999997,0.507
GO:0032253,75,GO:0051640,4,24,dense core granule localization,organelle localization,0.9532747580044676,0.35431506849315064,0.795
GO:1905134,46,GO:0007049,4,7,positive regulation of meiotic chromosome separation,cell cycle,0.8658421444527178,0.35301562499999994,0.521
GO:0051045,199,GO:0033619,4,2,negative regulation of membrane protein ectodomain proteolysis,membrane protein proteolysis,0.871666232315711,0.3526666666666667,0.87
GO:0010636,159,GO:0048284,4,1,positive regulation of mitochondrial fusion,organelle fusion,0.8681459419210722,0.3526666666666667,0.741
GO:0099628,124,GO:0031503,4,4,neurotransmitter receptor diffusion trapping,protein-containing complex localization,0.9479231198808638,0.35229166666666667,0.78
GO:0098953,124,GO:0031503,4,4,receptor diffusion trapping,protein-containing complex localization,0.9479231198808638,0.35229166666666667,0.78
GO:0051030,117,GO:0006403,4,2,snRNA transport,RNA localization,0.9504393149664929,0.34845454545454546,0.776
GO:1903003,26,GO:0051246,4,2,positive regulation of protein deubiquitination,regulation of protein metabolic process,0.8806952717795979,0.3466666666666667,0.653
GO:0042338,168,GO:0042335,4,28,cuticle development involved in collagen and cuticulin-based cuticle molting cycle,cuticle development,0.9602211466865227,0.34575,0.935
GO:0031630,77,GO:0061024,4,11,regulation of synaptic vesicle fusion to presynaptic active zone membrane,membrane organization,0.8249391288160834,0.34562790697674417,0.723
GO:1901858,93,GO:0007005,4,2,regulation of mitochondrial DNA metabolic process,mitochondrion organization,0.8630999627699181,0.34464000000000006,0.699
GO:1902407,100,GO:0051301,4,1,assembly of actomyosin apparatus involved in mitotic cytokinesis,cell division,0.9316371928518243,0.3425,0.599
GO:1905483,69,GO:0048870,4,11,regulation of motor neuron migration,cell motility,0.9020381608339538,0.3418780487804878,0.73
GO:0090086,26,GO:0051246,4,1,negative regulation of protein deubiquitination,regulation of protein metabolic process,0.8844327997021594,0.3414285714285714,0.623
GO:0099639,124,GO:0031503,4,1,"neurotransmitter receptor transport, endosome to plasma membrane",protein-containing complex localization,0.9301911764705882,0.34016666666666673,0.745
GO:1903475,100,GO:0051301,4,1,mitotic actomyosin contractile ring assembly,cell division,0.9242576321667908,0.3388809523809524,0.599
GO:0051204,102,GO:0072657,4,4,protein insertion into mitochondrial membrane,protein localization to membrane,0.8922367833209233,0.33499999999999996,0.741
GO:0015789,193,GO:1901264,4,2,UDP-N-acetylgalactosamine transmembrane transport,carbohydrate derivative transport,0.9466574832464631,0.33440000000000003,0.762
GO:0032793,27,GO:0065009,4,1,positive regulation of CREB transcription factor activity,regulation of molecular function,0.8945580789277736,0.3288983050847457,0.753
GO:1901995,46,GO:0007049,4,10,positive regulation of meiotic cell cycle phase transition,cell cycle,0.8923521965748324,0.3277734375,0.538
GO:1990386,100,GO:0051301,4,2,mitotic cleavage furrow ingression,cell division,0.9310381608339539,0.32485714285714284,0.628
GO:0006546,37,GO:0044248,4,4,glycine catabolic process,cellular catabolic process,0.9066787043931497,0.3248,0.725
GO:0019720,12,GO:0019538,4,9,Mo-molybdopterin cofactor metabolic process,protein metabolic process,0.9214421072226359,0.32400000000000007,0.423
GO:0006777,12,GO:0019538,4,9,Mo-molybdopterin cofactor biosynthetic process,protein metabolic process,0.914970215934475,0.3222857142857143,0.423
GO:0042554,154,GO:2000377,4,2,superoxide anion generation,regulation of reactive oxygen species metabolic process,0.9661660461653016,0.3197,0.741
GO:0006449,108,GO:0022411,4,4,regulation of translational termination,cellular component disassembly,0.8441835443037975,0.31833333333333336,0.732
GO:0015743,125,GO:0015711,4,1,malate transport,organic anion transport,0.9624620253164557,0.31721428571428567,0.64
GO:0006848,156,GO:0046942,4,2,pyruvate transport,carboxylic acid transport,0.959536485480268,0.31607142857142856,0.741
GO:0032218,206,GO:0051180,4,2,riboflavin transport,vitamin transport,0.9544331720029784,0.31399999999999995,0.931
GO:0019532,125,GO:0015711,4,7,oxalate transport,organic anion transport,0.9582760610573343,0.31285714285714283,0.731
GO:0016559,188,GO:0007031,4,5,peroxisome fission,peroxisome organization,0.9426572970960536,0.3098333333333334,0.891
GO:0009436,178,GO:0006081,4,1,glyoxylate catabolic process,aldehyde metabolic process,0.9219208860759494,0.30254545454545456,0.798
GO:1904616,27,GO:0065009,4,2,regulation of actin binding,regulation of molecular function,0.9577714072970961,0.3024237288135593,0.785
GO:0006121,104,GO:0006091,4,5,"mitochondrial electron transport, succinate to ubiquinone",generation of precursor metabolites and energy,0.960521034996277,0.30060869565217396,0.731
GO:1990169,110,GO:0010038,4,11,stress response to copper ion,response to metal ion,0.9572140729709605,0.29447999999999996,0.849
GO:0098970,124,GO:0031503,4,4,postsynaptic neurotransmitter receptor diffusion trapping,protein-containing complex localization,0.9097877885331348,0.2942916666666666,0.78
GO:0016479,197,GO:0006360,4,2,negative regulation of transcription by RNA polymerase I,transcription by RNA polymerase I,0.879234921816828,0.29400000000000004,0.844
GO:0097484,67,GO:0040008,4,7,dendrite extension,regulation of growth,0.902388495904691,0.29381578947368425,0.721
GO:0006409,117,GO:0006403,4,3,tRNA export from nucleus,RNA localization,0.9333758376768428,0.2923636363636364,0.829
GO:0070831,148,GO:0030198,4,2,basement membrane assembly,extracellular matrix organization,0.9475335070737155,0.2865714285714286,0.803
GO:1902104,46,GO:0007049,4,6,positive regulation of metaphase/anaphase transition of meiotic cell cycle,cell cycle,0.8540245718540581,0.28592968750000003,0.515
GO:0001778,101,GO:0009611,4,6,plasma membrane repair,response to wounding,0.9162473938942666,0.2779166666666667,0.827
GO:0006741,163,GO:0072524,4,2,NADP biosynthetic process,pyridine-containing compound metabolic process,0.9029452717795979,0.27709523809523806,0.734
GO:2000192,140,GO:0010876,4,3,negative regulation of fatty acid transport,lipid localization,0.8861182055100522,0.27232,0.719
GO:0051938,184,GO:0006865,4,12,L-glutamate import,amino acid transport,0.9494463886820551,0.27225,0.82
GO:1900368,90,GO:0010608,4,8,regulation of post-transcriptional gene silencing by regulatory ncRNA,post-transcriptional regulation of gene expression,0.8803957557706626,0.2665238095238095,0.722
GO:1902358,200,GO:0072348,4,10,sulfate transmembrane transport,sulfur compound transport,0.9500014892032762,0.26580000000000004,0.96
GO:1905802,110,GO:0010038,4,8,regulation of cellular response to manganese ion,response to metal ion,0.9035444899478778,0.26095999999999997,0.837
GO:0042796,169,GO:0016073,4,8,snRNA transcription by RNA polymerase III,snRNA metabolic process,0.9293950111690246,0.2606666666666667,0.874
GO:0036265,122,GO:0032259,4,6,RNA (guanine-N7)-methylation,methylation,0.9284644452717796,0.26,0.74
GO:1905910,205,GO:0022611,4,9,negative regulation of dauer entry,dormancy process,0.8971911764705882,0.2516666666666667,0.881
GO:0006597,189,GO:0009308,4,1,spermine biosynthetic process,amine metabolic process,0.9512295234549516,0.251,0.803
GO:0009438,171,GO:0010565,4,4,methylglyoxal metabolic process,regulation of ketone metabolic process,0.9595748324646314,0.24783333333333335,0.785
GO:0019401,126,GO:0006066,4,3,alditol biosynthetic process,alcohol metabolic process,0.916087676842889,0.24578124999999995,0.763
GO:0006114,126,GO:0006066,4,3,glycerol biosynthetic process,alcohol metabolic process,0.9160806031273269,0.24459375000000005,0.763
GO:0045217,192,GO:0043954,4,3,cell-cell junction maintenance,cellular component maintenance,0.9514270290394639,0.24440000000000006,0.945
GO:0008295,189,GO:0009308,4,2,spermidine biosynthetic process,amine metabolic process,0.9504534623976173,0.24209999999999998,0.818
GO:0006772,167,GO:0006766,4,1,thiamine metabolic process,vitamin metabolic process,0.9285740878629933,0.23982352941176466,0.84
GO:0042438,158,GO:0042440,4,2,melanin biosynthetic process,pigment metabolic process,0.9520303425167536,0.2396666666666667,0.917
GO:0070900,207,GO:0000959,4,3,mitochondrial tRNA modification,mitochondrial RNA metabolic process,0.9206061057334326,0.23750000000000004,0.898
GO:0030299,198,GO:0007586,4,2,intestinal cholesterol absorption,digestion,0.9745515636634401,0.23385714285714287,0.764
GO:0019441,211,GO:0042430,4,4,L-tryptophan catabolic process to kynurenine,indole-containing compound metabolic process,0.9043084512285927,0.23283333333333334,0.88
GO:1903436,100,GO:0051301,4,6,regulation of mitotic cytokinetic process,cell division,0.921072226358898,0.22719047619047616,0.695
GO:1903863,105,GO:0021700,4,10,P granule assembly,developmental maturation,0.8824959046909904,0.21890909090909094,0.863
GO:0098856,198,GO:0007586,4,9,intestinal lipid absorption,digestion,0.9722732688011914,0.19871428571428573,0.844
GO:0006621,131,GO:0051235,4,4,protein retention in ER lumen,maintenance of location,0.9425418838421444,0.185875,0.881
GO:1990869,86,GO:0034097,4,1,cellular response to chemokine,response to cytokine,0.9695988458674609,0.18199999999999994,0.917
GO:1990868,86,GO:0034097,4,1,response to chemokine,response to cytokine,0.9695988458674609,0.18199999999999994,0.917
GO:1904478,198,GO:0007586,4,7,regulation of intestinal absorption,digestion,0.9312390171258377,0.1785714285714286,0.829
GO:0042816,167,GO:0006766,4,3,vitamin B6 metabolic process,vitamin metabolic process,0.9302025316455697,0.16552941176470592,0.932
GO:0042726,247,GO:0042726,4,2,flavin-containing compound metabolic process,flavin-containing compound metabolic process,0.9638343261355174,0.15170000000000006,0
GO:0060468,80,GO:0001775,4,7,prevention of polyspermy,cell activation,0.9025500744601638,0.14917647058823524,0.985
GO:0048682,150,GO:0031099,4,12,sprouting of injured axon,regeneration,0.8634395011169025,0.14369230769230767,0.904
GO:0032608,120,GO:0001817,4,1,interferon-beta production,regulation of cytokine production,0.9312794117647059,0.137,0.926
GO:0032606,120,GO:0001817,4,2,type I interferon production,regulation of cytokine production,0.9286597170513775,0.12116666666666664,0.959
GO:0007217,18,GO:0007154,3,2,tachykinin receptor signaling pathway,cell communication,0.9312014147431125,0.6462666666666667,0.336
GO:0072741,29,GO:0033036,3,1,protein localization to cell division site,macromolecule localization,0.9517077438570365,0.642241935483871,0.456
GO:1901562,14,GO:0042221,3,6,response to paraquat,response to chemical,0.9667014147431124,0.6417419354838709,0.535
GO:0015855,43,GO:0071705,3,1,pyrimidine nucleobase transport,nitrogen compound transport,0.9613682055100521,0.616925,0.499
GO:1904106,29,GO:0033036,3,3,protein localization to microvillus,macromolecule localization,0.9485917721518987,0.6145645161290323,0.495
GO:0035095,14,GO:0042221,3,6,behavioral response to nicotine,response to chemical,0.9423745346239761,0.6110483870967742,0.546
GO:0035519,19,GO:0043412,3,1,protein K29-linked ubiquitination,macromolecule modification,0.945611504095309,0.6102659574468086,0.446
GO:0042262,70,GO:0006259,3,2,DNA protection,DNA metabolic process,0.9092898361876396,0.6017685185185185,0.544
GO:0046952,63,GO:0006629,3,1,ketone body catabolic process,lipid metabolic process,0.913632539091586,0.5858414634146342,0.477
GO:0030388,34,GO:0006793,3,5,"fructose 1,6-bisphosphate metabolic process",phosphorus metabolic process,0.9342876023827252,0.5835102040816327,0.495
GO:0061739,19,GO:0043412,3,2,protein lipidation involved in autophagosome assembly,macromolecule modification,0.8734171630677587,0.5827659574468085,0.47
GO:1905383,29,GO:0033036,3,2,protein localization to presynapse,macromolecule localization,0.9475634772896501,0.5811774193548387,0.495
GO:0032185,155,GO:0031023,3,4,septin cytoskeleton organization,microtubule organizing center organization,0.9445860014892032,0.5802340425531916,0.478
GO:0071934,43,GO:0071705,3,1,thiamine transmembrane transport,nitrogen compound transport,0.951690059568131,0.5801125,0.499
GO:0015697,43,GO:0071705,3,3,quaternary ammonium group transport,nitrogen compound transport,0.9581163440059568,0.576225,0.553
GO:0060065,11,GO:0048731,3,5,uterus development,system development,0.9489731943410276,0.5708936170212766,0.512
GO:0050916,55,GO:0003008,3,1,sensory perception of sweet taste,system process,0.97613495904691,0.5708571428571428,0.511
GO:0046391,58,GO:1901135,3,2,5-phosphoribose 1-diphosphate metabolic process,carbohydrate derivative metabolic process,0.9345981012658228,0.57085,0.552
GO:0098828,13,GO:0065008,3,1,modulation of inhibitory postsynaptic potential,regulation of biological quality,0.8851351451973194,0.5706521739130435,0.523
GO:0097151,13,GO:0065008,3,1,positive regulation of inhibitory postsynaptic potential,regulation of biological quality,0.8752025316455696,0.5706521739130435,0.523
GO:0097494,13,GO:0065008,3,2,regulation of vesicle size,regulation of biological quality,0.9217105361131794,0.5607536231884058,0.55
GO:0006015,58,GO:1901135,3,2,5-phosphoribose 1-diphosphate biosynthetic process,carbohydrate derivative metabolic process,0.923970215934475,0.55979,0.552
GO:0035621,43,GO:0071705,3,1,ER to Golgi ceramide transport,nitrogen compound transport,0.9395815338793745,0.5582625,0.499
GO:0006481,19,GO:0043412,3,2,C-terminal protein methylation,macromolecule modification,0.9420483991064781,0.5579574468085107,0.47
GO:0048219,40,GO:0016192,3,1,inter-Golgi cisterna vesicle-mediated transport,vesicle-mediated transport,0.9568575949367089,0.5517777777777777,0.491
GO:0046462,63,GO:0006629,3,2,monoacylglycerol metabolic process,lipid metabolic process,0.9479568131049888,0.5508719512195122,0.502
GO:0110104,59,GO:0006396,3,1,mRNA alternative polyadenylation,RNA processing,0.933641660461653,0.55040625,0.483
GO:0046490,63,GO:0006629,3,4,isopentenyl diphosphate metabolic process,lipid metabolic process,0.9272157483246464,0.5503963414634147,0.555
GO:0018211,19,GO:0043412,3,1,peptidyl-tryptophan modification,macromolecule modification,0.9445869322412509,0.5465851063829787,0.446
GO:0010499,32,GO:0009056,3,3,proteasomal ubiquitin-independent protein catabolic process,catabolic process,0.9324934847356664,0.5428666666666666,0.469
GO:0070292,63,GO:0006629,3,2,N-acylphosphatidylethanolamine metabolic process,lipid metabolic process,0.9289220029784065,0.5404573170731708,0.502
GO:0050955,55,GO:0003008,3,2,thermoception,system process,0.9750148920327625,0.5395285714285714,0.537
GO:0008300,63,GO:0006629,3,4,isoprenoid catabolic process,lipid metabolic process,0.9322345495160089,0.5355670731707317,0.53
GO:0015842,40,GO:0016192,3,1,aminergic neurotransmitter loading into synaptic vesicle,vesicle-mediated transport,0.9410346239761728,0.5344444444444445,0.491
GO:0070682,36,GO:0043933,3,1,proteasome regulatory particle assembly,protein-containing complex organization,0.9445441176470588,0.5322096774193548,0.588
GO:0034638,63,GO:0006629,3,1,phosphatidylcholine catabolic process,lipid metabolic process,0.9197518615040953,0.5315304878048781,0.477
GO:1901642,43,GO:0071705,3,9,nucleoside transmembrane transport,nitrogen compound transport,0.9454888309754281,0.5299750000000001,0.601
GO:0051684,75,GO:0051640,3,1,maintenance of Golgi location,organelle localization,0.95022617274758,0.5274109589041096,0.59
GO:0045338,63,GO:0006629,3,2,farnesyl diphosphate metabolic process,lipid metabolic process,0.9293776991809382,0.5258658536585366,0.518
GO:0019230,55,GO:0003008,3,2,proprioception,system process,0.974831347728965,0.5254428571428571,0.537
GO:0046341,63,GO:0006629,3,6,CDP-diacylglycerol metabolic process,lipid metabolic process,0.9263374906924795,0.5238719512195122,0.555
GO:0036149,63,GO:0006629,3,7,phosphatidylinositol acyl-chain remodeling,lipid metabolic process,0.92626191362621,0.5217804878048781,0.555
GO:0010070,100,GO:0051301,3,1,zygote asymmetric cell division,cell division,0.9895431868950112,0.5215238095238095,0.599
GO:0036228,29,GO:0033036,3,2,protein localization to nuclear inner membrane,macromolecule localization,0.9449242367833209,0.5215161290322581,0.48
GO:0015960,76,GO:0055086,3,1,diadenosine polyphosphate biosynthetic process,nucleobase-containing small molecule metabolic process,0.9091383097542814,0.5203939393939394,0.541
GO:0015966,76,GO:0055086,3,1,diadenosine tetraphosphate biosynthetic process,nucleobase-containing small molecule metabolic process,0.9091133655994044,0.5195818181818181,0.541
GO:0050432,43,GO:0071705,3,2,catecholamine secretion,nitrogen compound transport,0.9471124348473566,0.5159625,0.525
GO:0070651,32,GO:0009056,3,1,nonfunctional rRNA decay,catabolic process,0.9270846984363366,0.5159111111111111,0.431
GO:0038007,53,GO:0007166,3,12,netrin-activated signaling pathway,cell surface receptor signaling pathway,0.9189179076693968,0.5158474576271186,0.67
GO:0052651,63,GO:0006629,3,2,monoacylglycerol catabolic process,lipid metabolic process,0.9334452717795979,0.5148353658536585,0.502
GO:0090494,43,GO:0071705,3,4,dopamine uptake,nitrogen compound transport,0.9545,0.5147125,0.572
GO:0000103,111,GO:0006790,3,1,sulfate assimilation,sulfur compound metabolic process,0.9610915860014893,0.5132619047619047,0.638
GO:0090493,43,GO:0071705,3,4,catecholamine uptake,nitrogen compound transport,0.9540925167535369,0.511625,0.579
GO:0031590,58,GO:1901135,3,1,wybutosine metabolic process,carbohydrate derivative metabolic process,0.9514300074460164,0.51127,0.509
GO:0034036,76,GO:0055086,3,1,purine ribonucleoside bisphosphate biosynthetic process,nucleobase-containing small molecule metabolic process,0.9082172375279226,0.5085636363636363,0.541
GO:0030167,58,GO:1901135,3,1,proteoglycan catabolic process,carbohydrate derivative metabolic process,0.9235714817572599,0.5070600000000001,0.509
GO:0070327,13,GO:0065008,3,1,thyroid hormone transport,regulation of biological quality,0.9296327252419956,0.5063188405797101,0.523
GO:0000973,57,GO:0051276,3,3,post-transcriptional tethering of RNA polymerase II gene DNA at nuclear periphery,chromosome organization,0.9457073715562174,0.5059047619047619,0.643
GO:0060988,36,GO:0043933,3,2,lipid tube assembly,protein-containing complex organization,0.9441314221891288,0.5045645161290322,0.588
GO:0030214,58,GO:1901135,3,1,hyaluronan catabolic process,carbohydrate derivative metabolic process,0.9309084139985108,0.50423,0.509
GO:0070305,14,GO:0042221,3,3,response to cGMP,response to chemical,0.9639229337304542,0.5026774193548387,0.494
GO:0090071,17,GO:0044085,3,2,negative regulation of ribosome biogenesis,cellular component biogenesis,0.8971096425912137,0.5016176470588236,0.476
GO:0070813,111,GO:0006790,3,2,hydrogen sulfide metabolic process,sulfur compound metabolic process,0.9609962769918093,0.5010714285714286,0.638
GO:0070221,111,GO:0006790,3,2,"sulfide oxidation, using sulfide:quinone oxidoreductase",sulfur compound metabolic process,0.9609929262844378,0.5006428571428572,0.638
GO:0019418,111,GO:0006790,3,2,sulfide oxidation,sulfur compound metabolic process,0.9609929262844378,0.5006428571428572,0.638
GO:0031591,58,GO:1901135,3,1,wybutosine biosynthetic process,carbohydrate derivative metabolic process,0.9140158227848101,0.50007,0.509
GO:0035188,233,GO:0071684,3,2,hatching,organism emergence from protective structure,0.967024199553239,0.5,1
GO:0031640,227,GO:0001906,3,12,killing of cells of another organism,cell killing,0.98709921816828,0.5,1
GO:0009217,76,GO:0055086,3,1,purine deoxyribonucleoside triphosphate catabolic process,nucleobase-containing small molecule metabolic process,0.8997851824274014,0.49973333333333336,0.569
GO:0019442,74,GO:0043603,3,1,L-tryptophan catabolic process to acetyl-CoA,amide metabolic process,0.889336932241251,0.49929999999999997,0.634
GO:1904515,20,GO:0023052,3,1,positive regulation of TORC2 signaling,signaling,0.9005524944154877,0.49897,0.319
GO:0015866,43,GO:0071705,3,10,ADP transport,nitrogen compound transport,0.9489341027550261,0.4973875,0.596
GO:0045337,63,GO:0006629,3,2,farnesyl diphosphate biosynthetic process,lipid metabolic process,0.9199720774385703,0.49675,0.518
GO:0051791,35,GO:0044281,3,5,medium-chain fatty acid metabolic process,small molecule metabolic process,0.9157313849590469,0.49377499999999996,0.505
GO:0098700,40,GO:0016192,3,5,neurotransmitter loading into synaptic vesicle,vesicle-mediated transport,0.9415130305286672,0.49288888888888893,0.555
GO:0002115,72,GO:0006811,3,3,store-operated calcium entry,monoatomic ion transport,0.9604067386448251,0.49276744186046517,0.514
GO:0015867,43,GO:0071705,3,12,ATP transport,nitrogen compound transport,0.9483687639612807,0.4919,0.606
GO:0010938,155,GO:0031023,3,1,cytoplasmic microtubule depolymerization,microtubule organizing center organization,0.9348300446760983,0.49172340425531913,0.513
GO:0097359,34,GO:0006793,3,3,UDP-glucosylation,phosphorus metabolic process,0.9048257632166791,0.49083673469387756,0.475
GO:0050428,76,GO:0055086,3,1,3'-phosphoadenosine 5'-phosphosulfate biosynthetic process,nucleobase-containing small molecule metabolic process,0.8956397989575577,0.4903090909090909,0.541
GO:0009186,76,GO:0055086,3,1,deoxyribonucleoside diphosphate metabolic process,nucleobase-containing small molecule metabolic process,0.9095268056589725,0.4886484848484849,0.586
GO:0003032,47,GO:0009628,3,2,detection of oxygen,response to abiotic stimulus,0.9640660833953835,0.48839583333333336,0.599
GO:0042713,30,GO:0022414,3,1,sperm ejaculation,reproductive process,0.9663196202531645,0.4861388888888889,0.427
GO:0034087,57,GO:0051276,3,1,establishment of mitotic sister chromatid cohesion,chromosome organization,0.9359700297840655,0.4843571428571428,0.596
GO:0006210,76,GO:0055086,3,3,thymine catabolic process,nucleobase-containing small molecule metabolic process,0.9062704765450484,0.48338181818181813,0.586
GO:1904508,29,GO:0033036,3,3,regulation of protein localization to basolateral plasma membrane,macromolecule localization,0.8988255770662695,0.4819193548387096,0.495
GO:1990893,57,GO:0051276,3,3,mitotic chromosome centromere condensation,chromosome organization,0.9292042069992554,0.48138095238095235,0.643
GO:0000967,59,GO:0006396,3,3,rRNA 5'-end processing,RNA processing,0.8917477661950857,0.47924999999999995,0.524
GO:0009211,76,GO:0055086,3,3,pyrimidine deoxyribonucleoside triphosphate metabolic process,nucleobase-containing small molecule metabolic process,0.9065433730454207,0.479,0.609
GO:0009240,63,GO:0006629,3,4,isopentenyl diphosphate biosynthetic process,lipid metabolic process,0.9160402084884587,0.47657926829268293,0.555
GO:1904640,14,GO:0042221,3,2,response to methionine,response to chemical,0.9644655621742367,0.4725806451612903,0.479
GO:0034398,75,GO:0051640,3,1,telomere tethering at nuclear periphery,organelle localization,0.9636275130305286,0.4714931506849315,0.59
GO:0000472,59,GO:0006396,3,3,"endonucleolytic cleavage to generate mature 5'-end of SSU-rRNA from (SSU-rRNA, 5.8S rRNA, LSU-rRNA)",RNA processing,0.8912620997766195,0.47081249999999997,0.524
GO:0006183,76,GO:0055086,3,2,GTP biosynthetic process,nucleobase-containing small molecule metabolic process,0.897442851824274,0.469939393939394,0.569
GO:0070141,47,GO:0009628,3,1,response to UV-A,response to abiotic stimulus,0.9718769545793001,0.4678333333333333,0.599
GO:0016255,132,GO:0006457,3,5,attachment of GPI anchor to protein,protein folding,0.9354084139985108,0.46764285714285714,0.662
GO:0009414,14,GO:0042221,3,1,response to water deprivation,response to chemical,0.9561451973194341,0.46756451612903227,0.479
GO:0010513,63,GO:0006629,3,1,positive regulation of phosphatidylinositol biosynthetic process,lipid metabolic process,0.8651317944899479,0.4659146341463415,0.477
GO:0071321,14,GO:0042221,3,3,cellular response to cGMP,response to chemical,0.9521066641846612,0.46499999999999997,0.494
GO:0048842,38,GO:0009605,3,2,positive regulation of axon extension involved in axon guidance,response to external stimulus,0.8020206626954579,0.4636,0.537
GO:0080120,132,GO:0006457,3,2,CAAX-box protein maturation,protein folding,0.9368380491437082,0.4631428571428571,0.643
GO:0006549,116,GO:0006520,3,3,isoleucine metabolic process,amino acid metabolic process,0.9237375279225615,0.46034821428571426,0.627
GO:0031087,32,GO:0009056,3,3,deadenylation-independent decapping of nuclear-transcribed mRNA,catabolic process,0.8620584512285927,0.45962222222222227,0.48
GO:0031086,32,GO:0009056,3,3,"nuclear-transcribed mRNA catabolic process, deadenylation-independent decay",catabolic process,0.862102382725242,0.45962222222222227,0.48
GO:0033564,49,GO:0030030,3,20,anterior/posterior axon guidance,cell projection organization,0.899538905435592,0.45920370370370367,0.676
GO:0048601,30,GO:0022414,3,4,oocyte morphogenesis,reproductive process,0.9433190618019359,0.4578055555555556,0.484
GO:0009136,76,GO:0055086,3,4,purine nucleoside diphosphate biosynthetic process,nucleobase-containing small molecule metabolic process,0.9001096425912137,0.45664848484848486,0.609
GO:0090472,132,GO:0006457,3,1,dibasic protein processing,protein folding,0.9392049516008936,0.4565,0.596
GO:0009180,76,GO:0055086,3,4,purine ribonucleoside diphosphate biosynthetic process,nucleobase-containing small molecule metabolic process,0.9000826507818317,0.45576969696969694,0.609
GO:0006228,76,GO:0055086,3,1,UTP biosynthetic process,nucleobase-containing small molecule metabolic process,0.8993909158600149,0.45543636363636364,0.541
GO:1904780,29,GO:0033036,3,4,negative regulation of protein localization to centrosome,macromolecule localization,0.8777164929262844,0.4548870967741936,0.524
GO:0009298,34,GO:0006793,3,4,GDP-mannose biosynthetic process,phosphorus metabolic process,0.8932287788533135,0.4527959183673469,0.51
GO:1990048,115,GO:0051169,3,2,anterograde neuronal dense core vesicle transport,nuclear transport,0.9336712583767685,0.4512631578947368,0.487
GO:0019264,116,GO:0006520,3,1,glycine biosynthetic process from serine,amino acid metabolic process,0.9160906552494416,0.45102678571428567,0.609
GO:0046104,58,GO:1901135,3,3,thymidine metabolic process,carbohydrate derivative metabolic process,0.9064365227103499,0.45002,0.552
GO:0070266,48,GO:0043067,3,12,necroptotic process,regulation of programmed cell death,0.9863756515264334,0.44832000000000005,0.653
GO:0035694,93,GO:0007005,3,1,mitochondrial protein catabolic process,mitochondrion organization,0.8928140357408786,0.44820000000000004,0.699
GO:0002188,107,GO:0006412,3,2,translation reinitiation,translation,0.9394685405807893,0.44791666666666663,0.559
GO:0006566,116,GO:0006520,3,4,threonine metabolic process,amino acid metabolic process,0.9222226358897989,0.44485714285714284,0.64
GO:1903394,36,GO:0043933,3,5,protein localization to kinetochore involved in kinetochore assembly,protein-containing complex organization,0.8861046165301564,0.4441935483870968,0.638
GO:0014819,55,GO:0003008,3,1,regulation of skeletal muscle contraction,system process,0.9376982501861504,0.44382857142857146,0.511
GO:0048205,75,GO:0051640,3,1,COPI coating of Golgi vesicle,organelle localization,0.9018475428145942,0.4437123287671233,0.59
GO:0035964,75,GO:0051640,3,1,COPI-coated vesicle budding,organelle localization,0.9019486224869695,0.4437123287671233,0.59
GO:0006685,63,GO:0006629,3,4,sphingomyelin catabolic process,lipid metabolic process,0.9051850335070737,0.4423780487804878,0.576
GO:0048200,77,GO:0061024,3,1,Golgi transport vesicle coating,membrane organization,0.9018819806403574,0.44130232558139537,0.609
GO:0060785,45,GO:0042592,3,1,regulation of apoptosis involved in tissue homeostasis,homeostatic process,0.9275271779597916,0.43945454545454543,0.615
GO:0032468,45,GO:0042592,3,1,Golgi calcium ion homeostasis,homeostatic process,0.9914504839910647,0.4393484848484849,0.615
GO:0032226,81,GO:0007267,3,1,"positive regulation of synaptic transmission, dopaminergic",cell-cell signaling,0.920111504095309,0.43834615384615383,0.562
GO:1903567,29,GO:0033036,3,2,regulation of protein localization to ciliary membrane,macromolecule localization,0.8995016753536857,0.4374677419354839,0.48
GO:0009193,76,GO:0055086,3,6,pyrimidine ribonucleoside diphosphate metabolic process,nucleobase-containing small molecule metabolic process,0.9006613924050633,0.4372242424242424,0.662
GO:1904000,65,GO:0007610,3,10,positive regulation of eating behavior,behavior,0.9146163440059568,0.4369375,0.601
GO:0051026,39,GO:0044703,3,7,chiasma assembly,multi-organism reproductive process,0.8564076693968727,0.43455,0.353
GO:0046125,58,GO:1901135,3,5,pyrimidine deoxyribonucleoside metabolic process,carbohydrate derivative metabolic process,0.9035994043186895,0.43427000000000004,0.574
GO:0042350,34,GO:0006793,3,4,GDP-L-fucose biosynthetic process,phosphorus metabolic process,0.8901582278481013,0.4336938775510204,0.53
GO:0031272,49,GO:0030030,3,2,regulation of pseudopodium assembly,cell projection organization,0.9002220774385704,0.43207407407407405,0.545
GO:0050926,52,GO:0040011,3,2,regulation of positive chemotaxis,locomotion,0.9210817200297841,0.43170833333333336,0.566
GO:1902119,46,GO:0007049,3,2,regulation of meiotic spindle elongation,cell cycle,0.8831554355919583,0.4310390625,0.471
GO:0046865,140,GO:0010876,3,1,terpenoid transport,lipid localization,0.9576008935219658,0.43091999999999997,0.67
GO:0046864,140,GO:0010876,3,1,isoprenoid transport,lipid localization,0.9576008935219658,0.43091999999999997,0.67
GO:0046078,76,GO:0055086,3,2,dUMP metabolic process,nucleobase-containing small molecule metabolic process,0.8990761355174981,0.43079999999999996,0.586
GO:0045901,107,GO:0006412,3,2,positive regulation of translational elongation,translation,0.8786170886075949,0.427875,0.559
GO:0034633,140,GO:0010876,3,1,retinol transport,lipid localization,0.9554307520476545,0.42576,0.67
GO:0003400,77,GO:0061024,3,2,regulation of COPII vesicle coating,membrane organization,0.8498170141474312,0.42400000000000004,0.638
GO:0031134,75,GO:0051640,3,2,sister chromatid biorientation,organelle localization,0.8919651898734178,0.4238767123287671,0.618
GO:0060159,21,GO:0023051,3,1,regulation of dopamine receptor signaling pathway,regulation of signaling,0.9078549888309755,0.4233181818181818,0.554
GO:2000194,44,GO:0003006,3,2,regulation of female gonad development,developmental process involved in reproduction,0.9082390171258377,0.4225882352941176,0.568
GO:0097402,69,GO:0048870,3,15,neuroblast migration,cell motility,0.9875212211466865,0.42239024390243907,0.76
GO:0034197,140,GO:0010876,3,3,triglyceride transport,lipid localization,0.9550755770662696,0.42203999999999997,0.719
GO:0034196,140,GO:0010876,3,3,acylglycerol transport,lipid localization,0.9550755770662696,0.42203999999999997,0.719
GO:0006172,76,GO:0055086,3,4,ADP biosynthetic process,nucleobase-containing small molecule metabolic process,0.8914300074460164,0.4217151515151515,0.609
GO:0046073,76,GO:0055086,3,2,dTMP metabolic process,nucleobase-containing small molecule metabolic process,0.8974121370067014,0.42158181818181817,0.599
GO:0050927,52,GO:0040011,3,2,positive regulation of positive chemotaxis,locomotion,0.9055861876396128,0.42074999999999996,0.566
GO:0030997,155,GO:0031023,3,5,regulation of centriole-centriole cohesion,microtubule organizing center organization,0.8905469099032017,0.4180425531914893,0.833
GO:0006226,76,GO:0055086,3,2,dUMP biosynthetic process,nucleobase-containing small molecule metabolic process,0.8928358153387937,0.4156727272727273,0.586
GO:1902423,75,GO:0051640,3,2,regulation of attachment of mitotic spindle microtubules to kinetochore,organelle localization,0.8435266195085629,0.4153287671232877,0.618
GO:0016926,19,GO:0043412,3,4,protein desumoylation,macromolecule modification,0.9364489947877885,0.41500000000000004,0.52
GO:1904069,58,GO:1901135,3,15,ascaroside metabolic process,carbohydrate derivative metabolic process,0.941617460908414,0.41308,0.653
GO:0007493,33,GO:0009888,3,1,endodermal cell fate determination,tissue development,0.9489091586001489,0.41200000000000003,0.639
GO:0046121,58,GO:1901135,3,3,deoxyribonucleoside catabolic process,carbohydrate derivative metabolic process,0.8944303797468355,0.41167,0.552
GO:0042791,123,GO:0016072,3,1,5S class rRNA transcription by RNA polymerase III,rRNA metabolic process,0.9362148175725986,0.41125,0.641
GO:0018317,142,GO:0070085,3,1,protein C-linked glycosylation via tryptophan,glycosylation,0.9243683916604617,0.41118750000000004,0.626
GO:0018103,142,GO:0070085,3,1,protein C-linked glycosylation,glycosylation,0.9265766939687268,0.41118750000000004,0.626
GO:0071586,132,GO:0006457,3,2,CAAX-box protein processing,protein folding,0.9358244601638124,0.4109285714285714,0.635
GO:0008315,46,GO:0007049,3,6,G2/MI transition of meiotic cell cycle,cell cycle,0.9550124720774386,0.4106171875,0.515
GO:0046036,76,GO:0055086,3,6,CTP metabolic process,nucleobase-containing small molecule metabolic process,0.8936215562174237,0.41060606060606064,0.632
GO:0019666,104,GO:0006091,3,1,nitrogenous compound fermentation,generation of precursor metabolites and energy,0.9648211094564408,0.4101739130434783,0.64
GO:0006113,104,GO:0006091,3,1,fermentation,generation of precursor metabolites and energy,0.9648211094564408,0.4101739130434783,0.64
GO:0009155,34,GO:0006793,3,1,purine deoxyribonucleotide catabolic process,phosphorus metabolic process,0.8918168279970216,0.4100612244897959,0.46
GO:0032057,107,GO:0006412,3,2,negative regulation of translational initiation in response to stress,translation,0.8630578927773641,0.4072083333333333,0.559
GO:0006231,76,GO:0055086,3,2,dTMP biosynthetic process,nucleobase-containing small molecule metabolic process,0.8910685033507074,0.4062545454545454,0.599
GO:0006241,76,GO:0055086,3,4,CTP biosynthetic process,nucleobase-containing small molecule metabolic process,0.8899287043931496,0.4059636363636364,0.609
GO:0051229,108,GO:0022411,3,2,meiotic spindle disassembly,cellular component disassembly,0.9163036113179449,0.4047333333333333,0.699
GO:0090389,6,GO:0071840,3,4,phagosome-lysosome fusion involved in apoptotic cell clearance,cellular component organization or biogenesis,0.8930255026061057,0.40354545454545454,0.344
GO:0016138,58,GO:1901135,3,15,glycoside biosynthetic process,carbohydrate derivative metabolic process,0.9291948994787789,0.40042,0.653
GO:0042660,103,GO:0045165,3,11,positive regulation of cell fate specification,cell fate commitment,0.8948814221891288,0.4003157894736842,0.715
GO:1904070,58,GO:1901135,3,15,ascaroside biosynthetic process,carbohydrate derivative metabolic process,0.9291919210722264,0.40025999999999995,0.653
GO:0016240,108,GO:0022411,3,1,autophagosome membrane docking,cellular component disassembly,0.8789223752792257,0.3990888888888888,0.668
GO:1903225,33,GO:0009888,3,1,negative regulation of endodermal cell differentiation,tissue development,0.8953440059568131,0.39633962264150946,0.639
GO:1903288,31,GO:0032879,3,1,positive regulation of potassium ion import across plasma membrane,regulation of localization,0.8928131049888309,0.3957866666666666,0.568
GO:0019740,84,GO:0031667,3,1,nitrogen utilization,response to nutrient levels,0.9682280342516754,0.3956666666666666,0.717
GO:0019676,84,GO:0031667,3,1,ammonia assimilation cycle,response to nutrient levels,0.897376209977662,0.3956666666666666,0.717
GO:0032877,70,GO:0006259,3,3,positive regulation of DNA endoreduplication,DNA metabolic process,0.8553633655994043,0.3949166666666667,0.561
GO:1900075,81,GO:0007267,3,4,positive regulation of neuromuscular synaptic transmission,cell-cell signaling,0.9128004467609829,0.3945384615384615,0.631
GO:0101030,143,GO:0006399,3,3,tRNA-guanine transglycosylation,tRNA metabolic process,0.9195098659717051,0.39094117647058824,0.696
GO:0002949,143,GO:0006399,3,3,tRNA threonylcarbamoyladenosine modification,tRNA metabolic process,0.9225260610573344,0.38964705882352946,0.662
GO:0048625,94,GO:0061061,3,2,myoblast fate commitment,muscle structure development,0.9615346239761727,0.3892333333333333,0.709
GO:0009134,76,GO:0055086,3,28,nucleoside diphosphate catabolic process,nucleobase-containing small molecule metabolic process,0.8776042442293372,0.3890363636363636,0.748
GO:0042664,33,GO:0009888,3,1,negative regulation of endodermal cell fate specification,tissue development,0.8940230826507818,0.38884905660377356,0.639
GO:0009191,76,GO:0055086,3,28,ribonucleoside diphosphate catabolic process,nucleobase-containing small molecule metabolic process,0.877590469099032,0.3885878787878788,0.748
GO:0015886,72,GO:0006811,3,7,heme transport,monoatomic ion transport,0.9505303425167535,0.38846511627906977,0.547
GO:0006032,58,GO:1901135,3,7,chitin catabolic process,carbohydrate derivative metabolic process,0.920298399106478,0.38844,0.608
GO:0044857,77,GO:0061024,3,2,plasma membrane raft organization,membrane organization,0.94759921816828,0.38804651162790704,0.67
GO:0044854,77,GO:0061024,3,2,plasma membrane raft assembly,membrane organization,0.9384735666418467,0.38804651162790704,0.67
GO:0046048,76,GO:0055086,3,6,UDP metabolic process,nucleobase-containing small molecule metabolic process,0.8909378257632167,0.38798787878787877,0.653
GO:0031536,46,GO:0007049,3,2,positive regulation of exit from mitosis,cell cycle,0.8838268801191362,0.3872265625,0.471
GO:0001732,107,GO:0006412,3,13,formation of cytoplasmic translation initiation complex,translation,0.8791855919583023,0.3849583333333333,0.651
GO:0042006,44,GO:0003006,3,10,masculinization of hermaphroditic germ-line,developmental process involved in reproduction,0.9515262472077438,0.38226470588235295,0.634
GO:0090158,98,GO:0010256,3,9,endoplasmic reticulum membrane organization,endomembrane system organization,0.9393160833953835,0.3814705882352941,0.758
GO:1902120,46,GO:0007049,3,2,negative regulation of meiotic spindle elongation,cell cycle,0.8574113924050633,0.3808828125,0.471
GO:0106072,21,GO:0023051,3,1,negative regulation of adenylate cyclase-activating G protein-coupled receptor signaling pathway,regulation of signaling,0.9031303052866716,0.3803181818181818,0.554
GO:0035674,156,GO:0046942,3,2,tricarboxylic acid transmembrane transport,carboxylic acid transport,0.9535685033507074,0.3797857142857143,0.707
GO:1901994,46,GO:0007049,3,3,negative regulation of meiotic cell cycle phase transition,cell cycle,0.89979765450484,0.375765625,0.486
GO:0099011,75,GO:0051640,3,10,neuronal dense core vesicle exocytosis,organelle localization,0.9275013030528667,0.37184931506849317,0.734
GO:0015760,193,GO:1901264,3,2,glucose-6-phosphate transport,carbohydrate derivative transport,0.9594419210722264,0.37006666666666665,0.762
GO:0015712,193,GO:1901264,3,2,hexose phosphate transport,carbohydrate derivative transport,0.9633170141474311,0.37006666666666665,0.762
GO:0031048,83,GO:0006325,3,7,regulatory ncRNA-mediated heterochromatin formation,chromatin organization,0.8553199925539836,0.36875,0.698
GO:1904688,107,GO:0006412,3,1,regulation of cytoplasmic translational initiation,translation,0.898183730454207,0.36620833333333336,0.532
GO:0035927,133,GO:0006839,3,2,RNA import into mitochondrion,mitochondrial transport,0.9428244601638124,0.36416666666666664,0.738
GO:0090296,93,GO:0007005,3,1,regulation of mitochondrial DNA replication,mitochondrion organization,0.8667652643335815,0.3628,0.669
GO:0000390,108,GO:0022411,3,3,spliceosomal complex disassembly,cellular component disassembly,0.8851381236038719,0.36048888888888886,0.732
GO:0006842,156,GO:0046942,3,6,tricarboxylic acid transport,carboxylic acid transport,0.9585390915860015,0.35871428571428576,0.771
GO:0000454,149,GO:0009451,3,1,snoRNA guided rRNA pseudouridine synthesis,RNA modification,0.8912187267311988,0.3584117647058823,0.656
GO:0033499,109,GO:0005975,3,3,galactose catabolic process via UDP-galactose,carbohydrate metabolic process,0.9153996649292628,0.355,0.639
GO:0097105,127,GO:0050808,3,1,presynaptic membrane assembly,synapse organization,0.9098879374534624,0.35397777777777784,0.689
GO:1905799,124,GO:0031503,3,2,regulation of intraciliary retrograde transport,protein-containing complex localization,0.8582323157110946,0.35320833333333335,0.745
GO:0098581,134,GO:0051606,3,2,detection of external biotic stimulus,detection of stimulus,0.9693279970215934,0.35185714285714287,0.669
GO:0009595,134,GO:0051606,3,2,detection of biotic stimulus,detection of stimulus,0.9713114296351452,0.35185714285714287,0.669
GO:0090168,224,GO:0048308,3,1,Golgi reassembly,organelle inheritance,0.943174981384959,0.3516666666666667,0.945
GO:0043282,94,GO:0061061,3,7,chordate pharyngeal muscle development,muscle structure development,0.9530593819806403,0.3509,0.793
GO:0006408,117,GO:0006403,3,1,snRNA export from nucleus,RNA localization,0.9384653760238273,0.3498181818181818,0.756
GO:0022615,153,GO:0022406,3,1,protein to membrane docking,membrane docking,0.9927995160089352,0.3488888888888889,0.792
GO:0030836,108,GO:0022411,3,1,positive regulation of actin filament depolymerization,cellular component disassembly,0.8758337676842889,0.34857777777777776,0.668
GO:1902856,24,GO:0051128,3,3,negative regulation of non-motile cilium assembly,regulation of cellular component organization,0.8732414370811616,0.34053125000000006,0.568
GO:0018406,142,GO:0070085,3,1,protein C-linked glycosylation via 2'-alpha-mannosyl-L-tryptophan,glycosylation,0.9241556217423679,0.33975,0.626
GO:0016480,210,GO:0006383,3,2,negative regulation of transcription by RNA polymerase III,transcription by RNA polymerase III,0.8764819434102755,0.33920000000000006,0.845
GO:0110011,136,GO:0043062,3,7,regulation of basement membrane organization,extracellular structure organization,0.905575018615041,0.33899999999999997,0.874
GO:1905485,69,GO:0048870,3,10,positive regulation of motor neuron migration,cell motility,0.8864625837676843,0.3384634146341463,0.716
GO:0097112,102,GO:0072657,3,5,gamma-aminobutyric acid receptor clustering,protein localization to membrane,0.8990662695457929,0.3382173913043478,0.77
GO:0019464,37,GO:0044248,3,3,glycine decarboxylation via glycine cleavage system,cellular catabolic process,0.9085039091586001,0.33786666666666665,0.707
GO:0051664,124,GO:0031503,3,14,nuclear pore localization,protein-containing complex localization,0.8999558823529412,0.33599999999999997,0.855
GO:0000455,149,GO:0009451,3,2,enzyme-directed rRNA pseudouridine synthesis,RNA modification,0.8870389054355919,0.33582352941176463,0.687
GO:0046133,37,GO:0044248,3,4,pyrimidine ribonucleoside catabolic process,cellular catabolic process,0.8864759865971705,0.32899999999999996,0.434
GO:1904290,46,GO:0007049,3,3,negative regulation of mitotic DNA damage checkpoint,cell cycle,0.8482423678332092,0.32869531249999995,0.507
GO:0071763,151,GO:0006997,3,13,nuclear membrane organization,nucleus organization,0.9353836559940432,0.3224,0.886
GO:0060457,198,GO:0007586,3,2,negative regulation of digestive system process,digestion,0.9175295979151155,0.32092857142857145,0.764
GO:0044785,46,GO:0007049,3,10,metaphase/anaphase transition of meiotic cell cycle,cell cycle,0.867051191362621,0.31903125,0.542
GO:1905938,56,GO:0042127,3,3,positive regulation of germ cell proliferation,regulation of cell population proliferation,0.9003695085629189,0.30925,0.816
GO:0106020,153,GO:0022406,3,1,regulation of vesicle docking,membrane docking,0.9053661578555473,0.3064444444444444,0.825
GO:0042424,189,GO:0009308,3,1,catecholamine catabolic process,amine metabolic process,0.9485385331347729,0.30405000000000004,0.751
GO:0042420,189,GO:0009308,3,1,dopamine catabolic process,amine metabolic process,0.9485167535368578,0.30405000000000004,0.751
GO:1903799,90,GO:0010608,3,1,negative regulation of miRNA processing,post-transcriptional regulation of gene expression,0.8647751303052866,0.3032380952380952,0.624
GO:0046166,178,GO:0006081,3,1,glyceraldehyde-3-phosphate biosynthetic process,aldehyde metabolic process,0.9279696574832464,0.2954545454545454,0.798
GO:0098887,124,GO:0031503,3,1,"neurotransmitter receptor transport, endosome to postsynaptic membrane",protein-containing complex localization,0.8932930007446016,0.29529166666666673,0.745
GO:0060605,51,GO:0035295,3,1,tube lumen cavitation,tube development,0.9609134400595681,0.29300000000000004,0.699
GO:0046322,118,GO:0062012,3,1,negative regulation of fatty acid oxidation,regulation of small molecule metabolic process,0.8611090841399851,0.29013333333333335,0.792
GO:0042985,221,GO:0042982,3,1,negative regulation of amyloid precursor protein biosynthetic process,amyloid precursor protein metabolic process,0.8722809009679822,0.28874999999999995,0.929
GO:1903800,90,GO:0010608,3,1,positive regulation of miRNA processing,post-transcriptional regulation of gene expression,0.864734921816828,0.2847142857142857,0.624
GO:1904531,27,GO:0065009,3,2,positive regulation of actin filament binding,regulation of molecular function,0.9575303425167535,0.28383050847457625,0.785
GO:0070587,114,GO:0030155,3,2,regulation of cell-cell adhesion involved in gastrulation,regulation of cell adhesion,0.9173540580789278,0.2837692307692308,0.874
GO:0034476,169,GO:0016073,3,3,U5 snRNA 3'-end processing,snRNA metabolic process,0.9310644080416977,0.28241666666666665,0.82
GO:0034473,169,GO:0016073,3,3,U1 snRNA 3'-end processing,snRNA metabolic process,0.9310644080416977,0.28241666666666665,0.82
GO:1905803,110,GO:0010038,3,7,negative regulation of cellular response to manganese ion,response to metal ion,0.887529784065525,0.27503999999999995,0.817
GO:0031120,169,GO:0016073,3,3,snRNA pseudouridine synthesis,snRNA metabolic process,0.9238173864482502,0.27316666666666667,0.82
GO:1901608,68,GO:0007017,3,6,regulation of vesicle transport along microtubule,microtubule-based process,0.8760577066269546,0.26949999999999996,0.643
GO:0035545,73,GO:0007389,3,13,determination of left/right asymmetry in nervous system,pattern specification process,0.9538170141474311,0.2626333333333334,0.818
GO:0098935,145,GO:0099111,3,3,dendritic transport,microtubule-based transport,0.9373078927773641,0.2622,0.76
GO:0034769,148,GO:0030198,3,5,basement membrane disassembly,extracellular matrix organization,0.9492762472077438,0.262,0.86
GO:0019614,181,GO:0018958,3,1,catechol-containing compound catabolic process,phenol-containing compound metabolic process,0.9509089724497394,0.24669230769230766,0.796
GO:0099525,66,GO:0046903,3,10,presynaptic dense core vesicle exocytosis,secretion,0.8805067014147431,0.24503030303030304,0.775
GO:0019563,126,GO:0006066,3,4,glycerol catabolic process,alcohol metabolic process,0.9118603871928518,0.23881249999999998,0.778
GO:0006740,163,GO:0072524,3,7,NADPH regeneration,pyridine-containing compound metabolic process,0.8955435591958303,0.23452380952380947,0.839
GO:0042421,181,GO:0018958,3,1,norepinephrine biosynthetic process,phenol-containing compound metabolic process,0.9527918838421444,0.2313846153846154,0.796
GO:0006729,126,GO:0006066,3,4,tetrahydrobiopterin biosynthetic process,alcohol metabolic process,0.9151446388682055,0.22481249999999997,0.823
GO:0019405,126,GO:0006066,3,6,alditol catabolic process,alcohol metabolic process,0.9097181682799702,0.22321875000000002,0.8
GO:0060456,198,GO:0007586,3,15,positive regulation of digestive system process,digestion,0.9077030900967982,0.2054285714285714,0.908
GO:0033211,86,GO:0034097,3,2,adiponectin-activated signaling pathway,response to cytokine,0.9156855919583023,0.19600000000000006,0.951
GO:0070508,180,GO:0015850,3,3,cholesterol import,organic hydroxy compound transport,0.9525139612807149,0.1958333333333333,0.828
GO:0006771,247,GO:0042726,3,1,riboflavin metabolic process,flavin-containing compound metabolic process,0.9355083767684289,0.1834,0.941
GO:0061073,85,GO:0001654,3,1,ciliary body morphogenesis,eye development,0.9591705137751303,0.17800000000000005,0.966
GO:1904729,198,GO:0007586,3,7,regulation of intestinal lipid absorption,digestion,0.9312345495160089,0.17685714285714282,0.829
GO:0060620,180,GO:0015850,3,2,regulation of cholesterol import,organic hydroxy compound transport,0.9105874906924796,0.16066666666666662,0.807
GO:0060471,80,GO:0001775,3,6,cortical granule exocytosis,cell activation,0.8652697319434103,0.1555882352941177,0.976
GO:0042819,167,GO:0006766,3,2,vitamin B6 biosynthetic process,vitamin metabolic process,0.9195616157855547,0.1507647058823529,0.91
GO:0043335,251,GO:0043335,2,2,protein unfolding,protein unfolding,0.9937790394638868,1,0
GO:0061762,20,GO:0023052,2,1,CAMKK-AMPK signaling cascade,signaling,0.9298099404318689,0.62311,0.319
GO:0015671,9,GO:0051179,2,25,oxygen transport,localization,0.9608188756515265,0.618,0.355
GO:0007199,18,GO:0007154,2,2,G protein-coupled receptor signaling pathway coupled to cGMP nucleotide second messenger,cell communication,0.931110759493671,0.6138,0.336
GO:1902616,43,GO:0071705,2,1,O-acyl-L-carnitine transmembrane transport,nitrogen compound transport,0.9542364110201043,0.60565,0.499
GO:0015846,43,GO:0071705,2,3,polyamine transport,nitrogen compound transport,0.9585366716306776,0.6044499999999999,0.553
GO:1904808,19,GO:0043412,2,2,positive regulation of protein oxidation,macromolecule modification,0.882102382725242,0.6023404255319149,0.47
GO:0098507,50,GO:0051174,2,1,polynucleotide 5' dephosphorylation,regulation of phosphorus metabolic process,0.9367351079672375,0.6023157894736841,0.35
GO:0006499,19,GO:0043412,2,1,N-terminal protein myristoylation,macromolecule modification,0.9383023082650782,0.5913085106382978,0.446
GO:0061038,11,GO:0048731,2,2,uterus morphogenesis,system development,0.948852755026061,0.5897446808510638,0.476
GO:0035385,53,GO:0007166,2,1,Roundabout signaling pathway,cell surface receptor signaling pathway,0.931235294117647,0.5888983050847458,0.539
GO:1904806,19,GO:0043412,2,4,regulation of protein oxidation,macromolecule modification,0.8925288533134773,0.584968085106383,0.506
GO:0097298,13,GO:0065008,2,1,regulation of nucleus size,regulation of biological quality,0.9246993670886076,0.5825652173913043,0.523
GO:0018283,17,GO:0044085,2,1,iron incorporation into metallo-sulfur cluster,cellular component biogenesis,0.9061418466120625,0.5820882352941177,0.452
GO:0018282,17,GO:0044085,2,1,metal incorporation into metallo-sulfur cluster,cellular component biogenesis,0.9061418466120625,0.5820882352941177,0.452
GO:0006666,63,GO:0006629,2,1,3-keto-sphinganine metabolic process,lipid metabolic process,0.9480498883097542,0.5792743902439024,0.477
GO:0071444,14,GO:0042221,2,3,cellular response to pheromone,response to chemical,0.9555778108711839,0.578741935483871,0.494
GO:0015838,43,GO:0071705,2,2,amino-acid betaine transport,nitrogen compound transport,0.9593844005956813,0.5760000000000001,0.525
GO:0046167,34,GO:0006793,2,2,glycerol-3-phosphate biosynthetic process,phosphorus metabolic process,0.92711020104244235,0.5753877551020408,0.46
GO:0060158,18,GO:0007154,2,1,phospholipase C-activating dopamine receptor signaling pathway,cell communication,0.9212974683544304,0.5730666666666666,0.318
GO:1905905,23,GO:0009653,2,18,nematode pharyngeal gland morphogenesis,anatomical structure morphogenesis,0.9672656366344006,0.5718846153846153,0.587
GO:0045053,29,GO:0033036,2,1,protein retention in Golgi apparatus,macromolecule localization,0.9478696947133284,0.5718790322580645,0.456
GO:0035965,63,GO:0006629,2,1,cardiolipin acyl-chain remodeling,lipid metabolic process,0.9338883097542815,0.5674817073170731,0.477
GO:0044571,17,GO:0044085,2,2,[2Fe-2S] cluster assembly,cellular component biogenesis,0.9472252419955324,0.5661176470588235,0.491
GO:0035037,39,GO:0044703,2,1,sperm entry,multi-organism reproductive process,0.9415701787043932,0.5656749999999999,0.313
GO:1903094,19,GO:0043412,2,1,negative regulation of protein K48-linked deubiquitination,macromolecule modification,0.884349590469099,0.5610957446808511,0.446
GO:1903093,19,GO:0043412,2,1,regulation of protein K48-linked deubiquitination,macromolecule modification,0.9003914743112434,0.5610957446808511,0.446
GO:0006864,43,GO:0071705,2,1,pyrimidine nucleotide transport,nitrogen compound transport,0.9584201414743112,0.557875,0.499
GO:1901255,70,GO:0006259,2,2,nucleotide-excision repair involved in interstrand cross-link repair,DNA metabolic process,0.907967423678332,0.5565648148148148,0.544
GO:0001966,65,GO:0007610,2,8,thigmotaxis,behavior,0.9747025316455696,0.5562812500000001,0.601
GO:0097010,36,GO:0043933,2,1,eukaryotic translation initiation factor 4F complex assembly,protein-containing complex organization,0.9466790766939688,0.556241935483871,0.56
GO:1905146,32,GO:0009056,2,2,lysosomal protein catabolic process,catabolic process,0.9348860759493671,0.5557555555555556,0.454
GO:0007039,32,GO:0009056,2,2,protein catabolic process in the vacuole,catabolic process,0.9348860759493671,0.5557555555555556,0.454
GO:0006054,58,GO:1901135,2,1,N-acetylneuraminate metabolic process,carbohydrate derivative metabolic process,0.9243467982129561,0.55281,0.509
GO:0035590,53,GO:0007166,2,1,purinergic nucleotide receptor signaling pathway,cell surface receptor signaling pathway,0.9307676842889054,0.546322033898305,0.539
GO:0035588,53,GO:0007166,2,1,G protein-coupled purinergic receptor signaling pathway,cell surface receptor signaling pathway,0.9302328741623231,0.546322033898305,0.539
GO:0001973,53,GO:0007166,2,1,G protein-coupled adenosine receptor signaling pathway,cell surface receptor signaling pathway,0.9302328741623231,0.546322033898305,0.539
GO:0000461,59,GO:0006396,2,1,"endonucleolytic cleavage to generate mature 3'-end of SSU-rRNA from (SSU-rRNA, 5.8S rRNA, LSU-rRNA)",RNA processing,0.8973090096798213,0.54378125,0.483
GO:0009051,34,GO:0006793,2,3,"pentose-phosphate shunt, oxidative branch",phosphorus metabolic process,0.8987447877885332,0.5434489795918367,0.475
GO:1904107,29,GO:0033036,2,3,protein localization to microvillus membrane,macromolecule localization,0.9449655621742368,0.5407741935483871,0.495
GO:0015942,35,GO:0044281,2,3,formate metabolic process,small molecule metabolic process,0.9318909158600149,0.5394625,0.471
GO:0050960,55,GO:0003008,2,2,detection of temperature stimulus involved in thermoception,system process,0.9442991437081162,0.5371571428571429,0.537
GO:1905808,13,GO:0065008,2,6,positive regulation of synapse pruning,regulation of biological quality,0.874349962769918,0.5371449275362319,0.623
GO:1990519,43,GO:0071705,2,1,pyrimidine nucleotide import into mitochondrion,nitrogen compound transport,0.9496025688756515,0.537075,0.499
GO:0098814,81,GO:0007267,2,1,spontaneous synaptic transmission,cell-cell signaling,0.9481569247952345,0.5368846153846154,0.562
GO:0016560,115,GO:0051169,2,3,"protein import into peroxisome matrix, docking",nuclear transport,0.8929434102755026,0.5332280701754386,0.51
GO:0046340,63,GO:0006629,2,1,diacylglycerol catabolic process,lipid metabolic process,0.9359324274013403,0.5330731707317073,0.477
GO:0009106,35,GO:0044281,2,1,lipoate metabolic process,small molecule metabolic process,0.918280156366344,0.5327375,0.456
GO:0071963,28,GO:0050793,2,1,establishment or maintenance of cell polarity regulating cell shape,regulation of developmental process,0.9205201042442294,0.5315490196078432,0.507
GO:0045763,116,GO:0006520,2,1,negative regulation of amino acid metabolic process,amino acid metabolic process,0.8930874906924795,0.5305803571428571,0.581
GO:1905806,13,GO:0065008,2,9,regulation of synapse pruning,regulation of biological quality,0.8888955696202532,0.5278840579710145,0.641
GO:0042264,19,GO:0043412,2,1,peptidyl-aspartic acid hydroxylation,macromolecule modification,0.944409158600149,0.5270425531914893,0.446
GO:0060167,53,GO:0007166,2,1,regulation of adenosine receptor signaling pathway,cell surface receptor signaling pathway,0.9167950483991065,0.5268135593220339,0.539
GO:0015874,43,GO:0071705,2,1,norepinephrine transport,nitrogen compound transport,0.955972635889799,0.5260625,0.525
GO:0035442,43,GO:0071705,2,3,dipeptide transmembrane transport,nitrogen compound transport,0.9501451973194341,0.5244500000000001,0.541
GO:0099532,115,GO:0051169,2,3,synaptic vesicle endosomal processing,nuclear transport,0.9436187639612807,0.5232105263157895,0.5
GO:0097089,35,GO:0044281,2,3,methyl-branched fatty acid metabolic process,small molecule metabolic process,0.9198871928518243,0.5223249999999999,0.471
GO:1903292,29,GO:0033036,2,2,protein localization to Golgi membrane,macromolecule localization,0.945111504095309,0.5213225806451613,0.48
GO:0047484,47,GO:0009628,2,1,regulation of response to osmotic stress,response to abiotic stimulus,0.9240739017125837,0.5209791666666667,0.599
GO:0071965,212,GO:0050879,2,2,multicellular organismal locomotion,multicellular organismal movement,0.9739951600893522,0.52,0.96
GO:1902559,43,GO:0071705,2,2,3'-phospho-5'-adenylyl sulfate transmembrane transport,nitrogen compound transport,0.9454100893521966,0.5199625,0.525
GO:0018395,19,GO:0043412,2,1,peptidyl-lysine hydroxylation to 5-hydroxy-L-lysine,macromolecule modification,0.9442764333581534,0.5194574468085107,0.446
GO:0015884,43,GO:0071705,2,1,folic acid transport,nitrogen compound transport,0.9547161206254654,0.5171875,0.499
GO:0070973,29,GO:0033036,2,3,protein localization to endoplasmic reticulum exit site,macromolecule localization,0.9441794489947878,0.5166612903225807,0.516
GO:0009450,35,GO:0044281,2,2,gamma-aminobutyric acid catabolic process,small molecule metabolic process,0.9138145941921072,0.515575,0.456
GO:0008612,19,GO:0043412,2,2,peptidyl-lysine modification to peptidyl-hypusine,macromolecule modification,0.9333466120625465,0.5153723404255319,0.47
GO:0031161,63,GO:0006629,2,2,phosphatidylinositol catabolic process,lipid metabolic process,0.9166835443037975,0.5149756097560976,0.502
GO:0034499,115,GO:0051169,2,1,late endosome to Golgi transport,nuclear transport,0.9456066641846612,0.5149473684210526,0.466
GO:0034552,36,GO:0043933,2,3,respiratory chain complex II assembly,protein-containing complex organization,0.9423538719285183,0.5130161290322581,0.619
GO:0042938,43,GO:0071705,2,3,dipeptide transport,nitrogen compound transport,0.9562632166790767,0.512525,0.563
GO:0019482,116,GO:0006520,2,2,beta-alanine metabolic process,amino acid metabolic process,0.925135703648548,0.5124375,0.627
GO:0006404,115,GO:0051169,2,2,RNA import into nucleus,nuclear transport,0.9385469099032018,0.5117368421052632,0.722
GO:0043103,76,GO:0055086,2,1,hypoxanthine salvage,nucleobase-containing small molecule metabolic process,0.9158769545793001,0.5098969696969697,0.541
GO:0070481,32,GO:0009056,2,1,"nuclear-transcribed mRNA catabolic process, non-stop decay",catabolic process,0.8723659717051377,0.5081111111111112,0.431
GO:0048600,30,GO:0022414,2,1,oocyte fate commitment,reproductive process,0.9500711094564408,0.5076388888888889,0.427
GO:0051595,14,GO:0042221,2,2,response to methylglyoxal,response to chemical,0.9656411020104244,0.5075645161290323,0.479
GO:0010705,70,GO:0006259,2,2,meiotic DNA double-strand break processing involved in reciprocal meiotic recombination,DNA metabolic process,0.8474231198808637,0.507425925925926,0.544
GO:0006617,29,GO:0033036,2,1,"SRP-dependent cotranslational protein targeting to membrane, signal sequence recognition",macromolecule localization,0.9020370439314966,0.5045806451612903,0.456
GO:0019262,58,GO:1901135,2,1,N-acetylneuraminate catabolic process,carbohydrate derivative metabolic process,0.9121731198808637,0.50429,0.509
GO:0046963,43,GO:0071705,2,2,3'-phosphoadenosine 5'-phosphosulfate transport,nitrogen compound transport,0.9494875279225614,0.5034624999999999,0.572
GO:0010968,36,GO:0043933,2,2,regulation of microtubule nucleation,protein-containing complex organization,0.8865024199553239,0.503,0.588
GO:1901421,14,GO:0042221,2,1,positive regulation of response to alcohol,response to chemical,0.9121662323157111,0.5026129032258064,0.455
GO:1903461,70,GO:0006259,2,1,Okazaki fragment processing involved in mitotic DNA replication,DNA metabolic process,0.9192403201787044,0.502,0.518
GO:0006833,217,GO:0042044,2,9,water transport,fluid transport,0.9632604244229337,0.5,1
GO:0090149,77,GO:0061024,2,1,mitochondrial membrane fission,membrane organization,0.9424990692479523,0.49958139534883717,0.609
GO:0009095,35,GO:0044281,2,1,"aromatic amino acid family biosynthetic process, prephenate pathway",small molecule metabolic process,0.9156040580789278,0.4993875,0.471
GO:0009073,35,GO:0044281,2,1,aromatic amino acid family biosynthetic process,small molecule metabolic process,0.9156040580789278,0.4993875,0.471
GO:0018243,19,GO:0043412,2,4,protein O-linked glycosylation via threonine,macromolecule modification,0.918280528667163,0.49829787234042555,0.497
GO:0046083,76,GO:0055086,2,2,adenine metabolic process,nucleobase-containing small molecule metabolic process,0.9159411764705883,0.4970424242424243,0.586
GO:0006425,116,GO:0006520,2,1,glutaminyl-tRNA aminoacylation,amino acid metabolic process,0.9197974683544303,0.49671428571428566,0.609
GO:1904430,70,GO:0006259,2,1,negative regulation of t-circle formation,DNA metabolic process,0.8342155621742368,0.49662962962962964,0.518
GO:1990918,70,GO:0006259,2,4,double-strand break repair involved in meiotic recombination,DNA metabolic process,0.8414210722263589,0.496462962962963,0.573
GO:0034553,36,GO:0043933,2,3,mitochondrial respiratory chain complex II assembly,protein-containing complex organization,0.9349128816083395,0.4964354838709677,0.619
GO:0070814,111,GO:0006790,2,1,hydrogen sulfide biosynthetic process,sulfur compound metabolic process,0.9516008935219658,0.49509523809523803,0.609
GO:0033603,43,GO:0071705,2,1,positive regulation of dopamine secretion,nitrogen compound transport,0.881903201787044,0.4933875,0.499
GO:0006571,35,GO:0044281,2,1,tyrosine biosynthetic process,small molecule metabolic process,0.9141250930752047,0.49207500000000004,0.471
GO:0033396,116,GO:0006520,2,1,beta-alanine biosynthetic process via 3-ureidopropionate,amino acid metabolic process,0.9174771034996277,0.49013392857142857,0.609
GO:0006166,76,GO:0055086,2,5,purine ribonucleoside salvage,nucleobase-containing small molecule metabolic process,0.8936729337304542,0.48989090909090904,0.609
GO:0007196,18,GO:0007154,2,5,adenylate cyclase-inhibiting G protein-coupled glutamate receptor signaling pathway,cell communication,0.9232909530900968,0.48806666666666665,0.364
GO:0006680,63,GO:0006629,2,6,glucosylceramide catabolic process,lipid metabolic process,0.9125601265822785,0.4870792682926829,0.548
GO:0071163,70,GO:0006259,2,2,DNA replication preinitiation complex assembly,DNA metabolic process,0.8763510796723752,0.485,0.561
GO:0051232,46,GO:0007049,2,3,meiotic spindle elongation,cell cycle,0.9150295979151154,0.48438281250000004,0.486
GO:0019543,35,GO:0044281,2,5,propionate catabolic process,small molecule metabolic process,0.9047306403574088,0.48287499999999994,0.491
GO:0051971,55,GO:0003008,2,1,positive regulation of transmission of nerve impulse,system process,0.8995174981384959,0.4827571428571429,0.511
GO:0006532,35,GO:0044281,2,1,aspartate biosynthetic process,small molecule metabolic process,0.918217423678332,0.48160000000000003,0.433
GO:1904457,55,GO:0003008,2,1,positive regulation of neuronal action potential,system process,0.8926829858525689,0.48125714285714283,0.511
GO:0009213,34,GO:0006793,2,1,pyrimidine deoxyribonucleoside triphosphate catabolic process,phosphorus metabolic process,0.8994020848845867,0.4808775510204082,0.46
GO:0009149,34,GO:0006793,2,1,pyrimidine nucleoside triphosphate catabolic process,phosphorus metabolic process,0.8995026061057334,0.4808775510204082,0.46
GO:0070072,36,GO:0043933,2,5,vacuolar proton-transporting V-type ATPase complex assembly,protein-containing complex organization,0.9406902457185405,0.4802741935483871,0.638
GO:0070070,36,GO:0043933,2,5,proton-transporting V-type ATPase complex assembly,protein-containing complex organization,0.9406902457185405,0.4802741935483871,0.638
GO:0006533,35,GO:0044281,2,3,aspartate catabolic process,small molecule metabolic process,0.9101120625465376,0.4796625,0.471
GO:1902321,35,GO:0044281,2,3,methyl-branched fatty acid biosynthetic process,small molecule metabolic process,0.9097613551749814,0.479275,0.471
GO:0110095,14,GO:0042221,2,2,cellular detoxification of aldehyde,response to chemical,0.9533441921072227,0.47880645161290325,0.479
GO:0019483,116,GO:0006520,2,2,beta-alanine biosynthetic process,amino acid metabolic process,0.9155900967982129,0.4787410714285715,0.627
GO:0009196,76,GO:0055086,2,1,pyrimidine deoxyribonucleoside diphosphate metabolic process,nucleobase-containing small molecule metabolic process,0.9091889426656738,0.4776484848484849,0.586
GO:0006438,116,GO:0006520,2,2,valyl-tRNA aminoacylation,amino acid metabolic process,0.9165969843633656,0.47696428571428573,0.64
GO:0071929,19,GO:0043412,2,2,alpha-tubulin acetylation,macromolecule modification,0.9415026061057334,0.4765851063829787,0.47
GO:0045128,70,GO:0006259,2,1,negative regulation of reciprocal meiotic recombination,DNA metabolic process,0.8216993670886076,0.47411111111111115,0.518
GO:0006436,116,GO:0006520,2,2,tryptophanyl-tRNA aminoacylation,amino acid metabolic process,0.9165359270290394,0.4740357142857142,0.64
GO:0043096,76,GO:0055086,2,3,purine nucleobase salvage,nucleobase-containing small molecule metabolic process,0.9092563291139241,0.47365454545454544,0.599
GO:0007191,18,GO:0007154,2,4,adenylate cyclase-activating dopamine receptor signaling pathway,cell communication,0.9147036485480268,0.47353333333333336,0.357
GO:1990049,115,GO:0051169,2,1,retrograde neuronal dense core vesicle transport,nuclear transport,0.9361187639612807,0.4727368421052631,0.466
GO:1902292,70,GO:0006259,2,5,cell cycle DNA replication initiation,DNA metabolic process,0.9137129560685033,0.47172222222222226,0.583
GO:0006550,116,GO:0006520,2,1,isoleucine catabolic process,amino acid metabolic process,0.9166868950111691,0.4707946428571429,0.581
GO:0010753,20,GO:0023052,2,3,positive regulation of cGMP-mediated signaling,signaling,0.8915080044676098,0.47009999999999996,0.365
GO:1902315,70,GO:0006259,2,5,nuclear cell cycle DNA replication initiation,DNA metabolic process,0.9136457557706626,0.46837962962962965,0.583
GO:0002191,107,GO:0006412,2,1,cap-dependent translational initiation,translation,0.9417150037230082,0.46758333333333335,0.532
GO:1902975,70,GO:0006259,2,5,mitotic DNA replication initiation,DNA metabolic process,0.9117727103499628,0.46686111111111106,0.583
GO:0098926,81,GO:0007267,2,7,postsynaptic signal transduction,cell-cell signaling,0.9199357781087119,0.46569230769230763,0.676
GO:0097374,49,GO:0030030,2,13,sensory neuron axon guidance,cell projection organization,0.9005891660461653,0.46459259259259256,0.667
GO:0019287,63,GO:0006629,2,3,"isopentenyl diphosphate biosynthetic process, mevalonate pathway",lipid metabolic process,0.8880403946388682,0.4643536585365854,0.548
GO:0009189,76,GO:0055086,2,1,deoxyribonucleoside diphosphate biosynthetic process,nucleobase-containing small molecule metabolic process,0.9027987714072971,0.4633878787878788,0.586
GO:0031204,29,GO:0033036,2,4,"post-translational protein targeting to membrane, translocation",macromolecule localization,0.9294387565152643,0.46166129032258063,0.507
GO:0046102,58,GO:1901135,2,2,inosine metabolic process,carbohydrate derivative metabolic process,0.9093246463142219,0.46013000000000004,0.535
GO:0071483,47,GO:0009628,2,1,cellular response to blue light,response to abiotic stimulus,0.9617570737155622,0.4598541666666667,0.571
GO:0009785,47,GO:0009628,2,1,blue light signaling pathway,response to abiotic stimulus,0.9240204765450484,0.4598541666666667,0.571
GO:2000211,116,GO:0006520,2,2,regulation of glutamate metabolic process,amino acid metabolic process,0.8777127699180938,0.4584196428571429,0.609
GO:0006524,116,GO:0006520,2,2,alanine catabolic process,amino acid metabolic process,0.9136433358153389,0.45825000000000005,0.609
GO:0002804,121,GO:0044419,2,2,positive regulation of antifungal peptide production,biological process involved in interspecies interaction between organisms,0.8495895383469844,0.4582222222222222,0.56
GO:0002788,121,GO:0044419,2,2,regulation of antifungal peptide production,biological process involved in interspecies interaction between organisms,0.865280156366344,0.4582222222222222,0.56
GO:0046077,76,GO:0055086,2,1,dUDP metabolic process,nucleobase-containing small molecule metabolic process,0.9047055100521221,0.4580484848484848,0.541
GO:0009637,47,GO:0009628,2,1,response to blue light,response to abiotic stimulus,0.971803983618764,0.4572708333333333,0.599
GO:0042351,34,GO:0006793,2,3,'de novo' GDP-L-fucose biosynthetic process,phosphorus metabolic process,0.8952483246463142,0.4557959183673469,0.495
GO:0051754,57,GO:0051276,2,3,"meiotic sister chromatid cohesion, centromeric",chromosome organization,0.9333233432613551,0.45566666666666666,0.643
GO:0009197,76,GO:0055086,2,1,pyrimidine deoxyribonucleoside diphosphate biosynthetic process,nucleobase-containing small molecule metabolic process,0.9025457930007446,0.4551515151515152,0.586
GO:0009093,111,GO:0006790,2,1,cysteine catabolic process,sulfur compound metabolic process,0.9134517870439315,0.4536190476190476,0.609
GO:1903746,65,GO:0007610,2,6,positive regulation of nematode pharyngeal pumping,behavior,0.9172192851824275,0.4526875,0.576
GO:0019265,116,GO:0006520,2,1,"glycine biosynthetic process, by transamination of glyoxylate",amino acid metabolic process,0.9161424050632911,0.4526160714285714,0.609
GO:1905751,29,GO:0033036,2,2,positive regulation of endosome to plasma membrane protein transport,macromolecule localization,0.8710653387937454,0.4516129032258065,0.48
GO:1903379,57,GO:0051276,2,2,regulation of mitotic chromosome condensation,chromosome organization,0.8885398361876397,0.4508333333333333,0.624
GO:1905491,49,GO:0030030,2,5,positive regulation of sensory neuron axon guidance,cell projection organization,0.8195889798957557,0.44918518518518513,0.585
GO:0046103,58,GO:1901135,2,2,inosine biosynthetic process,carbohydrate derivative metabolic process,0.8999398734177215,0.44897,0.535
GO:1905749,29,GO:0033036,2,3,regulation of endosome to plasma membrane protein transport,macromolecule localization,0.8839072970960536,0.4481774193548387,0.495
GO:0046070,34,GO:0006793,2,1,dGTP metabolic process,phosphorus metabolic process,0.9023346984363365,0.4469183673469388,0.46
GO:0098958,75,GO:0051640,2,1,retrograde axonal transport of mitochondrion,organelle localization,0.937159903201787,0.44642465753424654,0.59
GO:0051083,132,GO:0006457,2,2,'de novo' cotranslational protein folding,protein folding,0.9391673492181682,0.4458928571428571,0.716
GO:0019448,111,GO:0006790,2,1,L-cysteine catabolic process,sulfur compound metabolic process,0.9128629932985852,0.4453095238095238,0.609
GO:0098957,75,GO:0051640,2,1,anterograde axonal transport of mitochondrion,organelle localization,0.9371494787788534,0.44499999999999995,0.59
GO:0060280,30,GO:0022414,2,4,negative regulation of ovulation,reproductive process,0.9039171630677587,0.44372222222222224,0.484
GO:1902668,38,GO:0009605,2,3,negative regulation of axon guidance,response to external stimulus,0.8157553983618764,0.44320000000000004,0.547
GO:0042853,116,GO:0006520,2,2,L-alanine catabolic process,amino acid metabolic process,0.9132961653015637,0.44159821428571433,0.609
GO:0034608,30,GO:0022414,2,8,vulval location,reproductive process,0.9627073715562174,0.4406388888888889,0.504
GO:0019732,41,GO:0002376,2,2,antifungal humoral response,immune system process,0.9587524199553239,0.43765,0.614
GO:0006227,76,GO:0055086,2,1,dUDP biosynthetic process,nucleobase-containing small molecule metabolic process,0.8986286299329859,0.43731515151515155,0.541
GO:0006543,116,GO:0006520,2,3,glutamine catabolic process,amino acid metabolic process,0.911334512285927,0.43692857142857144,0.627
GO:0010845,70,GO:0006259,2,4,positive regulation of reciprocal meiotic recombination,DNA metabolic process,0.807975800446761,0.4341574074074074,0.573
GO:0044778,46,GO:0007049,2,1,meiotic DNA integrity checkpoint signaling,cell cycle,0.8862453462397617,0.43378125,0.447
GO:2001136,102,GO:0072657,2,1,negative regulation of endocytic recycling,protein localization to membrane,0.8827032762472078,0.4325217391304348,0.631
GO:2001293,111,GO:0006790,2,3,malonyl-CoA metabolic process,sulfur compound metabolic process,0.903948808637379,0.429047619047619,0.656
GO:1903569,29,GO:0033036,2,2,positive regulation of protein localization to ciliary membrane,macromolecule localization,0.8845271779597915,0.4286451612903226,0.48
GO:0000349,87,GO:0022613,2,2,generation of catalytic spliceosome for first transesterification step,ribonucleoprotein complex biogenesis,0.8863397244973938,0.42848275862068963,0.609
GO:0009139,76,GO:0055086,2,3,pyrimidine nucleoside diphosphate biosynthetic process,nucleobase-containing small molecule metabolic process,0.8962902084884586,0.42738787878787876,0.638
GO:0048843,38,GO:0009605,2,4,negative regulation of axon extension involved in axon guidance,response to external stimulus,0.7949718912881608,0.4242666666666667,0.555
GO:0046440,116,GO:0006520,2,4,L-lysine metabolic process,amino acid metabolic process,0.920846798212956,0.4227767857142857,0.651
GO:1904936,69,GO:0048870,2,8,interneuron migration,cell motility,0.9441236038719285,0.4226585365853659,0.71
GO:2000196,44,GO:0003006,2,2,positive regulation of female gonad development,developmental process involved in reproduction,0.8933723008190618,0.4225882352941176,0.568
GO:0043060,75,GO:0051640,2,2,meiotic metaphase I homologous chromosome alignment,organelle localization,0.8829834326135517,0.4216712328767124,0.618
GO:1905489,49,GO:0030030,2,11,regulation of sensory neuron axon guidance,cell projection organization,0.8198855174981385,0.42155555555555557,0.64
GO:0051300,155,GO:0031023,2,4,spindle pole body organization,microtubule organizing center organization,0.9247287788533135,0.4212553191489362,0.851
GO:2000431,96,GO:0030029,2,1,"regulation of cytokinesis, actomyosin contractile ring assembly",actin filament-based process,0.883879374534624,0.4182631578947369,0.597
GO:0031038,112,GO:0097435,2,4,myosin II filament organization,supramolecular fiber organization,0.9418510796723752,0.41741935483870973,0.675
GO:0006562,116,GO:0006520,2,2,proline catabolic process,amino acid metabolic process,0.9085815338793746,0.4171339285714286,0.651
GO:0019102,44,GO:0003006,2,3,male somatic sex determination,developmental process involved in reproduction,0.955361504095309,0.4161470588235294,0.568
GO:0036493,90,GO:0010608,2,1,positive regulation of translation in response to endoplasmic reticulum stress,post-transcriptional regulation of gene expression,0.8622602382725242,0.4150952380952381,0.624
GO:0006154,58,GO:1901135,2,2,adenosine catabolic process,carbohydrate derivative metabolic process,0.8950497021593448,0.41490000000000005,0.535
GO:0099566,45,GO:0042592,2,2,regulation of postsynaptic cytosolic calcium ion concentration,homeostatic process,0.9910860014892032,0.41454545454545455,0.644
GO:0002101,143,GO:0006399,2,1,tRNA wobble cytosine modification,tRNA metabolic process,0.9271191362620997,0.41447058823529415,0.614
GO:0051759,75,GO:0051640,2,4,sister chromosome movement towards spindle pole involved in meiotic sister chromatid segregation,organelle localization,0.8830858153387937,0.4142465753424658,0.65
GO:0046351,109,GO:0005975,2,3,disaccharide biosynthetic process,carbohydrate metabolic process,0.9442580044676099,0.41307142857142853,0.664
GO:0007008,93,GO:0007005,2,1,outer mitochondrial membrane organization,mitochondrion organization,0.9455390915860015,0.4122,0.669
GO:0042732,109,GO:0005975,2,2,D-xylose metabolic process,carbohydrate metabolic process,0.9299447133283694,0.41183928571428574,0.621
GO:0097272,45,GO:0042592,2,6,ammonium homeostasis,homeostatic process,0.9911155994043187,0.4117121212121212,0.697
GO:1905486,49,GO:0030030,2,15,regulation of anterior/posterior axon guidance,cell projection organization,0.8159769173492182,0.4100555555555555,0.659
GO:0051228,108,GO:0022411,2,2,mitotic spindle disassembly,cellular component disassembly,0.9248873790022338,0.4047333333333333,0.699
GO:0009080,116,GO:0006520,2,7,pyruvate family amino acid catabolic process,amino acid metabolic process,0.905680565897245,0.4044375,0.681
GO:0006529,116,GO:0006520,2,3,asparagine biosynthetic process,amino acid metabolic process,0.9098966865227104,0.4039017857142857,0.668
GO:0044528,62,GO:0009894,2,1,regulation of mitochondrial mRNA stability,regulation of catabolic process,0.8605994043186895,0.40236363636363637,0.664
GO:1905133,46,GO:0007049,2,1,negative regulation of meiotic chromosome separation,cell cycle,0.8790383469843633,0.4006640625,0.447
GO:0061534,66,GO:0046903,2,1,"gamma-aminobutyric acid secretion, neurotransmission",secretion,0.8990822784810126,0.40030303030303027,0.626
GO:1905488,49,GO:0030030,2,15,positive regulation of anterior/posterior axon guidance,cell projection organization,0.802895197319434,0.4002407407407408,0.659
GO:0019477,116,GO:0006520,2,4,L-lysine catabolic process,amino acid metabolic process,0.9082418093819806,0.39983928571428573,0.651
GO:0003386,15,GO:0048513,2,9,amphid sensory organ development,animal organ development,0.9701874534623977,0.3991176470588236,0.655
GO:0034462,87,GO:0022613,2,1,small-subunit processome assembly,ribonucleoprotein complex biogenesis,0.9388270662695458,0.3982758620689655,0.58
GO:0006542,116,GO:0006520,2,5,glutamine biosynthetic process,amino acid metabolic process,0.9079664929262844,0.39742857142857146,0.687
GO:0006868,184,GO:0006865,2,1,glutamine transport,amino acid transport,0.9568024944154877,0.39668749999999997,0.689
GO:0032490,82,GO:0009607,2,1,detection of molecule of bacterial origin,response to biotic stimulus,0.963220215934475,0.3922777777777777,0.535
GO:0070836,77,GO:0061024,2,2,caveola assembly,membrane organization,0.9384735666418467,0.38804651162790704,0.67
GO:1900369,10,GO:0048519,2,4,negative regulation of post-transcriptional gene silencing by regulatory ncRNA,negative regulation of biological process,0.8682552122114668,0.3877777777777778,0.488
GO:0031117,68,GO:0007017,2,2,positive regulation of microtubule depolymerization,microtubule-based process,0.8730672002978407,0.38745833333333335,0.568
GO:1905832,68,GO:0007017,2,1,positive regulation of spindle assembly,microtubule-based process,0.8665422561429635,0.38725,0.541
GO:1990074,62,GO:0009894,2,1,polyuridylation-dependent mRNA catabolic process,regulation of catabolic process,0.8464268428890543,0.3870454545454546,0.664
GO:0000448,123,GO:0016072,2,1,"cleavage in ITS2 between 5.8S rRNA and LSU-rRNA of tricistronic rRNA transcript (SSU-rRNA, 5.8S rRNA, LSU-rRNA)",rRNA metabolic process,0.8981857781087118,0.38683333333333336,0.641
GO:0099590,89,GO:0098657,2,2,neurotransmitter receptor internalization,import into cell,0.9512395755770663,0.3867407407407407,0.628
GO:0006203,34,GO:0006793,2,1,dGTP catabolic process,phosphorus metabolic process,0.8904720774385704,0.38653061224489793,0.46
GO:0070898,210,GO:0006383,2,1,RNA polymerase III preinitiation complex assembly,transcription by RNA polymerase III,0.8935366716306776,0.3852,0.792
GO:0051311,75,GO:0051640,2,6,meiotic metaphase chromosome alignment,organelle localization,0.8757181682799702,0.3848493150684932,0.67
GO:0007529,127,GO:0050808,2,3,establishment of synaptic specificity at neuromuscular junction,synapse organization,0.9519970215934475,0.3816666666666667,0.74
GO:0005998,109,GO:0005975,2,1,xylulose catabolic process,carbohydrate metabolic process,0.9202384586746091,0.38126785714285716,0.593
GO:0098792,129,GO:0061919,2,5,xenophagy,process utilizing autophagic mechanism,0.9133749069247953,0.375,0.699
GO:0099068,127,GO:0050808,2,1,postsynapse assembly,synapse organization,0.9155065152643336,0.37444444444444447,0.689
GO:0006565,37,GO:0044248,2,2,L-serine catabolic process,cellular catabolic process,0.9132557706626955,0.37406666666666666,0.663
GO:0097475,69,GO:0048870,2,12,motor neuron migration,cell motility,0.9402068131049889,0.3731951219512195,0.773
GO:1902845,46,GO:0007049,2,2,negative regulation of mitotic spindle elongation,cell cycle,0.8662397617274757,0.372328125,0.471
GO:1990949,46,GO:0007049,2,3,metaphase/anaphase transition of meiosis I,cell cycle,0.8764650037230082,0.3685625,0.486
GO:1902685,124,GO:0031503,2,1,positive regulation of receptor localization to synapse,protein-containing complex localization,0.9120219657483246,0.36583333333333334,0.714
GO:0071418,61,GO:1901698,2,3,cellular response to amine stimulus,response to nitrogen compound,0.9537862993298585,0.365375,0.714
GO:1903742,75,GO:0051640,2,4,regulation of anterograde synaptic vesicle transport,organelle localization,0.8771572970960536,0.3625616438356164,0.685
GO:0035513,201,GO:0070988,2,1,oxidative RNA demethylation,demethylation,0.9368654132539092,0.361,0.917
GO:0019254,152,GO:0006575,2,1,"carnitine metabolic process, CoA-linked",modified amino acid metabolic process,0.9660491437081161,0.36007692307692307,0.695
GO:0015746,156,GO:0046942,2,6,citrate transport,carboxylic acid transport,0.9585390915860015,0.35871428571428576,0.771
GO:0042790,123,GO:0016072,2,5,nucleolar large rRNA transcription by RNA polymerase I,rRNA metabolic process,0.9302096053611318,0.35824999999999996,0.715
GO:2000812,108,GO:0022411,2,1,regulation of barbed-end actin filament capping,cellular component disassembly,0.87031347728965,0.35744444444444445,0.668
GO:1905801,124,GO:0031503,2,2,positive regulation of intraciliary retrograde transport,protein-containing complex localization,0.8451617647058823,0.35320833333333335,0.745
GO:0002143,143,GO:0006399,2,4,tRNA wobble position uridine thiolation,tRNA metabolic process,0.9212529784065525,0.352764705882353,0.676
GO:1902103,46,GO:0007049,2,1,negative regulation of metaphase/anaphase transition of meiotic cell cycle,cell cycle,0.8676046165301563,0.35275,0.447
GO:1905798,124,GO:0031503,2,2,positive regulation of intraciliary anterograde transport,protein-containing complex localization,0.8368544303797468,0.35183333333333333,0.745
GO:1905796,124,GO:0031503,2,2,regulation of intraciliary anterograde transport,protein-containing complex localization,0.8582261727475801,0.35183333333333333,0.745
GO:1903490,100,GO:0051301,2,2,positive regulation of mitotic cytokinesis,cell division,0.9105517498138496,0.34790476190476194,0.628
GO:1903673,100,GO:0051301,2,1,mitotic cleavage furrow formation,cell division,0.9335986597170514,0.34738095238095235,0.599
GO:1905607,127,GO:0050808,2,1,negative regulation of presynapse assembly,synapse organization,0.8499467609828741,0.34048888888888884,0.689
GO:0071715,156,GO:0046942,2,10,icosanoid transport,carboxylic acid transport,0.9575940059568131,0.33464285714285713,0.791
GO:0032309,156,GO:0046942,2,10,icosanoid secretion,carboxylic acid transport,0.9516703276247208,0.33464285714285713,0.791
GO:0015790,193,GO:1901264,2,2,UDP-xylose transmembrane transport,carbohydrate derivative transport,0.9466574832464631,0.33440000000000003,0.762
GO:0043420,223,GO:0042537,2,3,anthranilate metabolic process,benzene-containing compound metabolic process,0.922135331347729,0.33075,0.926
GO:0006660,152,GO:0006575,2,2,phosphatidylserine catabolic process,modified amino acid metabolic process,0.9144210722263589,0.33069230769230773,0.727
GO:0009441,126,GO:0006066,2,2,glycolate metabolic process,alcohol metabolic process,0.9276956440804169,0.33059375,0.778
GO:0001192,173,GO:0006354,2,1,maintenance of transcriptional fidelity during transcription elongation,DNA-templated transcription elongation,0.938012285927029,0.3304,0.779
GO:0032329,184,GO:0006865,2,6,serine transport,amino acid transport,0.9511872673119881,0.32962499999999995,0.775
GO:0097052,223,GO:0042537,2,3,L-kynurenine metabolic process,benzene-containing compound metabolic process,0.9219102755026061,0.3255,0.911
GO:0015822,203,GO:0015695,2,2,ornithine transport,organic cation transport,0.9541524571854059,0.3235,0.79
GO:1990575,203,GO:0015695,2,2,mitochondrial L-ornithine transmembrane transport,organic cation transport,0.9454817572598659,0.32275,0.79
GO:1903352,203,GO:0015695,2,2,L-ornithine transmembrane transport,organic cation transport,0.9469705882352941,0.32275,0.79
GO:0001193,173,GO:0006354,2,1,maintenance of transcriptional fidelity during transcription elongation by RNA polymerase II,DNA-templated transcription elongation,0.9378030528667163,0.32189999999999996,0.779
GO:0015786,193,GO:1901264,2,3,UDP-glucose transmembrane transport,carbohydrate derivative transport,0.9454625837676843,0.3206,0.782
GO:1903745,25,GO:0051239,2,6,negative regulation of nematode pharyngeal pumping,regulation of multicellular organismal process,0.9139028294862248,0.31909999999999994,0.584
GO:0090480,193,GO:1901264,2,2,purine nucleotide-sugar transmembrane transport,carbohydrate derivative transport,0.9493834698436336,0.3187333333333333,0.762
GO:1903895,16,GO:0048583,2,1,negative regulation of IRE1-mediated unfolded protein response,regulation of response to stimulus,0.8947604244229337,0.31830434782608696,0.525
GO:0071423,125,GO:0015711,2,1,malate transmembrane transport,organic anion transport,0.9549614668652271,0.31721428571428567,0.64
GO:0017126,151,GO:0006997,2,2,nucleologenesis,nucleus organization,0.9437196574832465,0.31689999999999996,0.76
GO:0093002,88,GO:0009636,2,11,response to nematicide,response to toxic substance,0.9651586001489203,0.3142222222222222,0.844
GO:1903898,16,GO:0048583,2,1,negative regulation of PERK-mediated unfolded protein response,regulation of response to stimulus,0.8945268056589725,0.31395652173913047,0.525
GO:1900370,90,GO:0010608,2,1,positive regulation of post-transcriptional gene silencing by RNA,post-transcriptional regulation of gene expression,0.8825312732688012,0.3134285714285714,0.624
GO:0070476,122,GO:0032259,2,1,rRNA (guanine-N7)-methylation,methylation,0.8863389798957557,0.3107777777777778,0.671
GO:0060051,26,GO:0051246,2,1,negative regulation of protein glycosylation,regulation of protein metabolic process,0.8673970588235294,0.30952380952380953,0.623
GO:0090597,15,GO:0048513,2,26,nematode male tail mating organ morphogenesis,animal organ development,0.9384532762472078,0.3084117647058824,0.713
GO:1901475,156,GO:0046942,2,2,pyruvate transmembrane transport,carboxylic acid transport,0.9514406180193596,0.30439285714285713,0.741
GO:0006850,156,GO:0046942,2,2,mitochondrial pyruvate transmembrane transport,carboxylic acid transport,0.9497481384959047,0.3041071428571429,0.741
GO:0043654,164,GO:0008037,2,2,recognition of apoptotic cell,cell recognition,0.9522282204020849,0.3034444444444444,0.827
GO:0046292,178,GO:0006081,2,2,formaldehyde metabolic process,aldehyde metabolic process,0.9365115413253909,0.3031818181818182,0.831
GO:0010273,88,GO:0009636,2,2,detoxification of copper ion,response to toxic substance,0.9593730454206999,0.3027777777777778,0.799
GO:0098964,145,GO:0099111,2,1,anterograde dendritic transport of messenger ribonucleoprotein complex,microtubule-based transport,0.9409437825763217,0.3022666666666667,0.708
GO:1990700,151,GO:0006997,2,2,nucleolar chromatin organization,nucleus organization,0.9472226358897989,0.29810000000000003,0.78
GO:0000965,172,GO:0140053,2,3,mitochondrial RNA 3'-end processing,mitochondrial gene expression,0.9301788905435592,0.29255555555555557,0.796
GO:1905868,71,GO:0016071,2,4,regulation of 3'-UTR-mediated mRNA stabilization,mRNA metabolic process,0.828897989575577,0.2885862068965518,0.636
GO:0006391,207,GO:0000959,2,1,transcription initiation at mitochondrial promoter,mitochondrial RNA metabolic process,0.9356963886820551,0.28790000000000004,0.844
GO:0018377,174,GO:0042157,2,1,protein myristoylation,lipoprotein metabolic process,0.9385565897244974,0.2872,0.883
GO:1900620,250,GO:1900620,2,2,acetate ester biosynthetic process,acetate ester biosynthetic process,0.9533369322412509,0.2849999999999999,0
GO:1900619,250,GO:1900620,2,5,acetate ester metabolic process,acetate ester biosynthetic process,0.962632911392405,0.2849999999999999,0.93
GO:0008292,250,GO:1900620,2,2,acetylcholine biosynthetic process,acetate ester biosynthetic process,0.9533369322412509,0.2849999999999999,1
GO:0008291,250,GO:1900620,2,5,acetylcholine metabolic process,acetate ester biosynthetic process,0.962632911392405,0.2849999999999999,0.93
GO:1901610,68,GO:0007017,2,4,positive regulation of vesicle transport along microtubule,microtubule-based process,0.8624264705882353,0.28408333333333335,0.625
GO:0007210,61,GO:1901698,2,15,serotonin receptor signaling pathway,response to nitrogen compound,0.9065076321667908,0.2828333333333334,0.826
GO:0000958,207,GO:0000959,2,1,mitochondrial mRNA catabolic process,mitochondrial RNA metabolic process,0.8711252792256143,0.2821,0.844
GO:0000957,207,GO:0000959,2,1,mitochondrial RNA catabolic process,mitochondrial RNA metabolic process,0.927668279970216,0.2821,0.844
GO:0009256,202,GO:0042558,2,1,10-formyltetrahydrofolate metabolic process,pteridine-containing compound metabolic process,0.9328451228592702,0.2804545454545454,0.806
GO:0061091,140,GO:0010876,2,1,regulation of phospholipid translocation,lipid localization,0.8628570364854803,0.28035999999999994,0.67
GO:0009403,170,GO:0019748,2,1,toxin biosynthetic process,secondary metabolic process,0.9568441921072226,0.2801666666666667,0.844
GO:0015910,156,GO:0046942,2,5,long-chain fatty acid import into peroxisome,carboxylic acid transport,0.9302276619508563,0.2775714285714286,0.771
GO:0030240,60,GO:0032989,2,4,skeletal muscle thin filament assembly,cellular anatomical entity morphogenesis,0.9001913626209977,0.27712499999999995,0.807
GO:1903842,195,GO:0046685,2,1,response to arsenite ion,response to arsenic-containing substance,0.9666692107222636,0.2766666666666666,0.89
GO:0061092,140,GO:0010876,2,1,positive regulation of phospholipid translocation,lipid localization,0.8498842144452718,0.27436000000000005,0.67
GO:1903438,100,GO:0051301,2,2,positive regulation of mitotic cytokinetic process,cell division,0.9099303797468354,0.2728571428571428,0.628
GO:0034627,163,GO:0072524,2,3,'de novo' NAD biosynthetic process,pyridine-containing compound metabolic process,0.8992109084139985,0.2702380952380953,0.768
GO:0051934,139,GO:0006836,2,2,catecholamine uptake involved in synaptic transmission,neurotransmitter transport,0.9359763588979896,0.2698571428571429,0.736
GO:0051583,139,GO:0006836,2,2,dopamine uptake involved in synaptic transmission,neurotransmitter transport,0.895117460908414,0.2698571428571429,0.736
GO:0097176,218,GO:0006730,2,2,epoxide metabolic process,one-carbon metabolic process,0.937653574087863,0.265,0.339
GO:0039529,41,GO:0002376,2,1,RIG-I signaling pathway,immune system process,0.8920171258376768,0.2635333333333333,0.585
GO:0034163,41,GO:0002376,2,1,regulation of toll-like receptor 9 signaling pathway,immune system process,0.8883116157855547,0.2635333333333333,0.585
GO:0070127,207,GO:0000959,2,4,tRNA aminoacylation for mitochondrial protein translation,mitochondrial RNA metabolic process,0.914852755026061,0.2633,0.913
GO:0061526,226,GO:0014056,2,13,acetylcholine secretion,"regulation of acetylcholine secretion, neurotransmission",0.8957045793000744,0.263,0.992
GO:0098937,145,GO:0099111,2,3,anterograde dendritic transport,microtubule-based transport,0.9373078927773641,0.2622,0.76
GO:0098810,139,GO:0006836,2,4,neurotransmitter reuptake,neurotransmitter transport,0.9414030156366344,0.2590714285714286,0.772
GO:0042182,171,GO:0010565,2,4,ketone catabolic process,regulation of ketone metabolic process,0.9198013775130305,0.2573888888888889,0.766
GO:0043173,208,GO:0043094,2,10,nucleotide salvage,metabolic compound salvage,0.8933412137006701,0.25283333333333335,0.936
GO:0045229,148,GO:0030198,2,41,external encapsulating structure organization,extracellular matrix organization,0.9471368205510052,0.24871428571428567,0.999
GO:0046900,202,GO:0042558,2,1,tetrahydrofolylpolyglutamate metabolic process,pteridine-containing compound metabolic process,0.9640558451228592,0.24618181818181817,0.839
GO:0099641,145,GO:0099111,2,1,anterograde axonal protein transport,microtubule-based transport,0.9276226731198809,0.24546666666666672,0.74
GO:0046327,126,GO:0006066,2,3,glycerol biosynthetic process from pyruvate,alcohol metabolic process,0.9015878629932986,0.24459375000000005,0.763
GO:1903843,195,GO:0046685,2,1,cellular response to arsenite ion,response to arsenic-containing substance,0.9554690990320178,0.2436666666666667,0.89
GO:1903233,66,GO:0046903,2,4,regulation of calcium ion-dependent exocytosis of neurotransmitter,secretion,0.8699212583767684,0.23872727272727268,0.724
GO:0099093,131,GO:0051235,2,2,calcium export from the mitochondrion,maintenance of location,0.8761751675353686,0.23868749999999994,0.833
GO:0046160,158,GO:0042440,2,2,heme a metabolic process,pigment metabolic process,0.9647779225614297,0.2326666666666667,0.938
GO:0006784,158,GO:0042440,2,2,heme A biosynthetic process,pigment metabolic process,0.9533147803425167,0.2326666666666667,0.938
GO:2000294,198,GO:0007586,2,11,positive regulation of defecation,digestion,0.8613086373790022,0.22592857142857148,0.879
GO:0072526,163,GO:0072524,2,27,pyridine-containing compound catabolic process,pyridine-containing compound metabolic process,0.9368771407297096,0.22476190476190472,0.921
GO:0033979,222,GO:0016074,2,1,box H/ACA sno(s)RNA metabolic process,sno(s)RNA metabolic process,0.9445809754281459,0.21890909090909094,0.877
GO:0034964,222,GO:0016074,2,1,box H/ACA sno(s)RNA processing,sno(s)RNA metabolic process,0.9357267311988087,0.2130909090909091,0.877
GO:0042357,167,GO:0006766,2,1,thiamine diphosphate metabolic process,vitamin metabolic process,0.919798771407297,0.21005882352941174,0.874
GO:0000495,222,GO:0016074,2,1,box H/ACA sno(s)RNA 3'-end processing,sno(s)RNA metabolic process,0.9348507073715562,0.2098181818181818,0.877
GO:0002785,41,GO:0002376,2,2,negative regulation of antimicrobial peptide production,immune system process,0.8504467609828742,0.20446666666666669,0.614
GO:2000625,204,GO:1902893,2,1,regulation of miRNA catabolic process,regulation of miRNA transcription,0.8884709605361132,0.20040000000000002,0.907
GO:2000629,204,GO:1902893,2,1,negative regulation of miRNA metabolic process,regulation of miRNA transcription,0.8885279225614297,0.19209999999999994,0.907
GO:0042822,167,GO:0006766,2,2,pyridoxal phosphate metabolic process,vitamin metabolic process,0.921786113179449,0.18576470588235294,0.894
GO:0009443,167,GO:0006766,2,1,pyridoxal 5'-phosphate salvage,vitamin metabolic process,0.9098499627699181,0.17341176470588238,0.874
GO:0009229,167,GO:0006766,2,1,thiamine diphosphate biosynthetic process,vitamin metabolic process,0.9074534623976173,0.17094117647058826,0.874
GO:1904480,198,GO:0007586,2,7,positive regulation of intestinal absorption,digestion,0.9145018615040953,0.1706428571428571,0.829
GO:1904731,198,GO:0007586,2,7,positive regulation of intestinal lipid absorption,digestion,0.9144973938942665,0.16892857142857143,0.829
GO:0042416,181,GO:0018958,2,4,dopamine biosynthetic process,phenol-containing compound metabolic process,0.946987714072971,0.1611538461538462,0.903
GO:1904109,180,GO:0015850,2,2,positive regulation of cholesterol import,organic hydroxy compound transport,0.8958992926284438,0.16066666666666662,0.807
GO:0072387,247,GO:0042726,2,1,flavin adenine dinucleotide metabolic process,flavin-containing compound metabolic process,0.9117648920327625,0.16059999999999997,0.941
GO:0042823,167,GO:0006766,2,2,pyridoxal phosphate biosynthetic process,vitamin metabolic process,0.9088702531645569,0.15670588235294114,0.894
GO:2000630,204,GO:1902893,2,4,positive regulation of miRNA metabolic process,regulation of miRNA transcription,0.8803021221146686,0.15249999999999997,0.975
GO:0042727,247,GO:0042726,2,2,flavin-containing compound biosynthetic process,flavin-containing compound metabolic process,0.9524106478034252,0.15169999999999995,0.989
GO:0030845,18,GO:0007154,1,1,phospholipase C-inhibiting G protein-coupled receptor signaling pathway,cell communication,0.9337202159344751,0.6594666666666666,0.318
GO:0000160,20,GO:0023052,1,1,phosphorelay signal transduction system,signaling,0.9302501861504096,0.6430199999999999,0.319
GO:1990522,23,GO:0009653,1,1,tail spike morphogenesis,anatomical structure morphogenesis,0.9724851079672375,0.6428461538461538,0.464
GO:0099612,29,GO:0033036,1,1,protein localization to axon,macromolecule localization,0.9517077438570365,0.642241935483871,0.456
GO:1902463,29,GO:0033036,1,2,protein localization to cell leading edge,macromolecule localization,0.9497308265078184,0.6233870967741936,0.48
GO:1990145,107,GO:0006412,1,1,maintenance of translational fidelity,translation,0.9424534623976173,0.61,0.532
GO:0038060,20,GO:0023052,1,2,nitric oxide-cGMP-mediated signaling,signaling,0.9271587862993299,0.60595,0.337
GO:1902047,43,GO:0071705,1,3,polyamine transmembrane transport,nitrogen compound transport,0.9510398361876397,0.6044499999999999,0.553
GO:0043577,38,GO:0009605,1,1,chemotropism,response to external stimulus,0.9663983618763962,0.6041333333333334,0.484
GO:0009606,38,GO:0009605,1,1,tropism,response to external stimulus,0.9731965748324646,0.6041333333333334,0.484
GO:0006480,19,GO:0043412,1,1,N-terminal protein amino acid methylation,macromolecule modification,0.9449970215934476,0.6017127659574468,0.446
GO:0032447,19,GO:0043412,1,4,protein urmylation,macromolecule modification,0.9406880119136262,0.5868936170212766,0.506
GO:0044375,13,GO:0065008,1,1,regulation of peroxisome size,regulation of biological quality,0.9246993670886076,0.5825652173913043,0.523
GO:1901910,58,GO:1901135,1,1,adenosine 5'-(hexahydrogen pentaphosphate) metabolic process,carbohydrate derivative metabolic process,0.9085225241995533,0.5811299999999999,0.509
GO:0031106,155,GO:0031023,1,4,septin ring organization,microtubule organizing center organization,0.9445860014892032,0.5802340425531916,0.478
GO:0071139,70,GO:0006259,1,1,resolution of DNA recombination intermediates,DNA metabolic process,0.9414318689501117,0.5794074074074074,0.518
GO:1902603,43,GO:0071705,1,1,carnitine transmembrane transport,nitrogen compound transport,0.9527190990320179,0.578875,0.499
GO:0015879,43,GO:0071705,1,1,carnitine transport,nitrogen compound transport,0.9596639985107968,0.578875,0.499
GO:0042214,63,GO:0006629,1,3,terpene metabolic process,lipid metabolic process,0.9480590096798213,0.5758658536585366,0.518
GO:0016119,63,GO:0006629,1,3,carotene metabolic process,lipid metabolic process,0.9480590096798213,0.5758658536585366,0.518
GO:0060080,13,GO:0065008,1,1,inhibitory postsynaptic potential,regulation of biological quality,0.9022375279225614,0.5715507246376812,0.523
GO:1905871,29,GO:0033036,1,1,regulation of protein localization to cell leading edge,macromolecule localization,0.9077647058823529,0.5707822580645161,0.456
GO:0071316,14,GO:0042221,1,3,cellular response to nicotine,response to chemical,0.9554798957557706,0.570258064516129,0.494
GO:0006056,58,GO:1901135,1,2,mannoprotein metabolic process,carbohydrate derivative metabolic process,0.9362453462397617,0.56992,0.535
GO:0036115,63,GO:0006629,1,1,fatty-acyl-CoA catabolic process,lipid metabolic process,0.8911418466120625,0.5660487804878049,0.477
GO:0018985,39,GO:0044703,1,1,pronuclear envelope synthesis,multi-organism reproductive process,0.9342879746835443,0.5656749999999999,0.313
GO:0070407,32,GO:0009056,1,1,oxidation-dependent protein catabolic process,catabolic process,0.936482129560685,0.5642666666666667,0.431
GO:0016598,32,GO:0009056,1,1,protein arginylation,catabolic process,0.931343261355175,0.5635333333333333,0.431
GO:0009992,13,GO:0065008,1,2,intracellular water homeostasis,regulation of biological quality,0.9140430007446017,0.5594927536231884,0.55
GO:0035350,43,GO:0071705,1,1,FAD transmembrane transport,nitrogen compound transport,0.9488192479523455,0.558325,0.499
GO:0043132,43,GO:0071705,1,1,NAD transport,nitrogen compound transport,0.9584017125837677,0.5566375,0.499
GO:0097355,29,GO:0033036,1,1,protein localization to heterochromatin,macromolecule localization,0.9490078183172003,0.556516129032258,0.456
GO:0072689,36,GO:0043933,1,1,MCM complex assembly,protein-containing complex organization,0.9466790766939688,0.556241935483871,0.56
GO:0038065,53,GO:0007166,1,3,collagen-activated signaling pathway,cell surface receptor signaling pathway,0.9268404690990321,0.553457627118644,0.583
GO:1902767,63,GO:0006629,1,1,isoprenoid biosynthetic process via mevalonate,lipid metabolic process,0.9397887192851824,0.5497317073170731,0.502
GO:0035047,39,GO:0044703,1,2,centrosomal and pronuclear rotation,multi-organism reproductive process,0.9542373417721519,0.5481,0.325
GO:0035352,43,GO:0071705,1,1,NAD transmembrane transport,nitrogen compound transport,0.9512581906180193,0.544575,0.499
GO:1905384,29,GO:0033036,1,1,regulation of protein localization to presynapse,macromolecule localization,0.9069110201042442,0.5443467741935484,0.456
GO:0032011,20,GO:0023052,1,8,ARF protein signal transduction,signaling,0.9199778481012658,0.54281,0.385
GO:0006274,70,GO:0006259,1,1,DNA replication termination,DNA metabolic process,0.9406461280714817,0.5418796296296297,0.518
GO:1990114,36,GO:0043933,1,2,RNA polymerase II core complex assembly,protein-containing complex organization,0.9446284437825763,0.5395161290322581,0.588
GO:0010792,70,GO:0006259,1,2,DNA double-strand break processing involved in repair via single-strand annealing,DNA metabolic process,0.9075197319434103,0.5367222222222222,0.544
GO:1901908,76,GO:0055086,1,1,diadenosine hexaphosphate metabolic process,nucleobase-containing small molecule metabolic process,0.9151986224869695,0.5365272727272727,0.541
GO:1901906,76,GO:0055086,1,1,diadenosine pentaphosphate metabolic process,nucleobase-containing small molecule metabolic process,0.9151986224869695,0.5365272727272727,0.541
GO:0010621,10,GO:0048519,1,1,negative regulation of transcription by transcription factor localization,negative regulation of biological process,0.8497643335815339,0.5353333333333333,0.439
GO:0035498,74,GO:0043603,1,1,carnosine metabolic process,amide metabolic process,0.9265530528667163,0.5347,0.634
GO:1905386,29,GO:0033036,1,1,positive regulation of protein localization to presynapse,macromolecule localization,0.8924597915115413,0.5345887096774193,0.456
GO:0061199,55,GO:0003008,1,1,striated muscle contraction involved in embryonic body morphogenesis,system process,0.9568931496649292,0.5336857142857143,0.511
GO:0071692,29,GO:0033036,1,29,protein localization to extracellular region,macromolecule localization,0.9396286299329859,0.5334435483870967,0.609
GO:0045764,116,GO:0006520,1,1,positive regulation of amino acid metabolic process,amino acid metabolic process,0.8933166418466121,0.5305803571428571,0.581
GO:1904702,29,GO:0033036,1,2,regulation of protein localization to adherens junction,macromolecule localization,0.9034787788533135,0.5298467741935484,0.48
GO:0061015,115,GO:0051169,1,1,snRNA import into nucleus,nuclear transport,0.9406935964259121,0.5295964912280702,0.691
GO:1901911,58,GO:1901135,1,1,adenosine 5'-(hexahydrogen pentaphosphate) catabolic process,carbohydrate derivative metabolic process,0.8969605361131795,0.52888,0.509
GO:0071932,70,GO:0006259,1,1,replication fork reversal,DNA metabolic process,0.940340096798213,0.5266574074074074,0.518
GO:1904703,29,GO:0033036,1,2,negative regulation of protein localization to adherens junction,macromolecule localization,0.8864167907669397,0.5266290322580645,0.48
GO:0001680,59,GO:0006396,1,1,tRNA 3'-terminal CCA addition,RNA processing,0.93056347728965,0.52603125,0.508
GO:1990116,32,GO:0009056,1,2,ribosome-associated ubiquitin-dependent protein catabolic process,catabolic process,0.9322699180938198,0.5253333333333333,0.469
GO:0000481,87,GO:0022613,1,1,maturation of 5S rRNA,ribonucleoprotein complex biogenesis,0.8987963514519732,0.5248275862068965,0.58
GO:0000270,58,GO:1901135,1,4,peptidoglycan metabolic process,carbohydrate derivative metabolic process,0.9421842889054356,0.5243599999999999,0.564
GO:1901909,76,GO:0055086,1,1,diadenosine hexaphosphate catabolic process,nucleobase-containing small molecule metabolic process,0.9038021221146686,0.5225393939393939,0.541
GO:1901907,76,GO:0055086,1,1,diadenosine pentaphosphate catabolic process,nucleobase-containing small molecule metabolic process,0.9038021221146686,0.5225393939393939,0.541
GO:0015967,76,GO:0055086,1,1,diadenosine tetraphosphate catabolic process,nucleobase-containing small molecule metabolic process,0.9038017498138495,0.5225272727272727,0.541
GO:0021780,11,GO:0048731,1,1,glial cell fate specification,system development,0.9526496649292628,0.5224042553191489,0.452
GO:0035211,15,GO:0048513,1,1,spermathecum morphogenesis,animal organ development,0.9700642218912882,0.5215882352941177,0.547
GO:0003389,49,GO:0030030,1,3,retrograde extension,cell projection organization,0.9126152271034996,0.5215000000000001,0.585
GO:0070370,47,GO:0009628,1,1,cellular heat acclimation,response to abiotic stimulus,0.956885331347729,0.5207916666666667,0.571
GO:1900115,21,GO:0023051,1,1,extracellular regulation of signal transduction,regulation of signaling,0.9197114668652271,0.5201363636363636,0.554
GO:1903562,155,GO:0031023,1,1,microtubule bundle formation involved in mitotic spindle midzone assembly,microtubule organizing center organization,0.9190571481757259,0.5190851063829787,0.513
GO:0071596,32,GO:0009056,1,2,ubiquitin-dependent protein catabolic process via the N-end rule pathway,catabolic process,0.9311288160833954,0.5172666666666667,0.48
GO:0060169,53,GO:0007166,1,1,negative regulation of adenosine receptor signaling pathway,cell surface receptor signaling pathway,0.9016105733432613,0.5152372881355932,0.539
GO:0035592,29,GO:0033036,1,29,establishment of protein localization to extracellular region,macromolecule localization,0.9371895011169025,0.514782258064516,0.609
GO:0031999,63,GO:0006629,1,1,negative regulation of fatty acid beta-oxidation,lipid metabolic process,0.849825763216679,0.5142804878048781,0.477
GO:0098943,29,GO:0033036,1,3,"neurotransmitter receptor transport, postsynaptic endosome to lysosome",macromolecule localization,0.9298801191362621,0.5142177419354839,0.495
GO:0046099,76,GO:0055086,1,1,guanine biosynthetic process,nucleobase-containing small molecule metabolic process,0.9167602382725242,0.5140242424242425,0.541
GO:1902977,70,GO:0006259,1,1,mitotic DNA replication preinitiation complex assembly,DNA metabolic process,0.8819504839910648,0.512712962962963,0.518
GO:0036261,59,GO:0006396,1,1,7-methylguanosine cap hypermethylation,RNA processing,0.9251330975428146,0.51171875,0.508
GO:0097376,49,GO:0030030,1,5,interneuron axon guidance,cell projection organization,0.9074393149664929,0.5112962962962964,0.607
GO:0006178,76,GO:0055086,1,1,guanine salvage,nucleobase-containing small molecule metabolic process,0.9158659717051377,0.509539393939394,0.541
GO:0070183,116,GO:0006520,1,1,mitochondrial tryptophanyl-tRNA aminoacylation,amino acid metabolic process,0.9210791139240506,0.5094821428571429,0.581
GO:0070150,116,GO:0006520,1,1,mitochondrial glycyl-tRNA aminoacylation,amino acid metabolic process,0.9210683172002978,0.5089642857142858,0.581
GO:0010142,63,GO:0006629,1,1,"farnesyl diphosphate biosynthetic process, mevalonate pathway",lipid metabolic process,0.9217218912881608,0.5065,0.502
GO:0033319,34,GO:0006793,1,2,UDP-D-xylose metabolic process,phosphorus metabolic process,0.9070102382725242,0.5064081632653061,0.46
GO:0070178,116,GO:0006520,1,1,D-serine metabolic process,amino acid metabolic process,0.9284802680565898,0.5054107142857143,0.581
GO:1905550,29,GO:0033036,1,1,regulation of protein localization to endoplasmic reticulum,macromolecule localization,0.9056580416976917,0.5053225806451613,0.456
GO:1902298,70,GO:0006259,1,1,cell cycle DNA replication maintenance of fidelity,DNA metabolic process,0.9209899478778854,0.5053055555555556,0.518
GO:0060990,36,GO:0043933,1,2,lipid tube assembly involved in organelle fission,protein-containing complex organization,0.9357762472077439,0.5045645161290322,0.588
GO:1905833,36,GO:0043933,1,2,negative regulation of microtubule nucleation,protein-containing complex organization,0.8695593819806404,0.503,0.588
GO:0038063,53,GO:0007166,1,3,collagen-activated tyrosine kinase receptor signaling pathway,cell surface receptor signaling pathway,0.9258886820551006,0.5021864406779661,0.583
GO:0006043,58,GO:1901135,1,1,glucosamine catabolic process,carbohydrate derivative metabolic process,0.9381211839166046,0.50186,0.509
GO:0006477,111,GO:0006790,1,2,protein sulfation,sulfur compound metabolic process,0.9389182799702159,0.5013809523809524,0.638
GO:1990505,70,GO:0006259,1,1,mitotic DNA replication maintenance of fidelity,DNA metabolic process,0.9192205882352942,0.5010185185185185,0.518
GO:1990426,70,GO:0006259,1,1,mitotic recombination-dependent replication fork processing,DNA metabolic process,0.9192036485480268,0.500175925925926,0.518
GO:0070478,32,GO:0009056,1,1,"nuclear-transcribed mRNA catabolic process, 3'-5' exonucleolytic nonsense-mediated decay",catabolic process,0.8722985852568875,0.5000666666666667,0.431
GO:0097091,40,GO:0016192,1,4,synaptic vesicle clustering,vesicle-mediated transport,0.9367602382725242,0.49944444444444447,0.563
GO:0042352,34,GO:0006793,1,1,GDP-L-fucose salvage,phosphorus metabolic process,0.9025947505584513,0.4988571428571429,0.437
GO:0031269,49,GO:0030030,1,2,pseudopodium assembly,cell projection organization,0.9433864482501861,0.49837037037037035,0.545
GO:0007195,18,GO:0007154,1,1,adenylate cyclase-inhibiting dopamine receptor signaling pathway,cell communication,0.9209819434102755,0.4975333333333334,0.318
GO:0006437,116,GO:0006520,1,2,tyrosyl-tRNA aminoacylation,amino acid metabolic process,0.9197974683544303,0.49671428571428566,0.609
GO:0006435,116,GO:0006520,1,1,threonyl-tRNA aminoacylation,amino acid metabolic process,0.9197974683544303,0.49671428571428566,0.609
GO:0006430,116,GO:0006520,1,1,lysyl-tRNA aminoacylation,amino acid metabolic process,0.9197974683544303,0.49671428571428566,0.609
GO:0006423,116,GO:0006520,1,1,cysteinyl-tRNA aminoacylation,amino acid metabolic process,0.9197974683544303,0.49671428571428566,0.609
GO:0009449,35,GO:0044281,1,1,gamma-aminobutyric acid biosynthetic process,small molecule metabolic process,0.9167790394638868,0.49641250000000003,0.456
GO:0016024,63,GO:0006629,1,6,CDP-diacylglycerol biosynthetic process,lipid metabolic process,0.9165692479523455,0.4956768292682927,0.555
GO:1905552,29,GO:0033036,1,1,positive regulation of protein localization to endoplasmic reticulum,macromolecule localization,0.8912021593447506,0.49536290322580645,0.456
GO:0006426,116,GO:0006520,1,1,glycyl-tRNA aminoacylation,amino acid metabolic process,0.9197256142963515,0.49326785714285715,0.609
GO:0016182,115,GO:0051169,1,1,synaptic vesicle budding from endosome,nuclear transport,0.8998704393149665,0.49284210526315786,0.466
GO:0006168,76,GO:0055086,1,1,adenine salvage,nucleobase-containing small molecule metabolic process,0.912683730454207,0.4921151515151515,0.569
GO:0009107,35,GO:0044281,1,1,lipoate biosynthetic process,small molecule metabolic process,0.9084156738644825,0.4907125,0.456
GO:0003391,49,GO:0030030,1,3,amphid sensory organ dendrite retrograde extension,cell projection organization,0.9098769545793001,0.49,0.585
GO:0003390,49,GO:0030030,1,3,dendrite development by retrograde extension,cell projection organization,0.9122459046909903,0.49,0.585
GO:0006679,63,GO:0006629,1,3,glucosylceramide biosynthetic process,lipid metabolic process,0.9183652271034997,0.4896707317073171,0.539
GO:1902389,43,GO:0071705,1,3,ceramide 1-phosphate transport,nitrogen compound transport,0.9445778108711839,0.4882875,0.541
GO:0051793,35,GO:0044281,1,5,medium-chain fatty acid catabolic process,small molecule metabolic process,0.9048049143708117,0.4878625,0.491
GO:0051792,35,GO:0044281,1,2,medium-chain fatty acid biosynthetic process,small molecule metabolic process,0.9117217051377513,0.48677499999999996,0.456
GO:0006427,116,GO:0006520,1,1,histidyl-tRNA aminoacylation,amino acid metabolic process,0.9179631422189128,0.4854017857142857,0.627
GO:0006422,116,GO:0006520,1,2,aspartyl-tRNA aminoacylation,amino acid metabolic process,0.9179631422189128,0.4854017857142857,0.627
GO:0006421,116,GO:0006520,1,2,asparaginyl-tRNA aminoacylation,amino acid metabolic process,0.9179631422189128,0.4854017857142857,0.627
GO:0046084,76,GO:0055086,1,2,adenine biosynthetic process,nucleobase-containing small molecule metabolic process,0.9116230454206999,0.4853939393939394,0.586
GO:0033602,43,GO:0071705,1,1,negative regulation of dopamine secretion,nitrogen compound transport,0.8797998883097543,0.4851875,0.499
GO:0071846,96,GO:0030029,1,1,actin filament debranching,actin filament-based process,0.9871517125837677,0.485,0.626
GO:0071031,32,GO:0009056,1,1,nuclear mRNA surveillance of mRNA 3'-end processing,catabolic process,0.8721643708116158,0.4840444444444444,0.431
GO:0006046,58,GO:1901135,1,2,N-acetylglucosamine catabolic process,carbohydrate derivative metabolic process,0.93578574087863,0.48402999999999996,0.535
GO:1900116,21,GO:0023051,1,1,extracellular negative regulation of signal transduction,regulation of signaling,0.9045610573343261,0.4838181818181818,0.554
GO:1990947,46,GO:0007049,1,1,exit from meiosis,cell cycle,0.9601645569620253,0.48350781249999997,0.447
GO:0045041,29,GO:0033036,1,5,protein import into mitochondrial intermembrane space,macromolecule localization,0.9304367088607595,0.48307258064516134,0.542
GO:0046437,116,GO:0006520,1,1,D-amino acid biosynthetic process,amino acid metabolic process,0.919710722263589,0.4817053571428571,0.581
GO:0070179,116,GO:0006520,1,1,D-serine biosynthetic process,amino acid metabolic process,0.9196666046165302,0.4795892857142857,0.581
GO:0036471,14,GO:0042221,1,2,cellular response to glyoxal,response to chemical,0.954057520476545,0.47880645161290325,0.479
GO:0006433,116,GO:0006520,1,2,prolyl-tRNA aminoacylation,amino acid metabolic process,0.9165969843633656,0.47696428571428573,0.64
GO:0006431,116,GO:0006520,1,2,methionyl-tRNA aminoacylation,amino acid metabolic process,0.9165969843633656,0.47696428571428573,0.64
GO:0006429,116,GO:0006520,1,2,leucyl-tRNA aminoacylation,amino acid metabolic process,0.9165969843633656,0.47696428571428573,0.64
GO:0006428,116,GO:0006520,1,2,isoleucyl-tRNA aminoacylation,amino acid metabolic process,0.9165969843633656,0.47696428571428573,0.64
GO:0006424,116,GO:0006520,1,2,glutamyl-tRNA aminoacylation,amino acid metabolic process,0.9165969843633656,0.47696428571428573,0.64
GO:0006420,116,GO:0006520,1,2,arginyl-tRNA aminoacylation,amino acid metabolic process,0.9165969843633656,0.47696428571428573,0.64
GO:0006419,116,GO:0006520,1,2,alanyl-tRNA aminoacylation,amino acid metabolic process,0.9165969843633656,0.47696428571428573,0.64
GO:0097401,45,GO:0042592,1,1,synaptic vesicle lumen acidification,homeostatic process,0.8798311615785555,0.47571212121212125,0.615
GO:0046491,111,GO:0006790,1,1,L-methylmalonyl-CoA metabolic process,sulfur compound metabolic process,0.9096878257632167,0.47538095238095235,0.609
GO:0016260,116,GO:0006520,1,1,selenocysteine biosynthetic process,amino acid metabolic process,0.9193413998510797,0.4744196428571429,0.581
GO:0009212,76,GO:0055086,1,2,pyrimidine deoxyribonucleoside triphosphate biosynthetic process,nucleobase-containing small molecule metabolic process,0.9027267311988086,0.47379393939393943,0.586
GO:0060003,72,GO:0006811,1,1,copper ion export,monoatomic ion transport,0.9568897989575577,0.4737906976744186,0.441
GO:0036071,142,GO:0070085,1,1,N-glycan fucosylation,glycosylation,0.9669720774385704,0.47368750000000004,0.626
GO:0015917,177,GO:0015748,1,1,aminophospholipid transport,organophosphate ester transport,0.95147617274758,0.47350000000000003,0.702
GO:0061853,69,GO:0048870,1,1,regulation of neuroblast migration,cell motility,0.9482916976917349,0.47185365853658534,0.602
GO:0035695,129,GO:0061919,1,1,mitophagy by internal vacuole formation,process utilizing autophagic mechanism,0.9521219285182427,0.4706666666666667,0.626
GO:0046305,111,GO:0006790,1,1,alkanesulfonate biosynthetic process,sulfur compound metabolic process,0.9224780342516754,0.46871428571428575,0.609
GO:0042412,111,GO:0006790,1,1,taurine biosynthetic process,sulfur compound metabolic process,0.9224780342516754,0.46871428571428575,0.609
GO:0009269,14,GO:0042221,1,1,response to desiccation,response to chemical,0.9561451973194341,0.46756451612903227,0.479
GO:1905959,14,GO:0042221,1,1,positive regulation of cellular response to alcohol,response to chemical,0.8998922189128816,0.46595161290322584,0.455
GO:1905957,14,GO:0042221,1,1,regulation of cellular response to alcohol,response to chemical,0.9157099776619508,0.46595161290322584,0.455
GO:0009253,58,GO:1901135,1,4,peptidoglycan catabolic process,carbohydrate derivative metabolic process,0.9254162323157111,0.46591000000000005,0.564
GO:0048621,64,GO:0009791,1,2,post-embryonic digestive tract morphogenesis,post-embryonic development,0.9575973566641847,0.4658,0.557
GO:0033292,77,GO:0061024,1,1,T-tubule organization,membrane organization,0.9241909903201787,0.46576744186046515,0.609
GO:1904985,35,GO:0044281,1,1,negative regulation of quinolinate biosynthetic process,small molecule metabolic process,0.8596950856291884,0.46253750000000005,0.456
GO:1904984,35,GO:0044281,1,1,regulation of quinolinate biosynthetic process,small molecule metabolic process,0.8766651154132539,0.46253750000000005,0.456
GO:0048250,72,GO:0006811,1,1,iron import into the mitochondrion,monoatomic ion transport,0.9551102010424423,0.4621627906976744,0.441
GO:0019481,116,GO:0006520,1,1,"L-alanine catabolic process, by transamination",amino acid metabolic process,0.9165001861504095,0.4618392857142857,0.581
GO:0019547,116,GO:0006520,1,1,arginine catabolic process to ornithine,amino acid metabolic process,0.9163646686522711,0.4613571428571429,0.581
GO:0006434,116,GO:0006520,1,3,seryl-tRNA aminoacylation,amino acid metabolic process,0.9137907669396873,0.4600803571428571,0.668
GO:0042004,44,GO:0003006,1,1,feminization of hermaphrodite soma,developmental process involved in reproduction,0.9581124348473566,0.4597941176470588,0.525
GO:1905852,52,GO:0040011,1,4,positive regulation of backward locomotion,locomotion,0.9388481012658227,0.45791666666666664,0.607
GO:0042138,39,GO:0044703,1,7,meiotic DNA double-strand break formation,multi-organism reproductive process,0.9009463886820551,0.45742499999999997,0.355
GO:0097238,14,GO:0042221,1,2,cellular response to methylglyoxal,response to chemical,0.9538058451228593,0.45699999999999996,0.479
GO:0046080,76,GO:0055086,1,1,dUTP metabolic process,nucleobase-containing small molecule metabolic process,0.9012181682799703,0.4512424242424242,0.569
GO:0009140,76,GO:0055086,1,3,pyrimidine nucleoside diphosphate catabolic process,nucleobase-containing small molecule metabolic process,0.8932239389426657,0.45117575757575756,0.618
GO:0009195,76,GO:0055086,1,3,pyrimidine ribonucleoside diphosphate catabolic process,nucleobase-containing small molecule metabolic process,0.8931926656738645,0.45015757575757576,0.618
GO:0015691,72,GO:0006811,1,4,cadmium ion transport,monoatomic ion transport,0.9615402084884587,0.4498372093023256,0.491
GO:0097623,106,GO:0098660,1,2,potassium ion export across plasma membrane,inorganic ion transmembrane transport,0.9506649292628444,0.44975,0.571
GO:0046704,76,GO:0055086,1,2,CDP metabolic process,nucleobase-containing small molecule metabolic process,0.9018436336559941,0.4472484848484849,0.569
GO:0019988,143,GO:0006399,1,1,charged-tRNA amino acid modification,tRNA metabolic process,0.9272226358897989,0.4471764705882353,0.614
GO:0044341,185,GO:0015698,1,1,sodium-dependent phosphate transport,inorganic anion transport,0.9676639985107968,0.44699999999999995,0.651
GO:0009082,116,GO:0006520,1,4,branched-chain amino acid biosynthetic process,amino acid metabolic process,0.9101245346239761,0.44539285714285715,0.681
GO:0019343,111,GO:0006790,1,2,cysteine biosynthetic process via cystathionine,sulfur compound metabolic process,0.9127222635889799,0.4453095238095238,0.638
GO:1905561,36,GO:0043933,1,4,positive regulation of kinetochore assembly,protein-containing complex organization,0.8691057334326135,0.4439516129032258,0.619
GO:0014722,55,GO:0003008,1,1,regulation of skeletal muscle contraction by calcium ion signaling,system process,0.9045422561429635,0.44382857142857146,0.511
GO:0080144,45,GO:0042592,1,2,intracellular amino acid homeostasis,homeostatic process,0.9915632911392405,0.4434393939393939,0.644
GO:0019367,35,GO:0044281,1,9,"fatty acid elongation, saturated fatty acid",small molecule metabolic process,0.9037375279225615,0.44279999999999997,0.516
GO:0046713,185,GO:0015698,1,1,borate transport,inorganic anion transport,0.9676574832464632,0.44199999999999995,0.651
GO:0043605,74,GO:0043603,1,9,amide catabolic process,amide metabolic process,0.9420891660461653,0.4413,0.745
GO:0006214,58,GO:1901135,1,1,thymidine catabolic process,carbohydrate derivative metabolic process,0.8983002606105733,0.44108,0.509
GO:0034626,35,GO:0044281,1,9,"fatty acid elongation, polyunsaturated fatty acid",small molecule metabolic process,0.9037069992553983,0.44075,0.516
GO:0034625,35,GO:0044281,1,9,"fatty acid elongation, monounsaturated fatty acid",small molecule metabolic process,0.9037069992553983,0.44075,0.516
GO:0015891,72,GO:0006811,1,3,siderophore transport,monoatomic ion transport,0.9619962769918093,0.43925581395348834,0.48
GO:0009194,76,GO:0055086,1,2,pyrimidine ribonucleoside diphosphate biosynthetic process,nucleobase-containing small molecule metabolic process,0.8986986224869695,0.4390666666666667,0.618
GO:0061643,52,GO:0040011,1,7,chemorepulsion of axon,locomotion,0.8642311988086374,0.43862500000000004,0.623
GO:0046075,76,GO:0055086,1,2,dTTP metabolic process,nucleobase-containing small molecule metabolic process,0.8989532762472078,0.43845454545454543,0.586
GO:0046072,76,GO:0055086,1,1,dTDP metabolic process,nucleobase-containing small molecule metabolic process,0.9010647803425168,0.43786060606060606,0.569
GO:1901951,115,GO:0051169,1,1,regulation of anterograde dense core granule transport,nuclear transport,0.8904179076693969,0.4374035087719298,0.466
GO:0006177,76,GO:0055086,1,3,GMP biosynthetic process,nucleobase-containing small molecule metabolic process,0.893228592702904,0.4372666666666667,0.599
GO:0097510,166,GO:0000077,1,1,"base-excision repair, AP site formation via deaminated base removal",DNA damage checkpoint signaling,0.9113507073715562,0.43614285714285717,0.485
GO:0070574,72,GO:0006811,1,4,cadmium ion transmembrane transport,monoatomic ion transport,0.9534906924795234,0.4349767441860465,0.491
GO:1901953,115,GO:0051169,1,1,positive regulation of anterograde dense core granule transport,nuclear transport,0.8757959791511541,0.4347017543859649,0.466
GO:0033058,52,GO:0040011,1,18,directional locomotion,locomotion,0.9938715562174236,0.43425,0.707
GO:0046603,155,GO:0031023,1,2,negative regulation of mitotic centrosome separation,microtubule organizing center organization,0.8784082278481012,0.4340851063829787,0.785
GO:0046087,58,GO:1901135,1,3,cytidine metabolic process,carbohydrate derivative metabolic process,0.9035372300819062,0.43386,0.574
GO:2001294,111,GO:0006790,1,1,malonyl-CoA catabolic process,sulfur compound metabolic process,0.8959071109456441,0.43333333333333335,0.609
GO:1905843,47,GO:0009628,1,2,regulation of cellular response to gamma radiation,response to abiotic stimulus,0.9159841772151899,0.43262500000000004,0.617
GO:0010607,17,GO:0044085,1,2,negative regulation of cytoplasmic mRNA processing body assembly,cellular component biogenesis,0.8803950111690246,0.4315,0.476
GO:0009098,116,GO:0006520,1,2,L-leucine biosynthetic process,amino acid metabolic process,0.9159704020848846,0.4305714285714286,0.609
GO:1904937,69,GO:0048870,1,7,sensory neuron migration,cell motility,0.9449979523454952,0.43024390243902444,0.698
GO:0035445,185,GO:0015698,1,1,borate transmembrane transport,inorganic anion transport,0.9589048771407297,0.43014285714285716,0.651
GO:0097250,93,GO:0007005,1,3,mitochondrial respirasome assembly,mitochondrion organization,0.9360763216679077,0.43004,0.718
GO:1903743,75,GO:0051640,1,1,negative regulation of anterograde synaptic vesicle transport,organelle localization,0.8737607967237528,0.4293972602739726,0.59
GO:0046108,58,GO:1901135,1,3,uridine metabolic process,carbohydrate derivative metabolic process,0.9025295979151154,0.42891999999999997,0.583
GO:0071674,69,GO:0048870,1,1,mononuclear cell migration,cell motility,0.9818134772896501,0.42800000000000005,0.602
GO:0099044,75,GO:0051640,1,2,vesicle tethering to endoplasmic reticulum,organelle localization,0.9100833953834698,0.42753424657534245,0.618
GO:0035600,143,GO:0006399,1,1,tRNA methylthiolation,tRNA metabolic process,0.9244363365599404,0.42652941176470593,0.644
GO:1905815,49,GO:0030030,1,11,regulation of dorsal/ventral axon guidance,cell projection organization,0.8199348473566642,0.42646296296296293,0.64
GO:0015803,156,GO:0046942,1,2,branched-chain amino acid transport,carboxylic acid transport,0.9559220029784066,0.4257857142857143,0.707
GO:0045900,107,GO:0006412,1,2,negative regulation of translational elongation,translation,0.8786502233804915,0.42566666666666664,0.559
GO:0019510,58,GO:1901135,1,1,S-adenosylhomocysteine catabolic process,carbohydrate derivative metabolic process,0.8881431496649292,0.42486999999999997,0.509
GO:0010133,116,GO:0006520,1,2,proline catabolic process to glutamate,amino acid metabolic process,0.9088332092330603,0.4234375,0.64
GO:0019101,44,GO:0003006,1,1,female somatic sex determination,developmental process involved in reproduction,0.956358339538347,0.4228823529411765,0.551
GO:0046705,76,GO:0055086,1,2,CDP biosynthetic process,nucleobase-containing small molecule metabolic process,0.8954380119136263,0.4227878787878788,0.569
GO:0006218,58,GO:1901135,1,1,uridine catabolic process,carbohydrate derivative metabolic process,0.8943741623231571,0.42091,0.535
GO:0005991,109,GO:0005975,1,8,trehalose metabolic process,carbohydrate metabolic process,0.950487714072971,0.41900000000000004,0.727
GO:0006567,116,GO:0006520,1,4,threonine catabolic process,amino acid metabolic process,0.9097081161578555,0.41893749999999996,0.64
GO:0061172,113,GO:0007163,1,1,regulation of establishment of bipolar cell polarity,establishment or maintenance of cell polarity,0.9530718540580789,0.4187333333333334,0.68
GO:0006235,76,GO:0055086,1,2,dTTP biosynthetic process,nucleobase-containing small molecule metabolic process,0.8925619880863738,0.4186787878787879,0.586
GO:0044718,72,GO:0006811,1,3,siderophore transmembrane transport,monoatomic ion transport,0.9540374162323157,0.41862790697674424,0.48
GO:0019878,116,GO:0006520,1,3,lysine biosynthetic process via aminoadipic acid,amino acid metabolic process,0.9139590469099033,0.4179732142857143,0.627
GO:0009085,116,GO:0006520,1,3,lysine biosynthetic process,amino acid metabolic process,0.9139590469099033,0.4179732142857143,0.627
GO:0033514,116,GO:0006520,1,2,L-lysine catabolic process to acetyl-CoA via L-pipecolate,amino acid metabolic process,0.8854406180193597,0.4168928571428572,0.627
GO:0009099,116,GO:0006520,1,3,L-valine biosynthetic process,amino acid metabolic process,0.9140208488458674,0.4164553571428571,0.627
GO:0006233,76,GO:0055086,1,1,dTDP biosynthetic process,nucleobase-containing small molecule metabolic process,0.8947552122114668,0.41627272727272724,0.569
GO:0019368,35,GO:0044281,1,9,"fatty acid elongation, unsaturated fatty acid",small molecule metabolic process,0.8994313104988831,0.41623750000000004,0.549
GO:0006574,116,GO:0006520,1,4,valine catabolic process,amino acid metabolic process,0.9078466120625466,0.4160178571428571,0.66
GO:1904417,129,GO:0061919,1,1,positive regulation of xenophagy,process utilizing autophagic mechanism,0.8587816455696202,0.4155333333333333,0.626
GO:1904415,129,GO:0061919,1,1,regulation of xenophagy,process utilizing autophagic mechanism,0.8745022338049144,0.4155333333333333,0.626
GO:0071788,98,GO:0010256,1,1,endoplasmic reticulum tubular network maintenance,endomembrane system organization,0.9491930379746836,0.41394117647058826,0.652
GO:0003388,15,GO:0048513,1,5,neuron development involved in amphid sensory organ development,animal organ development,0.945243670886076,0.41270588235294114,0.631
GO:0043111,70,GO:0006259,1,2,replication fork arrest,DNA metabolic process,0.878071854058079,0.4124629629629629,0.544
GO:0055129,116,GO:0006520,1,4,L-proline biosynthetic process,amino acid metabolic process,0.9107369694713329,0.4116875,0.66
GO:0000493,87,GO:0022613,1,2,box H/ACA snoRNP assembly,ribonucleoprotein complex biogenesis,0.940641660461653,0.4093103448275862,0.64
GO:1905933,103,GO:0045165,1,3,regulation of cell fate determination,cell fate commitment,0.9227665673864482,0.4087894736842105,0.64
GO:0060178,124,GO:0031503,1,1,regulation of exocyst localization,protein-containing complex localization,0.9256107594936709,0.40870833333333334,0.714
GO:0003387,15,GO:0048513,1,6,neuron differentiation involved in amphid sensory organ development,animal organ development,0.9464298212956068,0.40817647058823525,0.638
GO:2001295,111,GO:0006790,1,2,malonyl-CoA biosynthetic process,sulfur compound metabolic process,0.8991554355919583,0.40773809523809523,0.638
GO:0046127,58,GO:1901135,1,3,pyrimidine deoxyribonucleoside catabolic process,carbohydrate derivative metabolic process,0.891991250930752,0.40708999999999995,0.552
GO:0001173,147,GO:0006352,1,1,DNA-templated transcriptional start site selection,DNA-templated transcription initiation,0.9377304542069993,0.4066363636363637,0.721
GO:1902846,46,GO:0007049,1,1,positive regulation of mitotic spindle elongation,cell cycle,0.8699290766939687,0.406484375,0.447
GO:1904785,103,GO:0045165,1,3,regulation of asymmetric protein localization involved in cell fate determination,cell fate commitment,0.872415487714073,0.40463157894736845,0.64
GO:1904331,70,GO:0006259,1,4,regulation of error-prone translesion synthesis,DNA metabolic process,0.8444752419955324,0.4035833333333333,0.606
GO:1902435,30,GO:0022414,1,14,regulation of male mating behavior,reproductive process,0.9168574087862993,0.40347222222222223,0.536
GO:0070124,172,GO:0140053,1,1,mitochondrial translational initiation,mitochondrial gene expression,0.9407905807892777,0.4034444444444444,0.744
GO:0061433,84,GO:0031667,1,1,cellular response to caloric restriction,response to nutrient levels,0.9591764705882353,0.4025714285714286,0.717
GO:0033212,45,GO:0042592,1,4,iron import into cell,homeostatic process,0.9352336187639613,0.40156060606060606,0.676
GO:0006225,76,GO:0055086,1,2,UDP biosynthetic process,nucleobase-containing small molecule metabolic process,0.891292442293373,0.40103636363636364,0.599
GO:0016237,129,GO:0061919,1,12,microautophagy,process utilizing autophagic mechanism,0.9447526061057334,0.40093333333333336,0.746
GO:0061709,129,GO:0061919,1,10,reticulophagy,process utilizing autophagic mechanism,0.9452112807148175,0.4004,0.736
GO:0019474,116,GO:0006520,1,4,L-lysine catabolic process to acetyl-CoA,amino acid metabolic process,0.8819625837676843,0.39983928571428573,0.651
GO:0002184,108,GO:0022411,1,1,cytoplasmic translational termination,cellular component disassembly,0.9010815338793745,0.39917777777777774,0.668
GO:0006014,109,GO:0005975,1,2,D-ribose metabolic process,carbohydrate metabolic process,0.9283449367088608,0.3986964285714286,0.639
GO:1905771,33,GO:0009888,1,1,negative regulation of mesodermal cell differentiation,tissue development,0.8952365971705137,0.3977547169811321,0.639
GO:0006561,116,GO:0006520,1,4,proline biosynthetic process,amino acid metabolic process,0.9085902829486225,0.397625,0.681
GO:0006256,76,GO:0055086,1,3,UDP catabolic process,nucleobase-containing small molecule metabolic process,0.882876582278481,0.3964787878787879,0.618
GO:0050787,110,GO:0010038,1,1,detoxification of mercury ion,response to metal ion,0.9682228220402085,0.39632,0.701
GO:1904333,70,GO:0006259,1,4,positive regulation of error-prone translesion synthesis,DNA metabolic process,0.8287762472077438,0.3955092592592593,0.606
GO:0031639,132,GO:0006457,1,2,plasminogen activation,protein folding,0.9365766939687268,0.39535714285714285,0.625
GO:0001705,33,GO:0009888,1,2,ectoderm formation,tissue development,0.9570670141474311,0.3946792452830189,0.669
GO:0046081,34,GO:0006793,1,1,dUTP catabolic process,phosphorus metabolic process,0.8892455323901712,0.3942244897959184,0.46
GO:0072579,127,GO:0050808,1,2,glycine receptor clustering,synapse organization,0.906090096798213,0.39408888888888893,0.72
GO:0042662,33,GO:0009888,1,1,negative regulation of mesodermal cell fate specification,tissue development,0.8918533134772897,0.39383018867924524,0.639
GO:1905484,69,GO:0048870,1,2,negative regulation of motor neuron migration,cell motility,0.8931522710349963,0.3936829268292683,0.649
GO:0051391,149,GO:0009451,1,1,tRNA acetylation,RNA modification,0.9241973194341028,0.3932941176470588,0.687
GO:0001712,33,GO:0009888,1,2,ectodermal cell fate commitment,tissue development,0.9473333953834698,0.3925094339622641,0.669
GO:1903259,108,GO:0022411,1,1,exon-exon junction complex disassembly,cellular component disassembly,0.9477365971705137,0.3919111111111111,0.699
GO:0002940,122,GO:0032259,1,1,tRNA N2-guanine methylation,methylation,0.9264452717795979,0.3904444444444445,0.641
GO:0061187,83,GO:0006325,1,1,regulation of rDNA heterochromatin formation,chromatin organization,0.8571729337304542,0.3901875,0.602
GO:0009972,58,GO:1901135,1,3,cytidine deamination,carbohydrate derivative metabolic process,0.8886621370067014,0.38959999999999995,0.574
GO:0006216,58,GO:1901135,1,3,cytidine catabolic process,carbohydrate derivative metabolic process,0.8886621370067014,0.38959999999999995,0.574
GO:0070586,114,GO:0030155,1,2,cell-cell adhesion involved in gastrulation,regulation of cell adhesion,0.9517330603127326,0.3891538461538462,0.616
GO:0030043,108,GO:0022411,1,1,actin filament fragmentation,cellular component disassembly,0.9383320923306031,0.3864222222222222,0.668
GO:0051643,98,GO:0010256,1,8,endoplasmic reticulum localization,endomembrane system organization,0.9102438570364855,0.38535294117647056,0.752
GO:1990884,149,GO:0009451,1,1,RNA acetylation,RNA modification,0.9331679076693968,0.3845294117647059,0.706
GO:0090390,45,GO:0042592,1,2,phagosome acidification involved in apoptotic cell clearance,homeostatic process,0.8735807892777364,0.3843181818181818,0.676
GO:0001174,147,GO:0006352,1,1,transcriptional start site selection at RNA polymerase II promoter,DNA-templated transcription initiation,0.9375132166790767,0.38290909090909087,0.721
GO:0042001,44,GO:0003006,1,6,hermaphrodite somatic sex determination,developmental process involved in reproduction,0.951765078183172,0.3811470588235294,0.63
GO:0060160,21,GO:0023051,1,1,negative regulation of dopamine receptor signaling pathway,regulation of signaling,0.8927617274758004,0.3803181818181818,0.554
GO:1990546,156,GO:0046942,1,2,mitochondrial tricarboxylic acid transmembrane transport,carboxylic acid transport,0.9519409903201788,0.37964285714285717,0.707
GO:1903744,75,GO:0051640,1,2,positive regulation of anterograde synaptic vesicle transport,organelle localization,0.8644664929262844,0.37917808219178084,0.661
GO:1905189,46,GO:0007049,1,1,regulation of metaphase/anaphase transition of meiosis II,cell cycle,0.8816576693968727,0.378859375,0.447
GO:0002926,143,GO:0006399,1,3,tRNA wobble base 5-methoxycarbonylmethyl-2-thiouridinylation,tRNA metabolic process,0.9225897244973938,0.37864705882352945,0.662
GO:0048212,108,GO:0022411,1,1,Golgi vesicle uncoating,cellular component disassembly,0.9172313849590469,0.3767555555555555,0.668
GO:0002775,41,GO:0002376,1,5,antimicrobial peptide production,immune system process,0.9062056962025317,0.37644999999999995,0.656
GO:1905186,46,GO:0007049,1,1,regulation of metaphase/anaphase transition of meiosis I,cell cycle,0.8816917349218168,0.37628906250000005,0.447
GO:0097576,141,GO:0007033,1,1,vacuole fusion,vacuole organization,0.9504288905435592,0.3750833333333333,0.713
GO:0042144,141,GO:0007033,1,1,"vacuole fusion, non-autophagic",vacuole organization,0.9504288905435592,0.3750833333333333,0.713
GO:0006362,123,GO:0016072,1,3,transcription elongation by RNA polymerase I,rRNA metabolic process,0.9314711466865228,0.37483333333333335,0.69
GO:0048664,103,GO:0045165,1,5,neuron fate determination,cell fate commitment,0.948078555472822,0.37468421052631584,0.664
GO:0061789,66,GO:0046903,1,1,dense core granule priming,secretion,0.8970673864482501,0.3716666666666667,0.626
GO:0097104,127,GO:0050808,1,1,postsynaptic membrane assembly,synapse organization,0.9098920327624721,0.3708444444444444,0.689
GO:0007107,100,GO:0051301,1,1,membrane addition at site of cytokinesis,cell division,0.9358289277736411,0.37028571428571433,0.599
GO:0034203,193,GO:1901264,1,1,glycolipid translocation,carbohydrate derivative transport,0.8831772151898735,0.37006666666666665,0.762
GO:0031554,182,GO:0006353,1,1,regulation of termination of DNA-templated transcription,DNA-templated transcription termination,0.8578235294117647,0.36819999999999997,0.852
GO:0006386,182,GO:0006353,1,1,termination of RNA polymerase III transcription,DNA-templated transcription termination,0.9378378629932986,0.36819999999999997,0.852
GO:1902684,124,GO:0031503,1,1,negative regulation of receptor localization to synapse,protein-containing complex localization,0.9090320178704393,0.36583333333333334,0.714
GO:0007078,108,GO:0022411,1,1,lamin depolymerization,cellular component disassembly,0.9233726731198808,0.3656666666666667,0.668
GO:0016031,133,GO:0006839,1,2,tRNA import into mitochondrion,mitochondrial transport,0.9426919210722263,0.36416666666666664,0.738
GO:0098543,134,GO:0051606,1,2,detection of other organism,detection of stimulus,0.9694020848845868,0.363,0.65
GO:0016045,134,GO:0051606,1,2,detection of bacterium,detection of stimulus,0.9691504095309009,0.363,0.65
GO:0015709,200,GO:0072348,1,1,thiosulfate transport,sulfur compound transport,0.9664465748324647,0.3607,0.802
GO:0032223,22,GO:0010646,1,5,"negative regulation of synaptic transmission, cholinergic",regulation of cell communication,0.9110336932241251,0.35883333333333334,0.638
GO:1903910,102,GO:0072657,1,1,negative regulation of receptor clustering,protein localization to membrane,0.888629746835443,0.3576956521739131,0.676
GO:2000634,10,GO:0048519,1,2,regulation of primary miRNA processing,negative regulation of biological process,0.8771429635145197,0.3571481481481481,0.462
GO:0015787,193,GO:1901264,1,1,UDP-glucuronate transmembrane transport,carbohydrate derivative transport,0.9475971705137751,0.3568,0.73
GO:1901609,68,GO:0007017,1,1,negative regulation of vesicle transport along microtubule,microtubule-based process,0.874364668652271,0.3550416666666667,0.541
GO:0006843,156,GO:0046942,1,2,mitochondrial citrate transmembrane transport,carboxylic acid transport,0.9518121742367833,0.3549285714285715,0.707
GO:1905870,71,GO:0016071,1,1,positive regulation of 3'-UTR-mediated mRNA stabilization,mRNA metabolic process,0.8452689873417721,0.3548965517241379,0.558
GO:1905188,46,GO:0007049,1,1,positive regulation of metaphase/anaphase transition of meiosis I,cell cycle,0.8678672747580045,0.353375,0.447
GO:0015888,206,GO:0051180,1,1,thiamine transport,vitamin transport,0.9589484363365599,0.35119999999999996,0.861
GO:0015938,95,GO:0072521,1,1,coenzyme A catabolic process,purine-containing compound metabolic process,0.8924834326135518,0.35109999999999997,0.62
GO:0019344,111,GO:0006790,1,13,cysteine biosynthetic process,sulfur compound metabolic process,0.8968211094564408,0.34983333333333333,0.789
GO:0034727,129,GO:0061919,1,12,piecemeal microautophagy of the nucleus,process utilizing autophagic mechanism,0.9444288905435592,0.3471333333333333,0.746
GO:0016264,127,GO:0050808,1,3,gap junction assembly,synapse organization,0.9434234921816828,0.34502222222222223,0.708
GO:0061771,84,GO:0031667,1,4,response to caloric restriction,response to nutrient levels,0.9672189128816083,0.3449523809523809,0.805
GO:0045108,215,GO:0045104,1,1,regulation of intermediate filament polymerization or depolymerization,intermediate filament cytoskeleton organization,0.9058607594936708,0.3435,0.89
GO:1901891,100,GO:0051301,1,1,regulation of cell septum assembly,cell division,0.8913268801191363,0.3432857142857143,0.599
GO:0032955,100,GO:0051301,1,1,regulation of division septum assembly,cell division,0.8913268801191363,0.3432857142857143,0.599
GO:1990882,149,GO:0009451,1,1,rRNA acetylation,RNA modification,0.8912055100521221,0.34305882352941175,0.656
GO:1904812,149,GO:0009451,1,1,rRNA acetylation involved in maturation of SSU-rRNA,RNA modification,0.8909141846612063,0.34305882352941175,0.656
GO:1901893,100,GO:0051301,1,1,positive regulation of cell septum assembly,cell division,0.8759843633655994,0.3424047619047619,0.599
GO:0010973,100,GO:0051301,1,1,positive regulation of division septum assembly,cell division,0.8759843633655994,0.3424047619047619,0.599
GO:0071543,126,GO:0006066,1,1,diphosphoinositol polyphosphate metabolic process,alcohol metabolic process,0.9281183916604616,0.33843749999999995,0.712
GO:0015798,180,GO:0015850,1,3,myo-inositol transport,organic hydroxy compound transport,0.9634709605361131,0.33791666666666664,0.828
GO:1901860,93,GO:0007005,1,1,positive regulation of mitochondrial DNA metabolic process,mitochondrion organization,0.842490878629933,0.33364000000000005,0.669
GO:1903401,203,GO:0015695,1,2,L-lysine transmembrane transport,organic cation transport,0.9469856664184662,0.33287500000000003,0.79
GO:0006580,230,GO:1901160,1,4,ethanolamine metabolic process,primary amino compound metabolic process,0.9288579672375279,0.32999999999999996,0.91
GO:0090297,93,GO:0007005,1,1,positive regulation of mitochondrial DNA replication,mitochondrion organization,0.8410666418466121,0.32928,0.669
GO:0048211,153,GO:0022406,1,1,Golgi vesicle docking,membrane docking,0.951009493670886,0.3292222222222222,0.792
GO:0006742,163,GO:0072524,1,1,NADP catabolic process,pyridine-containing compound metabolic process,0.9016653015636634,0.3290952380952381,0.703
GO:0032979,102,GO:0072657,1,4,protein insertion into mitochondrial inner membrane from matrix,protein localization to membrane,0.8921965748324646,0.32899999999999996,0.741
GO:1901962,200,GO:0072348,1,1,S-adenosyl-L-methionine transmembrane transport,sulfur compound transport,0.957671444527178,0.3277,0.802
GO:0015805,200,GO:0072348,1,1,S-adenosyl-L-methionine transport,sulfur compound transport,0.9654020848845868,0.3277,0.802
GO:1901874,26,GO:0051246,1,1,negative regulation of post-translational protein modification,regulation of protein metabolic process,0.8804398734177216,0.3252380952380952,0.653
GO:1990456,153,GO:0022406,1,1,mitochondrion-endoplasmic reticulum membrane tethering,membrane docking,0.9254549516008935,0.32433333333333336,0.825
GO:0015816,184,GO:0006865,1,6,glycine transport,amino acid transport,0.9507261727475801,0.323875,0.784
GO:1990180,172,GO:0140053,1,1,mitochondrial tRNA 3'-end processing,mitochondrial gene expression,0.931274199553239,0.32333333333333336,0.744
GO:1902022,203,GO:0015695,1,2,L-lysine transport,organic cation transport,0.953009121370067,0.32237499999999997,0.811
GO:0051694,108,GO:0022411,1,2,pointed-end actin filament capping,cellular component disassembly,0.8622632166790767,0.3204222222222223,0.718
GO:0015783,193,GO:1901264,1,2,GDP-fucose transmembrane transport,carbohydrate derivative transport,0.9493834698436336,0.3187333333333333,0.762
GO:0071528,117,GO:0006403,1,2,tRNA re-export from nucleus,RNA localization,0.9360323901712584,0.3176363636363636,0.79
GO:1905772,33,GO:0009888,1,10,positive regulation of mesodermal cell differentiation,tissue development,0.8812302680565898,0.3150377358490566,0.761
GO:0006751,152,GO:0006575,1,7,glutathione catabolic process,modified amino acid metabolic process,0.9315569620253165,0.3146923076923077,0.827
GO:1905608,127,GO:0050808,1,3,positive regulation of presynapse assembly,synapse organization,0.8520524944154877,0.31442222222222227,0.74
GO:0048337,33,GO:0009888,1,10,positive regulation of mesodermal cell fate specification,tissue development,0.8773641102010424,0.31350943396226416,0.761
GO:1901161,230,GO:1901160,1,1,primary amino compound catabolic process,primary amino compound metabolic process,0.9528082650781832,0.3124,0.84
GO:0042429,230,GO:1901160,1,1,serotonin catabolic process,primary amino compound metabolic process,0.9494491809381981,0.3124,0.84
GO:1905804,110,GO:0010038,1,2,positive regulation of cellular response to manganese ion,response to metal ion,0.8934834326135518,0.31148,0.766
GO:0106005,122,GO:0032259,1,2,RNA 5'-cap (guanine-N7)-methylation,methylation,0.9249979523454952,0.3107777777777778,0.671
GO:0032971,96,GO:0030029,1,1,regulation of muscle filament sliding,actin filament-based process,0.8686666046165301,0.3093684210526316,0.626
GO:1903189,178,GO:0006081,1,2,glyoxal metabolic process,aldehyde metabolic process,0.9638546165301564,0.3063636363636364,0.866
GO:1901873,26,GO:0051246,1,15,regulation of post-translational protein modification,regulation of protein metabolic process,0.8836083395383469,0.3031666666666667,0.761
GO:0034309,126,GO:0006066,1,2,primary alcohol biosynthetic process,alcohol metabolic process,0.9207217051377513,0.30034375,0.778
GO:1902356,125,GO:0015711,1,2,oxaloacetate(2-) transmembrane transport,organic anion transport,0.9532511169024572,0.29992857142857143,0.67
GO:1901162,230,GO:1901160,1,9,primary amino compound biosynthetic process,primary amino compound metabolic process,0.9505212211466865,0.29880000000000007,0.974
GO:0034474,169,GO:0016073,1,1,U2 snRNA 3'-end processing,snRNA metabolic process,0.9326105733432614,0.2971666666666667,0.8
GO:0046333,189,GO:0009308,1,2,octopamine metabolic process,amine metabolic process,0.9294603499627699,0.2944,0.803
GO:0046295,126,GO:0006066,1,2,glycolate biosynthetic process,alcohol metabolic process,0.9162883469843633,0.29418750000000005,0.778
GO:0019243,171,GO:0010565,1,1,methylglyoxal catabolic process to D-lactate via S-lactoyl-glutathione,regulation of ketone metabolic process,0.9208979895755771,0.29194444444444445,0.707
GO:0006059,126,GO:0006066,1,2,hexitol metabolic process,alcohol metabolic process,0.927939314966493,0.29190625000000003,0.744
GO:0106004,122,GO:0032259,1,2,tRNA (guanine-N7)-methylation,methylation,0.9235007446016381,0.2917777777777778,0.671
GO:1903826,184,GO:0006865,1,5,L-arginine transmembrane transport,amino acid transport,0.944075018615041,0.2914375,0.765
GO:0046452,202,GO:0042558,1,1,dihydrofolate metabolic process,pteridine-containing compound metabolic process,0.932867460908414,0.2913636363636364,0.806
GO:0045234,174,GO:0042157,1,1,protein palmitoleylation,lipoprotein metabolic process,0.9385850707371556,0.2872,0.883
GO:0015791,180,GO:0015850,1,5,polyol transmembrane transport,organic hydroxy compound transport,0.9509398734177216,0.28633333333333333,0.911
GO:1990170,110,GO:0010038,1,12,stress response to cadmium ion,response to metal ion,0.957048771407297,0.28615999999999997,0.853
GO:0051659,131,GO:0051235,1,1,maintenance of mitochondrion location,maintenance of location,0.9497034623976173,0.2858125,0.8
GO:0015729,125,GO:0015711,1,2,oxaloacetate transport,organic anion transport,0.9601530156366344,0.28535714285714286,0.688
GO:0043490,163,GO:0072524,1,3,malate-aspartate shuttle,pyridine-containing compound metabolic process,0.9060811615785554,0.28509523809523807,0.768
GO:0019310,126,GO:0006066,1,1,inositol catabolic process,alcohol metabolic process,0.9218992926284437,0.28403124999999996,0.744
GO:1901337,200,GO:0072348,1,1,thioester transport,sulfur compound transport,0.9657038346984363,0.2833,0.835
GO:0015916,200,GO:0072348,1,1,fatty-acyl-CoA transport,sulfur compound transport,0.9517717795979151,0.2833,0.835
GO:0015876,200,GO:0072348,1,1,acetyl-CoA transport,sulfur compound transport,0.9517717795979151,0.2833,0.835
GO:1905780,140,GO:0010876,1,1,regulation of phosphatidylserine exposure on apoptotic cell surface,lipid localization,0.856882539091586,0.28035999999999994,0.67
GO:0098971,145,GO:0099111,1,2,anterograde dendritic transport of neurotransmitter receptor complex,microtubule-based transport,0.9370645941921072,0.27760000000000007,0.74
GO:0016998,238,GO:0071554,1,8,cell wall macromolecule catabolic process,cell wall organization or biogenesis,0.9383933358153388,0.27749999999999997,1
GO:0071422,125,GO:0015711,1,5,succinate transmembrane transport,organic anion transport,0.9507533507073715,0.2757857142857143,0.714
GO:0071982,205,GO:0022611,1,4,maintenance of diapause,dormancy process,0.976963514519732,0.2744444444444445,0.835
GO:0043055,205,GO:0022611,1,4,maintenance of dauer,dormancy process,0.9638911020104244,0.2744444444444445,0.835
GO:1905782,140,GO:0010876,1,1,positive regulation of phosphatidylserine exposure on apoptotic cell surface,lipid localization,0.8441800074460164,0.27436000000000005,0.67
GO:0070901,207,GO:0000959,1,1,mitochondrial tRNA methylation,mitochondrial RNA metabolic process,0.9244640729709606,0.2741,0.844
GO:0006021,126,GO:0006066,1,2,inositol biosynthetic process,alcohol metabolic process,0.9218510796723753,0.27237500000000003,0.763
GO:0046294,178,GO:0006081,1,2,formaldehyde catabolic process,aldehyde metabolic process,0.8842645197319434,0.2704545454545455,0.831
GO:0009445,189,GO:0009308,1,1,putrescine metabolic process,amine metabolic process,0.9627362248696947,0.26844999999999997,0.803
GO:1903108,207,GO:0000959,1,2,regulation of mitochondrial transcription,mitochondrial RNA metabolic process,0.8949668652271034,0.2653,0.877
GO:0006589,189,GO:0009308,1,2,octopamine biosynthetic process,amine metabolic process,0.9176572970960536,0.265,0.803
GO:0015810,125,GO:0015711,1,3,aspartate transmembrane transport,organic anion transport,0.9443218540580789,0.2637142857142857,0.723
GO:1905413,66,GO:0046903,1,4,regulation of dense core granule exocytosis,secretion,0.884472635889799,0.26048484848484843,0.724
GO:0032261,208,GO:0043094,1,5,purine nucleotide salvage,metabolic compound salvage,0.8958968726731199,0.259,0.897
GO:0007231,119,GO:0104004,1,1,osmosensory signaling pathway,cellular response to environmental stimulus,0.9116870811615786,0.2579166666666667,0.813
GO:0006973,119,GO:0104004,1,1,intracellular accumulation of glycerol,cellular response to environmental stimulus,0.9398345122859271,0.25550000000000006,0.813
GO:1903963,156,GO:0046942,1,10,arachidonate transport,carboxylic acid transport,0.9457805286671631,0.25349999999999995,0.791
GO:0050482,156,GO:0046942,1,10,arachidonate secretion,carboxylic acid transport,0.9401852196574833,0.25349999999999995,0.791
GO:0034247,222,GO:0016074,1,1,snoRNA splicing,sno(s)RNA metabolic process,0.93519843633656,0.252,0.877
GO:0061727,171,GO:0010565,1,3,methylglyoxal catabolic process to lactate,regulation of ketone metabolic process,0.9160065152643335,0.25116666666666665,0.753
GO:0051596,171,GO:0010565,1,3,methylglyoxal catabolic process,regulation of ketone metabolic process,0.9195316455696203,0.25116666666666665,0.753
GO:0009446,189,GO:0009308,1,1,putrescine biosynthetic process,amine metabolic process,0.9512295234549516,0.251,0.803
GO:0048692,101,GO:0009611,1,3,negative regulation of axon extension involved in regeneration,response to wounding,0.8026275130305287,0.2506666666666667,0.79
GO:0048688,101,GO:0009611,1,3,negative regulation of sprouting of injured axon,response to wounding,0.8094234921816827,0.2506666666666667,0.79
GO:0034164,41,GO:0002376,1,1,negative regulation of toll-like receptor 9 signaling pathway,immune system process,0.874879746835443,0.2506333333333334,0.585
GO:1905278,51,GO:0035295,1,1,positive regulation of epithelial tube formation,tube development,0.9049862248696947,0.24729999999999996,0.699
GO:0015744,125,GO:0015711,1,5,succinate transport,organic anion transport,0.9567781087118392,0.24092857142857138,0.762
GO:0009222,183,GO:0072527,1,3,pyrimidine ribonucleotide catabolic process,pyrimidine-containing compound metabolic process,0.8842635889798958,0.23877777777777776,0.797
GO:0048689,150,GO:0031099,1,2,formation of growth cone in injured axon,regeneration,0.8789929262844378,0.23653846153846148,0.792
GO:0051940,139,GO:0006836,1,1,regulation of catecholamine uptake involved in synaptic transmission,neurotransmitter transport,0.903008749069248,0.23585714285714288,0.686
GO:0051584,139,GO:0006836,1,1,regulation of dopamine uptake involved in synaptic transmission,neurotransmitter transport,0.892629746835443,0.23585714285714288,0.686
GO:0008614,167,GO:0006766,1,1,pyridoxine metabolic process,vitamin metabolic process,0.9368287416232316,0.2262352941176471,0.84
GO:2000746,138,GO:0048511,1,7,regulation of defecation rhythm,rhythmic process,0.8812691734921817,0.22524999999999995,0.928
GO:0046901,202,GO:0042558,1,1,tetrahydrofolylpolyglutamate biosynthetic process,pteridine-containing compound metabolic process,0.9526915487714073,0.2208181818181818,0.839
GO:0035882,138,GO:0048511,1,7,defecation rhythm,rhythmic process,0.97102959791511545,0.22012500000000002,0.936
GO:0033967,222,GO:0016074,1,1,box C/D sno(s)RNA metabolic process,sno(s)RNA metabolic process,0.9445809754281459,0.21890909090909094,0.877
GO:0007624,138,GO:0048511,1,9,ultradian rhythm,rhythmic process,0.9980567758749069,0.21500000000000008,0.949
GO:0034963,222,GO:0016074,1,1,box C/D sno(s)RNA processing,sno(s)RNA metabolic process,0.9357267311988087,0.2130909090909091,0.877
GO:0019364,163,GO:0072524,1,27,pyridine nucleotide catabolic process,pyridine-containing compound metabolic process,0.8777656366344005,0.2124285714285714,0.921
GO:0000494,222,GO:0016074,1,1,box C/D sno(s)RNA 3'-end processing,sno(s)RNA metabolic process,0.9348507073715562,0.2098181818181818,0.877
GO:0009231,247,GO:0042726,1,1,riboflavin biosynthetic process,flavin-containing compound metabolic process,0.9265348101265822,0.20079999999999998,0.907
GO:0008615,167,GO:0006766,1,1,pyridoxine biosynthetic process,vitamin metabolic process,0.9254327997021593,0.19647058823529406,0.84
GO:0006585,181,GO:0018958,1,3,dopamine biosynthetic process from tyrosine,phenol-containing compound metabolic process,0.9112233804914371,0.1913076923076923,0.864
GO:0046444,247,GO:0042726,1,1,FMN metabolic process,flavin-containing compound metabolic process,0.9039504839910648,0.18300000000000005,0.941
GO:0009398,247,GO:0042726,1,1,FMN biosynthetic process,flavin-containing compound metabolic process,0.8978521965748325,0.1754,0.941
GO:0042724,167,GO:0006766,1,1,thiamine-containing compound biosynthetic process,vitamin metabolic process,0.9170954951600894,0.1751176470588235,0.874
GO:0032609,120,GO:0001817,1,1,type II interferon production,regulation of cytokine production,0.9313479151154133,0.16766666666666663,0.926
GO:0061614,204,GO:1902893,1,4,miRNA transcription,regulation of miRNA transcription,0.9328129188384214,0.16259999999999997,1
GO:0046443,247,GO:0042726,1,1,FAD metabolic process,flavin-containing compound metabolic process,0.9117648920327625,0.16059999999999997,0.941
GO:0072388,247,GO:0042726,1,1,flavin adenine dinucleotide biosynthetic process,flavin-containing compound metabolic process,0.9054838049143707,0.15490000000000004,0.941
GO:0006747,247,GO:0042726,1,1,FAD biosynthetic process,flavin-containing compound metabolic process,0.9054838049143707,0.15490000000000004,0.941
GO:0048677,150,GO:0031099,1,12,axon extension involved in regeneration,regeneration,0.8641870811615786,0.14823076923076928,0.895
