category,over_represented_pvalue,under_represented_pvalue,numDEInCat,numInCat,term,ontology,bh_adjust
GO:0000003,0,1,11,11,reproduction,BP,0
GO:0000278,0,1,7,7,mitotic cell cycle,BP,0
GO:0001775,0,1,8,8,cell activation,BP,0
GO:0002376,0,1,10,10,immune system process,BP,0
GO:0002520,0,1,6,6,immune system development,BP,0
GO:0003002,0,1,7,7,regionalization,BP,0
GO:0003006,0,1,8,8,developmental process involved in reproduction,BP,0
GO:0006139,0,1,15,15,nucleobase-containing compound metabolic process,BP,0
GO:0006351,0,1,8,8,DNA-templated transcription,BP,0
GO:0006355,0,1,14,14,regulation of DNA-templated transcription,BP,0
GO:0006357,0,1,12,12,regulation of transcription by RNA polymerase II,BP,0
GO:0006366,0,1,8,8,transcription by RNA polymerase II,BP,0
GO:0006725,0,1,15,15,cellular aromatic compound metabolic process,BP,0
GO:0006793,0,1,6,6,phosphorus metabolic process,BP,0
GO:0006796,0,1,6,6,phosphate-containing compound metabolic process,BP,0
GO:0006807,0,1,27,27,nitrogen compound metabolic process,BP,0
GO:0006810,0,1,12,12,transport,BP,0
GO:0006950,0,1,15,15,response to stress,BP,0
GO:0006974,0,1,6,6,cellular response to DNA damage stimulus,BP,0
GO:0006996,0,1,13,13,organelle organization,BP,0
GO:0007049,0,1,7,7,cell cycle,BP,0
GO:0007154,0,1,13,13,cell communication,BP,0
GO:0007165,0,1,9,9,signal transduction,BP,0
GO:0007275,0,1,20,20,multicellular organism development,BP,0
GO:0007276,0,1,7,7,gamete generation,BP,0
GO:0007292,0,1,6,6,female gamete generation,BP,0
GO:0007346,0,1,6,6,regulation of mitotic cell cycle,BP,0
GO:0007389,0,1,7,7,pattern specification process,BP,0
GO:0007399,0,1,12,12,nervous system development,BP,0
GO:0007417,0,1,7,7,central nervous system development,BP,0
GO:0008104,0,1,6,6,protein localization,BP,0
GO:0008150,0,1,37,37,biological_process,BP,0
GO:0008152,0,1,32,32,metabolic process,BP,0
GO:0008283,0,1,6,6,cell population proliferation,BP,0
GO:0008284,0,1,8,8,positive regulation of cell population proliferation,BP,0
GO:0008285,0,1,8,8,negative regulation of cell population proliferation,BP,0
GO:0008544,0,1,6,6,epidermis development,BP,0
GO:0009056,0,1,8,8,catabolic process,BP,0
GO:0009058,0,1,14,14,biosynthetic process,BP,0
GO:0009059,0,1,12,12,macromolecule biosynthetic process,BP,0
GO:0009605,0,1,11,11,response to external stimulus,BP,0
GO:0009628,0,1,6,6,response to abiotic stimulus,BP,0
GO:0009653,0,1,13,13,anatomical structure morphogenesis,BP,0
GO:0009719,0,1,9,9,response to endogenous stimulus,BP,0
GO:0009725,0,1,7,7,response to hormone,BP,0
GO:0009790,0,1,9,9,embryo development,BP,0
GO:0009792,0,1,7,7,embryo development ending in birth or egg hatching,BP,0
GO:0009887,0,1,9,9,animal organ morphogenesis,BP,0
GO:0009888,0,1,12,12,tissue development,BP,0
GO:0009889,0,1,16,16,regulation of biosynthetic process,BP,0
GO:0009890,0,1,7,7,negative regulation of biosynthetic process,BP,0
GO:0009891,0,1,11,11,positive regulation of biosynthetic process,BP,0
GO:0009892,0,1,16,16,negative regulation of metabolic process,BP,0
GO:0009893,0,1,15,15,positive regulation of metabolic process,BP,0
GO:0009966,0,1,10,10,regulation of signal transduction,BP,0
GO:0009987,0,1,36,36,cellular process,BP,0
GO:0010033,0,1,14,14,response to organic substance,BP,0
GO:0010467,0,1,14,14,gene expression,BP,0
GO:0010468,0,1,15,15,regulation of gene expression,BP,0
GO:0010556,0,1,16,16,regulation of macromolecule biosynthetic process,BP,0
GO:0010557,0,1,11,11,positive regulation of macromolecule biosynthetic process,BP,0
GO:0010558,0,1,7,7,negative regulation of macromolecule biosynthetic process,BP,0
GO:0010564,0,1,7,7,regulation of cell cycle process,BP,0
GO:0010604,0,1,15,15,positive regulation of macromolecule metabolic process,BP,0
GO:0010605,0,1,15,15,negative regulation of macromolecule metabolic process,BP,0
GO:0010628,0,1,9,9,positive regulation of gene expression,BP,0
GO:0010629,0,1,8,8,negative regulation of gene expression,BP,0
GO:0010646,0,1,11,11,regulation of cell communication,BP,0
GO:0010647,0,1,7,7,positive regulation of cell communication,BP,0
GO:0010941,0,1,11,11,regulation of cell death,BP,0
GO:0016043,0,1,16,16,cellular component organization,BP,0
GO:0016070,0,1,13,13,RNA metabolic process,BP,0
GO:0016192,0,1,7,7,vesicle-mediated transport,BP,0
GO:0018130,0,1,9,9,heterocycle biosynthetic process,BP,0
GO:0019219,0,1,16,16,regulation of nucleobase-containing compound metabolic process,BP,0
GO:0019222,0,1,22,22,regulation of metabolic process,BP,0
GO:0019438,0,1,8,8,aromatic compound biosynthetic process,BP,0
GO:0019538,0,1,16,16,protein metabolic process,BP,0
GO:0019953,0,1,7,7,sexual reproduction,BP,0
GO:0022008,0,1,12,12,neurogenesis,BP,0
GO:0022402,0,1,7,7,cell cycle process,BP,0
GO:0022412,0,1,6,6,cellular process involved in reproduction in multicellular organism,BP,0
GO:0022414,0,1,11,11,reproductive process,BP,0
GO:0022603,0,1,7,7,regulation of anatomical structure morphogenesis,BP,0
GO:0022607,0,1,6,6,cellular component assembly,BP,0
GO:0023051,0,1,11,11,regulation of signaling,BP,0
GO:0023052,0,1,10,10,signaling,BP,0
GO:0023056,0,1,7,7,positive regulation of signaling,BP,0
GO:0030111,0,1,6,6,regulation of Wnt signaling pathway,BP,0
GO:0030154,0,1,16,16,cell differentiation,BP,0
GO:0030182,0,1,7,7,neuron differentiation,BP,0
GO:0030855,0,1,6,6,epithelial cell differentiation,BP,0
GO:0031323,0,1,21,21,regulation of cellular metabolic process,BP,0
GO:0031324,0,1,15,15,negative regulation of cellular metabolic process,BP,0
GO:0031325,0,1,14,14,positive regulation of cellular metabolic process,BP,0
GO:0031326,0,1,16,16,regulation of cellular biosynthetic process,BP,0
GO:0031327,0,1,7,7,negative regulation of cellular biosynthetic process,BP,0
GO:0031328,0,1,11,11,positive regulation of cellular biosynthetic process,BP,0
GO:0031399,0,1,7,7,regulation of protein modification process,BP,0
GO:0031400,0,1,6,6,negative regulation of protein modification process,BP,0
GO:0032268,0,1,7,7,regulation of cellular protein metabolic process,BP,0
GO:0032501,0,1,23,23,multicellular organismal process,BP,0
GO:0032502,0,1,21,21,developmental process,BP,0
GO:0032504,0,1,8,8,multicellular organism reproduction,BP,0
GO:0032774,0,1,8,8,RNA biosynthetic process,BP,0
GO:0032879,0,1,11,11,regulation of localization,BP,0
GO:0032880,0,1,7,7,regulation of protein localization,BP,0
GO:0032940,0,1,6,6,secretion by cell,BP,0
GO:0033036,0,1,6,6,macromolecule localization,BP,0
GO:0033554,0,1,10,10,cellular response to stress,BP,0
GO:0034641,0,1,19,19,cellular nitrogen compound metabolic process,BP,0
GO:0034645,0,1,12,12,cellular macromolecule biosynthetic process,BP,0
GO:0034654,0,1,8,8,nucleobase-containing compound biosynthetic process,BP,0
GO:0035107,0,1,6,6,appendage morphogenesis,BP,0
GO:0035239,0,1,7,7,tube morphogenesis,BP,0
GO:0035295,0,1,7,7,tube development,BP,0
GO:0035556,0,1,6,6,intracellular signal transduction,BP,0
GO:0036211,0,1,10,10,protein modification process,BP,0
GO:0040008,0,1,7,7,regulation of growth,BP,0
GO:0042127,0,1,13,13,regulation of cell population proliferation,BP,0
GO:0042221,0,1,15,15,response to chemical,BP,0
GO:0042592,0,1,7,7,homeostatic process,BP,0
GO:0042981,0,1,9,9,regulation of apoptotic process,BP,0
GO:0043009,0,1,6,6,chordate embryonic development,BP,0
GO:0043067,0,1,9,9,regulation of programmed cell death,BP,0
GO:0043170,0,1,25,25,macromolecule metabolic process,BP,0
GO:0043412,0,1,11,11,macromolecule modification,BP,0
GO:0043933,0,1,7,7,protein-containing complex organization,BP,0
GO:0044085,0,1,8,8,cellular component biogenesis,BP,0
GO:0044093,0,1,7,7,positive regulation of molecular function,BP,0
GO:0044237,0,1,31,31,cellular metabolic process,BP,0
GO:0044238,0,1,28,28,primary metabolic process,BP,0
GO:0044248,0,1,8,8,cellular catabolic process,BP,0
GO:0044249,0,1,14,14,cellular biosynthetic process,BP,0
GO:0044260,0,1,23,23,cellular macromolecule metabolic process,BP,0
GO:0044271,0,1,12,12,cellular nitrogen compound biosynthetic process,BP,0
GO:0044703,0,1,8,8,multi-organism reproductive process,BP,0
GO:0045165,0,1,6,6,cell fate commitment,BP,0
GO:0045321,0,1,8,8,leukocyte activation,BP,0
GO:0045595,0,1,12,12,regulation of cell differentiation,BP,0
GO:0045597,0,1,7,7,positive regulation of cell differentiation,BP,0
GO:0045786,0,1,6,6,negative regulation of cell cycle,BP,0
GO:0045892,0,1,6,6,negative regulation of DNA-templated transcription,BP,0
GO:0045893,0,1,9,9,positive regulation of DNA-templated transcription,BP,0
GO:0045934,0,1,8,8,negative regulation of nucleobase-containing compound metabolic process,BP,0
GO:0045935,0,1,11,11,positive regulation of nucleobase-containing compound metabolic process,BP,0
GO:0045944,0,1,9,9,positive regulation of transcription by RNA polymerase II,BP,0
GO:0046483,0,1,15,15,heterocycle metabolic process,BP,0
GO:0046903,0,1,7,7,secretion,BP,0
GO:0048468,0,1,10,10,cell development,BP,0
GO:0048513,0,1,12,12,animal organ development,BP,0
GO:0048518,0,1,19,19,positive regulation of biological process,BP,0
GO:0048519,0,1,21,21,negative regulation of biological process,BP,0
GO:0048522,0,1,18,18,positive regulation of cellular process,BP,0
GO:0048523,0,1,20,20,negative regulation of cellular process,BP,0
GO:0048583,0,1,11,11,regulation of response to stimulus,BP,0
GO:0048584,0,1,6,6,positive regulation of response to stimulus,BP,0
GO:0048598,0,1,7,7,embryonic morphogenesis,BP,0
GO:0048609,0,1,8,8,multicellular organismal reproductive process,BP,0
GO:0048646,0,1,8,8,anatomical structure formation involved in morphogenesis,BP,0
GO:0048699,0,1,11,11,generation of neurons,BP,0
GO:0048731,0,1,18,18,system development,BP,0
GO:0048736,0,1,6,6,appendage development,BP,0
GO:0048856,0,1,21,21,anatomical structure development,BP,0
GO:0048869,0,1,16,16,cellular developmental process,BP,0
GO:0050767,0,1,6,6,regulation of neurogenesis,BP,0
GO:0050789,0,1,26,26,regulation of biological process,BP,0
GO:0050790,0,1,9,9,regulation of catalytic activity,BP,0
GO:0050793,0,1,13,13,regulation of developmental process,BP,0
GO:0050794,0,1,24,24,regulation of cellular process,BP,0
GO:0050896,0,1,23,23,response to stimulus,BP,0
GO:0051049,0,1,9,9,regulation of transport,BP,0
GO:0051094,0,1,9,9,positive regulation of developmental process,BP,0
GO:0051128,0,1,10,10,regulation of cellular component organization,BP,0
GO:0051171,0,1,21,21,regulation of nitrogen compound metabolic process,BP,0
GO:0051172,0,1,14,14,negative regulation of nitrogen compound metabolic process,BP,0
GO:0051173,0,1,15,15,positive regulation of nitrogen compound metabolic process,BP,0
GO:0051179,0,1,15,15,localization,BP,0
GO:0051223,0,1,6,6,regulation of protein transport,BP,0
GO:0051234,0,1,12,12,establishment of localization,BP,0
GO:0051239,0,1,13,13,regulation of multicellular organismal process,BP,0
GO:0051240,0,1,9,9,positive regulation of multicellular organismal process,BP,0
GO:0051246,0,1,8,8,regulation of protein metabolic process,BP,0
GO:0051247,0,1,7,7,positive regulation of protein metabolic process,BP,0
GO:0051248,0,1,6,6,negative regulation of protein metabolic process,BP,0
GO:0051252,0,1,15,15,regulation of RNA metabolic process,BP,0
GO:0051253,0,1,7,7,negative regulation of RNA metabolic process,BP,0
GO:0051254,0,1,10,10,positive regulation of RNA metabolic process,BP,0
GO:0051276,0,1,7,7,chromosome organization,BP,0
GO:0051641,0,1,6,6,cellular localization,BP,0
GO:0051716,0,1,16,16,cellular response to stimulus,BP,0
GO:0051726,0,1,8,8,regulation of cell cycle,BP,0
GO:0051960,0,1,6,6,regulation of nervous system development,BP,0
GO:0060255,0,1,21,21,regulation of macromolecule metabolic process,BP,0
GO:0060284,0,1,8,8,regulation of cell development,BP,0
GO:0060341,0,1,6,6,regulation of cellular localization,BP,0
GO:0060429,0,1,9,9,epithelium development,BP,0
GO:0060548,0,1,9,9,negative regulation of cell death,BP,0
GO:0060828,0,1,6,6,regulation of canonical Wnt signaling pathway,BP,0
GO:0065007,0,1,26,26,biological regulation,BP,0
GO:0065008,0,1,14,14,regulation of biological quality,BP,0
GO:0065009,0,1,11,11,regulation of molecular function,BP,0
GO:0070201,0,1,6,6,regulation of establishment of protein localization,BP,0
GO:0070887,0,1,12,12,cellular response to chemical stimulus,BP,0
GO:0071310,0,1,12,12,cellular response to organic substance,BP,0
GO:0071495,0,1,6,6,cellular response to endogenous stimulus,BP,0
GO:0071702,0,1,8,8,organic substance transport,BP,0
GO:0071704,0,1,28,28,organic substance metabolic process,BP,0
GO:0071705,0,1,7,7,nitrogen compound transport,BP,0
GO:0071840,0,1,16,16,cellular component organization or biogenesis,BP,0
GO:0080090,0,1,22,22,regulation of primary metabolic process,BP,0
GO:0090087,0,1,6,6,regulation of peptide transport,BP,0
GO:0090304,0,1,14,14,nucleic acid metabolic process,BP,0
GO:0097659,0,1,8,8,nucleic acid-templated transcription,BP,0
GO:1901360,0,1,15,15,organic cyclic compound metabolic process,BP,0
GO:1901362,0,1,9,9,organic cyclic compound biosynthetic process,BP,0
GO:1901564,0,1,17,17,organonitrogen compound metabolic process,BP,0
GO:1901575,0,1,7,7,organic substance catabolic process,BP,0
GO:1901576,0,1,14,14,organic substance biosynthetic process,BP,0
GO:1901700,0,1,11,11,response to oxygen-containing compound,BP,0
GO:1901701,0,1,8,8,cellular response to oxygen-containing compound,BP,0
GO:1901987,0,1,6,6,regulation of cell cycle phase transition,BP,0
GO:1901990,0,1,6,6,regulation of mitotic cell cycle phase transition,BP,0
GO:1902679,0,1,6,6,negative regulation of RNA biosynthetic process,BP,0
GO:1902680,0,1,10,10,positive regulation of RNA biosynthetic process,BP,0
GO:1903047,0,1,7,7,mitotic cell cycle process,BP,0
GO:1903506,0,1,14,14,regulation of nucleic acid-templated transcription,BP,0
GO:1903507,0,1,6,6,negative regulation of nucleic acid-templated transcription,BP,0
GO:1903508,0,1,10,10,positive regulation of nucleic acid-templated transcription,BP,0
GO:2000026,0,1,12,12,regulation of multicellular organismal development,BP,0
GO:2000112,0,1,16,16,regulation of cellular macromolecule biosynthetic process,BP,0
GO:2000113,0,1,7,7,negative regulation of cellular macromolecule biosynthetic process,BP,0
GO:2001141,0,1,14,14,regulation of RNA biosynthetic process,BP,0
GO:0006811,1.978775268229926e-12,1,5,5,ion transport,BP,1.6803580271311736e-11
GO:0033993,2.4271105987753168e-12,1,5,5,response to lipid,BP,2.054431681027881e-11
GO:0044281,2.6987812892008092e-12,1,5,5,small molecule metabolic process,BP,2.2770424768047983e-11
GO:0045664,2.8306172596374457e-12,1,5,5,regulation of neuron differentiation,BP,2.3806216952848263e-11
GO:0009607,2.9335461375399732e-12,1,5,5,response to biotic stimulus,BP,2.4436904967952033e-11
GO:0043207,2.9335461375399732e-12,1,5,5,response to external biotic stimulus,BP,2.4436904967952033e-11
GO:0051707,2.9335461375399732e-12,1,5,5,response to other organism,BP,2.4436904967952033e-11
GO:0009057,3.239353813801527e-12,1,5,5,macromolecule catabolic process,BP,2.666834903908861e-11
GO:0044265,3.239353813801527e-12,1,5,5,cellular macromolecule catabolic process,BP,2.666834903908861e-11
GO:0045787,3.259272787724743e-12,1,5,5,positive regulation of cell cycle,BP,2.666834903908861e-11
GO:0090068,3.259272787724743e-12,1,5,5,positive regulation of cell cycle process,BP,2.666834903908861e-11
GO:0051050,3.2596496706113197e-12,1,5,5,positive regulation of transport,BP,2.666834903908861e-11
GO:0009991,3.451865002963304e-12,1,5,5,response to extracellular stimulus,BP,2.804239556586907e-11
GO:0031667,3.451865002963304e-12,1,5,5,response to nutrient levels,BP,2.804239556586907e-11
GO:0002009,3.666271273117402e-12,1,5,5,morphogenesis of an epithelium,BP,2.951010987932535e-11
GO:0048729,3.666271273117402e-12,1,5,5,tissue morphogenesis,BP,2.951010987932535e-11
GO:0060562,3.666271273117402e-12,1,5,5,epithelial tube morphogenesis,BP,2.951010987932535e-11
GO:0043603,3.746419598638598e-12,1,5,5,cellular amide metabolic process,BP,3.006301231445774e-11
GO:0002252,3.81074253443867e-12,1,5,5,immune effector process,BP,3.011863979026226e-11
GO:0002263,3.81074253443867e-12,1,5,5,cell activation involved in immune response,BP,3.011863979026226e-11
GO:0002366,3.81074253443867e-12,1,5,5,leukocyte activation involved in immune response,BP,3.011863979026226e-11
GO:0002443,3.81074253443867e-12,1,5,5,leukocyte mediated immunity,BP,3.011863979026226e-11
GO:0006955,3.81074253443867e-12,1,5,5,immune response,BP,3.011863979026226e-11
GO:0031401,4.021344189483308e-12,1,5,5,positive regulation of protein modification process,BP,3.168770916878138e-11
GO:0001501,4.3058704319682114e-12,1,5,5,skeletal system development,BP,3.362679765918032e-11
GO:0035108,4.3058704319682114e-12,1,5,5,limb morphogenesis,BP,3.362679765918032e-11
GO:0060173,4.3058704319682114e-12,1,5,5,limb development,BP,3.362679765918032e-11
GO:0003205,4.957940539807693e-12,1,5,5,cardiac chamber development,BP,3.7491746329842616e-11
GO:0003231,4.957940539807693e-12,1,5,5,cardiac ventricle development,BP,3.7491746329842616e-11
GO:0007507,4.957940539807693e-12,1,5,5,heart development,BP,3.7491746329842616e-11
GO:0072359,4.957940539807693e-12,1,5,5,circulatory system development,BP,3.7491746329842616e-11
GO:1901566,5.3815676804859534e-12,1,5,5,organonitrogen compound biosynthetic process,BP,4.05782574528596e-11
GO:0043085,8.293467000009662e-12,1,5,5,positive regulation of catalytic activity,BP,6.235546535250818e-11
GO:0006508,9.176217515077742e-12,1,5,5,proteolysis,BP,6.879541359875427e-11
GO:0070647,1.049183071447615e-11,1,5,5,protein modification by small protein conjugation or removal,BP,7.7550883928973e-11
GO:0010243,1.096421083649586e-11,1,5,5,response to organonitrogen compound,BP,8.058848525200319e-11
GO:1901698,1.096421083649586e-11,1,5,5,response to nitrogen compound,BP,8.058848525200319e-11
GO:0045596,1.1130354336857479e-11,1,5,5,negative regulation of cell differentiation,BP,8.135389910839561e-11
GO:0051093,1.1130354336857479e-11,1,5,5,negative regulation of developmental process,BP,8.135389910839561e-11
GO:0040011,1.1218667837019188e-11,1,5,5,locomotion,BP,8.177162334538431e-11
GO:0051130,1.1419611916880818e-11,1,5,5,positive regulation of cellular component organization,BP,8.300571099693979e-11
GO:0043588,1.1893776756561671e-11,1,5,5,skin development,BP,8.618198283553621e-11
GO:0051241,1.1922278875495291e-11,1,5,5,negative regulation of multicellular organismal process,BP,8.618198283553621e-11
GO:0002682,1.21764784980596e-11,1,5,5,regulation of immune system process,BP,8.777769115084723e-11
GO:0010948,1.247254422102419e-11,1,5,5,negative regulation of cell cycle process,BP,8.803013257219436e-11
GO:0045930,1.247254422102419e-11,1,5,5,negative regulation of mitotic cell cycle,BP,8.803013257219436e-11
GO:1901988,1.247254422102419e-11,1,5,5,negative regulation of cell cycle phase transition,BP,8.803013257219436e-11
GO:1901991,1.247254422102419e-11,1,5,5,negative regulation of mitotic cell cycle phase transition,BP,8.803013257219436e-11
GO:0009968,1.24798815994117e-11,1,5,5,negative regulation of signal transduction,BP,8.803013257219436e-11
GO:0010648,1.24798815994117e-11,1,5,5,negative regulation of cell communication,BP,8.803013257219436e-11
GO:0023057,1.24798815994117e-11,1,5,5,negative regulation of signaling,BP,8.803013257219436e-11
GO:0048585,1.24798815994117e-11,1,5,5,negative regulation of response to stimulus,BP,8.803013257219436e-11
GO:0031344,1.2560886656517364e-11,1,5,5,regulation of cell projection organization,BP,8.812771814626086e-11
GO:0120035,1.2560886656517364e-11,1,5,5,regulation of plasma membrane bounded cell projection organization,BP,8.812771814626086e-11
GO:0051336,1.2808590439982568e-11,1,5,5,regulation of hydrolase activity,BP,8.902006843261278e-11
GO:0019725,1.2823775101954127e-11,1,5,5,cellular homeostasis,BP,8.902006843261278e-11
GO:0009967,1.3083928261533392e-11,1,5,5,positive regulation of signal transduction,BP,9.014580799286822e-11
GO:0001654,1.3089006419696187e-11,1,5,5,eye development,BP,9.014580799286822e-11
GO:0007423,1.3089006419696187e-11,1,5,5,sensory organ development,BP,9.014580799286822e-11
GO:0010942,1.3682291820914245e-11,1,5,5,positive regulation of cell death,BP,9.32509246755018e-11
GO:0043065,1.3682291820914245e-11,1,5,5,positive regulation of apoptotic process,BP,9.32509246755018e-11
GO:0043068,1.3682291820914245e-11,1,5,5,positive regulation of programmed cell death,BP,9.32509246755018e-11
GO:0019827,1.3751999722212493e-11,1,5,5,stem cell population maintenance,BP,9.32509246755018e-11
GO:0098727,1.3751999722212493e-11,1,5,5,maintenance of cell number,BP,9.32509246755018e-11
GO:0033043,1.3753089881638412e-11,1,5,5,regulation of organelle organization,BP,9.32509246755018e-11
GO:0032386,1.433416011264336e-11,1,5,5,regulation of intracellular transport,BP,9.644316957840045e-11
GO:0048534,1.465228492745956e-11,1,5,5,hematopoietic or lymphoid organ development,BP,9.83314466743066e-11
GO:0007281,1.4974666662910792e-11,1,5,5,germ cell development,BP,1.0023858500887225e-10
GO:0048732,1.5219987800108926e-11,1,5,5,gland development,BP,1.0162149615136342e-10
GO:0043066,1.6519215243714247e-11,1,5,5,negative regulation of apoptotic process,BP,1.0973777417596503e-10
GO:0043069,1.6519215243714247e-11,1,5,5,negative regulation of programmed cell death,BP,1.0973777417596503e-10
GO:0007166,1.688310023150438e-11,1,5,5,cell surface receptor signaling pathway,BP,1.1175572772084823e-10
GO:0043086,1.69507544332689e-11,1,5,5,negative regulation of catalytic activity,BP,1.1175572772084823e-10
GO:0044092,1.69507544332689e-11,1,5,5,negative regulation of molecular function,BP,1.1175572772084823e-10
GO:0070727,1.987430227697281e-11,1,5,5,cellular macromolecule localization,BP,1.3037542293694164e-10
GO:0065003,2.1612912580468364e-11,1,5,5,protein-containing complex assembly,BP,1.407252670251836e-10
GO:0007267,2.2969535336442856e-11,1,5,5,cell-cell signaling,BP,1.4918826911590608e-10
GO:0009894,3.269256494353618e-11,1,5,5,regulation of catabolic process,BP,2.118155318810838e-10
GO:0046907,4.9532428384585646e-11,1,5,5,intracellular transport,BP,3.193442065875989e-10
GO:0051649,4.9532428384585646e-11,1,5,5,establishment of localization in cell,BP,3.193442065875989e-10
GO:0006812,5.382350459668113e-10,1,4,4,cation transport,BP,3.4615900995512573e-9
GO:1901565,5.51122364416272e-10,1,4,4,organonitrogen compound catabolic process,BP,3.535807051902929e-9
GO:0016567,5.667643617973884e-10,1,4,4,protein ubiquitination,BP,3.600943548078322e-9
GO:0032446,5.667643617973884e-10,1,4,4,protein modification by small protein conjugation,BP,3.600943548078322e-9
GO:0014070,5.835269439543113e-10,1,4,4,response to organic cyclic compound,BP,3.6984896157877123e-9
GO:0001558,6.259879744544809e-10,1,4,4,regulation of cell growth,BP,3.958054084261585e-9
GO:0042594,7.055605176768186e-10,1,4,4,response to starvation,BP,4.4504586499614715e-9
GO:0010975,7.114527303275898e-10,1,4,4,regulation of neuron projection development,BP,4.476863223931884e-9
GO:0031396,7.321805981716366e-10,1,4,4,regulation of protein ubiquitination,BP,4.585302839146479e-9
GO:1903320,7.321805981716366e-10,1,4,4,regulation of protein modification by small protein conjugation or removal,BP,4.585302839146479e-9
GO:0009617,7.500700084538713e-10,1,4,4,response to bacterium,BP,4.667156531010519e-9
GO:0003008,7.587103250865482e-10,1,4,4,system process,BP,4.706515113539249e-9
GO:0006468,8.165062458311696e-10,1,4,4,protein phosphorylation,BP,5.029371805307486e-9
GO:0016310,8.165062458311696e-10,1,4,4,phosphorylation,BP,5.029371805307486e-9
GO:0006518,8.625305176112596e-10,1,4,4,peptide metabolic process,BP,5.223731131669159e-9
GO:0000122,8.676556307940165e-10,1,4,4,negative regulation of transcription by RNA polymerase II,BP,5.223731131669159e-9
GO:0001568,8.679675203535645e-10,1,4,4,blood vessel development,BP,5.223731131669159e-9
GO:0001944,8.679675203535645e-10,1,4,4,vasculature development,BP,5.223731131669159e-9
GO:0003007,8.679675203535645e-10,1,4,4,heart morphogenesis,BP,5.223731131669159e-9
GO:0003206,8.679675203535645e-10,1,4,4,cardiac chamber morphogenesis,BP,5.223731131669159e-9
GO:0048514,8.679675203535645e-10,1,4,4,blood vessel morphogenesis,BP,5.223731131669159e-9
GO:0048878,9.214980548743749e-10,1,4,4,chemical homeostasis,BP,5.520572821895798e-9
GO:0001701,9.714916607850015e-10,1,4,4,in utero embryonic development,BP,5.619774269104551e-9
GO:0043604,9.835523987419316e-10,1,4,4,amide biosynthetic process,BP,5.619774269104551e-9
GO:0002274,9.87315525174237e-10,1,4,4,myeloid leukocyte activation,BP,5.619774269104551e-9
GO:0002275,9.87315525174237e-10,1,4,4,myeloid cell activation involved in immune response,BP,5.619774269104551e-9
GO:0002283,9.87315525174237e-10,1,4,4,neutrophil activation involved in immune response,BP,5.619774269104551e-9
GO:0002444,9.87315525174237e-10,1,4,4,myeloid leukocyte mediated immunity,BP,5.619774269104551e-9
GO:0002446,9.87315525174237e-10,1,4,4,neutrophil mediated immunity,BP,5.619774269104551e-9
GO:0006887,9.87315525174237e-10,1,4,4,exocytosis,BP,5.619774269104551e-9
GO:0036230,9.87315525174237e-10,1,4,4,granulocyte activation,BP,5.619774269104551e-9
GO:0042119,9.87315525174237e-10,1,4,4,neutrophil activation,BP,5.619774269104551e-9
GO:0043299,9.87315525174237e-10,1,4,4,leukocyte degranulation,BP,5.619774269104551e-9
GO:0043312,9.87315525174237e-10,1,4,4,neutrophil degranulation,BP,5.619774269104551e-9
GO:0045055,9.87315525174237e-10,1,4,4,regulated exocytosis,BP,5.619774269104551e-9
GO:0040007,9.994289064936612e-10,1,4,4,growth,BP,5.664150001380922e-9
GO:0048589,9.994289064936612e-10,1,4,4,developmental growth,BP,5.664150001380922e-9
GO:0006396,1.0608475472710234e-9,1,4,4,RNA processing,BP,5.999275784567166e-9
GO:0035270,1.0722827088316455e-9,1,4,4,endocrine system development,BP,6.012115017038969e-9
GO:0022613,1.1230196683512215e-9,1,4,4,ribonucleoprotein complex biogenesis,BP,6.283163347022612e-9
GO:0009913,1.1877238024125482e-9,1,4,4,epidermal cell differentiation,BP,6.631036718150057e-9
GO:0051046,1.4642735942350723e-9,1,4,4,regulation of secretion,BP,8.140368456086504e-9
GO:1903530,1.4642735942350723e-9,1,4,4,regulation of secretion by cell,BP,8.140368456086504e-9
GO:0000902,2.3100682416940242e-9,1,4,4,cell morphogenesis,BP,1.2734493836565377e-8
GO:0032989,2.3100682416940242e-9,1,4,4,cellular component morphogenesis,BP,1.2734493836565377e-8
GO:0009791,2.3709460591988766e-9,1,4,4,post-embryonic development,BP,1.3018690515323137e-8
GO:0016477,2.5874342261547894e-9,1,4,4,cell migration,BP,1.400819701992319e-8
GO:0048870,2.5874342261547894e-9,1,4,4,cell motility,BP,1.400819701992319e-8
GO:0051674,2.5874342261547894e-9,1,4,4,localization of cell,BP,1.400819701992319e-8
GO:0071417,2.5906788135109775e-9,1,4,4,cellular response to organonitrogen compound,BP,1.400819701992319e-8
GO:1901699,2.5906788135109775e-9,1,4,4,cellular response to nitrogen compound,BP,1.400819701992319e-8
GO:0022604,2.6029485602109916e-9,1,4,4,regulation of cell morphogenesis,BP,1.4024922016414049e-8
GO:0000075,2.6435786126800928e-9,1,4,4,cell cycle checkpoint signaling,BP,1.4156633223821559e-8
GO:0007093,2.6435786126800928e-9,1,4,4,mitotic cell cycle checkpoint signaling,BP,1.4156633223821559e-8
GO:0046649,2.6435786126800928e-9,1,4,4,lymphocyte activation,BP,1.4156633223821559e-8
GO:0030162,2.6575035380734153e-9,1,4,4,regulation of proteolysis,BP,1.4173352203058214e-8
GO:0051338,2.6575035380734153e-9,1,4,4,regulation of transferase activity,BP,1.4173352203058214e-8
GO:0032870,2.7643424279679724e-9,1,4,4,cellular response to hormone stimulus,BP,1.4594153903048916e-8
GO:0033157,2.7643424279679724e-9,1,4,4,regulation of intracellular protein transport,BP,1.4594153903048916e-8
GO:0002521,2.764570893483958e-9,1,4,4,leukocyte differentiation,BP,1.4594153903048916e-8
GO:0030097,2.764570893483958e-9,1,4,4,hemopoiesis,BP,1.4594153903048916e-8
GO:0044770,2.7697746355633994e-9,1,4,4,cell cycle phase transition,BP,1.4594153903048916e-8
GO:0030177,2.834178106864962e-9,1,4,4,positive regulation of Wnt signaling pathway,BP,1.487854133629115e-8
GO:0009798,2.8350879070676732e-9,1,4,4,axis specification,BP,1.487854133629115e-8
GO:0007420,2.847514169848396e-9,1,4,4,brain development,BP,1.4884217493390818e-8
GO:0060322,2.847514169848396e-9,1,4,4,head development,BP,1.4884217493390818e-8
GO:0031329,2.8923117719335104e-9,1,4,4,regulation of cellular catabolic process,BP,1.502856651396739e-8
GO:0048638,2.9586850813993504e-9,1,4,4,regulation of developmental growth,BP,1.5312800105703933e-8
GO:0016055,3.147742297395261e-9,1,4,4,Wnt signaling pathway,BP,1.6195442722284637e-8
GO:0198738,3.147742297395261e-9,1,4,4,cell-cell signaling by wnt,BP,1.6195442722284637e-8
GO:1905114,3.147742297395261e-9,1,4,4,cell surface receptor signaling pathway involved in cell-cell signaling,BP,1.6195442722284637e-8
GO:0048477,3.420884971241354e-9,1,4,4,oogenesis,BP,1.7566344744691413e-8
GO:0022411,3.976180781197868e-9,1,4,4,cellular component disassembly,BP,2.0259220135656708e-8
GO:0032984,3.976180781197868e-9,1,4,4,protein-containing complex disassembly,BP,2.0259220135656708e-8
GO:0001708,4.069797922332881e-9,1,4,4,cell fate specification,BP,2.061611920502216e-8
GO:0051640,4.536476488194027e-9,1,4,4,organelle localization,BP,2.2891758278886782e-8
GO:0051656,4.536476488194027e-9,1,4,4,establishment of organelle localization,BP,2.2891758278886782e-8
GO:0042176,5.810761445140533e-9,1,4,4,regulation of protein catabolic process,BP,2.9209651402392256e-8
GO:0015031,8.073663427188398e-9,1,4,4,protein transport,BP,4.027622211585999e-8
GO:0015833,8.073663427188398e-9,1,4,4,peptide transport,BP,4.027622211585999e-8
GO:0042886,8.073663427188398e-9,1,4,4,amide transport,BP,4.027622211585999e-8
GO:0045184,8.073663427188398e-9,1,4,4,establishment of protein localization,BP,4.027622211585999e-8
GO:0071396,1.0612425384988132e-7,1,3,3,cellular response to lipid,BP,5.264083971684094e-7
GO:0006629,1.0955434657758655e-7,1,3,3,lipid metabolic process,BP,5.423973687162021e-7
GO:0006511,1.136503335212019e-7,1,3,3,ubiquitin-dependent protein catabolic process,BP,5.532810299807677e-7
GO:0019941,1.136503335212019e-7,1,3,3,modification-dependent protein catabolic process,BP,5.532810299807677e-7
GO:0030163,1.136503335212019e-7,1,3,3,protein catabolic process,BP,5.532810299807677e-7
GO:0043632,1.136503335212019e-7,1,3,3,modification-dependent macromolecule catabolic process,BP,5.532810299807677e-7
GO:0051603,1.136503335212019e-7,1,3,3,proteolysis involved in protein catabolic process,BP,5.532810299807677e-7
GO:0071407,1.2040737939805718e-7,1,3,3,cellular response to organic cyclic compound,BP,5.80519368966227e-7
GO:0006259,1.2640620934888913e-7,1,3,3,DNA metabolic process,BP,6.063800609350732e-7
GO:0009267,1.2876132258383154e-7,1,3,3,cellular response to starvation,BP,6.116806026255758e-7
GO:0009410,1.2876132258383154e-7,1,3,3,response to xenobiotic stimulus,BP,6.116806026255758e-7
GO:0031668,1.2876132258383154e-7,1,3,3,cellular response to extracellular stimulus,BP,6.116806026255758e-7
GO:0031669,1.2876132258383154e-7,1,3,3,cellular response to nutrient levels,BP,6.116806026255758e-7
GO:0071496,1.2876132258383154e-7,1,3,3,cellular response to external stimulus,BP,6.116806026255758e-7
GO:0006325,1.2890982212345404e-7,1,3,3,chromatin organization,BP,6.116806026255758e-7
GO:0007568,1.325232618917969e-7,1,3,3,aging,BP,6.254335237483364e-7
GO:0008340,1.325232618917969e-7,1,3,3,determination of adult lifespan,BP,6.254335237483364e-7
GO:0010259,1.325232618917969e-7,1,3,3,multicellular organism aging,BP,6.254335237483364e-7
GO:0006082,1.3467914852362748e-7,1,3,3,organic acid metabolic process,BP,6.32196933320212e-7
GO:0019752,1.3467914852362748e-7,1,3,3,carboxylic acid metabolic process,BP,6.32196933320212e-7
GO:0043436,1.3467914852362748e-7,1,3,3,oxoacid metabolic process,BP,6.32196933320212e-7
GO:0010720,1.3948419939603898e-7,1,3,3,positive regulation of cell development,BP,6.524180734673909e-7
GO:0051962,1.3948419939603898e-7,1,3,3,positive regulation of nervous system development,BP,6.524180734673909e-7
GO:0009314,1.405583989348248e-7,1,3,3,response to radiation,BP,6.551069961012083e-7
GO:0050776,1.451239815318468e-7,1,3,3,regulation of immune response,BP,6.751867509566772e-7
GO:0000077,1.496777087937972e-7,1,3,3,DNA damage checkpoint signaling,BP,6.914688518924716e-7
GO:0031570,1.496777087937972e-7,1,3,3,DNA integrity checkpoint signaling,BP,6.914688518924716e-7
GO:0044773,1.496777087937972e-7,1,3,3,mitotic DNA damage checkpoint signaling,BP,6.914688518924716e-7
GO:0044774,1.496777087937972e-7,1,3,3,mitotic DNA integrity checkpoint signaling,BP,6.914688518924716e-7
GO:0031397,1.5076021266271716e-7,1,3,3,negative regulation of protein ubiquitination,BP,6.940259614508243e-7
GO:1903321,1.5076021266271716e-7,1,3,3,negative regulation of protein modification by small protein conjugation or removal,BP,6.940259614508243e-7
GO:0032259,1.5336430731528152e-7,1,3,3,methylation,BP,7.035453538379348e-7
GO:0043414,1.5336430731528152e-7,1,3,3,macromolecule methylation,BP,7.035453538379348e-7
GO:0060348,1.5886378381109593e-7,1,3,3,bone development,BP,7.160824945707403e-7
GO:0042306,1.5908126908160336e-7,1,3,3,regulation of protein import into nucleus,BP,7.160824945707403e-7
GO:0046822,1.5908126908160336e-7,1,3,3,regulation of nucleocytoplasmic transport,BP,7.160824945707403e-7
GO:1900180,1.5908126908160336e-7,1,3,3,regulation of protein localization to nucleus,BP,7.160824945707403e-7
GO:1904589,1.5908126908160336e-7,1,3,3,regulation of protein import,BP,7.160824945707403e-7
GO:0003208,1.5909912131659358e-7,1,3,3,cardiac ventricle morphogenesis,BP,7.160824945707403e-7
GO:0010817,1.5909912131659358e-7,1,3,3,regulation of hormone levels,BP,7.160824945707403e-7
GO:0051222,1.5909912131659358e-7,1,3,3,positive regulation of protein transport,BP,7.160824945707403e-7
GO:1904951,1.5909912131659358e-7,1,3,3,positive regulation of establishment of protein localization,BP,7.160824945707403e-7
GO:0016071,1.5969727927311824e-7,1,3,3,mRNA metabolic process,BP,7.175439397477094e-7
GO:0031347,1.6419266342614094e-7,1,3,3,regulation of defense response,BP,7.254113901524244e-7
GO:0080134,1.6419266342614094e-7,1,3,3,regulation of response to stress,BP,7.254113901524244e-7
GO:0031647,1.6454864997809578e-7,1,3,3,regulation of protein stability,BP,7.254113901524244e-7
GO:0090263,1.6454864997809578e-7,1,3,3,positive regulation of canonical Wnt signaling pathway,BP,7.254113901524244e-7
GO:1902806,1.6454864997809578e-7,1,3,3,regulation of cell cycle G1/S phase transition,BP,7.254113901524244e-7
GO:1902807,1.6454864997809578e-7,1,3,3,negative regulation of cell cycle G1/S phase transition,BP,7.254113901524244e-7
GO:2000045,1.6454864997809578e-7,1,3,3,regulation of G1/S transition of mitotic cell cycle,BP,7.254113901524244e-7
GO:2000134,1.6454864997809578e-7,1,3,3,negative regulation of G1/S transition of mitotic cell cycle,BP,7.254113901524244e-7
GO:0048592,1.6462876829519288e-7,1,3,3,eye morphogenesis,BP,7.254113901524244e-7
GO:0090596,1.6462876829519288e-7,1,3,3,sensory organ morphogenesis,BP,7.254113901524244e-7
GO:0050773,1.6484270677814972e-7,1,3,3,regulation of dendrite development,BP,7.254113901524244e-7
GO:0007517,1.6559505438311822e-7,1,3,3,muscle organ development,BP,7.254113901524244e-7
GO:0014706,1.6559505438311822e-7,1,3,3,striated muscle tissue development,BP,7.254113901524244e-7
GO:0060537,1.6559505438311822e-7,1,3,3,muscle tissue development,BP,7.254113901524244e-7
GO:0061061,1.6559505438311822e-7,1,3,3,muscle structure development,BP,7.254113901524244e-7
GO:0019439,1.7350861698510144e-7,1,3,3,aromatic compound catabolic process,BP,7.537857797498447e-7
GO:0034655,1.7350861698510144e-7,1,3,3,nucleobase-containing compound catabolic process,BP,7.537857797498447e-7
GO:0044270,1.7350861698510144e-7,1,3,3,cellular nitrogen compound catabolic process,BP,7.537857797498447e-7
GO:0046700,1.7350861698510144e-7,1,3,3,heterocycle catabolic process,BP,7.537857797498447e-7
GO:1901361,1.7350861698510144e-7,1,3,3,organic cyclic compound catabolic process,BP,7.537857797498447e-7
GO:0051047,1.8432044573797708e-7,1,3,3,positive regulation of secretion,BP,7.91582405264242e-7
GO:1903532,1.8432044573797708e-7,1,3,3,positive regulation of secretion by cell,BP,7.91582405264242e-7
GO:0071826,1.8498005499025075e-7,1,3,3,ribonucleoprotein complex subunit organization,BP,7.931170985202908e-7
GO:0003170,1.893332381070947e-7,1,3,3,heart valve development,BP,7.984778630518751e-7
GO:0003171,1.893332381070947e-7,1,3,3,atrioventricular valve development,BP,7.984778630518751e-7
GO:0003209,1.893332381070947e-7,1,3,3,cardiac atrium morphogenesis,BP,7.984778630518751e-7
GO:0003230,1.893332381070947e-7,1,3,3,cardiac atrium development,BP,7.984778630518751e-7
GO:0003279,1.893332381070947e-7,1,3,3,cardiac septum development,BP,7.984778630518751e-7
GO:0003281,1.893332381070947e-7,1,3,3,ventricular septum development,BP,7.984778630518751e-7
GO:0016331,1.893332381070947e-7,1,3,3,morphogenesis of embryonic epithelium,BP,7.984778630518751e-7
GO:0060411,1.893332381070947e-7,1,3,3,cardiac septum morphogenesis,BP,7.984778630518751e-7
GO:0060412,1.893332381070947e-7,1,3,3,ventricular septum morphogenesis,BP,7.984778630518751e-7
GO:0002065,1.8957763288159993e-7,1,3,3,columnar/cuboidal epithelial cell differentiation,BP,7.984778630518751e-7
GO:0072331,1.8957763288159993e-7,1,3,3,signal transduction by p53 class mediator,BP,7.984778630518751e-7
GO:0055085,1.9756749887848827e-7,1,3,3,transmembrane transport,BP,8.294673872914452e-7
GO:0006914,2.0128544516010796e-7,1,3,3,autophagy,BP,8.382207721646966e-7
GO:0016236,2.0128544516010796e-7,1,3,3,macroautophagy,BP,8.382207721646966e-7
GO:0061919,2.0128544516010796e-7,1,3,3,process utilizing autophagic mechanism,BP,8.382207721646966e-7
GO:0006412,2.015690957453977e-7,1,3,3,translation,BP,8.382207721646966e-7
GO:0043043,2.015690957453977e-7,1,3,3,peptide biosynthetic process,BP,8.382207721646966e-7
GO:0006352,2.1726712310089621e-7,1,3,3,DNA-templated transcription initiation,BP,8.925955036581847e-7
GO:0006367,2.1726712310089621e-7,1,3,3,transcription initiation at RNA polymerase II promoter,BP,8.925955036581847e-7
GO:0070925,2.4206239365094586e-7,1,3,3,organelle assembly,BP,9.909075209673666e-7
GO:0051051,2.737901419154972e-7,1,3,3,negative regulation of transport,BP,1.119042573810381e-6
GO:0048193,3.7694663838851906e-7,1,3,3,Golgi vesicle transport,BP,1.5358819551730961e-6
GO:0051345,3.9722200561809516e-7,1,3,3,positive regulation of hydrolase activity,BP,1.6159853375843127e-6
GO:0030856,4.0431331542049284e-7,1,3,3,regulation of epithelial cell differentiation,BP,1.6397498294642553e-6
GO:0030858,4.0431331542049284e-7,1,3,3,positive regulation of epithelial cell differentiation,BP,1.6397498294642553e-6
GO:0042303,4.225507172151668e-7,1,3,3,molting cycle,BP,1.7110695709453669e-6
GO:0002165,4.2345884060353616e-7,1,3,3,instar larval or pupal development,BP,1.712104773102741e-6
GO:0045637,4.4195454019792896e-7,1,3,3,regulation of myeloid cell differentiation,BP,1.7759398368749853e-6
GO:0050678,4.4195454019792896e-7,1,3,3,regulation of epithelial cell proliferation,BP,1.7759398368749853e-6
GO:0050680,4.4195454019792896e-7,1,3,3,negative regulation of epithelial cell proliferation,BP,1.7759398368749853e-6
GO:1903706,4.4195454019792896e-7,1,3,3,regulation of hemopoiesis,BP,1.7759398368749853e-6
GO:0043434,4.5944248989848286e-7,1,3,3,response to peptide hormone,BP,1.834858359349052e-6
GO:1901652,4.5944248989848286e-7,1,3,3,response to peptide,BP,1.834858359349052e-6
GO:0045926,4.60077778560755e-7,1,3,3,negative regulation of growth,BP,1.834858359349052e-6
GO:0000904,4.69771843191576e-7,1,3,3,cell morphogenesis involved in differentiation,BP,1.8518384225763282e-6
GO:0002164,4.69771843191576e-7,1,3,3,larval development,BP,1.8518384225763282e-6
GO:0030178,4.69771843191576e-7,1,3,3,negative regulation of Wnt signaling pathway,BP,1.8518384225763282e-6
GO:0090090,4.69771843191576e-7,1,3,3,negative regulation of canonical Wnt signaling pathway,BP,1.8518384225763282e-6
GO:0030334,4.714283789180592e-7,1,3,3,regulation of cell migration,BP,1.8518384225763282e-6
GO:0040012,4.714283789180592e-7,1,3,3,regulation of locomotion,BP,1.8518384225763282e-6
GO:2000145,4.714283789180592e-7,1,3,3,regulation of cell motility,BP,1.8518384225763282e-6
GO:1903829,4.796764747388424e-7,1,3,3,positive regulation of protein localization,BP,1.8814216288710351e-6
GO:0043010,4.891190269679222e-7,1,3,3,camera-type eye development,BP,1.911686376475665e-6
GO:0048568,4.891190269679222e-7,1,3,3,embryonic organ development,BP,1.911686376475665e-6
GO:0010721,4.895782183657191e-7,1,3,3,negative regulation of cell development,BP,1.911686376475665e-6
GO:0007492,5.005747854628135e-7,1,3,3,endoderm development,BP,1.921813277427324e-6
GO:0000226,5.010227465431819e-7,1,3,3,microtubule cytoskeleton organization,BP,1.921813277427324e-6
GO:0007010,5.010227465431819e-7,1,3,3,cytoskeleton organization,BP,1.921813277427324e-6
GO:0007017,5.010227465431819e-7,1,3,3,microtubule-based process,BP,1.921813277427324e-6
GO:0007444,5.010410921462222e-7,1,3,3,imaginal disc development,BP,1.921813277427324e-6
GO:0001932,5.106250895559347e-7,1,3,3,regulation of protein phosphorylation,BP,1.921813277427324e-6
GO:0001933,5.106250895559347e-7,1,3,3,negative regulation of protein phosphorylation,BP,1.921813277427324e-6
GO:0006469,5.106250895559347e-7,1,3,3,negative regulation of protein kinase activity,BP,1.921813277427324e-6
GO:0010563,5.106250895559347e-7,1,3,3,negative regulation of phosphorus metabolic process,BP,1.921813277427324e-6
GO:0019220,5.106250895559347e-7,1,3,3,regulation of phosphate metabolic process,BP,1.921813277427324e-6
GO:0033673,5.106250895559347e-7,1,3,3,negative regulation of kinase activity,BP,1.921813277427324e-6
GO:0042325,5.106250895559347e-7,1,3,3,regulation of phosphorylation,BP,1.921813277427324e-6
GO:0042326,5.106250895559347e-7,1,3,3,negative regulation of phosphorylation,BP,1.921813277427324e-6
GO:0043254,5.106250895559347e-7,1,3,3,regulation of protein-containing complex assembly,BP,1.921813277427324e-6
GO:0043549,5.106250895559347e-7,1,3,3,regulation of kinase activity,BP,1.921813277427324e-6
GO:0044087,5.106250895559347e-7,1,3,3,regulation of cellular component biogenesis,BP,1.921813277427324e-6
GO:0045859,5.106250895559347e-7,1,3,3,regulation of protein kinase activity,BP,1.921813277427324e-6
GO:0045936,5.106250895559347e-7,1,3,3,negative regulation of phosphate metabolic process,BP,1.921813277427324e-6
GO:0051174,5.106250895559347e-7,1,3,3,regulation of phosphorus metabolic process,BP,1.921813277427324e-6
GO:0051348,5.106250895559347e-7,1,3,3,negative regulation of transferase activity,BP,1.921813277427324e-6
GO:0071900,5.106250895559347e-7,1,3,3,regulation of protein serine/threonine kinase activity,BP,1.921813277427324e-6
GO:0071901,5.106250895559347e-7,1,3,3,negative regulation of protein serine/threonine kinase activity,BP,1.921813277427324e-6
GO:1903050,5.106250895559347e-7,1,3,3,regulation of proteolysis involved in protein catabolic process,BP,1.921813277427324e-6
GO:2000058,5.106250895559347e-7,1,3,3,regulation of ubiquitin-dependent protein catabolic process,BP,1.921813277427324e-6
GO:0044772,5.301812331417169e-7,1,3,3,mitotic cell cycle phase transition,BP,1.984587098093959e-6
GO:2000027,5.396956731372752e-7,1,3,3,regulation of animal organ morphogenesis,BP,2.017323997595741e-6
GO:0051493,5.419959341892812e-7,1,3,3,regulation of cytoskeleton organization,BP,2.0230403005870184e-6
GO:0001655,5.520547849510488e-7,1,3,3,urogenital system development,BP,2.0266597427463935e-06
GO:0001822,5.520547849510488e-7,1,3,3,kidney development,BP,2.0266597427463935e-06
GO:0030098,5.520547849510488e-7,1,3,3,lymphocyte differentiation,BP,2.0266597427463935e-06
GO:0030217,5.520547849510488e-7,1,3,3,T cell differentiation,BP,2.0266597427463935e-06
GO:0031016,5.520547849510488e-7,1,3,3,pancreas development,BP,2.0266597427463935e-06
GO:0035019,5.520547849510488e-7,1,3,3,somatic stem cell population maintenance,BP,2.0266597427463935e-06
GO:0042110,5.520547849510488e-7,1,3,3,T cell activation,BP,2.0266597427463935e-06
GO:0060070,5.520547849510488e-7,1,3,3,canonical Wnt signaling pathway,BP,2.0266597427463935e-06
GO:0072001,5.520547849510488e-7,1,3,3,renal system development,BP,2.0266597427463935e-06
GO:0048546,5.522338856949966e-7,1,3,3,digestive tract morphogenesis,BP,2.0266597427463935e-06
GO:0048565,5.522338856949966e-7,1,3,3,digestive tract development,BP,2.0266597427463935e-06
GO:0055123,5.522338856949966e-7,1,3,3,digestive system development,BP,2.0266597427463935e-06
GO:0030030,6.187586175986859e-7,1,3,3,cell projection organization,BP,2.2613128308899047e-6
GO:0120036,6.187586175986859e-7,1,3,3,plasma membrane bounded cell projection organization,BP,2.2613128308899047e-6
GO:0009952,6.33647132069476e-7,1,3,3,anterior/posterior pattern specification,BP,2.312503580737559e-6
GO:0006886,6.470497749362372e-7,1,3,3,intracellular protein transport,BP,2.354866309892769e-6
GO:0009896,9.62976206458554e-7,1,3,3,positive regulation of catabolic process,BP,3.4661859612445072e-6
GO:0045732,9.62976206458554e-7,1,3,3,positive regulation of protein catabolic process,BP,3.4661859612445072e-6
GO:0002684,2.1765538067291734e-5,1,2,2,positive regulation of immune system process,BP,7.802291241608403e-5
GO:0050778,2.1765538067291734e-5,1,2,2,positive regulation of immune response,BP,7.802291241608403e-5
GO:0002237,2.2827045549641922e-5,1,2,2,response to molecule of bacterial origin,BP,8.047595236919527e-5
GO:0032496,2.2827045549641922e-5,1,2,2,response to lipopolysaccharide,BP,8.047595236919527e-5
GO:0071216,2.2827045549641922e-5,1,2,2,cellular response to biotic stimulus,BP,8.047595236919527e-5
GO:0071219,2.2827045549641922e-5,1,2,2,cellular response to molecule of bacterial origin,BP,8.047595236919527e-5
GO:0071222,2.2827045549641922e-5,1,2,2,cellular response to lipopolysaccharide,BP,8.047595236919527e-5
GO:0030001,2.3032561062982335e-5,1,2,2,metal ion transport,BP,8.047595236919527e-5
GO:0034220,2.3032561062982335e-5,1,2,2,ion transmembrane transport,BP,8.047595236919527e-5
GO:0098655,2.3032561062982335e-5,1,2,2,cation transmembrane transport,BP,8.047595236919527e-5
GO:0098660,2.3032561062982335e-5,1,2,2,inorganic ion transmembrane transport,BP,8.047595236919527e-5
GO:0098662,2.3032561062982335e-5,1,2,2,inorganic cation transmembrane transport,BP,8.047595236919527e-5
GO:0051321,2.34227855372128e-5,1,2,2,meiotic cell cycle,BP,8.151377884568486e-5
GO:0061982,2.34227855372128e-5,1,2,2,meiosis I cell cycle process,BP,8.151377884568486e-5
GO:1903046,2.34227855372128e-5,1,2,2,meiotic cell cycle process,BP,8.151377884568486e-5
GO:0044255,2.3565556885102192e-5,1,2,2,cellular lipid metabolic process,BP,8.184321130215514e-5
GO:0010498,2.3611017894714727e-5,1,2,2,proteasomal protein catabolic process,BP,8.184321130215514e-5
GO:0043161,2.3611017894714727e-5,1,2,2,proteasome-mediated ubiquitin-dependent protein catabolic process,BP,8.184321130215514e-5
GO:0034097,2.3692609486185757e-5,1,2,2,response to cytokine,BP,8.19096275253642e-5
GO:0071345,2.3692609486185757e-5,1,2,2,cellular response to cytokine stimulus,BP,8.19096275253642e-5
GO:0006281,2.38767043973274e-5,1,2,2,DNA repair,BP,8.232913579314994e-5
GO:0006298,2.38767043973274e-5,1,2,2,mismatch repair,BP,8.232913579314994e-5
GO:0008610,2.5009112596544763e-5,1,2,2,lipid biosynthetic process,BP,8.380837255695582e-5
GO:0032101,2.5009112596544763e-5,1,2,2,regulation of response to external stimulus,BP,8.380837255695582e-5
GO:0048545,2.5009112596544763e-5,1,2,2,response to steroid hormone,BP,8.380837255695582e-5
GO:0050878,2.5009112596544763e-5,1,2,2,regulation of body fluid levels,BP,8.380837255695582e-5
GO:0097066,2.5009112596544763e-5,1,2,2,response to thyroid hormone,BP,8.380837255695582e-5
GO:1901615,2.5009112596544763e-5,1,2,2,organic hydroxy compound metabolic process,BP,8.380837255695582e-5
GO:0045661,2.577533623824049e-5,1,2,2,regulation of myoblast differentiation,BP,8.380837255695582e-5
GO:0045663,2.577533623824049e-5,1,2,2,positive regulation of myoblast differentiation,BP,8.380837255695582e-5
GO:0006805,2.5877055868299607e-5,1,2,2,xenobiotic metabolic process,BP,8.380837255695582e-5
GO:0010035,2.5877055868299607e-5,1,2,2,response to inorganic substance,BP,8.380837255695582e-5
GO:0010038,2.5877055868299607e-5,1,2,2,response to metal ion,BP,8.380837255695582e-5
GO:0015695,2.5877055868299607e-5,1,2,2,organic cation transport,BP,8.380837255695582e-5
GO:0015898,2.5877055868299607e-5,1,2,2,amiloride transport,BP,8.380837255695582e-5
GO:0034776,2.5877055868299607e-5,1,2,2,response to histamine,BP,8.380837255695582e-5
GO:0035874,2.5877055868299607e-5,1,2,2,cellular response to copper ion starvation,BP,8.380837255695582e-5
GO:0046677,2.5877055868299607e-5,1,2,2,response to antibiotic,BP,8.380837255695582e-5
GO:0046688,2.5877055868299607e-5,1,2,2,response to copper ion,BP,8.380837255695582e-5
GO:0060359,2.5877055868299607e-5,1,2,2,response to ammonium ion,BP,8.380837255695582e-5
GO:0061476,2.5877055868299607e-5,1,2,2,response to anticoagulant,BP,8.380837255695582e-5
GO:0071241,2.5877055868299607e-5,1,2,2,cellular response to inorganic substance,BP,8.380837255695582e-5
GO:0071242,2.5877055868299607e-5,1,2,2,cellular response to ammonium ion,BP,8.380837255695582e-5
GO:0071248,2.5877055868299607e-5,1,2,2,cellular response to metal ion,BP,8.380837255695582e-5
GO:0071280,2.5877055868299607e-5,1,2,2,cellular response to copper ion,BP,8.380837255695582e-5
GO:0071420,2.5877055868299607e-5,1,2,2,cellular response to histamine,BP,8.380837255695582e-5
GO:0071466,2.5877055868299607e-5,1,2,2,cellular response to xenobiotic stimulus,BP,8.380837255695582e-5
GO:0071503,2.5877055868299607e-5,1,2,2,response to heparin,BP,8.380837255695582e-5
GO:0071504,2.5877055868299607e-5,1,2,2,cellular response to heparin,BP,8.380837255695582e-5
GO:0097184,2.5877055868299607e-5,1,2,2,response to azide,BP,8.380837255695582e-5
GO:0097185,2.5877055868299607e-5,1,2,2,cellular response to azide,BP,8.380837255695582e-5
GO:0120126,2.5877055868299607e-5,1,2,2,response to copper ion starvation,BP,8.380837255695582e-5
GO:0010517,2.5998481425823947e-5,1,2,2,regulation of phospholipase activity,BP,8.380837255695582e-5
GO:0060191,2.5998481425823947e-5,1,2,2,regulation of lipase activity,BP,8.380837255695582e-5
GO:0098693,2.5998481425823947e-5,1,2,2,regulation of synaptic vesicle cycle,BP,8.380837255695582e-5
GO:0006915,2.663533278340516e-5,1,2,2,apoptotic process,BP,8.523306490689652e-5
GO:0008219,2.663533278340516e-5,1,2,2,cell death,BP,8.523306490689652e-5
GO:0008630,2.663533278340516e-5,1,2,2,intrinsic apoptotic signaling pathway in response to DNA damage,BP,8.523306490689652e-5
GO:0012501,2.663533278340516e-5,1,2,2,programmed cell death,BP,8.523306490689652e-5
GO:0097190,2.663533278340516e-5,1,2,2,apoptotic signaling pathway,BP,8.523306490689652e-5
GO:0097193,2.663533278340516e-5,1,2,2,intrinsic apoptotic signaling pathway,BP,8.523306490689652e-5
GO:0006890,2.7015202624869626e-5,1,2,2,"retrograde vesicle-mediated transport, Golgi to endoplasmic reticulum",BP,8.62383110555449e-5
GO:0010469,2.7513290024833623e-5,1,2,2,regulation of signaling receptor activity,BP,8.6878356912843075e-05
GO:0032388,2.7513290024833623e-5,1,2,2,positive regulation of intracellular transport,BP,8.6878356912843075e-05
GO:0003013,2.7829088239333813e-5,1,2,2,circulatory system process,BP,8.6878356912843075e-05
GO:0008015,2.7829088239333813e-5,1,2,2,blood circulation,BP,8.6878356912843075e-05
GO:0050769,2.797947836071912e-5,1,2,2,positive regulation of neurogenesis,BP,8.6878356912843075e-05
GO:0019216,2.831689188462557e-5,1,2,2,regulation of lipid metabolic process,BP,8.6878356912843075e-05
GO:0001525,2.833455170807304e-5,1,2,2,angiogenesis,BP,8.6878356912843075e-05
GO:0001763,2.833455170807304e-5,1,2,2,morphogenesis of a branching structure,BP,8.6878356912843075e-05
GO:0030326,2.833455170807304e-5,1,2,2,embryonic limb morphogenesis,BP,8.6878356912843075e-05
GO:0030522,2.833455170807304e-5,1,2,2,intracellular receptor signaling pathway,BP,8.6878356912843075e-05
GO:0035050,2.833455170807304e-5,1,2,2,embryonic heart tube development,BP,8.6878356912843075e-05
GO:0035113,2.833455170807304e-5,1,2,2,embryonic appendage morphogenesis,BP,8.6878356912843075e-05
GO:0035116,2.833455170807304e-5,1,2,2,embryonic hindlimb morphogenesis,BP,8.6878356912843075e-05
GO:0035137,2.833455170807304e-5,1,2,2,hindlimb morphogenesis,BP,8.6878356912843075e-05
GO:0048608,2.833455170807304e-5,1,2,2,reproductive structure development,BP,8.6878356912843075e-05
GO:0048644,2.833455170807304e-5,1,2,2,muscle organ morphogenesis,BP,8.6878356912843075e-05
GO:0048738,2.833455170807304e-5,1,2,2,cardiac muscle tissue development,BP,8.6878356912843075e-05
GO:0048754,2.833455170807304e-5,1,2,2,branching morphogenesis of an epithelial tube,BP,8.6878356912843075e-05
GO:0055008,2.833455170807304e-5,1,2,2,cardiac muscle tissue morphogenesis,BP,8.6878356912843075e-05
GO:0060415,2.833455170807304e-5,1,2,2,muscle tissue morphogenesis,BP,8.6878356912843075e-05
GO:0061138,2.833455170807304e-5,1,2,2,morphogenesis of a branching epithelium,BP,8.6878356912843075e-05
GO:0061458,2.833455170807304e-5,1,2,2,reproductive system development,BP,8.6878356912843075e-05
GO:0009755,2.8374524342342423e-5,1,2,2,hormone-mediated signaling pathway,BP,8.6878356912843075e-05
GO:0030216,2.8374524342342423e-5,1,2,2,keratinocyte differentiation,BP,8.6878356912843075e-05
GO:0030879,2.8374524342342423e-5,1,2,2,mammary gland development,BP,8.6878356912843075e-05
GO:0033143,2.8374524342342423e-5,1,2,2,regulation of intracellular steroid hormone receptor signaling pathway,BP,8.6878356912843075e-05
GO:0033146,2.8374524342342423e-5,1,2,2,regulation of intracellular estrogen receptor signaling pathway,BP,8.6878356912843075e-05
GO:0050768,2.8374524342342423e-5,1,2,2,negative regulation of neurogenesis,BP,8.6878356912843075e-05
GO:0051961,2.8374524342342423e-5,1,2,2,negative regulation of nervous system development,BP,8.6878356912843075e-05
GO:0061180,2.8374524342342423e-5,1,2,2,mammary gland epithelium development,BP,8.6878356912843075e-05
GO:0021700,2.8409802941614004e-5,1,2,2,developmental maturation,BP,8.688499174684749e-5
GO:0022618,2.8497040054340397e-5,1,2,2,ribonucleoprotein complex assembly,BP,8.705032957228079e-5
GO:0050804,2.9371741163335045e-5,1,2,2,modulation of chemical synaptic transmission,BP,8.786283129379704e-5
GO:0099177,2.9371741163335045e-5,1,2,2,regulation of trans-synaptic signaling,BP,8.786283129379704e-5
GO:0001745,2.9373341144405617e-5,1,2,2,compound eye morphogenesis,BP,8.786283129379704e-5
GO:0009886,2.9373341144405617e-5,1,2,2,post-embryonic animal morphogenesis,BP,8.786283129379704e-5
GO:0048749,2.9373341144405617e-5,1,2,2,compound eye development,BP,8.786283129379704e-5
GO:0019637,2.937632495384255e-5,1,2,2,organophosphate metabolic process,BP,8.786283129379704e-5
GO:0140053,2.951808403783514e-5,1,2,2,mitochondrial gene expression,BP,8.786283129379704e-5
GO:0007610,3.0150322839733158e-5,1,2,2,behavior,BP,8.786283129379704e-5
GO:0006952,3.017869370016713e-5,1,2,2,defense response,BP,8.786283129379704e-5
GO:0010562,3.0209781360453873e-5,1,2,2,positive regulation of phosphorus metabolic process,BP,8.786283129379704e-5
GO:0045937,3.0209781360453873e-5,1,2,2,positive regulation of phosphate metabolic process,BP,8.786283129379704e-5
GO:0000819,3.026121969304423e-5,1,2,2,sister chromatid segregation,BP,8.786283129379704e-5
GO:0007059,3.026121969304423e-5,1,2,2,chromosome segregation,BP,8.786283129379704e-5
GO:0098813,3.026121969304423e-5,1,2,2,nuclear chromosome segregation,BP,8.786283129379704e-5
GO:0045927,3.109922117741966e-5,1,2,2,positive regulation of growth,BP,8.786283129379704e-5
GO:0048639,3.109922117741966e-5,1,2,2,positive regulation of developmental growth,BP,8.786283129379704e-5
GO:0006415,3.137153679796419e-5,1,2,2,translational termination,BP,8.786283129379704e-5
GO:0000086,3.191983893439937e-5,1,2,2,G2/M transition of mitotic cell cycle,BP,8.786283129379704e-5
GO:0044839,3.191983893439937e-5,1,2,2,cell cycle G2/M phase transition,BP,8.786283129379704e-5
GO:0055086,3.2143364848644495e-5,1,2,2,nucleobase-containing small molecule metabolic process,BP,8.786283129379704e-5
GO:0051147,3.231845895943631e-5,1,2,2,regulation of muscle cell differentiation,BP,8.786283129379704e-5
GO:0031099,3.275321325678117e-5,1,2,2,regeneration,BP,8.786283129379704e-5
GO:0061383,3.275321325678117e-5,1,2,2,trabecula morphogenesis,BP,8.786283129379704e-5
GO:0061384,3.275321325678117e-5,1,2,2,heart trabecula morphogenesis,BP,8.786283129379704e-5
GO:0001959,3.2882695823573254e-5,1,2,2,regulation of cytokine-mediated signaling pathway,BP,8.786283129379704e-5
GO:0045088,3.2882695823573254e-5,1,2,2,regulation of innate immune response,BP,8.786283129379704e-5
GO:0060759,3.2882695823573254e-5,1,2,2,regulation of response to cytokine stimulus,BP,8.786283129379704e-5
GO:1901135,3.2900771380716545e-5,1,2,2,carbohydrate derivative metabolic process,BP,8.786283129379704e-5
GO:1901657,3.2900771380716545e-5,1,2,2,glycosyl compound metabolic process,BP,8.786283129379704e-5
GO:0010769,3.2954816462248236e-5,1,2,2,regulation of cell morphogenesis involved in differentiation,BP,8.786283129379704e-5
GO:0048814,3.2954816462248236e-5,1,2,2,regulation of dendrite morphogenesis,BP,8.786283129379704e-5
GO:0048705,3.378971406951323e-5,1,2,2,skeletal system morphogenesis,BP,8.786283129379704e-5
GO:0018193,3.383334388975242e-5,1,2,2,peptidyl-amino acid modification,BP,8.786283129379704e-5
GO:0032387,3.383334388975242e-5,1,2,2,negative regulation of intracellular transport,BP,8.786283129379704e-5
GO:0042308,3.383334388975242e-5,1,2,2,negative regulation of protein import into nucleus,BP,8.786283129379704e-5
GO:0046823,3.383334388975242e-5,1,2,2,negative regulation of nucleocytoplasmic transport,BP,8.786283129379704e-5
GO:0051224,3.383334388975242e-5,1,2,2,negative regulation of protein transport,BP,8.786283129379704e-5
GO:0090317,3.383334388975242e-5,1,2,2,negative regulation of intracellular protein transport,BP,8.786283129379704e-5
GO:1900181,3.383334388975242e-5,1,2,2,negative regulation of protein localization to nucleus,BP,8.786283129379704e-5
GO:1903828,3.383334388975242e-5,1,2,2,negative regulation of protein localization,BP,8.786283129379704e-5
GO:1904590,3.383334388975242e-5,1,2,2,negative regulation of protein import,BP,8.786283129379704e-5
GO:1904950,3.383334388975242e-5,1,2,2,negative regulation of establishment of protein localization,BP,8.786283129379704e-5
GO:0001666,3.3836924715348774e-5,1,2,2,response to hypoxia,BP,8.786283129379704e-5
GO:0001678,3.3836924715348774e-5,1,2,2,cellular glucose homeostasis,BP,8.786283129379704e-5
GO:0001838,3.3836924715348774e-5,1,2,2,embryonic epithelial tube formation,BP,8.786283129379704e-5
GO:0001841,3.3836924715348774e-5,1,2,2,neural tube formation,BP,8.786283129379704e-5
GO:0002244,3.3836924715348774e-5,1,2,2,hematopoietic progenitor cell differentiation,BP,8.786283129379704e-5
GO:0002320,3.3836924715348774e-5,1,2,2,lymphoid progenitor cell differentiation,BP,8.786283129379704e-5
GO:0002328,3.3836924715348774e-5,1,2,2,pro-B cell differentiation,BP,8.786283129379704e-5
GO:0002791,3.3836924715348774e-5,1,2,2,regulation of peptide secretion,BP,8.786283129379704e-5
GO:0002793,3.3836924715348774e-5,1,2,2,positive regulation of peptide secretion,BP,8.786283129379704e-5
GO:0003174,3.3836924715348774e-5,1,2,2,mitral valve development,BP,8.786283129379704e-5
GO:0003179,3.3836924715348774e-5,1,2,2,heart valve morphogenesis,BP,8.786283129379704e-5
GO:0003181,3.3836924715348774e-5,1,2,2,atrioventricular valve morphogenesis,BP,8.786283129379704e-5
GO:0003183,3.3836924715348774e-5,1,2,2,mitral valve morphogenesis,BP,8.786283129379704e-5
GO:0003207,3.3836924715348774e-5,1,2,2,cardiac chamber formation,BP,8.786283129379704e-5
GO:0003211,3.3836924715348774e-5,1,2,2,cardiac ventricle formation,BP,8.786283129379704e-5
GO:0003215,3.3836924715348774e-5,1,2,2,cardiac right ventricle morphogenesis,BP,8.786283129379704e-5
GO:0003283,3.3836924715348774e-5,1,2,2,atrial septum development,BP,8.786283129379704e-5
GO:0003284,3.3836924715348774e-5,1,2,2,septum primum development,BP,8.786283129379704e-5
GO:0003289,3.3836924715348774e-5,1,2,2,atrial septum primum morphogenesis,BP,8.786283129379704e-5
GO:0003357,3.3836924715348774e-5,1,2,2,noradrenergic neuron differentiation,BP,8.786283129379704e-5
GO:0006417,3.3836924715348774e-5,1,2,2,regulation of translation,BP,8.786283129379704e-5
GO:0006977,3.3836924715348774e-5,1,2,2,"DNA damage response, signal transduction by p53 class mediator resulting in cell cycle arrest",BP,8.786283129379704e-5
GO:0009743,3.3836924715348774e-5,1,2,2,response to carbohydrate,BP,8.786283129379704e-5
GO:0009746,3.3836924715348774e-5,1,2,2,response to hexose,BP,8.786283129379704e-5
GO:0009749,3.3836924715348774e-5,1,2,2,response to glucose,BP,8.786283129379704e-5
GO:0010001,3.3836924715348774e-5,1,2,2,glial cell differentiation,BP,8.786283129379704e-5
GO:0010608,3.3836924715348774e-5,1,2,2,post-transcriptional regulation of gene expression,BP,8.786283129379704e-5
GO:0014009,3.3836924715348774e-5,1,2,2,glial cell proliferation,BP,8.786283129379704e-5
GO:0021510,3.3836924715348774e-5,1,2,2,spinal cord development,BP,8.786283129379704e-5
GO:0021515,3.3836924715348774e-5,1,2,2,cell differentiation in spinal cord,BP,8.786283129379704e-5
GO:0021517,3.3836924715348774e-5,1,2,2,ventral spinal cord development,BP,8.786283129379704e-5
GO:0021522,3.3836924715348774e-5,1,2,2,spinal cord motor neuron differentiation,BP,8.786283129379704e-5
GO:0021782,3.3836924715348774e-5,1,2,2,glial cell development,BP,8.786283129379704e-5
GO:0021915,3.3836924715348774e-5,1,2,2,neural tube development,BP,8.786283129379704e-5
GO:0021953,3.3836924715348774e-5,1,2,2,central nervous system neuron differentiation,BP,8.786283129379704e-5
GO:0030330,3.3836924715348774e-5,1,2,2,"DNA damage response, signal transduction by p53 class mediator",BP,8.786283129379704e-5
GO:0031018,3.3836924715348774e-5,1,2,2,endocrine pancreas development,BP,8.786283129379704e-5
GO:0031571,3.3836924715348774e-5,1,2,2,mitotic G1 DNA damage checkpoint signaling,BP,8.786283129379704e-5
GO:0032024,3.3836924715348774e-5,1,2,2,positive regulation of insulin secretion,BP,8.786283129379704e-5
GO:0033500,3.3836924715348774e-5,1,2,2,carbohydrate homeostasis,BP,8.786283129379704e-5
GO:0034248,3.3836924715348774e-5,1,2,2,regulation of cellular amide metabolic process,BP,8.786283129379704e-5
GO:0034250,3.3836924715348774e-5,1,2,2,positive regulation of cellular amide metabolic process,BP,8.786283129379704e-5
GO:0034284,3.3836924715348774e-5,1,2,2,response to monosaccharide,BP,8.786283129379704e-5
GO:0035148,3.3836924715348774e-5,1,2,2,tube formation,BP,8.786283129379704e-5
GO:0035904,3.3836924715348774e-5,1,2,2,aorta development,BP,8.786283129379704e-5
GO:0035905,3.3836924715348774e-5,1,2,2,ascending aorta development,BP,8.786283129379704e-5
GO:0035909,3.3836924715348774e-5,1,2,2,aorta morphogenesis,BP,8.786283129379704e-5
GO:0035910,3.3836924715348774e-5,1,2,2,ascending aorta morphogenesis,BP,8.786283129379704e-5
GO:0036293,3.3836924715348774e-5,1,2,2,response to decreased oxygen levels,BP,8.786283129379704e-5
GO:0042063,3.3836924715348774e-5,1,2,2,gliogenesis,BP,8.786283129379704e-5
GO:0042593,3.3836924715348774e-5,1,2,2,glucose homeostasis,BP,8.786283129379704e-5
GO:0042770,3.3836924715348774e-5,1,2,2,signal transduction in response to DNA damage,BP,8.786283129379704e-5
GO:0044819,3.3836924715348774e-5,1,2,2,mitotic G1/S transition checkpoint signaling,BP,8.786283129379704e-5
GO:0045727,3.3836924715348774e-5,1,2,2,positive regulation of translation,BP,8.786283129379704e-5
GO:0046883,3.3836924715348774e-5,1,2,2,regulation of hormone secretion,BP,8.786283129379704e-5
GO:0046887,3.3836924715348774e-5,1,2,2,positive regulation of hormone secretion,BP,8.786283129379704e-5
GO:0048483,3.3836924715348774e-5,1,2,2,autonomic nervous system development,BP,8.786283129379704e-5
GO:0048485,3.3836924715348774e-5,1,2,2,sympathetic nervous system development,BP,8.786283129379704e-5
GO:0048844,3.3836924715348774e-5,1,2,2,artery morphogenesis,BP,8.786283129379704e-5
GO:0050708,3.3836924715348774e-5,1,2,2,regulation of protein secretion,BP,8.786283129379704e-5
GO:0050714,3.3836924715348774e-5,1,2,2,positive regulation of protein secretion,BP,8.786283129379704e-5
GO:0050796,3.3836924715348774e-5,1,2,2,regulation of insulin secretion,BP,8.786283129379704e-5
GO:0050821,3.3836924715348774e-5,1,2,2,protein stabilization,BP,8.786283129379704e-5
GO:0051606,3.3836924715348774e-5,1,2,2,detection of stimulus,BP,8.786283129379704e-5
GO:0055082,3.3836924715348774e-5,1,2,2,cellular chemical homeostasis,BP,8.786283129379704e-5
GO:0060174,3.3836924715348774e-5,1,2,2,limb bud formation,BP,8.786283129379704e-5
GO:0060413,3.3836924715348774e-5,1,2,2,atrial septum morphogenesis,BP,8.786283129379704e-5
GO:0060563,3.3836924715348774e-5,1,2,2,neuroepithelial cell differentiation,BP,8.786283129379704e-5
GO:0060840,3.3836924715348774e-5,1,2,2,artery development,BP,8.786283129379704e-5
GO:0060993,3.3836924715348774e-5,1,2,2,kidney morphogenesis,BP,8.786283129379704e-5
GO:0070482,3.3836924715348774e-5,1,2,2,response to oxygen levels,BP,8.786283129379704e-5
GO:0071322,3.3836924715348774e-5,1,2,2,cellular response to carbohydrate stimulus,BP,8.786283129379704e-5
GO:0071326,3.3836924715348774e-5,1,2,2,cellular response to monosaccharide stimulus,BP,8.786283129379704e-5
GO:0071331,3.3836924715348774e-5,1,2,2,cellular response to hexose stimulus,BP,8.786283129379704e-5
GO:0071333,3.3836924715348774e-5,1,2,2,cellular response to glucose stimulus,BP,8.786283129379704e-5
GO:0072175,3.3836924715348774e-5,1,2,2,epithelial tube formation,BP,8.786283129379704e-5
GO:0090276,3.3836924715348774e-5,1,2,2,regulation of peptide hormone secretion,BP,8.786283129379704e-5
GO:0090277,3.3836924715348774e-5,1,2,2,positive regulation of peptide hormone secretion,BP,8.786283129379704e-5
GO:1901983,3.3836924715348774e-5,1,2,2,regulation of protein acetylation,BP,8.786283129379704e-5
GO:1901985,3.3836924715348774e-5,1,2,2,positive regulation of protein acetylation,BP,8.786283129379704e-5
GO:1903317,3.3836924715348774e-5,1,2,2,regulation of protein maturation,BP,8.786283129379704e-5
GO:1903319,3.3836924715348774e-5,1,2,2,positive regulation of protein maturation,BP,8.786283129379704e-5
GO:2000756,3.3836924715348774e-5,1,2,2,regulation of peptidyl-lysine acetylation,BP,8.786283129379704e-5
GO:2000758,3.3836924715348774e-5,1,2,2,positive regulation of peptidyl-lysine acetylation,BP,8.786283129379704e-5
GO:2000759,3.3836924715348774e-5,1,2,2,regulation of N-terminal peptidyl-lysine acetylation,BP,8.786283129379704e-5
GO:2000761,3.3836924715348774e-5,1,2,2,positive regulation of N-terminal peptidyl-lysine acetylation,BP,8.786283129379704e-5
GO:0001667,3.385263812424878e-5,1,2,2,ameboidal-type cell migration,BP,8.786283129379704e-5
GO:1901214,3.4855405685941306e-5,1,2,2,regulation of neuron death,BP,9.019781510839249e-5
GO:1901215,3.4855405685941306e-5,1,2,2,negative regulation of neuron death,BP,9.019781510839249e-5
GO:0007519,3.513471840553677e-5,1,2,2,skeletal muscle tissue development,BP,9.032312007057104e-5
GO:0021536,3.513471840553677e-5,1,2,2,diencephalon development,BP,9.032312007057104e-5
GO:0021983,3.513471840553677e-5,1,2,2,pituitary gland development,BP,9.032312007057104e-5
GO:0021984,3.513471840553677e-5,1,2,2,adenohypophysis development,BP,9.032312007057104e-5
GO:0030900,3.513471840553677e-5,1,2,2,forebrain development,BP,9.032312007057104e-5
GO:0060538,3.513471840553677e-5,1,2,2,skeletal muscle organ development,BP,9.032312007057104e-5
GO:0048663,3.517920301529101e-5,1,2,2,neuron fate commitment,BP,9.032312007057104e-5
GO:0048665,3.517920301529101e-5,1,2,2,neuron fate specification,BP,9.032312007057104e-5
GO:0006401,3.5463757805444104e-5,1,2,2,RNA catabolic process,BP,9.09647121031137e-5
GO:0001824,3.763863257684691e-5,1,2,2,blastocyst development,BP,9.629413195936909e-5
GO:0006403,3.7798382590758445e-5,1,2,2,RNA localization,BP,9.629413195936909e-5
GO:0015931,3.7798382590758445e-5,1,2,2,nucleobase-containing compound transport,BP,9.629413195936909e-5
GO:0050657,3.7798382590758445e-5,1,2,2,nucleic acid transport,BP,9.629413195936909e-5
GO:0050658,3.7798382590758445e-5,1,2,2,RNA transport,BP,9.629413195936909e-5
GO:0051236,3.7798382590758445e-5,1,2,2,establishment of RNA localization,BP,9.629413195936909e-5
GO:0051346,3.7798382590758445e-5,1,2,2,negative regulation of hydrolase activity,BP,9.629413195936909e-5
GO:0006836,4.0299289504381976e-5,1,2,2,neurotransmitter transport,BP,1.0236721748257339e-4
GO:0009451,4.0633815490322015e-5,1,2,2,RNA modification,BP,1.0291808093301637e-4
GO:0034470,4.0633815490322015e-5,1,2,2,ncRNA processing,BP,1.0291808093301637e-4
GO:0034660,4.0633815490322015e-5,1,2,2,ncRNA metabolic process,BP,1.0291808093301637e-4
GO:0042254,4.280158622620564e-5,1,2,2,ribosome biogenesis,BP,1.0768107598999385e-4
GO:0007548,4.51740871234208e-5,1,2,2,sex differentiation,BP,1.131076379884124e-4
GO:0046661,4.51740871234208e-5,1,2,2,male sex differentiation,BP,1.131076379884124e-4
GO:0001505,4.731042668532991e-5,1,2,2,regulation of neurotransmitter levels,BP,1.1778231463216859e-4
GO:0030100,4.731042668532991e-5,1,2,2,regulation of endocytosis,BP,1.1778231463216859e-4
GO:0060627,4.731042668532991e-5,1,2,2,regulation of vesicle-mediated transport,BP,1.1778231463216859e-4
GO:0099003,4.731042668532991e-5,1,2,2,vesicle-mediated transport in synapse,BP,1.1778231463216859e-4
GO:0099504,4.731042668532991e-5,1,2,2,synaptic vesicle cycle,BP,1.1778231463216859e-4
GO:0002168,7.916900681689248e-5,1,2,2,instar larval development,BP,1.9134097139678348e-4
GO:0007350,7.916900681689248e-5,1,2,2,blastoderm segmentation,BP,1.9134097139678348e-4
GO:0007365,7.916900681689248e-5,1,2,2,periodic partitioning,BP,1.9134097139678348e-4
GO:0007367,7.916900681689248e-5,1,2,2,segment polarity determination,BP,1.9134097139678348e-4
GO:0007409,7.916900681689248e-5,1,2,2,axonogenesis,BP,1.9134097139678348e-4
GO:0007591,7.916900681689248e-5,1,2,2,"molting cycle, chitin-based cuticle",BP,1.9134097139678348e-4
GO:0008363,7.916900681689248e-5,1,2,2,larval chitin-based cuticle development,BP,1.9134097139678348e-4
GO:0009880,7.916900681689248e-5,1,2,2,embryonic pattern specification,BP,1.9134097139678348e-4
GO:0031175,7.916900681689248e-5,1,2,2,neuron projection development,BP,1.9134097139678348e-4
GO:0032990,7.916900681689248e-5,1,2,2,cell part morphogenesis,BP,1.9134097139678348e-4
GO:0035017,7.916900681689248e-5,1,2,2,cuticle pattern formation,BP,1.9134097139678348e-4
GO:0035282,7.916900681689248e-5,1,2,2,segmentation,BP,1.9134097139678348e-4
GO:0035293,7.916900681689248e-5,1,2,2,chitin-based larval cuticle pattern formation,BP,1.9134097139678348e-4
GO:0040003,7.916900681689248e-5,1,2,2,chitin-based cuticle development,BP,1.9134097139678348e-4
GO:0042335,7.916900681689248e-5,1,2,2,cuticle development,BP,1.9134097139678348e-4
GO:0042337,7.916900681689248e-5,1,2,2,cuticle development involved in chitin-based cuticle molting cycle,BP,1.9134097139678348e-4
GO:0048666,7.916900681689248e-5,1,2,2,neuron development,BP,1.9134097139678348e-4
GO:0048667,7.916900681689248e-5,1,2,2,cell morphogenesis involved in neuron differentiation,BP,1.9134097139678348e-4
GO:0048812,7.916900681689248e-5,1,2,2,neuron projection morphogenesis,BP,1.9134097139678348e-4
GO:0048858,7.916900681689248e-5,1,2,2,cell projection morphogenesis,BP,1.9134097139678348e-4
GO:0061564,7.916900681689248e-5,1,2,2,axon development,BP,1.9134097139678348e-4
GO:0120039,7.916900681689248e-5,1,2,2,plasma membrane bounded cell projection morphogenesis,BP,1.9134097139678348e-4
GO:0030335,7.948233949027972e-5,1,2,2,positive regulation of cell migration,BP,1.9134097139678348e-4
GO:0031346,7.948233949027972e-5,1,2,2,positive regulation of cell projection organization,BP,1.9134097139678348e-4
GO:0040017,7.948233949027972e-5,1,2,2,positive regulation of locomotion,BP,1.9134097139678348e-4
GO:2000147,7.948233949027972e-5,1,2,2,positive regulation of cell motility,BP,1.9134097139678348e-4
GO:0060041,8.210536446752978e-5,1,2,2,retina development in camera-type eye,BP,1.96470908105535e-4
GO:0070848,8.210536446752978e-5,1,2,2,response to growth factor,BP,1.96470908105535e-4
GO:0071363,8.210536446752978e-5,1,2,2,cellular response to growth factor stimulus,BP,1.96470908105535e-4
GO:0001942,8.364327538255411e-5,1,2,2,hair follicle development,BP,1.96470908105535e-4
GO:0022404,8.364327538255411e-5,1,2,2,molting cycle process,BP,1.96470908105535e-4
GO:0022405,8.364327538255411e-5,1,2,2,hair cycle process,BP,1.96470908105535e-4
GO:0042633,8.364327538255411e-5,1,2,2,hair cycle,BP,1.96470908105535e-4
GO:0098773,8.364327538255411e-5,1,2,2,skin epidermis development,BP,1.96470908105535e-4
GO:0001704,8.379237586163048e-5,1,2,2,formation of primary germ layer,BP,1.96470908105535e-4
GO:0001706,8.379237586163048e-5,1,2,2,endoderm formation,BP,1.96470908105535e-4
GO:0001711,8.379237586163048e-5,1,2,2,endodermal cell fate commitment,BP,1.96470908105535e-4
GO:0007369,8.379237586163048e-5,1,2,2,gastrulation,BP,1.96470908105535e-4
GO:0035987,8.379237586163048e-5,1,2,2,endodermal cell differentiation,BP,1.96470908105535e-4
GO:0048569,8.379237586163048e-5,1,2,2,post-embryonic animal organ development,BP,1.96470908105535e-4
GO:0060795,8.379237586163048e-5,1,2,2,cell fate commitment involved in formation of primary germ layer,BP,1.96470908105535e-4
GO:0010638,8.519608792372206e-5,1,2,2,positive regulation of organelle organization,BP,1.96470908105535e-4
GO:0031331,8.519608792372206e-5,1,2,2,positive regulation of cellular catabolic process,BP,1.96470908105535e-4
GO:0032434,8.519608792372206e-5,1,2,2,regulation of proteasomal ubiquitin-dependent protein catabolic process,BP,1.96470908105535e-4
GO:0032436,8.519608792372206e-5,1,2,2,positive regulation of proteasomal ubiquitin-dependent protein catabolic process,BP,1.96470908105535e-4
GO:0043244,8.519608792372206e-5,1,2,2,regulation of protein-containing complex disassembly,BP,1.96470908105535e-4
GO:0043408,8.519608792372206e-5,1,2,2,regulation of MAPK cascade,BP,1.96470908105535e-4
GO:0043409,8.519608792372206e-5,1,2,2,negative regulation of MAPK cascade,BP,1.96470908105535e-4
GO:0045862,8.519608792372206e-5,1,2,2,positive regulation of proteolysis,BP,1.96470908105535e-4
GO:0051129,8.519608792372206e-5,1,2,2,negative regulation of cellular component organization,BP,1.96470908105535e-4
GO:0060249,8.519608792372206e-5,1,2,2,anatomical structure homeostasis,BP,1.96470908105535e-4
GO:0061136,8.519608792372206e-5,1,2,2,regulation of proteasomal protein catabolic process,BP,1.96470908105535e-4
GO:1901800,8.519608792372206e-5,1,2,2,positive regulation of proteasomal protein catabolic process,BP,1.96470908105535e-4
GO:1902531,8.519608792372206e-5,1,2,2,regulation of intracellular signal transduction,BP,1.96470908105535e-4
GO:1902532,8.519608792372206e-5,1,2,2,negative regulation of intracellular signal transduction,BP,1.96470908105535e-4
GO:1903052,8.519608792372206e-5,1,2,2,positive regulation of proteolysis involved in protein catabolic process,BP,1.96470908105535e-4
GO:2000060,8.519608792372206e-5,1,2,2,positive regulation of ubiquitin-dependent protein catabolic process,BP,1.96470908105535e-4
GO:0000910,8.528215104123642e-5,1,2,2,cytokinesis,BP,1.96470908105535e-4
GO:0007088,8.528215104123642e-5,1,2,2,regulation of mitotic nuclear division,BP,1.96470908105535e-4
GO:0008356,8.528215104123642e-5,1,2,2,asymmetric cell division,BP,1.96470908105535e-4
GO:0016579,8.528215104123642e-5,1,2,2,protein deubiquitination,BP,1.96470908105535e-4
GO:0033044,8.528215104123642e-5,1,2,2,regulation of chromosome organization,BP,1.96470908105535e-4
GO:0033045,8.528215104123642e-5,1,2,2,regulation of sister chromatid segregation,BP,1.96470908105535e-4
GO:0044784,8.528215104123642e-5,1,2,2,metaphase/anaphase transition of cell cycle,BP,1.96470908105535e-4
GO:0051301,8.528215104123642e-5,1,2,2,cell division,BP,1.96470908105535e-4
GO:0051783,8.528215104123642e-5,1,2,2,regulation of nuclear division,BP,1.96470908105535e-4
GO:0051983,8.528215104123642e-5,1,2,2,regulation of chromosome segregation,BP,1.96470908105535e-4
GO:0061640,8.528215104123642e-5,1,2,2,cytoskeleton-dependent cytokinesis,BP,1.96470908105535e-4
GO:0070646,8.528215104123642e-5,1,2,2,protein modification by small protein removal,BP,1.96470908105535e-4
GO:2000241,8.528215104123642e-5,1,2,2,regulation of reproductive process,BP,1.96470908105535e-4
GO:0006897,8.974908209706836e-5,1,2,2,endocytosis,BP,2.0046265099198964e-4
GO:0007097,8.974908209706836e-5,1,2,2,nuclear migration,BP,2.0046265099198964e-4
GO:0007163,8.974908209706836e-5,1,2,2,establishment or maintenance of cell polarity,BP,2.0046265099198964e-4
GO:0007293,8.974908209706836e-5,1,2,2,germarium-derived egg chamber formation,BP,2.0046265099198964e-4
GO:0009953,8.974908209706836e-5,1,2,2,dorsal/ventral pattern formation,BP,2.0046265099198964e-4
GO:0030951,8.974908209706836e-5,1,2,2,establishment or maintenance of microtubule cytoskeleton polarity,BP,2.0046265099198964e-4
GO:0030952,8.974908209706836e-5,1,2,2,establishment or maintenance of cytoskeleton polarity,BP,2.0046265099198964e-4
GO:0032886,8.974908209706836e-5,1,2,2,regulation of microtubule-based process,BP,2.0046265099198964e-4
GO:0051647,8.974908209706836e-5,1,2,2,nucleus localization,BP,2.0046265099198964e-4
GO:0070507,8.974908209706836e-5,1,2,2,regulation of microtubule cytoskeleton organization,BP,2.0046265099198964e-4
GO:0098657,8.974908209706836e-5,1,2,2,import into cell,BP,2.0046265099198964e-4
GO:1904779,8.974908209706836e-5,1,2,2,regulation of protein localization to centrosome,BP,2.0046265099198964e-4
GO:1904781,8.974908209706836e-5,1,2,2,positive regulation of protein localization to centrosome,BP,2.0046265099198964e-4
GO:0007167,9.119002576278321e-5,1,2,2,enzyme-linked receptor protein signaling pathway,BP,2.0046265099198964e-4
GO:0007169,9.119002576278321e-5,1,2,2,transmembrane receptor protein tyrosine kinase signaling pathway,BP,2.0046265099198964e-4
GO:0008286,9.119002576278321e-5,1,2,2,insulin receptor signaling pathway,BP,2.0046265099198964e-4
GO:0032868,9.119002576278321e-5,1,2,2,response to insulin,BP,2.0046265099198964e-4
GO:0032869,9.119002576278321e-5,1,2,2,cellular response to insulin stimulus,BP,2.0046265099198964e-4
GO:0071375,9.119002576278321e-5,1,2,2,cellular response to peptide hormone stimulus,BP,2.0046265099198964e-4
GO:1901653,9.119002576278321e-5,1,2,2,cellular response to peptide,BP,2.0046265099198964e-4
GO:0045995,9.122158842831723e-5,1,2,2,regulation of embryonic development,BP,2.0046265099198964e-4
GO:0048557,9.122158842831723e-5,1,2,2,embryonic digestive tract morphogenesis,BP,2.0046265099198964e-4
GO:0048562,9.122158842831723e-5,1,2,2,embryonic organ morphogenesis,BP,2.0046265099198964e-4
GO:0048566,9.122158842831723e-5,1,2,2,embryonic digestive tract development,BP,2.0046265099198964e-4
GO:0000079,9.129301369490382e-5,1,2,2,regulation of cyclin-dependent protein serine/threonine kinase activity,BP,2.0046265099198964e-4
GO:0002119,9.129301369490382e-5,1,2,2,nematode larval development,BP,2.0046265099198964e-4
GO:0008360,9.129301369490382e-5,1,2,2,regulation of cell shape,BP,2.0046265099198964e-4
GO:0032271,9.129301369490382e-5,1,2,2,regulation of protein polymerization,BP,2.0046265099198964e-4
GO:0045736,9.129301369490382e-5,1,2,2,negative regulation of cyclin-dependent protein serine/threonine kinase activity,BP,2.0046265099198964e-4
GO:0046620,9.129301369490382e-5,1,2,2,regulation of organ growth,BP,2.0046265099198964e-4
GO:0046621,9.129301369490382e-5,1,2,2,negative regulation of organ growth,BP,2.0046265099198964e-4
GO:0048580,9.129301369490382e-5,1,2,2,regulation of post-embryonic development,BP,2.0046265099198964e-4
GO:0048581,9.129301369490382e-5,1,2,2,negative regulation of post-embryonic development,BP,2.0046265099198964e-4
GO:0048640,9.129301369490382e-5,1,2,2,negative regulation of developmental growth,BP,2.0046265099198964e-4
GO:0061062,9.129301369490382e-5,1,2,2,regulation of nematode larval development,BP,2.0046265099198964e-4
GO:0061064,9.129301369490382e-5,1,2,2,negative regulation of nematode larval development,BP,2.0046265099198964e-4
GO:0072089,9.129301369490382e-5,1,2,2,stem cell proliferation,BP,2.0046265099198964e-4
GO:1902903,9.129301369490382e-5,1,2,2,regulation of supramolecular fiber organization,BP,2.0046265099198964e-4
GO:1904029,9.129301369490382e-5,1,2,2,regulation of cyclin-dependent protein kinase activity,BP,2.0046265099198964e-4
GO:1904030,9.129301369490382e-5,1,2,2,negative regulation of cyclin-dependent protein kinase activity,BP,2.0046265099198964e-4
GO:0016202,9.89911026193852e-5,1,2,2,regulation of striated muscle tissue development,BP,2.1646054439438897e-4
GO:0048634,9.89911026193852e-5,1,2,2,regulation of muscle organ development,BP,2.1646054439438897e-4
GO:1901861,9.89911026193852e-5,1,2,2,regulation of muscle tissue development,BP,2.1646054439438897e-4
GO:0061024,1.1423926192552587e-4,1,2,2,membrane organization,BP,2.4856038415636806e-4
GO:0002790,1.4589647755294845e-4,1,2,2,peptide secretion,BP,3.169142028964708e-4
GO:0009306,1.4589647755294845e-4,1,2,2,protein secretion,BP,3.169142028964708e-4
GO:0006479,0.004393926057520249,1,1,1,protein methylation,BP,0.006974985043601487
GO:0006979,0.004393926057520249,1,1,1,response to oxidative stress,BP,0.006974985043601487
GO:0007283,0.004393926057520249,1,1,1,spermatogenesis,BP,0.006974985043601487
GO:0007286,0.004393926057520249,1,1,1,spermatid development,BP,0.006974985043601487
GO:0008213,0.004393926057520249,1,1,1,protein alkylation,BP,0.006974985043601487
GO:0030308,0.004393926057520249,1,1,1,negative regulation of cell growth,BP,0.006974985043601487
GO:0045601,0.004393926057520249,1,1,1,regulation of endothelial cell differentiation,BP,0.006974985043601487
GO:0045603,0.004393926057520249,1,1,1,positive regulation of endothelial cell differentiation,BP,0.006974985043601487
GO:0045765,0.004393926057520249,1,1,1,regulation of angiogenesis,BP,0.006974985043601487
GO:0045766,0.004393926057520249,1,1,1,positive regulation of angiogenesis,BP,0.006974985043601487
GO:0048232,0.004393926057520249,1,1,1,male gamete generation,BP,0.006974985043601487
GO:0048515,0.004393926057520249,1,1,1,spermatid differentiation,BP,0.006974985043601487
GO:1901342,0.004393926057520249,1,1,1,regulation of vasculature development,BP,0.006974985043601487
GO:1904018,0.004393926057520249,1,1,1,positive regulation of vasculature development,BP,0.006974985043601487
GO:2000269,0.004393926057520249,1,1,1,regulation of fibroblast apoptotic process,BP,0.006974985043601487
GO:2000271,0.004393926057520249,1,1,1,positive regulation of fibroblast apoptotic process,BP,0.006974985043601487
GO:0000018,0.0045565476336564235,1,1,1,regulation of DNA recombination,BP,0.006974985043601487
GO:0000710,0.0045565476336564235,1,1,1,meiotic mismatch repair,BP,0.006974985043601487
GO:0002200,0.0045565476336564235,1,1,1,somatic diversification of immune receptors,BP,0.006974985043601487
GO:0002204,0.0045565476336564235,1,1,1,somatic recombination of immunoglobulin genes involved in immune response,BP,0.006974985043601487
GO:0002208,0.0045565476336564235,1,1,1,somatic diversification of immunoglobulins involved in immune response,BP,0.006974985043601487
GO:0002250,0.0045565476336564235,1,1,1,adaptive immune response,BP,0.006974985043601487
GO:0002285,0.0045565476336564235,1,1,1,lymphocyte activation involved in immune response,BP,0.006974985043601487
GO:0002312,0.0045565476336564235,1,1,1,B cell activation involved in immune response,BP,0.006974985043601487
GO:0002377,0.0045565476336564235,1,1,1,immunoglobulin production,BP,0.006974985043601487
GO:0002381,0.0045565476336564235,1,1,1,immunoglobulin production involved in immunoglobulin-mediated immune response,BP,0.006974985043601487
GO:0002440,0.0045565476336564235,1,1,1,production of molecular mediator of immune response,BP,0.006974985043601487
GO:0002449,0.0045565476336564235,1,1,1,lymphocyte mediated immunity,BP,0.006974985043601487
GO:0002460,0.0045565476336564235,1,1,1,adaptive immune response based on somatic recombination of immune receptors built from immunoglobulin superfamily domains,BP,0.006974985043601487
GO:0002562,0.0045565476336564235,1,1,1,somatic diversification of immune receptors via germline recombination within a single locus,BP,0.006974985043601487
GO:0002566,0.0045565476336564235,1,1,1,somatic diversification of immune receptors via somatic mutation,BP,0.006974985043601487
GO:0002637,0.0045565476336564235,1,1,1,regulation of immunoglobulin production,BP,0.006974985043601487
GO:0002639,0.0045565476336564235,1,1,1,positive regulation of immunoglobulin production,BP,0.006974985043601487
GO:0002694,0.0045565476336564235,1,1,1,regulation of leukocyte activation,BP,0.006974985043601487
GO:0002696,0.0045565476336564235,1,1,1,positive regulation of leukocyte activation,BP,0.006974985043601487
GO:0002697,0.0045565476336564235,1,1,1,regulation of immune effector process,BP,0.006974985043601487
GO:0002699,0.0045565476336564235,1,1,1,positive regulation of immune effector process,BP,0.006974985043601487
GO:0002700,0.0045565476336564235,1,1,1,regulation of production of molecular mediator of immune response,BP,0.006974985043601487
GO:0002702,0.0045565476336564235,1,1,1,positive regulation of production of molecular mediator of immune response,BP,0.006974985043601487
GO:0002703,0.0045565476336564235,1,1,1,regulation of leukocyte mediated immunity,BP,0.006974985043601487
GO:0002705,0.0045565476336564235,1,1,1,positive regulation of leukocyte mediated immunity,BP,0.006974985043601487
GO:0002706,0.0045565476336564235,1,1,1,regulation of lymphocyte mediated immunity,BP,0.006974985043601487
GO:0002708,0.0045565476336564235,1,1,1,positive regulation of lymphocyte mediated immunity,BP,0.006974985043601487
GO:0002712,0.0045565476336564235,1,1,1,regulation of B cell mediated immunity,BP,0.006974985043601487
GO:0002714,0.0045565476336564235,1,1,1,positive regulation of B cell mediated immunity,BP,0.006974985043601487
GO:0002819,0.0045565476336564235,1,1,1,regulation of adaptive immune response,BP,0.006974985043601487
GO:0002821,0.0045565476336564235,1,1,1,positive regulation of adaptive immune response,BP,0.006974985043601487
GO:0002822,0.0045565476336564235,1,1,1,regulation of adaptive immune response based on somatic recombination of immune receptors built from immunoglobulin superfamily domains,BP,0.006974985043601487
GO:0002824,0.0045565476336564235,1,1,1,positive regulation of adaptive immune response based on somatic recombination of immune receptors built from immunoglobulin superfamily domains,BP,0.006974985043601487
GO:0002889,0.0045565476336564235,1,1,1,regulation of immunoglobulin mediated immune response,BP,0.006974985043601487
GO:0002891,0.0045565476336564235,1,1,1,positive regulation of immunoglobulin mediated immune response,BP,0.006974985043601487
GO:0006275,0.0045565476336564235,1,1,1,regulation of DNA replication,BP,0.006974985043601487
GO:0006310,0.0045565476336564235,1,1,1,DNA recombination,BP,0.006974985043601487
GO:0007095,0.0045565476336564235,1,1,1,mitotic G2 DNA damage checkpoint signaling,BP,0.006974985043601487
GO:0008156,0.0045565476336564235,1,1,1,negative regulation of DNA replication,BP,0.006974985043601487
GO:0009411,0.0045565476336564235,1,1,1,response to UV,BP,0.006974985043601487
GO:0009416,0.0045565476336564235,1,1,1,response to light stimulus,BP,0.006974985043601487
GO:0010389,0.0045565476336564235,1,1,1,regulation of G2/M transition of mitotic cell cycle,BP,0.006974985043601487
GO:0010972,0.0045565476336564235,1,1,1,negative regulation of G2/M transition of mitotic cell cycle,BP,0.006974985043601487
GO:0016064,0.0045565476336564235,1,1,1,immunoglobulin mediated immune response,BP,0.006974985043601487
GO:0016444,0.0045565476336564235,1,1,1,somatic cell DNA recombination,BP,0.006974985043601487
GO:0016445,0.0045565476336564235,1,1,1,somatic diversification of immunoglobulins,BP,0.006974985043601487
GO:0016446,0.0045565476336564235,1,1,1,somatic hypermutation of immunoglobulin genes,BP,0.006974985043601487
GO:0016447,0.0045565476336564235,1,1,1,somatic recombination of immunoglobulin gene segments,BP,0.006974985043601487
GO:0019724,0.0045565476336564235,1,1,1,B cell mediated immunity,BP,0.006974985043601487
GO:0030888,0.0045565476336564235,1,1,1,regulation of B cell proliferation,BP,0.006974985043601487
GO:0030890,0.0045565476336564235,1,1,1,positive regulation of B cell proliferation,BP,0.006974985043601487
GO:0032875,0.0045565476336564235,1,1,1,regulation of DNA endoreduplication,BP,0.006974985043601487
GO:0032876,0.0045565476336564235,1,1,1,negative regulation of DNA endoreduplication,BP,0.006974985043601487
GO:0032944,0.0045565476336564235,1,1,1,regulation of mononuclear cell proliferation,BP,0.006974985043601487
GO:0032946,0.0045565476336564235,1,1,1,positive regulation of mononuclear cell proliferation,BP,0.006974985043601487
GO:0042113,0.0045565476336564235,1,1,1,B cell activation,BP,0.006974985043601487
GO:0043570,0.0045565476336564235,1,1,1,maintenance of DNA repeat elements,BP,0.006974985043601487
GO:0044818,0.0045565476336564235,1,1,1,mitotic G2/M transition checkpoint,BP,0.006974985043601487
GO:0045190,0.0045565476336564235,1,1,1,isotype switching,BP,0.006974985043601487
GO:0045191,0.0045565476336564235,1,1,1,regulation of isotype switching,BP,0.006974985043601487
GO:0045830,0.0045565476336564235,1,1,1,positive regulation of isotype switching,BP,0.006974985043601487
GO:0045910,0.0045565476336564235,1,1,1,negative regulation of DNA recombination,BP,0.006974985043601487
GO:0045911,0.0045565476336564235,1,1,1,positive regulation of DNA recombination,BP,0.006974985043601487
GO:0050670,0.0045565476336564235,1,1,1,regulation of lymphocyte proliferation,BP,0.006974985043601487
GO:0050671,0.0045565476336564235,1,1,1,positive regulation of lymphocyte proliferation,BP,0.006974985043601487
GO:0050864,0.0045565476336564235,1,1,1,regulation of B cell activation,BP,0.006974985043601487
GO:0050865,0.0045565476336564235,1,1,1,regulation of cell activation,BP,0.006974985043601487
GO:0050867,0.0045565476336564235,1,1,1,positive regulation of cell activation,BP,0.006974985043601487
GO:0050871,0.0045565476336564235,1,1,1,positive regulation of B cell activation,BP,0.006974985043601487
GO:0051052,0.0045565476336564235,1,1,1,regulation of DNA metabolic process,BP,0.006974985043601487
GO:0051053,0.0045565476336564235,1,1,1,negative regulation of DNA metabolic process,BP,0.006974985043601487
GO:0051054,0.0045565476336564235,1,1,1,positive regulation of DNA metabolic process,BP,0.006974985043601487
GO:0051095,0.0045565476336564235,1,1,1,regulation of helicase activity,BP,0.006974985043601487
GO:0051096,0.0045565476336564235,1,1,1,positive regulation of helicase activity,BP,0.006974985043601487
GO:0051249,0.0045565476336564235,1,1,1,regulation of lymphocyte activation,BP,0.006974985043601487
GO:0051251,0.0045565476336564235,1,1,1,positive regulation of lymphocyte activation,BP,0.006974985043601487
GO:0070663,0.0045565476336564235,1,1,1,regulation of leukocyte proliferation,BP,0.006974985043601487
GO:0070665,0.0045565476336564235,1,1,1,positive regulation of leukocyte proliferation,BP,0.006974985043601487
GO:0090329,0.0045565476336564235,1,1,1,regulation of DNA-templated DNA replication,BP,0.006974985043601487
GO:1902749,0.0045565476336564235,1,1,1,regulation of cell cycle G2/M phase transition,BP,0.006974985043601487
GO:1902750,0.0045565476336564235,1,1,1,negative regulation of cell cycle G2/M phase transition,BP,0.006974985043601487
GO:2000104,0.0045565476336564235,1,1,1,negative regulation of DNA-templated DNA replication,BP,0.006974985043601487
GO:0006935,0.00456009314354871,1,1,1,chemotaxis,BP,0.006974985043601487
GO:0007411,0.00456009314354871,1,1,1,axon guidance,BP,0.006974985043601487
GO:0042330,0.00456009314354871,1,1,1,taxis,BP,0.006974985043601487
GO:0097485,0.00456009314354871,1,1,1,neuron projection guidance,BP,0.006974985043601487
GO:0006631,0.004595863667525818,1,1,1,fatty acid metabolic process,BP,0.006974985043601487
GO:0006644,0.004595863667525818,1,1,1,phospholipid metabolic process,BP,0.006974985043601487
GO:0006690,0.004595863667525818,1,1,1,icosanoid metabolic process,BP,0.006974985043601487
GO:0006692,0.004595863667525818,1,1,1,prostanoid metabolic process,BP,0.006974985043601487
GO:0006693,0.004595863667525818,1,1,1,prostaglandin metabolic process,BP,0.006974985043601487
GO:0006954,0.004595863667525818,1,1,1,inflammatory response,BP,0.006974985043601487
GO:0010518,0.004595863667525818,1,1,1,positive regulation of phospholipase activity,BP,0.006974985043601487
GO:0010976,0.004595863667525818,1,1,1,positive regulation of neuron projection development,BP,0.006974985043601487
GO:0010992,0.004595863667525818,1,1,1,ubiquitin recycling,BP,0.006974985043601487
GO:0030307,0.004595863667525818,1,1,1,positive regulation of cell growth,BP,0.006974985043601487
GO:0032429,0.004595863667525818,1,1,1,regulation of phospholipase A2 activity,BP,0.006974985043601487
GO:0032430,0.004595863667525818,1,1,1,positive regulation of phospholipase A2 activity,BP,0.006974985043601487
GO:0032787,0.004595863667525818,1,1,1,monocarboxylic acid metabolic process,BP,0.006974985043601487
GO:0033559,0.004595863667525818,1,1,1,unsaturated fatty acid metabolic process,BP,0.006974985043601487
GO:0043162,0.004595863667525818,1,1,1,ubiquitin-dependent protein catabolic process via the multivesicular body sorting pathway,BP,0.006974985043601487
GO:0045666,0.004595863667525818,1,1,1,positive regulation of neuron differentiation,BP,0.006974985043601487
GO:0060193,0.004595863667525818,1,1,1,positive regulation of lipase activity,BP,0.006974985043601487
GO:1900044,0.004595863667525818,1,1,1,regulation of protein K63-linked ubiquitination,BP,0.006974985043601487
GO:1900045,0.004595863667525818,1,1,1,negative regulation of protein K63-linked ubiquitination,BP,0.006974985043601487
GO:1901568,0.004595863667525818,1,1,1,fatty acid derivative metabolic process,BP,0.006974985043601487
GO:1902914,0.004595863667525818,1,1,1,regulation of protein polyubiquitination,BP,0.006974985043601487
GO:1902915,0.004595863667525818,1,1,1,negative regulation of protein polyubiquitination,BP,0.006974985043601487
GO:1903421,0.004595863667525818,1,1,1,regulation of synaptic vesicle recycling,BP,0.006974985043601487
GO:1903423,0.004595863667525818,1,1,1,positive regulation of synaptic vesicle recycling,BP,0.006974985043601487
GO:1903859,0.004595863667525818,1,1,1,regulation of dendrite extension,BP,0.006974985043601487
GO:1903861,0.004595863667525818,1,1,1,positive regulation of dendrite extension,BP,0.006974985043601487
GO:2001222,0.004595863667525818,1,1,1,regulation of neuron migration,BP,0.006974985043601487
GO:2001224,0.004595863667525818,1,1,1,positive regulation of neuron migration,BP,0.006974985043601487
GO:0000002,0.004622337441105382,1,1,1,mitochondrial genome maintenance,BP,0.006974985043601487
GO:0006414,0.004622337441105382,1,1,1,translational elongation,BP,0.006974985043601487
GO:0007005,0.004622337441105382,1,1,1,mitochondrion organization,BP,0.006974985043601487
GO:0032543,0.004622337441105382,1,1,1,mitochondrial translation,BP,0.006974985043601487
GO:0070125,0.004622337441105382,1,1,1,mitochondrial translational elongation,BP,0.006974985043601487
GO:0070126,0.004622337441105382,1,1,1,mitochondrial translational termination,BP,0.006974985043601487
GO:1990823,0.004622337441105382,1,1,1,response to leukemia inhibitory factor,BP,0.006974985043601487
GO:1990830,0.004622337441105382,1,1,1,cellular response to leukemia inhibitory factor,BP,0.006974985043601487
GO:0006814,0.004655903147908656,1,1,1,sodium ion transport,BP,0.006974985043601487
GO:0035725,0.004655903147908656,1,1,1,sodium ion transmembrane transport,BP,0.006974985043601487
GO:0001878,0.00479593218244005,1,1,1,response to yeast,BP,0.006974985043601487
GO:0002576,0.00479593218244005,1,1,1,platelet degranulation,BP,0.006974985043601487
GO:0005975,0.00479593218244005,1,1,1,carbohydrate metabolic process,BP,0.006974985043601487
GO:0005996,0.00479593218244005,1,1,1,monosaccharide metabolic process,BP,0.006974985043601487
GO:0006766,0.00479593218244005,1,1,1,vitamin metabolic process,BP,0.006974985043601487
GO:0006767,0.00479593218244005,1,1,1,water-soluble vitamin metabolic process,BP,0.006974985043601487
GO:0006820,0.00479593218244005,1,1,1,anion transport,BP,0.006974985043601487
GO:0009620,0.00479593218244005,1,1,1,response to fungus,BP,0.006974985043601487
GO:0010883,0.00479593218244005,1,1,1,regulation of lipid storage,BP,0.006974985043601487
GO:0015701,0.00479593218244005,1,1,1,bicarbonate transport,BP,0.006974985043601487
GO:0015711,0.00479593218244005,1,1,1,organic anion transport,BP,0.006974985043601487
GO:0019852,0.00479593218244005,1,1,1,L-ascorbic acid metabolic process,BP,0.006974985043601487
GO:1905952,0.00479593218244005,1,1,1,regulation of lipid localization,BP,0.006974985043601487
GO:0051148,0.004815319694180346,1,1,1,negative regulation of muscle cell differentiation,BP,0.006974985043601487
GO:0051150,0.004815319694180346,1,1,1,regulation of smooth muscle cell differentiation,BP,0.006974985043601487
GO:0051151,0.004815319694180346,1,1,1,negative regulation of smooth muscle cell differentiation,BP,0.006974985043601487
GO:0000165,0.004892563089738303,1,1,1,MAPK cascade,BP,0.006974985043601487
GO:0001889,0.004892563089738303,1,1,1,liver development,BP,0.006974985043601487
GO:0001890,0.004892563089738303,1,1,1,placenta development,BP,0.006974985043601487
GO:0001892,0.004892563089738303,1,1,1,embryonic placenta development,BP,0.006974985043601487
GO:0001961,0.004892563089738303,1,1,1,positive regulation of cytokine-mediated signaling pathway,BP,0.006974985043601487
GO:0002088,0.004892563089738303,1,1,1,lens development in camera-type eye,BP,0.006974985043601487
GO:0002154,0.004892563089738303,1,1,1,thyroid hormone mediated signaling pathway,BP,0.006974985043601487
GO:0002262,0.004892563089738303,1,1,1,myeloid cell homeostasis,BP,0.006974985043601487
GO:0002573,0.004892563089738303,1,1,1,myeloid leukocyte differentiation,BP,0.006974985043601487
GO:0003222,0.004892563089738303,1,1,1,ventricular trabecula myocardium morphogenesis,BP,0.006974985043601487
GO:0003229,0.004892563089738303,1,1,1,ventricular cardiac muscle tissue development,BP,0.006974985043601487
GO:0003401,0.004892563089738303,1,1,1,axis elongation,BP,0.006974985043601487
GO:0003406,0.004892563089738303,1,1,1,retinal pigment epithelium development,BP,0.006974985043601487
GO:0006356,0.004892563089738303,1,1,1,regulation of transcription by RNA polymerase I,BP,0.006974985043601487
GO:0006575,0.004892563089738303,1,1,1,cellular modified amino acid metabolic process,BP,0.006974985043601487
GO:0006590,0.004892563089738303,1,1,1,thyroid hormone generation,BP,0.006974985043601487
GO:0006694,0.004892563089738303,1,1,1,steroid biosynthetic process,BP,0.006974985043601487
GO:0006702,0.004892563089738303,1,1,1,androgen biosynthetic process,BP,0.006974985043601487
GO:0007565,0.004892563089738303,1,1,1,female pregnancy,BP,0.006974985043601487
GO:0007589,0.004892563089738303,1,1,1,body fluid secretion,BP,0.006974985043601487
GO:0007595,0.004892563089738303,1,1,1,lactation,BP,0.006974985043601487
GO:0008202,0.004892563089738303,1,1,1,steroid metabolic process,BP,0.006974985043601487
GO:0008209,0.004892563089738303,1,1,1,androgen metabolic process,BP,0.006974985043601487
GO:0009299,0.004892563089738303,1,1,1,mRNA transcription,BP,0.006974985043601487
GO:0010837,0.004892563089738303,1,1,1,regulation of keratinocyte proliferation,BP,0.006974985043601487
GO:0010839,0.004892563089738303,1,1,1,negative regulation of keratinocyte proliferation,BP,0.006974985043601487
GO:0018958,0.004892563089738303,1,1,1,phenol-containing compound metabolic process,BP,0.006974985043601487
GO:0022612,0.004892563089738303,1,1,1,gland morphogenesis,BP,0.006974985043601487
GO:0030099,0.004892563089738303,1,1,1,myeloid cell differentiation,BP,0.006974985043601487
GO:0030218,0.004892563089738303,1,1,1,erythrocyte differentiation,BP,0.006974985043601487
GO:0030219,0.004892563089738303,1,1,1,megakaryocyte differentiation,BP,0.006974985043601487
GO:0030224,0.004892563089738303,1,1,1,monocyte differentiation,BP,0.006974985043601487
GO:0030518,0.004892563089738303,1,1,1,intracellular steroid hormone receptor signaling pathway,BP,0.006974985043601487
GO:0030521,0.004892563089738303,1,1,1,androgen receptor signaling pathway,BP,0.006974985043601487
GO:0031100,0.004892563089738303,1,1,1,animal organ regeneration,BP,0.006974985043601487
GO:0031349,0.004892563089738303,1,1,1,positive regulation of defense response,BP,0.006974985043601487
GO:0032104,0.004892563089738303,1,1,1,regulation of response to extracellular stimulus,BP,0.006974985043601487
GO:0032107,0.004892563089738303,1,1,1,regulation of response to nutrient levels,BP,0.006974985043601487
GO:0033145,0.004892563089738303,1,1,1,positive regulation of intracellular steroid hormone receptor signaling pathway,BP,0.006974985043601487
GO:0033148,0.004892563089738303,1,1,1,positive regulation of intracellular estrogen receptor signaling pathway,BP,0.006974985043601487
GO:0033598,0.004892563089738303,1,1,1,mammary gland epithelial cell proliferation,BP,0.006974985043601487
GO:0033599,0.004892563089738303,1,1,1,regulation of mammary gland epithelial cell proliferation,BP,0.006974985043601487
GO:0033601,0.004892563089738303,1,1,1,positive regulation of mammary gland epithelial cell proliferation,BP,0.006974985043601487
GO:0034101,0.004892563089738303,1,1,1,erythrocyte homeostasis,BP,0.006974985043601487
GO:0034754,0.004892563089738303,1,1,1,cellular hormone metabolic process,BP,0.006974985043601487
GO:0035162,0.004892563089738303,1,1,1,embryonic hemopoiesis,BP,0.006974985043601487
GO:0035357,0.004892563089738303,1,1,1,peroxisome proliferator activated receptor signaling pathway,BP,0.006974985043601487
GO:0035728,0.004892563089738303,1,1,1,response to hepatocyte growth factor,BP,0.006974985043601487
GO:0035729,0.004892563089738303,1,1,1,cellular response to hepatocyte growth factor stimulus,BP,0.006974985043601487
GO:0035855,0.004892563089738303,1,1,1,megakaryocyte development,BP,0.006974985043601487
GO:0042307,0.004892563089738303,1,1,1,positive regulation of protein import into nucleus,BP,0.006974985043601487
GO:0042403,0.004892563089738303,1,1,1,thyroid hormone metabolic process,BP,0.006974985043601487
GO:0042445,0.004892563089738303,1,1,1,hormone metabolic process,BP,0.006974985043601487
GO:0042446,0.004892563089738303,1,1,1,hormone biosynthetic process,BP,0.006974985043601487
GO:0042695,0.004892563089738303,1,1,1,thelarche,BP,0.006974985043601487
GO:0042789,0.004892563089738303,1,1,1,mRNA transcription by RNA polymerase II,BP,0.006974985043601487
GO:0043353,0.004892563089738303,1,1,1,enucleate erythrocyte differentiation,BP,0.006974985043601487
GO:0043401,0.004892563089738303,1,1,1,steroid hormone mediated signaling pathway,BP,0.006974985043601487
GO:0044706,0.004892563089738303,1,1,1,multi-multicellular organism process,BP,0.006974985043601487
GO:0045089,0.004892563089738303,1,1,1,positive regulation of innate immune response,BP,0.006974985043601487
GO:0045136,0.004892563089738303,1,1,1,development of secondary sexual characteristics,BP,0.006974985043601487
GO:0045444,0.004892563089738303,1,1,1,fat cell differentiation,BP,0.006974985043601487
GO:0045604,0.004892563089738303,1,1,1,regulation of epidermal cell differentiation,BP,0.006974985043601487
GO:0045606,0.004892563089738303,1,1,1,positive regulation of epidermal cell differentiation,BP,0.006974985043601487
GO:0045616,0.004892563089738303,1,1,1,regulation of keratinocyte differentiation,BP,0.006974985043601487
GO:0045618,0.004892563089738303,1,1,1,positive regulation of keratinocyte differentiation,BP,0.006974985043601487
GO:0045639,0.004892563089738303,1,1,1,positive regulation of myeloid cell differentiation,BP,0.006974985043601487
GO:0045646,0.004892563089738303,1,1,1,regulation of erythrocyte differentiation,BP,0.006974985043601487
GO:0045648,0.004892563089738303,1,1,1,positive regulation of erythrocyte differentiation,BP,0.006974985043601487
GO:0045665,0.004892563089738303,1,1,1,negative regulation of neuron differentiation,BP,0.006974985043601487
GO:0045682,0.004892563089738303,1,1,1,regulation of epidermis development,BP,0.006974985043601487
GO:0045684,0.004892563089738303,1,1,1,positive regulation of epidermis development,BP,0.006974985043601487
GO:0046543,0.004892563089738303,1,1,1,development of secondary female sexual characteristics,BP,0.006974985043601487
GO:0046824,0.004892563089738303,1,1,1,positive regulation of nucleocytoplasmic transport,BP,0.006974985043601487
GO:0048821,0.004892563089738303,1,1,1,erythrocyte development,BP,0.006974985043601487
GO:0048822,0.004892563089738303,1,1,1,enucleate erythrocyte development,BP,0.006974985043601487
GO:0048872,0.004892563089738303,1,1,1,homeostasis of number of cells,BP,0.006974985043601487
GO:0050673,0.004892563089738303,1,1,1,epithelial cell proliferation,BP,0.006974985043601487
GO:0050679,0.004892563089738303,1,1,1,positive regulation of epithelial cell proliferation,BP,0.006974985043601487
GO:0055010,0.004892563089738303,1,1,1,ventricular cardiac muscle tissue morphogenesis,BP,0.006974985043601487
GO:0060135,0.004892563089738303,1,1,1,maternal process involved in female pregnancy,BP,0.006974985043601487
GO:0060330,0.004892563089738303,1,1,1,regulation of response to interferon-gamma,BP,0.006974985043601487
GO:0060332,0.004892563089738303,1,1,1,positive regulation of response to interferon-gamma,BP,0.006974985043601487
GO:0060334,0.004892563089738303,1,1,1,regulation of interferon-gamma-mediated signaling pathway,BP,0.006974985043601487
GO:0060335,0.004892563089738303,1,1,1,positive regulation of interferon-gamma-mediated signaling pathway,BP,0.006974985043601487
GO:0060443,0.004892563089738303,1,1,1,mammary gland morphogenesis,BP,0.006974985043601487
GO:0060444,0.004892563089738303,1,1,1,branching involved in mammary gland duct morphogenesis,BP,0.006974985043601487
GO:0060560,0.004892563089738303,1,1,1,developmental growth involved in morphogenesis,BP,0.006974985043601487
GO:0060602,0.004892563089738303,1,1,1,branch elongation of an epithelium,BP,0.006974985043601487
GO:0060603,0.004892563089738303,1,1,1,mammary gland duct morphogenesis,BP,0.006974985043601487
GO:0060744,0.004892563089738303,1,1,1,mammary gland branching involved in thelarche,BP,0.006974985043601487
GO:0060745,0.004892563089738303,1,1,1,mammary gland branching involved in pregnancy,BP,0.006974985043601487
GO:0060750,0.004892563089738303,1,1,1,epithelial cell proliferation involved in mammary gland duct elongation,BP,0.006974985043601487
GO:0060751,0.004892563089738303,1,1,1,branch elongation involved in mammary gland duct branching,BP,0.006974985043601487
GO:0060760,0.004892563089738303,1,1,1,positive regulation of response to cytokine stimulus,BP,0.006974985043601487
GO:0061008,0.004892563089738303,1,1,1,hepaticobiliary system development,BP,0.006974985043601487
GO:0061515,0.004892563089738303,1,1,1,myeloid cell development,BP,0.006974985043601487
GO:0070316,0.004892563089738303,1,1,1,regulation of G0 to G1 transition,BP,0.006974985043601487
GO:0070318,0.004892563089738303,1,1,1,positive regulation of G0 to G1 transition,BP,0.006974985043601487
GO:0070371,0.004892563089738303,1,1,1,ERK1 and ERK2 cascade,BP,0.006974985043601487
GO:0070562,0.004892563089738303,1,1,1,regulation of vitamin D receptor signaling pathway,BP,0.006974985043601487
GO:0070849,0.004892563089738303,1,1,1,response to epidermal growth factor,BP,0.006974985043601487
GO:0071364,0.004892563089738303,1,1,1,cellular response to epidermal growth factor stimulus,BP,0.006974985043601487
GO:0071383,0.004892563089738303,1,1,1,cellular response to steroid hormone stimulus,BP,0.006974985043601487
GO:0090316,0.004892563089738303,1,1,1,positive regulation of intracellular protein transport,BP,0.006974985043601487
GO:0097067,0.004892563089738303,1,1,1,cellular response to thyroid hormone stimulus,BP,0.006974985043601487
GO:0098751,0.004892563089738303,1,1,1,bone cell development,BP,0.006974985043601487
GO:1900182,0.004892563089738303,1,1,1,positive regulation of protein localization to nucleus,BP,0.006974985043601487
GO:1903131,0.004892563089738303,1,1,1,mononuclear cell differentiation,BP,0.006974985043601487
GO:1903708,0.004892563089738303,1,1,1,positive regulation of hemopoiesis,BP,0.006974985043601487
GO:1904591,0.004892563089738303,1,1,1,positive regulation of protein import,BP,0.006974985043601487
GO:2000273,0.004892563089738303,1,1,1,positive regulation of signaling receptor activity,BP,0.006974985043601487
GO:2000345,0.004892563089738303,1,1,1,regulation of hepatocyte proliferation,BP,0.006974985043601487
GO:2000347,0.004892563089738303,1,1,1,positive regulation of hepatocyte proliferation,BP,0.006974985043601487
GO:0070828,0.004917158219183603,1,1,1,heterochromatin organization,BP,0.006974985043601487
GO:0006816,0.005064299594507066,1,1,1,calcium ion transport,BP,0.006974985043601487
GO:0048820,0.005064299594507066,1,1,1,hair follicle maturation,BP,0.006974985043601487
GO:0070588,0.005064299594507066,1,1,1,calcium ion transmembrane transport,BP,0.006974985043601487
GO:0071695,0.005064299594507066,1,1,1,anatomical structure maturation,BP,0.006974985043601487
GO:0002683,0.005080864379851337,1,1,1,negative regulation of immune system process,BP,0.006974985043601487
GO:0006354,0.005080864379851337,1,1,1,DNA-templated transcription elongation,BP,0.006974985043601487
GO:0006368,0.005080864379851337,1,1,1,transcription elongation by RNA polymerase II promoter,BP,0.006974985043601487
GO:0006378,0.005080864379851337,1,1,1,mRNA polyadenylation,BP,0.006974985043601487
GO:0006397,0.005080864379851337,1,1,1,mRNA processing,BP,0.006974985043601487
GO:0006513,0.005080864379851337,1,1,1,protein monoubiquitination,BP,0.006974985043601487
GO:0007472,0.005080864379851337,1,1,1,wing disc morphogenesis,BP,0.006974985043601487
GO:0007476,0.005080864379851337,1,1,1,imaginal disc-derived wing morphogenesis,BP,0.006974985043601487
GO:0007478,0.005080864379851337,1,1,1,leg disc morphogenesis,BP,0.006974985043601487
GO:0007480,0.005080864379851337,1,1,1,imaginal disc-derived leg morphogenesis,BP,0.006974985043601487
GO:0007552,0.005080864379851337,1,1,1,metamorphosis,BP,0.006974985043601487
GO:0007560,0.005080864379851337,1,1,1,imaginal disc morphogenesis,BP,0.006974985043601487
GO:0008407,0.005080864379851337,1,1,1,chaeta morphogenesis,BP,0.006974985043601487
GO:0008586,0.005080864379851337,1,1,1,imaginal disc-derived wing vein morphogenesis,BP,0.006974985043601487
GO:0008587,0.005080864379851337,1,1,1,imaginal disc-derived wing margin morphogenesis,BP,0.006974985043601487
GO:0008589,0.005080864379851337,1,1,1,regulation of smoothened signaling pathway,BP,0.006974985043601487
GO:0010390,0.005080864379851337,1,1,1,histone monoubiquitination,BP,0.006974985043601487
GO:0016570,0.005080864379851337,1,1,1,histone modification,BP,0.006974985043601487
GO:0016574,0.005080864379851337,1,1,1,histone ubiquitination,BP,0.006974985043601487
GO:0022416,0.005080864379851337,1,1,1,chaeta development,BP,0.006974985043601487
GO:0031123,0.005080864379851337,1,1,1,RNA 3'-end processing,BP,0.006974985043601487
GO:0031124,0.005080864379851337,1,1,1,mRNA 3'-end processing,BP,0.006974985043601487
GO:0031440,0.005080864379851337,1,1,1,regulation of mRNA 3'-end processing,BP,0.006974985043601487
GO:0031442,0.005080864379851337,1,1,1,positive regulation of mRNA 3'-end processing,BP,0.006974985043601487
GO:0031648,0.005080864379851337,1,1,1,protein destabilization,BP,0.006974985043601487
GO:0032784,0.005080864379851337,1,1,1,regulation of DNA-templated transcription elongation,BP,0.006974985043601487
GO:0032786,0.005080864379851337,1,1,1,"positive regulation of DNA-templated transcription, elongation",BP,0.006974985043601487
GO:0032968,0.005080864379851337,1,1,1,positive regulation of transcription elongation by RNA polymerase II,BP,0.006974985043601487
GO:0033523,0.005080864379851337,1,1,1,histone H2B ubiquitination,BP,0.006974985043601487
GO:0034243,0.005080864379851337,1,1,1,regulation of transcription elongation by RNA polymerase II,BP,0.006974985043601487
GO:0034402,0.005080864379851337,1,1,1,recruitment of 3'-end processing factors to RNA polymerase II holoenzyme complex,BP,0.006974985043601487
GO:0035114,0.005080864379851337,1,1,1,imaginal disc-derived appendage morphogenesis,BP,0.006974985043601487
GO:0035120,0.005080864379851337,1,1,1,post-embryonic appendage morphogenesis,BP,0.006974985043601487
GO:0035218,0.005080864379851337,1,1,1,leg disc development,BP,0.006974985043601487
GO:0035220,0.005080864379851337,1,1,1,wing disc development,BP,0.006974985043601487
GO:0043631,0.005080864379851337,1,1,1,RNA polyadenylation,BP,0.006974985043601487
GO:0045638,0.005080864379851337,1,1,1,negative regulation of myeloid cell differentiation,BP,0.006974985043601487
GO:0045880,0.005080864379851337,1,1,1,positive regulation of smoothened signaling pathway,BP,0.006974985043601487
GO:0048145,0.005080864379851337,1,1,1,regulation of fibroblast proliferation,BP,0.006974985043601487
GO:0048147,0.005080864379851337,1,1,1,negative regulation of fibroblast proliferation,BP,0.006974985043601487
GO:0048563,0.005080864379851337,1,1,1,post-embryonic animal organ morphogenesis,BP,0.006974985043601487
GO:0048707,0.005080864379851337,1,1,1,instar larval or pupal morphogenesis,BP,0.006974985043601487
GO:0048737,0.005080864379851337,1,1,1,imaginal disc-derived appendage development,BP,0.006974985043601487
GO:0050684,0.005080864379851337,1,1,1,regulation of mRNA processing,BP,0.006974985043601487
GO:0050685,0.005080864379851337,1,1,1,positive regulation of mRNA processing,BP,0.006974985043601487
GO:1901989,0.005080864379851337,1,1,1,positive regulation of cell cycle phase transition,BP,0.006974985043601487
GO:1902808,0.005080864379851337,1,1,1,positive regulation of cell cycle G1/S phase transition,BP,0.006974985043601487
GO:1903311,0.005080864379851337,1,1,1,regulation of mRNA metabolic process,BP,0.006974985043601487
GO:1903313,0.005080864379851337,1,1,1,positive regulation of mRNA metabolic process,BP,0.006974985043601487
GO:1903707,0.005080864379851337,1,1,1,negative regulation of hemopoiesis,BP,0.006974985043601487
GO:1904837,0.005080864379851337,1,1,1,beta-catenin-TCF complex assembly,BP,0.006974985043601487
GO:0034656,0.005101532691997306,1,1,1,nucleobase-containing small molecule catabolic process,BP,0.006974985043601487
GO:0044282,0.005101532691997306,1,1,1,small molecule catabolic process,BP,0.006974985043601487
GO:0001817,0.005236090476115742,1,1,1,regulation of cytokine production,BP,0.006974985043601487
GO:0001818,0.005236090476115742,1,1,1,negative regulation of cytokine production,BP,0.006974985043601487
GO:0006066,0.005236090476115742,1,1,1,alcohol metabolic process,BP,0.006974985043601487
GO:0006643,0.005236090476115742,1,1,1,membrane lipid metabolic process,BP,0.006974985043601487
GO:0006664,0.005236090476115742,1,1,1,glycolipid metabolic process,BP,0.006974985043601487
GO:0006665,0.005236090476115742,1,1,1,sphingolipid metabolic process,BP,0.006974985043601487
GO:0006670,0.005236090476115742,1,1,1,sphingosine metabolic process,BP,0.006974985043601487
GO:0006672,0.005236090476115742,1,1,1,ceramide metabolic process,BP,0.006974985043601487
GO:0006677,0.005236090476115742,1,1,1,glycosylceramide metabolic process,BP,0.006974985043601487
GO:0006678,0.005236090476115742,1,1,1,glucosylceramide metabolic process,BP,0.006974985043601487
GO:0006680,0.005236090476115742,1,1,1,glucosylceramide catabolic process,BP,0.006974985043601487
GO:0006687,0.005236090476115742,1,1,1,glycosphingolipid metabolic process,BP,0.006974985043601487
GO:0006986,0.005236090476115742,1,1,1,response to unfolded protein,BP,0.006974985043601487
GO:0007033,0.005236090476115742,1,1,1,vacuole organization,BP,0.006974985043601487
GO:0007611,0.005236090476115742,1,1,1,learning or memory,BP,0.006974985043601487
GO:0007613,0.005236090476115742,1,1,1,memory,BP,0.006974985043601487
GO:0007626,0.005236090476115742,1,1,1,locomotory behavior,BP,0.006974985043601487
GO:0008344,0.005236090476115742,1,1,1,adult locomotory behavior,BP,0.006974985043601487
GO:0009268,0.005236090476115742,1,1,1,response to pH,BP,0.006974985043601487
GO:0010506,0.005236090476115742,1,1,1,regulation of autophagy,BP,0.006974985043601487
GO:0010508,0.005236090476115742,1,1,1,positive regulation of autophagy,BP,0.006974985043601487
GO:0010821,0.005236090476115742,1,1,1,regulation of mitochondrion organization,BP,0.006974985043601487
GO:0010822,0.005236090476115742,1,1,1,positive regulation of mitochondrion organization,BP,0.006974985043601487
GO:0016042,0.005236090476115742,1,1,1,lipid catabolic process,BP,0.006974985043601487
GO:0016137,0.005236090476115742,1,1,1,glycoside metabolic process,BP,0.006974985043601487
GO:0016139,0.005236090476115742,1,1,1,glycoside catabolic process,BP,0.006974985043601487
GO:0016241,0.005236090476115742,1,1,1,regulation of macroautophagy,BP,0.006974985043601487
GO:0019377,0.005236090476115742,1,1,1,glycolipid catabolic process,BP,0.006974985043601487
GO:0019751,0.005236090476115742,1,1,1,polyol metabolic process,BP,0.006974985043601487
GO:0023021,0.005236090476115742,1,1,1,termination of signal transduction,BP,0.006974985043601487
GO:0030104,0.005236090476115742,1,1,1,water homeostasis,BP,0.006974985043601487
GO:0030148,0.005236090476115742,1,1,1,sphingolipid biosynthetic process,BP,0.006974985043601487
GO:0030149,0.005236090476115742,1,1,1,sphingolipid catabolic process,BP,0.006974985043601487
GO:0030534,0.005236090476115742,1,1,1,adult behavior,BP,0.006974985043601487
GO:0031333,0.005236090476115742,1,1,1,negative regulation of protein-containing complex assembly,BP,0.006974985043601487
GO:0031348,0.005236090476115742,1,1,1,negative regulation of defense response,BP,0.006974985043601487
GO:0031644,0.005236090476115742,1,1,1,regulation of nervous system process,BP,0.006974985043601487
GO:0031646,0.005236090476115742,1,1,1,positive regulation of nervous system process,BP,0.006974985043601487
GO:0031960,0.005236090476115742,1,1,1,response to corticosteroid,BP,0.006974985043601487
GO:0032102,0.005236090476115742,1,1,1,negative regulation of response to external stimulus,BP,0.006974985043601487
GO:0032459,0.005236090476115742,1,1,1,regulation of protein oligomerization,BP,0.006974985043601487
GO:0032460,0.005236090476115742,1,1,1,negative regulation of protein oligomerization,BP,0.006974985043601487
GO:0032462,0.005236090476115742,1,1,1,regulation of protein homooligomerization,BP,0.006974985043601487
GO:0032463,0.005236090476115742,1,1,1,negative regulation of protein homooligomerization,BP,0.006974985043601487
GO:0032675,0.005236090476115742,1,1,1,regulation of interleukin-6 production,BP,0.006974985043601487
GO:0032715,0.005236090476115742,1,1,1,negative regulation of interleukin-6 production,BP,0.006974985043601487
GO:0033561,0.005236090476115742,1,1,1,regulation of water loss via skin,BP,0.006974985043601487
GO:0033574,0.005236090476115742,1,1,1,response to testosterone,BP,0.006974985043601487
GO:0034311,0.005236090476115742,1,1,1,diol metabolic process,BP,0.006974985043601487
GO:0034312,0.005236090476115742,1,1,1,diol biosynthetic process,BP,0.006974985043601487
GO:0034612,0.005236090476115742,1,1,1,response to tumor necrosis factor,BP,0.006974985043601487
GO:0034620,0.005236090476115742,1,1,1,cellular response to unfolded protein,BP,0.006974985043601487
GO:0035303,0.005236090476115742,1,1,1,regulation of dephosphorylation,BP,0.006974985043601487
GO:0035304,0.005236090476115742,1,1,1,regulation of protein dephosphorylation,BP,0.006974985043601487
GO:0035306,0.005236090476115742,1,1,1,positive regulation of dephosphorylation,BP,0.006974985043601487
GO:0035307,0.005236090476115742,1,1,1,positive regulation of protein dephosphorylation,BP,0.006974985043601487
GO:0035966,0.005236090476115742,1,1,1,response to topologically incorrect protein,BP,0.006974985043601487
GO:0035967,0.005236090476115742,1,1,1,cellular response to topologically incorrect protein,BP,0.006974985043601487
GO:0042391,0.005236090476115742,1,1,1,regulation of membrane potential,BP,0.006974985043601487
GO:0043243,0.005236090476115742,1,1,1,positive regulation of protein-containing complex disassembly,BP,0.006974985043601487
GO:0043405,0.005236090476115742,1,1,1,regulation of MAP kinase activity,BP,0.006974985043601487
GO:0043407,0.005236090476115742,1,1,1,negative regulation of MAP kinase activity,BP,0.006974985043601487
GO:0043589,0.005236090476115742,1,1,1,skin morphogenesis,BP,0.006974985043601487
GO:0043627,0.005236090476115742,1,1,1,response to estrogen,BP,0.006974985043601487
GO:0044057,0.005236090476115742,1,1,1,regulation of system process,BP,0.006974985043601487
GO:0044242,0.005236090476115742,1,1,1,cellular lipid catabolic process,BP,0.006974985043601487
GO:0044283,0.005236090476115742,1,1,1,small molecule biosynthetic process,BP,0.006974985043601487
GO:0045760,0.005236090476115742,1,1,1,positive regulation of action potential,BP,0.006974985043601487
GO:0046165,0.005236090476115742,1,1,1,alcohol biosynthetic process,BP,0.006974985043601487
GO:0046173,0.005236090476115742,1,1,1,polyol biosynthetic process,BP,0.006974985043601487
GO:0046466,0.005236090476115742,1,1,1,membrane lipid catabolic process,BP,0.006974985043601487
GO:0046467,0.005236090476115742,1,1,1,membrane lipid biosynthetic process,BP,0.006974985043601487
GO:0046477,0.005236090476115742,1,1,1,glycosylceramide catabolic process,BP,0.006974985043601487
GO:0046479,0.005236090476115742,1,1,1,glycosphingolipid catabolic process,BP,0.006974985043601487
GO:0046512,0.005236090476115742,1,1,1,sphingosine biosynthetic process,BP,0.006974985043601487
GO:0046513,0.005236090476115742,1,1,1,ceramide biosynthetic process,BP,0.006974985043601487
GO:0046514,0.005236090476115742,1,1,1,ceramide catabolic process,BP,0.006974985043601487
GO:0046519,0.005236090476115742,1,1,1,sphingoid metabolic process,BP,0.006974985043601487
GO:0046520,0.005236090476115742,1,1,1,sphingoid biosynthetic process,BP,0.006974985043601487
GO:0048871,0.005236090476115742,1,1,1,multicellular organismal homeostasis,BP,0.006974985043601487
GO:0050727,0.005236090476115742,1,1,1,regulation of inflammatory response,BP,0.006974985043601487
GO:0050728,0.005236090476115742,1,1,1,negative regulation of inflammatory response,BP,0.006974985043601487
GO:0050746,0.005236090476115742,1,1,1,regulation of lipoprotein metabolic process,BP,0.006974985043601487
GO:0050747,0.005236090476115742,1,1,1,positive regulation of lipoprotein metabolic process,BP,0.006974985043601487
GO:0050877,0.005236090476115742,1,1,1,nervous system process,BP,0.006974985043601487
GO:0050890,0.005236090476115742,1,1,1,cognition,BP,0.006974985043601487
GO:0050891,0.005236090476115742,1,1,1,multicellular organismal water homeostasis,BP,0.006974985043601487
GO:0051384,0.005236090476115742,1,1,1,response to glucocorticoid,BP,0.006974985043601487
GO:0051969,0.005236090476115742,1,1,1,regulation of transmission of nerve impulse,BP,0.006974985043601487
GO:0051971,0.005236090476115742,1,1,1,positive regulation of transmission of nerve impulse,BP,0.006974985043601487
GO:0070050,0.005236090476115742,1,1,1,neuron cellular homeostasis,BP,0.006974985043601487
GO:0071356,0.005236090476115742,1,1,1,cellular response to tumor necrosis factor,BP,0.006974985043601487
GO:0071548,0.005236090476115742,1,1,1,response to dexamethasone,BP,0.006974985043601487
GO:0097164,0.005236090476115742,1,1,1,ammonium ion metabolic process,BP,0.006974985043601487
GO:0097327,0.005236090476115742,1,1,1,response to antineoplastic agent,BP,0.006974985043601487
GO:0098780,0.005236090476115742,1,1,1,response to mitochondrial depolarisation,BP,0.006974985043601487
GO:0098900,0.005236090476115742,1,1,1,regulation of action potential,BP,0.006974985043601487
GO:0098908,0.005236090476115742,1,1,1,regulation of neuronal action potential,BP,0.006974985043601487
GO:1901136,0.005236090476115742,1,1,1,carbohydrate derivative catabolic process,BP,0.006974985043601487
GO:1901617,0.005236090476115742,1,1,1,organic hydroxy compound biosynthetic process,BP,0.006974985043601487
GO:1901654,0.005236090476115742,1,1,1,response to ketone,BP,0.006974985043601487
GO:1901658,0.005236090476115742,1,1,1,glycosyl compound catabolic process,BP,0.006974985043601487
GO:1901804,0.005236090476115742,1,1,1,beta-glucoside metabolic process,BP,0.006974985043601487
GO:1901805,0.005236090476115742,1,1,1,beta-glucoside catabolic process,BP,0.006974985043601487
GO:1903059,0.005236090476115742,1,1,1,regulation of protein lipidation,BP,0.006974985043601487
GO:1903061,0.005236090476115742,1,1,1,positive regulation of protein lipidation,BP,0.006974985043601487
GO:1903146,0.005236090476115742,1,1,1,regulation of autophagy of mitochondrion,BP,0.006974985043601487
GO:1903509,0.005236090476115742,1,1,1,liposaccharide metabolic process,BP,0.006974985043601487
GO:1903599,0.005236090476115742,1,1,1,positive regulation of autophagy of mitochondrion,BP,0.006974985043601487
GO:1904350,0.005236090476115742,1,1,1,regulation of protein catabolic process in the vacuole,BP,0.006974985043601487
GO:1904457,0.005236090476115742,1,1,1,positive regulation of neuronal action potential,BP,0.006974985043601487
GO:1904923,0.005236090476115742,1,1,1,regulation of autophagy of mitochondrion in response to mitochondrial depolarization,BP,0.006974985043601487
GO:1904925,0.005236090476115742,1,1,1,positive regulation of autophagy of mitochondrion in response to mitochondrial depolarization,BP,0.006974985043601487
GO:1905037,0.005236090476115742,1,1,1,autophagosome organization,BP,0.006974985043601487
GO:1905165,0.005236090476115742,1,1,1,regulation of lysosomal protein catabolic process,BP,0.006974985043601487
GO:0000070,0.005245565398913468,1,1,1,mitotic sister chromatid segregation,BP,0.006974985043601487
GO:0000280,0.005245565398913468,1,1,1,nuclear division,BP,0.006974985043601487
GO:0007051,0.005245565398913468,1,1,1,spindle organization,BP,0.006974985043601487
GO:0007052,0.005245565398913468,1,1,1,mitotic spindle organization,BP,0.006974985043601487
GO:0007062,0.005245565398913468,1,1,1,sister chromatid cohesion,BP,0.006974985043601487
GO:0007064,0.005245565398913468,1,1,1,mitotic sister chromatid cohesion,BP,0.006974985043601487
GO:0007096,0.005245565398913468,1,1,1,regulation of exit from mitosis,BP,0.006974985043601487
GO:0007127,0.005245565398913468,1,1,1,meiosis I,BP,0.006974985043601487
GO:0007135,0.005245565398913468,1,1,1,meiosis II,BP,0.006974985043601487
GO:0007143,0.005245565398913468,1,1,1,female meiotic nuclear division,BP,0.006974985043601487
GO:0007144,0.005245565398913468,1,1,1,female meiosis I,BP,0.006974985043601487
GO:0007147,0.005245565398913468,1,1,1,female meiosis II,BP,0.006974985043601487
GO:0009948,0.005245565398913468,1,1,1,anterior/posterior axis specification,BP,0.006974985043601487
GO:0009949,0.005245565398913468,1,1,1,polarity specification of anterior/posterior axis,BP,0.006974985043601487
GO:0010939,0.005245565398913468,1,1,1,regulation of necrotic cell death,BP,0.006974985043601487
GO:0030718,0.005245565398913468,1,1,1,germ-line stem cell population maintenance,BP,0.006974985043601487
GO:0031145,0.005245565398913468,1,1,1,anaphase-promoting complex-dependent catabolic process,BP,0.006974985043601487
GO:0031398,0.005245565398913468,1,1,1,positive regulation of protein ubiquitination,BP,0.006974985043601487
GO:0031915,0.005245565398913468,1,1,1,positive regulation of synaptic plasticity,BP,0.006974985043601487
GO:0033206,0.005245565398913468,1,1,1,meiotic cytokinesis,BP,0.006974985043601487
GO:0040020,0.005245565398913468,1,1,1,regulation of meiotic nuclear division,BP,0.006974985043601487
GO:0040038,0.005245565398913468,1,1,1,polar body extrusion after meiotic divisions,BP,0.006974985043601487
GO:0044771,0.005245565398913468,1,1,1,meiotic cell cycle phase transition,BP,0.006974985043601487
GO:0044785,0.005245565398913468,1,1,1,metaphase/anaphase transition of meiotic cell cycle,BP,0.006974985043601487
GO:0048167,0.005245565398913468,1,1,1,regulation of synaptic plasticity,BP,0.006974985043601487
GO:0048285,0.005245565398913468,1,1,1,organelle fission,BP,0.006974985043601487
GO:0050803,0.005245565398913468,1,1,1,regulation of synapse structure or activity,BP,0.006974985043601487
GO:0050807,0.005245565398913468,1,1,1,regulation of synapse organization,BP,0.006974985043601487
GO:0051225,0.005245565398913468,1,1,1,spindle assembly,BP,0.006974985043601487
GO:0051347,0.005245565398913468,1,1,1,positive regulation of transferase activity,BP,0.006974985043601487
GO:0051438,0.005245565398913468,1,1,1,regulation of ubiquitin-protein transferase activity,BP,0.006974985043601487
GO:0051443,0.005245565398913468,1,1,1,positive regulation of ubiquitin-protein transferase activity,BP,0.006974985043601487
GO:0051445,0.005245565398913468,1,1,1,regulation of meiotic cell cycle,BP,0.006974985043601487
GO:0051446,0.005245565398913468,1,1,1,positive regulation of meiotic cell cycle,BP,0.006974985043601487
GO:0060281,0.005245565398913468,1,1,1,regulation of oocyte development,BP,0.006974985043601487
GO:0060282,0.005245565398913468,1,1,1,positive regulation of oocyte development,BP,0.006974985043601487
GO:0060547,0.005245565398913468,1,1,1,negative regulation of necrotic cell death,BP,0.006974985043601487
GO:0061983,0.005245565398913468,1,1,1,meiosis II cell cycle process,BP,0.006974985043601487
GO:0065001,0.005245565398913468,1,1,1,specification of axis polarity,BP,0.006974985043601487
GO:0090128,0.005245565398913468,1,1,1,regulation of synapse maturation,BP,0.006974985043601487
GO:0090129,0.005245565398913468,1,1,1,positive regulation of synapse maturation,BP,0.006974985043601487
GO:0090307,0.005245565398913468,1,1,1,mitotic spindle assembly,BP,0.006974985043601487
GO:0097150,0.005245565398913468,1,1,1,neuronal stem cell population maintenance,BP,0.006974985043601487
GO:0140013,0.005245565398913468,1,1,1,meiotic nuclear division,BP,0.006974985043601487
GO:0140014,0.005245565398913468,1,1,1,mitotic nuclear division,BP,0.006974985043601487
GO:1900193,0.005245565398913468,1,1,1,regulation of oocyte maturation,BP,0.006974985043601487
GO:1900195,0.005245565398913468,1,1,1,positive regulation of oocyte maturation,BP,0.006974985043601487
GO:1902850,0.005245565398913468,1,1,1,microtubule cytoskeleton organization involved in mitosis,BP,0.006974985043601487
GO:1903322,0.005245565398913468,1,1,1,positive regulation of protein modification by small protein conjugation or removal,BP,0.006974985043601487
GO:1903429,0.005245565398913468,1,1,1,regulation of cell maturation,BP,0.006974985043601487
GO:1903431,0.005245565398913468,1,1,1,positive regulation of cell maturation,BP,0.006974985043601487
GO:1903538,0.005245565398913468,1,1,1,regulation of meiotic cell cycle process involved in oocyte maturation,BP,0.006974985043601487
GO:1904146,0.005245565398913468,1,1,1,positive regulation of meiotic cell cycle process involved in oocyte maturation,BP,0.006974985043601487
GO:1904666,0.005245565398913468,1,1,1,regulation of ubiquitin protein ligase activity,BP,0.006974985043601487
GO:1904668,0.005245565398913468,1,1,1,positive regulation of ubiquitin protein ligase activity,BP,0.006974985043601487
GO:1905879,0.005245565398913468,1,1,1,regulation of oogenesis,BP,0.006974985043601487
GO:1905881,0.005245565398913468,1,1,1,positive regulation of oogenesis,BP,0.006974985043601487
GO:1990949,0.005245565398913468,1,1,1,metaphase/anaphase transition of meiosis I,BP,0.006974985043601487
GO:2000243,0.005245565398913468,1,1,1,positive regulation of reproductive process,BP,0.006974985043601487
GO:0006260,0.005340044377436253,1,1,1,DNA replication,BP,0.006974985043601487
GO:0006261,0.005340044377436253,1,1,1,DNA-templated DNA replication,BP,0.006974985043601487
GO:0006271,0.005340044377436253,1,1,1,DNA strand elongation involved in DNA replication,BP,0.006974985043601487
GO:0006273,0.005340044377436253,1,1,1,lagging strand elongation,BP,0.006974985043601487
GO:0022616,0.005340044377436253,1,1,1,DNA strand elongation,BP,0.006974985043601487
GO:0033567,0.005340044377436253,1,1,1,"DNA replication, Okazaki fragment processing",BP,0.006974985043601487
GO:0043137,0.005340044377436253,1,1,1,"DNA replication, removal of RNA primer",BP,0.006974985043601487
GO:0090305,0.005340044377436253,1,1,1,nucleic acid phosphodiester bond hydrolysis,BP,0.006974985043601487
GO:0090501,0.005340044377436253,1,1,1,RNA phosphodiester bond hydrolysis,BP,0.006974985043601487
GO:0090502,0.005340044377436253,1,1,1,"RNA phosphodiester bond hydrolysis, endonucleolytic",BP,0.006974985043601487
GO:0006304,0.0055468547967520935,1,1,1,DNA modification,BP,0.006974985043601487
GO:0006305,0.0055468547967520935,1,1,1,DNA alkylation,BP,0.006974985043601487
GO:0006306,0.0055468547967520935,1,1,1,DNA methylation,BP,0.006974985043601487
GO:0006470,0.0055468547967520935,1,1,1,protein dephosphorylation,BP,0.006974985043601487
GO:0016311,0.0055468547967520935,1,1,1,dephosphorylation,BP,0.006974985043601487
GO:0035970,0.0055468547967520935,1,1,1,peptidyl-threonine dephosphorylation,BP,0.006974985043601487
GO:0040029,0.0055468547967520935,1,1,1,epigenetic regulation of gene expression,BP,0.006974985043601487
GO:0044728,0.0055468547967520935,1,1,1,DNA methylation or demethylation,BP,0.006974985043601487
GO:0045814,0.0055468547967520935,1,1,1,"negative regulation of gene expression, epigenetic",BP,0.006974985043601487
GO:0001709,0.005730881342059263,1,1,1,cell fate determination,BP,0.006974985043601487
GO:0001956,0.005730881342059263,1,1,1,positive regulation of neurotransmitter secretion,BP,0.006974985043601487
GO:0007018,0.005730881342059263,1,1,1,microtubule-based movement,BP,0.006974985043601487
GO:0007294,0.005730881342059263,1,1,1,germarium-derived oocyte fate determination,BP,0.006974985043601487
GO:0007308,0.005730881342059263,1,1,1,oocyte construction,BP,0.006974985043601487
GO:0007309,0.005730881342059263,1,1,1,oocyte axis specification,BP,0.006974985043601487
GO:0007310,0.005730881342059263,1,1,1,oocyte dorsal/ventral axis specification,BP,0.006974985043601487
GO:0007312,0.005730881342059263,1,1,1,oocyte nucleus migration involved in oocyte dorsal/ventral axis specification,BP,0.006974985043601487
GO:0008103,0.005730881342059263,1,1,1,oocyte microtubule cytoskeleton polarization,BP,0.006974985043601487
GO:0008277,0.005730881342059263,1,1,1,regulation of G protein-coupled receptor signaling pathway,BP,0.006974985043601487
GO:0008298,0.005730881342059263,1,1,1,intracellular mRNA localization,BP,0.006974985043601487
GO:0009950,0.005730881342059263,1,1,1,dorsal/ventral axis specification,BP,0.006974985043601487
GO:0009994,0.005730881342059263,1,1,1,oocyte differentiation,BP,0.006974985043601487
GO:0010519,0.005730881342059263,1,1,1,negative regulation of phospholipase activity,BP,0.006974985043601487
GO:0010970,0.005730881342059263,1,1,1,transport along microtubule,BP,0.006974985043601487
GO:0016032,0.005730881342059263,1,1,1,viral process,BP,0.006974985043601487
GO:0016325,0.005730881342059263,1,1,1,oocyte microtubule cytoskeleton organization,BP,0.006974985043601487
GO:0017157,0.005730881342059263,1,1,1,regulation of exocytosis,BP,0.006974985043601487
GO:0017158,0.005730881342059263,1,1,1,regulation of calcium ion-dependent exocytosis,BP,0.006974985043601487
GO:0030705,0.005730881342059263,1,1,1,cytoskeleton-dependent intracellular transport,BP,0.006974985043601487
GO:0030706,0.005730881342059263,1,1,1,germarium-derived oocyte differentiation,BP,0.006974985043601487
GO:0030716,0.005730881342059263,1,1,1,oocyte fate determination,BP,0.006974985043601487
GO:0033365,0.005730881342059263,1,1,1,protein localization to organelle,BP,0.006974985043601487
GO:0034063,0.005730881342059263,1,1,1,stress granule assembly,BP,0.006974985043601487
GO:0034067,0.005730881342059263,1,1,1,protein localization to Golgi apparatus,BP,0.006974985043601487
GO:0034453,0.005730881342059263,1,1,1,microtubule anchoring,BP,0.006974985043601487
GO:0036465,0.005730881342059263,1,1,1,synaptic vesicle recycling,BP,0.006974985043601487
GO:0044403,0.005730881342059263,1,1,1,biological process involved in symbiotic interaction,BP,0.006974985043601487
GO:0044419,0.005730881342059263,1,1,1,biological process involved in interspecies interaction between organisms,BP,0.006974985043601487
GO:0045744,0.005730881342059263,1,1,1,negative regulation of G protein-coupled receptor signaling pathway,BP,0.006974985043601487
GO:0045807,0.005730881342059263,1,1,1,positive regulation of endocytosis,BP,0.006974985043601487
GO:0045921,0.005730881342059263,1,1,1,positive regulation of exocytosis,BP,0.006974985043601487
GO:0045956,0.005730881342059263,1,1,1,positive regulation of calcium ion-dependent exocytosis,BP,0.006974985043601487
GO:0046928,0.005730881342059263,1,1,1,regulation of neurotransmitter secretion,BP,0.006974985043601487
GO:0048259,0.005730881342059263,1,1,1,regulation of receptor-mediated endocytosis,BP,0.006974985043601487
GO:0048260,0.005730881342059263,1,1,1,positive regulation of receptor-mediated endocytosis,BP,0.006974985043601487
GO:0048469,0.005730881342059263,1,1,1,cell maturation,BP,0.006974985043601487
GO:0048488,0.005730881342059263,1,1,1,synaptic vesicle endocytosis,BP,0.006974985043601487
GO:0048599,0.005730881342059263,1,1,1,oocyte development,BP,0.006974985043601487
GO:0050806,0.005730881342059263,1,1,1,positive regulation of synaptic transmission,BP,0.006974985043601487
GO:0051028,0.005730881342059263,1,1,1,mRNA transport,BP,0.006974985043601487
GO:0051588,0.005730881342059263,1,1,1,regulation of neurotransmitter transport,BP,0.006974985043601487
GO:0051590,0.005730881342059263,1,1,1,positive regulation of neurotransmitter transport,BP,0.006974985043601487
GO:0051642,0.005730881342059263,1,1,1,centrosome localization,BP,0.006974985043601487
GO:0051663,0.005730881342059263,1,1,1,oocyte nucleus localization involved in oocyte dorsal/ventral axis specification,BP,0.006974985043601487
GO:0060192,0.005730881342059263,1,1,1,negative regulation of lipase activity,BP,0.006974985043601487
GO:0061842,0.005730881342059263,1,1,1,microtubule organizing center localization,BP,0.006974985043601487
GO:0072384,0.005730881342059263,1,1,1,organelle transport along microtubule,BP,0.006974985043601487
GO:0072385,0.005730881342059263,1,1,1,minus-end-directed organelle transport along microtubule,BP,0.006974985043601487
GO:0072393,0.005730881342059263,1,1,1,microtubule anchoring at microtubule organizing center,BP,0.006974985043601487
GO:0099111,0.005730881342059263,1,1,1,microtubule-based transport,BP,0.006974985043601487
GO:1900274,0.005730881342059263,1,1,1,regulation of phospholipase C activity,BP,0.006974985043601487
GO:1900275,0.005730881342059263,1,1,1,negative regulation of phospholipase C activity,BP,0.006974985043601487
GO:1900276,0.005730881342059263,1,1,1,regulation of proteinase activated receptor activity,BP,0.006974985043601487
GO:1900736,0.005730881342059263,1,1,1,regulation of phospholipase C-activating G protein-coupled receptor signaling pathway,BP,0.006974985043601487
GO:1900737,0.005730881342059263,1,1,1,negative regulation of phospholipase C-activating G protein-coupled receptor signaling pathway,BP,0.006974985043601487
GO:1902803,0.005730881342059263,1,1,1,regulation of synaptic vesicle transport,BP,0.006974985043601487
GO:1902805,0.005730881342059263,1,1,1,positive regulation of synaptic vesicle transport,BP,0.006974985043601487
GO:1903305,0.005730881342059263,1,1,1,regulation of regulated secretory pathway,BP,0.006974985043601487
GO:1903307,0.005730881342059263,1,1,1,positive regulation of regulated secretory pathway,BP,0.006974985043601487
GO:2000300,0.005730881342059263,1,1,1,regulation of synaptic vesicle exocytosis,BP,0.006974985043601487
GO:2000302,0.005730881342059263,1,1,1,positive regulation of synaptic vesicle exocytosis,BP,0.006974985043601487
GO:2000369,0.005730881342059263,1,1,1,regulation of clathrin-dependent endocytosis,BP,0.006974985043601487
GO:2000370,0.005730881342059263,1,1,1,positive regulation of clathrin-dependent endocytosis,BP,0.006974985043601487
GO:0001503,0.00588482096570841,1,1,1,ossification,BP,0.006974985043601487
GO:0001958,0.00588482096570841,1,1,1,endochondral ossification,BP,0.006974985043601487
GO:0007622,0.00588482096570841,1,1,1,rhythmic behavior,BP,0.006974985043601487
GO:0007623,0.00588482096570841,1,1,1,circadian rhythm,BP,0.006974985043601487
GO:0009895,0.00588482096570841,1,1,1,negative regulation of catabolic process,BP,0.006974985043601487
GO:0010896,0.00588482096570841,1,1,1,regulation of triglyceride catabolic process,BP,0.006974985043601487
GO:0010897,0.00588482096570841,1,1,1,negative regulation of triglyceride catabolic process,BP,0.006974985043601487
GO:0018107,0.00588482096570841,1,1,1,peptidyl-threonine phosphorylation,BP,0.006974985043601487
GO:0018210,0.00588482096570841,1,1,1,peptidyl-threonine modification,BP,0.006974985043601487
GO:0022410,0.00588482096570841,1,1,1,circadian sleep/wake cycle process,BP,0.006974985043601487
GO:0030431,0.00588482096570841,1,1,1,sleep,BP,0.006974985043601487
GO:0031330,0.00588482096570841,1,1,1,negative regulation of cellular catabolic process,BP,0.006974985043601487
GO:0035264,0.00588482096570841,1,1,1,multicellular organism growth,BP,0.006974985043601487
GO:0036075,0.00588482096570841,1,1,1,replacement ossification,BP,0.006974985043601487
GO:0042745,0.00588482096570841,1,1,1,circadian sleep/wake cycle,BP,0.006974985043601487
GO:0045833,0.00588482096570841,1,1,1,negative regulation of lipid metabolic process,BP,0.006974985043601487
GO:0048511,0.00588482096570841,1,1,1,rhythmic process,BP,0.006974985043601487
GO:0048512,0.00588482096570841,1,1,1,circadian behavior,BP,0.006974985043601487
GO:0050802,0.00588482096570841,1,1,1,"circadian sleep/wake cycle, sleep",BP,0.006974985043601487
GO:0050994,0.00588482096570841,1,1,1,regulation of lipid catabolic process,BP,0.006974985043601487
GO:0050995,0.00588482096570841,1,1,1,negative regulation of lipid catabolic process,BP,0.006974985043601487
GO:0051216,0.00588482096570841,1,1,1,cartilage development,BP,0.006974985043601487
GO:0055088,0.00588482096570841,1,1,1,lipid homeostasis,BP,0.006974985043601487
GO:0060349,0.00588482096570841,1,1,1,bone morphogenesis,BP,0.006974985043601487
GO:0060350,0.00588482096570841,1,1,1,endochondral bone morphogenesis,BP,0.006974985043601487
GO:0060351,0.00588482096570841,1,1,1,cartilage development involved in endochondral bone morphogenesis,BP,0.006974985043601487
GO:0061448,0.00588482096570841,1,1,1,connective tissue development,BP,0.006974985043601487
GO:0090207,0.00588482096570841,1,1,1,regulation of triglyceride metabolic process,BP,0.006974985043601487
GO:0090209,0.00588482096570841,1,1,1,negative regulation of triglyceride metabolic process,BP,0.006974985043601487
GO:0000768,0.005888179084278321,1,1,1,syncytium formation by plasma membrane fusion,BP,0.006974985043601487
GO:0001101,0.005888179084278321,1,1,1,response to acid chemical,BP,0.006974985043601487
GO:0001569,0.005888179084278321,1,1,1,branching involved in blood vessel morphogenesis,BP,0.006974985043601487
GO:0001570,0.005888179084278321,1,1,1,vasculogenesis,BP,0.006974985043601487
GO:0001755,0.005888179084278321,1,1,1,neural crest cell migration,BP,0.006974985043601487
GO:0001764,0.005888179084278321,1,1,1,neuron migration,BP,0.006974985043601487
GO:0001947,0.005888179084278321,1,1,1,heart looping,BP,0.006974985043601487
GO:0002011,0.005888179084278321,1,1,1,morphogenesis of an epithelial sheet,BP,0.006974985043601487
GO:0002072,0.005888179084278321,1,1,1,optic cup morphogenesis involved in camera-type eye development,BP,0.006974985043601487
GO:0002074,0.005888179084278321,1,1,1,extraocular skeletal muscle development,BP,0.006974985043601487
GO:0003018,0.005888179084278321,1,1,1,vascular process in circulatory system,BP,0.006974985043601487
GO:0003143,0.005888179084278321,1,1,1,embryonic heart tube morphogenesis,BP,0.006974985043601487
GO:0003151,0.005888179084278321,1,1,1,outflow tract morphogenesis,BP,0.006974985043601487
GO:0003228,0.005888179084278321,1,1,1,atrial cardiac muscle tissue development,BP,0.006974985043601487
GO:0003253,0.005888179084278321,1,1,1,cardiac neural crest cell migration involved in outflow tract morphogenesis,BP,0.006974985043601487
GO:0003350,0.005888179084278321,1,1,1,pulmonary myocardium development,BP,0.006974985043601487
GO:0006949,0.005888179084278321,1,1,1,syncytium formation,BP,0.006974985043601487
GO:0007368,0.005888179084278321,1,1,1,determination of left/right symmetry,BP,0.006974985043601487
GO:0007498,0.005888179084278321,1,1,1,mesoderm development,BP,0.006974985043601487
GO:0007520,0.005888179084278321,1,1,1,myoblast fusion,BP,0.006974985043601487
GO:0007584,0.005888179084278321,1,1,1,response to nutrient,BP,0.006974985043601487
GO:0008406,0.005888179084278321,1,1,1,gonad development,BP,0.006974985043601487
GO:0008584,0.005888179084278321,1,1,1,male gonad development,BP,0.006974985043601487
GO:0008585,0.005888179084278321,1,1,1,female gonad development,BP,0.006974985043601487
GO:0009799,0.005888179084278321,1,1,1,specification of symmetry,BP,0.006974985043601487
GO:0009855,0.005888179084278321,1,1,1,determination of bilateral symmetry,BP,0.006974985043601487
GO:0010171,0.005888179084278321,1,1,1,body morphogenesis,BP,0.006974985043601487
GO:0014031,0.005888179084278321,1,1,1,mesenchymal cell development,BP,0.006974985043601487
GO:0014032,0.005888179084278321,1,1,1,neural crest cell development,BP,0.006974985043601487
GO:0014033,0.005888179084278321,1,1,1,neural crest cell differentiation,BP,0.006974985043601487
GO:0014902,0.005888179084278321,1,1,1,myotube differentiation,BP,0.006974985043601487
GO:0021501,0.005888179084278321,1,1,1,prechordal plate formation,BP,0.006974985043601487
GO:0021538,0.005888179084278321,1,1,1,epithalamus development,BP,0.006974985043601487
GO:0021539,0.005888179084278321,1,1,1,subthalamus development,BP,0.006974985043601487
GO:0021761,0.005888179084278321,1,1,1,limbic system development,BP,0.006974985043601487
GO:0021763,0.005888179084278321,1,1,1,subthalamic nucleus development,BP,0.006974985043601487
GO:0021854,0.005888179084278321,1,1,1,hypothalamus development,BP,0.006974985043601487
GO:0021855,0.005888179084278321,1,1,1,hypothalamus cell migration,BP,0.006974985043601487
GO:0021986,0.005888179084278321,1,1,1,habenula development,BP,0.006974985043601487
GO:0030323,0.005888179084278321,1,1,1,respiratory tube development,BP,0.006974985043601487
GO:0030324,0.005888179084278321,1,1,1,lung development,BP,0.006974985043601487
GO:0031076,0.005888179084278321,1,1,1,embryonic camera-type eye development,BP,0.006974985043601487
GO:0032526,0.005888179084278321,1,1,1,response to retinoic acid,BP,0.006974985043601487
GO:0033189,0.005888179084278321,1,1,1,response to vitamin A,BP,0.006974985043601487
GO:0033273,0.005888179084278321,1,1,1,response to vitamin,BP,0.006974985043601487
GO:0035051,0.005888179084278321,1,1,1,cardiocyte differentiation,BP,0.006974985043601487
GO:0035315,0.005888179084278321,1,1,1,hair cell differentiation,BP,0.006974985043601487
GO:0035462,0.005888179084278321,1,1,1,determination of left/right asymmetry in diencephalon,BP,0.006974985043601487
GO:0035545,0.005888179084278321,1,1,1,determination of left/right asymmetry in nervous system,BP,0.006974985043601487
GO:0035886,0.005888179084278321,1,1,1,vascular associated smooth muscle cell differentiation,BP,0.006974985043601487
GO:0035993,0.005888179084278321,1,1,1,deltoid tuberosity development,BP,0.006974985043601487
GO:0040019,0.005888179084278321,1,1,1,positive regulation of embryonic development,BP,0.006974985043601487
GO:0042475,0.005888179084278321,1,1,1,odontogenesis of dentin-containing tooth,BP,0.006974985043601487
GO:0042476,0.005888179084278321,1,1,1,odontogenesis,BP,0.006974985043601487
GO:0042692,0.005888179084278321,1,1,1,muscle cell differentiation,BP,0.006974985043601487
GO:0043114,0.005888179084278321,1,1,1,regulation of vascular permeability,BP,0.006974985043601487
GO:0043388,0.005888179084278321,1,1,1,positive regulation of DNA binding,BP,0.006974985043601487
GO:0045137,0.005888179084278321,1,1,1,development of primary sexual characteristics,BP,0.006974985043601487
GO:0046545,0.005888179084278321,1,1,1,development of primary female sexual characteristics,BP,0.006974985043601487
GO:0046546,0.005888179084278321,1,1,1,development of primary male sexual characteristics,BP,0.006974985043601487
GO:0046660,0.005888179084278321,1,1,1,female sex differentiation,BP,0.006974985043601487
GO:0048048,0.005888179084278321,1,1,1,embryonic eye morphogenesis,BP,0.006974985043601487
GO:0048382,0.005888179084278321,1,1,1,mesendoderm development,BP,0.006974985043601487
GO:0048384,0.005888179084278321,1,1,1,retinoic acid receptor signaling pathway,BP,0.006974985043601487
GO:0048536,0.005888179084278321,1,1,1,spleen development,BP,0.006974985043601487
GO:0048593,0.005888179084278321,1,1,1,camera-type eye morphogenesis,BP,0.006974985043601487
GO:0048596,0.005888179084278321,1,1,1,embryonic camera-type eye morphogenesis,BP,0.006974985043601487
GO:0048701,0.005888179084278321,1,1,1,embryonic cranial skeleton morphogenesis,BP,0.006974985043601487
GO:0048703,0.005888179084278321,1,1,1,embryonic viscerocranium morphogenesis,BP,0.006974985043601487
GO:0048704,0.005888179084278321,1,1,1,embryonic skeletal system morphogenesis,BP,0.006974985043601487
GO:0048706,0.005888179084278321,1,1,1,embryonic skeletal system development,BP,0.006974985043601487
GO:0048762,0.005888179084278321,1,1,1,mesenchymal cell differentiation,BP,0.006974985043601487
GO:0048845,0.005888179084278321,1,1,1,venous blood vessel morphogenesis,BP,0.006974985043601487
GO:0048857,0.005888179084278321,1,1,1,neural nucleus development,BP,0.006974985043601487
GO:0048863,0.005888179084278321,1,1,1,stem cell differentiation,BP,0.006974985043601487
GO:0048864,0.005888179084278321,1,1,1,stem cell development,BP,0.006974985043601487
GO:0051098,0.005888179084278321,1,1,1,regulation of binding,BP,0.006974985043601487
GO:0051099,0.005888179084278321,1,1,1,positive regulation of binding,BP,0.006974985043601487
GO:0051101,0.005888179084278321,1,1,1,regulation of DNA binding,BP,0.006974985043601487
GO:0051145,0.005888179084278321,1,1,1,smooth muscle cell differentiation,BP,0.006974985043601487
GO:0051146,0.005888179084278321,1,1,1,striated muscle cell differentiation,BP,0.006974985043601487
GO:0055001,0.005888179084278321,1,1,1,muscle cell development,BP,0.006974985043601487
GO:0055002,0.005888179084278321,1,1,1,striated muscle cell development,BP,0.006974985043601487
GO:0055006,0.005888179084278321,1,1,1,cardiac cell development,BP,0.006974985043601487
GO:0055007,0.005888179084278321,1,1,1,cardiac muscle cell differentiation,BP,0.006974985043601487
GO:0055009,0.005888179084278321,1,1,1,atrial cardiac muscle tissue morphogenesis,BP,0.006974985043601487
GO:0055012,0.005888179084278321,1,1,1,ventricular cardiac muscle cell differentiation,BP,0.006974985043601487
GO:0055013,0.005888179084278321,1,1,1,cardiac muscle cell development,BP,0.006974985043601487
GO:0055015,0.005888179084278321,1,1,1,ventricular cardiac muscle cell development,BP,0.006974985043601487
GO:0060126,0.005888179084278321,1,1,1,somatotropin secreting cell differentiation,BP,0.006974985043601487
GO:0060127,0.005888179084278321,1,1,1,prolactin secreting cell differentiation,BP,0.006974985043601487
GO:0060323,0.005888179084278321,1,1,1,head morphogenesis,BP,0.006974985043601487
GO:0060324,0.005888179084278321,1,1,1,face development,BP,0.006974985043601487
GO:0060325,0.005888179084278321,1,1,1,face morphogenesis,BP,0.006974985043601487
GO:0060425,0.005888179084278321,1,1,1,lung morphogenesis,BP,0.006974985043601487
GO:0060459,0.005888179084278321,1,1,1,left lung development,BP,0.006974985043601487
GO:0060460,0.005888179084278321,1,1,1,left lung morphogenesis,BP,0.006974985043601487
GO:0060485,0.005888179084278321,1,1,1,mesenchyme development,BP,0.006974985043601487
GO:0060541,0.005888179084278321,1,1,1,respiratory system development,BP,0.006974985043601487
GO:0060577,0.005888179084278321,1,1,1,pulmonary vein morphogenesis,BP,0.006974985043601487
GO:0060578,0.005888179084278321,1,1,1,superior vena cava morphogenesis,BP,0.006974985043601487
GO:0060841,0.005888179084278321,1,1,1,venous blood vessel development,BP,0.006974985043601487
GO:0060900,0.005888179084278321,1,1,1,embryonic camera-type eye formation,BP,0.006974985043601487
GO:0060971,0.005888179084278321,1,1,1,embryonic heart tube left/right pattern formation,BP,0.006974985043601487
GO:0060972,0.005888179084278321,1,1,1,left/right pattern formation,BP,0.006974985043601487
GO:0060973,0.005888179084278321,1,1,1,cell migration involved in heart development,BP,0.006974985043601487
GO:0061031,0.005888179084278321,1,1,1,endodermal digestive tract morphogenesis,BP,0.006974985043601487
GO:0061072,0.005888179084278321,1,1,1,iris morphogenesis,BP,0.006974985043601487
GO:0061183,0.005888179084278321,1,1,1,regulation of dermatome development,BP,0.006974985043601487
GO:0061184,0.005888179084278321,1,1,1,positive regulation of dermatome development,BP,0.006974985043601487
GO:0061303,0.005888179084278321,1,1,1,cornea development in camera-type eye,BP,0.006974985043601487
GO:0061307,0.005888179084278321,1,1,1,cardiac neural crest cell differentiation involved in heart development,BP,0.006974985043601487
GO:0061308,0.005888179084278321,1,1,1,cardiac neural crest cell development involved in heart development,BP,0.006974985043601487
GO:0061309,0.005888179084278321,1,1,1,cardiac neural crest cell development involved in outflow tract morphogenesis,BP,0.006974985043601487
GO:0061323,0.005888179084278321,1,1,1,cell proliferation involved in heart morphogenesis,BP,0.006974985043601487
GO:0061325,0.005888179084278321,1,1,1,cell proliferation involved in outflow tract morphogenesis,BP,0.006974985043601487
GO:0061371,0.005888179084278321,1,1,1,determination of heart left/right asymmetry,BP,0.006974985043601487
GO:0061386,0.005888179084278321,1,1,1,closure of optic fissure,BP,0.006974985043601487
GO:0070986,0.005888179084278321,1,1,1,left/right axis specification,BP,0.006974985043601487
GO:0071907,0.005888179084278321,1,1,1,determination of digestive tract left/right asymmetry,BP,0.006974985043601487
GO:1904888,0.005888179084278321,1,1,1,cranial skeletal system development,BP,0.006974985043601487
GO:2000287,0.005888179084278321,1,1,1,positive regulation of myotome development,BP,0.006974985043601487
GO:2000288,0.005888179084278321,1,1,1,positive regulation of myoblast proliferation,BP,0.006974985043601487
GO:2000290,0.005888179084278321,1,1,1,regulation of myotome development,BP,0.006974985043601487
GO:2000291,0.005888179084278321,1,1,1,regulation of myoblast proliferation,BP,0.006974985043601487
GO:0000082,0.005895776229690587,1,1,1,G1/S transition of mitotic cell cycle,BP,0.006974985043601487
GO:0001751,0.005895776229690587,1,1,1,compound eye photoreceptor cell differentiation,BP,0.006974985043601487
GO:0001752,0.005895776229690587,1,1,1,compound eye photoreceptor fate commitment,BP,0.006974985043601487
GO:0001754,0.005895776229690587,1,1,1,eye photoreceptor cell differentiation,BP,0.006974985043601487
GO:0001825,0.005895776229690587,1,1,1,blastocyst formation,BP,0.006974985043601487
GO:0001826,0.005895776229690587,1,1,1,inner cell mass cell differentiation,BP,0.006974985043601487
GO:0001827,0.005895776229690587,1,1,1,inner cell mass cell fate commitment,BP,0.006974985043601487
GO:0001828,0.005895776229690587,1,1,1,inner cell mass cellular morphogenesis,BP,0.006974985043601487
GO:0001934,0.005895776229690587,1,1,1,positive regulation of protein phosphorylation,BP,0.006974985043601487
GO:0002064,0.005895776229690587,1,1,1,epithelial cell development,BP,0.006974985043601487
GO:0002066,0.005895776229690587,1,1,1,columnar/cuboidal epithelial cell development,BP,0.006974985043601487
GO:0007297,0.005895776229690587,1,1,1,ovarian follicle cell migration,BP,0.006974985043601487
GO:0007298,0.005895776229690587,1,1,1,border follicle cell migration,BP,0.006974985043601487
GO:0007446,0.005895776229690587,1,1,1,imaginal disc growth,BP,0.006974985043601487
GO:0007460,0.005895776229690587,1,1,1,R8 cell fate commitment,BP,0.006974985043601487
GO:0007588,0.005895776229690587,1,1,1,excretion,BP,0.006974985043601487
GO:0008064,0.005895776229690587,1,1,1,regulation of actin polymerization or depolymerization,BP,0.006974985043601487
GO:0008361,0.005895776229690587,1,1,1,regulation of cell size,BP,0.006974985043601487
GO:0010212,0.005895776229690587,1,1,1,response to ionizing radiation,BP,0.006974985043601487
GO:0010631,0.005895776229690587,1,1,1,epithelial cell migration,BP,0.006974985043601487
GO:0014013,0.005895776229690587,1,1,1,regulation of gliogenesis,BP,0.006974985043601487
GO:0014014,0.005895776229690587,1,1,1,negative regulation of gliogenesis,BP,0.006974985043601487
GO:0018105,0.005895776229690587,1,1,1,peptidyl-serine phosphorylation,BP,0.006974985043601487
GO:0018209,0.005895776229690587,1,1,1,peptidyl-serine modification,BP,0.006974985043601487
GO:0030421,0.005895776229690587,1,1,1,defecation,BP,0.006974985043601487
GO:0030707,0.005895776229690587,1,1,1,ovarian follicle cell development,BP,0.006974985043601487
GO:0030832,0.005895776229690587,1,1,1,regulation of actin filament length,BP,0.006974985043601487
GO:0030833,0.005895776229690587,1,1,1,regulation of actin filament polymerization,BP,0.006974985043601487
GO:0032535,0.005895776229690587,1,1,1,regulation of cellular component size,BP,0.006974985043601487
GO:0032956,0.005895776229690587,1,1,1,regulation of actin cytoskeleton organization,BP,0.006974985043601487
GO:0032970,0.005895776229690587,1,1,1,regulation of actin filament-based process,BP,0.006974985043601487
GO:0033135,0.005895776229690587,1,1,1,regulation of peptidyl-serine phosphorylation,BP,0.006974985043601487
GO:0033138,0.005895776229690587,1,1,1,positive regulation of peptidyl-serine phosphorylation,BP,0.006974985043601487
GO:0035265,0.005895776229690587,1,1,1,organ growth,BP,0.006974985043601487
GO:0035329,0.005895776229690587,1,1,1,hippo signaling,BP,0.006974985043601487
GO:0042327,0.005895776229690587,1,1,1,positive regulation of phosphorylation,BP,0.006974985043601487
GO:0042706,0.005895776229690587,1,1,1,eye photoreceptor cell fate commitment,BP,0.006974985043601487
GO:0042771,0.005895776229690587,1,1,1,intrinsic apoptotic signaling pathway in response to DNA damage by p53 class mediator,BP,0.006974985043601487
GO:0043704,0.005895776229690587,1,1,1,photoreceptor cell fate specification,BP,0.006974985043601487
GO:0044843,0.005895776229690587,1,1,1,cell cycle G1/S phase transition,BP,0.006974985043601487
GO:0045176,0.005895776229690587,1,1,1,apical protein localization,BP,0.006974985043601487
GO:0045185,0.005895776229690587,1,1,1,maintenance of protein location,BP,0.006974985043601487
GO:0045464,0.005895776229690587,1,1,1,R8 cell fate specification,BP,0.006974985043601487
GO:0045465,0.005895776229690587,1,1,1,R8 cell differentiation,BP,0.006974985043601487
GO:0045570,0.005895776229690587,1,1,1,regulation of imaginal disc growth,BP,0.006974985043601487
GO:0045793,0.005895776229690587,1,1,1,positive regulation of cell size,BP,0.006974985043601487
GO:0046530,0.005895776229690587,1,1,1,photoreceptor cell differentiation,BP,0.006974985043601487
GO:0046552,0.005895776229690587,1,1,1,photoreceptor cell fate commitment,BP,0.006974985043601487
GO:0048621,0.005895776229690587,1,1,1,post-embryonic digestive tract morphogenesis,BP,0.006974985043601487
GO:0051220,0.005895776229690587,1,1,1,cytoplasmic sequestering of protein,BP,0.006974985043601487
GO:0051235,0.005895776229690587,1,1,1,maintenance of location,BP,0.006974985043601487
GO:0060251,0.005895776229690587,1,1,1,regulation of glial cell proliferation,BP,0.006974985043601487
GO:0060253,0.005895776229690587,1,1,1,negative regulation of glial cell proliferation,BP,0.006974985043601487
GO:0060465,0.005895776229690587,1,1,1,pharynx development,BP,0.006974985043601487
GO:0060644,0.005895776229690587,1,1,1,mammary gland epithelial cell differentiation,BP,0.006974985043601487
GO:0061065,0.005895776229690587,1,1,1,regulation of dauer larval development,BP,0.006974985043601487
GO:0061067,0.005895776229690587,1,1,1,negative regulation of dauer larval development,BP,0.006974985043601487
GO:0072332,0.005895776229690587,1,1,1,intrinsic apoptotic signaling pathway by p53 class mediator,BP,0.006974985043601487
GO:0090066,0.005895776229690587,1,1,1,regulation of anatomical structure size,BP,0.006974985043601487
GO:0090130,0.005895776229690587,1,1,1,tissue migration,BP,0.006974985043601487
GO:0090132,0.005895776229690587,1,1,1,epithelium migration,BP,0.006974985043601487
GO:0110053,0.005895776229690587,1,1,1,regulation of actin filament organization,BP,0.006974985043601487
GO:0002052,0.006116799856932544,1,1,1,positive regulation of neuroblast proliferation,BP,0.007187856168648005
GO:0021537,0.006116799856932544,1,1,1,telencephalon development,BP,0.007187856168648005
GO:0021543,0.006116799856932544,1,1,1,pallium development,BP,0.007187856168648005
GO:0021796,0.006116799856932544,1,1,1,cerebral cortex regionalization,BP,0.007187856168648005
GO:0021871,0.006116799856932544,1,1,1,forebrain regionalization,BP,0.007187856168648005
GO:0021978,0.006116799856932544,1,1,1,telencephalon regionalization,BP,0.007187856168648005
GO:0021987,0.006116799856932544,1,1,1,cerebral cortex development,BP,0.007187856168648005
GO:0035914,0.006116799856932544,1,1,1,skeletal muscle cell differentiation,BP,0.007187856168648005
GO:0060128,0.006116799856932544,1,1,1,corticotropin hormone secreting cell differentiation,BP,0.007187856168648005
GO:0071542,0.006116799856932544,1,1,1,dopaminergic neuron differentiation,BP,0.007187856168648005
GO:0072091,0.006116799856932544,1,1,1,regulation of stem cell proliferation,BP,0.007187856168648005
GO:1902692,0.006116799856932544,1,1,1,regulation of neuroblast proliferation,BP,0.007187856168648005
GO:2000177,0.006116799856932544,1,1,1,regulation of neural precursor cell proliferation,BP,0.007187856168648005
GO:2000179,0.006116799856932544,1,1,1,positive regulation of neural precursor cell proliferation,BP,0.007187856168648005
GO:2000648,0.006116799856932544,1,1,1,positive regulation of stem cell proliferation,BP,0.007187856168648005
GO:0000096,0.006380716250382573,1,1,1,sulfur amino acid metabolic process,BP,0.007353095933686373
GO:0000959,0.006380716250382573,1,1,1,mitochondrial RNA metabolic process,BP,0.007353095933686373
GO:0000963,0.006380716250382573,1,1,1,mitochondrial RNA processing,BP,0.007353095933686373
GO:0006163,0.006380716250382573,1,1,1,purine nucleotide metabolic process,BP,0.007353095933686373
GO:0006399,0.006380716250382573,1,1,1,tRNA metabolic process,BP,0.007353095933686373
GO:0006400,0.006380716250382573,1,1,1,tRNA modification,BP,0.007353095933686373
GO:0006520,0.006380716250382573,1,1,1,cellular amino acid metabolic process,BP,0.007353095933686373
GO:0006753,0.006380716250382573,1,1,1,nucleoside phosphate metabolic process,BP,0.007353095933686373
GO:0006790,0.006380716250382573,1,1,1,sulfur compound metabolic process,BP,0.007353095933686373
GO:0008033,0.006380716250382573,1,1,1,tRNA processing,BP,0.007353095933686373
GO:0009116,0.006380716250382573,1,1,1,nucleoside metabolic process,BP,0.007353095933686373
GO:0009117,0.006380716250382573,1,1,1,nucleotide metabolic process,BP,0.007353095933686373
GO:0009119,0.006380716250382573,1,1,1,ribonucleoside metabolic process,BP,0.007353095933686373
GO:0009141,0.006380716250382573,1,1,1,nucleoside triphosphate metabolic process,BP,0.007353095933686373
GO:0009144,0.006380716250382573,1,1,1,purine nucleoside triphosphate metabolic process,BP,0.007353095933686373
GO:0009150,0.006380716250382573,1,1,1,purine ribonucleotide metabolic process,BP,0.007353095933686373
GO:0009199,0.006380716250382573,1,1,1,ribonucleoside triphosphate metabolic process,BP,0.007353095933686373
GO:0009205,0.006380716250382573,1,1,1,purine ribonucleoside triphosphate metabolic process,BP,0.007353095933686373
GO:0009259,0.006380716250382573,1,1,1,ribonucleotide metabolic process,BP,0.007353095933686373
GO:0016226,0.006380716250382573,1,1,1,iron-sulfur cluster assembly,BP,0.007353095933686373
GO:0018282,0.006380716250382573,1,1,1,metal incorporation into metallo-sulfur cluster,BP,0.007353095933686373
GO:0018283,0.006380716250382573,1,1,1,iron incorporation into metallo-sulfur cluster,BP,0.007353095933686373
GO:0019693,0.006380716250382573,1,1,1,ribose phosphate metabolic process,BP,0.007353095933686373
GO:0031163,0.006380716250382573,1,1,1,metallo-sulfur cluster assembly,BP,0.007353095933686373
GO:0032324,0.006380716250382573,1,1,1,molybdopterin cofactor biosynthetic process,BP,0.007353095933686373
GO:0034227,0.006380716250382573,1,1,1,tRNA thio-modification,BP,0.007353095933686373
GO:0042278,0.006380716250382573,1,1,1,purine nucleoside metabolic process,BP,0.007353095933686373
GO:0043545,0.006380716250382573,1,1,1,molybdopterin cofactor metabolic process,BP,0.007353095933686373
GO:0046039,0.006380716250382573,1,1,1,GTP metabolic process,BP,0.007353095933686373
GO:0046128,0.006380716250382573,1,1,1,purine ribonucleoside metabolic process,BP,0.007353095933686373
GO:0051189,0.006380716250382573,1,1,1,prosthetic group metabolic process,BP,0.007353095933686373
GO:0070525,0.006380716250382573,1,1,1,tRNA threonylcarbamoyladenosine metabolic process,BP,0.007353095933686373
GO:0070900,0.006380716250382573,1,1,1,mitochondrial tRNA modification,BP,0.007353095933686373
GO:0070903,0.006380716250382573,1,1,1,mitochondrial tRNA thio-modification,BP,0.007353095933686373
GO:0072521,0.006380716250382573,1,1,1,purine-containing compound metabolic process,BP,0.007353095933686373
GO:0090407,0.006380716250382573,1,1,1,organophosphate biosynthetic process,BP,0.007353095933686373
GO:0090646,0.006380716250382573,1,1,1,mitochondrial tRNA processing,BP,0.007353095933686373
GO:1900864,0.006380716250382573,1,1,1,mitochondrial RNA modification,BP,0.007353095933686373
GO:1901068,0.006380716250382573,1,1,1,guanosine-containing compound metabolic process,BP,0.007353095933686373
GO:0000154,0.006529464749989217,1,1,1,rRNA modification,BP,0.007442795614236188
GO:0000462,0.006529464749989217,1,1,1,"maturation of SSU-rRNA from tricistronic rRNA transcript (SSU-rRNA, 5.8S rRNA, LSU-rRNA)",BP,0.007442795614236188
GO:0001510,0.006529464749989217,1,1,1,RNA methylation,BP,0.007442795614236188
GO:0006364,0.006529464749989217,1,1,1,rRNA processing,BP,0.007442795614236188
GO:0006997,0.006529464749989217,1,1,1,nucleus organization,BP,0.007442795614236188
GO:0007000,0.006529464749989217,1,1,1,nucleolus organization,BP,0.007442795614236188
GO:0016072,0.006529464749989217,1,1,1,rRNA metabolic process,BP,0.007442795614236188
GO:0017126,0.006529464749989217,1,1,1,nucleologenesis,BP,0.007442795614236188
GO:0030490,0.006529464749989217,1,1,1,maturation of SSU-rRNA,BP,0.007442795614236188
GO:0031167,0.006529464749989217,1,1,1,rRNA methylation,BP,0.007442795614236188
GO:0042274,0.006529464749989217,1,1,1,ribosomal small subunit biogenesis,BP,0.007442795614236188
GO:0042742,0.006529464749989217,1,1,1,defense response to bacterium,BP,0.007442795614236188
GO:0070475,0.006529464749989217,1,1,1,rRNA base methylation,BP,0.007442795614236188
GO:0098542,0.006529464749989217,1,1,1,defense response to other organism,BP,0.007442795614236188
GO:0009611,0.006697689321840352,1,1,1,response to wounding,BP,0.007472345171484656
GO:0010656,0.006697689321840352,1,1,1,negative regulation of muscle cell apoptotic process,BP,0.007472345171484656
GO:0010660,0.006697689321840352,1,1,1,regulation of muscle cell apoptotic process,BP,0.007472345171484656
GO:0010662,0.006697689321840352,1,1,1,regulation of striated muscle cell apoptotic process,BP,0.007472345171484656
GO:0010664,0.006697689321840352,1,1,1,negative regulation of striated muscle cell apoptotic process,BP,0.007472345171484656
GO:0010830,0.006697689321840352,1,1,1,regulation of myotube differentiation,BP,0.007472345171484656
GO:0042060,0.006697689321840352,1,1,1,wound healing,BP,0.007472345171484656
GO:0042246,0.006697689321840352,1,1,1,tissue regeneration,BP,0.007472345171484656
GO:0043403,0.006697689321840352,1,1,1,skeletal muscle tissue regeneration,BP,0.007472345171484656
GO:0045844,0.006697689321840352,1,1,1,positive regulation of striated muscle tissue development,BP,0.007472345171484656
GO:0048631,0.006697689321840352,1,1,1,regulation of skeletal muscle tissue growth,BP,0.007472345171484656
GO:0048633,0.006697689321840352,1,1,1,positive regulation of skeletal muscle tissue growth,BP,0.007472345171484656
GO:0048636,0.006697689321840352,1,1,1,positive regulation of muscle organ development,BP,0.007472345171484656
GO:0048641,0.006697689321840352,1,1,1,regulation of skeletal muscle tissue development,BP,0.007472345171484656
GO:0048643,0.006697689321840352,1,1,1,positive regulation of skeletal muscle tissue development,BP,0.007472345171484656
GO:0048742,0.006697689321840352,1,1,1,regulation of skeletal muscle fiber development,BP,0.007472345171484656
GO:0051153,0.006697689321840352,1,1,1,regulation of striated muscle cell differentiation,BP,0.007472345171484656
GO:1901863,0.006697689321840352,1,1,1,positive regulation of muscle tissue development,BP,0.007472345171484656
GO:2000136,0.006697689321840352,1,1,1,regulation of cell proliferation involved in heart morphogenesis,BP,0.007472345171484656
GO:2000138,0.006697689321840352,1,1,1,positive regulation of cell proliferation involved in heart morphogenesis,BP,0.007472345171484656
GO:2000826,0.006697689321840352,1,1,1,regulation of heart morphogenesis,BP,0.007472345171484656
GO:0000054,0.0067205543463047974,1,1,1,ribosomal subunit export from nucleus,BP,0.007472345171484656
GO:0000956,0.0067205543463047974,1,1,1,nuclear-transcribed mRNA catabolic process,BP,0.007472345171484656
GO:0006402,0.0067205543463047974,1,1,1,mRNA catabolic process,BP,0.007472345171484656
GO:0006405,0.0067205543463047974,1,1,1,RNA export from nucleus,BP,0.007472345171484656
GO:0006413,0.0067205543463047974,1,1,1,translational initiation,BP,0.007472345171484656
GO:0006611,0.0067205543463047974,1,1,1,protein export from nucleus,BP,0.007472345171484656
GO:0006913,0.0067205543463047974,1,1,1,nucleocytoplasmic transport,BP,0.007472345171484656
GO:0031503,0.0067205543463047974,1,1,1,protein-containing complex localization,BP,0.007472345171484656
GO:0032069,0.0067205543463047974,1,1,1,regulation of nuclease activity,BP,0.007472345171484656
GO:0032074,0.0067205543463047974,1,1,1,negative regulation of nuclease activity,BP,0.007472345171484656
GO:0032790,0.0067205543463047974,1,1,1,ribosome disassembly,BP,0.007472345171484656
GO:0032988,0.0067205543463047974,1,1,1,ribonucleoprotein complex disassembly,BP,0.007472345171484656
GO:0033750,0.0067205543463047974,1,1,1,ribosome localization,BP,0.007472345171484656
GO:0043523,0.0067205543463047974,1,1,1,regulation of neuron apoptotic process,BP,0.007472345171484656
GO:0043524,0.0067205543463047974,1,1,1,negative regulation of neuron apoptotic process,BP,0.007472345171484656
GO:0051168,0.0067205543463047974,1,1,1,nuclear export,BP,0.007472345171484656
GO:0051169,0.0067205543463047974,1,1,1,nuclear transport,BP,0.007472345171484656
GO:0060338,0.0067205543463047974,1,1,1,regulation of type I interferon-mediated signaling pathway,BP,0.007472345171484656
GO:0060699,0.0067205543463047974,1,1,1,regulation of endoribonuclease activity,BP,0.007472345171484656
GO:0060700,0.0067205543463047974,1,1,1,regulation of ribonuclease activity,BP,0.007472345171484656
GO:0060701,0.0067205543463047974,1,1,1,negative regulation of ribonuclease activity,BP,0.007472345171484656
GO:0060702,0.0067205543463047974,1,1,1,negative regulation of endoribonuclease activity,BP,0.007472345171484656
GO:0070481,0.0067205543463047974,1,1,1,"nuclear-transcribed mRNA catabolic process, non-stop decay",BP,0.007472345171484656
GO:0071166,0.0067205543463047974,1,1,1,ribonucleoprotein complex localization,BP,0.007472345171484656
GO:1903008,0.0067205543463047974,1,1,1,organelle disassembly,BP,0.007472345171484656
GO:0009957,0.007723234151379368,1,1,1,epidermal cell fate specification,BP,0.008576287098273154
GO:0045138,0.007723234151379368,1,1,1,nematode male tail tip morphogenesis,BP,0.008576287098273154
GO:0090598,0.007723234151379368,1,1,1,male anatomical structure morphogenesis,BP,0.008576287098273154
GO:0006903,0.00819796081596716,1,1,1,vesicle targeting,BP,0.00889638096819596
GO:0006906,0.00819796081596716,1,1,1,vesicle fusion,BP,0.00889638096819596
GO:0007030,0.00819796081596716,1,1,1,Golgi organization,BP,0.00889638096819596
GO:0007268,0.00819796081596716,1,1,1,chemical synaptic transmission,BP,0.00889638096819596
GO:0007269,0.00819796081596716,1,1,1,neurotransmitter secretion,BP,0.00889638096819596
GO:0010256,0.00819796081596716,1,1,1,endomembrane system organization,BP,0.00889638096819596
GO:0016050,0.00819796081596716,1,1,1,vesicle organization,BP,0.00889638096819596
GO:0016079,0.00819796081596716,1,1,1,synaptic vesicle exocytosis,BP,0.00889638096819596
GO:0016082,0.00819796081596716,1,1,1,synaptic vesicle priming,BP,0.00889638096819596
GO:0016240,0.00819796081596716,1,1,1,autophagosome membrane docking,BP,0.00889638096819596
GO:0017156,0.00819796081596716,1,1,1,calcium-ion regulated exocytosis,BP,0.00889638096819596
GO:0022406,0.00819796081596716,1,1,1,membrane docking,BP,0.00889638096819596
GO:0023061,0.00819796081596716,1,1,1,signal release,BP,0.00889638096819596
GO:0030031,0.00819796081596716,1,1,1,cell projection assembly,BP,0.00889638096819596
GO:0030728,0.00819796081596716,1,1,1,ovulation,BP,0.00889638096819596
GO:0031629,0.00819796081596716,1,1,1,synaptic vesicle fusion to presynaptic active zone membrane,BP,0.00889638096819596
GO:0044782,0.00819796081596716,1,1,1,cilium organization,BP,0.00889638096819596
GO:0045026,0.00819796081596716,1,1,1,plasma membrane fusion,BP,0.00889638096819596
GO:0048284,0.00819796081596716,1,1,1,organelle fusion,BP,0.00889638096819596
GO:0048489,0.00819796081596716,1,1,1,synaptic vesicle transport,BP,0.00889638096819596
GO:0051048,0.00819796081596716,1,1,1,negative regulation of secretion,BP,0.00889638096819596
GO:0051648,0.00819796081596716,1,1,1,vesicle localization,BP,0.00889638096819596
GO:0051650,0.00819796081596716,1,1,1,establishment of vesicle localization,BP,0.00889638096819596
GO:0060271,0.00819796081596716,1,1,1,cilium assembly,BP,0.00889638096819596
GO:0061025,0.00819796081596716,1,1,1,membrane fusion,BP,0.00889638096819596
GO:0065002,0.00819796081596716,1,1,1,intracellular protein transmembrane transport,BP,0.00889638096819596
GO:0071806,0.00819796081596716,1,1,1,protein transmembrane transport,BP,0.00889638096819596
GO:0090174,0.00819796081596716,1,1,1,organelle membrane fusion,BP,0.00889638096819596
GO:0097352,0.00819796081596716,1,1,1,autophagosome maturation,BP,0.00889638096819596
GO:0097479,0.00819796081596716,1,1,1,synaptic vesicle localization,BP,0.00889638096819596
GO:0097480,0.00819796081596716,1,1,1,establishment of synaptic vesicle localization,BP,0.00889638096819596
GO:0098916,0.00819796081596716,1,1,1,anterograde trans-synaptic signaling,BP,0.00889638096819596
GO:0099500,0.00819796081596716,1,1,1,vesicle fusion to plasma membrane,BP,0.00889638096819596
GO:0099536,0.00819796081596716,1,1,1,synaptic signaling,BP,0.00889638096819596
GO:0099537,0.00819796081596716,1,1,1,trans-synaptic signaling,BP,0.00889638096819596
GO:0099643,0.00819796081596716,1,1,1,signal release from synapse,BP,0.00889638096819596
GO:0120031,0.00819796081596716,1,1,1,plasma membrane bounded cell projection assembly,BP,0.00889638096819596
GO:0140029,0.00819796081596716,1,1,1,exocytic process,BP,0.00889638096819596
GO:0140056,0.00819796081596716,1,1,1,organelle localization by membrane tethering,BP,0.00889638096819596
GO:1903531,0.00819796081596716,1,1,1,negative regulation of secretion by cell,BP,0.00889638096819596
GO:0006892,0.01168604959545525,1,1,1,post-Golgi vesicle-mediated transport,BP,0.012629404505137798
GO:1901998,0.01168604959545525,1,1,1,toxin transport,BP,0.012629404505137798
GO:0006457,0.012773201528107266,1,1,1,protein folding,BP,0.013439836112762062
GO:0034976,0.012773201528107266,1,1,1,response to endoplasmic reticulum stress,BP,0.013439836112762062
GO:0061077,0.012773201528107266,1,1,1,chaperone-mediated protein folding,BP,0.013439836112762062
GO:1903332,0.012773201528107266,1,1,1,regulation of protein folding,BP,0.013439836112762062
GO:1903334,0.012773201528107266,1,1,1,positive regulation of protein folding,BP,0.013439836112762062
GO:0000281,0.013439836112762062,1,1,1,mitotic cytokinesis,BP,0.013439836112762062
GO:0000820,0.013439836112762062,1,1,1,regulation of glutamine family amino acid metabolic process,BP,0.013439836112762062
GO:0001700,0.013439836112762062,1,1,1,embryonic development via the syncytial blastoderm,BP,0.013439836112762062
GO:0001714,0.013439836112762062,1,1,1,endodermal cell fate specification,BP,0.013439836112762062
GO:0002761,0.013439836112762062,1,1,1,regulation of myeloid leukocyte differentiation,BP,0.013439836112762062
GO:0006521,0.013439836112762062,1,1,1,regulation of cellular amino acid metabolic process,BP,0.013439836112762062
GO:0006909,0.013439836112762062,1,1,1,phagocytosis,BP,0.013439836112762062
GO:0006911,0.013439836112762062,1,1,1,"phagocytosis, engulfment",BP,0.013439836112762062
GO:0007026,0.013439836112762062,1,1,1,negative regulation of microtubule depolymerization,BP,0.013439836112762062
GO:0007043,0.013439836112762062,1,1,1,cell-cell junction assembly,BP,0.013439836112762062
GO:0007091,0.013439836112762062,1,1,1,metaphase/anaphase transition of mitotic cell cycle,BP,0.013439836112762062
GO:0007094,0.013439836112762062,1,1,1,mitotic spindle assembly checkpoint signaling,BP,0.013439836112762062
GO:0007155,0.013439836112762062,1,1,1,cell adhesion,BP,0.013439836112762062
GO:0007405,0.013439836112762062,1,1,1,neuroblast proliferation,BP,0.013439836112762062
GO:0007447,0.013439836112762062,1,1,1,imaginal disc pattern formation,BP,0.013439836112762062
GO:0008362,0.013439836112762062,1,1,1,chitin-based embryonic cuticle biosynthetic process,BP,0.013439836112762062
GO:0009954,0.013439836112762062,1,1,1,proximal/distal pattern formation,BP,0.013439836112762062
GO:0010324,0.013439836112762062,1,1,1,membrane invagination,BP,0.013439836112762062
GO:0010565,0.013439836112762062,1,1,1,regulation of cellular ketone metabolic process,BP,0.013439836112762062
GO:0010639,0.013439836112762062,1,1,1,negative regulation of organelle organization,BP,0.013439836112762062
GO:0010965,0.013439836112762062,1,1,1,regulation of mitotic sister chromatid separation,BP,0.013439836112762062
GO:0016476,0.013439836112762062,1,1,1,regulation of embryonic cell shape,BP,0.013439836112762062
GO:0030029,0.013439836112762062,1,1,1,actin filament-based process,BP,0.013439836112762062
GO:0030036,0.013439836112762062,1,1,1,actin cytoskeleton organization,BP,0.013439836112762062
GO:0030071,0.013439836112762062,1,1,1,regulation of mitotic metaphase/anaphase transition,BP,0.013439836112762062
GO:0030155,0.013439836112762062,1,1,1,regulation of cell adhesion,BP,0.013439836112762062
GO:0030278,0.013439836112762062,1,1,1,regulation of ossification,BP,0.013439836112762062
GO:0030588,0.013439836112762062,1,1,1,pseudocleavage,BP,0.013439836112762062
GO:0030589,0.013439836112762062,1,1,1,pseudocleavage involved in syncytial blastoderm formation,BP,0.013439836112762062
GO:0030720,0.013439836112762062,1,1,1,oocyte localization involved in germarium-derived egg chamber formation,BP,0.013439836112762062
GO:0030865,0.013439836112762062,1,1,1,cortical cytoskeleton organization,BP,0.013439836112762062
GO:0030866,0.013439836112762062,1,1,1,cortical actin cytoskeleton organization,BP,0.013439836112762062
GO:0031110,0.013439836112762062,1,1,1,regulation of microtubule polymerization or depolymerization,BP,0.013439836112762062
GO:0031111,0.013439836112762062,1,1,1,negative regulation of microtubule polymerization or depolymerization,BP,0.013439836112762062
GO:0031112,0.013439836112762062,1,1,1,positive regulation of microtubule polymerization or depolymerization,BP,0.013439836112762062
GO:0031113,0.013439836112762062,1,1,1,regulation of microtubule polymerization,BP,0.013439836112762062
GO:0031114,0.013439836112762062,1,1,1,regulation of microtubule depolymerization,BP,0.013439836112762062
GO:0031116,0.013439836112762062,1,1,1,positive regulation of microtubule polymerization,BP,0.013439836112762062
GO:0031122,0.013439836112762062,1,1,1,cytoplasmic microtubule organization,BP,0.013439836112762062
GO:0031272,0.013439836112762062,1,1,1,regulation of pseudopodium assembly,BP,0.013439836112762062
GO:0031274,0.013439836112762062,1,1,1,positive regulation of pseudopodium assembly,BP,0.013439836112762062
GO:0031334,0.013439836112762062,1,1,1,positive regulation of protein-containing complex assembly,BP,0.013439836112762062
GO:0031577,0.013439836112762062,1,1,1,spindle checkpoint signaling,BP,0.013439836112762062
GO:0032273,0.013439836112762062,1,1,1,positive regulation of protein polymerization,BP,0.013439836112762062
GO:0033046,0.013439836112762062,1,1,1,negative regulation of sister chromatid segregation,BP,0.013439836112762062
GO:0033047,0.013439836112762062,1,1,1,regulation of mitotic sister chromatid segregation,BP,0.013439836112762062
GO:0033048,0.013439836112762062,1,1,1,negative regulation of mitotic sister chromatid segregation,BP,0.013439836112762062
GO:0033077,0.013439836112762062,1,1,1,T cell differentiation in thymus,BP,0.013439836112762062
GO:0033238,0.013439836112762062,1,1,1,regulation of cellular amine metabolic process,BP,0.013439836112762062
GO:0034329,0.013439836112762062,1,1,1,cell junction assembly,BP,0.013439836112762062
GO:0034330,0.013439836112762062,1,1,1,cell junction organization,BP,0.013439836112762062
GO:0035190,0.013439836112762062,1,1,1,syncytial nuclear migration,BP,0.013439836112762062
GO:0040025,0.013439836112762062,1,1,1,vulval development,BP,0.013439836112762062
GO:0040027,0.013439836112762062,1,1,1,negative regulation of vulval development,BP,0.013439836112762062
GO:0040028,0.013439836112762062,1,1,1,regulation of vulval development,BP,0.013439836112762062
GO:0042481,0.013439836112762062,1,1,1,regulation of odontogenesis,BP,0.013439836112762062
GO:0042483,0.013439836112762062,1,1,1,negative regulation of odontogenesis,BP,0.013439836112762062
GO:0043087,0.013439836112762062,1,1,1,regulation of GTPase activity,BP,0.013439836112762062
GO:0043242,0.013439836112762062,1,1,1,negative regulation of protein-containing complex disassembly,BP,0.013439836112762062
GO:0043277,0.013439836112762062,1,1,1,apoptotic cell clearance,BP,0.013439836112762062
GO:0043297,0.013439836112762062,1,1,1,apical junction assembly,BP,0.013439836112762062
GO:0043547,0.013439836112762062,1,1,1,positive regulation of GTPase activity,BP,0.013439836112762062
GO:0043652,0.013439836112762062,1,1,1,engulfment of apoptotic cell,BP,0.013439836112762062
GO:0044089,0.013439836112762062,1,1,1,positive regulation of cellular component biogenesis,BP,0.013439836112762062
GO:0044333,0.013439836112762062,1,1,1,Wnt signaling pathway involved in digestive tract morphogenesis,BP,0.013439836112762062
GO:0044336,0.013439836112762062,1,1,1,canonical Wnt signaling pathway involved in negative regulation of apoptotic process,BP,0.013439836112762062
GO:0044337,0.013439836112762062,1,1,1,canonical Wnt signaling pathway involved in positive regulation of apoptotic process,BP,0.013439836112762062
GO:0045216,0.013439836112762062,1,1,1,cell-cell junction organization,BP,0.013439836112762062
GO:0045667,0.013439836112762062,1,1,1,regulation of osteoblast differentiation,BP,0.013439836112762062
GO:0045670,0.013439836112762062,1,1,1,regulation of osteoclast differentiation,BP,0.013439836112762062
GO:0045785,0.013439836112762062,1,1,1,positive regulation of cell adhesion,BP,0.013439836112762062
GO:0045839,0.013439836112762062,1,1,1,negative regulation of mitotic nuclear division,BP,0.013439836112762062
GO:0045841,0.013439836112762062,1,1,1,negative regulation of mitotic metaphase/anaphase transition,BP,0.013439836112762062
GO:0045843,0.013439836112762062,1,1,1,negative regulation of striated muscle tissue development,BP,0.013439836112762062
GO:0046668,0.013439836112762062,1,1,1,regulation of retinal cell programmed cell death,BP,0.013439836112762062
GO:0046669,0.013439836112762062,1,1,1,regulation of compound eye retinal cell programmed cell death,BP,0.013439836112762062
GO:0046671,0.013439836112762062,1,1,1,negative regulation of retinal cell programmed cell death,BP,0.013439836112762062
GO:0046673,0.013439836112762062,1,1,1,negative regulation of compound eye retinal cell programmed cell death,BP,0.013439836112762062
GO:0046716,0.013439836112762062,1,1,1,muscle cell cellular homeostasis,BP,0.013439836112762062
GO:0048538,0.013439836112762062,1,1,1,thymus development,BP,0.013439836112762062
GO:0048635,0.013439836112762062,1,1,1,negative regulation of muscle organ development,BP,0.013439836112762062
GO:0051259,0.013439836112762062,1,1,1,protein complex oligomerization,BP,0.013439836112762062
GO:0051260,0.013439836112762062,1,1,1,protein homooligomerization,BP,0.013439836112762062
GO:0051302,0.013439836112762062,1,1,1,regulation of cell division,BP,0.013439836112762062
GO:0051494,0.013439836112762062,1,1,1,negative regulation of cytoskeleton organization,BP,0.013439836112762062
GO:0051495,0.013439836112762062,1,1,1,positive regulation of cytoskeleton organization,BP,0.013439836112762062
GO:0051781,0.013439836112762062,1,1,1,positive regulation of cell division,BP,0.013439836112762062
GO:0051782,0.013439836112762062,1,1,1,negative regulation of cell division,BP,0.013439836112762062
GO:0051784,0.013439836112762062,1,1,1,negative regulation of nuclear division,BP,0.013439836112762062
GO:0051985,0.013439836112762062,1,1,1,negative regulation of chromosome segregation,BP,0.013439836112762062
GO:0051988,0.013439836112762062,1,1,1,regulation of attachment of spindle microtubules to kinetochore,BP,0.013439836112762062
GO:0055021,0.013439836112762062,1,1,1,regulation of cardiac muscle tissue growth,BP,0.013439836112762062
GO:0055022,0.013439836112762062,1,1,1,negative regulation of cardiac muscle tissue growth,BP,0.013439836112762062
GO:0055024,0.013439836112762062,1,1,1,regulation of cardiac muscle tissue development,BP,0.013439836112762062
GO:0055026,0.013439836112762062,1,1,1,negative regulation of cardiac muscle tissue development,BP,0.013439836112762062
GO:0060043,0.013439836112762062,1,1,1,regulation of cardiac muscle cell proliferation,BP,0.013439836112762062
GO:0060044,0.013439836112762062,1,1,1,negative regulation of cardiac muscle cell proliferation,BP,0.013439836112762062
GO:0060420,0.013439836112762062,1,1,1,regulation of heart growth,BP,0.013439836112762062
GO:0060491,0.013439836112762062,1,1,1,regulation of cell projection assembly,BP,0.013439836112762062
GO:0060632,0.013439836112762062,1,1,1,regulation of microtubule-based movement,BP,0.013439836112762062
GO:0060768,0.013439836112762062,1,1,1,regulation of epithelial cell proliferation involved in prostate gland development,BP,0.013439836112762062
GO:0060770,0.013439836112762062,1,1,1,negative regulation of epithelial cell proliferation involved in prostate gland development,BP,0.013439836112762062
GO:0061117,0.013439836112762062,1,1,1,negative regulation of heart growth,BP,0.013439836112762062
GO:0061351,0.013439836112762062,1,1,1,neural precursor cell proliferation,BP,0.013439836112762062
GO:0062012,0.013439836112762062,1,1,1,regulation of small molecule metabolic process,BP,0.013439836112762062
GO:0070830,0.013439836112762062,1,1,1,bicellular tight junction assembly,BP,0.013439836112762062
GO:0071173,0.013439836112762062,1,1,1,spindle assembly checkpoint signaling,BP,0.013439836112762062
GO:0071174,0.013439836112762062,1,1,1,mitotic spindle checkpoint signaling,BP,0.013439836112762062
GO:0090630,0.013439836112762062,1,1,1,activation of GTPase activity,BP,0.013439836112762062
GO:0097305,0.013439836112762062,1,1,1,response to alcohol,BP,0.013439836112762062
GO:0097435,0.013439836112762062,1,1,1,supramolecular fiber organization,BP,0.013439836112762062
GO:0099024,0.013439836112762062,1,1,1,plasma membrane invagination,BP,0.013439836112762062
GO:0120032,0.013439836112762062,1,1,1,regulation of plasma membrane bounded cell projection assembly,BP,0.013439836112762062
GO:0120034,0.013439836112762062,1,1,1,positive regulation of plasma membrane bounded cell projection assembly,BP,0.013439836112762062
GO:1901862,0.013439836112762062,1,1,1,negative regulation of muscle tissue development,BP,0.013439836112762062
GO:1901879,0.013439836112762062,1,1,1,regulation of protein depolymerization,BP,0.013439836112762062
GO:1901880,0.013439836112762062,1,1,1,negative regulation of protein depolymerization,BP,0.013439836112762062
GO:1902099,0.013439836112762062,1,1,1,regulation of metaphase/anaphase transition of cell cycle,BP,0.013439836112762062
GO:1902100,0.013439836112762062,1,1,1,negative regulation of metaphase/anaphase transition of cell cycle,BP,0.013439836112762062
GO:1902105,0.013439836112762062,1,1,1,regulation of leukocyte differentiation,BP,0.013439836112762062
GO:1902904,0.013439836112762062,1,1,1,negative regulation of supramolecular fiber organization,BP,0.013439836112762062
GO:1902905,0.013439836112762062,1,1,1,positive regulation of supramolecular fiber organization,BP,0.013439836112762062
GO:1904885,0.013439836112762062,1,1,1,beta-catenin destruction complex assembly,BP,0.013439836112762062
GO:1904886,0.013439836112762062,1,1,1,beta-catenin destruction complex disassembly,BP,0.013439836112762062
GO:1905126,0.013439836112762062,1,1,1,regulation of axo-dendritic protein transport,BP,0.013439836112762062
GO:1905818,0.013439836112762062,1,1,1,regulation of chromosome separation,BP,0.013439836112762062
GO:1905819,0.013439836112762062,1,1,1,negative regulation of chromosome separation,BP,0.013439836112762062
GO:1990089,0.013439836112762062,1,1,1,response to nerve growth factor,BP,0.013439836112762062
GO:1990090,0.013439836112762062,1,1,1,cellular response to nerve growth factor stimulus,BP,0.013439836112762062
GO:2000056,0.013439836112762062,1,1,1,regulation of Wnt signaling pathway involved in digestive tract morphogenesis,BP,0.013439836112762062
GO:2000057,0.013439836112762062,1,1,1,negative regulation of Wnt signaling pathway involved in digestive tract morphogenesis,BP,0.013439836112762062
GO:2000211,0.013439836112762062,1,1,1,regulation of glutamate metabolic process,BP,0.013439836112762062
GO:2000242,0.013439836112762062,1,1,1,negative regulation of reproductive process,BP,0.013439836112762062
GO:2000816,0.013439836112762062,1,1,1,negative regulation of mitotic sister chromatid separation,BP,0.013439836112762062
GO:2001251,0.013439836112762062,1,1,1,negative regulation of chromosome organization,BP,0.013439836112762062
