gene_id,GOs
Montipora_capitata_HIv3___TS.g26493.t2a,GO:0000166
Montipora_capitata_HIv3___TS.g26493.t2a,GO:0000323
Montipora_capitata_HIv3___TS.g26493.t2a,GO:0001775
Montipora_capitata_HIv3___TS.g26493.t2a,GO:0001878
Montipora_capitata_HIv3___TS.g26493.t2a,GO:0002252
Montipora_capitata_HIv3___TS.g26493.t2a,GO:0002263
Montipora_capitata_HIv3___TS.g26493.t2a,GO:0002274
Montipora_capitata_HIv3___TS.g26493.t2a,GO:0002275
Montipora_capitata_HIv3___TS.g26493.t2a,GO:0002283
Montipora_capitata_HIv3___TS.g26493.t2a,GO:0002366
Montipora_capitata_HIv3___TS.g26493.t2a,GO:0002376
Montipora_capitata_HIv3___TS.g26493.t2a,GO:0002443
Montipora_capitata_HIv3___TS.g26493.t2a,GO:0002444
Montipora_capitata_HIv3___TS.g26493.t2a,GO:0002446
Montipora_capitata_HIv3___TS.g26493.t2a,GO:0002576
Montipora_capitata_HIv3___TS.g26493.t2a,GO:0003008
Montipora_capitata_HIv3___TS.g26493.t2a,GO:0003013
Montipora_capitata_HIv3___TS.g26493.t2a,GO:0003674
Montipora_capitata_HIv3___TS.g26493.t2a,GO:0003824
Montipora_capitata_HIv3___TS.g26493.t2a,GO:0004128
Montipora_capitata_HIv3___TS.g26493.t2a,GO:0005488
Montipora_capitata_HIv3___TS.g26493.t2a,GO:0005575
Montipora_capitata_HIv3___TS.g26493.t2a,GO:0005576
Montipora_capitata_HIv3___TS.g26493.t2a,GO:0005622
Montipora_capitata_HIv3___TS.g26493.t2a,GO:0005623
Montipora_capitata_HIv3___TS.g26493.t2a,GO:0005737
Montipora_capitata_HIv3___TS.g26493.t2a,GO:0005739
Montipora_capitata_HIv3___TS.g26493.t2a,GO:0005740
Montipora_capitata_HIv3___TS.g26493.t2a,GO:0005741
Montipora_capitata_HIv3___TS.g26493.t2a,GO:0005764
Montipora_capitata_HIv3___TS.g26493.t2a,GO:0005766
Montipora_capitata_HIv3___TS.g26493.t2a,GO:0005773
Montipora_capitata_HIv3___TS.g26493.t2a,GO:0005775
Montipora_capitata_HIv3___TS.g26493.t2a,GO:0005783
Montipora_capitata_HIv3___TS.g26493.t2a,GO:0005789
Montipora_capitata_HIv3___TS.g26493.t2a,GO:0005794
Montipora_capitata_HIv3___TS.g26493.t2a,GO:0005798
Montipora_capitata_HIv3___TS.g26493.t2a,GO:0005811
Montipora_capitata_HIv3___TS.g26493.t2a,GO:0005829
Montipora_capitata_HIv3___TS.g26493.t2a,GO:0005833
Montipora_capitata_HIv3___TS.g26493.t2a,GO:0005886
Montipora_capitata_HIv3___TS.g26493.t2a,GO:0005975
Montipora_capitata_HIv3___TS.g26493.t2a,GO:0005996
Montipora_capitata_HIv3___TS.g26493.t2a,GO:0006082
Montipora_capitata_HIv3___TS.g26493.t2a,GO:0006732
Montipora_capitata_HIv3___TS.g26493.t2a,GO:0006766
Montipora_capitata_HIv3___TS.g26493.t2a,GO:0006767
Montipora_capitata_HIv3___TS.g26493.t2a,GO:0006810
Montipora_capitata_HIv3___TS.g26493.t2a,GO:0006811
Montipora_capitata_HIv3___TS.g26493.t2a,GO:0006820
Montipora_capitata_HIv3___TS.g26493.t2a,GO:0006887
Montipora_capitata_HIv3___TS.g26493.t2a,GO:0006890
Montipora_capitata_HIv3___TS.g26493.t2a,GO:0006955
Montipora_capitata_HIv3___TS.g26493.t2a,GO:0008015
Montipora_capitata_HIv3___TS.g26493.t2a,GO:0008144
Montipora_capitata_HIv3___TS.g26493.t2a,GO:0008150
Montipora_capitata_HIv3___TS.g26493.t2a,GO:0008152
Montipora_capitata_HIv3___TS.g26493.t2a,GO:0009605
Montipora_capitata_HIv3___TS.g26493.t2a,GO:0009607
Montipora_capitata_HIv3___TS.g26493.t2a,GO:0009620
Montipora_capitata_HIv3___TS.g26493.t2a,GO:0009987
Montipora_capitata_HIv3___TS.g26493.t2a,GO:0010883
Montipora_capitata_HIv3___TS.g26493.t2a,GO:0012505
Montipora_capitata_HIv3___TS.g26493.t2a,GO:0012506
Montipora_capitata_HIv3___TS.g26493.t2a,GO:0015701
Montipora_capitata_HIv3___TS.g26493.t2a,GO:0015711
Montipora_capitata_HIv3___TS.g26493.t2a,GO:0016020
Montipora_capitata_HIv3___TS.g26493.t2a,GO:0016192
Montipora_capitata_HIv3___TS.g26493.t2a,GO:0016208
Montipora_capitata_HIv3___TS.g26493.t2a,GO:0016491
Montipora_capitata_HIv3___TS.g26493.t2a,GO:0016651
Montipora_capitata_HIv3___TS.g26493.t2a,GO:0016653
Montipora_capitata_HIv3___TS.g26493.t2a,GO:0017076
Montipora_capitata_HIv3___TS.g26493.t2a,GO:0019752
Montipora_capitata_HIv3___TS.g26493.t2a,GO:0019852
Montipora_capitata_HIv3___TS.g26493.t2a,GO:0019867
Montipora_capitata_HIv3___TS.g26493.t2a,GO:0030117
Montipora_capitata_HIv3___TS.g26493.t2a,GO:0030120
Montipora_capitata_HIv3___TS.g26493.t2a,GO:0030126
Montipora_capitata_HIv3___TS.g26493.t2a,GO:0030135
Montipora_capitata_HIv3___TS.g26493.t2a,GO:0030137
Montipora_capitata_HIv3___TS.g26493.t2a,GO:0030141
Montipora_capitata_HIv3___TS.g26493.t2a,GO:0030554
Montipora_capitata_HIv3___TS.g26493.t2a,GO:0030659
Montipora_capitata_HIv3___TS.g26493.t2a,GO:0030660
Montipora_capitata_HIv3___TS.g26493.t2a,GO:0030662
Montipora_capitata_HIv3___TS.g26493.t2a,GO:0030663
Montipora_capitata_HIv3___TS.g26493.t2a,GO:0030667
Montipora_capitata_HIv3___TS.g26493.t2a,GO:0031090
Montipora_capitata_HIv3___TS.g26493.t2a,GO:0031091
Montipora_capitata_HIv3___TS.g26493.t2a,GO:0031092
Montipora_capitata_HIv3___TS.g26493.t2a,GO:0031410
Montipora_capitata_HIv3___TS.g26493.t2a,GO:0031966
Montipora_capitata_HIv3___TS.g26493.t2a,GO:0031967
Montipora_capitata_HIv3___TS.g26493.t2a,GO:0031968
Montipora_capitata_HIv3___TS.g26493.t2a,GO:0031974
Montipora_capitata_HIv3___TS.g26493.t2a,GO:0031975
Montipora_capitata_HIv3___TS.g26493.t2a,GO:0031982
Montipora_capitata_HIv3___TS.g26493.t2a,GO:0031983
Montipora_capitata_HIv3___TS.g26493.t2a,GO:0031984
Montipora_capitata_HIv3___TS.g26493.t2a,GO:0032501
Montipora_capitata_HIv3___TS.g26493.t2a,GO:0032553
Montipora_capitata_HIv3___TS.g26493.t2a,GO:0032555
Montipora_capitata_HIv3___TS.g26493.t2a,GO:0032559
Montipora_capitata_HIv3___TS.g26493.t2a,GO:0032879
Montipora_capitata_HIv3___TS.g26493.t2a,GO:0032940
Montipora_capitata_HIv3___TS.g26493.t2a,GO:0032991
Montipora_capitata_HIv3___TS.g26493.t2a,GO:0034774
Montipora_capitata_HIv3___TS.g26493.t2a,GO:0035578
Montipora_capitata_HIv3___TS.g26493.t2a,GO:0036094
Montipora_capitata_HIv3___TS.g26493.t2a,GO:0036230
Montipora_capitata_HIv3___TS.g26493.t2a,GO:0042119
Montipora_capitata_HIv3___TS.g26493.t2a,GO:0042175
Montipora_capitata_HIv3___TS.g26493.t2a,GO:0042582
Montipora_capitata_HIv3___TS.g26493.t2a,GO:0043167
Montipora_capitata_HIv3___TS.g26493.t2a,GO:0043168
Montipora_capitata_HIv3___TS.g26493.t2a,GO:0043169
Montipora_capitata_HIv3___TS.g26493.t2a,GO:0043207
Montipora_capitata_HIv3___TS.g26493.t2a,GO:0043226
Montipora_capitata_HIv3___TS.g26493.t2a,GO:0043227
Montipora_capitata_HIv3___TS.g26493.t2a,GO:0043228
Montipora_capitata_HIv3___TS.g26493.t2a,GO:0043229
Montipora_capitata_HIv3___TS.g26493.t2a,GO:0043231
Montipora_capitata_HIv3___TS.g26493.t2a,GO:0043232
Montipora_capitata_HIv3___TS.g26493.t2a,GO:0043233
Montipora_capitata_HIv3___TS.g26493.t2a,GO:0043299
Montipora_capitata_HIv3___TS.g26493.t2a,GO:0043312
Montipora_capitata_HIv3___TS.g26493.t2a,GO:0043436
Montipora_capitata_HIv3___TS.g26493.t2a,GO:0043531
Montipora_capitata_HIv3___TS.g26493.t2a,GO:0044237
Montipora_capitata_HIv3___TS.g26493.t2a,GO:0044238
Montipora_capitata_HIv3___TS.g26493.t2a,GO:0044281
Montipora_capitata_HIv3___TS.g26493.t2a,GO:0044422
Montipora_capitata_HIv3___TS.g26493.t2a,GO:0044424
Montipora_capitata_HIv3___TS.g26493.t2a,GO:0044425
Montipora_capitata_HIv3___TS.g26493.t2a,GO:0044429
Montipora_capitata_HIv3___TS.g26493.t2a,GO:0044431
Montipora_capitata_HIv3___TS.g26493.t2a,GO:0044432
Montipora_capitata_HIv3___TS.g26493.t2a,GO:0044433
Montipora_capitata_HIv3___TS.g26493.t2a,GO:0044437
Montipora_capitata_HIv3___TS.g26493.t2a,GO:0044444
Montipora_capitata_HIv3___TS.g26493.t2a,GO:0044445
Montipora_capitata_HIv3___TS.g26493.t2a,GO:0044446
Montipora_capitata_HIv3___TS.g26493.t2a,GO:0044464
Montipora_capitata_HIv3___TS.g26493.t2a,GO:0045055
Montipora_capitata_HIv3___TS.g26493.t2a,GO:0045321
Montipora_capitata_HIv3___TS.g26493.t2a,GO:0046903
Montipora_capitata_HIv3___TS.g26493.t2a,GO:0048037
Montipora_capitata_HIv3___TS.g26493.t2a,GO:0048193
Montipora_capitata_HIv3___TS.g26493.t2a,GO:0048475
Montipora_capitata_HIv3___TS.g26493.t2a,GO:0050660
Montipora_capitata_HIv3___TS.g26493.t2a,GO:0050662
Montipora_capitata_HIv3___TS.g26493.t2a,GO:0050789
Montipora_capitata_HIv3___TS.g26493.t2a,GO:0050896
Montipora_capitata_HIv3___TS.g26493.t2a,GO:0051179
Montipora_capitata_HIv3___TS.g26493.t2a,GO:0051186
Montipora_capitata_HIv3___TS.g26493.t2a,GO:0051234
Montipora_capitata_HIv3___TS.g26493.t2a,GO:0051287
Montipora_capitata_HIv3___TS.g26493.t2a,GO:0051704
Montipora_capitata_HIv3___TS.g26493.t2a,GO:0051707
Montipora_capitata_HIv3___TS.g26493.t2a,GO:0055114
Montipora_capitata_HIv3___TS.g26493.t2a,GO:0060205
Montipora_capitata_HIv3___TS.g26493.t2a,GO:0065007
Montipora_capitata_HIv3___TS.g26493.t2a,GO:0065008
Montipora_capitata_HIv3___TS.g26493.t2a,GO:0070013
Montipora_capitata_HIv3___TS.g26493.t2a,GO:0071702
Montipora_capitata_HIv3___TS.g26493.t2a,GO:0071704
Montipora_capitata_HIv3___TS.g26493.t2a,GO:0071944
Montipora_capitata_HIv3___TS.g26493.t2a,GO:0071949
Montipora_capitata_HIv3___TS.g26493.t2a,GO:0097159
Montipora_capitata_HIv3___TS.g26493.t2a,GO:0097367
Montipora_capitata_HIv3___TS.g26493.t2a,GO:0097708
Montipora_capitata_HIv3___TS.g26493.t2a,GO:0098588
Montipora_capitata_HIv3___TS.g26493.t2a,GO:0098796
Montipora_capitata_HIv3___TS.g26493.t2a,GO:0098805
Montipora_capitata_HIv3___TS.g26493.t2a,GO:0098827
Montipora_capitata_HIv3___TS.g26493.t2a,GO:0099503
Montipora_capitata_HIv3___TS.g26493.t2a,GO:1901265
Montipora_capitata_HIv3___TS.g26493.t2a,GO:1901363
Montipora_capitata_HIv3___TS.g26493.t2a,GO:1905952
Montipora_capitata_HIv3___RNAseq.g5198.t1,GO:0000724
Montipora_capitata_HIv3___RNAseq.g5198.t1,GO:0000725
Montipora_capitata_HIv3___RNAseq.g5198.t1,GO:0000733
Montipora_capitata_HIv3___RNAseq.g5198.t1,GO:0003674
Montipora_capitata_HIv3___RNAseq.g5198.t1,GO:0003676
Montipora_capitata_HIv3___RNAseq.g5198.t1,GO:0003677
Montipora_capitata_HIv3___RNAseq.g5198.t1,GO:0003678
Montipora_capitata_HIv3___RNAseq.g5198.t1,GO:0003824
Montipora_capitata_HIv3___RNAseq.g5198.t1,GO:0004003
Montipora_capitata_HIv3___RNAseq.g5198.t1,GO:0004386
Montipora_capitata_HIv3___RNAseq.g5198.t1,GO:0005488
Montipora_capitata_HIv3___RNAseq.g5198.t1,GO:0005575
Montipora_capitata_HIv3___RNAseq.g5198.t1,GO:0005622
Montipora_capitata_HIv3___RNAseq.g5198.t1,GO:0005623
Montipora_capitata_HIv3___RNAseq.g5198.t1,GO:0005634
Montipora_capitata_HIv3___RNAseq.g5198.t1,GO:0005654
Montipora_capitata_HIv3___RNAseq.g5198.t1,GO:0005694
Montipora_capitata_HIv3___RNAseq.g5198.t1,GO:0005737
Montipora_capitata_HIv3___RNAseq.g5198.t1,GO:0006139
Montipora_capitata_HIv3___RNAseq.g5198.t1,GO:0006259
Montipora_capitata_HIv3___RNAseq.g5198.t1,GO:0006281
Montipora_capitata_HIv3___RNAseq.g5198.t1,GO:0006302
Montipora_capitata_HIv3___RNAseq.g5198.t1,GO:0006310
Montipora_capitata_HIv3___RNAseq.g5198.t1,GO:0006725
Montipora_capitata_HIv3___RNAseq.g5198.t1,GO:0006807
Montipora_capitata_HIv3___RNAseq.g5198.t1,GO:0006950
Montipora_capitata_HIv3___RNAseq.g5198.t1,GO:0006974
Montipora_capitata_HIv3___RNAseq.g5198.t1,GO:0006996
Montipora_capitata_HIv3___RNAseq.g5198.t1,GO:0008026
Montipora_capitata_HIv3___RNAseq.g5198.t1,GO:0008094
Montipora_capitata_HIv3___RNAseq.g5198.t1,GO:0008150
Montipora_capitata_HIv3___RNAseq.g5198.t1,GO:0008152
Montipora_capitata_HIv3___RNAseq.g5198.t1,GO:0009378
Montipora_capitata_HIv3___RNAseq.g5198.t1,GO:0009987
Montipora_capitata_HIv3___RNAseq.g5198.t1,GO:0016043
Montipora_capitata_HIv3___RNAseq.g5198.t1,GO:0016462
Montipora_capitata_HIv3___RNAseq.g5198.t1,GO:0016787
Montipora_capitata_HIv3___RNAseq.g5198.t1,GO:0016817
Montipora_capitata_HIv3___RNAseq.g5198.t1,GO:0016818
Montipora_capitata_HIv3___RNAseq.g5198.t1,GO:0016887
Montipora_capitata_HIv3___RNAseq.g5198.t1,GO:0017111
Montipora_capitata_HIv3___RNAseq.g5198.t1,GO:0031974
Montipora_capitata_HIv3___RNAseq.g5198.t1,GO:0031981
Montipora_capitata_HIv3___RNAseq.g5198.t1,GO:0032392
Montipora_capitata_HIv3___RNAseq.g5198.t1,GO:0032508
Montipora_capitata_HIv3___RNAseq.g5198.t1,GO:0033554
Montipora_capitata_HIv3___RNAseq.g5198.t1,GO:0034641
Montipora_capitata_HIv3___RNAseq.g5198.t1,GO:0036310
Montipora_capitata_HIv3___RNAseq.g5198.t1,GO:0042623
Montipora_capitata_HIv3___RNAseq.g5198.t1,GO:0043138
Montipora_capitata_HIv3___RNAseq.g5198.t1,GO:0043140
Montipora_capitata_HIv3___RNAseq.g5198.t1,GO:0043170
Montipora_capitata_HIv3___RNAseq.g5198.t1,GO:0043226
Montipora_capitata_HIv3___RNAseq.g5198.t1,GO:0043227
Montipora_capitata_HIv3___RNAseq.g5198.t1,GO:0043228
Montipora_capitata_HIv3___RNAseq.g5198.t1,GO:0043229
Montipora_capitata_HIv3___RNAseq.g5198.t1,GO:0043231
Montipora_capitata_HIv3___RNAseq.g5198.t1,GO:0043232
Montipora_capitata_HIv3___RNAseq.g5198.t1,GO:0043233
Montipora_capitata_HIv3___RNAseq.g5198.t1,GO:0044237
Montipora_capitata_HIv3___RNAseq.g5198.t1,GO:0044238
Montipora_capitata_HIv3___RNAseq.g5198.t1,GO:0044260
Montipora_capitata_HIv3___RNAseq.g5198.t1,GO:0044422
Montipora_capitata_HIv3___RNAseq.g5198.t1,GO:0044424
Montipora_capitata_HIv3___RNAseq.g5198.t1,GO:0044428
Montipora_capitata_HIv3___RNAseq.g5198.t1,GO:0044446
Montipora_capitata_HIv3___RNAseq.g5198.t1,GO:0044464
Montipora_capitata_HIv3___RNAseq.g5198.t1,GO:0046483
Montipora_capitata_HIv3___RNAseq.g5198.t1,GO:0050896
Montipora_capitata_HIv3___RNAseq.g5198.t1,GO:0051276
Montipora_capitata_HIv3___RNAseq.g5198.t1,GO:0051716
Montipora_capitata_HIv3___RNAseq.g5198.t1,GO:0070013
Montipora_capitata_HIv3___RNAseq.g5198.t1,GO:0070035
Montipora_capitata_HIv3___RNAseq.g5198.t1,GO:0071103
Montipora_capitata_HIv3___RNAseq.g5198.t1,GO:0071704
Montipora_capitata_HIv3___RNAseq.g5198.t1,GO:0071840
Montipora_capitata_HIv3___RNAseq.g5198.t1,GO:0090304
Montipora_capitata_HIv3___RNAseq.g5198.t1,GO:0097159
Montipora_capitata_HIv3___RNAseq.g5198.t1,GO:0097617
Montipora_capitata_HIv3___RNAseq.g5198.t1,GO:0140097
Montipora_capitata_HIv3___RNAseq.g5198.t1,GO:1901360
Montipora_capitata_HIv3___RNAseq.g5198.t1,GO:1901363
Montipora_capitata_HIv3___RNAseq.g6929.t1,GO:0003674
Montipora_capitata_HIv3___RNAseq.g6929.t1,GO:0003824
Montipora_capitata_HIv3___RNAseq.g6929.t1,GO:0004518
Montipora_capitata_HIv3___RNAseq.g6929.t1,GO:0004519
Montipora_capitata_HIv3___RNAseq.g6929.t1,GO:0004521
Montipora_capitata_HIv3___RNAseq.g6929.t1,GO:0004523
Montipora_capitata_HIv3___RNAseq.g6929.t1,GO:0004540
Montipora_capitata_HIv3___RNAseq.g6929.t1,GO:0005575
Montipora_capitata_HIv3___RNAseq.g6929.t1,GO:0005622
Montipora_capitata_HIv3___RNAseq.g6929.t1,GO:0005623
Montipora_capitata_HIv3___RNAseq.g6929.t1,GO:0005634
Montipora_capitata_HIv3___RNAseq.g6929.t1,GO:0005654
Montipora_capitata_HIv3___RNAseq.g6929.t1,GO:0005737
Montipora_capitata_HIv3___RNAseq.g6929.t1,GO:0005829
Montipora_capitata_HIv3___RNAseq.g6929.t1,GO:0006139
Montipora_capitata_HIv3___RNAseq.g6929.t1,GO:0006259
Montipora_capitata_HIv3___RNAseq.g6929.t1,GO:0006260
Montipora_capitata_HIv3___RNAseq.g6929.t1,GO:0006261
Montipora_capitata_HIv3___RNAseq.g6929.t1,GO:0006271
Montipora_capitata_HIv3___RNAseq.g6929.t1,GO:0006273
Montipora_capitata_HIv3___RNAseq.g6929.t1,GO:0006281
Montipora_capitata_HIv3___RNAseq.g6929.t1,GO:0006298
Montipora_capitata_HIv3___RNAseq.g6929.t1,GO:0006401
Montipora_capitata_HIv3___RNAseq.g6929.t1,GO:0006725
Montipora_capitata_HIv3___RNAseq.g6929.t1,GO:0006807
Montipora_capitata_HIv3___RNAseq.g6929.t1,GO:0006950
Montipora_capitata_HIv3___RNAseq.g6929.t1,GO:0006974
Montipora_capitata_HIv3___RNAseq.g6929.t1,GO:0008150
Montipora_capitata_HIv3___RNAseq.g6929.t1,GO:0008152
Montipora_capitata_HIv3___RNAseq.g6929.t1,GO:0009056
Montipora_capitata_HIv3___RNAseq.g6929.t1,GO:0009057
Montipora_capitata_HIv3___RNAseq.g6929.t1,GO:0009058
Montipora_capitata_HIv3___RNAseq.g6929.t1,GO:0009059
Montipora_capitata_HIv3___RNAseq.g6929.t1,GO:0009987
Montipora_capitata_HIv3___RNAseq.g6929.t1,GO:0016070
Montipora_capitata_HIv3___RNAseq.g6929.t1,GO:0016787
Montipora_capitata_HIv3___RNAseq.g6929.t1,GO:0016788
Montipora_capitata_HIv3___RNAseq.g6929.t1,GO:0016891
Montipora_capitata_HIv3___RNAseq.g6929.t1,GO:0016893
Montipora_capitata_HIv3___RNAseq.g6929.t1,GO:0019439
Montipora_capitata_HIv3___RNAseq.g6929.t1,GO:0022616
Montipora_capitata_HIv3___RNAseq.g6929.t1,GO:0031974
Montipora_capitata_HIv3___RNAseq.g6929.t1,GO:0031981
Montipora_capitata_HIv3___RNAseq.g6929.t1,GO:0032299
Montipora_capitata_HIv3___RNAseq.g6929.t1,GO:0032991
Montipora_capitata_HIv3___RNAseq.g6929.t1,GO:0033554
Montipora_capitata_HIv3___RNAseq.g6929.t1,GO:0033567
Montipora_capitata_HIv3___RNAseq.g6929.t1,GO:0034641
Montipora_capitata_HIv3___RNAseq.g6929.t1,GO:0034645
Montipora_capitata_HIv3___RNAseq.g6929.t1,GO:0034655
Montipora_capitata_HIv3___RNAseq.g6929.t1,GO:0043137
Montipora_capitata_HIv3___RNAseq.g6929.t1,GO:0043170
Montipora_capitata_HIv3___RNAseq.g6929.t1,GO:0043226
Montipora_capitata_HIv3___RNAseq.g6929.t1,GO:0043227
Montipora_capitata_HIv3___RNAseq.g6929.t1,GO:0043229
Montipora_capitata_HIv3___RNAseq.g6929.t1,GO:0043231
Montipora_capitata_HIv3___RNAseq.g6929.t1,GO:0043233
Montipora_capitata_HIv3___RNAseq.g6929.t1,GO:0044237
Montipora_capitata_HIv3___RNAseq.g6929.t1,GO:0044238
Montipora_capitata_HIv3___RNAseq.g6929.t1,GO:0044248
Montipora_capitata_HIv3___RNAseq.g6929.t1,GO:0044249
Montipora_capitata_HIv3___RNAseq.g6929.t1,GO:0044260
Montipora_capitata_HIv3___RNAseq.g6929.t1,GO:0044265
Montipora_capitata_HIv3___RNAseq.g6929.t1,GO:0044270
Montipora_capitata_HIv3___RNAseq.g6929.t1,GO:0044422
Montipora_capitata_HIv3___RNAseq.g6929.t1,GO:0044424
Montipora_capitata_HIv3___RNAseq.g6929.t1,GO:0044428
Montipora_capitata_HIv3___RNAseq.g6929.t1,GO:0044444
Montipora_capitata_HIv3___RNAseq.g6929.t1,GO:0044446
Montipora_capitata_HIv3___RNAseq.g6929.t1,GO:0044464
Montipora_capitata_HIv3___RNAseq.g6929.t1,GO:0046483
Montipora_capitata_HIv3___RNAseq.g6929.t1,GO:0046700
Montipora_capitata_HIv3___RNAseq.g6929.t1,GO:0050896
Montipora_capitata_HIv3___RNAseq.g6929.t1,GO:0051716
Montipora_capitata_HIv3___RNAseq.g6929.t1,GO:0070013
Montipora_capitata_HIv3___RNAseq.g6929.t1,GO:0071704
Montipora_capitata_HIv3___RNAseq.g6929.t1,GO:0090304
Montipora_capitata_HIv3___RNAseq.g6929.t1,GO:0090305
Montipora_capitata_HIv3___RNAseq.g6929.t1,GO:0090501
Montipora_capitata_HIv3___RNAseq.g6929.t1,GO:0090502
Montipora_capitata_HIv3___RNAseq.g6929.t1,GO:0140098
Montipora_capitata_HIv3___RNAseq.g6929.t1,GO:1901360
Montipora_capitata_HIv3___RNAseq.g6929.t1,GO:1901361
Montipora_capitata_HIv3___RNAseq.g6929.t1,GO:1901575
Montipora_capitata_HIv3___RNAseq.g6929.t1,GO:1901576
Montipora_capitata_HIv3___RNAseq.g11828.t1,GO:0000075
Montipora_capitata_HIv3___RNAseq.g11828.t1,GO:0000077
Montipora_capitata_HIv3___RNAseq.g11828.t1,GO:0000278
Montipora_capitata_HIv3___RNAseq.g11828.t1,GO:0000976
Montipora_capitata_HIv3___RNAseq.g11828.t1,GO:0000977
Montipora_capitata_HIv3___RNAseq.g11828.t1,GO:0000978
Montipora_capitata_HIv3___RNAseq.g11828.t1,GO:0000981
Montipora_capitata_HIv3___RNAseq.g11828.t1,GO:0000982
Montipora_capitata_HIv3___RNAseq.g11828.t1,GO:0000987
Montipora_capitata_HIv3___RNAseq.g11828.t1,GO:0001012
Montipora_capitata_HIv3___RNAseq.g11828.t1,GO:0001046
Montipora_capitata_HIv3___RNAseq.g11828.t1,GO:0001047
Montipora_capitata_HIv3___RNAseq.g11828.t1,GO:0001067
Montipora_capitata_HIv3___RNAseq.g11828.t1,GO:0001077
Montipora_capitata_HIv3___RNAseq.g11828.t1,GO:0001228
Montipora_capitata_HIv3___RNAseq.g11828.t1,GO:0001501
Montipora_capitata_HIv3___RNAseq.g11828.t1,GO:0001568
Montipora_capitata_HIv3___RNAseq.g11828.t1,GO:0001655
Montipora_capitata_HIv3___RNAseq.g11828.t1,GO:0001666
Montipora_capitata_HIv3___RNAseq.g11828.t1,GO:0001678
Montipora_capitata_HIv3___RNAseq.g11828.t1,GO:0001775
Montipora_capitata_HIv3___RNAseq.g11828.t1,GO:0001822
Montipora_capitata_HIv3___RNAseq.g11828.t1,GO:0001838
Montipora_capitata_HIv3___RNAseq.g11828.t1,GO:0001841
Montipora_capitata_HIv3___RNAseq.g11828.t1,GO:0001944
Montipora_capitata_HIv3___RNAseq.g11828.t1,GO:0002009
Montipora_capitata_HIv3___RNAseq.g11828.t1,GO:0002065
Montipora_capitata_HIv3___RNAseq.g11828.t1,GO:0002244
Montipora_capitata_HIv3___RNAseq.g11828.t1,GO:0002320
Montipora_capitata_HIv3___RNAseq.g11828.t1,GO:0002328
Montipora_capitata_HIv3___RNAseq.g11828.t1,GO:0002376
Montipora_capitata_HIv3___RNAseq.g11828.t1,GO:0002520
Montipora_capitata_HIv3___RNAseq.g11828.t1,GO:0002521
Montipora_capitata_HIv3___RNAseq.g11828.t1,GO:0002791
Montipora_capitata_HIv3___RNAseq.g11828.t1,GO:0002793
Montipora_capitata_HIv3___RNAseq.g11828.t1,GO:0003007
Montipora_capitata_HIv3___RNAseq.g11828.t1,GO:0003170
Montipora_capitata_HIv3___RNAseq.g11828.t1,GO:0003171
Montipora_capitata_HIv3___RNAseq.g11828.t1,GO:0003174
Montipora_capitata_HIv3___RNAseq.g11828.t1,GO:0003179
Montipora_capitata_HIv3___RNAseq.g11828.t1,GO:0003181
Montipora_capitata_HIv3___RNAseq.g11828.t1,GO:0003183
Montipora_capitata_HIv3___RNAseq.g11828.t1,GO:0003205
Montipora_capitata_HIv3___RNAseq.g11828.t1,GO:0003206
Montipora_capitata_HIv3___RNAseq.g11828.t1,GO:0003207
Montipora_capitata_HIv3___RNAseq.g11828.t1,GO:0003208
Montipora_capitata_HIv3___RNAseq.g11828.t1,GO:0003209
Montipora_capitata_HIv3___RNAseq.g11828.t1,GO:0003211
Montipora_capitata_HIv3___RNAseq.g11828.t1,GO:0003215
Montipora_capitata_HIv3___RNAseq.g11828.t1,GO:0003230
Montipora_capitata_HIv3___RNAseq.g11828.t1,GO:0003231
Montipora_capitata_HIv3___RNAseq.g11828.t1,GO:0003279
Montipora_capitata_HIv3___RNAseq.g11828.t1,GO:0003281
Montipora_capitata_HIv3___RNAseq.g11828.t1,GO:0003283
Montipora_capitata_HIv3___RNAseq.g11828.t1,GO:0003284
Montipora_capitata_HIv3___RNAseq.g11828.t1,GO:0003289
Montipora_capitata_HIv3___RNAseq.g11828.t1,GO:0003357
Montipora_capitata_HIv3___RNAseq.g11828.t1,GO:0003674
Montipora_capitata_HIv3___RNAseq.g11828.t1,GO:0003676
Montipora_capitata_HIv3___RNAseq.g11828.t1,GO:0003677
Montipora_capitata_HIv3___RNAseq.g11828.t1,GO:0003690
Montipora_capitata_HIv3___RNAseq.g11828.t1,GO:0003700
Montipora_capitata_HIv3___RNAseq.g11828.t1,GO:0003712
Montipora_capitata_HIv3___RNAseq.g11828.t1,GO:0003713
Montipora_capitata_HIv3___RNAseq.g11828.t1,GO:0005488
Montipora_capitata_HIv3___RNAseq.g11828.t1,GO:0005515
Montipora_capitata_HIv3___RNAseq.g11828.t1,GO:0005575
Montipora_capitata_HIv3___RNAseq.g11828.t1,GO:0005622
Montipora_capitata_HIv3___RNAseq.g11828.t1,GO:0005623
Montipora_capitata_HIv3___RNAseq.g11828.t1,GO:0005634
Montipora_capitata_HIv3___RNAseq.g11828.t1,GO:0005654
Montipora_capitata_HIv3___RNAseq.g11828.t1,GO:0005667
Montipora_capitata_HIv3___RNAseq.g11828.t1,GO:0005737
Montipora_capitata_HIv3___RNAseq.g11828.t1,GO:0005739
Montipora_capitata_HIv3___RNAseq.g11828.t1,GO:0006139
Montipora_capitata_HIv3___RNAseq.g11828.t1,GO:0006351
Montipora_capitata_HIv3___RNAseq.g11828.t1,GO:0006355
Montipora_capitata_HIv3___RNAseq.g11828.t1,GO:0006357
Montipora_capitata_HIv3___RNAseq.g11828.t1,GO:0006366
Montipora_capitata_HIv3___RNAseq.g11828.t1,GO:0006417
Montipora_capitata_HIv3___RNAseq.g11828.t1,GO:0006725
Montipora_capitata_HIv3___RNAseq.g11828.t1,GO:0006807
Montipora_capitata_HIv3___RNAseq.g11828.t1,GO:0006950
Montipora_capitata_HIv3___RNAseq.g11828.t1,GO:0006974
Montipora_capitata_HIv3___RNAseq.g11828.t1,GO:0006977
Montipora_capitata_HIv3___RNAseq.g11828.t1,GO:0007049
Montipora_capitata_HIv3___RNAseq.g11828.t1,GO:0007093
Montipora_capitata_HIv3___RNAseq.g11828.t1,GO:0007154
Montipora_capitata_HIv3___RNAseq.g11828.t1,GO:0007165
Montipora_capitata_HIv3___RNAseq.g11828.t1,GO:0007166
Montipora_capitata_HIv3___RNAseq.g11828.t1,GO:0007267
Montipora_capitata_HIv3___RNAseq.g11828.t1,GO:0007275
Montipora_capitata_HIv3___RNAseq.g11828.t1,GO:0007346
Montipora_capitata_HIv3___RNAseq.g11828.t1,GO:0007399
Montipora_capitata_HIv3___RNAseq.g11828.t1,GO:0007417
Montipora_capitata_HIv3___RNAseq.g11828.t1,GO:0007507
Montipora_capitata_HIv3___RNAseq.g11828.t1,GO:0008150
Montipora_capitata_HIv3___RNAseq.g11828.t1,GO:0008152
Montipora_capitata_HIv3___RNAseq.g11828.t1,GO:0008283
Montipora_capitata_HIv3___RNAseq.g11828.t1,GO:0008284
Montipora_capitata_HIv3___RNAseq.g11828.t1,GO:0008285
Montipora_capitata_HIv3___RNAseq.g11828.t1,GO:0009058
Montipora_capitata_HIv3___RNAseq.g11828.t1,GO:0009059
Montipora_capitata_HIv3___RNAseq.g11828.t1,GO:0009628
Montipora_capitata_HIv3___RNAseq.g11828.t1,GO:0009653
Montipora_capitata_HIv3___RNAseq.g11828.t1,GO:0009743
Montipora_capitata_HIv3___RNAseq.g11828.t1,GO:0009746
Montipora_capitata_HIv3___RNAseq.g11828.t1,GO:0009749
Montipora_capitata_HIv3___RNAseq.g11828.t1,GO:0009790
Montipora_capitata_HIv3___RNAseq.g11828.t1,GO:0009792
Montipora_capitata_HIv3___RNAseq.g11828.t1,GO:0009887
Montipora_capitata_HIv3___RNAseq.g11828.t1,GO:0009888
Montipora_capitata_HIv3___RNAseq.g11828.t1,GO:0009889
Montipora_capitata_HIv3___RNAseq.g11828.t1,GO:0009891
Montipora_capitata_HIv3___RNAseq.g11828.t1,GO:0009892
Montipora_capitata_HIv3___RNAseq.g11828.t1,GO:0009893
Montipora_capitata_HIv3___RNAseq.g11828.t1,GO:0009966
Montipora_capitata_HIv3___RNAseq.g11828.t1,GO:0009967
Montipora_capitata_HIv3___RNAseq.g11828.t1,GO:0009987
Montipora_capitata_HIv3___RNAseq.g11828.t1,GO:0010001
Montipora_capitata_HIv3___RNAseq.g11828.t1,GO:0010033
Montipora_capitata_HIv3___RNAseq.g11828.t1,GO:0010467
Montipora_capitata_HIv3___RNAseq.g11828.t1,GO:0010468
Montipora_capitata_HIv3___RNAseq.g11828.t1,GO:0010556
Montipora_capitata_HIv3___RNAseq.g11828.t1,GO:0010557
Montipora_capitata_HIv3___RNAseq.g11828.t1,GO:0010564
Montipora_capitata_HIv3___RNAseq.g11828.t1,GO:0010604
Montipora_capitata_HIv3___RNAseq.g11828.t1,GO:0010605
Montipora_capitata_HIv3___RNAseq.g11828.t1,GO:0010608
Montipora_capitata_HIv3___RNAseq.g11828.t1,GO:0010628
Montipora_capitata_HIv3___RNAseq.g11828.t1,GO:0010646
Montipora_capitata_HIv3___RNAseq.g11828.t1,GO:0010647
Montipora_capitata_HIv3___RNAseq.g11828.t1,GO:0010817
Montipora_capitata_HIv3___RNAseq.g11828.t1,GO:0010941
Montipora_capitata_HIv3___RNAseq.g11828.t1,GO:0010942
Montipora_capitata_HIv3___RNAseq.g11828.t1,GO:0010948
Montipora_capitata_HIv3___RNAseq.g11828.t1,GO:0014009
Montipora_capitata_HIv3___RNAseq.g11828.t1,GO:0016055
Montipora_capitata_HIv3___RNAseq.g11828.t1,GO:0016070
Montipora_capitata_HIv3___RNAseq.g11828.t1,GO:0016331
Montipora_capitata_HIv3___RNAseq.g11828.t1,GO:0018130
Montipora_capitata_HIv3___RNAseq.g11828.t1,GO:0019219
Montipora_capitata_HIv3___RNAseq.g11828.t1,GO:0019222
Montipora_capitata_HIv3___RNAseq.g11828.t1,GO:0019438
Montipora_capitata_HIv3___RNAseq.g11828.t1,GO:0019725
Montipora_capitata_HIv3___RNAseq.g11828.t1,GO:0019827
Montipora_capitata_HIv3___RNAseq.g11828.t1,GO:0021510
Montipora_capitata_HIv3___RNAseq.g11828.t1,GO:0021515
Montipora_capitata_HIv3___RNAseq.g11828.t1,GO:0021517
Montipora_capitata_HIv3___RNAseq.g11828.t1,GO:0021522
Montipora_capitata_HIv3___RNAseq.g11828.t1,GO:0021782
Montipora_capitata_HIv3___RNAseq.g11828.t1,GO:0021915
Montipora_capitata_HIv3___RNAseq.g11828.t1,GO:0021953
Montipora_capitata_HIv3___RNAseq.g11828.t1,GO:0022008
Montipora_capitata_HIv3___RNAseq.g11828.t1,GO:0022402
Montipora_capitata_HIv3___RNAseq.g11828.t1,GO:0023051
Montipora_capitata_HIv3___RNAseq.g11828.t1,GO:0023052
Montipora_capitata_HIv3___RNAseq.g11828.t1,GO:0023056
Montipora_capitata_HIv3___RNAseq.g11828.t1,GO:0030097
Montipora_capitata_HIv3___RNAseq.g11828.t1,GO:0030098
Montipora_capitata_HIv3___RNAseq.g11828.t1,GO:0030111
Montipora_capitata_HIv3___RNAseq.g11828.t1,GO:0030154
Montipora_capitata_HIv3___RNAseq.g11828.t1,GO:0030177
Montipora_capitata_HIv3___RNAseq.g11828.t1,GO:0030182
Montipora_capitata_HIv3___RNAseq.g11828.t1,GO:0030217
Montipora_capitata_HIv3___RNAseq.g11828.t1,GO:0030330
Montipora_capitata_HIv3___RNAseq.g11828.t1,GO:0030855
Montipora_capitata_HIv3___RNAseq.g11828.t1,GO:0031016
Montipora_capitata_HIv3___RNAseq.g11828.t1,GO:0031018
Montipora_capitata_HIv3___RNAseq.g11828.t1,GO:0031323
Montipora_capitata_HIv3___RNAseq.g11828.t1,GO:0031324
Montipora_capitata_HIv3___RNAseq.g11828.t1,GO:0031325
Montipora_capitata_HIv3___RNAseq.g11828.t1,GO:0031326
Montipora_capitata_HIv3___RNAseq.g11828.t1,GO:0031328
Montipora_capitata_HIv3___RNAseq.g11828.t1,GO:0031396
Montipora_capitata_HIv3___RNAseq.g11828.t1,GO:0031397
Montipora_capitata_HIv3___RNAseq.g11828.t1,GO:0031399
Montipora_capitata_HIv3___RNAseq.g11828.t1,GO:0031400
Montipora_capitata_HIv3___RNAseq.g11828.t1,GO:0031401
Montipora_capitata_HIv3___RNAseq.g11828.t1,GO:0031570
Montipora_capitata_HIv3___RNAseq.g11828.t1,GO:0031571
Montipora_capitata_HIv3___RNAseq.g11828.t1,GO:0031647
Montipora_capitata_HIv3___RNAseq.g11828.t1,GO:0031974
Montipora_capitata_HIv3___RNAseq.g11828.t1,GO:0031981
Montipora_capitata_HIv3___RNAseq.g11828.t1,GO:0032024
Montipora_capitata_HIv3___RNAseq.g11828.t1,GO:0032268
Montipora_capitata_HIv3___RNAseq.g11828.t1,GO:0032269
Montipora_capitata_HIv3___RNAseq.g11828.t1,GO:0032270
Montipora_capitata_HIv3___RNAseq.g11828.t1,GO:0032501
Montipora_capitata_HIv3___RNAseq.g11828.t1,GO:0032502
Montipora_capitata_HIv3___RNAseq.g11828.t1,GO:0032774
Montipora_capitata_HIv3___RNAseq.g11828.t1,GO:0032879
Montipora_capitata_HIv3___RNAseq.g11828.t1,GO:0032880
Montipora_capitata_HIv3___RNAseq.g11828.t1,GO:0032991
Montipora_capitata_HIv3___RNAseq.g11828.t1,GO:0033500
Montipora_capitata_HIv3___RNAseq.g11828.t1,GO:0033554
Montipora_capitata_HIv3___RNAseq.g11828.t1,GO:0034248
Montipora_capitata_HIv3___RNAseq.g11828.t1,GO:0034250
Montipora_capitata_HIv3___RNAseq.g11828.t1,GO:0034284
Montipora_capitata_HIv3___RNAseq.g11828.t1,GO:0034641
Montipora_capitata_HIv3___RNAseq.g11828.t1,GO:0034645
Montipora_capitata_HIv3___RNAseq.g11828.t1,GO:0034654
Montipora_capitata_HIv3___RNAseq.g11828.t1,GO:0035019
Montipora_capitata_HIv3___RNAseq.g11828.t1,GO:0035107
Montipora_capitata_HIv3___RNAseq.g11828.t1,GO:0035108
Montipora_capitata_HIv3___RNAseq.g11828.t1,GO:0035148
Montipora_capitata_HIv3___RNAseq.g11828.t1,GO:0035239
Montipora_capitata_HIv3___RNAseq.g11828.t1,GO:0035270
Montipora_capitata_HIv3___RNAseq.g11828.t1,GO:0035295
Montipora_capitata_HIv3___RNAseq.g11828.t1,GO:0035556
Montipora_capitata_HIv3___RNAseq.g11828.t1,GO:0035904
Montipora_capitata_HIv3___RNAseq.g11828.t1,GO:0035905
Montipora_capitata_HIv3___RNAseq.g11828.t1,GO:0035909
Montipora_capitata_HIv3___RNAseq.g11828.t1,GO:0035910
Montipora_capitata_HIv3___RNAseq.g11828.t1,GO:0036293
Montipora_capitata_HIv3___RNAseq.g11828.t1,GO:0042063
Montipora_capitata_HIv3___RNAseq.g11828.t1,GO:0042110
Montipora_capitata_HIv3___RNAseq.g11828.t1,GO:0042127
Montipora_capitata_HIv3___RNAseq.g11828.t1,GO:0042221
Montipora_capitata_HIv3___RNAseq.g11828.t1,GO:0042592
Montipora_capitata_HIv3___RNAseq.g11828.t1,GO:0042593
Montipora_capitata_HIv3___RNAseq.g11828.t1,GO:0042769
Montipora_capitata_HIv3___RNAseq.g11828.t1,GO:0042770
Montipora_capitata_HIv3___RNAseq.g11828.t1,GO:0042981
Montipora_capitata_HIv3___RNAseq.g11828.t1,GO:0043009
Montipora_capitata_HIv3___RNAseq.g11828.t1,GO:0043065
Montipora_capitata_HIv3___RNAseq.g11828.t1,GO:0043067
Montipora_capitata_HIv3___RNAseq.g11828.t1,GO:0043068
Montipora_capitata_HIv3___RNAseq.g11828.t1,GO:0043170
Montipora_capitata_HIv3___RNAseq.g11828.t1,GO:0043226
Montipora_capitata_HIv3___RNAseq.g11828.t1,GO:0043227
Montipora_capitata_HIv3___RNAseq.g11828.t1,GO:0043229
Montipora_capitata_HIv3___RNAseq.g11828.t1,GO:0043231
Montipora_capitata_HIv3___RNAseq.g11828.t1,GO:0043233
Montipora_capitata_HIv3___RNAseq.g11828.t1,GO:0043565
Montipora_capitata_HIv3___RNAseq.g11828.t1,GO:0044212
Montipora_capitata_HIv3___RNAseq.g11828.t1,GO:0044237
Montipora_capitata_HIv3___RNAseq.g11828.t1,GO:0044238
Montipora_capitata_HIv3___RNAseq.g11828.t1,GO:0044249
Montipora_capitata_HIv3___RNAseq.g11828.t1,GO:0044260
Montipora_capitata_HIv3___RNAseq.g11828.t1,GO:0044271
Montipora_capitata_HIv3___RNAseq.g11828.t1,GO:0044422
Montipora_capitata_HIv3___RNAseq.g11828.t1,GO:0044424
Montipora_capitata_HIv3___RNAseq.g11828.t1,GO:0044428
Montipora_capitata_HIv3___RNAseq.g11828.t1,GO:0044444
Montipora_capitata_HIv3___RNAseq.g11828.t1,GO:0044446
Montipora_capitata_HIv3___RNAseq.g11828.t1,GO:0044464
Montipora_capitata_HIv3___RNAseq.g11828.t1,GO:0044773
Montipora_capitata_HIv3___RNAseq.g11828.t1,GO:0044774
Montipora_capitata_HIv3___RNAseq.g11828.t1,GO:0044783
Montipora_capitata_HIv3___RNAseq.g11828.t1,GO:0044798
Montipora_capitata_HIv3___RNAseq.g11828.t1,GO:0044819
Montipora_capitata_HIv3___RNAseq.g11828.t1,GO:0045321
Montipora_capitata_HIv3___RNAseq.g11828.t1,GO:0045727
Montipora_capitata_HIv3___RNAseq.g11828.t1,GO:0045786
Montipora_capitata_HIv3___RNAseq.g11828.t1,GO:0045787
Montipora_capitata_HIv3___RNAseq.g11828.t1,GO:0045893
Montipora_capitata_HIv3___RNAseq.g11828.t1,GO:0045930
Montipora_capitata_HIv3___RNAseq.g11828.t1,GO:0045935
Montipora_capitata_HIv3___RNAseq.g11828.t1,GO:0045944
Montipora_capitata_HIv3___RNAseq.g11828.t1,GO:0046483
Montipora_capitata_HIv3___RNAseq.g11828.t1,GO:0046649
Montipora_capitata_HIv3___RNAseq.g11828.t1,GO:0046883
Montipora_capitata_HIv3___RNAseq.g11828.t1,GO:0046887
Montipora_capitata_HIv3___RNAseq.g11828.t1,GO:0046982
Montipora_capitata_HIv3___RNAseq.g11828.t1,GO:0046983
Montipora_capitata_HIv3___RNAseq.g11828.t1,GO:0048468
Montipora_capitata_HIv3___RNAseq.g11828.t1,GO:0048483
Montipora_capitata_HIv3___RNAseq.g11828.t1,GO:0048485
Montipora_capitata_HIv3___RNAseq.g11828.t1,GO:0048513
Montipora_capitata_HIv3___RNAseq.g11828.t1,GO:0048514
Montipora_capitata_HIv3___RNAseq.g11828.t1,GO:0048518
Montipora_capitata_HIv3___RNAseq.g11828.t1,GO:0048519
Montipora_capitata_HIv3___RNAseq.g11828.t1,GO:0048522
Montipora_capitata_HIv3___RNAseq.g11828.t1,GO:0048523
Montipora_capitata_HIv3___RNAseq.g11828.t1,GO:0048534
Montipora_capitata_HIv3___RNAseq.g11828.t1,GO:0048583
Montipora_capitata_HIv3___RNAseq.g11828.t1,GO:0048584
Montipora_capitata_HIv3___RNAseq.g11828.t1,GO:0048598
Montipora_capitata_HIv3___RNAseq.g11828.t1,GO:0048646
Montipora_capitata_HIv3___RNAseq.g11828.t1,GO:0048699
Montipora_capitata_HIv3___RNAseq.g11828.t1,GO:0048729
Montipora_capitata_HIv3___RNAseq.g11828.t1,GO:0048731
Montipora_capitata_HIv3___RNAseq.g11828.t1,GO:0048736
Montipora_capitata_HIv3___RNAseq.g11828.t1,GO:0048844
Montipora_capitata_HIv3___RNAseq.g11828.t1,GO:0048856
Montipora_capitata_HIv3___RNAseq.g11828.t1,GO:0048869
Montipora_capitata_HIv3___RNAseq.g11828.t1,GO:0048878
Montipora_capitata_HIv3___RNAseq.g11828.t1,GO:0050708
Montipora_capitata_HIv3___RNAseq.g11828.t1,GO:0050714
Montipora_capitata_HIv3___RNAseq.g11828.t1,GO:0050789
Montipora_capitata_HIv3___RNAseq.g11828.t1,GO:0050794
Montipora_capitata_HIv3___RNAseq.g11828.t1,GO:0050796
Montipora_capitata_HIv3___RNAseq.g11828.t1,GO:0050821
Montipora_capitata_HIv3___RNAseq.g11828.t1,GO:0050896
Montipora_capitata_HIv3___RNAseq.g11828.t1,GO:0051046
Montipora_capitata_HIv3___RNAseq.g11828.t1,GO:0051047
Montipora_capitata_HIv3___RNAseq.g11828.t1,GO:0051049
Montipora_capitata_HIv3___RNAseq.g11828.t1,GO:0051050
Montipora_capitata_HIv3___RNAseq.g11828.t1,GO:0051171
Montipora_capitata_HIv3___RNAseq.g11828.t1,GO:0051172
Montipora_capitata_HIv3___RNAseq.g11828.t1,GO:0051173
Montipora_capitata_HIv3___RNAseq.g11828.t1,GO:0051222
Montipora_capitata_HIv3___RNAseq.g11828.t1,GO:0051223
Montipora_capitata_HIv3___RNAseq.g11828.t1,GO:0051246
Montipora_capitata_HIv3___RNAseq.g11828.t1,GO:0051247
Montipora_capitata_HIv3___RNAseq.g11828.t1,GO:0051248
Montipora_capitata_HIv3___RNAseq.g11828.t1,GO:0051252
Montipora_capitata_HIv3___RNAseq.g11828.t1,GO:0051254
Montipora_capitata_HIv3___RNAseq.g11828.t1,GO:0051606
Montipora_capitata_HIv3___RNAseq.g11828.t1,GO:0051716
Montipora_capitata_HIv3___RNAseq.g11828.t1,GO:0051726
Montipora_capitata_HIv3___RNAseq.g11828.t1,GO:0055082
Montipora_capitata_HIv3___RNAseq.g11828.t1,GO:0060070
Montipora_capitata_HIv3___RNAseq.g11828.t1,GO:0060173
Montipora_capitata_HIv3___RNAseq.g11828.t1,GO:0060174
Montipora_capitata_HIv3___RNAseq.g11828.t1,GO:0060255
Montipora_capitata_HIv3___RNAseq.g11828.t1,GO:0060411
Montipora_capitata_HIv3___RNAseq.g11828.t1,GO:0060412
Montipora_capitata_HIv3___RNAseq.g11828.t1,GO:0060413
Montipora_capitata_HIv3___RNAseq.g11828.t1,GO:0060429
Montipora_capitata_HIv3___RNAseq.g11828.t1,GO:0060548
Montipora_capitata_HIv3___RNAseq.g11828.t1,GO:0060562
Montipora_capitata_HIv3___RNAseq.g11828.t1,GO:0060563
Montipora_capitata_HIv3___RNAseq.g11828.t1,GO:0060828
Montipora_capitata_HIv3___RNAseq.g11828.t1,GO:0060840
Montipora_capitata_HIv3___RNAseq.g11828.t1,GO:0060993
Montipora_capitata_HIv3___RNAseq.g11828.t1,GO:0065007
Montipora_capitata_HIv3___RNAseq.g11828.t1,GO:0065008
Montipora_capitata_HIv3___RNAseq.g11828.t1,GO:0070013
Montipora_capitata_HIv3___RNAseq.g11828.t1,GO:0070201
Montipora_capitata_HIv3___RNAseq.g11828.t1,GO:0070482
Montipora_capitata_HIv3___RNAseq.g11828.t1,GO:0070887
Montipora_capitata_HIv3___RNAseq.g11828.t1,GO:0071156
Montipora_capitata_HIv3___RNAseq.g11828.t1,GO:0071158
Montipora_capitata_HIv3___RNAseq.g11828.t1,GO:0071310
Montipora_capitata_HIv3___RNAseq.g11828.t1,GO:0071322
Montipora_capitata_HIv3___RNAseq.g11828.t1,GO:0071326
Montipora_capitata_HIv3___RNAseq.g11828.t1,GO:0071331
Montipora_capitata_HIv3___RNAseq.g11828.t1,GO:0071333
Montipora_capitata_HIv3___RNAseq.g11828.t1,GO:0071704
Montipora_capitata_HIv3___RNAseq.g11828.t1,GO:0072001
Montipora_capitata_HIv3___RNAseq.g11828.t1,GO:0072175
Montipora_capitata_HIv3___RNAseq.g11828.t1,GO:0072331
Montipora_capitata_HIv3___RNAseq.g11828.t1,GO:0072358
Montipora_capitata_HIv3___RNAseq.g11828.t1,GO:0072359
Montipora_capitata_HIv3___RNAseq.g11828.t1,GO:0072395
Montipora_capitata_HIv3___RNAseq.g11828.t1,GO:0072401
Montipora_capitata_HIv3___RNAseq.g11828.t1,GO:0072413
Montipora_capitata_HIv3___RNAseq.g11828.t1,GO:0072422
Montipora_capitata_HIv3___RNAseq.g11828.t1,GO:0072431
Montipora_capitata_HIv3___RNAseq.g11828.t1,GO:0080090
Montipora_capitata_HIv3___RNAseq.g11828.t1,GO:0090068
Montipora_capitata_HIv3___RNAseq.g11828.t1,GO:0090087
Montipora_capitata_HIv3___RNAseq.g11828.t1,GO:0090263
Montipora_capitata_HIv3___RNAseq.g11828.t1,GO:0090276
Montipora_capitata_HIv3___RNAseq.g11828.t1,GO:0090277
Montipora_capitata_HIv3___RNAseq.g11828.t1,GO:0090304
Montipora_capitata_HIv3___RNAseq.g11828.t1,GO:0097159
Montipora_capitata_HIv3___RNAseq.g11828.t1,GO:0097659
Montipora_capitata_HIv3___RNAseq.g11828.t1,GO:0098727
Montipora_capitata_HIv3___RNAseq.g11828.t1,GO:0140110
Montipora_capitata_HIv3___RNAseq.g11828.t1,GO:0198738
Montipora_capitata_HIv3___RNAseq.g11828.t1,GO:1901360
Montipora_capitata_HIv3___RNAseq.g11828.t1,GO:1901362
Montipora_capitata_HIv3___RNAseq.g11828.t1,GO:1901363
Montipora_capitata_HIv3___RNAseq.g11828.t1,GO:1901576
Montipora_capitata_HIv3___RNAseq.g11828.t1,GO:1901700
Montipora_capitata_HIv3___RNAseq.g11828.t1,GO:1901701
Montipora_capitata_HIv3___RNAseq.g11828.t1,GO:1901983
Montipora_capitata_HIv3___RNAseq.g11828.t1,GO:1901985
Montipora_capitata_HIv3___RNAseq.g11828.t1,GO:1901987
Montipora_capitata_HIv3___RNAseq.g11828.t1,GO:1901988
Montipora_capitata_HIv3___RNAseq.g11828.t1,GO:1901990
Montipora_capitata_HIv3___RNAseq.g11828.t1,GO:1901991
Montipora_capitata_HIv3___RNAseq.g11828.t1,GO:1902400
Montipora_capitata_HIv3___RNAseq.g11828.t1,GO:1902402
Montipora_capitata_HIv3___RNAseq.g11828.t1,GO:1902403
Montipora_capitata_HIv3___RNAseq.g11828.t1,GO:1902680
Montipora_capitata_HIv3___RNAseq.g11828.t1,GO:1902806
Montipora_capitata_HIv3___RNAseq.g11828.t1,GO:1902807
Montipora_capitata_HIv3___RNAseq.g11828.t1,GO:1903047
Montipora_capitata_HIv3___RNAseq.g11828.t1,GO:1903317
Montipora_capitata_HIv3___RNAseq.g11828.t1,GO:1903319
Montipora_capitata_HIv3___RNAseq.g11828.t1,GO:1903320
Montipora_capitata_HIv3___RNAseq.g11828.t1,GO:1903321
Montipora_capitata_HIv3___RNAseq.g11828.t1,GO:1903506
Montipora_capitata_HIv3___RNAseq.g11828.t1,GO:1903508
Montipora_capitata_HIv3___RNAseq.g11828.t1,GO:1903530
Montipora_capitata_HIv3___RNAseq.g11828.t1,GO:1903532
Montipora_capitata_HIv3___RNAseq.g11828.t1,GO:1904951
Montipora_capitata_HIv3___RNAseq.g11828.t1,GO:1905114
Montipora_capitata_HIv3___RNAseq.g11828.t1,GO:1990837
Montipora_capitata_HIv3___RNAseq.g11828.t1,GO:2000045
Montipora_capitata_HIv3___RNAseq.g11828.t1,GO:2000112
Montipora_capitata_HIv3___RNAseq.g11828.t1,GO:2000134
Montipora_capitata_HIv3___RNAseq.g11828.t1,GO:2000756
Montipora_capitata_HIv3___RNAseq.g11828.t1,GO:2000758
Montipora_capitata_HIv3___RNAseq.g11828.t1,GO:2000759
Montipora_capitata_HIv3___RNAseq.g11828.t1,GO:2000761
Montipora_capitata_HIv3___RNAseq.g11828.t1,GO:2001141
Montipora_capitata_HIv3___TS.g50862.t1,GO:0000981
Montipora_capitata_HIv3___TS.g50862.t1,GO:0003674
Montipora_capitata_HIv3___TS.g50862.t1,GO:0003700
Montipora_capitata_HIv3___TS.g50862.t1,GO:0005488
Montipora_capitata_HIv3___TS.g50862.t1,GO:0005515
Montipora_capitata_HIv3___TS.g50862.t1,GO:0005575
Montipora_capitata_HIv3___TS.g50862.t1,GO:0005622
Montipora_capitata_HIv3___TS.g50862.t1,GO:0005623
Montipora_capitata_HIv3___TS.g50862.t1,GO:0005634
Montipora_capitata_HIv3___TS.g50862.t1,GO:0006355
Montipora_capitata_HIv3___TS.g50862.t1,GO:0006357
Montipora_capitata_HIv3___TS.g50862.t1,GO:0007275
Montipora_capitata_HIv3___TS.g50862.t1,GO:0007399
Montipora_capitata_HIv3___TS.g50862.t1,GO:0008150
Montipora_capitata_HIv3___TS.g50862.t1,GO:0009889
Montipora_capitata_HIv3___TS.g50862.t1,GO:0009890
Montipora_capitata_HIv3___TS.g50862.t1,GO:0009892
Montipora_capitata_HIv3___TS.g50862.t1,GO:0009987
Montipora_capitata_HIv3___TS.g50862.t1,GO:0010468
Montipora_capitata_HIv3___TS.g50862.t1,GO:0010556
Montipora_capitata_HIv3___TS.g50862.t1,GO:0010558
Montipora_capitata_HIv3___TS.g50862.t1,GO:0010605
Montipora_capitata_HIv3___TS.g50862.t1,GO:0010629
Montipora_capitata_HIv3___TS.g50862.t1,GO:0019219
Montipora_capitata_HIv3___TS.g50862.t1,GO:0019222
Montipora_capitata_HIv3___TS.g50862.t1,GO:0022008
Montipora_capitata_HIv3___TS.g50862.t1,GO:0030154
Montipora_capitata_HIv3___TS.g50862.t1,GO:0031323
Montipora_capitata_HIv3___TS.g50862.t1,GO:0031324
Montipora_capitata_HIv3___TS.g50862.t1,GO:0031326
Montipora_capitata_HIv3___TS.g50862.t1,GO:0031327
Montipora_capitata_HIv3___TS.g50862.t1,GO:0032501
Montipora_capitata_HIv3___TS.g50862.t1,GO:0032502
Montipora_capitata_HIv3___TS.g50862.t1,GO:0042802
Montipora_capitata_HIv3___TS.g50862.t1,GO:0042803
Montipora_capitata_HIv3___TS.g50862.t1,GO:0043226
Montipora_capitata_HIv3___TS.g50862.t1,GO:0043227
Montipora_capitata_HIv3___TS.g50862.t1,GO:0043229
Montipora_capitata_HIv3___TS.g50862.t1,GO:0043231
Montipora_capitata_HIv3___TS.g50862.t1,GO:0044424
Montipora_capitata_HIv3___TS.g50862.t1,GO:0044464
Montipora_capitata_HIv3___TS.g50862.t1,GO:0045595
Montipora_capitata_HIv3___TS.g50862.t1,GO:0045596
Montipora_capitata_HIv3___TS.g50862.t1,GO:0045892
Montipora_capitata_HIv3___TS.g50862.t1,GO:0045934
Montipora_capitata_HIv3___TS.g50862.t1,GO:0046983
Montipora_capitata_HIv3___TS.g50862.t1,GO:0048519
Montipora_capitata_HIv3___TS.g50862.t1,GO:0048523
Montipora_capitata_HIv3___TS.g50862.t1,GO:0048731
Montipora_capitata_HIv3___TS.g50862.t1,GO:0048856
Montipora_capitata_HIv3___TS.g50862.t1,GO:0048869
Montipora_capitata_HIv3___TS.g50862.t1,GO:0050789
Montipora_capitata_HIv3___TS.g50862.t1,GO:0050793
Montipora_capitata_HIv3___TS.g50862.t1,GO:0050794
Montipora_capitata_HIv3___TS.g50862.t1,GO:0051093
Montipora_capitata_HIv3___TS.g50862.t1,GO:0051147
Montipora_capitata_HIv3___TS.g50862.t1,GO:0051148
Montipora_capitata_HIv3___TS.g50862.t1,GO:0051150
Montipora_capitata_HIv3___TS.g50862.t1,GO:0051151
Montipora_capitata_HIv3___TS.g50862.t1,GO:0051171
Montipora_capitata_HIv3___TS.g50862.t1,GO:0051172
Montipora_capitata_HIv3___TS.g50862.t1,GO:0051252
Montipora_capitata_HIv3___TS.g50862.t1,GO:0051253
Montipora_capitata_HIv3___TS.g50862.t1,GO:0060255
Montipora_capitata_HIv3___TS.g50862.t1,GO:0065007
Montipora_capitata_HIv3___TS.g50862.t1,GO:0080090
Montipora_capitata_HIv3___TS.g50862.t1,GO:0140110
Montipora_capitata_HIv3___TS.g50862.t1,GO:1902679
Montipora_capitata_HIv3___TS.g50862.t1,GO:1903506
Montipora_capitata_HIv3___TS.g50862.t1,GO:1903507
Montipora_capitata_HIv3___TS.g50862.t1,GO:2000112
Montipora_capitata_HIv3___TS.g50862.t1,GO:2000113
Montipora_capitata_HIv3___TS.g50862.t1,GO:2001141
Montipora_capitata_HIv3___RNAseq.g15050.t1,GO:0000976
Montipora_capitata_HIv3___RNAseq.g15050.t1,GO:0000977
Montipora_capitata_HIv3___RNAseq.g15050.t1,GO:0000981
Montipora_capitata_HIv3___RNAseq.g15050.t1,GO:0000982
Montipora_capitata_HIv3___RNAseq.g15050.t1,GO:0001012
Montipora_capitata_HIv3___RNAseq.g15050.t1,GO:0001067
Montipora_capitata_HIv3___RNAseq.g15050.t1,GO:0001077
Montipora_capitata_HIv3___RNAseq.g15050.t1,GO:0001228
Montipora_capitata_HIv3___RNAseq.g15050.t1,GO:0001708
Montipora_capitata_HIv3___RNAseq.g15050.t1,GO:0002052
Montipora_capitata_HIv3___RNAseq.g15050.t1,GO:0003002
Montipora_capitata_HIv3___RNAseq.g15050.t1,GO:0003674
Montipora_capitata_HIv3___RNAseq.g15050.t1,GO:0003676
Montipora_capitata_HIv3___RNAseq.g15050.t1,GO:0003677
Montipora_capitata_HIv3___RNAseq.g15050.t1,GO:0003690
Montipora_capitata_HIv3___RNAseq.g15050.t1,GO:0003700
Montipora_capitata_HIv3___RNAseq.g15050.t1,GO:0005488
Montipora_capitata_HIv3___RNAseq.g15050.t1,GO:0005515
Montipora_capitata_HIv3___RNAseq.g15050.t1,GO:0005575
Montipora_capitata_HIv3___RNAseq.g15050.t1,GO:0005622
Montipora_capitata_HIv3___RNAseq.g15050.t1,GO:0005623
Montipora_capitata_HIv3___RNAseq.g15050.t1,GO:0005634
Montipora_capitata_HIv3___RNAseq.g15050.t1,GO:0006139
Montipora_capitata_HIv3___RNAseq.g15050.t1,GO:0006351
Montipora_capitata_HIv3___RNAseq.g15050.t1,GO:0006355
Montipora_capitata_HIv3___RNAseq.g15050.t1,GO:0006357
Montipora_capitata_HIv3___RNAseq.g15050.t1,GO:0006366
Montipora_capitata_HIv3___RNAseq.g15050.t1,GO:0006725
Montipora_capitata_HIv3___RNAseq.g15050.t1,GO:0006807
Montipora_capitata_HIv3___RNAseq.g15050.t1,GO:0007275
Montipora_capitata_HIv3___RNAseq.g15050.t1,GO:0007389
Montipora_capitata_HIv3___RNAseq.g15050.t1,GO:0007399
Montipora_capitata_HIv3___RNAseq.g15050.t1,GO:0007417
Montipora_capitata_HIv3___RNAseq.g15050.t1,GO:0007420
Montipora_capitata_HIv3___RNAseq.g15050.t1,GO:0007517
Montipora_capitata_HIv3___RNAseq.g15050.t1,GO:0007519
Montipora_capitata_HIv3___RNAseq.g15050.t1,GO:0008150
Montipora_capitata_HIv3___RNAseq.g15050.t1,GO:0008152
Montipora_capitata_HIv3___RNAseq.g15050.t1,GO:0008284
Montipora_capitata_HIv3___RNAseq.g15050.t1,GO:0009058
Montipora_capitata_HIv3___RNAseq.g15050.t1,GO:0009059
Montipora_capitata_HIv3___RNAseq.g15050.t1,GO:0009888
Montipora_capitata_HIv3___RNAseq.g15050.t1,GO:0009889
Montipora_capitata_HIv3___RNAseq.g15050.t1,GO:0009891
Montipora_capitata_HIv3___RNAseq.g15050.t1,GO:0009893
Montipora_capitata_HIv3___RNAseq.g15050.t1,GO:0009987
Montipora_capitata_HIv3___RNAseq.g15050.t1,GO:0010467
Montipora_capitata_HIv3___RNAseq.g15050.t1,GO:0010468
Montipora_capitata_HIv3___RNAseq.g15050.t1,GO:0010556
Montipora_capitata_HIv3___RNAseq.g15050.t1,GO:0010557
Montipora_capitata_HIv3___RNAseq.g15050.t1,GO:0010604
Montipora_capitata_HIv3___RNAseq.g15050.t1,GO:0010628
Montipora_capitata_HIv3___RNAseq.g15050.t1,GO:0010720
Montipora_capitata_HIv3___RNAseq.g15050.t1,GO:0014706
Montipora_capitata_HIv3___RNAseq.g15050.t1,GO:0016070
Montipora_capitata_HIv3___RNAseq.g15050.t1,GO:0018130
Montipora_capitata_HIv3___RNAseq.g15050.t1,GO:0019219
Montipora_capitata_HIv3___RNAseq.g15050.t1,GO:0019222
Montipora_capitata_HIv3___RNAseq.g15050.t1,GO:0019438
Montipora_capitata_HIv3___RNAseq.g15050.t1,GO:0021536
Montipora_capitata_HIv3___RNAseq.g15050.t1,GO:0021537
Montipora_capitata_HIv3___RNAseq.g15050.t1,GO:0021543
Montipora_capitata_HIv3___RNAseq.g15050.t1,GO:0021796
Montipora_capitata_HIv3___RNAseq.g15050.t1,GO:0021871
Montipora_capitata_HIv3___RNAseq.g15050.t1,GO:0021978
Montipora_capitata_HIv3___RNAseq.g15050.t1,GO:0021983
Montipora_capitata_HIv3___RNAseq.g15050.t1,GO:0021984
Montipora_capitata_HIv3___RNAseq.g15050.t1,GO:0021987
Montipora_capitata_HIv3___RNAseq.g15050.t1,GO:0022008
Montipora_capitata_HIv3___RNAseq.g15050.t1,GO:0030154
Montipora_capitata_HIv3___RNAseq.g15050.t1,GO:0030182
Montipora_capitata_HIv3___RNAseq.g15050.t1,GO:0030900
Montipora_capitata_HIv3___RNAseq.g15050.t1,GO:0031323
Montipora_capitata_HIv3___RNAseq.g15050.t1,GO:0031325
Montipora_capitata_HIv3___RNAseq.g15050.t1,GO:0031326
Montipora_capitata_HIv3___RNAseq.g15050.t1,GO:0031328
Montipora_capitata_HIv3___RNAseq.g15050.t1,GO:0032501
Montipora_capitata_HIv3___RNAseq.g15050.t1,GO:0032502
Montipora_capitata_HIv3___RNAseq.g15050.t1,GO:0032774
Montipora_capitata_HIv3___RNAseq.g15050.t1,GO:0034641
Montipora_capitata_HIv3___RNAseq.g15050.t1,GO:0034645
Montipora_capitata_HIv3___RNAseq.g15050.t1,GO:0034654
Montipora_capitata_HIv3___RNAseq.g15050.t1,GO:0035270
Montipora_capitata_HIv3___RNAseq.g15050.t1,GO:0035914
Montipora_capitata_HIv3___RNAseq.g15050.t1,GO:0042127
Montipora_capitata_HIv3___RNAseq.g15050.t1,GO:0042802
Montipora_capitata_HIv3___RNAseq.g15050.t1,GO:0042803
Montipora_capitata_HIv3___RNAseq.g15050.t1,GO:0043170
Montipora_capitata_HIv3___RNAseq.g15050.t1,GO:0043226
Montipora_capitata_HIv3___RNAseq.g15050.t1,GO:0043227
Montipora_capitata_HIv3___RNAseq.g15050.t1,GO:0043229
Montipora_capitata_HIv3___RNAseq.g15050.t1,GO:0043231
Montipora_capitata_HIv3___RNAseq.g15050.t1,GO:0043565
Montipora_capitata_HIv3___RNAseq.g15050.t1,GO:0044212
Montipora_capitata_HIv3___RNAseq.g15050.t1,GO:0044237
Montipora_capitata_HIv3___RNAseq.g15050.t1,GO:0044238
Montipora_capitata_HIv3___RNAseq.g15050.t1,GO:0044249
Montipora_capitata_HIv3___RNAseq.g15050.t1,GO:0044260
Montipora_capitata_HIv3___RNAseq.g15050.t1,GO:0044271
Montipora_capitata_HIv3___RNAseq.g15050.t1,GO:0044424
Montipora_capitata_HIv3___RNAseq.g15050.t1,GO:0044464
Montipora_capitata_HIv3___RNAseq.g15050.t1,GO:0045165
Montipora_capitata_HIv3___RNAseq.g15050.t1,GO:0045595
Montipora_capitata_HIv3___RNAseq.g15050.t1,GO:0045597
Montipora_capitata_HIv3___RNAseq.g15050.t1,GO:0045893
Montipora_capitata_HIv3___RNAseq.g15050.t1,GO:0045935
Montipora_capitata_HIv3___RNAseq.g15050.t1,GO:0045944
Montipora_capitata_HIv3___RNAseq.g15050.t1,GO:0046483
Montipora_capitata_HIv3___RNAseq.g15050.t1,GO:0046982
Montipora_capitata_HIv3___RNAseq.g15050.t1,GO:0046983
Montipora_capitata_HIv3___RNAseq.g15050.t1,GO:0048513
Montipora_capitata_HIv3___RNAseq.g15050.t1,GO:0048518
Montipora_capitata_HIv3___RNAseq.g15050.t1,GO:0048522
Montipora_capitata_HIv3___RNAseq.g15050.t1,GO:0048663
Montipora_capitata_HIv3___RNAseq.g15050.t1,GO:0048665
Montipora_capitata_HIv3___RNAseq.g15050.t1,GO:0048699
Montipora_capitata_HIv3___RNAseq.g15050.t1,GO:0048731
Montipora_capitata_HIv3___RNAseq.g15050.t1,GO:0048732
Montipora_capitata_HIv3___RNAseq.g15050.t1,GO:0048856
Montipora_capitata_HIv3___RNAseq.g15050.t1,GO:0048869
Montipora_capitata_HIv3___RNAseq.g15050.t1,GO:0050767
Montipora_capitata_HIv3___RNAseq.g15050.t1,GO:0050769
Montipora_capitata_HIv3___RNAseq.g15050.t1,GO:0050789
Montipora_capitata_HIv3___RNAseq.g15050.t1,GO:0050793
Montipora_capitata_HIv3___RNAseq.g15050.t1,GO:0050794
Montipora_capitata_HIv3___RNAseq.g15050.t1,GO:0051094
Montipora_capitata_HIv3___RNAseq.g15050.t1,GO:0051171
Montipora_capitata_HIv3___RNAseq.g15050.t1,GO:0051173
Montipora_capitata_HIv3___RNAseq.g15050.t1,GO:0051239
Montipora_capitata_HIv3___RNAseq.g15050.t1,GO:0051240
Montipora_capitata_HIv3___RNAseq.g15050.t1,GO:0051252
Montipora_capitata_HIv3___RNAseq.g15050.t1,GO:0051254
Montipora_capitata_HIv3___RNAseq.g15050.t1,GO:0051960
Montipora_capitata_HIv3___RNAseq.g15050.t1,GO:0051962
Montipora_capitata_HIv3___RNAseq.g15050.t1,GO:0060128
Montipora_capitata_HIv3___RNAseq.g15050.t1,GO:0060255
Montipora_capitata_HIv3___RNAseq.g15050.t1,GO:0060284
Montipora_capitata_HIv3___RNAseq.g15050.t1,GO:0060322
Montipora_capitata_HIv3___RNAseq.g15050.t1,GO:0060537
Montipora_capitata_HIv3___RNAseq.g15050.t1,GO:0060538
Montipora_capitata_HIv3___RNAseq.g15050.t1,GO:0061061
Montipora_capitata_HIv3___RNAseq.g15050.t1,GO:0065007
Montipora_capitata_HIv3___RNAseq.g15050.t1,GO:0071542
Montipora_capitata_HIv3___RNAseq.g15050.t1,GO:0071704
Montipora_capitata_HIv3___RNAseq.g15050.t1,GO:0072091
Montipora_capitata_HIv3___RNAseq.g15050.t1,GO:0080090
Montipora_capitata_HIv3___RNAseq.g15050.t1,GO:0090304
Montipora_capitata_HIv3___RNAseq.g15050.t1,GO:0097159
Montipora_capitata_HIv3___RNAseq.g15050.t1,GO:0097659
Montipora_capitata_HIv3___RNAseq.g15050.t1,GO:0140110
Montipora_capitata_HIv3___RNAseq.g15050.t1,GO:1901360
Montipora_capitata_HIv3___RNAseq.g15050.t1,GO:1901362
Montipora_capitata_HIv3___RNAseq.g15050.t1,GO:1901363
Montipora_capitata_HIv3___RNAseq.g15050.t1,GO:1901576
Montipora_capitata_HIv3___RNAseq.g15050.t1,GO:1902680
Montipora_capitata_HIv3___RNAseq.g15050.t1,GO:1902692
Montipora_capitata_HIv3___RNAseq.g15050.t1,GO:1903506
Montipora_capitata_HIv3___RNAseq.g15050.t1,GO:1903508
Montipora_capitata_HIv3___RNAseq.g15050.t1,GO:1990837
Montipora_capitata_HIv3___RNAseq.g15050.t1,GO:2000026
Montipora_capitata_HIv3___RNAseq.g15050.t1,GO:2000112
Montipora_capitata_HIv3___RNAseq.g15050.t1,GO:2000177
Montipora_capitata_HIv3___RNAseq.g15050.t1,GO:2000179
Montipora_capitata_HIv3___RNAseq.g15050.t1,GO:2000648
Montipora_capitata_HIv3___RNAseq.g15050.t1,GO:2001141
Montipora_capitata_HIv3___RNAseq.g20279.t1,GO:0000785
Montipora_capitata_HIv3___RNAseq.g20279.t1,GO:0003674
Montipora_capitata_HIv3___RNAseq.g20279.t1,GO:0003682
Montipora_capitata_HIv3___RNAseq.g20279.t1,GO:0005488
Montipora_capitata_HIv3___RNAseq.g20279.t1,GO:0005575
Montipora_capitata_HIv3___RNAseq.g20279.t1,GO:0005622
Montipora_capitata_HIv3___RNAseq.g20279.t1,GO:0005623
Montipora_capitata_HIv3___RNAseq.g20279.t1,GO:0005634
Montipora_capitata_HIv3___RNAseq.g20279.t1,GO:0005694
Montipora_capitata_HIv3___RNAseq.g20279.t1,GO:0006325
Montipora_capitata_HIv3___RNAseq.g20279.t1,GO:0006996
Montipora_capitata_HIv3___RNAseq.g20279.t1,GO:0008150
Montipora_capitata_HIv3___RNAseq.g20279.t1,GO:0009987
Montipora_capitata_HIv3___RNAseq.g20279.t1,GO:0016043
Montipora_capitata_HIv3___RNAseq.g20279.t1,GO:0043226
Montipora_capitata_HIv3___RNAseq.g20279.t1,GO:0043227
Montipora_capitata_HIv3___RNAseq.g20279.t1,GO:0043228
Montipora_capitata_HIv3___RNAseq.g20279.t1,GO:0043229
Montipora_capitata_HIv3___RNAseq.g20279.t1,GO:0043231
Montipora_capitata_HIv3___RNAseq.g20279.t1,GO:0043232
Montipora_capitata_HIv3___RNAseq.g20279.t1,GO:0044422
Montipora_capitata_HIv3___RNAseq.g20279.t1,GO:0044424
Montipora_capitata_HIv3___RNAseq.g20279.t1,GO:0044427
Montipora_capitata_HIv3___RNAseq.g20279.t1,GO:0044446
Montipora_capitata_HIv3___RNAseq.g20279.t1,GO:0044464
Montipora_capitata_HIv3___RNAseq.g20279.t1,GO:0051276
Montipora_capitata_HIv3___RNAseq.g20279.t1,GO:0070828
Montipora_capitata_HIv3___RNAseq.g20279.t1,GO:0071840
Montipora_capitata_HIv3___RNAseq.g21373.t1,GO:0005575
Montipora_capitata_HIv3___RNAseq.g21373.t1,GO:0005622
Montipora_capitata_HIv3___RNAseq.g21373.t1,GO:0005623
Montipora_capitata_HIv3___RNAseq.g21373.t1,GO:0005737
Montipora_capitata_HIv3___RNAseq.g21373.t1,GO:0005768
Montipora_capitata_HIv3___RNAseq.g21373.t1,GO:0005769
Montipora_capitata_HIv3___RNAseq.g21373.t1,GO:0005770
Montipora_capitata_HIv3___RNAseq.g21373.t1,GO:0005783
Montipora_capitata_HIv3___RNAseq.g21373.t1,GO:0005794
Montipora_capitata_HIv3___RNAseq.g21373.t1,GO:0005802
Montipora_capitata_HIv3___RNAseq.g21373.t1,GO:0006810
Montipora_capitata_HIv3___RNAseq.g21373.t1,GO:0008021
Montipora_capitata_HIv3___RNAseq.g21373.t1,GO:0008150
Montipora_capitata_HIv3___RNAseq.g21373.t1,GO:0012505
Montipora_capitata_HIv3___RNAseq.g21373.t1,GO:0016192
Montipora_capitata_HIv3___RNAseq.g21373.t1,GO:0030133
Montipora_capitata_HIv3___RNAseq.g21373.t1,GO:0031410
Montipora_capitata_HIv3___RNAseq.g21373.t1,GO:0031982
Montipora_capitata_HIv3___RNAseq.g21373.t1,GO:0031984
Montipora_capitata_HIv3___RNAseq.g21373.t1,GO:0043226
Montipora_capitata_HIv3___RNAseq.g21373.t1,GO:0043227
Montipora_capitata_HIv3___RNAseq.g21373.t1,GO:0043229
Montipora_capitata_HIv3___RNAseq.g21373.t1,GO:0043231
Montipora_capitata_HIv3___RNAseq.g21373.t1,GO:0044422
Montipora_capitata_HIv3___RNAseq.g21373.t1,GO:0044424
Montipora_capitata_HIv3___RNAseq.g21373.t1,GO:0044431
Montipora_capitata_HIv3___RNAseq.g21373.t1,GO:0044444
Montipora_capitata_HIv3___RNAseq.g21373.t1,GO:0044446
Montipora_capitata_HIv3___RNAseq.g21373.t1,GO:0044456
Montipora_capitata_HIv3___RNAseq.g21373.t1,GO:0044464
Montipora_capitata_HIv3___RNAseq.g21373.t1,GO:0045202
Montipora_capitata_HIv3___RNAseq.g21373.t1,GO:0046907
Montipora_capitata_HIv3___RNAseq.g21373.t1,GO:0048489
Montipora_capitata_HIv3___RNAseq.g21373.t1,GO:0051179
Montipora_capitata_HIv3___RNAseq.g21373.t1,GO:0051234
Montipora_capitata_HIv3___RNAseq.g21373.t1,GO:0051640
Montipora_capitata_HIv3___RNAseq.g21373.t1,GO:0051641
Montipora_capitata_HIv3___RNAseq.g21373.t1,GO:0051648
Montipora_capitata_HIv3___RNAseq.g21373.t1,GO:0051649
Montipora_capitata_HIv3___RNAseq.g21373.t1,GO:0051650
Montipora_capitata_HIv3___RNAseq.g21373.t1,GO:0051656
Montipora_capitata_HIv3___RNAseq.g21373.t1,GO:0055037
Montipora_capitata_HIv3___RNAseq.g21373.t1,GO:0070382
Montipora_capitata_HIv3___RNAseq.g21373.t1,GO:0097458
Montipora_capitata_HIv3___RNAseq.g21373.t1,GO:0097479
Montipora_capitata_HIv3___RNAseq.g21373.t1,GO:0097480
Montipora_capitata_HIv3___RNAseq.g21373.t1,GO:0097708
Montipora_capitata_HIv3___RNAseq.g21373.t1,GO:0098791
Montipora_capitata_HIv3___RNAseq.g21373.t1,GO:0098793
Montipora_capitata_HIv3___RNAseq.g21373.t1,GO:0099003
Montipora_capitata_HIv3___RNAseq.g21373.t1,GO:0099503
Montipora_capitata_HIv3___RNAseq.g21376.t1,GO:0000086
Montipora_capitata_HIv3___RNAseq.g21376.t1,GO:0000278
Montipora_capitata_HIv3___RNAseq.g21376.t1,GO:0003674
Montipora_capitata_HIv3___RNAseq.g21376.t1,GO:0005488
Montipora_capitata_HIv3___RNAseq.g21376.t1,GO:0005515
Montipora_capitata_HIv3___RNAseq.g21376.t1,GO:0005575
Montipora_capitata_HIv3___RNAseq.g21376.t1,GO:0005622
Montipora_capitata_HIv3___RNAseq.g21376.t1,GO:0005623
Montipora_capitata_HIv3___RNAseq.g21376.t1,GO:0005737
Montipora_capitata_HIv3___RNAseq.g21376.t1,GO:0005829
Montipora_capitata_HIv3___RNAseq.g21376.t1,GO:0006996
Montipora_capitata_HIv3___RNAseq.g21376.t1,GO:0007049
Montipora_capitata_HIv3___RNAseq.g21376.t1,GO:0007346
Montipora_capitata_HIv3___RNAseq.g21376.t1,GO:0008150
Montipora_capitata_HIv3___RNAseq.g21376.t1,GO:0009892
Montipora_capitata_HIv3___RNAseq.g21376.t1,GO:0009987
Montipora_capitata_HIv3___RNAseq.g21376.t1,GO:0010389
Montipora_capitata_HIv3___RNAseq.g21376.t1,GO:0010563
Montipora_capitata_HIv3___RNAseq.g21376.t1,GO:0010564
Montipora_capitata_HIv3___RNAseq.g21376.t1,GO:0010921
Montipora_capitata_HIv3___RNAseq.g21376.t1,GO:0010923
Montipora_capitata_HIv3___RNAseq.g21376.t1,GO:0016043
Montipora_capitata_HIv3___RNAseq.g21376.t1,GO:0019220
Montipora_capitata_HIv3___RNAseq.g21376.t1,GO:0019222
Montipora_capitata_HIv3___RNAseq.g21376.t1,GO:0019899
Montipora_capitata_HIv3___RNAseq.g21376.t1,GO:0019902
Montipora_capitata_HIv3___RNAseq.g21376.t1,GO:0022402
Montipora_capitata_HIv3___RNAseq.g21376.t1,GO:0022406
Montipora_capitata_HIv3___RNAseq.g21376.t1,GO:0022607
Montipora_capitata_HIv3___RNAseq.g21376.t1,GO:0030030
Montipora_capitata_HIv3___RNAseq.g21376.t1,GO:0030031
Montipora_capitata_HIv3___RNAseq.g21376.t1,GO:0031323
Montipora_capitata_HIv3___RNAseq.g21376.t1,GO:0031324
Montipora_capitata_HIv3___RNAseq.g21376.t1,GO:0035303
Montipora_capitata_HIv3___RNAseq.g21376.t1,GO:0035305
Montipora_capitata_HIv3___RNAseq.g21376.t1,GO:0043086
Montipora_capitata_HIv3___RNAseq.g21376.t1,GO:0044085
Montipora_capitata_HIv3___RNAseq.g21376.t1,GO:0044092
Montipora_capitata_HIv3___RNAseq.g21376.t1,GO:0044424
Montipora_capitata_HIv3___RNAseq.g21376.t1,GO:0044444
Montipora_capitata_HIv3___RNAseq.g21376.t1,GO:0044464
Montipora_capitata_HIv3___RNAseq.g21376.t1,GO:0044770
Montipora_capitata_HIv3___RNAseq.g21376.t1,GO:0044772
Montipora_capitata_HIv3___RNAseq.g21376.t1,GO:0044782
Montipora_capitata_HIv3___RNAseq.g21376.t1,GO:0044839
Montipora_capitata_HIv3___RNAseq.g21376.t1,GO:0045936
Montipora_capitata_HIv3___RNAseq.g21376.t1,GO:0048519
Montipora_capitata_HIv3___RNAseq.g21376.t1,GO:0048523
Montipora_capitata_HIv3___RNAseq.g21376.t1,GO:0050789
Montipora_capitata_HIv3___RNAseq.g21376.t1,GO:0050790
Montipora_capitata_HIv3___RNAseq.g21376.t1,GO:0050794
Montipora_capitata_HIv3___RNAseq.g21376.t1,GO:0051174
Montipora_capitata_HIv3___RNAseq.g21376.t1,GO:0051179
Montipora_capitata_HIv3___RNAseq.g21376.t1,GO:0051336
Montipora_capitata_HIv3___RNAseq.g21376.t1,GO:0051346
Montipora_capitata_HIv3___RNAseq.g21376.t1,GO:0051640
Montipora_capitata_HIv3___RNAseq.g21376.t1,GO:0051641
Montipora_capitata_HIv3___RNAseq.g21376.t1,GO:0051726
Montipora_capitata_HIv3___RNAseq.g21376.t1,GO:0060271
Montipora_capitata_HIv3___RNAseq.g21376.t1,GO:0065007
Montipora_capitata_HIv3___RNAseq.g21376.t1,GO:0065009
Montipora_capitata_HIv3___RNAseq.g21376.t1,GO:0070925
Montipora_capitata_HIv3___RNAseq.g21376.t1,GO:0071840
Montipora_capitata_HIv3___RNAseq.g21376.t1,GO:0097711
Montipora_capitata_HIv3___RNAseq.g21376.t1,GO:0120031
Montipora_capitata_HIv3___RNAseq.g21376.t1,GO:0120036
Montipora_capitata_HIv3___RNAseq.g21376.t1,GO:0140056
Montipora_capitata_HIv3___RNAseq.g21376.t1,GO:1901987
Montipora_capitata_HIv3___RNAseq.g21376.t1,GO:1901990
Montipora_capitata_HIv3___RNAseq.g21376.t1,GO:1902749
Montipora_capitata_HIv3___RNAseq.g21376.t1,GO:1903047
Montipora_capitata_HIv3___RNAseq.g30158.t1,GO:0001775
Montipora_capitata_HIv3___RNAseq.g30158.t1,GO:0002252
Montipora_capitata_HIv3___RNAseq.g30158.t1,GO:0002263
Montipora_capitata_HIv3___RNAseq.g30158.t1,GO:0002274
Montipora_capitata_HIv3___RNAseq.g30158.t1,GO:0002275
Montipora_capitata_HIv3___RNAseq.g30158.t1,GO:0002283
Montipora_capitata_HIv3___RNAseq.g30158.t1,GO:0002366
Montipora_capitata_HIv3___RNAseq.g30158.t1,GO:0002376
Montipora_capitata_HIv3___RNAseq.g30158.t1,GO:0002443
Montipora_capitata_HIv3___RNAseq.g30158.t1,GO:0002444
Montipora_capitata_HIv3___RNAseq.g30158.t1,GO:0002446
Montipora_capitata_HIv3___RNAseq.g30158.t1,GO:0003674
Montipora_capitata_HIv3___RNAseq.g30158.t1,GO:0003824
Montipora_capitata_HIv3___RNAseq.g30158.t1,GO:0005488
Montipora_capitata_HIv3___RNAseq.g30158.t1,GO:0005507
Montipora_capitata_HIv3___RNAseq.g30158.t1,GO:0005509
Montipora_capitata_HIv3___RNAseq.g30158.t1,GO:0005515
Montipora_capitata_HIv3___RNAseq.g30158.t1,GO:0005539
Montipora_capitata_HIv3___RNAseq.g30158.t1,GO:0005575
Montipora_capitata_HIv3___RNAseq.g30158.t1,GO:0005576
Montipora_capitata_HIv3___RNAseq.g30158.t1,GO:0005615
Montipora_capitata_HIv3___RNAseq.g30158.t1,GO:0005622
Montipora_capitata_HIv3___RNAseq.g30158.t1,GO:0005623
Montipora_capitata_HIv3___RNAseq.g30158.t1,GO:0005737
Montipora_capitata_HIv3___RNAseq.g30158.t1,GO:0005777
Montipora_capitata_HIv3___RNAseq.g30158.t1,GO:0005886
Montipora_capitata_HIv3___RNAseq.g30158.t1,GO:0005911
Montipora_capitata_HIv3___RNAseq.g30158.t1,GO:0005923
Montipora_capitata_HIv3___RNAseq.g30158.t1,GO:0006805
Montipora_capitata_HIv3___RNAseq.g30158.t1,GO:0006810
Montipora_capitata_HIv3___RNAseq.g30158.t1,GO:0006811
Montipora_capitata_HIv3___RNAseq.g30158.t1,GO:0006812
Montipora_capitata_HIv3___RNAseq.g30158.t1,GO:0006887
Montipora_capitata_HIv3___RNAseq.g30158.t1,GO:0006950
Montipora_capitata_HIv3___RNAseq.g30158.t1,GO:0006955
Montipora_capitata_HIv3___RNAseq.g30158.t1,GO:0007154
Montipora_capitata_HIv3___RNAseq.g30158.t1,GO:0008131
Montipora_capitata_HIv3___RNAseq.g30158.t1,GO:0008144
Montipora_capitata_HIv3___RNAseq.g30158.t1,GO:0008150
Montipora_capitata_HIv3___RNAseq.g30158.t1,GO:0008152
Montipora_capitata_HIv3___RNAseq.g30158.t1,GO:0008201
Montipora_capitata_HIv3___RNAseq.g30158.t1,GO:0008270
Montipora_capitata_HIv3___RNAseq.g30158.t1,GO:0009267
Montipora_capitata_HIv3___RNAseq.g30158.t1,GO:0009410
Montipora_capitata_HIv3___RNAseq.g30158.t1,GO:0009605
Montipora_capitata_HIv3___RNAseq.g30158.t1,GO:0009719
Montipora_capitata_HIv3___RNAseq.g30158.t1,GO:0009987
Montipora_capitata_HIv3___RNAseq.g30158.t1,GO:0009991
Montipora_capitata_HIv3___RNAseq.g30158.t1,GO:0010033
Montipora_capitata_HIv3___RNAseq.g30158.t1,GO:0010035
Montipora_capitata_HIv3___RNAseq.g30158.t1,GO:0010038
Montipora_capitata_HIv3___RNAseq.g30158.t1,GO:0010243
Montipora_capitata_HIv3___RNAseq.g30158.t1,GO:0012505
Montipora_capitata_HIv3___RNAseq.g30158.t1,GO:0014070
Montipora_capitata_HIv3___RNAseq.g30158.t1,GO:0015695
Montipora_capitata_HIv3___RNAseq.g30158.t1,GO:0015893
Montipora_capitata_HIv3___RNAseq.g30158.t1,GO:0015898
Montipora_capitata_HIv3___RNAseq.g30158.t1,GO:0016020
Montipora_capitata_HIv3___RNAseq.g30158.t1,GO:0016192
Montipora_capitata_HIv3___RNAseq.g30158.t1,GO:0016491
Montipora_capitata_HIv3___RNAseq.g30158.t1,GO:0016638
Montipora_capitata_HIv3___RNAseq.g30158.t1,GO:0016641
Montipora_capitata_HIv3___RNAseq.g30158.t1,GO:0030054
Montipora_capitata_HIv3___RNAseq.g30158.t1,GO:0030141
Montipora_capitata_HIv3___RNAseq.g30158.t1,GO:0031410
Montipora_capitata_HIv3___RNAseq.g30158.t1,GO:0031667
Montipora_capitata_HIv3___RNAseq.g30158.t1,GO:0031668
Montipora_capitata_HIv3___RNAseq.g30158.t1,GO:0031669
Montipora_capitata_HIv3___RNAseq.g30158.t1,GO:0031974
Montipora_capitata_HIv3___RNAseq.g30158.t1,GO:0031982
Montipora_capitata_HIv3___RNAseq.g30158.t1,GO:0031983
Montipora_capitata_HIv3___RNAseq.g30158.t1,GO:0032940
Montipora_capitata_HIv3___RNAseq.g30158.t1,GO:0033554
Montipora_capitata_HIv3___RNAseq.g30158.t1,GO:0034774
Montipora_capitata_HIv3___RNAseq.g30158.t1,GO:0034776
Montipora_capitata_HIv3___RNAseq.g30158.t1,GO:0035580
Montipora_capitata_HIv3___RNAseq.g30158.t1,GO:0035690
Montipora_capitata_HIv3___RNAseq.g30158.t1,GO:0035874
Montipora_capitata_HIv3___RNAseq.g30158.t1,GO:0036230
Montipora_capitata_HIv3___RNAseq.g30158.t1,GO:0042119
Montipora_capitata_HIv3___RNAseq.g30158.t1,GO:0042221
Montipora_capitata_HIv3___RNAseq.g30158.t1,GO:0042493
Montipora_capitata_HIv3___RNAseq.g30158.t1,GO:0042579
Montipora_capitata_HIv3___RNAseq.g30158.t1,GO:0042581
Montipora_capitata_HIv3___RNAseq.g30158.t1,GO:0042594
Montipora_capitata_HIv3___RNAseq.g30158.t1,GO:0042802
Montipora_capitata_HIv3___RNAseq.g30158.t1,GO:0042803
Montipora_capitata_HIv3___RNAseq.g30158.t1,GO:0043167
Montipora_capitata_HIv3___RNAseq.g30158.t1,GO:0043168
Montipora_capitata_HIv3___RNAseq.g30158.t1,GO:0043169
Montipora_capitata_HIv3___RNAseq.g30158.t1,GO:0043226
Montipora_capitata_HIv3___RNAseq.g30158.t1,GO:0043227
Montipora_capitata_HIv3___RNAseq.g30158.t1,GO:0043229
Montipora_capitata_HIv3___RNAseq.g30158.t1,GO:0043230
Montipora_capitata_HIv3___RNAseq.g30158.t1,GO:0043231
Montipora_capitata_HIv3___RNAseq.g30158.t1,GO:0043233
Montipora_capitata_HIv3___RNAseq.g30158.t1,GO:0043296
Montipora_capitata_HIv3___RNAseq.g30158.t1,GO:0043299
Montipora_capitata_HIv3___RNAseq.g30158.t1,GO:0043312
Montipora_capitata_HIv3___RNAseq.g30158.t1,GO:0044237
Montipora_capitata_HIv3___RNAseq.g30158.t1,GO:0044421
Montipora_capitata_HIv3___RNAseq.g30158.t1,GO:0044422
Montipora_capitata_HIv3___RNAseq.g30158.t1,GO:0044424
Montipora_capitata_HIv3___RNAseq.g30158.t1,GO:0044433
Montipora_capitata_HIv3___RNAseq.g30158.t1,GO:0044444
Montipora_capitata_HIv3___RNAseq.g30158.t1,GO:0044446
Montipora_capitata_HIv3___RNAseq.g30158.t1,GO:0044464
Montipora_capitata_HIv3___RNAseq.g30158.t1,GO:0044877
Montipora_capitata_HIv3___RNAseq.g30158.t1,GO:0045055
Montipora_capitata_HIv3___RNAseq.g30158.t1,GO:0045321
Montipora_capitata_HIv3___RNAseq.g30158.t1,GO:0046677
Montipora_capitata_HIv3___RNAseq.g30158.t1,GO:0046688
Montipora_capitata_HIv3___RNAseq.g30158.t1,GO:0046872
Montipora_capitata_HIv3___RNAseq.g30158.t1,GO:0046903
Montipora_capitata_HIv3___RNAseq.g30158.t1,GO:0046914
Montipora_capitata_HIv3___RNAseq.g30158.t1,GO:0046983
Montipora_capitata_HIv3___RNAseq.g30158.t1,GO:0048037
Montipora_capitata_HIv3___RNAseq.g30158.t1,GO:0048038
Montipora_capitata_HIv3___RNAseq.g30158.t1,GO:0050896
Montipora_capitata_HIv3___RNAseq.g30158.t1,GO:0051179
Montipora_capitata_HIv3___RNAseq.g30158.t1,GO:0051234
Montipora_capitata_HIv3___RNAseq.g30158.t1,GO:0051716
Montipora_capitata_HIv3___RNAseq.g30158.t1,GO:0052597
Montipora_capitata_HIv3___RNAseq.g30158.t1,GO:0052598
Montipora_capitata_HIv3___RNAseq.g30158.t1,GO:0055114
Montipora_capitata_HIv3___RNAseq.g30158.t1,GO:0060205
Montipora_capitata_HIv3___RNAseq.g30158.t1,GO:0060359
Montipora_capitata_HIv3___RNAseq.g30158.t1,GO:0061476
Montipora_capitata_HIv3___RNAseq.g30158.t1,GO:0070013
Montipora_capitata_HIv3___RNAseq.g30158.t1,GO:0070062
Montipora_capitata_HIv3___RNAseq.g30158.t1,GO:0070160
Montipora_capitata_HIv3___RNAseq.g30158.t1,GO:0070887
Montipora_capitata_HIv3___RNAseq.g30158.t1,GO:0071241
Montipora_capitata_HIv3___RNAseq.g30158.t1,GO:0071242
Montipora_capitata_HIv3___RNAseq.g30158.t1,GO:0071248
Montipora_capitata_HIv3___RNAseq.g30158.t1,GO:0071280
Montipora_capitata_HIv3___RNAseq.g30158.t1,GO:0071310
Montipora_capitata_HIv3___RNAseq.g30158.t1,GO:0071407
Montipora_capitata_HIv3___RNAseq.g30158.t1,GO:0071417
Montipora_capitata_HIv3___RNAseq.g30158.t1,GO:0071420
Montipora_capitata_HIv3___RNAseq.g30158.t1,GO:0071466
Montipora_capitata_HIv3___RNAseq.g30158.t1,GO:0071495
Montipora_capitata_HIv3___RNAseq.g30158.t1,GO:0071496
Montipora_capitata_HIv3___RNAseq.g30158.t1,GO:0071503
Montipora_capitata_HIv3___RNAseq.g30158.t1,GO:0071504
Montipora_capitata_HIv3___RNAseq.g30158.t1,GO:0071702
Montipora_capitata_HIv3___RNAseq.g30158.t1,GO:0071705
Montipora_capitata_HIv3___RNAseq.g30158.t1,GO:0071944
Montipora_capitata_HIv3___RNAseq.g30158.t1,GO:0097184
Montipora_capitata_HIv3___RNAseq.g30158.t1,GO:0097185
Montipora_capitata_HIv3___RNAseq.g30158.t1,GO:0097367
Montipora_capitata_HIv3___RNAseq.g30158.t1,GO:0097708
Montipora_capitata_HIv3___RNAseq.g30158.t1,GO:0099503
Montipora_capitata_HIv3___RNAseq.g30158.t1,GO:0120126
Montipora_capitata_HIv3___RNAseq.g30158.t1,GO:1901681
Montipora_capitata_HIv3___RNAseq.g30158.t1,GO:1901698
Montipora_capitata_HIv3___RNAseq.g30158.t1,GO:1901699
Montipora_capitata_HIv3___RNAseq.g30158.t1,GO:1901700
Montipora_capitata_HIv3___RNAseq.g30158.t1,GO:1901701
Montipora_capitata_HIv3___RNAseq.g30158.t1,GO:1903561
Montipora_capitata_HIv3___RNAseq.g47569.t1,GO:0000151
Montipora_capitata_HIv3___RNAseq.g47569.t1,GO:0001942
Montipora_capitata_HIv3___RNAseq.g47569.t1,GO:0003674
Montipora_capitata_HIv3___RNAseq.g47569.t1,GO:0005215
Montipora_capitata_HIv3___RNAseq.g47569.t1,GO:0005216
Montipora_capitata_HIv3___RNAseq.g47569.t1,GO:0005261
Montipora_capitata_HIv3___RNAseq.g47569.t1,GO:0005262
Montipora_capitata_HIv3___RNAseq.g47569.t1,GO:0005488
Montipora_capitata_HIv3___RNAseq.g47569.t1,GO:0005515
Montipora_capitata_HIv3___RNAseq.g47569.t1,GO:0005575
Montipora_capitata_HIv3___RNAseq.g47569.t1,GO:0005622
Montipora_capitata_HIv3___RNAseq.g47569.t1,GO:0005623
Montipora_capitata_HIv3___RNAseq.g47569.t1,GO:0005886
Montipora_capitata_HIv3___RNAseq.g47569.t1,GO:0006464
Montipora_capitata_HIv3___RNAseq.g47569.t1,GO:0006508
Montipora_capitata_HIv3___RNAseq.g47569.t1,GO:0006511
Montipora_capitata_HIv3___RNAseq.g47569.t1,GO:0006807
Montipora_capitata_HIv3___RNAseq.g47569.t1,GO:0006810
Montipora_capitata_HIv3___RNAseq.g47569.t1,GO:0006811
Montipora_capitata_HIv3___RNAseq.g47569.t1,GO:0006812
Montipora_capitata_HIv3___RNAseq.g47569.t1,GO:0006816
Montipora_capitata_HIv3___RNAseq.g47569.t1,GO:0007275
Montipora_capitata_HIv3___RNAseq.g47569.t1,GO:0008150
Montipora_capitata_HIv3___RNAseq.g47569.t1,GO:0008152
Montipora_capitata_HIv3___RNAseq.g47569.t1,GO:0008324
Montipora_capitata_HIv3___RNAseq.g47569.t1,GO:0008544
Montipora_capitata_HIv3___RNAseq.g47569.t1,GO:0009056
Montipora_capitata_HIv3___RNAseq.g47569.t1,GO:0009057
Montipora_capitata_HIv3___RNAseq.g47569.t1,GO:0009888
Montipora_capitata_HIv3___RNAseq.g47569.t1,GO:0009987
Montipora_capitata_HIv3___RNAseq.g47569.t1,GO:0015075
Montipora_capitata_HIv3___RNAseq.g47569.t1,GO:0015085
Montipora_capitata_HIv3___RNAseq.g47569.t1,GO:0015267
Montipora_capitata_HIv3___RNAseq.g47569.t1,GO:0015318
Montipora_capitata_HIv3___RNAseq.g47569.t1,GO:0016020
Montipora_capitata_HIv3___RNAseq.g47569.t1,GO:0016567
Montipora_capitata_HIv3___RNAseq.g47569.t1,GO:0019538
Montipora_capitata_HIv3___RNAseq.g47569.t1,GO:0019899
Montipora_capitata_HIv3___RNAseq.g47569.t1,GO:0019902
Montipora_capitata_HIv3___RNAseq.g47569.t1,GO:0019941
Montipora_capitata_HIv3___RNAseq.g47569.t1,GO:0021700
Montipora_capitata_HIv3___RNAseq.g47569.t1,GO:0022404
Montipora_capitata_HIv3___RNAseq.g47569.t1,GO:0022405
Montipora_capitata_HIv3___RNAseq.g47569.t1,GO:0022803
Montipora_capitata_HIv3___RNAseq.g47569.t1,GO:0022838
Montipora_capitata_HIv3___RNAseq.g47569.t1,GO:0022857
Montipora_capitata_HIv3___RNAseq.g47569.t1,GO:0022890
Montipora_capitata_HIv3___RNAseq.g47569.t1,GO:0030001
Montipora_capitata_HIv3___RNAseq.g47569.t1,GO:0030163
Montipora_capitata_HIv3___RNAseq.g47569.t1,GO:0031461
Montipora_capitata_HIv3___RNAseq.g47569.t1,GO:0031464
Montipora_capitata_HIv3___RNAseq.g47569.t1,GO:0032446
Montipora_capitata_HIv3___RNAseq.g47569.t1,GO:0032501
Montipora_capitata_HIv3___RNAseq.g47569.t1,GO:0032502
Montipora_capitata_HIv3___RNAseq.g47569.t1,GO:0032991
Montipora_capitata_HIv3___RNAseq.g47569.t1,GO:0034220
Montipora_capitata_HIv3___RNAseq.g47569.t1,GO:0036211
Montipora_capitata_HIv3___RNAseq.g47569.t1,GO:0042303
Montipora_capitata_HIv3___RNAseq.g47569.t1,GO:0042633
Montipora_capitata_HIv3___RNAseq.g47569.t1,GO:0043170
Montipora_capitata_HIv3___RNAseq.g47569.t1,GO:0043412
Montipora_capitata_HIv3___RNAseq.g47569.t1,GO:0043588
Montipora_capitata_HIv3___RNAseq.g47569.t1,GO:0043632
Montipora_capitata_HIv3___RNAseq.g47569.t1,GO:0044237
Montipora_capitata_HIv3___RNAseq.g47569.t1,GO:0044238
Montipora_capitata_HIv3___RNAseq.g47569.t1,GO:0044248
Montipora_capitata_HIv3___RNAseq.g47569.t1,GO:0044257
Montipora_capitata_HIv3___RNAseq.g47569.t1,GO:0044260
Montipora_capitata_HIv3___RNAseq.g47569.t1,GO:0044265
Montipora_capitata_HIv3___RNAseq.g47569.t1,GO:0044267
Montipora_capitata_HIv3___RNAseq.g47569.t1,GO:0044424
Montipora_capitata_HIv3___RNAseq.g47569.t1,GO:0044464
Montipora_capitata_HIv3___RNAseq.g47569.t1,GO:0046873
Montipora_capitata_HIv3___RNAseq.g47569.t1,GO:0048513
Montipora_capitata_HIv3___RNAseq.g47569.t1,GO:0048731
Montipora_capitata_HIv3___RNAseq.g47569.t1,GO:0048820
Montipora_capitata_HIv3___RNAseq.g47569.t1,GO:0048856
Montipora_capitata_HIv3___RNAseq.g47569.t1,GO:0051179
Montipora_capitata_HIv3___RNAseq.g47569.t1,GO:0051234
Montipora_capitata_HIv3___RNAseq.g47569.t1,GO:0051603
Montipora_capitata_HIv3___RNAseq.g47569.t1,GO:0055085
Montipora_capitata_HIv3___RNAseq.g47569.t1,GO:0060429
Montipora_capitata_HIv3___RNAseq.g47569.t1,GO:0070588
Montipora_capitata_HIv3___RNAseq.g47569.t1,GO:0070647
Montipora_capitata_HIv3___RNAseq.g47569.t1,GO:0070838
Montipora_capitata_HIv3___RNAseq.g47569.t1,GO:0071695
Montipora_capitata_HIv3___RNAseq.g47569.t1,GO:0071704
Montipora_capitata_HIv3___RNAseq.g47569.t1,GO:0071944
Montipora_capitata_HIv3___RNAseq.g47569.t1,GO:0072511
Montipora_capitata_HIv3___RNAseq.g47569.t1,GO:0080008
Montipora_capitata_HIv3___RNAseq.g47569.t1,GO:0098655
Montipora_capitata_HIv3___RNAseq.g47569.t1,GO:0098660
Montipora_capitata_HIv3___RNAseq.g47569.t1,GO:0098662
Montipora_capitata_HIv3___RNAseq.g47569.t1,GO:0098773
Montipora_capitata_HIv3___RNAseq.g47569.t1,GO:1901564
Montipora_capitata_HIv3___RNAseq.g47569.t1,GO:1901565
Montipora_capitata_HIv3___RNAseq.g47569.t1,GO:1901575
Montipora_capitata_HIv3___RNAseq.g47569.t1,GO:1902494
Montipora_capitata_HIv3___RNAseq.g47569.t1,GO:1990234
Montipora_capitata_HIv3___RNAseq.g49676.t1,GO:0003674
Montipora_capitata_HIv3___RNAseq.g49676.t1,GO:0005096
Montipora_capitata_HIv3___RNAseq.g49676.t1,GO:0005488
Montipora_capitata_HIv3___RNAseq.g49676.t1,GO:0005515
Montipora_capitata_HIv3___RNAseq.g49676.t1,GO:0005575
Montipora_capitata_HIv3___RNAseq.g49676.t1,GO:0005622
Montipora_capitata_HIv3___RNAseq.g49676.t1,GO:0005623
Montipora_capitata_HIv3___RNAseq.g49676.t1,GO:0005737
Montipora_capitata_HIv3___RNAseq.g49676.t1,GO:0005815
Montipora_capitata_HIv3___RNAseq.g49676.t1,GO:0005829
Montipora_capitata_HIv3___RNAseq.g49676.t1,GO:0005856
Montipora_capitata_HIv3___RNAseq.g49676.t1,GO:0005929
Montipora_capitata_HIv3___RNAseq.g49676.t1,GO:0008047
Montipora_capitata_HIv3___RNAseq.g49676.t1,GO:0008150
Montipora_capitata_HIv3___RNAseq.g49676.t1,GO:0009893
Montipora_capitata_HIv3___RNAseq.g49676.t1,GO:0009966
Montipora_capitata_HIv3___RNAseq.g49676.t1,GO:0009968
Montipora_capitata_HIv3___RNAseq.g49676.t1,GO:0010033
Montipora_capitata_HIv3___RNAseq.g49676.t1,GO:0010604
Montipora_capitata_HIv3___RNAseq.g49676.t1,GO:0010639
Montipora_capitata_HIv3___RNAseq.g49676.t1,GO:0010646
Montipora_capitata_HIv3___RNAseq.g49676.t1,GO:0010648
Montipora_capitata_HIv3___RNAseq.g49676.t1,GO:0015630
Montipora_capitata_HIv3___RNAseq.g49676.t1,GO:0017016
Montipora_capitata_HIv3___RNAseq.g49676.t1,GO:0017137
Montipora_capitata_HIv3___RNAseq.g49676.t1,GO:0019222
Montipora_capitata_HIv3___RNAseq.g49676.t1,GO:0019899
Montipora_capitata_HIv3___RNAseq.g49676.t1,GO:0023051
Montipora_capitata_HIv3___RNAseq.g49676.t1,GO:0023057
Montipora_capitata_HIv3___RNAseq.g49676.t1,GO:0030234
Montipora_capitata_HIv3___RNAseq.g49676.t1,GO:0030695
Montipora_capitata_HIv3___RNAseq.g49676.t1,GO:0031267
Montipora_capitata_HIv3___RNAseq.g49676.t1,GO:0031323
Montipora_capitata_HIv3___RNAseq.g49676.t1,GO:0031325
Montipora_capitata_HIv3___RNAseq.g49676.t1,GO:0031344
Montipora_capitata_HIv3___RNAseq.g49676.t1,GO:0031345
Montipora_capitata_HIv3___RNAseq.g49676.t1,GO:0031396
Montipora_capitata_HIv3___RNAseq.g49676.t1,GO:0031398
Montipora_capitata_HIv3___RNAseq.g49676.t1,GO:0031399
Montipora_capitata_HIv3___RNAseq.g49676.t1,GO:0031401
Montipora_capitata_HIv3___RNAseq.g49676.t1,GO:0031410
Montipora_capitata_HIv3___RNAseq.g49676.t1,GO:0031982
Montipora_capitata_HIv3___RNAseq.g49676.t1,GO:0032006
Montipora_capitata_HIv3___RNAseq.g49676.t1,GO:0032007
Montipora_capitata_HIv3___RNAseq.g49676.t1,GO:0032268
Montipora_capitata_HIv3___RNAseq.g49676.t1,GO:0032270
Montipora_capitata_HIv3___RNAseq.g49676.t1,GO:0033043
Montipora_capitata_HIv3___RNAseq.g49676.t1,GO:0036064
Montipora_capitata_HIv3___RNAseq.g49676.t1,GO:0042221
Montipora_capitata_HIv3___RNAseq.g49676.t1,GO:0042995
Montipora_capitata_HIv3___RNAseq.g49676.t1,GO:0043085
Montipora_capitata_HIv3___RNAseq.g49676.t1,GO:0043087
Montipora_capitata_HIv3___RNAseq.g49676.t1,GO:0043226
Montipora_capitata_HIv3___RNAseq.g49676.t1,GO:0043227
Montipora_capitata_HIv3___RNAseq.g49676.t1,GO:0043228
Montipora_capitata_HIv3___RNAseq.g49676.t1,GO:0043229
Montipora_capitata_HIv3___RNAseq.g49676.t1,GO:0043232
Montipora_capitata_HIv3___RNAseq.g49676.t1,GO:0043547
Montipora_capitata_HIv3___RNAseq.g49676.t1,GO:0044087
Montipora_capitata_HIv3___RNAseq.g49676.t1,GO:0044093
Montipora_capitata_HIv3___RNAseq.g49676.t1,GO:0044422
Montipora_capitata_HIv3___RNAseq.g49676.t1,GO:0044424
Montipora_capitata_HIv3___RNAseq.g49676.t1,GO:0044430
Montipora_capitata_HIv3___RNAseq.g49676.t1,GO:0044441
Montipora_capitata_HIv3___RNAseq.g49676.t1,GO:0044444
Montipora_capitata_HIv3___RNAseq.g49676.t1,GO:0044446
Montipora_capitata_HIv3___RNAseq.g49676.t1,GO:0044463
Montipora_capitata_HIv3___RNAseq.g49676.t1,GO:0044464
Montipora_capitata_HIv3___RNAseq.g49676.t1,GO:0048518
Montipora_capitata_HIv3___RNAseq.g49676.t1,GO:0048519
Montipora_capitata_HIv3___RNAseq.g49676.t1,GO:0048522
Montipora_capitata_HIv3___RNAseq.g49676.t1,GO:0048523
Montipora_capitata_HIv3___RNAseq.g49676.t1,GO:0048583
Montipora_capitata_HIv3___RNAseq.g49676.t1,GO:0048585
Montipora_capitata_HIv3___RNAseq.g49676.t1,GO:0050789
Montipora_capitata_HIv3___RNAseq.g49676.t1,GO:0050790
Montipora_capitata_HIv3___RNAseq.g49676.t1,GO:0050794
Montipora_capitata_HIv3___RNAseq.g49676.t1,GO:0050896
Montipora_capitata_HIv3___RNAseq.g49676.t1,GO:0051020
Montipora_capitata_HIv3___RNAseq.g49676.t1,GO:0051128
Montipora_capitata_HIv3___RNAseq.g49676.t1,GO:0051129
Montipora_capitata_HIv3___RNAseq.g49676.t1,GO:0051171
Montipora_capitata_HIv3___RNAseq.g49676.t1,GO:0051173
Montipora_capitata_HIv3___RNAseq.g49676.t1,GO:0051246
Montipora_capitata_HIv3___RNAseq.g49676.t1,GO:0051247
Montipora_capitata_HIv3___RNAseq.g49676.t1,GO:0051336
Montipora_capitata_HIv3___RNAseq.g49676.t1,GO:0051345
Montipora_capitata_HIv3___RNAseq.g49676.t1,GO:0060255
Montipora_capitata_HIv3___RNAseq.g49676.t1,GO:0060491
Montipora_capitata_HIv3___RNAseq.g49676.t1,GO:0060589
Montipora_capitata_HIv3___RNAseq.g49676.t1,GO:0065007
Montipora_capitata_HIv3___RNAseq.g49676.t1,GO:0065009
Montipora_capitata_HIv3___RNAseq.g49676.t1,GO:0070848
Montipora_capitata_HIv3___RNAseq.g49676.t1,GO:0080090
Montipora_capitata_HIv3___RNAseq.g49676.t1,GO:0090630
Montipora_capitata_HIv3___RNAseq.g49676.t1,GO:0097708
Montipora_capitata_HIv3___RNAseq.g49676.t1,GO:0098772
Montipora_capitata_HIv3___RNAseq.g49676.t1,GO:0120025
Montipora_capitata_HIv3___RNAseq.g49676.t1,GO:0120032
Montipora_capitata_HIv3___RNAseq.g49676.t1,GO:0120033
Montipora_capitata_HIv3___RNAseq.g49676.t1,GO:0120035
Montipora_capitata_HIv3___RNAseq.g49676.t1,GO:0120038
Montipora_capitata_HIv3___RNAseq.g49676.t1,GO:1902017
Montipora_capitata_HIv3___RNAseq.g49676.t1,GO:1902018
Montipora_capitata_HIv3___RNAseq.g49676.t1,GO:1902115
Montipora_capitata_HIv3___RNAseq.g49676.t1,GO:1902116
Montipora_capitata_HIv3___RNAseq.g49676.t1,GO:1902531
Montipora_capitata_HIv3___RNAseq.g49676.t1,GO:1902532
Montipora_capitata_HIv3___RNAseq.g49676.t1,GO:1903320
Montipora_capitata_HIv3___RNAseq.g49676.t1,GO:1903322
Montipora_capitata_HIv3___RNAseq.g35580.t1,GO:0000902
Montipora_capitata_HIv3___RNAseq.g35580.t1,GO:0000904
Montipora_capitata_HIv3___RNAseq.g35580.t1,GO:0000981
Montipora_capitata_HIv3___RNAseq.g35580.t1,GO:0002164
Montipora_capitata_HIv3___RNAseq.g35580.t1,GO:0002165
Montipora_capitata_HIv3___RNAseq.g35580.t1,GO:0002168
Montipora_capitata_HIv3___RNAseq.g35580.t1,GO:0003002
Montipora_capitata_HIv3___RNAseq.g35580.t1,GO:0003674
Montipora_capitata_HIv3___RNAseq.g35580.t1,GO:0003676
Montipora_capitata_HIv3___RNAseq.g35580.t1,GO:0003677
Montipora_capitata_HIv3___RNAseq.g35580.t1,GO:0003682
Montipora_capitata_HIv3___RNAseq.g35580.t1,GO:0003700
Montipora_capitata_HIv3___RNAseq.g35580.t1,GO:0003705
Montipora_capitata_HIv3___RNAseq.g35580.t1,GO:0005488
Montipora_capitata_HIv3___RNAseq.g35580.t1,GO:0005515
Montipora_capitata_HIv3___RNAseq.g35580.t1,GO:0005575
Montipora_capitata_HIv3___RNAseq.g35580.t1,GO:0005622
Montipora_capitata_HIv3___RNAseq.g35580.t1,GO:0005623
Montipora_capitata_HIv3___RNAseq.g35580.t1,GO:0005634
Montipora_capitata_HIv3___RNAseq.g35580.t1,GO:0006355
Montipora_capitata_HIv3___RNAseq.g35580.t1,GO:0006357
Montipora_capitata_HIv3___RNAseq.g35580.t1,GO:0006928
Montipora_capitata_HIv3___RNAseq.g35580.t1,GO:0006935
Montipora_capitata_HIv3___RNAseq.g35580.t1,GO:0007275
Montipora_capitata_HIv3___RNAseq.g35580.t1,GO:0007350
Montipora_capitata_HIv3___RNAseq.g35580.t1,GO:0007365
Montipora_capitata_HIv3___RNAseq.g35580.t1,GO:0007367
Montipora_capitata_HIv3___RNAseq.g35580.t1,GO:0007389
Montipora_capitata_HIv3___RNAseq.g35580.t1,GO:0007399
Montipora_capitata_HIv3___RNAseq.g35580.t1,GO:0007409
Montipora_capitata_HIv3___RNAseq.g35580.t1,GO:0007411
Montipora_capitata_HIv3___RNAseq.g35580.t1,GO:0007417
Montipora_capitata_HIv3___RNAseq.g35580.t1,GO:0007591
Montipora_capitata_HIv3___RNAseq.g35580.t1,GO:0008150
Montipora_capitata_HIv3___RNAseq.g35580.t1,GO:0008363
Montipora_capitata_HIv3___RNAseq.g35580.t1,GO:0009605
Montipora_capitata_HIv3___RNAseq.g35580.t1,GO:0009653
Montipora_capitata_HIv3___RNAseq.g35580.t1,GO:0009790
Montipora_capitata_HIv3___RNAseq.g35580.t1,GO:0009791
Montipora_capitata_HIv3___RNAseq.g35580.t1,GO:0009880
Montipora_capitata_HIv3___RNAseq.g35580.t1,GO:0009889
Montipora_capitata_HIv3___RNAseq.g35580.t1,GO:0009891
Montipora_capitata_HIv3___RNAseq.g35580.t1,GO:0009893
Montipora_capitata_HIv3___RNAseq.g35580.t1,GO:0009966
Montipora_capitata_HIv3___RNAseq.g35580.t1,GO:0009968
Montipora_capitata_HIv3___RNAseq.g35580.t1,GO:0009987
Montipora_capitata_HIv3___RNAseq.g35580.t1,GO:0010468
Montipora_capitata_HIv3___RNAseq.g35580.t1,GO:0010556
Montipora_capitata_HIv3___RNAseq.g35580.t1,GO:0010557
Montipora_capitata_HIv3___RNAseq.g35580.t1,GO:0010604
Montipora_capitata_HIv3___RNAseq.g35580.t1,GO:0010628
Montipora_capitata_HIv3___RNAseq.g35580.t1,GO:0010646
Montipora_capitata_HIv3___RNAseq.g35580.t1,GO:0010648
Montipora_capitata_HIv3___RNAseq.g35580.t1,GO:0016043
Montipora_capitata_HIv3___RNAseq.g35580.t1,GO:0019219
Montipora_capitata_HIv3___RNAseq.g35580.t1,GO:0019222
Montipora_capitata_HIv3___RNAseq.g35580.t1,GO:0022008
Montipora_capitata_HIv3___RNAseq.g35580.t1,GO:0023051
Montipora_capitata_HIv3___RNAseq.g35580.t1,GO:0023057
Montipora_capitata_HIv3___RNAseq.g35580.t1,GO:0030030
Montipora_capitata_HIv3___RNAseq.g35580.t1,GO:0030111
Montipora_capitata_HIv3___RNAseq.g35580.t1,GO:0030154
Montipora_capitata_HIv3___RNAseq.g35580.t1,GO:0030178
Montipora_capitata_HIv3___RNAseq.g35580.t1,GO:0030182
Montipora_capitata_HIv3___RNAseq.g35580.t1,GO:0031175
Montipora_capitata_HIv3___RNAseq.g35580.t1,GO:0031323
Montipora_capitata_HIv3___RNAseq.g35580.t1,GO:0031325
Montipora_capitata_HIv3___RNAseq.g35580.t1,GO:0031326
Montipora_capitata_HIv3___RNAseq.g35580.t1,GO:0031328
Montipora_capitata_HIv3___RNAseq.g35580.t1,GO:0031490
Montipora_capitata_HIv3___RNAseq.g35580.t1,GO:0032501
Montipora_capitata_HIv3___RNAseq.g35580.t1,GO:0032502
Montipora_capitata_HIv3___RNAseq.g35580.t1,GO:0032989
Montipora_capitata_HIv3___RNAseq.g35580.t1,GO:0032990
Montipora_capitata_HIv3___RNAseq.g35580.t1,GO:0035017
Montipora_capitata_HIv3___RNAseq.g35580.t1,GO:0035282
Montipora_capitata_HIv3___RNAseq.g35580.t1,GO:0035293
Montipora_capitata_HIv3___RNAseq.g35580.t1,GO:0040003
Montipora_capitata_HIv3___RNAseq.g35580.t1,GO:0040011
Montipora_capitata_HIv3___RNAseq.g35580.t1,GO:0042221
Montipora_capitata_HIv3___RNAseq.g35580.t1,GO:0042303
Montipora_capitata_HIv3___RNAseq.g35580.t1,GO:0042330
Montipora_capitata_HIv3___RNAseq.g35580.t1,GO:0042335
Montipora_capitata_HIv3___RNAseq.g35580.t1,GO:0042337
Montipora_capitata_HIv3___RNAseq.g35580.t1,GO:0043226
Montipora_capitata_HIv3___RNAseq.g35580.t1,GO:0043227
Montipora_capitata_HIv3___RNAseq.g35580.t1,GO:0043229
Montipora_capitata_HIv3___RNAseq.g35580.t1,GO:0043231
Montipora_capitata_HIv3___RNAseq.g35580.t1,GO:0044424
Montipora_capitata_HIv3___RNAseq.g35580.t1,GO:0044464
Montipora_capitata_HIv3___RNAseq.g35580.t1,GO:0045893
Montipora_capitata_HIv3___RNAseq.g35580.t1,GO:0045935
Montipora_capitata_HIv3___RNAseq.g35580.t1,GO:0045944
Montipora_capitata_HIv3___RNAseq.g35580.t1,GO:0048468
Montipora_capitata_HIv3___RNAseq.g35580.t1,GO:0048518
Montipora_capitata_HIv3___RNAseq.g35580.t1,GO:0048519
Montipora_capitata_HIv3___RNAseq.g35580.t1,GO:0048522
Montipora_capitata_HIv3___RNAseq.g35580.t1,GO:0048523
Montipora_capitata_HIv3___RNAseq.g35580.t1,GO:0048583
Montipora_capitata_HIv3___RNAseq.g35580.t1,GO:0048585
Montipora_capitata_HIv3___RNAseq.g35580.t1,GO:0048666
Montipora_capitata_HIv3___RNAseq.g35580.t1,GO:0048667
Montipora_capitata_HIv3___RNAseq.g35580.t1,GO:0048699
Montipora_capitata_HIv3___RNAseq.g35580.t1,GO:0048731
Montipora_capitata_HIv3___RNAseq.g35580.t1,GO:0048812
Montipora_capitata_HIv3___RNAseq.g35580.t1,GO:0048856
Montipora_capitata_HIv3___RNAseq.g35580.t1,GO:0048858
Montipora_capitata_HIv3___RNAseq.g35580.t1,GO:0048869
Montipora_capitata_HIv3___RNAseq.g35580.t1,GO:0050789
Montipora_capitata_HIv3___RNAseq.g35580.t1,GO:0050794
Montipora_capitata_HIv3___RNAseq.g35580.t1,GO:0050896
Montipora_capitata_HIv3___RNAseq.g35580.t1,GO:0051171
Montipora_capitata_HIv3___RNAseq.g35580.t1,GO:0051173
Montipora_capitata_HIv3___RNAseq.g35580.t1,GO:0051252
Montipora_capitata_HIv3___RNAseq.g35580.t1,GO:0051254
Montipora_capitata_HIv3___RNAseq.g35580.t1,GO:0060255
Montipora_capitata_HIv3___RNAseq.g35580.t1,GO:0060828
Montipora_capitata_HIv3___RNAseq.g35580.t1,GO:0061564
Montipora_capitata_HIv3___RNAseq.g35580.t1,GO:0065007
Montipora_capitata_HIv3___RNAseq.g35580.t1,GO:0071840
Montipora_capitata_HIv3___RNAseq.g35580.t1,GO:0080090
Montipora_capitata_HIv3___RNAseq.g35580.t1,GO:0090090
Montipora_capitata_HIv3___RNAseq.g35580.t1,GO:0097159
Montipora_capitata_HIv3___RNAseq.g35580.t1,GO:0097485
Montipora_capitata_HIv3___RNAseq.g35580.t1,GO:0120036
Montipora_capitata_HIv3___RNAseq.g35580.t1,GO:0120039
Montipora_capitata_HIv3___RNAseq.g35580.t1,GO:0140110
Montipora_capitata_HIv3___RNAseq.g35580.t1,GO:1901363
Montipora_capitata_HIv3___RNAseq.g35580.t1,GO:1902680
Montipora_capitata_HIv3___RNAseq.g35580.t1,GO:1903506
Montipora_capitata_HIv3___RNAseq.g35580.t1,GO:1903508
Montipora_capitata_HIv3___RNAseq.g35580.t1,GO:2000112
Montipora_capitata_HIv3___RNAseq.g35580.t1,GO:2001141
Montipora_capitata_HIv3___RNAseq.g7741.t1,GO:0000075
Montipora_capitata_HIv3___RNAseq.g7741.t1,GO:0000077
Montipora_capitata_HIv3___RNAseq.g7741.t1,GO:0000278
Montipora_capitata_HIv3___RNAseq.g7741.t1,GO:0000976
Montipora_capitata_HIv3___RNAseq.g7741.t1,GO:0000977
Montipora_capitata_HIv3___RNAseq.g7741.t1,GO:0000978
Montipora_capitata_HIv3___RNAseq.g7741.t1,GO:0000981
Montipora_capitata_HIv3___RNAseq.g7741.t1,GO:0000982
Montipora_capitata_HIv3___RNAseq.g7741.t1,GO:0000987
Montipora_capitata_HIv3___RNAseq.g7741.t1,GO:0001012
Montipora_capitata_HIv3___RNAseq.g7741.t1,GO:0001046
Montipora_capitata_HIv3___RNAseq.g7741.t1,GO:0001047
Montipora_capitata_HIv3___RNAseq.g7741.t1,GO:0001067
Montipora_capitata_HIv3___RNAseq.g7741.t1,GO:0001077
Montipora_capitata_HIv3___RNAseq.g7741.t1,GO:0001228
Montipora_capitata_HIv3___RNAseq.g7741.t1,GO:0001501
Montipora_capitata_HIv3___RNAseq.g7741.t1,GO:0001568
Montipora_capitata_HIv3___RNAseq.g7741.t1,GO:0001655
Montipora_capitata_HIv3___RNAseq.g7741.t1,GO:0001666
Montipora_capitata_HIv3___RNAseq.g7741.t1,GO:0001678
Montipora_capitata_HIv3___RNAseq.g7741.t1,GO:0001775
Montipora_capitata_HIv3___RNAseq.g7741.t1,GO:0001822
Montipora_capitata_HIv3___RNAseq.g7741.t1,GO:0001838
Montipora_capitata_HIv3___RNAseq.g7741.t1,GO:0001841
Montipora_capitata_HIv3___RNAseq.g7741.t1,GO:0001944
Montipora_capitata_HIv3___RNAseq.g7741.t1,GO:0002009
Montipora_capitata_HIv3___RNAseq.g7741.t1,GO:0002065
Montipora_capitata_HIv3___RNAseq.g7741.t1,GO:0002244
Montipora_capitata_HIv3___RNAseq.g7741.t1,GO:0002320
Montipora_capitata_HIv3___RNAseq.g7741.t1,GO:0002328
Montipora_capitata_HIv3___RNAseq.g7741.t1,GO:0002376
Montipora_capitata_HIv3___RNAseq.g7741.t1,GO:0002520
Montipora_capitata_HIv3___RNAseq.g7741.t1,GO:0002521
Montipora_capitata_HIv3___RNAseq.g7741.t1,GO:0002791
Montipora_capitata_HIv3___RNAseq.g7741.t1,GO:0002793
Montipora_capitata_HIv3___RNAseq.g7741.t1,GO:0003007
Montipora_capitata_HIv3___RNAseq.g7741.t1,GO:0003170
Montipora_capitata_HIv3___RNAseq.g7741.t1,GO:0003171
Montipora_capitata_HIv3___RNAseq.g7741.t1,GO:0003174
Montipora_capitata_HIv3___RNAseq.g7741.t1,GO:0003179
Montipora_capitata_HIv3___RNAseq.g7741.t1,GO:0003181
Montipora_capitata_HIv3___RNAseq.g7741.t1,GO:0003183
Montipora_capitata_HIv3___RNAseq.g7741.t1,GO:0003205
Montipora_capitata_HIv3___RNAseq.g7741.t1,GO:0003206
Montipora_capitata_HIv3___RNAseq.g7741.t1,GO:0003207
Montipora_capitata_HIv3___RNAseq.g7741.t1,GO:0003208
Montipora_capitata_HIv3___RNAseq.g7741.t1,GO:0003209
Montipora_capitata_HIv3___RNAseq.g7741.t1,GO:0003211
Montipora_capitata_HIv3___RNAseq.g7741.t1,GO:0003215
Montipora_capitata_HIv3___RNAseq.g7741.t1,GO:0003230
Montipora_capitata_HIv3___RNAseq.g7741.t1,GO:0003231
Montipora_capitata_HIv3___RNAseq.g7741.t1,GO:0003279
Montipora_capitata_HIv3___RNAseq.g7741.t1,GO:0003281
Montipora_capitata_HIv3___RNAseq.g7741.t1,GO:0003283
Montipora_capitata_HIv3___RNAseq.g7741.t1,GO:0003284
Montipora_capitata_HIv3___RNAseq.g7741.t1,GO:0003289
Montipora_capitata_HIv3___RNAseq.g7741.t1,GO:0003357
Montipora_capitata_HIv3___RNAseq.g7741.t1,GO:0003674
Montipora_capitata_HIv3___RNAseq.g7741.t1,GO:0003676
Montipora_capitata_HIv3___RNAseq.g7741.t1,GO:0003677
Montipora_capitata_HIv3___RNAseq.g7741.t1,GO:0003690
Montipora_capitata_HIv3___RNAseq.g7741.t1,GO:0003700
Montipora_capitata_HIv3___RNAseq.g7741.t1,GO:0003712
Montipora_capitata_HIv3___RNAseq.g7741.t1,GO:0003713
Montipora_capitata_HIv3___RNAseq.g7741.t1,GO:0005488
Montipora_capitata_HIv3___RNAseq.g7741.t1,GO:0005515
Montipora_capitata_HIv3___RNAseq.g7741.t1,GO:0005575
Montipora_capitata_HIv3___RNAseq.g7741.t1,GO:0005622
Montipora_capitata_HIv3___RNAseq.g7741.t1,GO:0005623
Montipora_capitata_HIv3___RNAseq.g7741.t1,GO:0005634
Montipora_capitata_HIv3___RNAseq.g7741.t1,GO:0005654
Montipora_capitata_HIv3___RNAseq.g7741.t1,GO:0005667
Montipora_capitata_HIv3___RNAseq.g7741.t1,GO:0005737
Montipora_capitata_HIv3___RNAseq.g7741.t1,GO:0005739
Montipora_capitata_HIv3___RNAseq.g7741.t1,GO:0006139
Montipora_capitata_HIv3___RNAseq.g7741.t1,GO:0006351
Montipora_capitata_HIv3___RNAseq.g7741.t1,GO:0006355
Montipora_capitata_HIv3___RNAseq.g7741.t1,GO:0006357
Montipora_capitata_HIv3___RNAseq.g7741.t1,GO:0006366
Montipora_capitata_HIv3___RNAseq.g7741.t1,GO:0006417
Montipora_capitata_HIv3___RNAseq.g7741.t1,GO:0006725
Montipora_capitata_HIv3___RNAseq.g7741.t1,GO:0006807
Montipora_capitata_HIv3___RNAseq.g7741.t1,GO:0006950
Montipora_capitata_HIv3___RNAseq.g7741.t1,GO:0006974
Montipora_capitata_HIv3___RNAseq.g7741.t1,GO:0006977
Montipora_capitata_HIv3___RNAseq.g7741.t1,GO:0007049
Montipora_capitata_HIv3___RNAseq.g7741.t1,GO:0007093
Montipora_capitata_HIv3___RNAseq.g7741.t1,GO:0007154
Montipora_capitata_HIv3___RNAseq.g7741.t1,GO:0007165
Montipora_capitata_HIv3___RNAseq.g7741.t1,GO:0007166
Montipora_capitata_HIv3___RNAseq.g7741.t1,GO:0007267
Montipora_capitata_HIv3___RNAseq.g7741.t1,GO:0007275
Montipora_capitata_HIv3___RNAseq.g7741.t1,GO:0007346
Montipora_capitata_HIv3___RNAseq.g7741.t1,GO:0007399
Montipora_capitata_HIv3___RNAseq.g7741.t1,GO:0007417
Montipora_capitata_HIv3___RNAseq.g7741.t1,GO:0007507
Montipora_capitata_HIv3___RNAseq.g7741.t1,GO:0008150
Montipora_capitata_HIv3___RNAseq.g7741.t1,GO:0008152
Montipora_capitata_HIv3___RNAseq.g7741.t1,GO:0008283
Montipora_capitata_HIv3___RNAseq.g7741.t1,GO:0008284
Montipora_capitata_HIv3___RNAseq.g7741.t1,GO:0008285
Montipora_capitata_HIv3___RNAseq.g7741.t1,GO:0009058
Montipora_capitata_HIv3___RNAseq.g7741.t1,GO:0009059
Montipora_capitata_HIv3___RNAseq.g7741.t1,GO:0009628
Montipora_capitata_HIv3___RNAseq.g7741.t1,GO:0009653
Montipora_capitata_HIv3___RNAseq.g7741.t1,GO:0009743
Montipora_capitata_HIv3___RNAseq.g7741.t1,GO:0009746
Montipora_capitata_HIv3___RNAseq.g7741.t1,GO:0009749
Montipora_capitata_HIv3___RNAseq.g7741.t1,GO:0009790
Montipora_capitata_HIv3___RNAseq.g7741.t1,GO:0009792
Montipora_capitata_HIv3___RNAseq.g7741.t1,GO:0009887
Montipora_capitata_HIv3___RNAseq.g7741.t1,GO:0009888
Montipora_capitata_HIv3___RNAseq.g7741.t1,GO:0009889
Montipora_capitata_HIv3___RNAseq.g7741.t1,GO:0009891
Montipora_capitata_HIv3___RNAseq.g7741.t1,GO:0009892
Montipora_capitata_HIv3___RNAseq.g7741.t1,GO:0009893
Montipora_capitata_HIv3___RNAseq.g7741.t1,GO:0009966
Montipora_capitata_HIv3___RNAseq.g7741.t1,GO:0009967
Montipora_capitata_HIv3___RNAseq.g7741.t1,GO:0009987
Montipora_capitata_HIv3___RNAseq.g7741.t1,GO:0010001
Montipora_capitata_HIv3___RNAseq.g7741.t1,GO:0010033
Montipora_capitata_HIv3___RNAseq.g7741.t1,GO:0010467
Montipora_capitata_HIv3___RNAseq.g7741.t1,GO:0010468
Montipora_capitata_HIv3___RNAseq.g7741.t1,GO:0010556
Montipora_capitata_HIv3___RNAseq.g7741.t1,GO:0010557
Montipora_capitata_HIv3___RNAseq.g7741.t1,GO:0010564
Montipora_capitata_HIv3___RNAseq.g7741.t1,GO:0010604
Montipora_capitata_HIv3___RNAseq.g7741.t1,GO:0010605
Montipora_capitata_HIv3___RNAseq.g7741.t1,GO:0010608
Montipora_capitata_HIv3___RNAseq.g7741.t1,GO:0010628
Montipora_capitata_HIv3___RNAseq.g7741.t1,GO:0010646
Montipora_capitata_HIv3___RNAseq.g7741.t1,GO:0010647
Montipora_capitata_HIv3___RNAseq.g7741.t1,GO:0010817
Montipora_capitata_HIv3___RNAseq.g7741.t1,GO:0010941
Montipora_capitata_HIv3___RNAseq.g7741.t1,GO:0010942
Montipora_capitata_HIv3___RNAseq.g7741.t1,GO:0010948
Montipora_capitata_HIv3___RNAseq.g7741.t1,GO:0014009
Montipora_capitata_HIv3___RNAseq.g7741.t1,GO:0016055
Montipora_capitata_HIv3___RNAseq.g7741.t1,GO:0016070
Montipora_capitata_HIv3___RNAseq.g7741.t1,GO:0016331
Montipora_capitata_HIv3___RNAseq.g7741.t1,GO:0018130
Montipora_capitata_HIv3___RNAseq.g7741.t1,GO:0019219
Montipora_capitata_HIv3___RNAseq.g7741.t1,GO:0019222
Montipora_capitata_HIv3___RNAseq.g7741.t1,GO:0019438
Montipora_capitata_HIv3___RNAseq.g7741.t1,GO:0019725
Montipora_capitata_HIv3___RNAseq.g7741.t1,GO:0019827
Montipora_capitata_HIv3___RNAseq.g7741.t1,GO:0021510
Montipora_capitata_HIv3___RNAseq.g7741.t1,GO:0021515
Montipora_capitata_HIv3___RNAseq.g7741.t1,GO:0021517
Montipora_capitata_HIv3___RNAseq.g7741.t1,GO:0021522
Montipora_capitata_HIv3___RNAseq.g7741.t1,GO:0021782
Montipora_capitata_HIv3___RNAseq.g7741.t1,GO:0021915
Montipora_capitata_HIv3___RNAseq.g7741.t1,GO:0021953
Montipora_capitata_HIv3___RNAseq.g7741.t1,GO:0022008
Montipora_capitata_HIv3___RNAseq.g7741.t1,GO:0022402
Montipora_capitata_HIv3___RNAseq.g7741.t1,GO:0023051
Montipora_capitata_HIv3___RNAseq.g7741.t1,GO:0023052
Montipora_capitata_HIv3___RNAseq.g7741.t1,GO:0023056
Montipora_capitata_HIv3___RNAseq.g7741.t1,GO:0030097
Montipora_capitata_HIv3___RNAseq.g7741.t1,GO:0030098
Montipora_capitata_HIv3___RNAseq.g7741.t1,GO:0030111
Montipora_capitata_HIv3___RNAseq.g7741.t1,GO:0030154
Montipora_capitata_HIv3___RNAseq.g7741.t1,GO:0030177
Montipora_capitata_HIv3___RNAseq.g7741.t1,GO:0030182
Montipora_capitata_HIv3___RNAseq.g7741.t1,GO:0030217
Montipora_capitata_HIv3___RNAseq.g7741.t1,GO:0030330
Montipora_capitata_HIv3___RNAseq.g7741.t1,GO:0030855
Montipora_capitata_HIv3___RNAseq.g7741.t1,GO:0031016
Montipora_capitata_HIv3___RNAseq.g7741.t1,GO:0031018
Montipora_capitata_HIv3___RNAseq.g7741.t1,GO:0031323
Montipora_capitata_HIv3___RNAseq.g7741.t1,GO:0031324
Montipora_capitata_HIv3___RNAseq.g7741.t1,GO:0031325
Montipora_capitata_HIv3___RNAseq.g7741.t1,GO:0031326
Montipora_capitata_HIv3___RNAseq.g7741.t1,GO:0031328
Montipora_capitata_HIv3___RNAseq.g7741.t1,GO:0031396
Montipora_capitata_HIv3___RNAseq.g7741.t1,GO:0031397
Montipora_capitata_HIv3___RNAseq.g7741.t1,GO:0031399
Montipora_capitata_HIv3___RNAseq.g7741.t1,GO:0031400
Montipora_capitata_HIv3___RNAseq.g7741.t1,GO:0031401
Montipora_capitata_HIv3___RNAseq.g7741.t1,GO:0031570
Montipora_capitata_HIv3___RNAseq.g7741.t1,GO:0031571
Montipora_capitata_HIv3___RNAseq.g7741.t1,GO:0031647
Montipora_capitata_HIv3___RNAseq.g7741.t1,GO:0031974
Montipora_capitata_HIv3___RNAseq.g7741.t1,GO:0031981
Montipora_capitata_HIv3___RNAseq.g7741.t1,GO:0032024
Montipora_capitata_HIv3___RNAseq.g7741.t1,GO:0032268
Montipora_capitata_HIv3___RNAseq.g7741.t1,GO:0032269
Montipora_capitata_HIv3___RNAseq.g7741.t1,GO:0032270
Montipora_capitata_HIv3___RNAseq.g7741.t1,GO:0032501
Montipora_capitata_HIv3___RNAseq.g7741.t1,GO:0032502
Montipora_capitata_HIv3___RNAseq.g7741.t1,GO:0032774
Montipora_capitata_HIv3___RNAseq.g7741.t1,GO:0032879
Montipora_capitata_HIv3___RNAseq.g7741.t1,GO:0032880
Montipora_capitata_HIv3___RNAseq.g7741.t1,GO:0032991
Montipora_capitata_HIv3___RNAseq.g7741.t1,GO:0033500
Montipora_capitata_HIv3___RNAseq.g7741.t1,GO:0033554
Montipora_capitata_HIv3___RNAseq.g7741.t1,GO:0034248
Montipora_capitata_HIv3___RNAseq.g7741.t1,GO:0034250
Montipora_capitata_HIv3___RNAseq.g7741.t1,GO:0034284
Montipora_capitata_HIv3___RNAseq.g7741.t1,GO:0034641
Montipora_capitata_HIv3___RNAseq.g7741.t1,GO:0034645
Montipora_capitata_HIv3___RNAseq.g7741.t1,GO:0034654
Montipora_capitata_HIv3___RNAseq.g7741.t1,GO:0035019
Montipora_capitata_HIv3___RNAseq.g7741.t1,GO:0035107
Montipora_capitata_HIv3___RNAseq.g7741.t1,GO:0035108
Montipora_capitata_HIv3___RNAseq.g7741.t1,GO:0035148
Montipora_capitata_HIv3___RNAseq.g7741.t1,GO:0035239
Montipora_capitata_HIv3___RNAseq.g7741.t1,GO:0035270
Montipora_capitata_HIv3___RNAseq.g7741.t1,GO:0035295
Montipora_capitata_HIv3___RNAseq.g7741.t1,GO:0035556
Montipora_capitata_HIv3___RNAseq.g7741.t1,GO:0035904
Montipora_capitata_HIv3___RNAseq.g7741.t1,GO:0035905
Montipora_capitata_HIv3___RNAseq.g7741.t1,GO:0035909
Montipora_capitata_HIv3___RNAseq.g7741.t1,GO:0035910
Montipora_capitata_HIv3___RNAseq.g7741.t1,GO:0036293
Montipora_capitata_HIv3___RNAseq.g7741.t1,GO:0042063
Montipora_capitata_HIv3___RNAseq.g7741.t1,GO:0042110
Montipora_capitata_HIv3___RNAseq.g7741.t1,GO:0042127
Montipora_capitata_HIv3___RNAseq.g7741.t1,GO:0042221
Montipora_capitata_HIv3___RNAseq.g7741.t1,GO:0042592
Montipora_capitata_HIv3___RNAseq.g7741.t1,GO:0042593
Montipora_capitata_HIv3___RNAseq.g7741.t1,GO:0042769
Montipora_capitata_HIv3___RNAseq.g7741.t1,GO:0042770
Montipora_capitata_HIv3___RNAseq.g7741.t1,GO:0042981
Montipora_capitata_HIv3___RNAseq.g7741.t1,GO:0043009
Montipora_capitata_HIv3___RNAseq.g7741.t1,GO:0043065
Montipora_capitata_HIv3___RNAseq.g7741.t1,GO:0043067
Montipora_capitata_HIv3___RNAseq.g7741.t1,GO:0043068
Montipora_capitata_HIv3___RNAseq.g7741.t1,GO:0043170
Montipora_capitata_HIv3___RNAseq.g7741.t1,GO:0043226
Montipora_capitata_HIv3___RNAseq.g7741.t1,GO:0043227
Montipora_capitata_HIv3___RNAseq.g7741.t1,GO:0043229
Montipora_capitata_HIv3___RNAseq.g7741.t1,GO:0043231
Montipora_capitata_HIv3___RNAseq.g7741.t1,GO:0043233
Montipora_capitata_HIv3___RNAseq.g7741.t1,GO:0043565
Montipora_capitata_HIv3___RNAseq.g7741.t1,GO:0044212
Montipora_capitata_HIv3___RNAseq.g7741.t1,GO:0044237
Montipora_capitata_HIv3___RNAseq.g7741.t1,GO:0044238
Montipora_capitata_HIv3___RNAseq.g7741.t1,GO:0044249
Montipora_capitata_HIv3___RNAseq.g7741.t1,GO:0044260
Montipora_capitata_HIv3___RNAseq.g7741.t1,GO:0044271
Montipora_capitata_HIv3___RNAseq.g7741.t1,GO:0044422
Montipora_capitata_HIv3___RNAseq.g7741.t1,GO:0044424
Montipora_capitata_HIv3___RNAseq.g7741.t1,GO:0044428
Montipora_capitata_HIv3___RNAseq.g7741.t1,GO:0044444
Montipora_capitata_HIv3___RNAseq.g7741.t1,GO:0044446
Montipora_capitata_HIv3___RNAseq.g7741.t1,GO:0044464
Montipora_capitata_HIv3___RNAseq.g7741.t1,GO:0044773
Montipora_capitata_HIv3___RNAseq.g7741.t1,GO:0044774
Montipora_capitata_HIv3___RNAseq.g7741.t1,GO:0044783
Montipora_capitata_HIv3___RNAseq.g7741.t1,GO:0044798
Montipora_capitata_HIv3___RNAseq.g7741.t1,GO:0044819
Montipora_capitata_HIv3___RNAseq.g7741.t1,GO:0045321
Montipora_capitata_HIv3___RNAseq.g7741.t1,GO:0045727
Montipora_capitata_HIv3___RNAseq.g7741.t1,GO:0045786
Montipora_capitata_HIv3___RNAseq.g7741.t1,GO:0045787
Montipora_capitata_HIv3___RNAseq.g7741.t1,GO:0045893
Montipora_capitata_HIv3___RNAseq.g7741.t1,GO:0045930
Montipora_capitata_HIv3___RNAseq.g7741.t1,GO:0045935
Montipora_capitata_HIv3___RNAseq.g7741.t1,GO:0045944
Montipora_capitata_HIv3___RNAseq.g7741.t1,GO:0046483
Montipora_capitata_HIv3___RNAseq.g7741.t1,GO:0046649
Montipora_capitata_HIv3___RNAseq.g7741.t1,GO:0046883
Montipora_capitata_HIv3___RNAseq.g7741.t1,GO:0046887
Montipora_capitata_HIv3___RNAseq.g7741.t1,GO:0046982
Montipora_capitata_HIv3___RNAseq.g7741.t1,GO:0046983
Montipora_capitata_HIv3___RNAseq.g7741.t1,GO:0048468
Montipora_capitata_HIv3___RNAseq.g7741.t1,GO:0048483
Montipora_capitata_HIv3___RNAseq.g7741.t1,GO:0048485
Montipora_capitata_HIv3___RNAseq.g7741.t1,GO:0048513
Montipora_capitata_HIv3___RNAseq.g7741.t1,GO:0048514
Montipora_capitata_HIv3___RNAseq.g7741.t1,GO:0048518
Montipora_capitata_HIv3___RNAseq.g7741.t1,GO:0048519
Montipora_capitata_HIv3___RNAseq.g7741.t1,GO:0048522
Montipora_capitata_HIv3___RNAseq.g7741.t1,GO:0048523
Montipora_capitata_HIv3___RNAseq.g7741.t1,GO:0048534
Montipora_capitata_HIv3___RNAseq.g7741.t1,GO:0048583
Montipora_capitata_HIv3___RNAseq.g7741.t1,GO:0048584
Montipora_capitata_HIv3___RNAseq.g7741.t1,GO:0048598
Montipora_capitata_HIv3___RNAseq.g7741.t1,GO:0048646
Montipora_capitata_HIv3___RNAseq.g7741.t1,GO:0048699
Montipora_capitata_HIv3___RNAseq.g7741.t1,GO:0048729
Montipora_capitata_HIv3___RNAseq.g7741.t1,GO:0048731
Montipora_capitata_HIv3___RNAseq.g7741.t1,GO:0048736
Montipora_capitata_HIv3___RNAseq.g7741.t1,GO:0048844
Montipora_capitata_HIv3___RNAseq.g7741.t1,GO:0048856
Montipora_capitata_HIv3___RNAseq.g7741.t1,GO:0048869
Montipora_capitata_HIv3___RNAseq.g7741.t1,GO:0048878
Montipora_capitata_HIv3___RNAseq.g7741.t1,GO:0050708
Montipora_capitata_HIv3___RNAseq.g7741.t1,GO:0050714
Montipora_capitata_HIv3___RNAseq.g7741.t1,GO:0050789
Montipora_capitata_HIv3___RNAseq.g7741.t1,GO:0050794
Montipora_capitata_HIv3___RNAseq.g7741.t1,GO:0050796
Montipora_capitata_HIv3___RNAseq.g7741.t1,GO:0050821
Montipora_capitata_HIv3___RNAseq.g7741.t1,GO:0050896
Montipora_capitata_HIv3___RNAseq.g7741.t1,GO:0051046
Montipora_capitata_HIv3___RNAseq.g7741.t1,GO:0051047
Montipora_capitata_HIv3___RNAseq.g7741.t1,GO:0051049
Montipora_capitata_HIv3___RNAseq.g7741.t1,GO:0051050
Montipora_capitata_HIv3___RNAseq.g7741.t1,GO:0051171
Montipora_capitata_HIv3___RNAseq.g7741.t1,GO:0051172
Montipora_capitata_HIv3___RNAseq.g7741.t1,GO:0051173
Montipora_capitata_HIv3___RNAseq.g7741.t1,GO:0051222
Montipora_capitata_HIv3___RNAseq.g7741.t1,GO:0051223
Montipora_capitata_HIv3___RNAseq.g7741.t1,GO:0051246
Montipora_capitata_HIv3___RNAseq.g7741.t1,GO:0051247
Montipora_capitata_HIv3___RNAseq.g7741.t1,GO:0051248
Montipora_capitata_HIv3___RNAseq.g7741.t1,GO:0051252
Montipora_capitata_HIv3___RNAseq.g7741.t1,GO:0051254
Montipora_capitata_HIv3___RNAseq.g7741.t1,GO:0051606
Montipora_capitata_HIv3___RNAseq.g7741.t1,GO:0051716
Montipora_capitata_HIv3___RNAseq.g7741.t1,GO:0051726
Montipora_capitata_HIv3___RNAseq.g7741.t1,GO:0055082
Montipora_capitata_HIv3___RNAseq.g7741.t1,GO:0060070
Montipora_capitata_HIv3___RNAseq.g7741.t1,GO:0060173
Montipora_capitata_HIv3___RNAseq.g7741.t1,GO:0060174
Montipora_capitata_HIv3___RNAseq.g7741.t1,GO:0060255
Montipora_capitata_HIv3___RNAseq.g7741.t1,GO:0060411
Montipora_capitata_HIv3___RNAseq.g7741.t1,GO:0060412
Montipora_capitata_HIv3___RNAseq.g7741.t1,GO:0060413
Montipora_capitata_HIv3___RNAseq.g7741.t1,GO:0060429
Montipora_capitata_HIv3___RNAseq.g7741.t1,GO:0060548
Montipora_capitata_HIv3___RNAseq.g7741.t1,GO:0060562
Montipora_capitata_HIv3___RNAseq.g7741.t1,GO:0060563
Montipora_capitata_HIv3___RNAseq.g7741.t1,GO:0060828
Montipora_capitata_HIv3___RNAseq.g7741.t1,GO:0060840
Montipora_capitata_HIv3___RNAseq.g7741.t1,GO:0060993
Montipora_capitata_HIv3___RNAseq.g7741.t1,GO:0065007
Montipora_capitata_HIv3___RNAseq.g7741.t1,GO:0065008
Montipora_capitata_HIv3___RNAseq.g7741.t1,GO:0070013
Montipora_capitata_HIv3___RNAseq.g7741.t1,GO:0070201
Montipora_capitata_HIv3___RNAseq.g7741.t1,GO:0070482
Montipora_capitata_HIv3___RNAseq.g7741.t1,GO:0070887
Montipora_capitata_HIv3___RNAseq.g7741.t1,GO:0071156
Montipora_capitata_HIv3___RNAseq.g7741.t1,GO:0071158
Montipora_capitata_HIv3___RNAseq.g7741.t1,GO:0071310
Montipora_capitata_HIv3___RNAseq.g7741.t1,GO:0071322
Montipora_capitata_HIv3___RNAseq.g7741.t1,GO:0071326
Montipora_capitata_HIv3___RNAseq.g7741.t1,GO:0071331
Montipora_capitata_HIv3___RNAseq.g7741.t1,GO:0071333
Montipora_capitata_HIv3___RNAseq.g7741.t1,GO:0071704
Montipora_capitata_HIv3___RNAseq.g7741.t1,GO:0072001
Montipora_capitata_HIv3___RNAseq.g7741.t1,GO:0072175
Montipora_capitata_HIv3___RNAseq.g7741.t1,GO:0072331
Montipora_capitata_HIv3___RNAseq.g7741.t1,GO:0072358
Montipora_capitata_HIv3___RNAseq.g7741.t1,GO:0072359
Montipora_capitata_HIv3___RNAseq.g7741.t1,GO:0072395
Montipora_capitata_HIv3___RNAseq.g7741.t1,GO:0072401
Montipora_capitata_HIv3___RNAseq.g7741.t1,GO:0072413
Montipora_capitata_HIv3___RNAseq.g7741.t1,GO:0072422
Montipora_capitata_HIv3___RNAseq.g7741.t1,GO:0072431
Montipora_capitata_HIv3___RNAseq.g7741.t1,GO:0080090
Montipora_capitata_HIv3___RNAseq.g7741.t1,GO:0090068
Montipora_capitata_HIv3___RNAseq.g7741.t1,GO:0090087
Montipora_capitata_HIv3___RNAseq.g7741.t1,GO:0090263
Montipora_capitata_HIv3___RNAseq.g7741.t1,GO:0090276
Montipora_capitata_HIv3___RNAseq.g7741.t1,GO:0090277
Montipora_capitata_HIv3___RNAseq.g7741.t1,GO:0090304
Montipora_capitata_HIv3___RNAseq.g7741.t1,GO:0097159
Montipora_capitata_HIv3___RNAseq.g7741.t1,GO:0097659
Montipora_capitata_HIv3___RNAseq.g7741.t1,GO:0098727
Montipora_capitata_HIv3___RNAseq.g7741.t1,GO:0140110
Montipora_capitata_HIv3___RNAseq.g7741.t1,GO:0198738
Montipora_capitata_HIv3___RNAseq.g7741.t1,GO:1901360
Montipora_capitata_HIv3___RNAseq.g7741.t1,GO:1901362
Montipora_capitata_HIv3___RNAseq.g7741.t1,GO:1901363
Montipora_capitata_HIv3___RNAseq.g7741.t1,GO:1901576
Montipora_capitata_HIv3___RNAseq.g7741.t1,GO:1901700
Montipora_capitata_HIv3___RNAseq.g7741.t1,GO:1901701
Montipora_capitata_HIv3___RNAseq.g7741.t1,GO:1901983
Montipora_capitata_HIv3___RNAseq.g7741.t1,GO:1901985
Montipora_capitata_HIv3___RNAseq.g7741.t1,GO:1901987
Montipora_capitata_HIv3___RNAseq.g7741.t1,GO:1901988
Montipora_capitata_HIv3___RNAseq.g7741.t1,GO:1901990
Montipora_capitata_HIv3___RNAseq.g7741.t1,GO:1901991
Montipora_capitata_HIv3___RNAseq.g7741.t1,GO:1902400
Montipora_capitata_HIv3___RNAseq.g7741.t1,GO:1902402
Montipora_capitata_HIv3___RNAseq.g7741.t1,GO:1902403
Montipora_capitata_HIv3___RNAseq.g7741.t1,GO:1902680
Montipora_capitata_HIv3___RNAseq.g7741.t1,GO:1902806
Montipora_capitata_HIv3___RNAseq.g7741.t1,GO:1902807
Montipora_capitata_HIv3___RNAseq.g7741.t1,GO:1903047
Montipora_capitata_HIv3___RNAseq.g7741.t1,GO:1903317
Montipora_capitata_HIv3___RNAseq.g7741.t1,GO:1903319
Montipora_capitata_HIv3___RNAseq.g7741.t1,GO:1903320
Montipora_capitata_HIv3___RNAseq.g7741.t1,GO:1903321
Montipora_capitata_HIv3___RNAseq.g7741.t1,GO:1903506
Montipora_capitata_HIv3___RNAseq.g7741.t1,GO:1903508
Montipora_capitata_HIv3___RNAseq.g7741.t1,GO:1903530
Montipora_capitata_HIv3___RNAseq.g7741.t1,GO:1903532
Montipora_capitata_HIv3___RNAseq.g7741.t1,GO:1904951
Montipora_capitata_HIv3___RNAseq.g7741.t1,GO:1905114
Montipora_capitata_HIv3___RNAseq.g7741.t1,GO:1990837
Montipora_capitata_HIv3___RNAseq.g7741.t1,GO:2000045
Montipora_capitata_HIv3___RNAseq.g7741.t1,GO:2000112
Montipora_capitata_HIv3___RNAseq.g7741.t1,GO:2000134
Montipora_capitata_HIv3___RNAseq.g7741.t1,GO:2000756
Montipora_capitata_HIv3___RNAseq.g7741.t1,GO:2000758
Montipora_capitata_HIv3___RNAseq.g7741.t1,GO:2000759
Montipora_capitata_HIv3___RNAseq.g7741.t1,GO:2000761
Montipora_capitata_HIv3___RNAseq.g7741.t1,GO:2001141
