gene_id,GOs
Montipora_capitata_HIv3___TS.g26493.t2a,GO:0000166
Montipora_capitata_HIv3___TS.g26493.t2a,GO:0000323
Montipora_capitata_HIv3___TS.g26493.t2a,GO:0001775
Montipora_capitata_HIv3___TS.g26493.t2a,GO:0001878
Montipora_capitata_HIv3___TS.g26493.t2a,GO:0002252
Montipora_capitata_HIv3___TS.g26493.t2a,GO:0002263
Montipora_capitata_HIv3___TS.g26493.t2a,GO:0002274
Montipora_capitata_HIv3___TS.g26493.t2a,GO:0002275
Montipora_capitata_HIv3___TS.g26493.t2a,GO:0002283
Montipora_capitata_HIv3___TS.g26493.t2a,GO:0002366
Montipora_capitata_HIv3___TS.g26493.t2a,GO:0002376
Montipora_capitata_HIv3___TS.g26493.t2a,GO:0002443
Montipora_capitata_HIv3___TS.g26493.t2a,GO:0002444
Montipora_capitata_HIv3___TS.g26493.t2a,GO:0002446
Montipora_capitata_HIv3___TS.g26493.t2a,GO:0002576
Montipora_capitata_HIv3___TS.g26493.t2a,GO:0003008
Montipora_capitata_HIv3___TS.g26493.t2a,GO:0003013
Montipora_capitata_HIv3___TS.g26493.t2a,GO:0003674
Montipora_capitata_HIv3___TS.g26493.t2a,GO:0003824
Montipora_capitata_HIv3___TS.g26493.t2a,GO:0004128
Montipora_capitata_HIv3___TS.g26493.t2a,GO:0005488
Montipora_capitata_HIv3___TS.g26493.t2a,GO:0005575
Montipora_capitata_HIv3___TS.g26493.t2a,GO:0005576
Montipora_capitata_HIv3___TS.g26493.t2a,GO:0005622
Montipora_capitata_HIv3___TS.g26493.t2a,GO:0005623
Montipora_capitata_HIv3___TS.g26493.t2a,GO:0005737
Montipora_capitata_HIv3___TS.g26493.t2a,GO:0005739
Montipora_capitata_HIv3___TS.g26493.t2a,GO:0005740
Montipora_capitata_HIv3___TS.g26493.t2a,GO:0005741
Montipora_capitata_HIv3___TS.g26493.t2a,GO:0005764
Montipora_capitata_HIv3___TS.g26493.t2a,GO:0005766
Montipora_capitata_HIv3___TS.g26493.t2a,GO:0005773
Montipora_capitata_HIv3___TS.g26493.t2a,GO:0005775
Montipora_capitata_HIv3___TS.g26493.t2a,GO:0005783
Montipora_capitata_HIv3___TS.g26493.t2a,GO:0005789
Montipora_capitata_HIv3___TS.g26493.t2a,GO:0005794
Montipora_capitata_HIv3___TS.g26493.t2a,GO:0005798
Montipora_capitata_HIv3___TS.g26493.t2a,GO:0005811
Montipora_capitata_HIv3___TS.g26493.t2a,GO:0005829
Montipora_capitata_HIv3___TS.g26493.t2a,GO:0005833
Montipora_capitata_HIv3___TS.g26493.t2a,GO:0005886
Montipora_capitata_HIv3___TS.g26493.t2a,GO:0005975
Montipora_capitata_HIv3___TS.g26493.t2a,GO:0005996
Montipora_capitata_HIv3___TS.g26493.t2a,GO:0006082
Montipora_capitata_HIv3___TS.g26493.t2a,GO:0006732
Montipora_capitata_HIv3___TS.g26493.t2a,GO:0006766
Montipora_capitata_HIv3___TS.g26493.t2a,GO:0006767
Montipora_capitata_HIv3___TS.g26493.t2a,GO:0006810
Montipora_capitata_HIv3___TS.g26493.t2a,GO:0006811
Montipora_capitata_HIv3___TS.g26493.t2a,GO:0006820
Montipora_capitata_HIv3___TS.g26493.t2a,GO:0006887
Montipora_capitata_HIv3___TS.g26493.t2a,GO:0006890
Montipora_capitata_HIv3___TS.g26493.t2a,GO:0006955
Montipora_capitata_HIv3___TS.g26493.t2a,GO:0008015
Montipora_capitata_HIv3___TS.g26493.t2a,GO:0008144
Montipora_capitata_HIv3___TS.g26493.t2a,GO:0008150
Montipora_capitata_HIv3___TS.g26493.t2a,GO:0008152
Montipora_capitata_HIv3___TS.g26493.t2a,GO:0009605
Montipora_capitata_HIv3___TS.g26493.t2a,GO:0009607
Montipora_capitata_HIv3___TS.g26493.t2a,GO:0009620
Montipora_capitata_HIv3___TS.g26493.t2a,GO:0009987
Montipora_capitata_HIv3___TS.g26493.t2a,GO:0010883
Montipora_capitata_HIv3___TS.g26493.t2a,GO:0012505
Montipora_capitata_HIv3___TS.g26493.t2a,GO:0012506
Montipora_capitata_HIv3___TS.g26493.t2a,GO:0015701
Montipora_capitata_HIv3___TS.g26493.t2a,GO:0015711
Montipora_capitata_HIv3___TS.g26493.t2a,GO:0016020
Montipora_capitata_HIv3___TS.g26493.t2a,GO:0016192
Montipora_capitata_HIv3___TS.g26493.t2a,GO:0016208
Montipora_capitata_HIv3___TS.g26493.t2a,GO:0016491
Montipora_capitata_HIv3___TS.g26493.t2a,GO:0016651
Montipora_capitata_HIv3___TS.g26493.t2a,GO:0016653
Montipora_capitata_HIv3___TS.g26493.t2a,GO:0017076
Montipora_capitata_HIv3___TS.g26493.t2a,GO:0019752
Montipora_capitata_HIv3___TS.g26493.t2a,GO:0019852
Montipora_capitata_HIv3___TS.g26493.t2a,GO:0019867
Montipora_capitata_HIv3___TS.g26493.t2a,GO:0030117
Montipora_capitata_HIv3___TS.g26493.t2a,GO:0030120
Montipora_capitata_HIv3___TS.g26493.t2a,GO:0030126
Montipora_capitata_HIv3___TS.g26493.t2a,GO:0030135
Montipora_capitata_HIv3___TS.g26493.t2a,GO:0030137
Montipora_capitata_HIv3___TS.g26493.t2a,GO:0030141
Montipora_capitata_HIv3___TS.g26493.t2a,GO:0030554
Montipora_capitata_HIv3___TS.g26493.t2a,GO:0030659
Montipora_capitata_HIv3___TS.g26493.t2a,GO:0030660
Montipora_capitata_HIv3___TS.g26493.t2a,GO:0030662
Montipora_capitata_HIv3___TS.g26493.t2a,GO:0030663
Montipora_capitata_HIv3___TS.g26493.t2a,GO:0030667
Montipora_capitata_HIv3___TS.g26493.t2a,GO:0031090
Montipora_capitata_HIv3___TS.g26493.t2a,GO:0031091
Montipora_capitata_HIv3___TS.g26493.t2a,GO:0031092
Montipora_capitata_HIv3___TS.g26493.t2a,GO:0031410
Montipora_capitata_HIv3___TS.g26493.t2a,GO:0031966
Montipora_capitata_HIv3___TS.g26493.t2a,GO:0031967
Montipora_capitata_HIv3___TS.g26493.t2a,GO:0031968
Montipora_capitata_HIv3___TS.g26493.t2a,GO:0031974
Montipora_capitata_HIv3___TS.g26493.t2a,GO:0031975
Montipora_capitata_HIv3___TS.g26493.t2a,GO:0031982
Montipora_capitata_HIv3___TS.g26493.t2a,GO:0031983
Montipora_capitata_HIv3___TS.g26493.t2a,GO:0031984
Montipora_capitata_HIv3___TS.g26493.t2a,GO:0032501
Montipora_capitata_HIv3___TS.g26493.t2a,GO:0032553
Montipora_capitata_HIv3___TS.g26493.t2a,GO:0032555
Montipora_capitata_HIv3___TS.g26493.t2a,GO:0032559
Montipora_capitata_HIv3___TS.g26493.t2a,GO:0032879
Montipora_capitata_HIv3___TS.g26493.t2a,GO:0032940
Montipora_capitata_HIv3___TS.g26493.t2a,GO:0032991
Montipora_capitata_HIv3___TS.g26493.t2a,GO:0034774
Montipora_capitata_HIv3___TS.g26493.t2a,GO:0035578
Montipora_capitata_HIv3___TS.g26493.t2a,GO:0036094
Montipora_capitata_HIv3___TS.g26493.t2a,GO:0036230
Montipora_capitata_HIv3___TS.g26493.t2a,GO:0042119
Montipora_capitata_HIv3___TS.g26493.t2a,GO:0042175
Montipora_capitata_HIv3___TS.g26493.t2a,GO:0042582
Montipora_capitata_HIv3___TS.g26493.t2a,GO:0043167
Montipora_capitata_HIv3___TS.g26493.t2a,GO:0043168
Montipora_capitata_HIv3___TS.g26493.t2a,GO:0043169
Montipora_capitata_HIv3___TS.g26493.t2a,GO:0043207
Montipora_capitata_HIv3___TS.g26493.t2a,GO:0043226
Montipora_capitata_HIv3___TS.g26493.t2a,GO:0043227
Montipora_capitata_HIv3___TS.g26493.t2a,GO:0043228
Montipora_capitata_HIv3___TS.g26493.t2a,GO:0043229
Montipora_capitata_HIv3___TS.g26493.t2a,GO:0043231
Montipora_capitata_HIv3___TS.g26493.t2a,GO:0043232
Montipora_capitata_HIv3___TS.g26493.t2a,GO:0043233
Montipora_capitata_HIv3___TS.g26493.t2a,GO:0043299
Montipora_capitata_HIv3___TS.g26493.t2a,GO:0043312
Montipora_capitata_HIv3___TS.g26493.t2a,GO:0043436
Montipora_capitata_HIv3___TS.g26493.t2a,GO:0043531
Montipora_capitata_HIv3___TS.g26493.t2a,GO:0044237
Montipora_capitata_HIv3___TS.g26493.t2a,GO:0044238
Montipora_capitata_HIv3___TS.g26493.t2a,GO:0044281
Montipora_capitata_HIv3___TS.g26493.t2a,GO:0044422
Montipora_capitata_HIv3___TS.g26493.t2a,GO:0044424
Montipora_capitata_HIv3___TS.g26493.t2a,GO:0044425
Montipora_capitata_HIv3___TS.g26493.t2a,GO:0044429
Montipora_capitata_HIv3___TS.g26493.t2a,GO:0044431
Montipora_capitata_HIv3___TS.g26493.t2a,GO:0044432
Montipora_capitata_HIv3___TS.g26493.t2a,GO:0044433
Montipora_capitata_HIv3___TS.g26493.t2a,GO:0044437
Montipora_capitata_HIv3___TS.g26493.t2a,GO:0044444
Montipora_capitata_HIv3___TS.g26493.t2a,GO:0044445
Montipora_capitata_HIv3___TS.g26493.t2a,GO:0044446
Montipora_capitata_HIv3___TS.g26493.t2a,GO:0044464
Montipora_capitata_HIv3___TS.g26493.t2a,GO:0045055
Montipora_capitata_HIv3___TS.g26493.t2a,GO:0045321
Montipora_capitata_HIv3___TS.g26493.t2a,GO:0046903
Montipora_capitata_HIv3___TS.g26493.t2a,GO:0048037
Montipora_capitata_HIv3___TS.g26493.t2a,GO:0048193
Montipora_capitata_HIv3___TS.g26493.t2a,GO:0048475
Montipora_capitata_HIv3___TS.g26493.t2a,GO:0050660
Montipora_capitata_HIv3___TS.g26493.t2a,GO:0050662
Montipora_capitata_HIv3___TS.g26493.t2a,GO:0050789
Montipora_capitata_HIv3___TS.g26493.t2a,GO:0050896
Montipora_capitata_HIv3___TS.g26493.t2a,GO:0051179
Montipora_capitata_HIv3___TS.g26493.t2a,GO:0051186
Montipora_capitata_HIv3___TS.g26493.t2a,GO:0051234
Montipora_capitata_HIv3___TS.g26493.t2a,GO:0051287
Montipora_capitata_HIv3___TS.g26493.t2a,GO:0051704
Montipora_capitata_HIv3___TS.g26493.t2a,GO:0051707
Montipora_capitata_HIv3___TS.g26493.t2a,GO:0055114
Montipora_capitata_HIv3___TS.g26493.t2a,GO:0060205
Montipora_capitata_HIv3___TS.g26493.t2a,GO:0065007
Montipora_capitata_HIv3___TS.g26493.t2a,GO:0065008
Montipora_capitata_HIv3___TS.g26493.t2a,GO:0070013
Montipora_capitata_HIv3___TS.g26493.t2a,GO:0071702
Montipora_capitata_HIv3___TS.g26493.t2a,GO:0071704
Montipora_capitata_HIv3___TS.g26493.t2a,GO:0071944
Montipora_capitata_HIv3___TS.g26493.t2a,GO:0071949
Montipora_capitata_HIv3___TS.g26493.t2a,GO:0097159
Montipora_capitata_HIv3___TS.g26493.t2a,GO:0097367
Montipora_capitata_HIv3___TS.g26493.t2a,GO:0097708
Montipora_capitata_HIv3___TS.g26493.t2a,GO:0098588
Montipora_capitata_HIv3___TS.g26493.t2a,GO:0098796
Montipora_capitata_HIv3___TS.g26493.t2a,GO:0098805
Montipora_capitata_HIv3___TS.g26493.t2a,GO:0098827
Montipora_capitata_HIv3___TS.g26493.t2a,GO:0099503
Montipora_capitata_HIv3___TS.g26493.t2a,GO:1901265
Montipora_capitata_HIv3___TS.g26493.t2a,GO:1901363
Montipora_capitata_HIv3___TS.g26493.t2a,GO:1905952
Montipora_capitata_HIv3___RNAseq.g5394.t1,GO:0000428
Montipora_capitata_HIv3___RNAseq.g5394.t1,GO:0003674
Montipora_capitata_HIv3___RNAseq.g5394.t1,GO:0003676
Montipora_capitata_HIv3___RNAseq.g5394.t1,GO:0003677
Montipora_capitata_HIv3___RNAseq.g5394.t1,GO:0003712
Montipora_capitata_HIv3___RNAseq.g5394.t1,GO:0003713
Montipora_capitata_HIv3___RNAseq.g5394.t1,GO:0005102
Montipora_capitata_HIv3___RNAseq.g5394.t1,GO:0005488
Montipora_capitata_HIv3___RNAseq.g5394.t1,GO:0005515
Montipora_capitata_HIv3___RNAseq.g5394.t1,GO:0005575
Montipora_capitata_HIv3___RNAseq.g5394.t1,GO:0005622
Montipora_capitata_HIv3___RNAseq.g5394.t1,GO:0005623
Montipora_capitata_HIv3___RNAseq.g5394.t1,GO:0005634
Montipora_capitata_HIv3___RNAseq.g5394.t1,GO:0005654
Montipora_capitata_HIv3___RNAseq.g5394.t1,GO:0005667
Montipora_capitata_HIv3___RNAseq.g5394.t1,GO:0005669
Montipora_capitata_HIv3___RNAseq.g5394.t1,GO:0005737
Montipora_capitata_HIv3___RNAseq.g5394.t1,GO:0005794
Montipora_capitata_HIv3___RNAseq.g5394.t1,GO:0006139
Montipora_capitata_HIv3___RNAseq.g5394.t1,GO:0006351
Montipora_capitata_HIv3___RNAseq.g5394.t1,GO:0006352
Montipora_capitata_HIv3___RNAseq.g5394.t1,GO:0006366
Montipora_capitata_HIv3___RNAseq.g5394.t1,GO:0006367
Montipora_capitata_HIv3___RNAseq.g5394.t1,GO:0006725
Montipora_capitata_HIv3___RNAseq.g5394.t1,GO:0006807
Montipora_capitata_HIv3___RNAseq.g5394.t1,GO:0008134
Montipora_capitata_HIv3___RNAseq.g5394.t1,GO:0008150
Montipora_capitata_HIv3___RNAseq.g5394.t1,GO:0008152
Montipora_capitata_HIv3___RNAseq.g5394.t1,GO:0009058
Montipora_capitata_HIv3___RNAseq.g5394.t1,GO:0009059
Montipora_capitata_HIv3___RNAseq.g5394.t1,GO:0009301
Montipora_capitata_HIv3___RNAseq.g5394.t1,GO:0009889
Montipora_capitata_HIv3___RNAseq.g5394.t1,GO:0009891
Montipora_capitata_HIv3___RNAseq.g5394.t1,GO:0009893
Montipora_capitata_HIv3___RNAseq.g5394.t1,GO:0009966
Montipora_capitata_HIv3___RNAseq.g5394.t1,GO:0009987
Montipora_capitata_HIv3___RNAseq.g5394.t1,GO:0010467
Montipora_capitata_HIv3___RNAseq.g5394.t1,GO:0010468
Montipora_capitata_HIv3___RNAseq.g5394.t1,GO:0010556
Montipora_capitata_HIv3___RNAseq.g5394.t1,GO:0010557
Montipora_capitata_HIv3___RNAseq.g5394.t1,GO:0010604
Montipora_capitata_HIv3___RNAseq.g5394.t1,GO:0010646
Montipora_capitata_HIv3___RNAseq.g5394.t1,GO:0012505
Montipora_capitata_HIv3___RNAseq.g5394.t1,GO:0016043
Montipora_capitata_HIv3___RNAseq.g5394.t1,GO:0016070
Montipora_capitata_HIv3___RNAseq.g5394.t1,GO:0016073
Montipora_capitata_HIv3___RNAseq.g5394.t1,GO:0016591
Montipora_capitata_HIv3___RNAseq.g5394.t1,GO:0018130
Montipora_capitata_HIv3___RNAseq.g5394.t1,GO:0019219
Montipora_capitata_HIv3___RNAseq.g5394.t1,GO:0019222
Montipora_capitata_HIv3___RNAseq.g5394.t1,GO:0019438
Montipora_capitata_HIv3___RNAseq.g5394.t1,GO:0022607
Montipora_capitata_HIv3___RNAseq.g5394.t1,GO:0023051
Montipora_capitata_HIv3___RNAseq.g5394.t1,GO:0030880
Montipora_capitata_HIv3___RNAseq.g5394.t1,GO:0031323
Montipora_capitata_HIv3___RNAseq.g5394.t1,GO:0031325
Montipora_capitata_HIv3___RNAseq.g5394.t1,GO:0031326
Montipora_capitata_HIv3___RNAseq.g5394.t1,GO:0031328
Montipora_capitata_HIv3___RNAseq.g5394.t1,GO:0031334
Montipora_capitata_HIv3___RNAseq.g5394.t1,GO:0031974
Montipora_capitata_HIv3___RNAseq.g5394.t1,GO:0031981
Montipora_capitata_HIv3___RNAseq.g5394.t1,GO:0032459
Montipora_capitata_HIv3___RNAseq.g5394.t1,GO:0032461
Montipora_capitata_HIv3___RNAseq.g5394.t1,GO:0032774
Montipora_capitata_HIv3___RNAseq.g5394.t1,GO:0032991
Montipora_capitata_HIv3___RNAseq.g5394.t1,GO:0034622
Montipora_capitata_HIv3___RNAseq.g5394.t1,GO:0034641
Montipora_capitata_HIv3___RNAseq.g5394.t1,GO:0034645
Montipora_capitata_HIv3___RNAseq.g5394.t1,GO:0034654
Montipora_capitata_HIv3___RNAseq.g5394.t1,GO:0034660
Montipora_capitata_HIv3___RNAseq.g5394.t1,GO:0035257
Montipora_capitata_HIv3___RNAseq.g5394.t1,GO:0035821
Montipora_capitata_HIv3___RNAseq.g5394.t1,GO:0042795
Montipora_capitata_HIv3___RNAseq.g5394.t1,GO:0042809
Montipora_capitata_HIv3___RNAseq.g5394.t1,GO:0043170
Montipora_capitata_HIv3___RNAseq.g5394.t1,GO:0043226
Montipora_capitata_HIv3___RNAseq.g5394.t1,GO:0043227
Montipora_capitata_HIv3___RNAseq.g5394.t1,GO:0043229
Montipora_capitata_HIv3___RNAseq.g5394.t1,GO:0043231
Montipora_capitata_HIv3___RNAseq.g5394.t1,GO:0043233
Montipora_capitata_HIv3___RNAseq.g5394.t1,GO:0043254
Montipora_capitata_HIv3___RNAseq.g5394.t1,GO:0043900
Montipora_capitata_HIv3___RNAseq.g5394.t1,GO:0043902
Montipora_capitata_HIv3___RNAseq.g5394.t1,GO:0043903
Montipora_capitata_HIv3___RNAseq.g5394.t1,GO:0043921
Montipora_capitata_HIv3___RNAseq.g5394.t1,GO:0043923
Montipora_capitata_HIv3___RNAseq.g5394.t1,GO:0043933
Montipora_capitata_HIv3___RNAseq.g5394.t1,GO:0044085
Montipora_capitata_HIv3___RNAseq.g5394.t1,GO:0044087
Montipora_capitata_HIv3___RNAseq.g5394.t1,GO:0044089
Montipora_capitata_HIv3___RNAseq.g5394.t1,GO:0044237
Montipora_capitata_HIv3___RNAseq.g5394.t1,GO:0044238
Montipora_capitata_HIv3___RNAseq.g5394.t1,GO:0044249
Montipora_capitata_HIv3___RNAseq.g5394.t1,GO:0044260
Montipora_capitata_HIv3___RNAseq.g5394.t1,GO:0044271
Montipora_capitata_HIv3___RNAseq.g5394.t1,GO:0044403
Montipora_capitata_HIv3___RNAseq.g5394.t1,GO:0044419
Montipora_capitata_HIv3___RNAseq.g5394.t1,GO:0044422
Montipora_capitata_HIv3___RNAseq.g5394.t1,GO:0044424
Montipora_capitata_HIv3___RNAseq.g5394.t1,GO:0044428
Montipora_capitata_HIv3___RNAseq.g5394.t1,GO:0044444
Montipora_capitata_HIv3___RNAseq.g5394.t1,GO:0044446
Montipora_capitata_HIv3___RNAseq.g5394.t1,GO:0044451
Montipora_capitata_HIv3___RNAseq.g5394.t1,GO:0044464
Montipora_capitata_HIv3___RNAseq.g5394.t1,GO:0044798
Montipora_capitata_HIv3___RNAseq.g5394.t1,GO:0045935
Montipora_capitata_HIv3___RNAseq.g5394.t1,GO:0046483
Montipora_capitata_HIv3___RNAseq.g5394.t1,GO:0046782
Montipora_capitata_HIv3___RNAseq.g5394.t1,GO:0046966
Montipora_capitata_HIv3___RNAseq.g5394.t1,GO:0047485
Montipora_capitata_HIv3___RNAseq.g5394.t1,GO:0048518
Montipora_capitata_HIv3___RNAseq.g5394.t1,GO:0048522
Montipora_capitata_HIv3___RNAseq.g5394.t1,GO:0048524
Montipora_capitata_HIv3___RNAseq.g5394.t1,GO:0048583
Montipora_capitata_HIv3___RNAseq.g5394.t1,GO:0050434
Montipora_capitata_HIv3___RNAseq.g5394.t1,GO:0050789
Montipora_capitata_HIv3___RNAseq.g5394.t1,GO:0050792
Montipora_capitata_HIv3___RNAseq.g5394.t1,GO:0050794
Montipora_capitata_HIv3___RNAseq.g5394.t1,GO:0051123
Montipora_capitata_HIv3___RNAseq.g5394.t1,GO:0051128
Montipora_capitata_HIv3___RNAseq.g5394.t1,GO:0051130
Montipora_capitata_HIv3___RNAseq.g5394.t1,GO:0051171
Montipora_capitata_HIv3___RNAseq.g5394.t1,GO:0051173
Montipora_capitata_HIv3___RNAseq.g5394.t1,GO:0051252
Montipora_capitata_HIv3___RNAseq.g5394.t1,GO:0051254
Montipora_capitata_HIv3___RNAseq.g5394.t1,GO:0051427
Montipora_capitata_HIv3___RNAseq.g5394.t1,GO:0051702
Montipora_capitata_HIv3___RNAseq.g5394.t1,GO:0051704
Montipora_capitata_HIv3___RNAseq.g5394.t1,GO:0051817
Montipora_capitata_HIv3___RNAseq.g5394.t1,GO:0051851
Montipora_capitata_HIv3___RNAseq.g5394.t1,GO:0052312
Montipora_capitata_HIv3___RNAseq.g5394.t1,GO:0052472
Montipora_capitata_HIv3___RNAseq.g5394.t1,GO:0055029
Montipora_capitata_HIv3___RNAseq.g5394.t1,GO:0060147
Montipora_capitata_HIv3___RNAseq.g5394.t1,GO:0060148
Montipora_capitata_HIv3___RNAseq.g5394.t1,GO:0060255
Montipora_capitata_HIv3___RNAseq.g5394.t1,GO:0060966
Montipora_capitata_HIv3___RNAseq.g5394.t1,GO:0060968
Montipora_capitata_HIv3___RNAseq.g5394.t1,GO:0061695
Montipora_capitata_HIv3___RNAseq.g5394.t1,GO:0065003
Montipora_capitata_HIv3___RNAseq.g5394.t1,GO:0065004
Montipora_capitata_HIv3___RNAseq.g5394.t1,GO:0065007
Montipora_capitata_HIv3___RNAseq.g5394.t1,GO:0070013
Montipora_capitata_HIv3___RNAseq.g5394.t1,GO:0070578
Montipora_capitata_HIv3___RNAseq.g5394.t1,GO:0070897
Montipora_capitata_HIv3___RNAseq.g5394.t1,GO:0071704
Montipora_capitata_HIv3___RNAseq.g5394.t1,GO:0071824
Montipora_capitata_HIv3___RNAseq.g5394.t1,GO:0071840
Montipora_capitata_HIv3___RNAseq.g5394.t1,GO:0080090
Montipora_capitata_HIv3___RNAseq.g5394.t1,GO:0090304
Montipora_capitata_HIv3___RNAseq.g5394.t1,GO:0090575
Montipora_capitata_HIv3___RNAseq.g5394.t1,GO:0097159
Montipora_capitata_HIv3___RNAseq.g5394.t1,GO:0097659
Montipora_capitata_HIv3___RNAseq.g5394.t1,GO:0098781
Montipora_capitata_HIv3___RNAseq.g5394.t1,GO:0140110
Montipora_capitata_HIv3___RNAseq.g5394.t1,GO:1900368
Montipora_capitata_HIv3___RNAseq.g5394.t1,GO:1900370
Montipora_capitata_HIv3___RNAseq.g5394.t1,GO:1901090
Montipora_capitata_HIv3___RNAseq.g5394.t1,GO:1901092
Montipora_capitata_HIv3___RNAseq.g5394.t1,GO:1901360
Montipora_capitata_HIv3___RNAseq.g5394.t1,GO:1901362
Montipora_capitata_HIv3___RNAseq.g5394.t1,GO:1901363
Montipora_capitata_HIv3___RNAseq.g5394.t1,GO:1901576
Montipora_capitata_HIv3___RNAseq.g5394.t1,GO:1901796
Montipora_capitata_HIv3___RNAseq.g5394.t1,GO:1902494
Montipora_capitata_HIv3___RNAseq.g5394.t1,GO:1902531
Montipora_capitata_HIv3___RNAseq.g5394.t1,GO:1902555
Montipora_capitata_HIv3___RNAseq.g5394.t1,GO:1902680
Montipora_capitata_HIv3___RNAseq.g5394.t1,GO:1903506
Montipora_capitata_HIv3___RNAseq.g5394.t1,GO:1903508
Montipora_capitata_HIv3___RNAseq.g5394.t1,GO:1905348
Montipora_capitata_HIv3___RNAseq.g5394.t1,GO:1990234
Montipora_capitata_HIv3___RNAseq.g5394.t1,GO:2001141
Montipora_capitata_HIv3___RNAseq.g9870.t1,GO:0000002
Montipora_capitata_HIv3___RNAseq.g9870.t1,GO:0000313
Montipora_capitata_HIv3___RNAseq.g9870.t1,GO:0000315
Montipora_capitata_HIv3___RNAseq.g9870.t1,GO:0003674
Montipora_capitata_HIv3___RNAseq.g9870.t1,GO:0003735
Montipora_capitata_HIv3___RNAseq.g9870.t1,GO:0005198
Montipora_capitata_HIv3___RNAseq.g9870.t1,GO:0005575
Montipora_capitata_HIv3___RNAseq.g9870.t1,GO:0005622
Montipora_capitata_HIv3___RNAseq.g9870.t1,GO:0005623
Montipora_capitata_HIv3___RNAseq.g9870.t1,GO:0005737
Montipora_capitata_HIv3___RNAseq.g9870.t1,GO:0005739
Montipora_capitata_HIv3___RNAseq.g9870.t1,GO:0005740
Montipora_capitata_HIv3___RNAseq.g9870.t1,GO:0005743
Montipora_capitata_HIv3___RNAseq.g9870.t1,GO:0005759
Montipora_capitata_HIv3___RNAseq.g9870.t1,GO:0005761
Montipora_capitata_HIv3___RNAseq.g9870.t1,GO:0005762
Montipora_capitata_HIv3___RNAseq.g9870.t1,GO:0005840
Montipora_capitata_HIv3___RNAseq.g9870.t1,GO:0006412
Montipora_capitata_HIv3___RNAseq.g9870.t1,GO:0006414
Montipora_capitata_HIv3___RNAseq.g9870.t1,GO:0006415
Montipora_capitata_HIv3___RNAseq.g9870.t1,GO:0006518
Montipora_capitata_HIv3___RNAseq.g9870.t1,GO:0006807
Montipora_capitata_HIv3___RNAseq.g9870.t1,GO:0006996
Montipora_capitata_HIv3___RNAseq.g9870.t1,GO:0007005
Montipora_capitata_HIv3___RNAseq.g9870.t1,GO:0008150
Montipora_capitata_HIv3___RNAseq.g9870.t1,GO:0008152
Montipora_capitata_HIv3___RNAseq.g9870.t1,GO:0009058
Montipora_capitata_HIv3___RNAseq.g9870.t1,GO:0009059
Montipora_capitata_HIv3___RNAseq.g9870.t1,GO:0009987
Montipora_capitata_HIv3___RNAseq.g9870.t1,GO:0010033
Montipora_capitata_HIv3___RNAseq.g9870.t1,GO:0010467
Montipora_capitata_HIv3___RNAseq.g9870.t1,GO:0015934
Montipora_capitata_HIv3___RNAseq.g9870.t1,GO:0016020
Montipora_capitata_HIv3___RNAseq.g9870.t1,GO:0016043
Montipora_capitata_HIv3___RNAseq.g9870.t1,GO:0019538
Montipora_capitata_HIv3___RNAseq.g9870.t1,GO:0019866
Montipora_capitata_HIv3___RNAseq.g9870.t1,GO:0022411
Montipora_capitata_HIv3___RNAseq.g9870.t1,GO:0031090
Montipora_capitata_HIv3___RNAseq.g9870.t1,GO:0031966
Montipora_capitata_HIv3___RNAseq.g9870.t1,GO:0031967
Montipora_capitata_HIv3___RNAseq.g9870.t1,GO:0031974
Montipora_capitata_HIv3___RNAseq.g9870.t1,GO:0031975
Montipora_capitata_HIv3___RNAseq.g9870.t1,GO:0032543
Montipora_capitata_HIv3___RNAseq.g9870.t1,GO:0032984
Montipora_capitata_HIv3___RNAseq.g9870.t1,GO:0032991
Montipora_capitata_HIv3___RNAseq.g9870.t1,GO:0034097
Montipora_capitata_HIv3___RNAseq.g9870.t1,GO:0034641
Montipora_capitata_HIv3___RNAseq.g9870.t1,GO:0034645
Montipora_capitata_HIv3___RNAseq.g9870.t1,GO:0042221
Montipora_capitata_HIv3___RNAseq.g9870.t1,GO:0043043
Montipora_capitata_HIv3___RNAseq.g9870.t1,GO:0043170
Montipora_capitata_HIv3___RNAseq.g9870.t1,GO:0043226
Montipora_capitata_HIv3___RNAseq.g9870.t1,GO:0043227
Montipora_capitata_HIv3___RNAseq.g9870.t1,GO:0043228
Montipora_capitata_HIv3___RNAseq.g9870.t1,GO:0043229
Montipora_capitata_HIv3___RNAseq.g9870.t1,GO:0043231
Montipora_capitata_HIv3___RNAseq.g9870.t1,GO:0043232
Montipora_capitata_HIv3___RNAseq.g9870.t1,GO:0043233
Montipora_capitata_HIv3___RNAseq.g9870.t1,GO:0043603
Montipora_capitata_HIv3___RNAseq.g9870.t1,GO:0043604
Montipora_capitata_HIv3___RNAseq.g9870.t1,GO:0043624
Montipora_capitata_HIv3___RNAseq.g9870.t1,GO:0043933
Montipora_capitata_HIv3___RNAseq.g9870.t1,GO:0044237
Montipora_capitata_HIv3___RNAseq.g9870.t1,GO:0044238
Montipora_capitata_HIv3___RNAseq.g9870.t1,GO:0044249
Montipora_capitata_HIv3___RNAseq.g9870.t1,GO:0044260
Montipora_capitata_HIv3___RNAseq.g9870.t1,GO:0044267
Montipora_capitata_HIv3___RNAseq.g9870.t1,GO:0044271
Montipora_capitata_HIv3___RNAseq.g9870.t1,GO:0044391
Montipora_capitata_HIv3___RNAseq.g9870.t1,GO:0044422
Montipora_capitata_HIv3___RNAseq.g9870.t1,GO:0044424
Montipora_capitata_HIv3___RNAseq.g9870.t1,GO:0044429
Montipora_capitata_HIv3___RNAseq.g9870.t1,GO:0044444
Montipora_capitata_HIv3___RNAseq.g9870.t1,GO:0044446
Montipora_capitata_HIv3___RNAseq.g9870.t1,GO:0044464
Montipora_capitata_HIv3___RNAseq.g9870.t1,GO:0050896
Montipora_capitata_HIv3___RNAseq.g9870.t1,GO:0051716
Montipora_capitata_HIv3___RNAseq.g9870.t1,GO:0070013
Montipora_capitata_HIv3___RNAseq.g9870.t1,GO:0070125
Montipora_capitata_HIv3___RNAseq.g9870.t1,GO:0070126
Montipora_capitata_HIv3___RNAseq.g9870.t1,GO:0070887
Montipora_capitata_HIv3___RNAseq.g9870.t1,GO:0071310
Montipora_capitata_HIv3___RNAseq.g9870.t1,GO:0071345
Montipora_capitata_HIv3___RNAseq.g9870.t1,GO:0071704
Montipora_capitata_HIv3___RNAseq.g9870.t1,GO:0071840
Montipora_capitata_HIv3___RNAseq.g9870.t1,GO:0098798
Montipora_capitata_HIv3___RNAseq.g9870.t1,GO:0140053
Montipora_capitata_HIv3___RNAseq.g9870.t1,GO:1901564
Montipora_capitata_HIv3___RNAseq.g9870.t1,GO:1901566
Montipora_capitata_HIv3___RNAseq.g9870.t1,GO:1901576
Montipora_capitata_HIv3___RNAseq.g9870.t1,GO:1990823
Montipora_capitata_HIv3___RNAseq.g9870.t1,GO:1990830
Montipora_capitata_HIv3___RNAseq.g9870.t1,GO:1990904
Montipora_capitata_HIv3___TS.g38156.t1c,GO:0002090
Montipora_capitata_HIv3___TS.g38156.t1c,GO:0002092
Montipora_capitata_HIv3___TS.g38156.t1c,GO:0003674
Montipora_capitata_HIv3___TS.g38156.t1c,GO:0005096
Montipora_capitata_HIv3___TS.g38156.t1c,GO:0005488
Montipora_capitata_HIv3___TS.g38156.t1c,GO:0005515
Montipora_capitata_HIv3___TS.g38156.t1c,GO:0005575
Montipora_capitata_HIv3___TS.g38156.t1c,GO:0005622
Montipora_capitata_HIv3___TS.g38156.t1c,GO:0005623
Montipora_capitata_HIv3___TS.g38156.t1c,GO:0005737
Montipora_capitata_HIv3___TS.g38156.t1c,GO:0005768
Montipora_capitata_HIv3___TS.g38156.t1c,GO:0005773
Montipora_capitata_HIv3___TS.g38156.t1c,GO:0005776
Montipora_capitata_HIv3___TS.g38156.t1c,GO:0005794
Montipora_capitata_HIv3___TS.g38156.t1c,GO:0006810
Montipora_capitata_HIv3___TS.g38156.t1c,GO:0006886
Montipora_capitata_HIv3___TS.g38156.t1c,GO:0006914
Montipora_capitata_HIv3___TS.g38156.t1c,GO:0006950
Montipora_capitata_HIv3___TS.g38156.t1c,GO:0008047
Montipora_capitata_HIv3___TS.g38156.t1c,GO:0008104
Montipora_capitata_HIv3___TS.g38156.t1c,GO:0008150
Montipora_capitata_HIv3___TS.g38156.t1c,GO:0008152
Montipora_capitata_HIv3___TS.g38156.t1c,GO:0009056
Montipora_capitata_HIv3___TS.g38156.t1c,GO:0009605
Montipora_capitata_HIv3___TS.g38156.t1c,GO:0009893
Montipora_capitata_HIv3___TS.g38156.t1c,GO:0009987
Montipora_capitata_HIv3___TS.g38156.t1c,GO:0009991
Montipora_capitata_HIv3___TS.g38156.t1c,GO:0010008
Montipora_capitata_HIv3___TS.g38156.t1c,GO:0010604
Montipora_capitata_HIv3___TS.g38156.t1c,GO:0012505
Montipora_capitata_HIv3___TS.g38156.t1c,GO:0015031
Montipora_capitata_HIv3___TS.g38156.t1c,GO:0015833
Montipora_capitata_HIv3___TS.g38156.t1c,GO:0016020
Montipora_capitata_HIv3___TS.g38156.t1c,GO:0016192
Montipora_capitata_HIv3___TS.g38156.t1c,GO:0016197
Montipora_capitata_HIv3___TS.g38156.t1c,GO:0016236
Montipora_capitata_HIv3___TS.g38156.t1c,GO:0016482
Montipora_capitata_HIv3___TS.g38156.t1c,GO:0017016
Montipora_capitata_HIv3___TS.g38156.t1c,GO:0017137
Montipora_capitata_HIv3___TS.g38156.t1c,GO:0019222
Montipora_capitata_HIv3___TS.g38156.t1c,GO:0019899
Montipora_capitata_HIv3___TS.g38156.t1c,GO:0030100
Montipora_capitata_HIv3___TS.g38156.t1c,GO:0030234
Montipora_capitata_HIv3___TS.g38156.t1c,GO:0030695
Montipora_capitata_HIv3___TS.g38156.t1c,GO:0030904
Montipora_capitata_HIv3___TS.g38156.t1c,GO:0031090
Montipora_capitata_HIv3___TS.g38156.t1c,GO:0031267
Montipora_capitata_HIv3___TS.g38156.t1c,GO:0031323
Montipora_capitata_HIv3___TS.g38156.t1c,GO:0031325
Montipora_capitata_HIv3___TS.g38156.t1c,GO:0031338
Montipora_capitata_HIv3___TS.g38156.t1c,GO:0031410
Montipora_capitata_HIv3___TS.g38156.t1c,GO:0031667
Montipora_capitata_HIv3___TS.g38156.t1c,GO:0031982
Montipora_capitata_HIv3___TS.g38156.t1c,GO:0032879
Montipora_capitata_HIv3___TS.g38156.t1c,GO:0032991
Montipora_capitata_HIv3___TS.g38156.t1c,GO:0033036
Montipora_capitata_HIv3___TS.g38156.t1c,GO:0033043
Montipora_capitata_HIv3___TS.g38156.t1c,GO:0034613
Montipora_capitata_HIv3___TS.g38156.t1c,GO:0035612
Montipora_capitata_HIv3___TS.g38156.t1c,GO:0042147
Montipora_capitata_HIv3___TS.g38156.t1c,GO:0042594
Montipora_capitata_HIv3___TS.g38156.t1c,GO:0042886
Montipora_capitata_HIv3___TS.g38156.t1c,GO:0043085
Montipora_capitata_HIv3___TS.g38156.t1c,GO:0043087
Montipora_capitata_HIv3___TS.g38156.t1c,GO:0043226
Montipora_capitata_HIv3___TS.g38156.t1c,GO:0043227
Montipora_capitata_HIv3___TS.g38156.t1c,GO:0043229
Montipora_capitata_HIv3___TS.g38156.t1c,GO:0043231
Montipora_capitata_HIv3___TS.g38156.t1c,GO:0043547
Montipora_capitata_HIv3___TS.g38156.t1c,GO:0044093
Montipora_capitata_HIv3___TS.g38156.t1c,GO:0044237
Montipora_capitata_HIv3___TS.g38156.t1c,GO:0044248
Montipora_capitata_HIv3___TS.g38156.t1c,GO:0044422
Montipora_capitata_HIv3___TS.g38156.t1c,GO:0044424
Montipora_capitata_HIv3___TS.g38156.t1c,GO:0044425
Montipora_capitata_HIv3___TS.g38156.t1c,GO:0044433
Montipora_capitata_HIv3___TS.g38156.t1c,GO:0044440
Montipora_capitata_HIv3___TS.g38156.t1c,GO:0044444
Montipora_capitata_HIv3___TS.g38156.t1c,GO:0044446
Montipora_capitata_HIv3___TS.g38156.t1c,GO:0044464
Montipora_capitata_HIv3___TS.g38156.t1c,GO:0044877
Montipora_capitata_HIv3___TS.g38156.t1c,GO:0045184
Montipora_capitata_HIv3___TS.g38156.t1c,GO:0045807
Montipora_capitata_HIv3___TS.g38156.t1c,GO:0046907
Montipora_capitata_HIv3___TS.g38156.t1c,GO:0048259
Montipora_capitata_HIv3___TS.g38156.t1c,GO:0048260
Montipora_capitata_HIv3___TS.g38156.t1c,GO:0048518
Montipora_capitata_HIv3___TS.g38156.t1c,GO:0048522
Montipora_capitata_HIv3___TS.g38156.t1c,GO:0050789
Montipora_capitata_HIv3___TS.g38156.t1c,GO:0050790
Montipora_capitata_HIv3___TS.g38156.t1c,GO:0050794
Montipora_capitata_HIv3___TS.g38156.t1c,GO:0050896
Montipora_capitata_HIv3___TS.g38156.t1c,GO:0051020
Montipora_capitata_HIv3___TS.g38156.t1c,GO:0051049
Montipora_capitata_HIv3___TS.g38156.t1c,GO:0051050
Montipora_capitata_HIv3___TS.g38156.t1c,GO:0051128
Montipora_capitata_HIv3___TS.g38156.t1c,GO:0051130
Montipora_capitata_HIv3___TS.g38156.t1c,GO:0051179
Montipora_capitata_HIv3___TS.g38156.t1c,GO:0051234
Montipora_capitata_HIv3___TS.g38156.t1c,GO:0051336
Montipora_capitata_HIv3___TS.g38156.t1c,GO:0051345
Montipora_capitata_HIv3___TS.g38156.t1c,GO:0051641
Montipora_capitata_HIv3___TS.g38156.t1c,GO:0051649
Montipora_capitata_HIv3___TS.g38156.t1c,GO:0060255
Montipora_capitata_HIv3___TS.g38156.t1c,GO:0060589
Montipora_capitata_HIv3___TS.g38156.t1c,GO:0060627
Montipora_capitata_HIv3___TS.g38156.t1c,GO:0061919
Montipora_capitata_HIv3___TS.g38156.t1c,GO:0065007
Montipora_capitata_HIv3___TS.g38156.t1c,GO:0065009
Montipora_capitata_HIv3___TS.g38156.t1c,GO:0070727
Montipora_capitata_HIv3___TS.g38156.t1c,GO:0071702
Montipora_capitata_HIv3___TS.g38156.t1c,GO:0071705
Montipora_capitata_HIv3___TS.g38156.t1c,GO:0090630
Montipora_capitata_HIv3___TS.g38156.t1c,GO:0097708
Montipora_capitata_HIv3___TS.g38156.t1c,GO:0098588
Montipora_capitata_HIv3___TS.g38156.t1c,GO:0098772
Montipora_capitata_HIv3___TS.g38156.t1c,GO:0098796
Montipora_capitata_HIv3___TS.g38156.t1c,GO:0098805
Montipora_capitata_HIv3___TS.g38156.t1c,GO:1905394
Montipora_capitata_HIv3___RNAseq.g24946.t1,GO:0000313
Montipora_capitata_HIv3___RNAseq.g24946.t1,GO:0000315
Montipora_capitata_HIv3___RNAseq.g24946.t1,GO:0003674
Montipora_capitata_HIv3___RNAseq.g24946.t1,GO:0003735
Montipora_capitata_HIv3___RNAseq.g24946.t1,GO:0005198
Montipora_capitata_HIv3___RNAseq.g24946.t1,GO:0005575
Montipora_capitata_HIv3___RNAseq.g24946.t1,GO:0005622
Montipora_capitata_HIv3___RNAseq.g24946.t1,GO:0005623
Montipora_capitata_HIv3___RNAseq.g24946.t1,GO:0005737
Montipora_capitata_HIv3___RNAseq.g24946.t1,GO:0005739
Montipora_capitata_HIv3___RNAseq.g24946.t1,GO:0005740
Montipora_capitata_HIv3___RNAseq.g24946.t1,GO:0005743
Montipora_capitata_HIv3___RNAseq.g24946.t1,GO:0005759
Montipora_capitata_HIv3___RNAseq.g24946.t1,GO:0005761
Montipora_capitata_HIv3___RNAseq.g24946.t1,GO:0005762
Montipora_capitata_HIv3___RNAseq.g24946.t1,GO:0005840
Montipora_capitata_HIv3___RNAseq.g24946.t1,GO:0006412
Montipora_capitata_HIv3___RNAseq.g24946.t1,GO:0006414
Montipora_capitata_HIv3___RNAseq.g24946.t1,GO:0006415
Montipora_capitata_HIv3___RNAseq.g24946.t1,GO:0006518
Montipora_capitata_HIv3___RNAseq.g24946.t1,GO:0006807
Montipora_capitata_HIv3___RNAseq.g24946.t1,GO:0008150
Montipora_capitata_HIv3___RNAseq.g24946.t1,GO:0008152
Montipora_capitata_HIv3___RNAseq.g24946.t1,GO:0009058
Montipora_capitata_HIv3___RNAseq.g24946.t1,GO:0009059
Montipora_capitata_HIv3___RNAseq.g24946.t1,GO:0009987
Montipora_capitata_HIv3___RNAseq.g24946.t1,GO:0010467
Montipora_capitata_HIv3___RNAseq.g24946.t1,GO:0015934
Montipora_capitata_HIv3___RNAseq.g24946.t1,GO:0016020
Montipora_capitata_HIv3___RNAseq.g24946.t1,GO:0016043
Montipora_capitata_HIv3___RNAseq.g24946.t1,GO:0019538
Montipora_capitata_HIv3___RNAseq.g24946.t1,GO:0019866
Montipora_capitata_HIv3___RNAseq.g24946.t1,GO:0022411
Montipora_capitata_HIv3___RNAseq.g24946.t1,GO:0031090
Montipora_capitata_HIv3___RNAseq.g24946.t1,GO:0031966
Montipora_capitata_HIv3___RNAseq.g24946.t1,GO:0031967
Montipora_capitata_HIv3___RNAseq.g24946.t1,GO:0031974
Montipora_capitata_HIv3___RNAseq.g24946.t1,GO:0031975
Montipora_capitata_HIv3___RNAseq.g24946.t1,GO:0032543
Montipora_capitata_HIv3___RNAseq.g24946.t1,GO:0032984
Montipora_capitata_HIv3___RNAseq.g24946.t1,GO:0032991
Montipora_capitata_HIv3___RNAseq.g24946.t1,GO:0034641
Montipora_capitata_HIv3___RNAseq.g24946.t1,GO:0034645
Montipora_capitata_HIv3___RNAseq.g24946.t1,GO:0043043
Montipora_capitata_HIv3___RNAseq.g24946.t1,GO:0043170
Montipora_capitata_HIv3___RNAseq.g24946.t1,GO:0043226
Montipora_capitata_HIv3___RNAseq.g24946.t1,GO:0043227
Montipora_capitata_HIv3___RNAseq.g24946.t1,GO:0043228
Montipora_capitata_HIv3___RNAseq.g24946.t1,GO:0043229
Montipora_capitata_HIv3___RNAseq.g24946.t1,GO:0043231
Montipora_capitata_HIv3___RNAseq.g24946.t1,GO:0043232
Montipora_capitata_HIv3___RNAseq.g24946.t1,GO:0043233
Montipora_capitata_HIv3___RNAseq.g24946.t1,GO:0043603
Montipora_capitata_HIv3___RNAseq.g24946.t1,GO:0043604
Montipora_capitata_HIv3___RNAseq.g24946.t1,GO:0043624
Montipora_capitata_HIv3___RNAseq.g24946.t1,GO:0043933
Montipora_capitata_HIv3___RNAseq.g24946.t1,GO:0044237
Montipora_capitata_HIv3___RNAseq.g24946.t1,GO:0044238
Montipora_capitata_HIv3___RNAseq.g24946.t1,GO:0044249
Montipora_capitata_HIv3___RNAseq.g24946.t1,GO:0044260
Montipora_capitata_HIv3___RNAseq.g24946.t1,GO:0044267
Montipora_capitata_HIv3___RNAseq.g24946.t1,GO:0044271
Montipora_capitata_HIv3___RNAseq.g24946.t1,GO:0044391
Montipora_capitata_HIv3___RNAseq.g24946.t1,GO:0044422
Montipora_capitata_HIv3___RNAseq.g24946.t1,GO:0044424
Montipora_capitata_HIv3___RNAseq.g24946.t1,GO:0044429
Montipora_capitata_HIv3___RNAseq.g24946.t1,GO:0044444
Montipora_capitata_HIv3___RNAseq.g24946.t1,GO:0044446
Montipora_capitata_HIv3___RNAseq.g24946.t1,GO:0044464
Montipora_capitata_HIv3___RNAseq.g24946.t1,GO:0070013
Montipora_capitata_HIv3___RNAseq.g24946.t1,GO:0070125
Montipora_capitata_HIv3___RNAseq.g24946.t1,GO:0070126
Montipora_capitata_HIv3___RNAseq.g24946.t1,GO:0071704
Montipora_capitata_HIv3___RNAseq.g24946.t1,GO:0071840
Montipora_capitata_HIv3___RNAseq.g24946.t1,GO:0098798
Montipora_capitata_HIv3___RNAseq.g24946.t1,GO:0140053
Montipora_capitata_HIv3___RNAseq.g24946.t1,GO:1901564
Montipora_capitata_HIv3___RNAseq.g24946.t1,GO:1901566
Montipora_capitata_HIv3___RNAseq.g24946.t1,GO:1901576
Montipora_capitata_HIv3___RNAseq.g24946.t1,GO:1990904
Montipora_capitata_HIv3___RNAseq.g40764.t1,GO:0000151
Montipora_capitata_HIv3___RNAseq.g40764.t1,GO:0000209
Montipora_capitata_HIv3___RNAseq.g40764.t1,GO:0003674
Montipora_capitata_HIv3___RNAseq.g40764.t1,GO:0003779
Montipora_capitata_HIv3___RNAseq.g40764.t1,GO:0003824
Montipora_capitata_HIv3___RNAseq.g40764.t1,GO:0004842
Montipora_capitata_HIv3___RNAseq.g40764.t1,GO:0005488
Montipora_capitata_HIv3___RNAseq.g40764.t1,GO:0005515
Montipora_capitata_HIv3___RNAseq.g40764.t1,GO:0005575
Montipora_capitata_HIv3___RNAseq.g40764.t1,GO:0005622
Montipora_capitata_HIv3___RNAseq.g40764.t1,GO:0005623
Montipora_capitata_HIv3___RNAseq.g40764.t1,GO:0005634
Montipora_capitata_HIv3___RNAseq.g40764.t1,GO:0005654
Montipora_capitata_HIv3___RNAseq.g40764.t1,GO:0005737
Montipora_capitata_HIv3___RNAseq.g40764.t1,GO:0005794
Montipora_capitata_HIv3___RNAseq.g40764.t1,GO:0005802
Montipora_capitata_HIv3___RNAseq.g40764.t1,GO:0005829
Montipora_capitata_HIv3___RNAseq.g40764.t1,GO:0005856
Montipora_capitata_HIv3___RNAseq.g40764.t1,GO:0006464
Montipora_capitata_HIv3___RNAseq.g40764.t1,GO:0006508
Montipora_capitata_HIv3___RNAseq.g40764.t1,GO:0006511
Montipora_capitata_HIv3___RNAseq.g40764.t1,GO:0006807
Montipora_capitata_HIv3___RNAseq.g40764.t1,GO:0006810
Montipora_capitata_HIv3___RNAseq.g40764.t1,GO:0006892
Montipora_capitata_HIv3___RNAseq.g40764.t1,GO:0006895
Montipora_capitata_HIv3___RNAseq.g40764.t1,GO:0006996
Montipora_capitata_HIv3___RNAseq.g40764.t1,GO:0007010
Montipora_capitata_HIv3___RNAseq.g40764.t1,GO:0008092
Montipora_capitata_HIv3___RNAseq.g40764.t1,GO:0008150
Montipora_capitata_HIv3___RNAseq.g40764.t1,GO:0008152
Montipora_capitata_HIv3___RNAseq.g40764.t1,GO:0008582
Montipora_capitata_HIv3___RNAseq.g40764.t1,GO:0009056
Montipora_capitata_HIv3___RNAseq.g40764.t1,GO:0009057
Montipora_capitata_HIv3___RNAseq.g40764.t1,GO:0009987
Montipora_capitata_HIv3___RNAseq.g40764.t1,GO:0010033
Montipora_capitata_HIv3___RNAseq.g40764.t1,GO:0010498
Montipora_capitata_HIv3___RNAseq.g40764.t1,GO:0010941
Montipora_capitata_HIv3___RNAseq.g40764.t1,GO:0012505
Montipora_capitata_HIv3___RNAseq.g40764.t1,GO:0015629
Montipora_capitata_HIv3___RNAseq.g40764.t1,GO:0016043
Montipora_capitata_HIv3___RNAseq.g40764.t1,GO:0016192
Montipora_capitata_HIv3___RNAseq.g40764.t1,GO:0016482
Montipora_capitata_HIv3___RNAseq.g40764.t1,GO:0016567
Montipora_capitata_HIv3___RNAseq.g40764.t1,GO:0016604
Montipora_capitata_HIv3___RNAseq.g40764.t1,GO:0016605
Montipora_capitata_HIv3___RNAseq.g40764.t1,GO:0016740
Montipora_capitata_HIv3___RNAseq.g40764.t1,GO:0019538
Montipora_capitata_HIv3___RNAseq.g40764.t1,GO:0019787
Montipora_capitata_HIv3___RNAseq.g40764.t1,GO:0019941
Montipora_capitata_HIv3___RNAseq.g40764.t1,GO:0019955
Montipora_capitata_HIv3___RNAseq.g40764.t1,GO:0019961
Montipora_capitata_HIv3___RNAseq.g40764.t1,GO:0019964
Montipora_capitata_HIv3___RNAseq.g40764.t1,GO:0030163
Montipora_capitata_HIv3___RNAseq.g40764.t1,GO:0031461
Montipora_capitata_HIv3___RNAseq.g40764.t1,GO:0031463
Montipora_capitata_HIv3___RNAseq.g40764.t1,GO:0031974
Montipora_capitata_HIv3___RNAseq.g40764.t1,GO:0031981
Montipora_capitata_HIv3___RNAseq.g40764.t1,GO:0031984
Montipora_capitata_HIv3___RNAseq.g40764.t1,GO:0032446
Montipora_capitata_HIv3___RNAseq.g40764.t1,GO:0032991
Montipora_capitata_HIv3___RNAseq.g40764.t1,GO:0034097
Montipora_capitata_HIv3___RNAseq.g40764.t1,GO:0035455
Montipora_capitata_HIv3___RNAseq.g40764.t1,GO:0036211
Montipora_capitata_HIv3___RNAseq.g40764.t1,GO:0040008
Montipora_capitata_HIv3___RNAseq.g40764.t1,GO:0042221
Montipora_capitata_HIv3___RNAseq.g40764.t1,GO:0042802
Montipora_capitata_HIv3___RNAseq.g40764.t1,GO:0042803
Montipora_capitata_HIv3___RNAseq.g40764.t1,GO:0042981
Montipora_capitata_HIv3___RNAseq.g40764.t1,GO:0043066
Montipora_capitata_HIv3___RNAseq.g40764.t1,GO:0043067
Montipora_capitata_HIv3___RNAseq.g40764.t1,GO:0043069
Montipora_capitata_HIv3___RNAseq.g40764.t1,GO:0043161
Montipora_capitata_HIv3___RNAseq.g40764.t1,GO:0043170
Montipora_capitata_HIv3___RNAseq.g40764.t1,GO:0043226
Montipora_capitata_HIv3___RNAseq.g40764.t1,GO:0043227
Montipora_capitata_HIv3___RNAseq.g40764.t1,GO:0043228
Montipora_capitata_HIv3___RNAseq.g40764.t1,GO:0043229
Montipora_capitata_HIv3___RNAseq.g40764.t1,GO:0043231
Montipora_capitata_HIv3___RNAseq.g40764.t1,GO:0043232
Montipora_capitata_HIv3___RNAseq.g40764.t1,GO:0043233
Montipora_capitata_HIv3___RNAseq.g40764.t1,GO:0043412
Montipora_capitata_HIv3___RNAseq.g40764.t1,GO:0043632
Montipora_capitata_HIv3___RNAseq.g40764.t1,GO:0043687
Montipora_capitata_HIv3___RNAseq.g40764.t1,GO:0044087
Montipora_capitata_HIv3___RNAseq.g40764.t1,GO:0044237
Montipora_capitata_HIv3___RNAseq.g40764.t1,GO:0044238
Montipora_capitata_HIv3___RNAseq.g40764.t1,GO:0044248
Montipora_capitata_HIv3___RNAseq.g40764.t1,GO:0044257
Montipora_capitata_HIv3___RNAseq.g40764.t1,GO:0044260
Montipora_capitata_HIv3___RNAseq.g40764.t1,GO:0044265
Montipora_capitata_HIv3___RNAseq.g40764.t1,GO:0044267
Montipora_capitata_HIv3___RNAseq.g40764.t1,GO:0044422
Montipora_capitata_HIv3___RNAseq.g40764.t1,GO:0044424
Montipora_capitata_HIv3___RNAseq.g40764.t1,GO:0044428
Montipora_capitata_HIv3___RNAseq.g40764.t1,GO:0044431
Montipora_capitata_HIv3___RNAseq.g40764.t1,GO:0044444
Montipora_capitata_HIv3___RNAseq.g40764.t1,GO:0044446
Montipora_capitata_HIv3___RNAseq.g40764.t1,GO:0044451
Montipora_capitata_HIv3___RNAseq.g40764.t1,GO:0044464
Montipora_capitata_HIv3___RNAseq.g40764.t1,GO:0045886
Montipora_capitata_HIv3___RNAseq.g40764.t1,GO:0045926
Montipora_capitata_HIv3___RNAseq.g40764.t1,GO:0046907
Montipora_capitata_HIv3___RNAseq.g40764.t1,GO:0046983
Montipora_capitata_HIv3___RNAseq.g40764.t1,GO:0048193
Montipora_capitata_HIv3___RNAseq.g40764.t1,GO:0048519
Montipora_capitata_HIv3___RNAseq.g40764.t1,GO:0048523
Montipora_capitata_HIv3___RNAseq.g40764.t1,GO:0048638
Montipora_capitata_HIv3___RNAseq.g40764.t1,GO:0048640
Montipora_capitata_HIv3___RNAseq.g40764.t1,GO:0050789
Montipora_capitata_HIv3___RNAseq.g40764.t1,GO:0050793
Montipora_capitata_HIv3___RNAseq.g40764.t1,GO:0050794
Montipora_capitata_HIv3___RNAseq.g40764.t1,GO:0050803
Montipora_capitata_HIv3___RNAseq.g40764.t1,GO:0050807
Montipora_capitata_HIv3___RNAseq.g40764.t1,GO:0050896
Montipora_capitata_HIv3___RNAseq.g40764.t1,GO:0051093
Montipora_capitata_HIv3___RNAseq.g40764.t1,GO:0051128
Montipora_capitata_HIv3___RNAseq.g40764.t1,GO:0051129
Montipora_capitata_HIv3___RNAseq.g40764.t1,GO:0051179
Montipora_capitata_HIv3___RNAseq.g40764.t1,GO:0051234
Montipora_capitata_HIv3___RNAseq.g40764.t1,GO:0051239
Montipora_capitata_HIv3___RNAseq.g40764.t1,GO:0051241
Montipora_capitata_HIv3___RNAseq.g40764.t1,GO:0051603
Montipora_capitata_HIv3___RNAseq.g40764.t1,GO:0051641
Montipora_capitata_HIv3___RNAseq.g40764.t1,GO:0051649
Montipora_capitata_HIv3___RNAseq.g40764.t1,GO:0051865
Montipora_capitata_HIv3___RNAseq.g40764.t1,GO:0051960
Montipora_capitata_HIv3___RNAseq.g40764.t1,GO:0051961
Montipora_capitata_HIv3___RNAseq.g40764.t1,GO:0051963
Montipora_capitata_HIv3___RNAseq.g40764.t1,GO:0051964
Montipora_capitata_HIv3___RNAseq.g40764.t1,GO:0060548
Montipora_capitata_HIv3___RNAseq.g40764.t1,GO:0065007
Montipora_capitata_HIv3___RNAseq.g40764.t1,GO:0065008
Montipora_capitata_HIv3___RNAseq.g40764.t1,GO:0070013
Montipora_capitata_HIv3___RNAseq.g40764.t1,GO:0070647
Montipora_capitata_HIv3___RNAseq.g40764.t1,GO:0071704
Montipora_capitata_HIv3___RNAseq.g40764.t1,GO:0071840
Montipora_capitata_HIv3___RNAseq.g40764.t1,GO:0098791
Montipora_capitata_HIv3___RNAseq.g40764.t1,GO:0140096
Montipora_capitata_HIv3___RNAseq.g40764.t1,GO:1901564
Montipora_capitata_HIv3___RNAseq.g40764.t1,GO:1901565
Montipora_capitata_HIv3___RNAseq.g40764.t1,GO:1901575
Montipora_capitata_HIv3___RNAseq.g40764.t1,GO:1902494
Montipora_capitata_HIv3___RNAseq.g40764.t1,GO:1904396
Montipora_capitata_HIv3___RNAseq.g40764.t1,GO:1904397
Montipora_capitata_HIv3___RNAseq.g40764.t1,GO:1905809
Montipora_capitata_HIv3___RNAseq.g40764.t1,GO:1990234
Montipora_capitata_HIv3___RNAseq.g40764.t1,GO:1990390
Montipora_capitata_HIv3___RNAseq.g40764.t1,GO:2000026
Montipora_capitata_HIv3___RNAseq.g40947.t1,GO:0000003
Montipora_capitata_HIv3___RNAseq.g40947.t1,GO:0000323
Montipora_capitata_HIv3___RNAseq.g40947.t1,GO:0003006
Montipora_capitata_HIv3___RNAseq.g40947.t1,GO:0003333
Montipora_capitata_HIv3___RNAseq.g40947.t1,GO:0003674
Montipora_capitata_HIv3___RNAseq.g40947.t1,GO:0005215
Montipora_capitata_HIv3___RNAseq.g40947.t1,GO:0005302
Montipora_capitata_HIv3___RNAseq.g40947.t1,GO:0005342
Montipora_capitata_HIv3___RNAseq.g40947.t1,GO:0005575
Montipora_capitata_HIv3___RNAseq.g40947.t1,GO:0005622
Montipora_capitata_HIv3___RNAseq.g40947.t1,GO:0005623
Montipora_capitata_HIv3___RNAseq.g40947.t1,GO:0005737
Montipora_capitata_HIv3___RNAseq.g40947.t1,GO:0005764
Montipora_capitata_HIv3___RNAseq.g40947.t1,GO:0005765
Montipora_capitata_HIv3___RNAseq.g40947.t1,GO:0005768
Montipora_capitata_HIv3___RNAseq.g40947.t1,GO:0005773
Montipora_capitata_HIv3___RNAseq.g40947.t1,GO:0005774
Montipora_capitata_HIv3___RNAseq.g40947.t1,GO:0005783
Montipora_capitata_HIv3___RNAseq.g40947.t1,GO:0005789
Montipora_capitata_HIv3___RNAseq.g40947.t1,GO:0006582
Montipora_capitata_HIv3___RNAseq.g40947.t1,GO:0006725
Montipora_capitata_HIv3___RNAseq.g40947.t1,GO:0006726
Montipora_capitata_HIv3___RNAseq.g40947.t1,GO:0006810
Montipora_capitata_HIv3___RNAseq.g40947.t1,GO:0006811
Montipora_capitata_HIv3___RNAseq.g40947.t1,GO:0006812
Montipora_capitata_HIv3___RNAseq.g40947.t1,GO:0006820
Montipora_capitata_HIv3___RNAseq.g40947.t1,GO:0006855
Montipora_capitata_HIv3___RNAseq.g40947.t1,GO:0006865
Montipora_capitata_HIv3___RNAseq.g40947.t1,GO:0007276
Montipora_capitata_HIv3___RNAseq.g40947.t1,GO:0007281
Montipora_capitata_HIv3___RNAseq.g40947.t1,GO:0007283
Montipora_capitata_HIv3___RNAseq.g40947.t1,GO:0007286
Montipora_capitata_HIv3___RNAseq.g40947.t1,GO:0008150
Montipora_capitata_HIv3___RNAseq.g40947.t1,GO:0008152
Montipora_capitata_HIv3___RNAseq.g40947.t1,GO:0008283
Montipora_capitata_HIv3___RNAseq.g40947.t1,GO:0008324
Montipora_capitata_HIv3___RNAseq.g40947.t1,GO:0008509
Montipora_capitata_HIv3___RNAseq.g40947.t1,GO:0008514
Montipora_capitata_HIv3___RNAseq.g40947.t1,GO:0009058
Montipora_capitata_HIv3___RNAseq.g40947.t1,GO:0009987
Montipora_capitata_HIv3___RNAseq.g40947.t1,GO:0010008
Montipora_capitata_HIv3___RNAseq.g40947.t1,GO:0012505
Montipora_capitata_HIv3___RNAseq.g40947.t1,GO:0012506
Montipora_capitata_HIv3___RNAseq.g40947.t1,GO:0015075
Montipora_capitata_HIv3___RNAseq.g40947.t1,GO:0015171
Montipora_capitata_HIv3___RNAseq.g40947.t1,GO:0015173
Montipora_capitata_HIv3___RNAseq.g40947.t1,GO:0015179
Montipora_capitata_HIv3___RNAseq.g40947.t1,GO:0015238
Montipora_capitata_HIv3___RNAseq.g40947.t1,GO:0015318
Montipora_capitata_HIv3___RNAseq.g40947.t1,GO:0015711
Montipora_capitata_HIv3___RNAseq.g40947.t1,GO:0015801
Montipora_capitata_HIv3___RNAseq.g40947.t1,GO:0015807
Montipora_capitata_HIv3___RNAseq.g40947.t1,GO:0015828
Montipora_capitata_HIv3___RNAseq.g40947.t1,GO:0015849
Montipora_capitata_HIv3___RNAseq.g40947.t1,GO:0015893
Montipora_capitata_HIv3___RNAseq.g40947.t1,GO:0016020
Montipora_capitata_HIv3___RNAseq.g40947.t1,GO:0016021
Montipora_capitata_HIv3___RNAseq.g40947.t1,GO:0018958
Montipora_capitata_HIv3___RNAseq.g40947.t1,GO:0019438
Montipora_capitata_HIv3___RNAseq.g40947.t1,GO:0019748
Montipora_capitata_HIv3___RNAseq.g40947.t1,GO:0019953
Montipora_capitata_HIv3___RNAseq.g40947.t1,GO:0022412
Montipora_capitata_HIv3___RNAseq.g40947.t1,GO:0022414
Montipora_capitata_HIv3___RNAseq.g40947.t1,GO:0022857
Montipora_capitata_HIv3___RNAseq.g40947.t1,GO:0030154
Montipora_capitata_HIv3___RNAseq.g40947.t1,GO:0030318
Montipora_capitata_HIv3___RNAseq.g40947.t1,GO:0030659
Montipora_capitata_HIv3___RNAseq.g40947.t1,GO:0031090
Montipora_capitata_HIv3___RNAseq.g40947.t1,GO:0031224
Montipora_capitata_HIv3___RNAseq.g40947.t1,GO:0031410
Montipora_capitata_HIv3___RNAseq.g40947.t1,GO:0031982
Montipora_capitata_HIv3___RNAseq.g40947.t1,GO:0031984
Montipora_capitata_HIv3___RNAseq.g40947.t1,GO:0032501
Montipora_capitata_HIv3___RNAseq.g40947.t1,GO:0032502
Montipora_capitata_HIv3___RNAseq.g40947.t1,GO:0032504
Montipora_capitata_HIv3___RNAseq.g40947.t1,GO:0033162
Montipora_capitata_HIv3___RNAseq.g40947.t1,GO:0034220
Montipora_capitata_HIv3___RNAseq.g40947.t1,GO:0042175
Montipora_capitata_HIv3___RNAseq.g40947.t1,GO:0042221
Montipora_capitata_HIv3___RNAseq.g40947.t1,GO:0042438
Montipora_capitata_HIv3___RNAseq.g40947.t1,GO:0042440
Montipora_capitata_HIv3___RNAseq.g40947.t1,GO:0042441
Montipora_capitata_HIv3___RNAseq.g40947.t1,GO:0042470
Montipora_capitata_HIv3___RNAseq.g40947.t1,GO:0042493
Montipora_capitata_HIv3___RNAseq.g40947.t1,GO:0043226
Montipora_capitata_HIv3___RNAseq.g40947.t1,GO:0043227
Montipora_capitata_HIv3___RNAseq.g40947.t1,GO:0043229
Montipora_capitata_HIv3___RNAseq.g40947.t1,GO:0043231
Montipora_capitata_HIv3___RNAseq.g40947.t1,GO:0043324
Montipora_capitata_HIv3___RNAseq.g40947.t1,GO:0043473
Montipora_capitata_HIv3___RNAseq.g40947.t1,GO:0043474
Montipora_capitata_HIv3___RNAseq.g40947.t1,GO:0044237
Montipora_capitata_HIv3___RNAseq.g40947.t1,GO:0044249
Montipora_capitata_HIv3___RNAseq.g40947.t1,GO:0044422
Montipora_capitata_HIv3___RNAseq.g40947.t1,GO:0044424
Montipora_capitata_HIv3___RNAseq.g40947.t1,GO:0044425
Montipora_capitata_HIv3___RNAseq.g40947.t1,GO:0044432
Montipora_capitata_HIv3___RNAseq.g40947.t1,GO:0044433
Montipora_capitata_HIv3___RNAseq.g40947.t1,GO:0044437
Montipora_capitata_HIv3___RNAseq.g40947.t1,GO:0044440
Montipora_capitata_HIv3___RNAseq.g40947.t1,GO:0044444
Montipora_capitata_HIv3___RNAseq.g40947.t1,GO:0044446
Montipora_capitata_HIv3___RNAseq.g40947.t1,GO:0044464
Montipora_capitata_HIv3___RNAseq.g40947.t1,GO:0044550
Montipora_capitata_HIv3___RNAseq.g40947.t1,GO:0044703
Montipora_capitata_HIv3___RNAseq.g40947.t1,GO:0045009
Montipora_capitata_HIv3___RNAseq.g40947.t1,GO:0046148
Montipora_capitata_HIv3___RNAseq.g40947.t1,GO:0046189
Montipora_capitata_HIv3___RNAseq.g40947.t1,GO:0046942
Montipora_capitata_HIv3___RNAseq.g40947.t1,GO:0046943
Montipora_capitata_HIv3___RNAseq.g40947.t1,GO:0048066
Montipora_capitata_HIv3___RNAseq.g40947.t1,GO:0048069
Montipora_capitata_HIv3___RNAseq.g40947.t1,GO:0048232
Montipora_capitata_HIv3___RNAseq.g40947.t1,GO:0048468
Montipora_capitata_HIv3___RNAseq.g40947.t1,GO:0048515
Montipora_capitata_HIv3___RNAseq.g40947.t1,GO:0048609
Montipora_capitata_HIv3___RNAseq.g40947.t1,GO:0048770
Montipora_capitata_HIv3___RNAseq.g40947.t1,GO:0048856
Montipora_capitata_HIv3___RNAseq.g40947.t1,GO:0048869
Montipora_capitata_HIv3___RNAseq.g40947.t1,GO:0050896
Montipora_capitata_HIv3___RNAseq.g40947.t1,GO:0050931
Montipora_capitata_HIv3___RNAseq.g40947.t1,GO:0051179
Montipora_capitata_HIv3___RNAseq.g40947.t1,GO:0051234
Montipora_capitata_HIv3___RNAseq.g40947.t1,GO:0051704
Montipora_capitata_HIv3___RNAseq.g40947.t1,GO:0055085
Montipora_capitata_HIv3___RNAseq.g40947.t1,GO:0071702
Montipora_capitata_HIv3___RNAseq.g40947.t1,GO:0071704
Montipora_capitata_HIv3___RNAseq.g40947.t1,GO:0071705
Montipora_capitata_HIv3___RNAseq.g40947.t1,GO:0090741
Montipora_capitata_HIv3___RNAseq.g40947.t1,GO:0097708
Montipora_capitata_HIv3___RNAseq.g40947.t1,GO:0098588
Montipora_capitata_HIv3___RNAseq.g40947.t1,GO:0098655
Montipora_capitata_HIv3___RNAseq.g40947.t1,GO:0098656
Montipora_capitata_HIv3___RNAseq.g40947.t1,GO:0098805
Montipora_capitata_HIv3___RNAseq.g40947.t1,GO:0098827
Montipora_capitata_HIv3___RNAseq.g40947.t1,GO:0098852
Montipora_capitata_HIv3___RNAseq.g40947.t1,GO:1901360
Montipora_capitata_HIv3___RNAseq.g40947.t1,GO:1901362
Montipora_capitata_HIv3___RNAseq.g40947.t1,GO:1901576
Montipora_capitata_HIv3___RNAseq.g40947.t1,GO:1901615
Montipora_capitata_HIv3___RNAseq.g40947.t1,GO:1901617
Montipora_capitata_HIv3___RNAseq.g40947.t1,GO:1902475
Montipora_capitata_HIv3___RNAseq.g40947.t1,GO:1903825
Montipora_capitata_HIv3___RNAseq.g40947.t1,GO:1905039
Montipora_capitata_HIv3___RNAseq.g41946.t1,GO:0000165
Montipora_capitata_HIv3___RNAseq.g41946.t1,GO:0000375
Montipora_capitata_HIv3___RNAseq.g41946.t1,GO:0000377
Montipora_capitata_HIv3___RNAseq.g41946.t1,GO:0000398
Montipora_capitata_HIv3___RNAseq.g41946.t1,GO:0003674
Montipora_capitata_HIv3___RNAseq.g41946.t1,GO:0005198
Montipora_capitata_HIv3___RNAseq.g41946.t1,GO:0005488
Montipora_capitata_HIv3___RNAseq.g41946.t1,GO:0005515
Montipora_capitata_HIv3___RNAseq.g41946.t1,GO:0005575
Montipora_capitata_HIv3___RNAseq.g41946.t1,GO:0005622
Montipora_capitata_HIv3___RNAseq.g41946.t1,GO:0005623
Montipora_capitata_HIv3___RNAseq.g41946.t1,GO:0005634
Montipora_capitata_HIv3___RNAseq.g41946.t1,GO:0005681
Montipora_capitata_HIv3___RNAseq.g41946.t1,GO:0005737
Montipora_capitata_HIv3___RNAseq.g41946.t1,GO:0005768
Montipora_capitata_HIv3___RNAseq.g41946.t1,GO:0006139
Montipora_capitata_HIv3___RNAseq.g41946.t1,GO:0006396
Montipora_capitata_HIv3___RNAseq.g41946.t1,GO:0006397
Montipora_capitata_HIv3___RNAseq.g41946.t1,GO:0006464
Montipora_capitata_HIv3___RNAseq.g41946.t1,GO:0006468
Montipora_capitata_HIv3___RNAseq.g41946.t1,GO:0006725
Montipora_capitata_HIv3___RNAseq.g41946.t1,GO:0006793
Montipora_capitata_HIv3___RNAseq.g41946.t1,GO:0006796
Montipora_capitata_HIv3___RNAseq.g41946.t1,GO:0006807
Montipora_capitata_HIv3___RNAseq.g41946.t1,GO:0007154
Montipora_capitata_HIv3___RNAseq.g41946.t1,GO:0007165
Montipora_capitata_HIv3___RNAseq.g41946.t1,GO:0008150
Montipora_capitata_HIv3___RNAseq.g41946.t1,GO:0008152
Montipora_capitata_HIv3___RNAseq.g41946.t1,GO:0008380
Montipora_capitata_HIv3___RNAseq.g41946.t1,GO:0009987
Montipora_capitata_HIv3___RNAseq.g41946.t1,GO:0010008
Montipora_capitata_HIv3___RNAseq.g41946.t1,GO:0010467
Montipora_capitata_HIv3___RNAseq.g41946.t1,GO:0012505
Montipora_capitata_HIv3___RNAseq.g41946.t1,GO:0016020
Montipora_capitata_HIv3___RNAseq.g41946.t1,GO:0016070
Montipora_capitata_HIv3___RNAseq.g41946.t1,GO:0016071
Montipora_capitata_HIv3___RNAseq.g41946.t1,GO:0016310
Montipora_capitata_HIv3___RNAseq.g41946.t1,GO:0019538
Montipora_capitata_HIv3___RNAseq.g41946.t1,GO:0023014
Montipora_capitata_HIv3___RNAseq.g41946.t1,GO:0023052
Montipora_capitata_HIv3___RNAseq.g41946.t1,GO:0031090
Montipora_capitata_HIv3___RNAseq.g41946.t1,GO:0031410
Montipora_capitata_HIv3___RNAseq.g41946.t1,GO:0031982
Montipora_capitata_HIv3___RNAseq.g41946.t1,GO:0032947
Montipora_capitata_HIv3___RNAseq.g41946.t1,GO:0032991
Montipora_capitata_HIv3___RNAseq.g41946.t1,GO:0034641
Montipora_capitata_HIv3___RNAseq.g41946.t1,GO:0035556
Montipora_capitata_HIv3___RNAseq.g41946.t1,GO:0036211
Montipora_capitata_HIv3___RNAseq.g41946.t1,GO:0043170
Montipora_capitata_HIv3___RNAseq.g41946.t1,GO:0043226
Montipora_capitata_HIv3___RNAseq.g41946.t1,GO:0043227
Montipora_capitata_HIv3___RNAseq.g41946.t1,GO:0043229
Montipora_capitata_HIv3___RNAseq.g41946.t1,GO:0043231
Montipora_capitata_HIv3___RNAseq.g41946.t1,GO:0043412
Montipora_capitata_HIv3___RNAseq.g41946.t1,GO:0044237
Montipora_capitata_HIv3___RNAseq.g41946.t1,GO:0044238
Montipora_capitata_HIv3___RNAseq.g41946.t1,GO:0044260
Montipora_capitata_HIv3___RNAseq.g41946.t1,GO:0044267
Montipora_capitata_HIv3___RNAseq.g41946.t1,GO:0044422
Montipora_capitata_HIv3___RNAseq.g41946.t1,GO:0044424
Montipora_capitata_HIv3___RNAseq.g41946.t1,GO:0044428
Montipora_capitata_HIv3___RNAseq.g41946.t1,GO:0044433
Montipora_capitata_HIv3___RNAseq.g41946.t1,GO:0044440
Montipora_capitata_HIv3___RNAseq.g41946.t1,GO:0044444
Montipora_capitata_HIv3___RNAseq.g41946.t1,GO:0044446
Montipora_capitata_HIv3___RNAseq.g41946.t1,GO:0044464
Montipora_capitata_HIv3___RNAseq.g41946.t1,GO:0046483
Montipora_capitata_HIv3___RNAseq.g41946.t1,GO:0050789
Montipora_capitata_HIv3___RNAseq.g41946.t1,GO:0050794
Montipora_capitata_HIv3___RNAseq.g41946.t1,GO:0050896
Montipora_capitata_HIv3___RNAseq.g41946.t1,GO:0051716
Montipora_capitata_HIv3___RNAseq.g41946.t1,GO:0065007
Montipora_capitata_HIv3___RNAseq.g41946.t1,GO:0071013
Montipora_capitata_HIv3___RNAseq.g41946.t1,GO:0071704
Montipora_capitata_HIv3___RNAseq.g41946.t1,GO:0090304
Montipora_capitata_HIv3___RNAseq.g41946.t1,GO:0097708
Montipora_capitata_HIv3___RNAseq.g41946.t1,GO:0098588
Montipora_capitata_HIv3___RNAseq.g41946.t1,GO:0098805
Montipora_capitata_HIv3___RNAseq.g41946.t1,GO:1901360
Montipora_capitata_HIv3___RNAseq.g41946.t1,GO:1901564
Montipora_capitata_HIv3___RNAseq.g41946.t1,GO:1902494
Montipora_capitata_HIv3___RNAseq.g41946.t1,GO:1990904
Montipora_capitata_HIv3___TS.g48661.t1,GO:0000323
Montipora_capitata_HIv3___TS.g48661.t1,GO:0001817
Montipora_capitata_HIv3___TS.g48661.t1,GO:0001818
Montipora_capitata_HIv3___TS.g48661.t1,GO:0001932
Montipora_capitata_HIv3___TS.g48661.t1,GO:0001933
Montipora_capitata_HIv3___TS.g48661.t1,GO:0003008
Montipora_capitata_HIv3___TS.g48661.t1,GO:0003674
Montipora_capitata_HIv3___TS.g48661.t1,GO:0003824
Montipora_capitata_HIv3___TS.g48661.t1,GO:0004348
Montipora_capitata_HIv3___TS.g48661.t1,GO:0004553
Montipora_capitata_HIv3___TS.g48661.t1,GO:0005102
Montipora_capitata_HIv3___TS.g48661.t1,GO:0005124
Montipora_capitata_HIv3___TS.g48661.t1,GO:0005488
Montipora_capitata_HIv3___TS.g48661.t1,GO:0005515
Montipora_capitata_HIv3___TS.g48661.t1,GO:0005575
Montipora_capitata_HIv3___TS.g48661.t1,GO:0005576
Montipora_capitata_HIv3___TS.g48661.t1,GO:0005615
Montipora_capitata_HIv3___TS.g48661.t1,GO:0005622
Montipora_capitata_HIv3___TS.g48661.t1,GO:0005623
Montipora_capitata_HIv3___TS.g48661.t1,GO:0005737
Montipora_capitata_HIv3___TS.g48661.t1,GO:0005764
Montipora_capitata_HIv3___TS.g48661.t1,GO:0005765
Montipora_capitata_HIv3___TS.g48661.t1,GO:0005773
Montipora_capitata_HIv3___TS.g48661.t1,GO:0005774
Montipora_capitata_HIv3___TS.g48661.t1,GO:0005775
Montipora_capitata_HIv3___TS.g48661.t1,GO:0006066
Montipora_capitata_HIv3___TS.g48661.t1,GO:0006469
Montipora_capitata_HIv3___TS.g48661.t1,GO:0006629
Montipora_capitata_HIv3___TS.g48661.t1,GO:0006643
Montipora_capitata_HIv3___TS.g48661.t1,GO:0006664
Montipora_capitata_HIv3___TS.g48661.t1,GO:0006665
Montipora_capitata_HIv3___TS.g48661.t1,GO:0006670
Montipora_capitata_HIv3___TS.g48661.t1,GO:0006672
Montipora_capitata_HIv3___TS.g48661.t1,GO:0006677
Montipora_capitata_HIv3___TS.g48661.t1,GO:0006678
Montipora_capitata_HIv3___TS.g48661.t1,GO:0006680
Montipora_capitata_HIv3___TS.g48661.t1,GO:0006687
Montipora_capitata_HIv3___TS.g48661.t1,GO:0006807
Montipora_capitata_HIv3___TS.g48661.t1,GO:0006914
Montipora_capitata_HIv3___TS.g48661.t1,GO:0006950
Montipora_capitata_HIv3___TS.g48661.t1,GO:0006986
Montipora_capitata_HIv3___TS.g48661.t1,GO:0006996
Montipora_capitata_HIv3___TS.g48661.t1,GO:0007033
Montipora_capitata_HIv3___TS.g48661.t1,GO:0007154
Montipora_capitata_HIv3___TS.g48661.t1,GO:0007275
Montipora_capitata_HIv3___TS.g48661.t1,GO:0007568
Montipora_capitata_HIv3___TS.g48661.t1,GO:0007610
Montipora_capitata_HIv3___TS.g48661.t1,GO:0007611
Montipora_capitata_HIv3___TS.g48661.t1,GO:0007613
Montipora_capitata_HIv3___TS.g48661.t1,GO:0007626
Montipora_capitata_HIv3___TS.g48661.t1,GO:0008150
Montipora_capitata_HIv3___TS.g48661.t1,GO:0008152
Montipora_capitata_HIv3___TS.g48661.t1,GO:0008340
Montipora_capitata_HIv3___TS.g48661.t1,GO:0008344
Montipora_capitata_HIv3___TS.g48661.t1,GO:0008610
Montipora_capitata_HIv3___TS.g48661.t1,GO:0009056
Montipora_capitata_HIv3___TS.g48661.t1,GO:0009058
Montipora_capitata_HIv3___TS.g48661.t1,GO:0009267
Montipora_capitata_HIv3___TS.g48661.t1,GO:0009268
Montipora_capitata_HIv3___TS.g48661.t1,GO:0009410
Montipora_capitata_HIv3___TS.g48661.t1,GO:0009605
Montipora_capitata_HIv3___TS.g48661.t1,GO:0009628
Montipora_capitata_HIv3___TS.g48661.t1,GO:0009653
Montipora_capitata_HIv3___TS.g48661.t1,GO:0009719
Montipora_capitata_HIv3___TS.g48661.t1,GO:0009725
Montipora_capitata_HIv3___TS.g48661.t1,GO:0009887
Montipora_capitata_HIv3___TS.g48661.t1,GO:0009889
Montipora_capitata_HIv3___TS.g48661.t1,GO:0009891
Montipora_capitata_HIv3___TS.g48661.t1,GO:0009892
Montipora_capitata_HIv3___TS.g48661.t1,GO:0009893
Montipora_capitata_HIv3___TS.g48661.t1,GO:0009894
Montipora_capitata_HIv3___TS.g48661.t1,GO:0009896
Montipora_capitata_HIv3___TS.g48661.t1,GO:0009966
Montipora_capitata_HIv3___TS.g48661.t1,GO:0009968
Montipora_capitata_HIv3___TS.g48661.t1,GO:0009987
Montipora_capitata_HIv3___TS.g48661.t1,GO:0009991
Montipora_capitata_HIv3___TS.g48661.t1,GO:0010033
Montipora_capitata_HIv3___TS.g48661.t1,GO:0010259
Montipora_capitata_HIv3___TS.g48661.t1,GO:0010506
Montipora_capitata_HIv3___TS.g48661.t1,GO:0010508
Montipora_capitata_HIv3___TS.g48661.t1,GO:0010556
Montipora_capitata_HIv3___TS.g48661.t1,GO:0010557
Montipora_capitata_HIv3___TS.g48661.t1,GO:0010562
Montipora_capitata_HIv3___TS.g48661.t1,GO:0010563
Montipora_capitata_HIv3___TS.g48661.t1,GO:0010604
Montipora_capitata_HIv3___TS.g48661.t1,GO:0010605
Montipora_capitata_HIv3___TS.g48661.t1,GO:0010638
Montipora_capitata_HIv3___TS.g48661.t1,GO:0010646
Montipora_capitata_HIv3___TS.g48661.t1,GO:0010647
Montipora_capitata_HIv3___TS.g48661.t1,GO:0010648
Montipora_capitata_HIv3___TS.g48661.t1,GO:0010821
Montipora_capitata_HIv3___TS.g48661.t1,GO:0010822
Montipora_capitata_HIv3___TS.g48661.t1,GO:0010941
Montipora_capitata_HIv3___TS.g48661.t1,GO:0014070
Montipora_capitata_HIv3___TS.g48661.t1,GO:0016020
Montipora_capitata_HIv3___TS.g48661.t1,GO:0016042
Montipora_capitata_HIv3___TS.g48661.t1,GO:0016043
Montipora_capitata_HIv3___TS.g48661.t1,GO:0016137
Montipora_capitata_HIv3___TS.g48661.t1,GO:0016139
Montipora_capitata_HIv3___TS.g48661.t1,GO:0016236
Montipora_capitata_HIv3___TS.g48661.t1,GO:0016241
Montipora_capitata_HIv3___TS.g48661.t1,GO:0016787
Montipora_capitata_HIv3___TS.g48661.t1,GO:0016798
Montipora_capitata_HIv3___TS.g48661.t1,GO:0019220
Montipora_capitata_HIv3___TS.g48661.t1,GO:0019222
Montipora_capitata_HIv3___TS.g48661.t1,GO:0019377
Montipora_capitata_HIv3___TS.g48661.t1,GO:0019725
Montipora_capitata_HIv3___TS.g48661.t1,GO:0019751
Montipora_capitata_HIv3___TS.g48661.t1,GO:0019898
Montipora_capitata_HIv3___TS.g48661.t1,GO:0023021
Montipora_capitata_HIv3___TS.g48661.t1,GO:0023051
Montipora_capitata_HIv3___TS.g48661.t1,GO:0023056
Montipora_capitata_HIv3___TS.g48661.t1,GO:0023057
Montipora_capitata_HIv3___TS.g48661.t1,GO:0030104
Montipora_capitata_HIv3___TS.g48661.t1,GO:0030148
Montipora_capitata_HIv3___TS.g48661.t1,GO:0030149
Montipora_capitata_HIv3___TS.g48661.t1,GO:0030162
Montipora_capitata_HIv3___TS.g48661.t1,GO:0030534
Montipora_capitata_HIv3___TS.g48661.t1,GO:0031090
Montipora_capitata_HIv3___TS.g48661.t1,GO:0031323
Montipora_capitata_HIv3___TS.g48661.t1,GO:0031324
Montipora_capitata_HIv3___TS.g48661.t1,GO:0031325
Montipora_capitata_HIv3___TS.g48661.t1,GO:0031326
Montipora_capitata_HIv3___TS.g48661.t1,GO:0031328
Montipora_capitata_HIv3___TS.g48661.t1,GO:0031329
Montipora_capitata_HIv3___TS.g48661.t1,GO:0031331
Montipora_capitata_HIv3___TS.g48661.t1,GO:0031333
Montipora_capitata_HIv3___TS.g48661.t1,GO:0031347
Montipora_capitata_HIv3___TS.g48661.t1,GO:0031348
Montipora_capitata_HIv3___TS.g48661.t1,GO:0031399
Montipora_capitata_HIv3___TS.g48661.t1,GO:0031400
Montipora_capitata_HIv3___TS.g48661.t1,GO:0031401
Montipora_capitata_HIv3___TS.g48661.t1,GO:0031644
Montipora_capitata_HIv3___TS.g48661.t1,GO:0031646
Montipora_capitata_HIv3___TS.g48661.t1,GO:0031667
Montipora_capitata_HIv3___TS.g48661.t1,GO:0031668
Montipora_capitata_HIv3___TS.g48661.t1,GO:0031669
Montipora_capitata_HIv3___TS.g48661.t1,GO:0031960
Montipora_capitata_HIv3___TS.g48661.t1,GO:0031974
Montipora_capitata_HIv3___TS.g48661.t1,GO:0032101
Montipora_capitata_HIv3___TS.g48661.t1,GO:0032102
Montipora_capitata_HIv3___TS.g48661.t1,GO:0032268
Montipora_capitata_HIv3___TS.g48661.t1,GO:0032269
Montipora_capitata_HIv3___TS.g48661.t1,GO:0032270
Montipora_capitata_HIv3___TS.g48661.t1,GO:0032434
Montipora_capitata_HIv3___TS.g48661.t1,GO:0032436
Montipora_capitata_HIv3___TS.g48661.t1,GO:0032459
Montipora_capitata_HIv3___TS.g48661.t1,GO:0032460
Montipora_capitata_HIv3___TS.g48661.t1,GO:0032462
Montipora_capitata_HIv3___TS.g48661.t1,GO:0032463
Montipora_capitata_HIv3___TS.g48661.t1,GO:0032501
Montipora_capitata_HIv3___TS.g48661.t1,GO:0032502
Montipora_capitata_HIv3___TS.g48661.t1,GO:0032675
Montipora_capitata_HIv3___TS.g48661.t1,GO:0032715
Montipora_capitata_HIv3___TS.g48661.t1,GO:0033043
Montipora_capitata_HIv3___TS.g48661.t1,GO:0033554
Montipora_capitata_HIv3___TS.g48661.t1,GO:0033561
Montipora_capitata_HIv3___TS.g48661.t1,GO:0033574
Montipora_capitata_HIv3___TS.g48661.t1,GO:0033673
Montipora_capitata_HIv3___TS.g48661.t1,GO:0033993
Montipora_capitata_HIv3___TS.g48661.t1,GO:0034097
Montipora_capitata_HIv3___TS.g48661.t1,GO:0034311
Montipora_capitata_HIv3___TS.g48661.t1,GO:0034312
Montipora_capitata_HIv3___TS.g48661.t1,GO:0034612
Montipora_capitata_HIv3___TS.g48661.t1,GO:0034620
Montipora_capitata_HIv3___TS.g48661.t1,GO:0034641
Montipora_capitata_HIv3___TS.g48661.t1,GO:0035303
Montipora_capitata_HIv3___TS.g48661.t1,GO:0035304
Montipora_capitata_HIv3___TS.g48661.t1,GO:0035306
Montipora_capitata_HIv3___TS.g48661.t1,GO:0035307
Montipora_capitata_HIv3___TS.g48661.t1,GO:0035966
Montipora_capitata_HIv3___TS.g48661.t1,GO:0035967
Montipora_capitata_HIv3___TS.g48661.t1,GO:0042176
Montipora_capitata_HIv3___TS.g48661.t1,GO:0042221
Montipora_capitata_HIv3___TS.g48661.t1,GO:0042325
Montipora_capitata_HIv3___TS.g48661.t1,GO:0042326
Montipora_capitata_HIv3___TS.g48661.t1,GO:0042391
Montipora_capitata_HIv3___TS.g48661.t1,GO:0042493
Montipora_capitata_HIv3___TS.g48661.t1,GO:0042592
Montipora_capitata_HIv3___TS.g48661.t1,GO:0042594
Montipora_capitata_HIv3___TS.g48661.t1,GO:0043086
Montipora_capitata_HIv3___TS.g48661.t1,GO:0043202
Montipora_capitata_HIv3___TS.g48661.t1,GO:0043226
Montipora_capitata_HIv3___TS.g48661.t1,GO:0043227
Montipora_capitata_HIv3___TS.g48661.t1,GO:0043229
Montipora_capitata_HIv3___TS.g48661.t1,GO:0043231
Montipora_capitata_HIv3___TS.g48661.t1,GO:0043233
Montipora_capitata_HIv3___TS.g48661.t1,GO:0043243
Montipora_capitata_HIv3___TS.g48661.t1,GO:0043244
Montipora_capitata_HIv3___TS.g48661.t1,GO:0043254
Montipora_capitata_HIv3___TS.g48661.t1,GO:0043405
Montipora_capitata_HIv3___TS.g48661.t1,GO:0043407
Montipora_capitata_HIv3___TS.g48661.t1,GO:0043408
Montipora_capitata_HIv3___TS.g48661.t1,GO:0043409
Montipora_capitata_HIv3___TS.g48661.t1,GO:0043549
Montipora_capitata_HIv3___TS.g48661.t1,GO:0043588
Montipora_capitata_HIv3___TS.g48661.t1,GO:0043589
Montipora_capitata_HIv3___TS.g48661.t1,GO:0043603
Montipora_capitata_HIv3___TS.g48661.t1,GO:0043604
Montipora_capitata_HIv3___TS.g48661.t1,GO:0043627
Montipora_capitata_HIv3___TS.g48661.t1,GO:0044057
Montipora_capitata_HIv3___TS.g48661.t1,GO:0044087
Montipora_capitata_HIv3___TS.g48661.t1,GO:0044092
Montipora_capitata_HIv3___TS.g48661.t1,GO:0044237
Montipora_capitata_HIv3___TS.g48661.t1,GO:0044238
Montipora_capitata_HIv3___TS.g48661.t1,GO:0044242
Montipora_capitata_HIv3___TS.g48661.t1,GO:0044248
Montipora_capitata_HIv3___TS.g48661.t1,GO:0044249
Montipora_capitata_HIv3___TS.g48661.t1,GO:0044255
Montipora_capitata_HIv3___TS.g48661.t1,GO:0044271
Montipora_capitata_HIv3___TS.g48661.t1,GO:0044281
Montipora_capitata_HIv3___TS.g48661.t1,GO:0044283
Montipora_capitata_HIv3___TS.g48661.t1,GO:0044421
Montipora_capitata_HIv3___TS.g48661.t1,GO:0044422
Montipora_capitata_HIv3___TS.g48661.t1,GO:0044424
Montipora_capitata_HIv3___TS.g48661.t1,GO:0044425
Montipora_capitata_HIv3___TS.g48661.t1,GO:0044437
Montipora_capitata_HIv3___TS.g48661.t1,GO:0044444
Montipora_capitata_HIv3___TS.g48661.t1,GO:0044446
Montipora_capitata_HIv3___TS.g48661.t1,GO:0044464
Montipora_capitata_HIv3___TS.g48661.t1,GO:0045732
Montipora_capitata_HIv3___TS.g48661.t1,GO:0045760
Montipora_capitata_HIv3___TS.g48661.t1,GO:0045859
Montipora_capitata_HIv3___TS.g48661.t1,GO:0045862
Montipora_capitata_HIv3___TS.g48661.t1,GO:0045936
Montipora_capitata_HIv3___TS.g48661.t1,GO:0045937
Montipora_capitata_HIv3___TS.g48661.t1,GO:0046165
Montipora_capitata_HIv3___TS.g48661.t1,GO:0046173
Montipora_capitata_HIv3___TS.g48661.t1,GO:0046466
Montipora_capitata_HIv3___TS.g48661.t1,GO:0046467
Montipora_capitata_HIv3___TS.g48661.t1,GO:0046477
Montipora_capitata_HIv3___TS.g48661.t1,GO:0046479
Montipora_capitata_HIv3___TS.g48661.t1,GO:0046512
Montipora_capitata_HIv3___TS.g48661.t1,GO:0046513
Montipora_capitata_HIv3___TS.g48661.t1,GO:0046514
Montipora_capitata_HIv3___TS.g48661.t1,GO:0046519
Montipora_capitata_HIv3___TS.g48661.t1,GO:0046520
Montipora_capitata_HIv3___TS.g48661.t1,GO:0048513
Montipora_capitata_HIv3___TS.g48661.t1,GO:0048518
Montipora_capitata_HIv3___TS.g48661.t1,GO:0048519
Montipora_capitata_HIv3___TS.g48661.t1,GO:0048522
Montipora_capitata_HIv3___TS.g48661.t1,GO:0048523
Montipora_capitata_HIv3___TS.g48661.t1,GO:0048545
Montipora_capitata_HIv3___TS.g48661.t1,GO:0048583
Montipora_capitata_HIv3___TS.g48661.t1,GO:0048585
Montipora_capitata_HIv3___TS.g48661.t1,GO:0048731
Montipora_capitata_HIv3___TS.g48661.t1,GO:0048856
Montipora_capitata_HIv3___TS.g48661.t1,GO:0048871
Montipora_capitata_HIv3___TS.g48661.t1,GO:0048878
Montipora_capitata_HIv3___TS.g48661.t1,GO:0050727
Montipora_capitata_HIv3___TS.g48661.t1,GO:0050728
Montipora_capitata_HIv3___TS.g48661.t1,GO:0050746
Montipora_capitata_HIv3___TS.g48661.t1,GO:0050747
Montipora_capitata_HIv3___TS.g48661.t1,GO:0050789
Montipora_capitata_HIv3___TS.g48661.t1,GO:0050790
Montipora_capitata_HIv3___TS.g48661.t1,GO:0050794
Montipora_capitata_HIv3___TS.g48661.t1,GO:0050877
Montipora_capitata_HIv3___TS.g48661.t1,GO:0050878
Montipora_capitata_HIv3___TS.g48661.t1,GO:0050890
Montipora_capitata_HIv3___TS.g48661.t1,GO:0050891
Montipora_capitata_HIv3___TS.g48661.t1,GO:0050896
Montipora_capitata_HIv3___TS.g48661.t1,GO:0051128
Montipora_capitata_HIv3___TS.g48661.t1,GO:0051129
Montipora_capitata_HIv3___TS.g48661.t1,GO:0051130
Montipora_capitata_HIv3___TS.g48661.t1,GO:0051171
Montipora_capitata_HIv3___TS.g48661.t1,GO:0051172
Montipora_capitata_HIv3___TS.g48661.t1,GO:0051173
Montipora_capitata_HIv3___TS.g48661.t1,GO:0051174
Montipora_capitata_HIv3___TS.g48661.t1,GO:0051239
Montipora_capitata_HIv3___TS.g48661.t1,GO:0051240
Montipora_capitata_HIv3___TS.g48661.t1,GO:0051241
Montipora_capitata_HIv3___TS.g48661.t1,GO:0051246
Montipora_capitata_HIv3___TS.g48661.t1,GO:0051247
Montipora_capitata_HIv3___TS.g48661.t1,GO:0051248
Montipora_capitata_HIv3___TS.g48661.t1,GO:0051338
Montipora_capitata_HIv3___TS.g48661.t1,GO:0051348
Montipora_capitata_HIv3___TS.g48661.t1,GO:0051384
Montipora_capitata_HIv3___TS.g48661.t1,GO:0051716
Montipora_capitata_HIv3___TS.g48661.t1,GO:0051969
Montipora_capitata_HIv3___TS.g48661.t1,GO:0051971
Montipora_capitata_HIv3___TS.g48661.t1,GO:0060249
Montipora_capitata_HIv3___TS.g48661.t1,GO:0060255
Montipora_capitata_HIv3___TS.g48661.t1,GO:0060548
Montipora_capitata_HIv3___TS.g48661.t1,GO:0061136
Montipora_capitata_HIv3___TS.g48661.t1,GO:0061919
Montipora_capitata_HIv3___TS.g48661.t1,GO:0065007
Montipora_capitata_HIv3___TS.g48661.t1,GO:0065008
Montipora_capitata_HIv3___TS.g48661.t1,GO:0065009
Montipora_capitata_HIv3___TS.g48661.t1,GO:0070013
Montipora_capitata_HIv3___TS.g48661.t1,GO:0070050
Montipora_capitata_HIv3___TS.g48661.t1,GO:0070887
Montipora_capitata_HIv3___TS.g48661.t1,GO:0071310
Montipora_capitata_HIv3___TS.g48661.t1,GO:0071345
Montipora_capitata_HIv3___TS.g48661.t1,GO:0071356
Montipora_capitata_HIv3___TS.g48661.t1,GO:0071496
Montipora_capitata_HIv3___TS.g48661.t1,GO:0071548
Montipora_capitata_HIv3___TS.g48661.t1,GO:0071704
Montipora_capitata_HIv3___TS.g48661.t1,GO:0071840
Montipora_capitata_HIv3___TS.g48661.t1,GO:0071900
Montipora_capitata_HIv3___TS.g48661.t1,GO:0071901
Montipora_capitata_HIv3___TS.g48661.t1,GO:0080090
Montipora_capitata_HIv3___TS.g48661.t1,GO:0080134
Montipora_capitata_HIv3___TS.g48661.t1,GO:0097066
Montipora_capitata_HIv3___TS.g48661.t1,GO:0097164
Montipora_capitata_HIv3___TS.g48661.t1,GO:0097327
Montipora_capitata_HIv3___TS.g48661.t1,GO:0098588
Montipora_capitata_HIv3___TS.g48661.t1,GO:0098780
Montipora_capitata_HIv3___TS.g48661.t1,GO:0098805
Montipora_capitata_HIv3___TS.g48661.t1,GO:0098852
Montipora_capitata_HIv3___TS.g48661.t1,GO:0098900
Montipora_capitata_HIv3___TS.g48661.t1,GO:0098908
Montipora_capitata_HIv3___TS.g48661.t1,GO:1901135
Montipora_capitata_HIv3___TS.g48661.t1,GO:1901136
Montipora_capitata_HIv3___TS.g48661.t1,GO:1901214
Montipora_capitata_HIv3___TS.g48661.t1,GO:1901215
Montipora_capitata_HIv3___TS.g48661.t1,GO:1901564
Montipora_capitata_HIv3___TS.g48661.t1,GO:1901565
Montipora_capitata_HIv3___TS.g48661.t1,GO:1901566
Montipora_capitata_HIv3___TS.g48661.t1,GO:1901575
Montipora_capitata_HIv3___TS.g48661.t1,GO:1901576
Montipora_capitata_HIv3___TS.g48661.t1,GO:1901615
Montipora_capitata_HIv3___TS.g48661.t1,GO:1901617
Montipora_capitata_HIv3___TS.g48661.t1,GO:1901654
Montipora_capitata_HIv3___TS.g48661.t1,GO:1901657
Montipora_capitata_HIv3___TS.g48661.t1,GO:1901658
Montipora_capitata_HIv3___TS.g48661.t1,GO:1901700
Montipora_capitata_HIv3___TS.g48661.t1,GO:1901800
Montipora_capitata_HIv3___TS.g48661.t1,GO:1901804
Montipora_capitata_HIv3___TS.g48661.t1,GO:1901805
Montipora_capitata_HIv3___TS.g48661.t1,GO:1902531
Montipora_capitata_HIv3___TS.g48661.t1,GO:1902532
Montipora_capitata_HIv3___TS.g48661.t1,GO:1903050
Montipora_capitata_HIv3___TS.g48661.t1,GO:1903052
Montipora_capitata_HIv3___TS.g48661.t1,GO:1903059
Montipora_capitata_HIv3___TS.g48661.t1,GO:1903061
Montipora_capitata_HIv3___TS.g48661.t1,GO:1903146
Montipora_capitata_HIv3___TS.g48661.t1,GO:1903362
Montipora_capitata_HIv3___TS.g48661.t1,GO:1903364
Montipora_capitata_HIv3___TS.g48661.t1,GO:1903509
Montipora_capitata_HIv3___TS.g48661.t1,GO:1903599
Montipora_capitata_HIv3___TS.g48661.t1,GO:1904350
Montipora_capitata_HIv3___TS.g48661.t1,GO:1904457
Montipora_capitata_HIv3___TS.g48661.t1,GO:1904923
Montipora_capitata_HIv3___TS.g48661.t1,GO:1904925
Montipora_capitata_HIv3___TS.g48661.t1,GO:1905037
Montipora_capitata_HIv3___TS.g48661.t1,GO:1905165
Montipora_capitata_HIv3___TS.g48661.t1,GO:2000058
Montipora_capitata_HIv3___TS.g48661.t1,GO:2000060
Montipora_capitata_HIv3___TS.g48661.t1,GO:2000112
Montipora_capitata_HIv3___TS.g21346.t1,GO:0000323
Montipora_capitata_HIv3___TS.g21346.t1,GO:0003674
Montipora_capitata_HIv3___TS.g21346.t1,GO:0003824
Montipora_capitata_HIv3___TS.g21346.t1,GO:0004620
Montipora_capitata_HIv3___TS.g21346.t1,GO:0004622
Montipora_capitata_HIv3___TS.g21346.t1,GO:0004623
Montipora_capitata_HIv3___TS.g21346.t1,GO:0005488
Montipora_capitata_HIv3___TS.g21346.t1,GO:0005543
Montipora_capitata_HIv3___TS.g21346.t1,GO:0005575
Montipora_capitata_HIv3___TS.g21346.t1,GO:0005576
Montipora_capitata_HIv3___TS.g21346.t1,GO:0005615
Montipora_capitata_HIv3___TS.g21346.t1,GO:0005622
Montipora_capitata_HIv3___TS.g21346.t1,GO:0005623
Montipora_capitata_HIv3___TS.g21346.t1,GO:0005634
Montipora_capitata_HIv3___TS.g21346.t1,GO:0005654
Montipora_capitata_HIv3___TS.g21346.t1,GO:0005737
Montipora_capitata_HIv3___TS.g21346.t1,GO:0005764
Montipora_capitata_HIv3___TS.g21346.t1,GO:0005773
Montipora_capitata_HIv3___TS.g21346.t1,GO:0006082
Montipora_capitata_HIv3___TS.g21346.t1,GO:0006629
Montipora_capitata_HIv3___TS.g21346.t1,GO:0006631
Montipora_capitata_HIv3___TS.g21346.t1,GO:0006643
Montipora_capitata_HIv3___TS.g21346.t1,GO:0006644
Montipora_capitata_HIv3___TS.g21346.t1,GO:0006650
Montipora_capitata_HIv3___TS.g21346.t1,GO:0006665
Montipora_capitata_HIv3___TS.g21346.t1,GO:0006672
Montipora_capitata_HIv3___TS.g21346.t1,GO:0006793
Montipora_capitata_HIv3___TS.g21346.t1,GO:0006796
Montipora_capitata_HIv3___TS.g21346.t1,GO:0006807
Montipora_capitata_HIv3___TS.g21346.t1,GO:0008150
Montipora_capitata_HIv3___TS.g21346.t1,GO:0008152
Montipora_capitata_HIv3___TS.g21346.t1,GO:0008289
Montipora_capitata_HIv3___TS.g21346.t1,GO:0008374
Montipora_capitata_HIv3___TS.g21346.t1,GO:0009056
Montipora_capitata_HIv3___TS.g21346.t1,GO:0009062
Montipora_capitata_HIv3___TS.g21346.t1,GO:0009395
Montipora_capitata_HIv3___TS.g21346.t1,GO:0009987
Montipora_capitata_HIv3___TS.g21346.t1,GO:0016042
Montipora_capitata_HIv3___TS.g21346.t1,GO:0016054
Montipora_capitata_HIv3___TS.g21346.t1,GO:0016298
Montipora_capitata_HIv3___TS.g21346.t1,GO:0016740
Montipora_capitata_HIv3___TS.g21346.t1,GO:0016746
Montipora_capitata_HIv3___TS.g21346.t1,GO:0016747
Montipora_capitata_HIv3___TS.g21346.t1,GO:0016787
Montipora_capitata_HIv3___TS.g21346.t1,GO:0016788
Montipora_capitata_HIv3___TS.g21346.t1,GO:0019637
Montipora_capitata_HIv3___TS.g21346.t1,GO:0019752
Montipora_capitata_HIv3___TS.g21346.t1,GO:0031974
Montipora_capitata_HIv3___TS.g21346.t1,GO:0031981
Montipora_capitata_HIv3___TS.g21346.t1,GO:0032787
Montipora_capitata_HIv3___TS.g21346.t1,GO:0034638
Montipora_capitata_HIv3___TS.g21346.t1,GO:0034641
Montipora_capitata_HIv3___TS.g21346.t1,GO:0043167
Montipora_capitata_HIv3___TS.g21346.t1,GO:0043168
Montipora_capitata_HIv3___TS.g21346.t1,GO:0043226
Montipora_capitata_HIv3___TS.g21346.t1,GO:0043227
Montipora_capitata_HIv3___TS.g21346.t1,GO:0043229
Montipora_capitata_HIv3___TS.g21346.t1,GO:0043231
Montipora_capitata_HIv3___TS.g21346.t1,GO:0043233
Montipora_capitata_HIv3___TS.g21346.t1,GO:0043436
Montipora_capitata_HIv3___TS.g21346.t1,GO:0043603
Montipora_capitata_HIv3___TS.g21346.t1,GO:0044237
Montipora_capitata_HIv3___TS.g21346.t1,GO:0044238
Montipora_capitata_HIv3___TS.g21346.t1,GO:0044242
Montipora_capitata_HIv3___TS.g21346.t1,GO:0044248
Montipora_capitata_HIv3___TS.g21346.t1,GO:0044255
Montipora_capitata_HIv3___TS.g21346.t1,GO:0044281
Montipora_capitata_HIv3___TS.g21346.t1,GO:0044282
Montipora_capitata_HIv3___TS.g21346.t1,GO:0044421
Montipora_capitata_HIv3___TS.g21346.t1,GO:0044422
Montipora_capitata_HIv3___TS.g21346.t1,GO:0044424
Montipora_capitata_HIv3___TS.g21346.t1,GO:0044428
Montipora_capitata_HIv3___TS.g21346.t1,GO:0044444
Montipora_capitata_HIv3___TS.g21346.t1,GO:0044446
Montipora_capitata_HIv3___TS.g21346.t1,GO:0044464
Montipora_capitata_HIv3___TS.g21346.t1,GO:0046337
Montipora_capitata_HIv3___TS.g21346.t1,GO:0046338
Montipora_capitata_HIv3___TS.g21346.t1,GO:0046395
Montipora_capitata_HIv3___TS.g21346.t1,GO:0046434
Montipora_capitata_HIv3___TS.g21346.t1,GO:0046470
Montipora_capitata_HIv3___TS.g21346.t1,GO:0046475
Montipora_capitata_HIv3___TS.g21346.t1,GO:0046486
Montipora_capitata_HIv3___TS.g21346.t1,GO:0046503
Montipora_capitata_HIv3___TS.g21346.t1,GO:0047499
Montipora_capitata_HIv3___TS.g21346.t1,GO:0052689
Montipora_capitata_HIv3___TS.g21346.t1,GO:0070013
Montipora_capitata_HIv3___TS.g21346.t1,GO:0071704
Montipora_capitata_HIv3___TS.g21346.t1,GO:0072329
Montipora_capitata_HIv3___TS.g21346.t1,GO:0097164
Montipora_capitata_HIv3___TS.g21346.t1,GO:1901564
Montipora_capitata_HIv3___TS.g21346.t1,GO:1901565
Montipora_capitata_HIv3___TS.g21346.t1,GO:1901575
Montipora_capitata_HIv3___TS.g45793.t1b,GO:0003341
Montipora_capitata_HIv3___TS.g45793.t1b,GO:0005575
Montipora_capitata_HIv3___TS.g45793.t1b,GO:0005622
Montipora_capitata_HIv3___TS.g45793.t1b,GO:0005623
Montipora_capitata_HIv3___TS.g45793.t1b,GO:0005737
Montipora_capitata_HIv3___TS.g45793.t1b,GO:0005856
Montipora_capitata_HIv3___TS.g45793.t1b,GO:0005929
Montipora_capitata_HIv3___TS.g45793.t1b,GO:0005930
Montipora_capitata_HIv3___TS.g45793.t1b,GO:0006928
Montipora_capitata_HIv3___TS.g45793.t1b,GO:0006996
Montipora_capitata_HIv3___TS.g45793.t1b,GO:0007017
Montipora_capitata_HIv3___TS.g45793.t1b,GO:0007018
Montipora_capitata_HIv3___TS.g45793.t1b,GO:0008150
Montipora_capitata_HIv3___TS.g45793.t1b,GO:0009987
Montipora_capitata_HIv3___TS.g45793.t1b,GO:0016043
Montipora_capitata_HIv3___TS.g45793.t1b,GO:0030030
Montipora_capitata_HIv3___TS.g45793.t1b,GO:0031514
Montipora_capitata_HIv3___TS.g45793.t1b,GO:0032838
Montipora_capitata_HIv3___TS.g45793.t1b,GO:0042995
Montipora_capitata_HIv3___TS.g45793.t1b,GO:0043226
Montipora_capitata_HIv3___TS.g45793.t1b,GO:0043228
Montipora_capitata_HIv3___TS.g45793.t1b,GO:0043229
Montipora_capitata_HIv3___TS.g45793.t1b,GO:0043232
Montipora_capitata_HIv3___TS.g45793.t1b,GO:0044422
Montipora_capitata_HIv3___TS.g45793.t1b,GO:0044424
Montipora_capitata_HIv3___TS.g45793.t1b,GO:0044430
Montipora_capitata_HIv3___TS.g45793.t1b,GO:0044441
Montipora_capitata_HIv3___TS.g45793.t1b,GO:0044444
Montipora_capitata_HIv3___TS.g45793.t1b,GO:0044446
Montipora_capitata_HIv3___TS.g45793.t1b,GO:0044463
Montipora_capitata_HIv3___TS.g45793.t1b,GO:0044464
Montipora_capitata_HIv3___TS.g45793.t1b,GO:0044782
Montipora_capitata_HIv3___TS.g45793.t1b,GO:0071840
Montipora_capitata_HIv3___TS.g45793.t1b,GO:0097014
Montipora_capitata_HIv3___TS.g45793.t1b,GO:0099568
Montipora_capitata_HIv3___TS.g45793.t1b,GO:0120025
Montipora_capitata_HIv3___TS.g45793.t1b,GO:0120036
Montipora_capitata_HIv3___TS.g45793.t1b,GO:0120038
Montipora_capitata_HIv3___RNAseq.g45000.t1,GO:0000165
Montipora_capitata_HIv3___RNAseq.g45000.t1,GO:0000166
Montipora_capitata_HIv3___RNAseq.g45000.t1,GO:0000278
Montipora_capitata_HIv3___RNAseq.g45000.t1,GO:0000302
Montipora_capitata_HIv3___RNAseq.g45000.t1,GO:0001101
Montipora_capitata_HIv3___RNAseq.g45000.t1,GO:0001932
Montipora_capitata_HIv3___RNAseq.g45000.t1,GO:0001933
Montipora_capitata_HIv3___RNAseq.g45000.t1,GO:0001965
Montipora_capitata_HIv3___RNAseq.g45000.t1,GO:0003674
Montipora_capitata_HIv3___RNAseq.g45000.t1,GO:0003676
Montipora_capitata_HIv3___RNAseq.g45000.t1,GO:0003723
Montipora_capitata_HIv3___RNAseq.g45000.t1,GO:0003824
Montipora_capitata_HIv3___RNAseq.g45000.t1,GO:0004721
Montipora_capitata_HIv3___RNAseq.g45000.t1,GO:0004722
Montipora_capitata_HIv3___RNAseq.g45000.t1,GO:0005488
Montipora_capitata_HIv3___RNAseq.g45000.t1,GO:0005515
Montipora_capitata_HIv3___RNAseq.g45000.t1,GO:0005524
Montipora_capitata_HIv3___RNAseq.g45000.t1,GO:0005575
Montipora_capitata_HIv3___RNAseq.g45000.t1,GO:0005622
Montipora_capitata_HIv3___RNAseq.g45000.t1,GO:0005623
Montipora_capitata_HIv3___RNAseq.g45000.t1,GO:0005634
Montipora_capitata_HIv3___RNAseq.g45000.t1,GO:0005654
Montipora_capitata_HIv3___RNAseq.g45000.t1,GO:0005737
Montipora_capitata_HIv3___RNAseq.g45000.t1,GO:0005819
Montipora_capitata_HIv3___RNAseq.g45000.t1,GO:0005829
Montipora_capitata_HIv3___RNAseq.g45000.t1,GO:0005856
Montipora_capitata_HIv3___RNAseq.g45000.t1,GO:0006139
Montipora_capitata_HIv3___RNAseq.g45000.t1,GO:0006325
Montipora_capitata_HIv3___RNAseq.g45000.t1,GO:0006351
Montipora_capitata_HIv3___RNAseq.g45000.t1,GO:0006464
Montipora_capitata_HIv3___RNAseq.g45000.t1,GO:0006468
Montipora_capitata_HIv3___RNAseq.g45000.t1,GO:0006470
Montipora_capitata_HIv3___RNAseq.g45000.t1,GO:0006725
Montipora_capitata_HIv3___RNAseq.g45000.t1,GO:0006793
Montipora_capitata_HIv3___RNAseq.g45000.t1,GO:0006796
Montipora_capitata_HIv3___RNAseq.g45000.t1,GO:0006807
Montipora_capitata_HIv3___RNAseq.g45000.t1,GO:0006950
Montipora_capitata_HIv3___RNAseq.g45000.t1,GO:0006979
Montipora_capitata_HIv3___RNAseq.g45000.t1,GO:0006996
Montipora_capitata_HIv3___RNAseq.g45000.t1,GO:0007049
Montipora_capitata_HIv3___RNAseq.g45000.t1,GO:0007154
Montipora_capitata_HIv3___RNAseq.g45000.t1,GO:0007165
Montipora_capitata_HIv3___RNAseq.g45000.t1,GO:0008017
Montipora_capitata_HIv3___RNAseq.g45000.t1,GO:0008092
Montipora_capitata_HIv3___RNAseq.g45000.t1,GO:0008104
Montipora_capitata_HIv3___RNAseq.g45000.t1,GO:0008144
Montipora_capitata_HIv3___RNAseq.g45000.t1,GO:0008150
Montipora_capitata_HIv3___RNAseq.g45000.t1,GO:0008152
Montipora_capitata_HIv3___RNAseq.g45000.t1,GO:0009058
Montipora_capitata_HIv3___RNAseq.g45000.t1,GO:0009059
Montipora_capitata_HIv3___RNAseq.g45000.t1,GO:0009410
Montipora_capitata_HIv3___RNAseq.g45000.t1,GO:0009636
Montipora_capitata_HIv3___RNAseq.g45000.t1,GO:0009892
Montipora_capitata_HIv3___RNAseq.g45000.t1,GO:0009966
Montipora_capitata_HIv3___RNAseq.g45000.t1,GO:0009967
Montipora_capitata_HIv3___RNAseq.g45000.t1,GO:0009987
Montipora_capitata_HIv3___RNAseq.g45000.t1,GO:0010033
Montipora_capitata_HIv3___RNAseq.g45000.t1,GO:0010035
Montipora_capitata_HIv3___RNAseq.g45000.t1,GO:0010038
Montipora_capitata_HIv3___RNAseq.g45000.t1,GO:0010243
Montipora_capitata_HIv3___RNAseq.g45000.t1,GO:0010288
Montipora_capitata_HIv3___RNAseq.g45000.t1,GO:0010467
Montipora_capitata_HIv3___RNAseq.g45000.t1,GO:0010563
Montipora_capitata_HIv3___RNAseq.g45000.t1,GO:0010605
Montipora_capitata_HIv3___RNAseq.g45000.t1,GO:0010646
Montipora_capitata_HIv3___RNAseq.g45000.t1,GO:0010647
Montipora_capitata_HIv3___RNAseq.g45000.t1,GO:0010941
Montipora_capitata_HIv3___RNAseq.g45000.t1,GO:0014070
Montipora_capitata_HIv3___RNAseq.g45000.t1,GO:0014072
Montipora_capitata_HIv3___RNAseq.g45000.t1,GO:0015630
Montipora_capitata_HIv3___RNAseq.g45000.t1,GO:0015631
Montipora_capitata_HIv3___RNAseq.g45000.t1,GO:0016043
Montipora_capitata_HIv3___RNAseq.g45000.t1,GO:0016070
Montipora_capitata_HIv3___RNAseq.g45000.t1,GO:0016310
Montipora_capitata_HIv3___RNAseq.g45000.t1,GO:0016311
Montipora_capitata_HIv3___RNAseq.g45000.t1,GO:0016569
Montipora_capitata_HIv3___RNAseq.g45000.t1,GO:0016570
Montipora_capitata_HIv3___RNAseq.g45000.t1,GO:0016576
Montipora_capitata_HIv3___RNAseq.g45000.t1,GO:0016787
Montipora_capitata_HIv3___RNAseq.g45000.t1,GO:0016788
Montipora_capitata_HIv3___RNAseq.g45000.t1,GO:0016791
Montipora_capitata_HIv3___RNAseq.g45000.t1,GO:0017076
Montipora_capitata_HIv3___RNAseq.g45000.t1,GO:0017157
Montipora_capitata_HIv3___RNAseq.g45000.t1,GO:0018130
Montipora_capitata_HIv3___RNAseq.g45000.t1,GO:0019220
Montipora_capitata_HIv3___RNAseq.g45000.t1,GO:0019222
Montipora_capitata_HIv3___RNAseq.g45000.t1,GO:0019438
Montipora_capitata_HIv3___RNAseq.g45000.t1,GO:0019538
Montipora_capitata_HIv3___RNAseq.g45000.t1,GO:0022607
Montipora_capitata_HIv3___RNAseq.g45000.t1,GO:0023014
Montipora_capitata_HIv3___RNAseq.g45000.t1,GO:0023051
Montipora_capitata_HIv3___RNAseq.g45000.t1,GO:0023052
Montipora_capitata_HIv3___RNAseq.g45000.t1,GO:0023056
Montipora_capitata_HIv3___RNAseq.g45000.t1,GO:0030425
Montipora_capitata_HIv3___RNAseq.g45000.t1,GO:0030554
Montipora_capitata_HIv3___RNAseq.g45000.t1,GO:0031072
Montipora_capitata_HIv3___RNAseq.g45000.t1,GO:0031323
Montipora_capitata_HIv3___RNAseq.g45000.t1,GO:0031324
Montipora_capitata_HIv3___RNAseq.g45000.t1,GO:0031399
Montipora_capitata_HIv3___RNAseq.g45000.t1,GO:0031400
Montipora_capitata_HIv3___RNAseq.g45000.t1,GO:0031974
Montipora_capitata_HIv3___RNAseq.g45000.t1,GO:0031981
Montipora_capitata_HIv3___RNAseq.g45000.t1,GO:0032268
Montipora_capitata_HIv3___RNAseq.g45000.t1,GO:0032269
Montipora_capitata_HIv3___RNAseq.g45000.t1,GO:0032553
Montipora_capitata_HIv3___RNAseq.g45000.t1,GO:0032555
Montipora_capitata_HIv3___RNAseq.g45000.t1,GO:0032559
Montipora_capitata_HIv3___RNAseq.g45000.t1,GO:0032774
Montipora_capitata_HIv3___RNAseq.g45000.t1,GO:0032879
Montipora_capitata_HIv3___RNAseq.g45000.t1,GO:0032991
Montipora_capitata_HIv3___RNAseq.g45000.t1,GO:0033036
Montipora_capitata_HIv3___RNAseq.g45000.t1,GO:0033143
Montipora_capitata_HIv3___RNAseq.g45000.t1,GO:0033145
Montipora_capitata_HIv3___RNAseq.g45000.t1,GO:0033365
Montipora_capitata_HIv3___RNAseq.g45000.t1,GO:0033554
Montipora_capitata_HIv3___RNAseq.g45000.t1,GO:0033993
Montipora_capitata_HIv3___RNAseq.g45000.t1,GO:0034599
Montipora_capitata_HIv3___RNAseq.g45000.t1,GO:0034613
Montipora_capitata_HIv3___RNAseq.g45000.t1,GO:0034614
Montipora_capitata_HIv3___RNAseq.g45000.t1,GO:0034641
Montipora_capitata_HIv3___RNAseq.g45000.t1,GO:0034645
Montipora_capitata_HIv3___RNAseq.g45000.t1,GO:0034654
Montipora_capitata_HIv3___RNAseq.g45000.t1,GO:0035556
Montipora_capitata_HIv3___RNAseq.g45000.t1,GO:0035639
Montipora_capitata_HIv3___RNAseq.g45000.t1,GO:0035690
Montipora_capitata_HIv3___RNAseq.g45000.t1,GO:0035970
Montipora_capitata_HIv3___RNAseq.g45000.t1,GO:0036094
Montipora_capitata_HIv3___RNAseq.g45000.t1,GO:0036211
Montipora_capitata_HIv3___RNAseq.g45000.t1,GO:0036477
Montipora_capitata_HIv3___RNAseq.g45000.t1,GO:0042221
Montipora_capitata_HIv3___RNAseq.g45000.t1,GO:0042325
Montipora_capitata_HIv3___RNAseq.g45000.t1,GO:0042326
Montipora_capitata_HIv3___RNAseq.g45000.t1,GO:0042493
Montipora_capitata_HIv3___RNAseq.g45000.t1,GO:0042542
Montipora_capitata_HIv3___RNAseq.g45000.t1,GO:0042578
Montipora_capitata_HIv3___RNAseq.g45000.t1,GO:0042802
Montipora_capitata_HIv3___RNAseq.g45000.t1,GO:0042995
Montipora_capitata_HIv3___RNAseq.g45000.t1,GO:0043005
Montipora_capitata_HIv3___RNAseq.g45000.t1,GO:0043025
Montipora_capitata_HIv3___RNAseq.g45000.t1,GO:0043167
Montipora_capitata_HIv3___RNAseq.g45000.t1,GO:0043168
Montipora_capitata_HIv3___RNAseq.g45000.t1,GO:0043170
Montipora_capitata_HIv3___RNAseq.g45000.t1,GO:0043204
Montipora_capitata_HIv3___RNAseq.g45000.t1,GO:0043226
Montipora_capitata_HIv3___RNAseq.g45000.t1,GO:0043227
Montipora_capitata_HIv3___RNAseq.g45000.t1,GO:0043228
Montipora_capitata_HIv3___RNAseq.g45000.t1,GO:0043229
Montipora_capitata_HIv3___RNAseq.g45000.t1,GO:0043231
Montipora_capitata_HIv3___RNAseq.g45000.t1,GO:0043232
Montipora_capitata_HIv3___RNAseq.g45000.t1,GO:0043233
Montipora_capitata_HIv3___RNAseq.g45000.t1,GO:0043278
Montipora_capitata_HIv3___RNAseq.g45000.t1,GO:0043279
Montipora_capitata_HIv3___RNAseq.g45000.t1,GO:0043412
Montipora_capitata_HIv3___RNAseq.g45000.t1,GO:0043531
Montipora_capitata_HIv3___RNAseq.g45000.t1,GO:0043933
Montipora_capitata_HIv3___RNAseq.g45000.t1,GO:0044085
Montipora_capitata_HIv3___RNAseq.g45000.t1,GO:0044237
Montipora_capitata_HIv3___RNAseq.g45000.t1,GO:0044238
Montipora_capitata_HIv3___RNAseq.g45000.t1,GO:0044249
Montipora_capitata_HIv3___RNAseq.g45000.t1,GO:0044260
Montipora_capitata_HIv3___RNAseq.g45000.t1,GO:0044267
Montipora_capitata_HIv3___RNAseq.g45000.t1,GO:0044271
Montipora_capitata_HIv3___RNAseq.g45000.t1,GO:0044297
Montipora_capitata_HIv3___RNAseq.g45000.t1,GO:0044422
Montipora_capitata_HIv3___RNAseq.g45000.t1,GO:0044424
Montipora_capitata_HIv3___RNAseq.g45000.t1,GO:0044428
Montipora_capitata_HIv3___RNAseq.g45000.t1,GO:0044430
Montipora_capitata_HIv3___RNAseq.g45000.t1,GO:0044444
Montipora_capitata_HIv3___RNAseq.g45000.t1,GO:0044446
Montipora_capitata_HIv3___RNAseq.g45000.t1,GO:0044463
Montipora_capitata_HIv3___RNAseq.g45000.t1,GO:0044464
Montipora_capitata_HIv3___RNAseq.g45000.t1,GO:0045920
Montipora_capitata_HIv3___RNAseq.g45000.t1,GO:0045936
Montipora_capitata_HIv3___RNAseq.g45000.t1,GO:0046483
Montipora_capitata_HIv3___RNAseq.g45000.t1,GO:0046677
Montipora_capitata_HIv3___RNAseq.g45000.t1,GO:0046686
Montipora_capitata_HIv3___RNAseq.g45000.t1,GO:0048518
Montipora_capitata_HIv3___RNAseq.g45000.t1,GO:0048519
Montipora_capitata_HIv3___RNAseq.g45000.t1,GO:0048522
Montipora_capitata_HIv3___RNAseq.g45000.t1,GO:0048523
Montipora_capitata_HIv3___RNAseq.g45000.t1,GO:0048583
Montipora_capitata_HIv3___RNAseq.g45000.t1,GO:0048584
Montipora_capitata_HIv3___RNAseq.g45000.t1,GO:0050789
Montipora_capitata_HIv3___RNAseq.g45000.t1,GO:0050794
Montipora_capitata_HIv3___RNAseq.g45000.t1,GO:0050896
Montipora_capitata_HIv3___RNAseq.g45000.t1,GO:0051046
Montipora_capitata_HIv3___RNAseq.g45000.t1,GO:0051048
Montipora_capitata_HIv3___RNAseq.g45000.t1,GO:0051049
Montipora_capitata_HIv3___RNAseq.g45000.t1,GO:0051051
Montipora_capitata_HIv3___RNAseq.g45000.t1,GO:0051171
Montipora_capitata_HIv3___RNAseq.g45000.t1,GO:0051172
Montipora_capitata_HIv3___RNAseq.g45000.t1,GO:0051174
Montipora_capitata_HIv3___RNAseq.g45000.t1,GO:0051179
Montipora_capitata_HIv3___RNAseq.g45000.t1,GO:0051246
Montipora_capitata_HIv3___RNAseq.g45000.t1,GO:0051248
Montipora_capitata_HIv3___RNAseq.g45000.t1,GO:0051259
Montipora_capitata_HIv3___RNAseq.g45000.t1,GO:0051276
Montipora_capitata_HIv3___RNAseq.g45000.t1,GO:0051291
Montipora_capitata_HIv3___RNAseq.g45000.t1,GO:0051641
Montipora_capitata_HIv3___RNAseq.g45000.t1,GO:0051716
Montipora_capitata_HIv3___RNAseq.g45000.t1,GO:0051879
Montipora_capitata_HIv3___RNAseq.g45000.t1,GO:0060255
Montipora_capitata_HIv3___RNAseq.g45000.t1,GO:0060359
Montipora_capitata_HIv3___RNAseq.g45000.t1,GO:0060548
Montipora_capitata_HIv3___RNAseq.g45000.t1,GO:0060627
Montipora_capitata_HIv3___RNAseq.g45000.t1,GO:0065003
Montipora_capitata_HIv3___RNAseq.g45000.t1,GO:0065007
Montipora_capitata_HIv3___RNAseq.g45000.t1,GO:0070013
Montipora_capitata_HIv3___RNAseq.g45000.t1,GO:0070262
Montipora_capitata_HIv3___RNAseq.g45000.t1,GO:0070301
Montipora_capitata_HIv3___RNAseq.g45000.t1,GO:0070542
Montipora_capitata_HIv3___RNAseq.g45000.t1,GO:0070727
Montipora_capitata_HIv3___RNAseq.g45000.t1,GO:0070887
Montipora_capitata_HIv3___RNAseq.g45000.t1,GO:0071236
Montipora_capitata_HIv3___RNAseq.g45000.t1,GO:0071241
Montipora_capitata_HIv3___RNAseq.g45000.t1,GO:0071248
Montipora_capitata_HIv3___RNAseq.g45000.t1,GO:0071276
Montipora_capitata_HIv3___RNAseq.g45000.t1,GO:0071704
Montipora_capitata_HIv3___RNAseq.g45000.t1,GO:0071840
Montipora_capitata_HIv3___RNAseq.g45000.t1,GO:0071944
Montipora_capitata_HIv3___RNAseq.g45000.t1,GO:0072347
Montipora_capitata_HIv3___RNAseq.g45000.t1,GO:0072686
Montipora_capitata_HIv3___RNAseq.g45000.t1,GO:0080090
Montipora_capitata_HIv3___RNAseq.g45000.t1,GO:0090304
Montipora_capitata_HIv3___RNAseq.g45000.t1,GO:0097159
Montipora_capitata_HIv3___RNAseq.g45000.t1,GO:0097237
Montipora_capitata_HIv3___RNAseq.g45000.t1,GO:0097367
Montipora_capitata_HIv3___RNAseq.g45000.t1,GO:0097447
Montipora_capitata_HIv3___RNAseq.g45000.t1,GO:0097458
Montipora_capitata_HIv3___RNAseq.g45000.t1,GO:0097659
Montipora_capitata_HIv3___RNAseq.g45000.t1,GO:0101031
Montipora_capitata_HIv3___RNAseq.g45000.t1,GO:0120025
Montipora_capitata_HIv3___RNAseq.g45000.t1,GO:0120038
Montipora_capitata_HIv3___RNAseq.g45000.t1,GO:0140096
Montipora_capitata_HIv3___RNAseq.g45000.t1,GO:1901214
Montipora_capitata_HIv3___RNAseq.g45000.t1,GO:1901215
Montipora_capitata_HIv3___RNAseq.g45000.t1,GO:1901265
Montipora_capitata_HIv3___RNAseq.g45000.t1,GO:1901360
Montipora_capitata_HIv3___RNAseq.g45000.t1,GO:1901362
Montipora_capitata_HIv3___RNAseq.g45000.t1,GO:1901363
Montipora_capitata_HIv3___RNAseq.g45000.t1,GO:1901564
Montipora_capitata_HIv3___RNAseq.g45000.t1,GO:1901576
Montipora_capitata_HIv3___RNAseq.g45000.t1,GO:1901698
Montipora_capitata_HIv3___RNAseq.g45000.t1,GO:1901700
Montipora_capitata_HIv3___RNAseq.g45000.t1,GO:1901701
Montipora_capitata_HIv3___RNAseq.g45000.t1,GO:1903530
Montipora_capitata_HIv3___RNAseq.g45000.t1,GO:1903531
Montipora_capitata_HIv3___RNAseq.g45000.t1,GO:1904550
Montipora_capitata_HIv3___RNAseq.g45000.t1,GO:1990635
Montipora_capitata_HIv3___RNAseq.g45000.t1,GO:2000322
Montipora_capitata_HIv3___RNAseq.g45000.t1,GO:2000324
Montipora_capitata_HIv3___TS.g46137.t1a,GO:0000122
Montipora_capitata_HIv3___TS.g46137.t1a,GO:0000578
Montipora_capitata_HIv3___TS.g46137.t1a,GO:0000902
Montipora_capitata_HIv3___TS.g46137.t1a,GO:0000904
Montipora_capitata_HIv3___TS.g46137.t1a,GO:0000976
Montipora_capitata_HIv3___TS.g46137.t1a,GO:0000977
Montipora_capitata_HIv3___TS.g46137.t1a,GO:0000980
Montipora_capitata_HIv3___TS.g46137.t1a,GO:0000981
Montipora_capitata_HIv3___TS.g46137.t1a,GO:0000982
Montipora_capitata_HIv3___TS.g46137.t1a,GO:0001012
Montipora_capitata_HIv3___TS.g46137.t1a,GO:0001067
Montipora_capitata_HIv3___TS.g46137.t1a,GO:0001077
Montipora_capitata_HIv3___TS.g46137.t1a,GO:0001158
Montipora_capitata_HIv3___TS.g46137.t1a,GO:0001228
Montipora_capitata_HIv3___TS.g46137.t1a,GO:0003002
Montipora_capitata_HIv3___TS.g46137.t1a,GO:0003674
Montipora_capitata_HIv3___TS.g46137.t1a,GO:0003676
Montipora_capitata_HIv3___TS.g46137.t1a,GO:0003677
Montipora_capitata_HIv3___TS.g46137.t1a,GO:0003690
Montipora_capitata_HIv3___TS.g46137.t1a,GO:0003700
Montipora_capitata_HIv3___TS.g46137.t1a,GO:0003705
Montipora_capitata_HIv3___TS.g46137.t1a,GO:0005488
Montipora_capitata_HIv3___TS.g46137.t1a,GO:0005575
Montipora_capitata_HIv3___TS.g46137.t1a,GO:0005622
Montipora_capitata_HIv3___TS.g46137.t1a,GO:0005623
Montipora_capitata_HIv3___TS.g46137.t1a,GO:0005634
Montipora_capitata_HIv3___TS.g46137.t1a,GO:0006139
Montipora_capitata_HIv3___TS.g46137.t1a,GO:0006351
Montipora_capitata_HIv3___TS.g46137.t1a,GO:0006355
Montipora_capitata_HIv3___TS.g46137.t1a,GO:0006357
Montipora_capitata_HIv3___TS.g46137.t1a,GO:0006366
Montipora_capitata_HIv3___TS.g46137.t1a,GO:0006725
Montipora_capitata_HIv3___TS.g46137.t1a,GO:0006807
Montipora_capitata_HIv3___TS.g46137.t1a,GO:0006928
Montipora_capitata_HIv3___TS.g46137.t1a,GO:0006935
Montipora_capitata_HIv3___TS.g46137.t1a,GO:0007154
Montipora_capitata_HIv3___TS.g46137.t1a,GO:0007165
Montipora_capitata_HIv3___TS.g46137.t1a,GO:0007166
Montipora_capitata_HIv3___TS.g46137.t1a,GO:0007167
Montipora_capitata_HIv3___TS.g46137.t1a,GO:0007169
Montipora_capitata_HIv3___TS.g46137.t1a,GO:0007275
Montipora_capitata_HIv3___TS.g46137.t1a,GO:0007350
Montipora_capitata_HIv3___TS.g46137.t1a,GO:0007351
Montipora_capitata_HIv3___TS.g46137.t1a,GO:0007354
Montipora_capitata_HIv3___TS.g46137.t1a,GO:0007362
Montipora_capitata_HIv3___TS.g46137.t1a,GO:0007379
Montipora_capitata_HIv3___TS.g46137.t1a,GO:0007380
Montipora_capitata_HIv3___TS.g46137.t1a,GO:0007381
Montipora_capitata_HIv3___TS.g46137.t1a,GO:0007389
Montipora_capitata_HIv3___TS.g46137.t1a,GO:0007399
Montipora_capitata_HIv3___TS.g46137.t1a,GO:0007409
Montipora_capitata_HIv3___TS.g46137.t1a,GO:0007411
Montipora_capitata_HIv3___TS.g46137.t1a,GO:0007431
Montipora_capitata_HIv3___TS.g46137.t1a,GO:0008150
Montipora_capitata_HIv3___TS.g46137.t1a,GO:0008152
Montipora_capitata_HIv3___TS.g46137.t1a,GO:0008293
Montipora_capitata_HIv3___TS.g46137.t1a,GO:0008361
Montipora_capitata_HIv3___TS.g46137.t1a,GO:0008595
Montipora_capitata_HIv3___TS.g46137.t1a,GO:0009058
Montipora_capitata_HIv3___TS.g46137.t1a,GO:0009059
Montipora_capitata_HIv3___TS.g46137.t1a,GO:0009605
Montipora_capitata_HIv3___TS.g46137.t1a,GO:0009653
Montipora_capitata_HIv3___TS.g46137.t1a,GO:0009790
Montipora_capitata_HIv3___TS.g46137.t1a,GO:0009798
Montipora_capitata_HIv3___TS.g46137.t1a,GO:0009880
Montipora_capitata_HIv3___TS.g46137.t1a,GO:0009889
Montipora_capitata_HIv3___TS.g46137.t1a,GO:0009890
Montipora_capitata_HIv3___TS.g46137.t1a,GO:0009891
Montipora_capitata_HIv3___TS.g46137.t1a,GO:0009892
Montipora_capitata_HIv3___TS.g46137.t1a,GO:0009893
Montipora_capitata_HIv3___TS.g46137.t1a,GO:0009948
Montipora_capitata_HIv3___TS.g46137.t1a,GO:0009952
Montipora_capitata_HIv3___TS.g46137.t1a,GO:0009987
Montipora_capitata_HIv3___TS.g46137.t1a,GO:0010467
Montipora_capitata_HIv3___TS.g46137.t1a,GO:0010468
Montipora_capitata_HIv3___TS.g46137.t1a,GO:0010556
Montipora_capitata_HIv3___TS.g46137.t1a,GO:0010557
Montipora_capitata_HIv3___TS.g46137.t1a,GO:0010558
Montipora_capitata_HIv3___TS.g46137.t1a,GO:0010604
Montipora_capitata_HIv3___TS.g46137.t1a,GO:0010605
Montipora_capitata_HIv3___TS.g46137.t1a,GO:0010628
Montipora_capitata_HIv3___TS.g46137.t1a,GO:0010629
Montipora_capitata_HIv3___TS.g46137.t1a,GO:0016043
Montipora_capitata_HIv3___TS.g46137.t1a,GO:0016070
Montipora_capitata_HIv3___TS.g46137.t1a,GO:0018130
Montipora_capitata_HIv3___TS.g46137.t1a,GO:0019219
Montipora_capitata_HIv3___TS.g46137.t1a,GO:0019222
Montipora_capitata_HIv3___TS.g46137.t1a,GO:0019438
Montipora_capitata_HIv3___TS.g46137.t1a,GO:0022008
Montipora_capitata_HIv3___TS.g46137.t1a,GO:0023052
Montipora_capitata_HIv3___TS.g46137.t1a,GO:0030030
Montipora_capitata_HIv3___TS.g46137.t1a,GO:0030154
Montipora_capitata_HIv3___TS.g46137.t1a,GO:0030182
Montipora_capitata_HIv3___TS.g46137.t1a,GO:0031175
Montipora_capitata_HIv3___TS.g46137.t1a,GO:0031323
Montipora_capitata_HIv3___TS.g46137.t1a,GO:0031324
Montipora_capitata_HIv3___TS.g46137.t1a,GO:0031325
Montipora_capitata_HIv3___TS.g46137.t1a,GO:0031326
Montipora_capitata_HIv3___TS.g46137.t1a,GO:0031327
Montipora_capitata_HIv3___TS.g46137.t1a,GO:0031328
Montipora_capitata_HIv3___TS.g46137.t1a,GO:0032501
Montipora_capitata_HIv3___TS.g46137.t1a,GO:0032502
Montipora_capitata_HIv3___TS.g46137.t1a,GO:0032535
Montipora_capitata_HIv3___TS.g46137.t1a,GO:0032774
Montipora_capitata_HIv3___TS.g46137.t1a,GO:0032989
Montipora_capitata_HIv3___TS.g46137.t1a,GO:0032990
Montipora_capitata_HIv3___TS.g46137.t1a,GO:0034641
Montipora_capitata_HIv3___TS.g46137.t1a,GO:0034645
Montipora_capitata_HIv3___TS.g46137.t1a,GO:0034654
Montipora_capitata_HIv3___TS.g46137.t1a,GO:0035270
Montipora_capitata_HIv3___TS.g46137.t1a,GO:0035271
Montipora_capitata_HIv3___TS.g46137.t1a,GO:0035272
Montipora_capitata_HIv3___TS.g46137.t1a,GO:0035282
Montipora_capitata_HIv3___TS.g46137.t1a,GO:0035287
Montipora_capitata_HIv3___TS.g46137.t1a,GO:0035289
Montipora_capitata_HIv3___TS.g46137.t1a,GO:0035326
Montipora_capitata_HIv3___TS.g46137.t1a,GO:0040008
Montipora_capitata_HIv3___TS.g46137.t1a,GO:0040011
Montipora_capitata_HIv3___TS.g46137.t1a,GO:0040014
Montipora_capitata_HIv3___TS.g46137.t1a,GO:0040015
Montipora_capitata_HIv3___TS.g46137.t1a,GO:0042221
Montipora_capitata_HIv3___TS.g46137.t1a,GO:0042330
Montipora_capitata_HIv3___TS.g46137.t1a,GO:0043170
Montipora_capitata_HIv3___TS.g46137.t1a,GO:0043226
Montipora_capitata_HIv3___TS.g46137.t1a,GO:0043227
Montipora_capitata_HIv3___TS.g46137.t1a,GO:0043229
Montipora_capitata_HIv3___TS.g46137.t1a,GO:0043231
Montipora_capitata_HIv3___TS.g46137.t1a,GO:0043565
Montipora_capitata_HIv3___TS.g46137.t1a,GO:0044212
Montipora_capitata_HIv3___TS.g46137.t1a,GO:0044237
Montipora_capitata_HIv3___TS.g46137.t1a,GO:0044238
Montipora_capitata_HIv3___TS.g46137.t1a,GO:0044249
Montipora_capitata_HIv3___TS.g46137.t1a,GO:0044260
Montipora_capitata_HIv3___TS.g46137.t1a,GO:0044271
Montipora_capitata_HIv3___TS.g46137.t1a,GO:0044324
Montipora_capitata_HIv3___TS.g46137.t1a,GO:0044424
Montipora_capitata_HIv3___TS.g46137.t1a,GO:0044464
Montipora_capitata_HIv3___TS.g46137.t1a,GO:0045892
Montipora_capitata_HIv3___TS.g46137.t1a,GO:0045893
Montipora_capitata_HIv3___TS.g46137.t1a,GO:0045926
Montipora_capitata_HIv3___TS.g46137.t1a,GO:0045934
Montipora_capitata_HIv3___TS.g46137.t1a,GO:0045935
Montipora_capitata_HIv3___TS.g46137.t1a,GO:0045944
Montipora_capitata_HIv3___TS.g46137.t1a,GO:0046483
Montipora_capitata_HIv3___TS.g46137.t1a,GO:0048468
Montipora_capitata_HIv3___TS.g46137.t1a,GO:0048513
Montipora_capitata_HIv3___TS.g46137.t1a,GO:0048518
Montipora_capitata_HIv3___TS.g46137.t1a,GO:0048519
Montipora_capitata_HIv3___TS.g46137.t1a,GO:0048522
Montipora_capitata_HIv3___TS.g46137.t1a,GO:0048523
Montipora_capitata_HIv3___TS.g46137.t1a,GO:0048638
Montipora_capitata_HIv3___TS.g46137.t1a,GO:0048640
Montipora_capitata_HIv3___TS.g46137.t1a,GO:0048666
Montipora_capitata_HIv3___TS.g46137.t1a,GO:0048667
Montipora_capitata_HIv3___TS.g46137.t1a,GO:0048699
Montipora_capitata_HIv3___TS.g46137.t1a,GO:0048731
Montipora_capitata_HIv3___TS.g46137.t1a,GO:0048732
Montipora_capitata_HIv3___TS.g46137.t1a,GO:0048812
Montipora_capitata_HIv3___TS.g46137.t1a,GO:0048856
Montipora_capitata_HIv3___TS.g46137.t1a,GO:0048858
Montipora_capitata_HIv3___TS.g46137.t1a,GO:0048869
Montipora_capitata_HIv3___TS.g46137.t1a,GO:0050789
Montipora_capitata_HIv3___TS.g46137.t1a,GO:0050793
Montipora_capitata_HIv3___TS.g46137.t1a,GO:0050794
Montipora_capitata_HIv3___TS.g46137.t1a,GO:0050896
Montipora_capitata_HIv3___TS.g46137.t1a,GO:0051093
Montipora_capitata_HIv3___TS.g46137.t1a,GO:0051171
Montipora_capitata_HIv3___TS.g46137.t1a,GO:0051172
Montipora_capitata_HIv3___TS.g46137.t1a,GO:0051173
Montipora_capitata_HIv3___TS.g46137.t1a,GO:0051239
Montipora_capitata_HIv3___TS.g46137.t1a,GO:0051241
Montipora_capitata_HIv3___TS.g46137.t1a,GO:0051252
Montipora_capitata_HIv3___TS.g46137.t1a,GO:0051253
Montipora_capitata_HIv3___TS.g46137.t1a,GO:0051254
Montipora_capitata_HIv3___TS.g46137.t1a,GO:0051716
Montipora_capitata_HIv3___TS.g46137.t1a,GO:0060255
Montipora_capitata_HIv3___TS.g46137.t1a,GO:0060322
Montipora_capitata_HIv3___TS.g46137.t1a,GO:0061564
Montipora_capitata_HIv3___TS.g46137.t1a,GO:0065007
Montipora_capitata_HIv3___TS.g46137.t1a,GO:0065008
Montipora_capitata_HIv3___TS.g46137.t1a,GO:0071704
Montipora_capitata_HIv3___TS.g46137.t1a,GO:0071840
Montipora_capitata_HIv3___TS.g46137.t1a,GO:0080090
Montipora_capitata_HIv3___TS.g46137.t1a,GO:0090066
Montipora_capitata_HIv3___TS.g46137.t1a,GO:0090304
Montipora_capitata_HIv3___TS.g46137.t1a,GO:0097159
Montipora_capitata_HIv3___TS.g46137.t1a,GO:0097485
Montipora_capitata_HIv3___TS.g46137.t1a,GO:0097659
Montipora_capitata_HIv3___TS.g46137.t1a,GO:0120036
Montipora_capitata_HIv3___TS.g46137.t1a,GO:0120039
Montipora_capitata_HIv3___TS.g46137.t1a,GO:0140110
Montipora_capitata_HIv3___TS.g46137.t1a,GO:1901360
Montipora_capitata_HIv3___TS.g46137.t1a,GO:1901362
Montipora_capitata_HIv3___TS.g46137.t1a,GO:1901363
Montipora_capitata_HIv3___TS.g46137.t1a,GO:1901576
Montipora_capitata_HIv3___TS.g46137.t1a,GO:1902679
Montipora_capitata_HIv3___TS.g46137.t1a,GO:1902680
Montipora_capitata_HIv3___TS.g46137.t1a,GO:1903506
Montipora_capitata_HIv3___TS.g46137.t1a,GO:1903507
Montipora_capitata_HIv3___TS.g46137.t1a,GO:1903508
Montipora_capitata_HIv3___TS.g46137.t1a,GO:1990837
Montipora_capitata_HIv3___TS.g46137.t1a,GO:2000112
Montipora_capitata_HIv3___TS.g46137.t1a,GO:2000113
Montipora_capitata_HIv3___TS.g46137.t1a,GO:2001141
Montipora_capitata_HIv3___RNAseq.g19088.t1,GO:0000323
Montipora_capitata_HIv3___RNAseq.g19088.t1,GO:0001959
Montipora_capitata_HIv3___RNAseq.g19088.t1,GO:0002682
Montipora_capitata_HIv3___RNAseq.g19088.t1,GO:0003674
Montipora_capitata_HIv3___RNAseq.g19088.t1,GO:0003824
Montipora_capitata_HIv3___RNAseq.g19088.t1,GO:0004175
Montipora_capitata_HIv3___RNAseq.g19088.t1,GO:0004190
Montipora_capitata_HIv3___RNAseq.g19088.t1,GO:0005488
Montipora_capitata_HIv3___RNAseq.g19088.t1,GO:0005515
Montipora_capitata_HIv3___RNAseq.g19088.t1,GO:0005575
Montipora_capitata_HIv3___RNAseq.g19088.t1,GO:0005622
Montipora_capitata_HIv3___RNAseq.g19088.t1,GO:0005623
Montipora_capitata_HIv3___RNAseq.g19088.t1,GO:0005634
Montipora_capitata_HIv3___RNAseq.g19088.t1,GO:0005654
Montipora_capitata_HIv3___RNAseq.g19088.t1,GO:0005737
Montipora_capitata_HIv3___RNAseq.g19088.t1,GO:0005764
Montipora_capitata_HIv3___RNAseq.g19088.t1,GO:0005765
Montipora_capitata_HIv3___RNAseq.g19088.t1,GO:0005768
Montipora_capitata_HIv3___RNAseq.g19088.t1,GO:0005770
Montipora_capitata_HIv3___RNAseq.g19088.t1,GO:0005773
Montipora_capitata_HIv3___RNAseq.g19088.t1,GO:0005774
Montipora_capitata_HIv3___RNAseq.g19088.t1,GO:0005783
Montipora_capitata_HIv3___RNAseq.g19088.t1,GO:0005789
Montipora_capitata_HIv3___RNAseq.g19088.t1,GO:0005798
Montipora_capitata_HIv3___RNAseq.g19088.t1,GO:0005813
Montipora_capitata_HIv3___RNAseq.g19088.t1,GO:0005815
Montipora_capitata_HIv3___RNAseq.g19088.t1,GO:0005856
Montipora_capitata_HIv3___RNAseq.g19088.t1,GO:0005886
Montipora_capitata_HIv3___RNAseq.g19088.t1,GO:0006508
Montipora_capitata_HIv3___RNAseq.g19088.t1,GO:0006509
Montipora_capitata_HIv3___RNAseq.g19088.t1,GO:0006807
Montipora_capitata_HIv3___RNAseq.g19088.t1,GO:0008150
Montipora_capitata_HIv3___RNAseq.g19088.t1,GO:0008152
Montipora_capitata_HIv3___RNAseq.g19088.t1,GO:0008233
Montipora_capitata_HIv3___RNAseq.g19088.t1,GO:0009966
Montipora_capitata_HIv3___RNAseq.g19088.t1,GO:0010008
Montipora_capitata_HIv3___RNAseq.g19088.t1,GO:0010646
Montipora_capitata_HIv3___RNAseq.g19088.t1,GO:0010803
Montipora_capitata_HIv3___RNAseq.g19088.t1,GO:0012505
Montipora_capitata_HIv3___RNAseq.g19088.t1,GO:0015629
Montipora_capitata_HIv3___RNAseq.g19088.t1,GO:0015630
Montipora_capitata_HIv3___RNAseq.g19088.t1,GO:0016020
Montipora_capitata_HIv3___RNAseq.g19088.t1,GO:0016021
Montipora_capitata_HIv3___RNAseq.g19088.t1,GO:0016787
Montipora_capitata_HIv3___RNAseq.g19088.t1,GO:0019538
Montipora_capitata_HIv3___RNAseq.g19088.t1,GO:0023051
Montipora_capitata_HIv3___RNAseq.g19088.t1,GO:0030176
Montipora_capitata_HIv3___RNAseq.g19088.t1,GO:0030660
Montipora_capitata_HIv3___RNAseq.g19088.t1,GO:0031090
Montipora_capitata_HIv3___RNAseq.g19088.t1,GO:0031224
Montipora_capitata_HIv3___RNAseq.g19088.t1,GO:0031227
Montipora_capitata_HIv3___RNAseq.g19088.t1,GO:0031293
Montipora_capitata_HIv3___RNAseq.g19088.t1,GO:0031410
Montipora_capitata_HIv3___RNAseq.g19088.t1,GO:0031902
Montipora_capitata_HIv3___RNAseq.g19088.t1,GO:0031974
Montipora_capitata_HIv3___RNAseq.g19088.t1,GO:0031981
Montipora_capitata_HIv3___RNAseq.g19088.t1,GO:0031982
Montipora_capitata_HIv3___RNAseq.g19088.t1,GO:0031984
Montipora_capitata_HIv3___RNAseq.g19088.t1,GO:0033619
Montipora_capitata_HIv3___RNAseq.g19088.t1,GO:0042175
Montipora_capitata_HIv3___RNAseq.g19088.t1,GO:0042500
Montipora_capitata_HIv3___RNAseq.g19088.t1,GO:0042802
Montipora_capitata_HIv3___RNAseq.g19088.t1,GO:0042803
Montipora_capitata_HIv3___RNAseq.g19088.t1,GO:0043170
Montipora_capitata_HIv3___RNAseq.g19088.t1,GO:0043226
Montipora_capitata_HIv3___RNAseq.g19088.t1,GO:0043227
Montipora_capitata_HIv3___RNAseq.g19088.t1,GO:0043228
Montipora_capitata_HIv3___RNAseq.g19088.t1,GO:0043229
Montipora_capitata_HIv3___RNAseq.g19088.t1,GO:0043231
Montipora_capitata_HIv3___RNAseq.g19088.t1,GO:0043232
Montipora_capitata_HIv3___RNAseq.g19088.t1,GO:0043233
Montipora_capitata_HIv3___RNAseq.g19088.t1,GO:0044238
Montipora_capitata_HIv3___RNAseq.g19088.t1,GO:0044422
Montipora_capitata_HIv3___RNAseq.g19088.t1,GO:0044424
Montipora_capitata_HIv3___RNAseq.g19088.t1,GO:0044425
Montipora_capitata_HIv3___RNAseq.g19088.t1,GO:0044428
Montipora_capitata_HIv3___RNAseq.g19088.t1,GO:0044430
Montipora_capitata_HIv3___RNAseq.g19088.t1,GO:0044432
Montipora_capitata_HIv3___RNAseq.g19088.t1,GO:0044433
Montipora_capitata_HIv3___RNAseq.g19088.t1,GO:0044437
Montipora_capitata_HIv3___RNAseq.g19088.t1,GO:0044440
Montipora_capitata_HIv3___RNAseq.g19088.t1,GO:0044444
Montipora_capitata_HIv3___RNAseq.g19088.t1,GO:0044446
Montipora_capitata_HIv3___RNAseq.g19088.t1,GO:0044464
Montipora_capitata_HIv3___RNAseq.g19088.t1,GO:0046983
Montipora_capitata_HIv3___RNAseq.g19088.t1,GO:0048583
Montipora_capitata_HIv3___RNAseq.g19088.t1,GO:0050776
Montipora_capitata_HIv3___RNAseq.g19088.t1,GO:0050789
Montipora_capitata_HIv3___RNAseq.g19088.t1,GO:0050794
Montipora_capitata_HIv3___RNAseq.g19088.t1,GO:0060759
Montipora_capitata_HIv3___RNAseq.g19088.t1,GO:0065007
Montipora_capitata_HIv3___RNAseq.g19088.t1,GO:0070001
Montipora_capitata_HIv3___RNAseq.g19088.t1,GO:0070011
Montipora_capitata_HIv3___RNAseq.g19088.t1,GO:0070013
Montipora_capitata_HIv3___RNAseq.g19088.t1,GO:0071458
Montipora_capitata_HIv3___RNAseq.g19088.t1,GO:0071556
Montipora_capitata_HIv3___RNAseq.g19088.t1,GO:0071704
Montipora_capitata_HIv3___RNAseq.g19088.t1,GO:0071944
Montipora_capitata_HIv3___RNAseq.g19088.t1,GO:0097708
Montipora_capitata_HIv3___RNAseq.g19088.t1,GO:0098552
Montipora_capitata_HIv3___RNAseq.g19088.t1,GO:0098553
Montipora_capitata_HIv3___RNAseq.g19088.t1,GO:0098554
Montipora_capitata_HIv3___RNAseq.g19088.t1,GO:0098562
Montipora_capitata_HIv3___RNAseq.g19088.t1,GO:0098588
Montipora_capitata_HIv3___RNAseq.g19088.t1,GO:0098805
Montipora_capitata_HIv3___RNAseq.g19088.t1,GO:0098827
Montipora_capitata_HIv3___RNAseq.g19088.t1,GO:0098852
Montipora_capitata_HIv3___RNAseq.g19088.t1,GO:0140096
Montipora_capitata_HIv3___RNAseq.g19088.t1,GO:1901564
Montipora_capitata_HIv3___RNAseq.g20824.t1a,GO:0003674
Montipora_capitata_HIv3___RNAseq.g20824.t1a,GO:0005488
Montipora_capitata_HIv3___RNAseq.g20824.t1a,GO:0005509
Montipora_capitata_HIv3___RNAseq.g20824.t1a,GO:0005575
Montipora_capitata_HIv3___RNAseq.g20824.t1a,GO:0005622
Montipora_capitata_HIv3___RNAseq.g20824.t1a,GO:0005623
Montipora_capitata_HIv3___RNAseq.g20824.t1a,GO:0005634
Montipora_capitata_HIv3___RNAseq.g20824.t1a,GO:0005654
Montipora_capitata_HIv3___RNAseq.g20824.t1a,GO:0031974
Montipora_capitata_HIv3___RNAseq.g20824.t1a,GO:0031981
Montipora_capitata_HIv3___RNAseq.g20824.t1a,GO:0043167
Montipora_capitata_HIv3___RNAseq.g20824.t1a,GO:0043169
Montipora_capitata_HIv3___RNAseq.g20824.t1a,GO:0043226
Montipora_capitata_HIv3___RNAseq.g20824.t1a,GO:0043227
Montipora_capitata_HIv3___RNAseq.g20824.t1a,GO:0043229
Montipora_capitata_HIv3___RNAseq.g20824.t1a,GO:0043231
Montipora_capitata_HIv3___RNAseq.g20824.t1a,GO:0043233
Montipora_capitata_HIv3___RNAseq.g20824.t1a,GO:0044422
Montipora_capitata_HIv3___RNAseq.g20824.t1a,GO:0044424
Montipora_capitata_HIv3___RNAseq.g20824.t1a,GO:0044428
Montipora_capitata_HIv3___RNAseq.g20824.t1a,GO:0044446
Montipora_capitata_HIv3___RNAseq.g20824.t1a,GO:0044464
Montipora_capitata_HIv3___RNAseq.g20824.t1a,GO:0046872
Montipora_capitata_HIv3___RNAseq.g20824.t1a,GO:0070013
Montipora_capitata_HIv3___RNAseq.g22859.t1,GO:0000018
Montipora_capitata_HIv3___RNAseq.g22859.t1,GO:0000160
Montipora_capitata_HIv3___RNAseq.g22859.t1,GO:0000428
Montipora_capitata_HIv3___RNAseq.g22859.t1,GO:0003674
Montipora_capitata_HIv3___RNAseq.g22859.t1,GO:0003712
Montipora_capitata_HIv3___RNAseq.g22859.t1,GO:0003713
Montipora_capitata_HIv3___RNAseq.g22859.t1,GO:0005102
Montipora_capitata_HIv3___RNAseq.g22859.t1,GO:0005198
Montipora_capitata_HIv3___RNAseq.g22859.t1,GO:0005488
Montipora_capitata_HIv3___RNAseq.g22859.t1,GO:0005515
Montipora_capitata_HIv3___RNAseq.g22859.t1,GO:0005575
Montipora_capitata_HIv3___RNAseq.g22859.t1,GO:0005622
Montipora_capitata_HIv3___RNAseq.g22859.t1,GO:0005623
Montipora_capitata_HIv3___RNAseq.g22859.t1,GO:0005634
Montipora_capitata_HIv3___RNAseq.g22859.t1,GO:0005654
Montipora_capitata_HIv3___RNAseq.g22859.t1,GO:0005667
Montipora_capitata_HIv3___RNAseq.g22859.t1,GO:0005675
Montipora_capitata_HIv3___RNAseq.g22859.t1,GO:0005737
Montipora_capitata_HIv3___RNAseq.g22859.t1,GO:0005819
Montipora_capitata_HIv3___RNAseq.g22859.t1,GO:0005829
Montipora_capitata_HIv3___RNAseq.g22859.t1,GO:0005856
Montipora_capitata_HIv3___RNAseq.g22859.t1,GO:0006139
Montipora_capitata_HIv3___RNAseq.g22859.t1,GO:0006259
Montipora_capitata_HIv3___RNAseq.g22859.t1,GO:0006281
Montipora_capitata_HIv3___RNAseq.g22859.t1,GO:0006282
Montipora_capitata_HIv3___RNAseq.g22859.t1,GO:0006289
Montipora_capitata_HIv3___RNAseq.g22859.t1,GO:0006351
Montipora_capitata_HIv3___RNAseq.g22859.t1,GO:0006355
Montipora_capitata_HIv3___RNAseq.g22859.t1,GO:0006725
Montipora_capitata_HIv3___RNAseq.g22859.t1,GO:0006790
Montipora_capitata_HIv3___RNAseq.g22859.t1,GO:0006807
Montipora_capitata_HIv3___RNAseq.g22859.t1,GO:0006950
Montipora_capitata_HIv3___RNAseq.g22859.t1,GO:0006974
Montipora_capitata_HIv3___RNAseq.g22859.t1,GO:0007059
Montipora_capitata_HIv3___RNAseq.g22859.t1,GO:0007154
Montipora_capitata_HIv3___RNAseq.g22859.t1,GO:0007165
Montipora_capitata_HIv3___RNAseq.g22859.t1,GO:0008134
Montipora_capitata_HIv3___RNAseq.g22859.t1,GO:0008150
Montipora_capitata_HIv3___RNAseq.g22859.t1,GO:0008152
Montipora_capitata_HIv3___RNAseq.g22859.t1,GO:0009058
Montipora_capitata_HIv3___RNAseq.g22859.t1,GO:0009059
Montipora_capitata_HIv3___RNAseq.g22859.t1,GO:0009719
Montipora_capitata_HIv3___RNAseq.g22859.t1,GO:0009725
Montipora_capitata_HIv3___RNAseq.g22859.t1,GO:0009889
Montipora_capitata_HIv3___RNAseq.g22859.t1,GO:0009891
Montipora_capitata_HIv3___RNAseq.g22859.t1,GO:0009893
Montipora_capitata_HIv3___RNAseq.g22859.t1,GO:0009987
Montipora_capitata_HIv3___RNAseq.g22859.t1,GO:0010033
Montipora_capitata_HIv3___RNAseq.g22859.t1,GO:0010467
Montipora_capitata_HIv3___RNAseq.g22859.t1,GO:0010468
Montipora_capitata_HIv3___RNAseq.g22859.t1,GO:0010556
Montipora_capitata_HIv3___RNAseq.g22859.t1,GO:0010557
Montipora_capitata_HIv3___RNAseq.g22859.t1,GO:0010569
Montipora_capitata_HIv3___RNAseq.g22859.t1,GO:0010604
Montipora_capitata_HIv3___RNAseq.g22859.t1,GO:0010628
Montipora_capitata_HIv3___RNAseq.g22859.t1,GO:0015630
Montipora_capitata_HIv3___RNAseq.g22859.t1,GO:0016043
Montipora_capitata_HIv3___RNAseq.g22859.t1,GO:0016070
Montipora_capitata_HIv3___RNAseq.g22859.t1,GO:0016226
Montipora_capitata_HIv3___RNAseq.g22859.t1,GO:0016591
Montipora_capitata_HIv3___RNAseq.g22859.t1,GO:0018130
Montipora_capitata_HIv3___RNAseq.g22859.t1,GO:0019219
Montipora_capitata_HIv3___RNAseq.g22859.t1,GO:0019222
Montipora_capitata_HIv3___RNAseq.g22859.t1,GO:0019438
Montipora_capitata_HIv3___RNAseq.g22859.t1,GO:0019538
Montipora_capitata_HIv3___RNAseq.g22859.t1,GO:0019899
Montipora_capitata_HIv3___RNAseq.g22859.t1,GO:0022607
Montipora_capitata_HIv3___RNAseq.g22859.t1,GO:0023052
Montipora_capitata_HIv3___RNAseq.g22859.t1,GO:0030159
Montipora_capitata_HIv3___RNAseq.g22859.t1,GO:0030331
Montipora_capitata_HIv3___RNAseq.g22859.t1,GO:0030674
Montipora_capitata_HIv3___RNAseq.g22859.t1,GO:0030880
Montipora_capitata_HIv3___RNAseq.g22859.t1,GO:0031163
Montipora_capitata_HIv3___RNAseq.g22859.t1,GO:0031323
Montipora_capitata_HIv3___RNAseq.g22859.t1,GO:0031325
Montipora_capitata_HIv3___RNAseq.g22859.t1,GO:0031326
Montipora_capitata_HIv3___RNAseq.g22859.t1,GO:0031328
Montipora_capitata_HIv3___RNAseq.g22859.t1,GO:0031974
Montipora_capitata_HIv3___RNAseq.g22859.t1,GO:0031981
Montipora_capitata_HIv3___RNAseq.g22859.t1,GO:0032774
Montipora_capitata_HIv3___RNAseq.g22859.t1,GO:0032806
Montipora_capitata_HIv3___RNAseq.g22859.t1,GO:0032947
Montipora_capitata_HIv3___RNAseq.g22859.t1,GO:0032991
Montipora_capitata_HIv3___RNAseq.g22859.t1,GO:0033554
Montipora_capitata_HIv3___RNAseq.g22859.t1,GO:0034641
Montipora_capitata_HIv3___RNAseq.g22859.t1,GO:0034645
Montipora_capitata_HIv3___RNAseq.g22859.t1,GO:0034654
Montipora_capitata_HIv3___RNAseq.g22859.t1,GO:0035257
Montipora_capitata_HIv3___RNAseq.g22859.t1,GO:0035258
Montipora_capitata_HIv3___RNAseq.g22859.t1,GO:0035556
Montipora_capitata_HIv3___RNAseq.g22859.t1,GO:0042221
Montipora_capitata_HIv3___RNAseq.g22859.t1,GO:0043170
Montipora_capitata_HIv3___RNAseq.g22859.t1,GO:0043226
Montipora_capitata_HIv3___RNAseq.g22859.t1,GO:0043227
Montipora_capitata_HIv3___RNAseq.g22859.t1,GO:0043228
Montipora_capitata_HIv3___RNAseq.g22859.t1,GO:0043229
Montipora_capitata_HIv3___RNAseq.g22859.t1,GO:0043231
Montipora_capitata_HIv3___RNAseq.g22859.t1,GO:0043232
Montipora_capitata_HIv3___RNAseq.g22859.t1,GO:0043233
Montipora_capitata_HIv3___RNAseq.g22859.t1,GO:0044085
Montipora_capitata_HIv3___RNAseq.g22859.t1,GO:0044237
Montipora_capitata_HIv3___RNAseq.g22859.t1,GO:0044238
Montipora_capitata_HIv3___RNAseq.g22859.t1,GO:0044249
Montipora_capitata_HIv3___RNAseq.g22859.t1,GO:0044260
Montipora_capitata_HIv3___RNAseq.g22859.t1,GO:0044271
Montipora_capitata_HIv3___RNAseq.g22859.t1,GO:0044422
Montipora_capitata_HIv3___RNAseq.g22859.t1,GO:0044424
Montipora_capitata_HIv3___RNAseq.g22859.t1,GO:0044428
Montipora_capitata_HIv3___RNAseq.g22859.t1,GO:0044430
Montipora_capitata_HIv3___RNAseq.g22859.t1,GO:0044444
Montipora_capitata_HIv3___RNAseq.g22859.t1,GO:0044445
Montipora_capitata_HIv3___RNAseq.g22859.t1,GO:0044446
Montipora_capitata_HIv3___RNAseq.g22859.t1,GO:0044451
Montipora_capitata_HIv3___RNAseq.g22859.t1,GO:0044464
Montipora_capitata_HIv3___RNAseq.g22859.t1,GO:0044798
Montipora_capitata_HIv3___RNAseq.g22859.t1,GO:0045739
Montipora_capitata_HIv3___RNAseq.g22859.t1,GO:0045893
Montipora_capitata_HIv3___RNAseq.g22859.t1,GO:0045911
Montipora_capitata_HIv3___RNAseq.g22859.t1,GO:0045935
Montipora_capitata_HIv3___RNAseq.g22859.t1,GO:0046483
Montipora_capitata_HIv3___RNAseq.g22859.t1,GO:0048518
Montipora_capitata_HIv3___RNAseq.g22859.t1,GO:0048522
Montipora_capitata_HIv3___RNAseq.g22859.t1,GO:0048583
Montipora_capitata_HIv3___RNAseq.g22859.t1,GO:0048584
Montipora_capitata_HIv3___RNAseq.g22859.t1,GO:0050789
Montipora_capitata_HIv3___RNAseq.g22859.t1,GO:0050794
Montipora_capitata_HIv3___RNAseq.g22859.t1,GO:0050896
Montipora_capitata_HIv3___RNAseq.g22859.t1,GO:0051052
Montipora_capitata_HIv3___RNAseq.g22859.t1,GO:0051054
Montipora_capitata_HIv3___RNAseq.g22859.t1,GO:0051171
Montipora_capitata_HIv3___RNAseq.g22859.t1,GO:0051173
Montipora_capitata_HIv3___RNAseq.g22859.t1,GO:0051186
Montipora_capitata_HIv3___RNAseq.g22859.t1,GO:0051252
Montipora_capitata_HIv3___RNAseq.g22859.t1,GO:0051254
Montipora_capitata_HIv3___RNAseq.g22859.t1,GO:0051427
Montipora_capitata_HIv3___RNAseq.g22859.t1,GO:0051604
Montipora_capitata_HIv3___RNAseq.g22859.t1,GO:0051716
Montipora_capitata_HIv3___RNAseq.g22859.t1,GO:0055029
Montipora_capitata_HIv3___RNAseq.g22859.t1,GO:0060090
Montipora_capitata_HIv3___RNAseq.g22859.t1,GO:0060255
Montipora_capitata_HIv3___RNAseq.g22859.t1,GO:0061695
Montipora_capitata_HIv3___RNAseq.g22859.t1,GO:0065007
Montipora_capitata_HIv3___RNAseq.g22859.t1,GO:0070013
Montipora_capitata_HIv3___RNAseq.g22859.t1,GO:0071704
Montipora_capitata_HIv3___RNAseq.g22859.t1,GO:0071817
Montipora_capitata_HIv3___RNAseq.g22859.t1,GO:0071840
Montipora_capitata_HIv3___RNAseq.g22859.t1,GO:0080090
Montipora_capitata_HIv3___RNAseq.g22859.t1,GO:0080134
Montipora_capitata_HIv3___RNAseq.g22859.t1,GO:0080135
Montipora_capitata_HIv3___RNAseq.g22859.t1,GO:0090304
Montipora_capitata_HIv3___RNAseq.g22859.t1,GO:0090575
Montipora_capitata_HIv3___RNAseq.g22859.t1,GO:0097361
Montipora_capitata_HIv3___RNAseq.g22859.t1,GO:0097428
Montipora_capitata_HIv3___RNAseq.g22859.t1,GO:0097659
Montipora_capitata_HIv3___RNAseq.g22859.t1,GO:0140110
Montipora_capitata_HIv3___RNAseq.g22859.t1,GO:1901360
Montipora_capitata_HIv3___RNAseq.g22859.t1,GO:1901362
Montipora_capitata_HIv3___RNAseq.g22859.t1,GO:1901564
Montipora_capitata_HIv3___RNAseq.g22859.t1,GO:1901576
Montipora_capitata_HIv3___RNAseq.g22859.t1,GO:1902494
Montipora_capitata_HIv3___RNAseq.g22859.t1,GO:1902554
Montipora_capitata_HIv3___RNAseq.g22859.t1,GO:1902680
Montipora_capitata_HIv3___RNAseq.g22859.t1,GO:1902911
Montipora_capitata_HIv3___RNAseq.g22859.t1,GO:1903506
Montipora_capitata_HIv3___RNAseq.g22859.t1,GO:1903508
Montipora_capitata_HIv3___RNAseq.g22859.t1,GO:1905168
Montipora_capitata_HIv3___RNAseq.g22859.t1,GO:1990234
Montipora_capitata_HIv3___RNAseq.g22859.t1,GO:2000112
Montipora_capitata_HIv3___RNAseq.g22859.t1,GO:2000779
Montipora_capitata_HIv3___RNAseq.g22859.t1,GO:2000781
Montipora_capitata_HIv3___RNAseq.g22859.t1,GO:2001020
Montipora_capitata_HIv3___RNAseq.g22859.t1,GO:2001022
Montipora_capitata_HIv3___RNAseq.g22859.t1,GO:2001141
Montipora_capitata_HIv3___RNAseq.g23082.t1,GO:0000149
Montipora_capitata_HIv3___RNAseq.g23082.t1,GO:0003674
Montipora_capitata_HIv3___RNAseq.g23082.t1,GO:0005484
Montipora_capitata_HIv3___RNAseq.g23082.t1,GO:0005488
Montipora_capitata_HIv3___RNAseq.g23082.t1,GO:0005515
Montipora_capitata_HIv3___RNAseq.g23082.t1,GO:0005575
Montipora_capitata_HIv3___RNAseq.g23082.t1,GO:0005622
Montipora_capitata_HIv3___RNAseq.g23082.t1,GO:0005623
Montipora_capitata_HIv3___RNAseq.g23082.t1,GO:0005737
Montipora_capitata_HIv3___RNAseq.g23082.t1,GO:0005783
Montipora_capitata_HIv3___RNAseq.g23082.t1,GO:0005789
Montipora_capitata_HIv3___RNAseq.g23082.t1,GO:0005938
Montipora_capitata_HIv3___RNAseq.g23082.t1,GO:0006810
Montipora_capitata_HIv3___RNAseq.g23082.t1,GO:0006888
Montipora_capitata_HIv3___RNAseq.g23082.t1,GO:0006890
Montipora_capitata_HIv3___RNAseq.g23082.t1,GO:0006996
Montipora_capitata_HIv3___RNAseq.g23082.t1,GO:0007029
Montipora_capitata_HIv3___RNAseq.g23082.t1,GO:0007154
Montipora_capitata_HIv3___RNAseq.g23082.t1,GO:0007267
Montipora_capitata_HIv3___RNAseq.g23082.t1,GO:0007268
Montipora_capitata_HIv3___RNAseq.g23082.t1,GO:0007274
Montipora_capitata_HIv3___RNAseq.g23082.t1,GO:0007528
Montipora_capitata_HIv3___RNAseq.g23082.t1,GO:0008150
Montipora_capitata_HIv3___RNAseq.g23082.t1,GO:0009987
Montipora_capitata_HIv3___RNAseq.g23082.t1,GO:0010256
Montipora_capitata_HIv3___RNAseq.g23082.t1,GO:0010638
Montipora_capitata_HIv3___RNAseq.g23082.t1,GO:0012505
Montipora_capitata_HIv3___RNAseq.g23082.t1,GO:0016020
Montipora_capitata_HIv3___RNAseq.g23082.t1,GO:0016043
Montipora_capitata_HIv3___RNAseq.g23082.t1,GO:0016192
Montipora_capitata_HIv3___RNAseq.g23082.t1,GO:0019904
Montipora_capitata_HIv3___RNAseq.g23082.t1,GO:0023052
Montipora_capitata_HIv3___RNAseq.g23082.t1,GO:0031201
Montipora_capitata_HIv3___RNAseq.g23082.t1,GO:0031594
Montipora_capitata_HIv3___RNAseq.g23082.t1,GO:0031984
Montipora_capitata_HIv3___RNAseq.g23082.t1,GO:0032386
Montipora_capitata_HIv3___RNAseq.g23082.t1,GO:0032388
Montipora_capitata_HIv3___RNAseq.g23082.t1,GO:0032879
Montipora_capitata_HIv3___RNAseq.g23082.t1,GO:0032991
Montipora_capitata_HIv3___RNAseq.g23082.t1,GO:0033043
Montipora_capitata_HIv3___RNAseq.g23082.t1,GO:0042175
Montipora_capitata_HIv3___RNAseq.g23082.t1,GO:0043226
Montipora_capitata_HIv3___RNAseq.g23082.t1,GO:0043227
Montipora_capitata_HIv3___RNAseq.g23082.t1,GO:0043229
Montipora_capitata_HIv3___RNAseq.g23082.t1,GO:0043231
Montipora_capitata_HIv3___RNAseq.g23082.t1,GO:0044087
Montipora_capitata_HIv3___RNAseq.g23082.t1,GO:0044089
Montipora_capitata_HIv3___RNAseq.g23082.t1,GO:0044422
Montipora_capitata_HIv3___RNAseq.g23082.t1,GO:0044424
Montipora_capitata_HIv3___RNAseq.g23082.t1,GO:0044425
Montipora_capitata_HIv3___RNAseq.g23082.t1,GO:0044432
Montipora_capitata_HIv3___RNAseq.g23082.t1,GO:0044444
Montipora_capitata_HIv3___RNAseq.g23082.t1,GO:0044446
Montipora_capitata_HIv3___RNAseq.g23082.t1,GO:0044464
Montipora_capitata_HIv3___RNAseq.g23082.t1,GO:0045202
Montipora_capitata_HIv3___RNAseq.g23082.t1,GO:0046907
Montipora_capitata_HIv3___RNAseq.g23082.t1,GO:0048193
Montipora_capitata_HIv3___RNAseq.g23082.t1,GO:0048518
Montipora_capitata_HIv3___RNAseq.g23082.t1,GO:0048522
Montipora_capitata_HIv3___RNAseq.g23082.t1,GO:0050789
Montipora_capitata_HIv3___RNAseq.g23082.t1,GO:0050794
Montipora_capitata_HIv3___RNAseq.g23082.t1,GO:0050808
Montipora_capitata_HIv3___RNAseq.g23082.t1,GO:0051049
Montipora_capitata_HIv3___RNAseq.g23082.t1,GO:0051050
Montipora_capitata_HIv3___RNAseq.g23082.t1,GO:0051128
Montipora_capitata_HIv3___RNAseq.g23082.t1,GO:0051130
Montipora_capitata_HIv3___RNAseq.g23082.t1,GO:0051179
Montipora_capitata_HIv3___RNAseq.g23082.t1,GO:0051234
Montipora_capitata_HIv3___RNAseq.g23082.t1,GO:0051641
Montipora_capitata_HIv3___RNAseq.g23082.t1,GO:0051649
Montipora_capitata_HIv3___RNAseq.g23082.t1,GO:0060341
Montipora_capitata_HIv3___RNAseq.g23082.t1,GO:0060627
Montipora_capitata_HIv3___RNAseq.g23082.t1,GO:0060628
Montipora_capitata_HIv3___RNAseq.g23082.t1,GO:0061024
Montipora_capitata_HIv3___RNAseq.g23082.t1,GO:0061025
Montipora_capitata_HIv3___RNAseq.g23082.t1,GO:0065007
Montipora_capitata_HIv3___RNAseq.g23082.t1,GO:0071840
Montipora_capitata_HIv3___RNAseq.g23082.t1,GO:0071944
Montipora_capitata_HIv3___RNAseq.g23082.t1,GO:0090158
Montipora_capitata_HIv3___RNAseq.g23082.t1,GO:0098796
Montipora_capitata_HIv3___RNAseq.g23082.t1,GO:0098827
Montipora_capitata_HIv3___RNAseq.g23082.t1,GO:0098916
Montipora_capitata_HIv3___RNAseq.g23082.t1,GO:0099536
Montipora_capitata_HIv3___RNAseq.g23082.t1,GO:0099537
Montipora_capitata_HIv3___RNAseq.g23082.t1,GO:0099568
Montipora_capitata_HIv3___RNAseq.g23082.t1,GO:1902115
Montipora_capitata_HIv3___RNAseq.g23082.t1,GO:1902117
Montipora_capitata_HIv3___RNAseq.g23082.t1,GO:1902953
Montipora_capitata_HIv3___RNAseq.g23082.t1,GO:1903358
Montipora_capitata_HIv3___TS.g15697.t1,GO:0000003
Montipora_capitata_HIv3___TS.g15697.t1,GO:0000280
Montipora_capitata_HIv3___TS.g15697.t1,GO:0000339
Montipora_capitata_HIv3___TS.g15697.t1,GO:0000340
Montipora_capitata_HIv3___TS.g15697.t1,GO:0003006
Montipora_capitata_HIv3___TS.g15697.t1,GO:0003674
Montipora_capitata_HIv3___TS.g15697.t1,GO:0003676
Montipora_capitata_HIv3___TS.g15697.t1,GO:0003723
Montipora_capitata_HIv3___TS.g15697.t1,GO:0003743
Montipora_capitata_HIv3___TS.g15697.t1,GO:0005488
Montipora_capitata_HIv3___TS.g15697.t1,GO:0005515
Montipora_capitata_HIv3___TS.g15697.t1,GO:0005575
Montipora_capitata_HIv3___TS.g15697.t1,GO:0005622
Montipora_capitata_HIv3___TS.g15697.t1,GO:0005623
Montipora_capitata_HIv3___TS.g15697.t1,GO:0005737
Montipora_capitata_HIv3___TS.g15697.t1,GO:0005829
Montipora_capitata_HIv3___TS.g15697.t1,GO:0006412
Montipora_capitata_HIv3___TS.g15697.t1,GO:0006413
Montipora_capitata_HIv3___TS.g15697.t1,GO:0006417
Montipora_capitata_HIv3___TS.g15697.t1,GO:0006518
Montipora_capitata_HIv3___TS.g15697.t1,GO:0006807
Montipora_capitata_HIv3___TS.g15697.t1,GO:0006996
Montipora_capitata_HIv3___TS.g15697.t1,GO:0007049
Montipora_capitata_HIv3___TS.g15697.t1,GO:0007140
Montipora_capitata_HIv3___TS.g15697.t1,GO:0007276
Montipora_capitata_HIv3___TS.g15697.t1,GO:0007281
Montipora_capitata_HIv3___TS.g15697.t1,GO:0007283
Montipora_capitata_HIv3___TS.g15697.t1,GO:0008135
Montipora_capitata_HIv3___TS.g15697.t1,GO:0008150
Montipora_capitata_HIv3___TS.g15697.t1,GO:0008152
Montipora_capitata_HIv3___TS.g15697.t1,GO:0008190
Montipora_capitata_HIv3___TS.g15697.t1,GO:0008283
Montipora_capitata_HIv3___TS.g15697.t1,GO:0009058
Montipora_capitata_HIv3___TS.g15697.t1,GO:0009059
Montipora_capitata_HIv3___TS.g15697.t1,GO:0009889
Montipora_capitata_HIv3___TS.g15697.t1,GO:0009987
Montipora_capitata_HIv3___TS.g15697.t1,GO:0010467
Montipora_capitata_HIv3___TS.g15697.t1,GO:0010468
Montipora_capitata_HIv3___TS.g15697.t1,GO:0010556
Montipora_capitata_HIv3___TS.g15697.t1,GO:0010608
Montipora_capitata_HIv3___TS.g15697.t1,GO:0016043
Montipora_capitata_HIv3___TS.g15697.t1,GO:0016281
Montipora_capitata_HIv3___TS.g15697.t1,GO:0019222
Montipora_capitata_HIv3___TS.g15697.t1,GO:0019538
Montipora_capitata_HIv3___TS.g15697.t1,GO:0019953
Montipora_capitata_HIv3___TS.g15697.t1,GO:0022402
Montipora_capitata_HIv3___TS.g15697.t1,GO:0022412
Montipora_capitata_HIv3___TS.g15697.t1,GO:0022414
Montipora_capitata_HIv3___TS.g15697.t1,GO:0030154
Montipora_capitata_HIv3___TS.g15697.t1,GO:0031323
Montipora_capitata_HIv3___TS.g15697.t1,GO:0031326
Montipora_capitata_HIv3___TS.g15697.t1,GO:0031369
Montipora_capitata_HIv3___TS.g15697.t1,GO:0032268
Montipora_capitata_HIv3___TS.g15697.t1,GO:0032501
Montipora_capitata_HIv3___TS.g15697.t1,GO:0032502
Montipora_capitata_HIv3___TS.g15697.t1,GO:0032504
Montipora_capitata_HIv3___TS.g15697.t1,GO:0032991
Montipora_capitata_HIv3___TS.g15697.t1,GO:0034248
Montipora_capitata_HIv3___TS.g15697.t1,GO:0034641
Montipora_capitata_HIv3___TS.g15697.t1,GO:0034645
Montipora_capitata_HIv3___TS.g15697.t1,GO:0043043
Montipora_capitata_HIv3___TS.g15697.t1,GO:0043170
Montipora_capitata_HIv3___TS.g15697.t1,GO:0043603
Montipora_capitata_HIv3___TS.g15697.t1,GO:0043604
Montipora_capitata_HIv3___TS.g15697.t1,GO:0044237
Montipora_capitata_HIv3___TS.g15697.t1,GO:0044238
Montipora_capitata_HIv3___TS.g15697.t1,GO:0044249
Montipora_capitata_HIv3___TS.g15697.t1,GO:0044260
Montipora_capitata_HIv3___TS.g15697.t1,GO:0044267
Montipora_capitata_HIv3___TS.g15697.t1,GO:0044271
Montipora_capitata_HIv3___TS.g15697.t1,GO:0044424
Montipora_capitata_HIv3___TS.g15697.t1,GO:0044444
Montipora_capitata_HIv3___TS.g15697.t1,GO:0044464
Montipora_capitata_HIv3___TS.g15697.t1,GO:0044703
Montipora_capitata_HIv3___TS.g15697.t1,GO:0048134
Montipora_capitata_HIv3___TS.g15697.t1,GO:0048136
Montipora_capitata_HIv3___TS.g15697.t1,GO:0048137
Montipora_capitata_HIv3___TS.g15697.t1,GO:0048232
Montipora_capitata_HIv3___TS.g15697.t1,GO:0048285
Montipora_capitata_HIv3___TS.g15697.t1,GO:0048468
Montipora_capitata_HIv3___TS.g15697.t1,GO:0048515
Montipora_capitata_HIv3___TS.g15697.t1,GO:0048609
Montipora_capitata_HIv3___TS.g15697.t1,GO:0048856
Montipora_capitata_HIv3___TS.g15697.t1,GO:0048869
Montipora_capitata_HIv3___TS.g15697.t1,GO:0050789
Montipora_capitata_HIv3___TS.g15697.t1,GO:0050794
Montipora_capitata_HIv3___TS.g15697.t1,GO:0051171
Montipora_capitata_HIv3___TS.g15697.t1,GO:0051246
Montipora_capitata_HIv3___TS.g15697.t1,GO:0051301
Montipora_capitata_HIv3___TS.g15697.t1,GO:0051321
Montipora_capitata_HIv3___TS.g15697.t1,GO:0051704
Montipora_capitata_HIv3___TS.g15697.t1,GO:0060255
Montipora_capitata_HIv3___TS.g15697.t1,GO:0065007
Montipora_capitata_HIv3___TS.g15697.t1,GO:0071704
Montipora_capitata_HIv3___TS.g15697.t1,GO:0071840
Montipora_capitata_HIv3___TS.g15697.t1,GO:0080090
Montipora_capitata_HIv3___TS.g15697.t1,GO:0097159
Montipora_capitata_HIv3___TS.g15697.t1,GO:0140013
Montipora_capitata_HIv3___TS.g15697.t1,GO:1901363
Montipora_capitata_HIv3___TS.g15697.t1,GO:1901564
Montipora_capitata_HIv3___TS.g15697.t1,GO:1901566
Montipora_capitata_HIv3___TS.g15697.t1,GO:1901576
Montipora_capitata_HIv3___TS.g15697.t1,GO:1903046
Montipora_capitata_HIv3___TS.g15697.t1,GO:2000112
Montipora_capitata_HIv3___RNAseq.g31500.t1,GO:0000003
Montipora_capitata_HIv3___RNAseq.g31500.t1,GO:0000323
Montipora_capitata_HIv3___RNAseq.g31500.t1,GO:0001669
Montipora_capitata_HIv3___RNAseq.g31500.t1,GO:0001775
Montipora_capitata_HIv3___RNAseq.g31500.t1,GO:0002080
Montipora_capitata_HIv3___RNAseq.g31500.t1,GO:0002081
Montipora_capitata_HIv3___RNAseq.g31500.t1,GO:0002252
Montipora_capitata_HIv3___RNAseq.g31500.t1,GO:0002263
Montipora_capitata_HIv3___RNAseq.g31500.t1,GO:0002274
Montipora_capitata_HIv3___RNAseq.g31500.t1,GO:0002275
Montipora_capitata_HIv3___RNAseq.g31500.t1,GO:0002283
Montipora_capitata_HIv3___RNAseq.g31500.t1,GO:0002366
Montipora_capitata_HIv3___RNAseq.g31500.t1,GO:0002376
Montipora_capitata_HIv3___RNAseq.g31500.t1,GO:0002443
Montipora_capitata_HIv3___RNAseq.g31500.t1,GO:0002444
Montipora_capitata_HIv3___RNAseq.g31500.t1,GO:0002446
Montipora_capitata_HIv3___RNAseq.g31500.t1,GO:0003674
Montipora_capitata_HIv3___RNAseq.g31500.t1,GO:0003824
Montipora_capitata_HIv3___RNAseq.g31500.t1,GO:0004553
Montipora_capitata_HIv3___RNAseq.g31500.t1,GO:0004560
Montipora_capitata_HIv3___RNAseq.g31500.t1,GO:0005488
Montipora_capitata_HIv3___RNAseq.g31500.t1,GO:0005575
Montipora_capitata_HIv3___RNAseq.g31500.t1,GO:0005576
Montipora_capitata_HIv3___RNAseq.g31500.t1,GO:0005615
Montipora_capitata_HIv3___RNAseq.g31500.t1,GO:0005622
Montipora_capitata_HIv3___RNAseq.g31500.t1,GO:0005623
Montipora_capitata_HIv3___RNAseq.g31500.t1,GO:0005737
Montipora_capitata_HIv3___RNAseq.g31500.t1,GO:0005764
Montipora_capitata_HIv3___RNAseq.g31500.t1,GO:0005766
Montipora_capitata_HIv3___RNAseq.g31500.t1,GO:0005773
Montipora_capitata_HIv3___RNAseq.g31500.t1,GO:0005775
Montipora_capitata_HIv3___RNAseq.g31500.t1,GO:0005783
Montipora_capitata_HIv3___RNAseq.g31500.t1,GO:0005788
Montipora_capitata_HIv3___RNAseq.g31500.t1,GO:0005886
Montipora_capitata_HIv3___RNAseq.g31500.t1,GO:0005975
Montipora_capitata_HIv3___RNAseq.g31500.t1,GO:0005996
Montipora_capitata_HIv3___RNAseq.g31500.t1,GO:0006004
Montipora_capitata_HIv3___RNAseq.g31500.t1,GO:0006022
Montipora_capitata_HIv3___RNAseq.g31500.t1,GO:0006026
Montipora_capitata_HIv3___RNAseq.g31500.t1,GO:0006027
Montipora_capitata_HIv3___RNAseq.g31500.t1,GO:0006464
Montipora_capitata_HIv3___RNAseq.g31500.t1,GO:0006629
Montipora_capitata_HIv3___RNAseq.g31500.t1,GO:0006643
Montipora_capitata_HIv3___RNAseq.g31500.t1,GO:0006664
Montipora_capitata_HIv3___RNAseq.g31500.t1,GO:0006807
Montipora_capitata_HIv3___RNAseq.g31500.t1,GO:0006810
Montipora_capitata_HIv3___RNAseq.g31500.t1,GO:0006887
Montipora_capitata_HIv3___RNAseq.g31500.t1,GO:0006950
Montipora_capitata_HIv3___RNAseq.g31500.t1,GO:0006952
Montipora_capitata_HIv3___RNAseq.g31500.t1,GO:0006955
Montipora_capitata_HIv3___RNAseq.g31500.t1,GO:0007338
Montipora_capitata_HIv3___RNAseq.g31500.t1,GO:0007339
Montipora_capitata_HIv3___RNAseq.g31500.t1,GO:0008037
Montipora_capitata_HIv3___RNAseq.g31500.t1,GO:0008150
Montipora_capitata_HIv3___RNAseq.g31500.t1,GO:0008152
Montipora_capitata_HIv3___RNAseq.g31500.t1,GO:0009056
Montipora_capitata_HIv3___RNAseq.g31500.t1,GO:0009057
Montipora_capitata_HIv3___RNAseq.g31500.t1,GO:0009566
Montipora_capitata_HIv3___RNAseq.g31500.t1,GO:0009605
Montipora_capitata_HIv3___RNAseq.g31500.t1,GO:0009607
Montipora_capitata_HIv3___RNAseq.g31500.t1,GO:0009617
Montipora_capitata_HIv3___RNAseq.g31500.t1,GO:0009987
Montipora_capitata_HIv3___RNAseq.g31500.t1,GO:0009988
Montipora_capitata_HIv3___RNAseq.g31500.t1,GO:0012505
Montipora_capitata_HIv3___RNAseq.g31500.t1,GO:0012506
Montipora_capitata_HIv3___RNAseq.g31500.t1,GO:0015928
Montipora_capitata_HIv3___RNAseq.g31500.t1,GO:0016020
Montipora_capitata_HIv3___RNAseq.g31500.t1,GO:0016042
Montipora_capitata_HIv3___RNAseq.g31500.t1,GO:0016137
Montipora_capitata_HIv3___RNAseq.g31500.t1,GO:0016139
Montipora_capitata_HIv3___RNAseq.g31500.t1,GO:0016192
Montipora_capitata_HIv3___RNAseq.g31500.t1,GO:0016787
Montipora_capitata_HIv3___RNAseq.g31500.t1,GO:0016798
Montipora_capitata_HIv3___RNAseq.g31500.t1,GO:0019318
Montipora_capitata_HIv3___RNAseq.g31500.t1,GO:0019377
Montipora_capitata_HIv3___RNAseq.g31500.t1,GO:0019538
Montipora_capitata_HIv3___RNAseq.g31500.t1,GO:0019953
Montipora_capitata_HIv3___RNAseq.g31500.t1,GO:0022414
Montipora_capitata_HIv3___RNAseq.g31500.t1,GO:0030141
Montipora_capitata_HIv3___RNAseq.g31500.t1,GO:0030203
Montipora_capitata_HIv3___RNAseq.g31500.t1,GO:0030246
Montipora_capitata_HIv3___RNAseq.g31500.t1,GO:0030659
Montipora_capitata_HIv3___RNAseq.g31500.t1,GO:0030667
Montipora_capitata_HIv3___RNAseq.g31500.t1,GO:0031090
Montipora_capitata_HIv3___RNAseq.g31500.t1,GO:0031410
Montipora_capitata_HIv3___RNAseq.g31500.t1,GO:0031974
Montipora_capitata_HIv3___RNAseq.g31500.t1,GO:0031982
Montipora_capitata_HIv3___RNAseq.g31500.t1,GO:0031983
Montipora_capitata_HIv3___RNAseq.g31500.t1,GO:0032940
Montipora_capitata_HIv3___RNAseq.g31500.t1,GO:0034774
Montipora_capitata_HIv3___RNAseq.g31500.t1,GO:0035036
Montipora_capitata_HIv3___RNAseq.g31500.t1,GO:0035578
Montipora_capitata_HIv3___RNAseq.g31500.t1,GO:0036094
Montipora_capitata_HIv3___RNAseq.g31500.t1,GO:0036211
Montipora_capitata_HIv3___RNAseq.g31500.t1,GO:0036230
Montipora_capitata_HIv3___RNAseq.g31500.t1,GO:0042119
Montipora_capitata_HIv3___RNAseq.g31500.t1,GO:0042582
Montipora_capitata_HIv3___RNAseq.g31500.t1,GO:0042742
Montipora_capitata_HIv3___RNAseq.g31500.t1,GO:0042806
Montipora_capitata_HIv3___RNAseq.g31500.t1,GO:0043170
Montipora_capitata_HIv3___RNAseq.g31500.t1,GO:0043202
Montipora_capitata_HIv3___RNAseq.g31500.t1,GO:0043207
Montipora_capitata_HIv3___RNAseq.g31500.t1,GO:0043226
Montipora_capitata_HIv3___RNAseq.g31500.t1,GO:0043227
Montipora_capitata_HIv3___RNAseq.g31500.t1,GO:0043229
Montipora_capitata_HIv3___RNAseq.g31500.t1,GO:0043231
Montipora_capitata_HIv3___RNAseq.g31500.t1,GO:0043233
Montipora_capitata_HIv3___RNAseq.g31500.t1,GO:0043299
Montipora_capitata_HIv3___RNAseq.g31500.t1,GO:0043312
Montipora_capitata_HIv3___RNAseq.g31500.t1,GO:0043412
Montipora_capitata_HIv3___RNAseq.g31500.t1,GO:0043687
Montipora_capitata_HIv3___RNAseq.g31500.t1,GO:0043900
Montipora_capitata_HIv3___RNAseq.g31500.t1,GO:0043903
Montipora_capitata_HIv3___RNAseq.g31500.t1,GO:0044237
Montipora_capitata_HIv3___RNAseq.g31500.t1,GO:0044238
Montipora_capitata_HIv3___RNAseq.g31500.t1,GO:0044242
Montipora_capitata_HIv3___RNAseq.g31500.t1,GO:0044248
Montipora_capitata_HIv3___RNAseq.g31500.t1,GO:0044255
Montipora_capitata_HIv3___RNAseq.g31500.t1,GO:0044260
Montipora_capitata_HIv3___RNAseq.g31500.t1,GO:0044267
Montipora_capitata_HIv3___RNAseq.g31500.t1,GO:0044281
Montipora_capitata_HIv3___RNAseq.g31500.t1,GO:0044421
Montipora_capitata_HIv3___RNAseq.g31500.t1,GO:0044422
Montipora_capitata_HIv3___RNAseq.g31500.t1,GO:0044424
Montipora_capitata_HIv3___RNAseq.g31500.t1,GO:0044425
Montipora_capitata_HIv3___RNAseq.g31500.t1,GO:0044432
Montipora_capitata_HIv3___RNAseq.g31500.t1,GO:0044433
Montipora_capitata_HIv3___RNAseq.g31500.t1,GO:0044437
Montipora_capitata_HIv3___RNAseq.g31500.t1,GO:0044444
Montipora_capitata_HIv3___RNAseq.g31500.t1,GO:0044446
Montipora_capitata_HIv3___RNAseq.g31500.t1,GO:0044464
Montipora_capitata_HIv3___RNAseq.g31500.t1,GO:0044703
Montipora_capitata_HIv3___RNAseq.g31500.t1,GO:0045055
Montipora_capitata_HIv3___RNAseq.g31500.t1,GO:0045321
Montipora_capitata_HIv3___RNAseq.g31500.t1,GO:0046466
Montipora_capitata_HIv3___RNAseq.g31500.t1,GO:0046903
Montipora_capitata_HIv3___RNAseq.g31500.t1,GO:0048029
Montipora_capitata_HIv3___RNAseq.g31500.t1,GO:0050789
Montipora_capitata_HIv3___RNAseq.g31500.t1,GO:0050896
Montipora_capitata_HIv3___RNAseq.g31500.t1,GO:0051179
Montipora_capitata_HIv3___RNAseq.g31500.t1,GO:0051234
Montipora_capitata_HIv3___RNAseq.g31500.t1,GO:0051704
Montipora_capitata_HIv3___RNAseq.g31500.t1,GO:0051707
Montipora_capitata_HIv3___RNAseq.g31500.t1,GO:0060205
Montipora_capitata_HIv3___RNAseq.g31500.t1,GO:0065007
Montipora_capitata_HIv3___RNAseq.g31500.t1,GO:0070013
Montipora_capitata_HIv3___RNAseq.g31500.t1,GO:0071704
Montipora_capitata_HIv3___RNAseq.g31500.t1,GO:0071944
Montipora_capitata_HIv3___RNAseq.g31500.t1,GO:0097223
Montipora_capitata_HIv3___RNAseq.g31500.t1,GO:0097524
Montipora_capitata_HIv3___RNAseq.g31500.t1,GO:0097708
Montipora_capitata_HIv3___RNAseq.g31500.t1,GO:0098542
Montipora_capitata_HIv3___RNAseq.g31500.t1,GO:0098588
Montipora_capitata_HIv3___RNAseq.g31500.t1,GO:0098589
Montipora_capitata_HIv3___RNAseq.g31500.t1,GO:0098805
Montipora_capitata_HIv3___RNAseq.g31500.t1,GO:0099503
Montipora_capitata_HIv3___RNAseq.g31500.t1,GO:1901135
Montipora_capitata_HIv3___RNAseq.g31500.t1,GO:1901136
Montipora_capitata_HIv3___RNAseq.g31500.t1,GO:1901564
Montipora_capitata_HIv3___RNAseq.g31500.t1,GO:1901565
Montipora_capitata_HIv3___RNAseq.g31500.t1,GO:1901575
Montipora_capitata_HIv3___RNAseq.g31500.t1,GO:1901657
Montipora_capitata_HIv3___RNAseq.g31500.t1,GO:1901658
Montipora_capitata_HIv3___RNAseq.g31500.t1,GO:1903509
Montipora_capitata_HIv3___RNAseq.g31500.t1,GO:2000535
Montipora_capitata_HIv3___RNAseq.g34657.t1,GO:0000413
Montipora_capitata_HIv3___RNAseq.g34657.t1,GO:0003674
Montipora_capitata_HIv3___RNAseq.g34657.t1,GO:0003755
Montipora_capitata_HIv3___RNAseq.g34657.t1,GO:0003824
Montipora_capitata_HIv3___RNAseq.g34657.t1,GO:0006464
Montipora_capitata_HIv3___RNAseq.g34657.t1,GO:0006807
Montipora_capitata_HIv3___RNAseq.g34657.t1,GO:0008150
Montipora_capitata_HIv3___RNAseq.g34657.t1,GO:0008152
Montipora_capitata_HIv3___RNAseq.g34657.t1,GO:0009987
Montipora_capitata_HIv3___RNAseq.g34657.t1,GO:0016853
Montipora_capitata_HIv3___RNAseq.g34657.t1,GO:0016859
Montipora_capitata_HIv3___RNAseq.g34657.t1,GO:0018193
Montipora_capitata_HIv3___RNAseq.g34657.t1,GO:0018208
Montipora_capitata_HIv3___RNAseq.g34657.t1,GO:0019538
Montipora_capitata_HIv3___RNAseq.g34657.t1,GO:0036211
Montipora_capitata_HIv3___RNAseq.g34657.t1,GO:0043170
Montipora_capitata_HIv3___RNAseq.g34657.t1,GO:0043412
Montipora_capitata_HIv3___RNAseq.g34657.t1,GO:0044237
Montipora_capitata_HIv3___RNAseq.g34657.t1,GO:0044238
Montipora_capitata_HIv3___RNAseq.g34657.t1,GO:0044260
Montipora_capitata_HIv3___RNAseq.g34657.t1,GO:0044267
Montipora_capitata_HIv3___RNAseq.g34657.t1,GO:0071704
Montipora_capitata_HIv3___RNAseq.g34657.t1,GO:0140096
Montipora_capitata_HIv3___RNAseq.g34657.t1,GO:1901564
Montipora_capitata_HIv3___RNAseq.g46103.t2,GO:0000096
Montipora_capitata_HIv3___RNAseq.g46103.t2,GO:0000959
Montipora_capitata_HIv3___RNAseq.g46103.t2,GO:0000963
Montipora_capitata_HIv3___RNAseq.g46103.t2,GO:0003674
Montipora_capitata_HIv3___RNAseq.g46103.t2,GO:0003824
Montipora_capitata_HIv3___RNAseq.g46103.t2,GO:0005488
Montipora_capitata_HIv3___RNAseq.g46103.t2,GO:0005515
Montipora_capitata_HIv3___RNAseq.g46103.t2,GO:0005575
Montipora_capitata_HIv3___RNAseq.g46103.t2,GO:0005622
Montipora_capitata_HIv3___RNAseq.g46103.t2,GO:0005623
Montipora_capitata_HIv3___RNAseq.g46103.t2,GO:0005634
Montipora_capitata_HIv3___RNAseq.g46103.t2,GO:0005654
Montipora_capitata_HIv3___RNAseq.g46103.t2,GO:0005737
Montipora_capitata_HIv3___RNAseq.g46103.t2,GO:0005739
Montipora_capitata_HIv3___RNAseq.g46103.t2,GO:0005759
Montipora_capitata_HIv3___RNAseq.g46103.t2,GO:0005829
Montipora_capitata_HIv3___RNAseq.g46103.t2,GO:0006082
Montipora_capitata_HIv3___RNAseq.g46103.t2,GO:0006139
Montipora_capitata_HIv3___RNAseq.g46103.t2,GO:0006163
Montipora_capitata_HIv3___RNAseq.g46103.t2,GO:0006396
Montipora_capitata_HIv3___RNAseq.g46103.t2,GO:0006399
Montipora_capitata_HIv3___RNAseq.g46103.t2,GO:0006400
Montipora_capitata_HIv3___RNAseq.g46103.t2,GO:0006464
Montipora_capitata_HIv3___RNAseq.g46103.t2,GO:0006520
Montipora_capitata_HIv3___RNAseq.g46103.t2,GO:0006725
Montipora_capitata_HIv3___RNAseq.g46103.t2,GO:0006732
Montipora_capitata_HIv3___RNAseq.g46103.t2,GO:0006753
Montipora_capitata_HIv3___RNAseq.g46103.t2,GO:0006790
Montipora_capitata_HIv3___RNAseq.g46103.t2,GO:0006793
Montipora_capitata_HIv3___RNAseq.g46103.t2,GO:0006796
Montipora_capitata_HIv3___RNAseq.g46103.t2,GO:0006807
Montipora_capitata_HIv3___RNAseq.g46103.t2,GO:0008033
Montipora_capitata_HIv3___RNAseq.g46103.t2,GO:0008150
Montipora_capitata_HIv3___RNAseq.g46103.t2,GO:0008152
Montipora_capitata_HIv3___RNAseq.g46103.t2,GO:0009058
Montipora_capitata_HIv3___RNAseq.g46103.t2,GO:0009116
Montipora_capitata_HIv3___RNAseq.g46103.t2,GO:0009117
Montipora_capitata_HIv3___RNAseq.g46103.t2,GO:0009119
Montipora_capitata_HIv3___RNAseq.g46103.t2,GO:0009141
Montipora_capitata_HIv3___RNAseq.g46103.t2,GO:0009144
Montipora_capitata_HIv3___RNAseq.g46103.t2,GO:0009150
Montipora_capitata_HIv3___RNAseq.g46103.t2,GO:0009199
Montipora_capitata_HIv3___RNAseq.g46103.t2,GO:0009205
Montipora_capitata_HIv3___RNAseq.g46103.t2,GO:0009259
Montipora_capitata_HIv3___RNAseq.g46103.t2,GO:0009451
Montipora_capitata_HIv3___RNAseq.g46103.t2,GO:0009987
Montipora_capitata_HIv3___RNAseq.g46103.t2,GO:0010467
Montipora_capitata_HIv3___RNAseq.g46103.t2,GO:0016043
Montipora_capitata_HIv3___RNAseq.g46103.t2,GO:0016070
Montipora_capitata_HIv3___RNAseq.g46103.t2,GO:0016226
Montipora_capitata_HIv3___RNAseq.g46103.t2,GO:0016740
Montipora_capitata_HIv3___RNAseq.g46103.t2,GO:0016782
Montipora_capitata_HIv3___RNAseq.g46103.t2,GO:0016783
Montipora_capitata_HIv3___RNAseq.g46103.t2,GO:0018130
Montipora_capitata_HIv3___RNAseq.g46103.t2,GO:0018282
Montipora_capitata_HIv3___RNAseq.g46103.t2,GO:0018283
Montipora_capitata_HIv3___RNAseq.g46103.t2,GO:0019538
Montipora_capitata_HIv3___RNAseq.g46103.t2,GO:0019637
Montipora_capitata_HIv3___RNAseq.g46103.t2,GO:0019693
Montipora_capitata_HIv3___RNAseq.g46103.t2,GO:0019752
Montipora_capitata_HIv3___RNAseq.g46103.t2,GO:0022607
Montipora_capitata_HIv3___RNAseq.g46103.t2,GO:0031071
Montipora_capitata_HIv3___RNAseq.g46103.t2,GO:0031163
Montipora_capitata_HIv3___RNAseq.g46103.t2,GO:0031974
Montipora_capitata_HIv3___RNAseq.g46103.t2,GO:0031981
Montipora_capitata_HIv3___RNAseq.g46103.t2,GO:0032324
Montipora_capitata_HIv3___RNAseq.g46103.t2,GO:0032991
Montipora_capitata_HIv3___RNAseq.g46103.t2,GO:0034227
Montipora_capitata_HIv3___RNAseq.g46103.t2,GO:0034470
Montipora_capitata_HIv3___RNAseq.g46103.t2,GO:0034641
Montipora_capitata_HIv3___RNAseq.g46103.t2,GO:0034660
Montipora_capitata_HIv3___RNAseq.g46103.t2,GO:0036211
Montipora_capitata_HIv3___RNAseq.g46103.t2,GO:0042278
Montipora_capitata_HIv3___RNAseq.g46103.t2,GO:0042802
Montipora_capitata_HIv3___RNAseq.g46103.t2,GO:0042803
Montipora_capitata_HIv3___RNAseq.g46103.t2,GO:0043170
Montipora_capitata_HIv3___RNAseq.g46103.t2,GO:0043226
Montipora_capitata_HIv3___RNAseq.g46103.t2,GO:0043227
Montipora_capitata_HIv3___RNAseq.g46103.t2,GO:0043229
Montipora_capitata_HIv3___RNAseq.g46103.t2,GO:0043231
Montipora_capitata_HIv3___RNAseq.g46103.t2,GO:0043233
Montipora_capitata_HIv3___RNAseq.g46103.t2,GO:0043412
Montipora_capitata_HIv3___RNAseq.g46103.t2,GO:0043436
Montipora_capitata_HIv3___RNAseq.g46103.t2,GO:0043545
Montipora_capitata_HIv3___RNAseq.g46103.t2,GO:0043933
Montipora_capitata_HIv3___RNAseq.g46103.t2,GO:0044085
Montipora_capitata_HIv3___RNAseq.g46103.t2,GO:0044237
Montipora_capitata_HIv3___RNAseq.g46103.t2,GO:0044238
Montipora_capitata_HIv3___RNAseq.g46103.t2,GO:0044249
Montipora_capitata_HIv3___RNAseq.g46103.t2,GO:0044260
Montipora_capitata_HIv3___RNAseq.g46103.t2,GO:0044267
Montipora_capitata_HIv3___RNAseq.g46103.t2,GO:0044281
Montipora_capitata_HIv3___RNAseq.g46103.t2,GO:0044422
Montipora_capitata_HIv3___RNAseq.g46103.t2,GO:0044424
Montipora_capitata_HIv3___RNAseq.g46103.t2,GO:0044428
Montipora_capitata_HIv3___RNAseq.g46103.t2,GO:0044429
Montipora_capitata_HIv3___RNAseq.g46103.t2,GO:0044444
Montipora_capitata_HIv3___RNAseq.g46103.t2,GO:0044445
Montipora_capitata_HIv3___RNAseq.g46103.t2,GO:0044446
Montipora_capitata_HIv3___RNAseq.g46103.t2,GO:0044464
Montipora_capitata_HIv3___RNAseq.g46103.t2,GO:0046039
Montipora_capitata_HIv3___RNAseq.g46103.t2,GO:0046128
Montipora_capitata_HIv3___RNAseq.g46103.t2,GO:0046483
Montipora_capitata_HIv3___RNAseq.g46103.t2,GO:0046983
Montipora_capitata_HIv3___RNAseq.g46103.t2,GO:0051186
Montipora_capitata_HIv3___RNAseq.g46103.t2,GO:0051188
Montipora_capitata_HIv3___RNAseq.g46103.t2,GO:0051189
Montipora_capitata_HIv3___RNAseq.g46103.t2,GO:0055086
Montipora_capitata_HIv3___RNAseq.g46103.t2,GO:0065003
Montipora_capitata_HIv3___RNAseq.g46103.t2,GO:0070013
Montipora_capitata_HIv3___RNAseq.g46103.t2,GO:0070525
Montipora_capitata_HIv3___RNAseq.g46103.t2,GO:0070900
Montipora_capitata_HIv3___RNAseq.g46103.t2,GO:0070903
Montipora_capitata_HIv3___RNAseq.g46103.t2,GO:0071704
Montipora_capitata_HIv3___RNAseq.g46103.t2,GO:0071840
Montipora_capitata_HIv3___RNAseq.g46103.t2,GO:0072521
Montipora_capitata_HIv3___RNAseq.g46103.t2,GO:0090304
Montipora_capitata_HIv3___RNAseq.g46103.t2,GO:0090407
Montipora_capitata_HIv3___RNAseq.g46103.t2,GO:0090646
Montipora_capitata_HIv3___RNAseq.g46103.t2,GO:0140053
Montipora_capitata_HIv3___RNAseq.g46103.t2,GO:1900864
Montipora_capitata_HIv3___RNAseq.g46103.t2,GO:1901068
Montipora_capitata_HIv3___RNAseq.g46103.t2,GO:1901135
Montipora_capitata_HIv3___RNAseq.g46103.t2,GO:1901360
Montipora_capitata_HIv3___RNAseq.g46103.t2,GO:1901362
Montipora_capitata_HIv3___RNAseq.g46103.t2,GO:1901564
Montipora_capitata_HIv3___RNAseq.g46103.t2,GO:1901566
Montipora_capitata_HIv3___RNAseq.g46103.t2,GO:1901576
Montipora_capitata_HIv3___RNAseq.g46103.t2,GO:1901657
Montipora_capitata_HIv3___RNAseq.g46103.t2,GO:1990221
Montipora_capitata_HIv3___RNAseq.g48280.t1,GO:0000166
Montipora_capitata_HIv3___RNAseq.g48280.t1,GO:0000287
Montipora_capitata_HIv3___RNAseq.g48280.t1,GO:0001101
Montipora_capitata_HIv3___RNAseq.g48280.t1,GO:0003674
Montipora_capitata_HIv3___RNAseq.g48280.t1,GO:0003824
Montipora_capitata_HIv3___RNAseq.g48280.t1,GO:0004363
Montipora_capitata_HIv3___RNAseq.g48280.t1,GO:0005488
Montipora_capitata_HIv3___RNAseq.g48280.t1,GO:0005515
Montipora_capitata_HIv3___RNAseq.g48280.t1,GO:0005524
Montipora_capitata_HIv3___RNAseq.g48280.t1,GO:0005575
Montipora_capitata_HIv3___RNAseq.g48280.t1,GO:0005622
Montipora_capitata_HIv3___RNAseq.g48280.t1,GO:0005623
Montipora_capitata_HIv3___RNAseq.g48280.t1,GO:0005737
Montipora_capitata_HIv3___RNAseq.g48280.t1,GO:0005829
Montipora_capitata_HIv3___RNAseq.g48280.t1,GO:0006082
Montipora_capitata_HIv3___RNAseq.g48280.t1,GO:0006518
Montipora_capitata_HIv3___RNAseq.g48280.t1,GO:0006520
Montipora_capitata_HIv3___RNAseq.g48280.t1,GO:0006575
Montipora_capitata_HIv3___RNAseq.g48280.t1,GO:0006749
Montipora_capitata_HIv3___RNAseq.g48280.t1,GO:0006750
Montipora_capitata_HIv3___RNAseq.g48280.t1,GO:0006790
Montipora_capitata_HIv3___RNAseq.g48280.t1,GO:0006807
Montipora_capitata_HIv3___RNAseq.g48280.t1,GO:0006950
Montipora_capitata_HIv3___RNAseq.g48280.t1,GO:0006974
Montipora_capitata_HIv3___RNAseq.g48280.t1,GO:0006979
Montipora_capitata_HIv3___RNAseq.g48280.t1,GO:0007275
Montipora_capitata_HIv3___RNAseq.g48280.t1,GO:0007399
Montipora_capitata_HIv3___RNAseq.g48280.t1,GO:0007568
Montipora_capitata_HIv3___RNAseq.g48280.t1,GO:0008144
Montipora_capitata_HIv3___RNAseq.g48280.t1,GO:0008150
Montipora_capitata_HIv3___RNAseq.g48280.t1,GO:0008152
Montipora_capitata_HIv3___RNAseq.g48280.t1,GO:0009058
Montipora_capitata_HIv3___RNAseq.g48280.t1,GO:0009410
Montipora_capitata_HIv3___RNAseq.g48280.t1,GO:0009605
Montipora_capitata_HIv3___RNAseq.g48280.t1,GO:0009636
Montipora_capitata_HIv3___RNAseq.g48280.t1,GO:0009987
Montipora_capitata_HIv3___RNAseq.g48280.t1,GO:0009991
Montipora_capitata_HIv3___RNAseq.g48280.t1,GO:0010033
Montipora_capitata_HIv3___RNAseq.g48280.t1,GO:0010035
Montipora_capitata_HIv3___RNAseq.g48280.t1,GO:0010038
Montipora_capitata_HIv3___RNAseq.g48280.t1,GO:0010243
Montipora_capitata_HIv3___RNAseq.g48280.t1,GO:0016594
Montipora_capitata_HIv3___RNAseq.g48280.t1,GO:0016597
Montipora_capitata_HIv3___RNAseq.g48280.t1,GO:0016874
Montipora_capitata_HIv3___RNAseq.g48280.t1,GO:0016879
Montipora_capitata_HIv3___RNAseq.g48280.t1,GO:0016881
Montipora_capitata_HIv3___RNAseq.g48280.t1,GO:0017076
Montipora_capitata_HIv3___RNAseq.g48280.t1,GO:0019184
Montipora_capitata_HIv3___RNAseq.g48280.t1,GO:0019752
Montipora_capitata_HIv3___RNAseq.g48280.t1,GO:0030554
Montipora_capitata_HIv3___RNAseq.g48280.t1,GO:0031406
Montipora_capitata_HIv3___RNAseq.g48280.t1,GO:0031667
Montipora_capitata_HIv3___RNAseq.g48280.t1,GO:0032501
Montipora_capitata_HIv3___RNAseq.g48280.t1,GO:0032502
Montipora_capitata_HIv3___RNAseq.g48280.t1,GO:0032553
Montipora_capitata_HIv3___RNAseq.g48280.t1,GO:0032555
Montipora_capitata_HIv3___RNAseq.g48280.t1,GO:0032559
Montipora_capitata_HIv3___RNAseq.g48280.t1,GO:0033218
Montipora_capitata_HIv3___RNAseq.g48280.t1,GO:0033554
Montipora_capitata_HIv3___RNAseq.g48280.t1,GO:0034097
Montipora_capitata_HIv3___RNAseq.g48280.t1,GO:0034612
Montipora_capitata_HIv3___RNAseq.g48280.t1,GO:0034641
Montipora_capitata_HIv3___RNAseq.g48280.t1,GO:0035639
Montipora_capitata_HIv3___RNAseq.g48280.t1,GO:0036094
Montipora_capitata_HIv3___RNAseq.g48280.t1,GO:0042165
Montipora_capitata_HIv3___RNAseq.g48280.t1,GO:0042221
Montipora_capitata_HIv3___RNAseq.g48280.t1,GO:0042277
Montipora_capitata_HIv3___RNAseq.g48280.t1,GO:0042398
Montipora_capitata_HIv3___RNAseq.g48280.t1,GO:0042493
Montipora_capitata_HIv3___RNAseq.g48280.t1,GO:0042802
Montipora_capitata_HIv3___RNAseq.g48280.t1,GO:0042803
Montipora_capitata_HIv3___RNAseq.g48280.t1,GO:0043043
Montipora_capitata_HIv3___RNAseq.g48280.t1,GO:0043167
Montipora_capitata_HIv3___RNAseq.g48280.t1,GO:0043168
Montipora_capitata_HIv3___RNAseq.g48280.t1,GO:0043169
Montipora_capitata_HIv3___RNAseq.g48280.t1,GO:0043177
Montipora_capitata_HIv3___RNAseq.g48280.t1,GO:0043200
Montipora_capitata_HIv3___RNAseq.g48280.t1,GO:0043295
Montipora_capitata_HIv3___RNAseq.g48280.t1,GO:0043436
Montipora_capitata_HIv3___RNAseq.g48280.t1,GO:0043603
Montipora_capitata_HIv3___RNAseq.g48280.t1,GO:0043604
Montipora_capitata_HIv3___RNAseq.g48280.t1,GO:0044237
Montipora_capitata_HIv3___RNAseq.g48280.t1,GO:0044238
Montipora_capitata_HIv3___RNAseq.g48280.t1,GO:0044249
Montipora_capitata_HIv3___RNAseq.g48280.t1,GO:0044271
Montipora_capitata_HIv3___RNAseq.g48280.t1,GO:0044272
Montipora_capitata_HIv3___RNAseq.g48280.t1,GO:0044281
Montipora_capitata_HIv3___RNAseq.g48280.t1,GO:0044424
Montipora_capitata_HIv3___RNAseq.g48280.t1,GO:0044444
Montipora_capitata_HIv3___RNAseq.g48280.t1,GO:0044464
Montipora_capitata_HIv3___RNAseq.g48280.t1,GO:0045471
Montipora_capitata_HIv3___RNAseq.g48280.t1,GO:0046677
Montipora_capitata_HIv3___RNAseq.g48280.t1,GO:0046685
Montipora_capitata_HIv3___RNAseq.g48280.t1,GO:0046686
Montipora_capitata_HIv3___RNAseq.g48280.t1,GO:0046872
Montipora_capitata_HIv3___RNAseq.g48280.t1,GO:0046983
Montipora_capitata_HIv3___RNAseq.g48280.t1,GO:0048037
Montipora_capitata_HIv3___RNAseq.g48280.t1,GO:0048731
Montipora_capitata_HIv3___RNAseq.g48280.t1,GO:0048856
Montipora_capitata_HIv3___RNAseq.g48280.t1,GO:0050896
Montipora_capitata_HIv3___RNAseq.g48280.t1,GO:0051186
Montipora_capitata_HIv3___RNAseq.g48280.t1,GO:0051188
Montipora_capitata_HIv3___RNAseq.g48280.t1,GO:0051716
Montipora_capitata_HIv3___RNAseq.g48280.t1,GO:0071704
Montipora_capitata_HIv3___RNAseq.g48280.t1,GO:0071722
Montipora_capitata_HIv3___RNAseq.g48280.t1,GO:0072341
Montipora_capitata_HIv3___RNAseq.g48280.t1,GO:0097159
Montipora_capitata_HIv3___RNAseq.g48280.t1,GO:0097305
Montipora_capitata_HIv3___RNAseq.g48280.t1,GO:0097367
Montipora_capitata_HIv3___RNAseq.g48280.t1,GO:0098754
Montipora_capitata_HIv3___RNAseq.g48280.t1,GO:1900750
Montipora_capitata_HIv3___RNAseq.g48280.t1,GO:1901265
Montipora_capitata_HIv3___RNAseq.g48280.t1,GO:1901363
Montipora_capitata_HIv3___RNAseq.g48280.t1,GO:1901564
Montipora_capitata_HIv3___RNAseq.g48280.t1,GO:1901566
Montipora_capitata_HIv3___RNAseq.g48280.t1,GO:1901576
Montipora_capitata_HIv3___RNAseq.g48280.t1,GO:1901681
Montipora_capitata_HIv3___RNAseq.g48280.t1,GO:1901698
Montipora_capitata_HIv3___RNAseq.g48280.t1,GO:1901700
Montipora_capitata_HIv3___RNAseq.g39262.t1,GO:0000209
Montipora_capitata_HIv3___RNAseq.g39262.t1,GO:0003674
Montipora_capitata_HIv3___RNAseq.g39262.t1,GO:0003824
Montipora_capitata_HIv3___RNAseq.g39262.t1,GO:0004842
Montipora_capitata_HIv3___RNAseq.g39262.t1,GO:0005488
Montipora_capitata_HIv3___RNAseq.g39262.t1,GO:0005575
Montipora_capitata_HIv3___RNAseq.g39262.t1,GO:0005622
Montipora_capitata_HIv3___RNAseq.g39262.t1,GO:0005623
Montipora_capitata_HIv3___RNAseq.g39262.t1,GO:0005737
Montipora_capitata_HIv3___RNAseq.g39262.t1,GO:0006464
Montipora_capitata_HIv3___RNAseq.g39262.t1,GO:0006508
Montipora_capitata_HIv3___RNAseq.g39262.t1,GO:0006511
Montipora_capitata_HIv3___RNAseq.g39262.t1,GO:0006807
Montipora_capitata_HIv3___RNAseq.g39262.t1,GO:0008150
Montipora_capitata_HIv3___RNAseq.g39262.t1,GO:0008152
Montipora_capitata_HIv3___RNAseq.g39262.t1,GO:0008270
Montipora_capitata_HIv3___RNAseq.g39262.t1,GO:0009056
Montipora_capitata_HIv3___RNAseq.g39262.t1,GO:0009057
Montipora_capitata_HIv3___RNAseq.g39262.t1,GO:0009987
Montipora_capitata_HIv3___RNAseq.g39262.t1,GO:0010498
Montipora_capitata_HIv3___RNAseq.g39262.t1,GO:0016567
Montipora_capitata_HIv3___RNAseq.g39262.t1,GO:0016740
Montipora_capitata_HIv3___RNAseq.g39262.t1,GO:0019538
Montipora_capitata_HIv3___RNAseq.g39262.t1,GO:0019787
Montipora_capitata_HIv3___RNAseq.g39262.t1,GO:0019941
Montipora_capitata_HIv3___RNAseq.g39262.t1,GO:0030163
Montipora_capitata_HIv3___RNAseq.g39262.t1,GO:0032446
Montipora_capitata_HIv3___RNAseq.g39262.t1,GO:0036211
Montipora_capitata_HIv3___RNAseq.g39262.t1,GO:0043161
Montipora_capitata_HIv3___RNAseq.g39262.t1,GO:0043167
Montipora_capitata_HIv3___RNAseq.g39262.t1,GO:0043169
Montipora_capitata_HIv3___RNAseq.g39262.t1,GO:0043170
Montipora_capitata_HIv3___RNAseq.g39262.t1,GO:0043412
Montipora_capitata_HIv3___RNAseq.g39262.t1,GO:0043632
Montipora_capitata_HIv3___RNAseq.g39262.t1,GO:0044237
Montipora_capitata_HIv3___RNAseq.g39262.t1,GO:0044238
Montipora_capitata_HIv3___RNAseq.g39262.t1,GO:0044248
Montipora_capitata_HIv3___RNAseq.g39262.t1,GO:0044257
Montipora_capitata_HIv3___RNAseq.g39262.t1,GO:0044260
Montipora_capitata_HIv3___RNAseq.g39262.t1,GO:0044265
Montipora_capitata_HIv3___RNAseq.g39262.t1,GO:0044267
Montipora_capitata_HIv3___RNAseq.g39262.t1,GO:0044424
Montipora_capitata_HIv3___RNAseq.g39262.t1,GO:0044464
Montipora_capitata_HIv3___RNAseq.g39262.t1,GO:0046872
Montipora_capitata_HIv3___RNAseq.g39262.t1,GO:0046914
Montipora_capitata_HIv3___RNAseq.g39262.t1,GO:0051603
Montipora_capitata_HIv3___RNAseq.g39262.t1,GO:0051865
Montipora_capitata_HIv3___RNAseq.g39262.t1,GO:0061630
Montipora_capitata_HIv3___RNAseq.g39262.t1,GO:0061659
Montipora_capitata_HIv3___RNAseq.g39262.t1,GO:0070647
Montipora_capitata_HIv3___RNAseq.g39262.t1,GO:0071704
Montipora_capitata_HIv3___RNAseq.g39262.t1,GO:0140096
Montipora_capitata_HIv3___RNAseq.g39262.t1,GO:1901564
Montipora_capitata_HIv3___RNAseq.g39262.t1,GO:1901565
Montipora_capitata_HIv3___RNAseq.g39262.t1,GO:1901575
Montipora_capitata_HIv3___RNAseq.g39295.t2,GO:0000003
Montipora_capitata_HIv3___RNAseq.g39295.t2,GO:0000280
Montipora_capitata_HIv3___RNAseq.g39295.t2,GO:0001666
Montipora_capitata_HIv3___RNAseq.g39295.t2,GO:0003674
Montipora_capitata_HIv3___RNAseq.g39295.t2,GO:0005215
Montipora_capitata_HIv3___RNAseq.g39295.t2,GO:0005351
Montipora_capitata_HIv3___RNAseq.g39295.t2,GO:0005353
Montipora_capitata_HIv3___RNAseq.g39295.t2,GO:0005354
Montipora_capitata_HIv3___RNAseq.g39295.t2,GO:0005355
Montipora_capitata_HIv3___RNAseq.g39295.t2,GO:0005402
Montipora_capitata_HIv3___RNAseq.g39295.t2,GO:0005488
Montipora_capitata_HIv3___RNAseq.g39295.t2,GO:0005536
Montipora_capitata_HIv3___RNAseq.g39295.t2,GO:0005575
Montipora_capitata_HIv3___RNAseq.g39295.t2,GO:0005622
Montipora_capitata_HIv3___RNAseq.g39295.t2,GO:0005623
Montipora_capitata_HIv3___RNAseq.g39295.t2,GO:0005737
Montipora_capitata_HIv3___RNAseq.g39295.t2,GO:0005886
Montipora_capitata_HIv3___RNAseq.g39295.t2,GO:0005887
Montipora_capitata_HIv3___RNAseq.g39295.t2,GO:0005975
Montipora_capitata_HIv3___RNAseq.g39295.t2,GO:0005996
Montipora_capitata_HIv3___RNAseq.g39295.t2,GO:0006006
Montipora_capitata_HIv3___RNAseq.g39295.t2,GO:0006810
Montipora_capitata_HIv3___RNAseq.g39295.t2,GO:0006811
Montipora_capitata_HIv3___RNAseq.g39295.t2,GO:0006812
Montipora_capitata_HIv3___RNAseq.g39295.t2,GO:0006950
Montipora_capitata_HIv3___RNAseq.g39295.t2,GO:0006996
Montipora_capitata_HIv3___RNAseq.g39295.t2,GO:0007049
Montipora_capitata_HIv3___RNAseq.g39295.t2,GO:0007127
Montipora_capitata_HIv3___RNAseq.g39295.t2,GO:0007140
Montipora_capitata_HIv3___RNAseq.g39295.t2,GO:0007141
Montipora_capitata_HIv3___RNAseq.g39295.t2,GO:0007154
Montipora_capitata_HIv3___RNAseq.g39295.t2,GO:0007165
Montipora_capitata_HIv3___RNAseq.g39295.t2,GO:0007166
Montipora_capitata_HIv3___RNAseq.g39295.t2,GO:0007167
Montipora_capitata_HIv3___RNAseq.g39295.t2,GO:0007169
Montipora_capitata_HIv3___RNAseq.g39295.t2,GO:0007276
Montipora_capitata_HIv3___RNAseq.g39295.t2,GO:0008021
Montipora_capitata_HIv3___RNAseq.g39295.t2,GO:0008150
Montipora_capitata_HIv3___RNAseq.g39295.t2,GO:0008152
Montipora_capitata_HIv3___RNAseq.g39295.t2,GO:0008286
Montipora_capitata_HIv3___RNAseq.g39295.t2,GO:0008324
Montipora_capitata_HIv3___RNAseq.g39295.t2,GO:0008516
Montipora_capitata_HIv3___RNAseq.g39295.t2,GO:0008643
Montipora_capitata_HIv3___RNAseq.g39295.t2,GO:0008645
Montipora_capitata_HIv3___RNAseq.g39295.t2,GO:0009628
Montipora_capitata_HIv3___RNAseq.g39295.t2,GO:0009719
Montipora_capitata_HIv3___RNAseq.g39295.t2,GO:0009725
Montipora_capitata_HIv3___RNAseq.g39295.t2,GO:0009987
Montipora_capitata_HIv3___RNAseq.g39295.t2,GO:0010033
Montipora_capitata_HIv3___RNAseq.g39295.t2,GO:0010243
Montipora_capitata_HIv3___RNAseq.g39295.t2,GO:0012505
Montipora_capitata_HIv3___RNAseq.g39295.t2,GO:0012506
Montipora_capitata_HIv3___RNAseq.g39295.t2,GO:0015075
Montipora_capitata_HIv3___RNAseq.g39295.t2,GO:0015077
Montipora_capitata_HIv3___RNAseq.g39295.t2,GO:0015078
Montipora_capitata_HIv3___RNAseq.g39295.t2,GO:0015144
Montipora_capitata_HIv3___RNAseq.g39295.t2,GO:0015145
Montipora_capitata_HIv3___RNAseq.g39295.t2,GO:0015149
Montipora_capitata_HIv3___RNAseq.g39295.t2,GO:0015154
Montipora_capitata_HIv3___RNAseq.g39295.t2,GO:0015157
Montipora_capitata_HIv3___RNAseq.g39295.t2,GO:0015284
Montipora_capitata_HIv3___RNAseq.g39295.t2,GO:0015291
Montipora_capitata_HIv3___RNAseq.g39295.t2,GO:0015292
Montipora_capitata_HIv3___RNAseq.g39295.t2,GO:0015293
Montipora_capitata_HIv3___RNAseq.g39295.t2,GO:0015294
Montipora_capitata_HIv3___RNAseq.g39295.t2,GO:0015295
Montipora_capitata_HIv3___RNAseq.g39295.t2,GO:0015318
Montipora_capitata_HIv3___RNAseq.g39295.t2,GO:0015574
Montipora_capitata_HIv3___RNAseq.g39295.t2,GO:0015672
Montipora_capitata_HIv3___RNAseq.g39295.t2,GO:0015749
Montipora_capitata_HIv3___RNAseq.g39295.t2,GO:0015755
Montipora_capitata_HIv3___RNAseq.g39295.t2,GO:0015757
Montipora_capitata_HIv3___RNAseq.g39295.t2,GO:0015766
Montipora_capitata_HIv3___RNAseq.g39295.t2,GO:0015771
Montipora_capitata_HIv3___RNAseq.g39295.t2,GO:0015772
Montipora_capitata_HIv3___RNAseq.g39295.t2,GO:0016020
Montipora_capitata_HIv3___RNAseq.g39295.t2,GO:0016021
Montipora_capitata_HIv3___RNAseq.g39295.t2,GO:0016043
Montipora_capitata_HIv3___RNAseq.g39295.t2,GO:0019318
Montipora_capitata_HIv3___RNAseq.g39295.t2,GO:0019953
Montipora_capitata_HIv3___RNAseq.g39295.t2,GO:0022402
Montipora_capitata_HIv3___RNAseq.g39295.t2,GO:0022412
Montipora_capitata_HIv3___RNAseq.g39295.t2,GO:0022414
Montipora_capitata_HIv3___RNAseq.g39295.t2,GO:0022804
Montipora_capitata_HIv3___RNAseq.g39295.t2,GO:0022857
Montipora_capitata_HIv3___RNAseq.g39295.t2,GO:0022890
Montipora_capitata_HIv3___RNAseq.g39295.t2,GO:0023052
Montipora_capitata_HIv3___RNAseq.g39295.t2,GO:0030133
Montipora_capitata_HIv3___RNAseq.g39295.t2,GO:0030135
Montipora_capitata_HIv3___RNAseq.g39295.t2,GO:0030136
Montipora_capitata_HIv3___RNAseq.g39295.t2,GO:0030246
Montipora_capitata_HIv3___RNAseq.g39295.t2,GO:0030659
Montipora_capitata_HIv3___RNAseq.g39295.t2,GO:0030662
Montipora_capitata_HIv3___RNAseq.g39295.t2,GO:0030665
Montipora_capitata_HIv3___RNAseq.g39295.t2,GO:0031090
Montipora_capitata_HIv3___RNAseq.g39295.t2,GO:0031224
Montipora_capitata_HIv3___RNAseq.g39295.t2,GO:0031226
Montipora_capitata_HIv3___RNAseq.g39295.t2,GO:0031410
Montipora_capitata_HIv3___RNAseq.g39295.t2,GO:0031982
Montipora_capitata_HIv3___RNAseq.g39295.t2,GO:0032501
Montipora_capitata_HIv3___RNAseq.g39295.t2,GO:0032504
Montipora_capitata_HIv3___RNAseq.g39295.t2,GO:0032868
Montipora_capitata_HIv3___RNAseq.g39295.t2,GO:0032869
Montipora_capitata_HIv3___RNAseq.g39295.t2,GO:0032870
Montipora_capitata_HIv3___RNAseq.g39295.t2,GO:0034219
Montipora_capitata_HIv3___RNAseq.g39295.t2,GO:0034220
Montipora_capitata_HIv3___RNAseq.g39295.t2,GO:0036094
Montipora_capitata_HIv3___RNAseq.g39295.t2,GO:0036293
Montipora_capitata_HIv3___RNAseq.g39295.t2,GO:0042221
Montipora_capitata_HIv3___RNAseq.g39295.t2,GO:0043226
Montipora_capitata_HIv3___RNAseq.g39295.t2,GO:0043227
Montipora_capitata_HIv3___RNAseq.g39295.t2,GO:0043229
Montipora_capitata_HIv3___RNAseq.g39295.t2,GO:0043434
Montipora_capitata_HIv3___RNAseq.g39295.t2,GO:0044238
Montipora_capitata_HIv3___RNAseq.g39295.t2,GO:0044281
Montipora_capitata_HIv3___RNAseq.g39295.t2,GO:0044422
Montipora_capitata_HIv3___RNAseq.g39295.t2,GO:0044424
Montipora_capitata_HIv3___RNAseq.g39295.t2,GO:0044425
Montipora_capitata_HIv3___RNAseq.g39295.t2,GO:0044433
Montipora_capitata_HIv3___RNAseq.g39295.t2,GO:0044444
Montipora_capitata_HIv3___RNAseq.g39295.t2,GO:0044446
Montipora_capitata_HIv3___RNAseq.g39295.t2,GO:0044456
Montipora_capitata_HIv3___RNAseq.g39295.t2,GO:0044459
Montipora_capitata_HIv3___RNAseq.g39295.t2,GO:0044464
Montipora_capitata_HIv3___RNAseq.g39295.t2,GO:0044703
Montipora_capitata_HIv3___RNAseq.g39295.t2,GO:0045202
Montipora_capitata_HIv3___RNAseq.g39295.t2,GO:0046323
Montipora_capitata_HIv3___RNAseq.g39295.t2,GO:0048029
Montipora_capitata_HIv3___RNAseq.g39295.t2,GO:0048232
Montipora_capitata_HIv3___RNAseq.g39295.t2,GO:0048285
Montipora_capitata_HIv3___RNAseq.g39295.t2,GO:0048609
Montipora_capitata_HIv3___RNAseq.g39295.t2,GO:0050789
Montipora_capitata_HIv3___RNAseq.g39295.t2,GO:0050794
Montipora_capitata_HIv3___RNAseq.g39295.t2,GO:0050896
Montipora_capitata_HIv3___RNAseq.g39295.t2,GO:0051119
Montipora_capitata_HIv3___RNAseq.g39295.t2,GO:0051179
Montipora_capitata_HIv3___RNAseq.g39295.t2,GO:0051234
Montipora_capitata_HIv3___RNAseq.g39295.t2,GO:0051321
Montipora_capitata_HIv3___RNAseq.g39295.t2,GO:0051704
Montipora_capitata_HIv3___RNAseq.g39295.t2,GO:0051716
Montipora_capitata_HIv3___RNAseq.g39295.t2,GO:0055056
Montipora_capitata_HIv3___RNAseq.g39295.t2,GO:0055085
Montipora_capitata_HIv3___RNAseq.g39295.t2,GO:0061024
Montipora_capitata_HIv3___RNAseq.g39295.t2,GO:0061982
Montipora_capitata_HIv3___RNAseq.g39295.t2,GO:0065007
Montipora_capitata_HIv3___RNAseq.g39295.t2,GO:0070382
Montipora_capitata_HIv3___RNAseq.g39295.t2,GO:0070482
Montipora_capitata_HIv3___RNAseq.g39295.t2,GO:0070887
Montipora_capitata_HIv3___RNAseq.g39295.t2,GO:0071310
Montipora_capitata_HIv3___RNAseq.g39295.t2,GO:0071375
Montipora_capitata_HIv3___RNAseq.g39295.t2,GO:0071417
Montipora_capitata_HIv3___RNAseq.g39295.t2,GO:0071495
Montipora_capitata_HIv3___RNAseq.g39295.t2,GO:0071702
Montipora_capitata_HIv3___RNAseq.g39295.t2,GO:0071704
Montipora_capitata_HIv3___RNAseq.g39295.t2,GO:0071840
Montipora_capitata_HIv3___RNAseq.g39295.t2,GO:0071944
Montipora_capitata_HIv3___RNAseq.g39295.t2,GO:0097458
Montipora_capitata_HIv3___RNAseq.g39295.t2,GO:0097708
Montipora_capitata_HIv3___RNAseq.g39295.t2,GO:0098588
Montipora_capitata_HIv3___RNAseq.g39295.t2,GO:0098655
Montipora_capitata_HIv3___RNAseq.g39295.t2,GO:0098660
Montipora_capitata_HIv3___RNAseq.g39295.t2,GO:0098662
Montipora_capitata_HIv3___RNAseq.g39295.t2,GO:0098793
Montipora_capitata_HIv3___RNAseq.g39295.t2,GO:0098805
Montipora_capitata_HIv3___RNAseq.g39295.t2,GO:0099503
Montipora_capitata_HIv3___RNAseq.g39295.t2,GO:0140013
Montipora_capitata_HIv3___RNAseq.g39295.t2,GO:1901652
Montipora_capitata_HIv3___RNAseq.g39295.t2,GO:1901653
Montipora_capitata_HIv3___RNAseq.g39295.t2,GO:1901698
Montipora_capitata_HIv3___RNAseq.g39295.t2,GO:1901699
Montipora_capitata_HIv3___RNAseq.g39295.t2,GO:1901700
Montipora_capitata_HIv3___RNAseq.g39295.t2,GO:1901701
Montipora_capitata_HIv3___RNAseq.g39295.t2,GO:1902600
Montipora_capitata_HIv3___RNAseq.g39295.t2,GO:1903046
Montipora_capitata_HIv3___RNAseq.g39295.t2,GO:1904659
Montipora_capitata_HIv3___RNAseq.g35361.t1,GO:0003674
Montipora_capitata_HIv3___RNAseq.g35361.t1,GO:0003676
Montipora_capitata_HIv3___RNAseq.g35361.t1,GO:0003723
Montipora_capitata_HIv3___RNAseq.g35361.t1,GO:0003746
Montipora_capitata_HIv3___RNAseq.g35361.t1,GO:0003824
Montipora_capitata_HIv3___RNAseq.g35361.t1,GO:0003924
Montipora_capitata_HIv3___RNAseq.g35361.t1,GO:0005488
Montipora_capitata_HIv3___RNAseq.g35361.t1,GO:0005575
Montipora_capitata_HIv3___RNAseq.g35361.t1,GO:0005622
Montipora_capitata_HIv3___RNAseq.g35361.t1,GO:0005623
Montipora_capitata_HIv3___RNAseq.g35361.t1,GO:0005634
Montipora_capitata_HIv3___RNAseq.g35361.t1,GO:0005737
Montipora_capitata_HIv3___RNAseq.g35361.t1,GO:0005739
Montipora_capitata_HIv3___RNAseq.g35361.t1,GO:0005759
Montipora_capitata_HIv3___RNAseq.g35361.t1,GO:0006412
Montipora_capitata_HIv3___RNAseq.g35361.t1,GO:0006414
Montipora_capitata_HIv3___RNAseq.g35361.t1,GO:0006518
Montipora_capitata_HIv3___RNAseq.g35361.t1,GO:0006807
Montipora_capitata_HIv3___RNAseq.g35361.t1,GO:0008135
Montipora_capitata_HIv3___RNAseq.g35361.t1,GO:0008150
Montipora_capitata_HIv3___RNAseq.g35361.t1,GO:0008152
Montipora_capitata_HIv3___RNAseq.g35361.t1,GO:0009058
Montipora_capitata_HIv3___RNAseq.g35361.t1,GO:0009059
Montipora_capitata_HIv3___RNAseq.g35361.t1,GO:0009987
Montipora_capitata_HIv3___RNAseq.g35361.t1,GO:0010467
Montipora_capitata_HIv3___RNAseq.g35361.t1,GO:0016462
Montipora_capitata_HIv3___RNAseq.g35361.t1,GO:0016787
Montipora_capitata_HIv3___RNAseq.g35361.t1,GO:0016817
Montipora_capitata_HIv3___RNAseq.g35361.t1,GO:0016818
Montipora_capitata_HIv3___RNAseq.g35361.t1,GO:0017111
Montipora_capitata_HIv3___RNAseq.g35361.t1,GO:0019538
Montipora_capitata_HIv3___RNAseq.g35361.t1,GO:0031974
Montipora_capitata_HIv3___RNAseq.g35361.t1,GO:0032543
Montipora_capitata_HIv3___RNAseq.g35361.t1,GO:0034641
Montipora_capitata_HIv3___RNAseq.g35361.t1,GO:0034645
Montipora_capitata_HIv3___RNAseq.g35361.t1,GO:0043043
Montipora_capitata_HIv3___RNAseq.g35361.t1,GO:0043170
Montipora_capitata_HIv3___RNAseq.g35361.t1,GO:0043226
Montipora_capitata_HIv3___RNAseq.g35361.t1,GO:0043227
Montipora_capitata_HIv3___RNAseq.g35361.t1,GO:0043229
Montipora_capitata_HIv3___RNAseq.g35361.t1,GO:0043231
Montipora_capitata_HIv3___RNAseq.g35361.t1,GO:0043233
Montipora_capitata_HIv3___RNAseq.g35361.t1,GO:0043603
Montipora_capitata_HIv3___RNAseq.g35361.t1,GO:0043604
Montipora_capitata_HIv3___RNAseq.g35361.t1,GO:0044237
Montipora_capitata_HIv3___RNAseq.g35361.t1,GO:0044238
Montipora_capitata_HIv3___RNAseq.g35361.t1,GO:0044249
Montipora_capitata_HIv3___RNAseq.g35361.t1,GO:0044260
Montipora_capitata_HIv3___RNAseq.g35361.t1,GO:0044267
Montipora_capitata_HIv3___RNAseq.g35361.t1,GO:0044271
Montipora_capitata_HIv3___RNAseq.g35361.t1,GO:0044422
Montipora_capitata_HIv3___RNAseq.g35361.t1,GO:0044424
Montipora_capitata_HIv3___RNAseq.g35361.t1,GO:0044429
Montipora_capitata_HIv3___RNAseq.g35361.t1,GO:0044444
Montipora_capitata_HIv3___RNAseq.g35361.t1,GO:0044446
Montipora_capitata_HIv3___RNAseq.g35361.t1,GO:0044464
Montipora_capitata_HIv3___RNAseq.g35361.t1,GO:0070013
Montipora_capitata_HIv3___RNAseq.g35361.t1,GO:0070125
Montipora_capitata_HIv3___RNAseq.g35361.t1,GO:0071704
Montipora_capitata_HIv3___RNAseq.g35361.t1,GO:0097159
Montipora_capitata_HIv3___RNAseq.g35361.t1,GO:0140053
Montipora_capitata_HIv3___RNAseq.g35361.t1,GO:1901363
Montipora_capitata_HIv3___RNAseq.g35361.t1,GO:1901564
Montipora_capitata_HIv3___RNAseq.g35361.t1,GO:1901566
Montipora_capitata_HIv3___RNAseq.g35361.t1,GO:1901576
Montipora_capitata_HIv3___RNAseq.g36818.t1,GO:0000041
Montipora_capitata_HIv3___RNAseq.g36818.t1,GO:0000139
Montipora_capitata_HIv3___RNAseq.g36818.t1,GO:0003674
Montipora_capitata_HIv3___RNAseq.g36818.t1,GO:0005215
Montipora_capitata_HIv3___RNAseq.g36818.t1,GO:0005375
Montipora_capitata_HIv3___RNAseq.g36818.t1,GO:0005381
Montipora_capitata_HIv3___RNAseq.g36818.t1,GO:0005384
Montipora_capitata_HIv3___RNAseq.g36818.t1,GO:0005575
Montipora_capitata_HIv3___RNAseq.g36818.t1,GO:0005622
Montipora_capitata_HIv3___RNAseq.g36818.t1,GO:0005623
Montipora_capitata_HIv3___RNAseq.g36818.t1,GO:0005737
Montipora_capitata_HIv3___RNAseq.g36818.t1,GO:0005768
Montipora_capitata_HIv3___RNAseq.g36818.t1,GO:0005769
Montipora_capitata_HIv3___RNAseq.g36818.t1,GO:0005783
Montipora_capitata_HIv3___RNAseq.g36818.t1,GO:0005789
Montipora_capitata_HIv3___RNAseq.g36818.t1,GO:0005794
Montipora_capitata_HIv3___RNAseq.g36818.t1,GO:0005886
Montipora_capitata_HIv3___RNAseq.g36818.t1,GO:0006810
Montipora_capitata_HIv3___RNAseq.g36818.t1,GO:0006811
Montipora_capitata_HIv3___RNAseq.g36818.t1,GO:0006812
Montipora_capitata_HIv3___RNAseq.g36818.t1,GO:0006824
Montipora_capitata_HIv3___RNAseq.g36818.t1,GO:0006825
Montipora_capitata_HIv3___RNAseq.g36818.t1,GO:0006826
Montipora_capitata_HIv3___RNAseq.g36818.t1,GO:0006828
Montipora_capitata_HIv3___RNAseq.g36818.t1,GO:0008150
Montipora_capitata_HIv3___RNAseq.g36818.t1,GO:0008324
Montipora_capitata_HIv3___RNAseq.g36818.t1,GO:0012505
Montipora_capitata_HIv3___RNAseq.g36818.t1,GO:0015075
Montipora_capitata_HIv3___RNAseq.g36818.t1,GO:0015087
Montipora_capitata_HIv3___RNAseq.g36818.t1,GO:0015093
Montipora_capitata_HIv3___RNAseq.g36818.t1,GO:0015095
Montipora_capitata_HIv3___RNAseq.g36818.t1,GO:0015099
Montipora_capitata_HIv3___RNAseq.g36818.t1,GO:0015318
Montipora_capitata_HIv3___RNAseq.g36818.t1,GO:0015675
Montipora_capitata_HIv3___RNAseq.g36818.t1,GO:0015684
Montipora_capitata_HIv3___RNAseq.g36818.t1,GO:0015693
Montipora_capitata_HIv3___RNAseq.g36818.t1,GO:0016020
Montipora_capitata_HIv3___RNAseq.g36818.t1,GO:0016021
Montipora_capitata_HIv3___RNAseq.g36818.t1,GO:0022857
Montipora_capitata_HIv3___RNAseq.g36818.t1,GO:0022890
Montipora_capitata_HIv3___RNAseq.g36818.t1,GO:0030001
Montipora_capitata_HIv3___RNAseq.g36818.t1,GO:0030176
Montipora_capitata_HIv3___RNAseq.g36818.t1,GO:0031090
Montipora_capitata_HIv3___RNAseq.g36818.t1,GO:0031224
Montipora_capitata_HIv3___RNAseq.g36818.t1,GO:0031227
Montipora_capitata_HIv3___RNAseq.g36818.t1,GO:0031410
Montipora_capitata_HIv3___RNAseq.g36818.t1,GO:0031982
Montipora_capitata_HIv3___RNAseq.g36818.t1,GO:0031984
Montipora_capitata_HIv3___RNAseq.g36818.t1,GO:0032991
Montipora_capitata_HIv3___RNAseq.g36818.t1,GO:0034220
Montipora_capitata_HIv3___RNAseq.g36818.t1,GO:0034755
Montipora_capitata_HIv3___RNAseq.g36818.t1,GO:0035434
Montipora_capitata_HIv3___RNAseq.g36818.t1,GO:0035444
Montipora_capitata_HIv3___RNAseq.g36818.t1,GO:0042175
Montipora_capitata_HIv3___RNAseq.g36818.t1,GO:0043226
Montipora_capitata_HIv3___RNAseq.g36818.t1,GO:0043227
Montipora_capitata_HIv3___RNAseq.g36818.t1,GO:0043229
Montipora_capitata_HIv3___RNAseq.g36818.t1,GO:0043231
Montipora_capitata_HIv3___RNAseq.g36818.t1,GO:0044422
Montipora_capitata_HIv3___RNAseq.g36818.t1,GO:0044424
Montipora_capitata_HIv3___RNAseq.g36818.t1,GO:0044425
Montipora_capitata_HIv3___RNAseq.g36818.t1,GO:0044431
Montipora_capitata_HIv3___RNAseq.g36818.t1,GO:0044432
Montipora_capitata_HIv3___RNAseq.g36818.t1,GO:0044444
Montipora_capitata_HIv3___RNAseq.g36818.t1,GO:0044446
Montipora_capitata_HIv3___RNAseq.g36818.t1,GO:0044464
Montipora_capitata_HIv3___RNAseq.g36818.t1,GO:0046873
Montipora_capitata_HIv3___RNAseq.g36818.t1,GO:0046915
Montipora_capitata_HIv3___RNAseq.g36818.t1,GO:0051179
Montipora_capitata_HIv3___RNAseq.g36818.t1,GO:0051234
Montipora_capitata_HIv3___RNAseq.g36818.t1,GO:0055085
Montipora_capitata_HIv3___RNAseq.g36818.t1,GO:0070838
Montipora_capitata_HIv3___RNAseq.g36818.t1,GO:0071421
Montipora_capitata_HIv3___RNAseq.g36818.t1,GO:0071944
Montipora_capitata_HIv3___RNAseq.g36818.t1,GO:0072509
Montipora_capitata_HIv3___RNAseq.g36818.t1,GO:0072511
Montipora_capitata_HIv3___RNAseq.g36818.t1,GO:0072546
Montipora_capitata_HIv3___RNAseq.g36818.t1,GO:0097708
Montipora_capitata_HIv3___RNAseq.g36818.t1,GO:0098588
Montipora_capitata_HIv3___RNAseq.g36818.t1,GO:0098655
Montipora_capitata_HIv3___RNAseq.g36818.t1,GO:0098660
Montipora_capitata_HIv3___RNAseq.g36818.t1,GO:0098662
Montipora_capitata_HIv3___RNAseq.g36818.t1,GO:0098791
Montipora_capitata_HIv3___RNAseq.g36818.t1,GO:0098796
Montipora_capitata_HIv3___RNAseq.g36818.t1,GO:0098827
Montipora_capitata_HIv3___RNAseq.g36818.t1,GO:1903830
Montipora_capitata_HIv3___RNAseq.g36818.t1,GO:1903874
