go,cluster,parent,parentSimScore,score,size,term,parentTerm
GO:0010604,1,GO:0010604,0.98,307.6526555685888,0,positive regulation of macromolecule metabolic process,positive regulation of macromolecule metabolic process
GO:0050794,1,GO:0010604,0.366,307.6526555685888,0,regulation of cellular process,positive regulation of macromolecule metabolic process
GO:0010564,2,GO:0010564,0.993,307.6526555685888,2,regulation of cell cycle process,regulation of cell cycle process
GO:0050789,1,GO:0010604,0.383,307.6526555685888,0,regulation of biological process,positive regulation of macromolecule metabolic process
GO:0022402,2,GO:0010564,0.834,307.6526555685888,0,cell cycle process,regulation of cell cycle process
GO:0034641,3,GO:0034641,0.84,307.6526555685888,0,cellular nitrogen compound metabolic process,cellular nitrogen compound metabolic process
GO:0023051,4,GO:0023051,0.986,307.6526555685888,2,regulation of signaling,regulation of signaling
GO:0090304,3,GO:0034641,0.774,307.6526555685888,2,nucleic acid metabolic process,cellular nitrogen compound metabolic process
GO:0016310,5,GO:0016310,0.959,307.6526555685888,483,phosphorylation,phosphorylation
GO:0031326,1,GO:0010604,0.646,307.6526555685888,0,regulation of cellular biosynthetic process,positive regulation of macromolecule metabolic process
GO:0008104,6,GO:0008104,0.971,307.6526555685888,83,protein localization,protein localization
GO:0022414,7,GO:0022414,0.958,307.6526555685888,11,reproductive process,reproductive process
GO:0045935,1,GO:0010604,0.885,307.6526555685888,0,positive regulation of nucleobase-containing compound metabolic process,positive regulation of macromolecule metabolic process
GO:0009628,8,GO:0009628,0.987,307.6526555685888,0,response to abiotic stimulus,response to abiotic stimulus
GO:0051050,9,GO:0051050,0.995,307.6526555685888,0,positive regulation of transport,positive regulation of transport
GO:0009893,1,GO:0010604,0.965,307.6526555685888,0,positive regulation of metabolic process,positive regulation of macromolecule metabolic process
GO:0010941,10,GO:0010941,0.995,307.6526555685888,1,regulation of cell death,regulation of cell death
GO:0003006,7,GO:0022414,0.859,307.6526555685888,1,developmental process involved in reproduction,reproductive process
GO:0044237,3,GO:0034641,0.58,307.6526555685888,12,cellular metabolic process,cellular nitrogen compound metabolic process
GO:0040011,11,GO:0040011,0.977,307.6526555685888,108,locomotion,locomotion
GO:0042981,10,GO:0010941,0.961,307.6526555685888,15,regulation of apoptotic process,regulation of cell death
GO:0023052,4,GO:0023051,0.643,307.6526555685888,4,signaling,regulation of signaling
GO:0032504,7,GO:0022414,0.829,307.6526555685888,24,multicellular organism reproduction,reproductive process
GO:0051247,12,GO:0051247,0.994,307.6526555685888,0,positive regulation of protein metabolic process,positive regulation of protein metabolic process
GO:0022008,13,GO:0022008,0.979,307.6526555685888,3,neurogenesis,neurogenesis
GO:0000278,2,GO:0010564,0.694,307.6526555685888,54,mitotic cell cycle,regulation of cell cycle process
GO:0007166,14,GO:0007166,0.983,307.6526555685888,11,cell surface receptor signaling pathway,cell surface receptor signaling pathway
GO:0010605,15,GO:0010605,0.977,307.6526555685888,0,negative regulation of macromolecule metabolic process,negative regulation of macromolecule metabolic process
GO:0070727,6,GO:0008104,0.971,307.6526555685888,0,cellular macromolecule localization,protein localization
GO:0070887,16,GO:0070887,0.982,307.6526555685888,0,cellular response to chemical stimulus,cellular response to chemical stimulus
GO:0050793,17,GO:0050793,0.976,307.6526555685888,4,regulation of developmental process,regulation of developmental process
GO:0051252,1,GO:0010604,0.658,307.6526555685888,2,regulation of RNA metabolic process,positive regulation of macromolecule metabolic process
GO:0043603,18,GO:0043603,0.972,307.6526555685888,0,cellular amide metabolic process,cellular amide metabolic process
GO:0009888,19,GO:0009888,0.993,307.6526555685888,30,tissue development,tissue development
GO:0044238,3,GO:0034641,0.412,307.6526555685888,13,primary metabolic process,cellular nitrogen compound metabolic process
GO:0043412,20,GO:0043412,0.927,307.6526555685888,3,macromolecule modification,macromolecule modification
GO:0051172,15,GO:0010605,0.903,307.6526555685888,0,negative regulation of nitrogen compound metabolic process,negative regulation of macromolecule metabolic process
GO:0042221,16,GO:0070887,0.808,307.6526555685888,1,response to chemical,cellular response to chemical stimulus
GO:0010243,16,GO:0070887,0.599,307.6526555685888,0,response to organonitrogen compound,cellular response to chemical stimulus
GO:0006355,21,GO:0006355,0.954,307.6526555685888,564,regulation of DNA-templated transcription,regulation of DNA-templated transcription
GO:0034654,21,GO:0006355,0.891,307.6526555685888,1,nucleobase-containing compound biosynthetic process,regulation of DNA-templated transcription
GO:0043170,3,GO:0034641,0.388,307.6526555685888,2,macromolecule metabolic process,cellular nitrogen compound metabolic process
GO:0045595,17,GO:0050793,0.818,307.6526555685888,9,regulation of cell differentiation,regulation of developmental process
GO:1901564,22,GO:1901564,0.842,307.6526555685888,0,organonitrogen compound metabolic process,organonitrogen compound metabolic process
GO:0048856,13,GO:0022008,0.651,307.6526555685888,191,anatomical structure development,neurogenesis
GO:0018130,21,GO:0006355,0.882,307.6526555685888,0,heterocycle biosynthetic process,regulation of DNA-templated transcription
GO:0010556,1,GO:0010604,0.661,307.6526555685888,0,regulation of macromolecule biosynthetic process,positive regulation of macromolecule metabolic process
GO:0051128,23,GO:0051128,0.98,307.6526555685888,2,regulation of cellular component organization,regulation of cellular component organization
GO:0070647,20,GO:0043412,0.69,307.6526555685888,0,protein modification by small protein conjugation or removal,macromolecule modification
GO:0006396,24,GO:0006396,0.971,307.6526555685888,49,RNA processing,RNA processing
GO:0019222,1,GO:0010604,0.698,307.6526555685888,1,regulation of metabolic process,positive regulation of macromolecule metabolic process
GO:0006518,18,GO:0043603,0.952,307.6526555685888,9,peptide metabolic process,cellular amide metabolic process
GO:0010648,14,GO:0007166,0.449,307.6526555685888,0,negative regulation of cell communication,cell surface receptor signaling pathway
GO:0006366,21,GO:0006355,0.858,307.6526555685888,19,transcription by RNA polymerase II,regulation of DNA-templated transcription
GO:0046903,25,GO:0046903,0.992,307.6526555685888,2,secretion,secretion
GO:0051171,1,GO:0010604,0.671,307.6526555685888,3,regulation of nitrogen compound metabolic process,positive regulation of macromolecule metabolic process
GO:0007276,7,GO:0022414,0.796,307.6526555685888,19,gamete generation,reproductive process
GO:0006351,21,GO:0006355,0.934,307.6526555685888,38,DNA-templated transcription,regulation of DNA-templated transcription
GO:0006810,26,GO:0006810,0.871,307.6526555685888,32,transport,transport
GO:0045184,6,GO:0008104,0.903,307.6526555685888,5,establishment of protein localization,protein localization
GO:0060255,1,GO:0010604,0.71,307.6526555685888,4,regulation of macromolecule metabolic process,positive regulation of macromolecule metabolic process
GO:0045321,27,GO:0045321,1,307.6526555685888,1,leukocyte activation,leukocyte activation
GO:0035239,28,GO:0035239,0.998,307.6526555685888,0,tube morphogenesis,tube morphogenesis
GO:0033036,6,GO:0008104,0.928,307.6526555685888,4,macromolecule localization,protein localization
GO:0006468,5,GO:0016310,0.893,307.6526555685888,541,protein phosphorylation,phosphorylation
GO:0042127,29,GO:0042127,0.999,307.6526555685888,14,regulation of cell population proliferation,regulation of cell population proliferation
GO:0031323,1,GO:0010604,0.667,307.6526555685888,0,regulation of cellular metabolic process,positive regulation of macromolecule metabolic process
GO:0009725,30,GO:0009725,0.999,307.6526555685888,1,response to hormone,response to hormone
GO:0044271,21,GO:0006355,0.814,307.6526555685888,0,cellular nitrogen compound biosynthetic process,regulation of DNA-templated transcription
GO:0010557,1,GO:0010604,0.901,307.6526555685888,0,positive regulation of macromolecule biosynthetic process,positive regulation of macromolecule metabolic process
GO:0010033,16,GO:0070887,0.696,307.6526555685888,3,response to organic substance,cellular response to chemical stimulus
GO:0001775,27,GO:0045321,0.907,307.6526555685888,0,cell activation,leukocyte activation
GO:0034645,31,GO:0034645,0.97,307.6526555685888,1,cellular macromolecule biosynthetic process,cellular macromolecule biosynthetic process
GO:0031401,12,GO:0051247,0.924,307.6526555685888,0,positive regulation of protein modification process,positive regulation of protein metabolic process
GO:0045892,15,GO:0010605,0.816,307.6526555685888,62,negative regulation of DNA-templated transcription,negative regulation of macromolecule metabolic process
GO:0033554,32,GO:0033554,0.97,307.6526555685888,1,cellular response to stress,cellular response to stress
GO:1903047,2,GO:0010564,0.767,307.6526555685888,0,mitotic cell cycle process,regulation of cell cycle process
GO:0007049,2,GO:0010564,0.773,307.6526555685888,179,cell cycle,regulation of cell cycle process
GO:0009968,14,GO:0007166,0.481,307.6526555685888,13,negative regulation of signal transduction,cell surface receptor signaling pathway
GO:0048869,13,GO:0022008,0.835,307.6526555685888,0,cellular developmental process,neurogenesis
GO:0031328,1,GO:0010604,0.877,307.6526555685888,0,positive regulation of cellular biosynthetic process,positive regulation of macromolecule metabolic process
GO:0019438,21,GO:0006355,0.885,307.6526555685888,0,aromatic compound biosynthetic process,regulation of DNA-templated transcription
GO:0010629,15,GO:0010605,0.902,307.6526555685888,66,negative regulation of gene expression,negative regulation of macromolecule metabolic process
GO:1902680,1,GO:0010604,0.889,307.6526555685888,0,positive regulation of RNA biosynthetic process,positive regulation of macromolecule metabolic process
GO:0051241,33,GO:0051241,0.996,307.6526555685888,0,negative regulation of multicellular organismal process,negative regulation of multicellular organismal process
GO:0120036,23,GO:0051128,0.513,307.6526555685888,1,plasma membrane bounded cell projection organization,regulation of cellular component organization
GO:0043066,10,GO:0010941,0.902,307.6526555685888,38,negative regulation of apoptotic process,regulation of cell death
GO:0009790,13,GO:0022008,0.582,307.6526555685888,62,embryo development,neurogenesis
GO:0009059,21,GO:0006355,0.822,307.6526555685888,0,macromolecule biosynthetic process,regulation of DNA-templated transcription
GO:0008284,29,GO:0042127,0.943,307.6526555685888,17,positive regulation of cell population proliferation,regulation of cell population proliferation
GO:0048584,34,GO:0048584,0.993,307.6526555685888,0,positive regulation of response to stimulus,positive regulation of response to stimulus
GO:0010467,24,GO:0006396,0.66,307.6526555685888,1,gene expression,RNA processing
GO:0007399,13,GO:0022008,0.94,307.6526555685888,112,nervous system development,neurogenesis
GO:0007275,13,GO:0022008,0.714,307.6526555685888,57,multicellular organism development,neurogenesis
GO:0006807,3,GO:0034641,0.599,307.6526555685888,14,nitrogen compound metabolic process,cellular nitrogen compound metabolic process
GO:1902679,15,GO:0010605,0.816,307.6526555685888,0,negative regulation of RNA biosynthetic process,negative regulation of macromolecule metabolic process
GO:0070201,9,GO:0051050,0.688,307.6526555685888,0,regulation of establishment of protein localization,positive regulation of transport
GO:0046483,3,GO:0034641,0.468,307.6526555685888,0,heterocycle metabolic process,cellular nitrogen compound metabolic process
GO:0042325,5,GO:0016310,0.716,307.6526555685888,1,regulation of phosphorylation,phosphorylation
GO:0006950,32,GO:0033554,0.841,307.6526555685888,11,response to stress,cellular response to stress
GO:0044265,35,GO:0044265,0.983,307.6526555685888,0,cellular macromolecule catabolic process,cellular macromolecule catabolic process
GO:0035556,14,GO:0007166,0.561,307.6526555685888,169,intracellular signal transduction,cell surface receptor signaling pathway
GO:0010647,14,GO:0007166,0.448,307.6526555685888,0,positive regulation of cell communication,cell surface receptor signaling pathway
GO:0006996,36,GO:0006996,0.939,307.6526555685888,11,organelle organization,organelle organization
GO:0051716,32,GO:0033554,0.684,307.6526555685888,1,cellular response to stimulus,cellular response to stress
GO:0048522,1,GO:0010604,0.745,307.6526555685888,0,positive regulation of cellular process,positive regulation of macromolecule metabolic process
GO:0007346,2,GO:0010564,0.85,307.6526555685888,8,regulation of mitotic cell cycle,regulation of cell cycle process
GO:0002009,19,GO:0009888,0.869,307.6526555685888,23,morphogenesis of an epithelium,tissue development
GO:0051130,23,GO:0051128,0.862,307.6526555685888,0,positive regulation of cellular component organization,regulation of cellular component organization
GO:0048731,13,GO:0022008,0.894,307.6526555685888,1,system development,neurogenesis
GO:0044260,31,GO:0034645,0.793,307.6526555685888,3,cellular macromolecule metabolic process,cellular macromolecule biosynthetic process
GO:0010628,1,GO:0010604,0.823,307.6526555685888,104,positive regulation of gene expression,positive regulation of macromolecule metabolic process
GO:0006725,3,GO:0034641,0.469,307.6526555685888,0,cellular aromatic compound metabolic process,cellular nitrogen compound metabolic process
GO:0080090,1,GO:0010604,0.673,307.6526555685888,3,regulation of primary metabolic process,positive regulation of macromolecule metabolic process
GO:0071310,16,GO:0070887,0.94,307.6526555685888,0,cellular response to organic substance,cellular response to chemical stimulus
GO:0060548,10,GO:0010941,0.92,307.6526555685888,2,negative regulation of cell death,regulation of cell death
GO:0048609,7,GO:0022414,0.803,307.6526555685888,9,multicellular organismal reproductive process,reproductive process
GO:0044093,37,GO:0044093,0.994,307.6526555685888,0,positive regulation of molecular function,positive regulation of molecular function
GO:0019219,1,GO:0010604,0.645,307.6526555685888,0,regulation of nucleobase-containing compound metabolic process,positive regulation of macromolecule metabolic process
GO:0015833,38,GO:0015833,0.999,307.6526555685888,7,peptide transport,peptide transport
GO:0010558,15,GO:0010605,0.85,307.6526555685888,0,negative regulation of macromolecule biosynthetic process,negative regulation of macromolecule metabolic process
GO:0009991,39,GO:0009991,0.998,307.6526555685888,0,response to extracellular stimulus,response to extracellular stimulus
GO:0001932,12,GO:0051247,0.741,307.6526555685888,2,regulation of protein phosphorylation,positive regulation of protein metabolic process
GO:0071840,36,GO:0006996,0.778,307.6526555685888,0,cellular component organization or biogenesis,organelle organization
GO:0060284,17,GO:0050793,0.754,307.6526555685888,1,regulation of cell development,regulation of developmental process
GO:0044770,2,GO:0010564,0.69,307.6526555685888,1,cell cycle phase transition,regulation of cell cycle process
GO:0032501,40,GO:0032501,0.843,307.6526555685888,2,multicellular organismal process,multicellular organismal process
GO:1901575,35,GO:0044265,0.865,307.6526555685888,0,organic substance catabolic process,cellular macromolecule catabolic process
GO:0071702,38,GO:0015833,0.615,307.6526555685888,6,organic substance transport,peptide transport
GO:0051173,1,GO:0010604,0.932,307.6526555685888,0,positive regulation of nitrogen compound metabolic process,positive regulation of macromolecule metabolic process
GO:0030030,23,GO:0051128,0.518,307.6526555685888,31,cell projection organization,regulation of cellular component organization
GO:0016043,36,GO:0006996,0.801,307.6526555685888,5,cellular component organization,organelle organization
GO:0010646,14,GO:0007166,0.504,307.6526555685888,1,regulation of cell communication,cell surface receptor signaling pathway
GO:0009987,41,GO:0009987,0.337,307.6526555685888,0,cellular process,cellular process
GO:0007010,36,GO:0006996,0.788,307.6526555685888,17,cytoskeleton organization,organelle organization
GO:1901701,16,GO:0070887,0.816,307.6526555685888,0,cellular response to oxygen-containing compound,cellular response to chemical stimulus
GO:1901360,42,GO:1901360,0.859,307.6526555685888,0,organic cyclic compound metabolic process,organic cyclic compound metabolic process
GO:0051179,26,GO:0006810,0.818,307.6526555685888,7,localization,transport
GO:0051049,9,GO:0051050,0.917,307.6526555685888,2,regulation of transport,positive regulation of transport
GO:0048468,13,GO:0022008,0.763,307.6526555685888,6,cell development,neurogenesis
GO:0045787,2,GO:0010564,0.832,307.6526555685888,1,positive regulation of cell cycle,regulation of cell cycle process
GO:0033043,23,GO:0051128,0.88,307.6526555685888,0,regulation of organelle organization,regulation of cellular component organization
GO:1901987,2,GO:0010564,0.916,307.6526555685888,0,regulation of cell cycle phase transition,regulation of cell cycle process
GO:0051094,17,GO:0050793,0.871,307.6526555685888,1,positive regulation of developmental process,regulation of developmental process
GO:0043085,37,GO:0044093,0.98,307.6526555685888,2,positive regulation of catalytic activity,positive regulation of molecular function
GO:0036211,20,GO:0043412,0.91,307.6526555685888,19,protein modification process,macromolecule modification
GO:0030182,13,GO:0022008,0.955,307.6526555685888,47,neuron differentiation,neurogenesis
GO:0009889,1,GO:0010604,0.646,307.6526555685888,0,regulation of biosynthetic process,positive regulation of macromolecule metabolic process
GO:0006886,6,GO:0008104,0.837,307.6526555685888,121,intracellular protein transport,protein localization
GO:0046907,43,GO:0046907,0.977,307.6526555685888,8,intracellular transport,intracellular transport
GO:0040008,44,GO:0040008,0.993,307.6526555685888,6,regulation of growth,regulation of growth
GO:0009887,45,GO:0009887,0.994,307.6526555685888,20,animal organ morphogenesis,animal organ morphogenesis
GO:0051093,17,GO:0050793,0.789,307.6526555685888,3,negative regulation of developmental process,regulation of developmental process
GO:0050790,37,GO:0044093,0.859,307.6526555685888,142,regulation of catalytic activity,positive regulation of molecular function
GO:0044249,21,GO:0006355,0.742,307.6526555685888,5,cellular biosynthetic process,regulation of DNA-templated transcription
GO:0043933,23,GO:0051128,0.496,307.6526555685888,0,protein-containing complex organization,regulation of cellular component organization
GO:0016070,3,GO:0034641,0.734,307.6526555685888,19,RNA metabolic process,cellular nitrogen compound metabolic process
GO:0006508,22,GO:1901564,0.594,307.6526555685888,415,proteolysis,organonitrogen compound metabolic process
GO:0006357,21,GO:0006355,0.88,307.6526555685888,643,regulation of transcription by RNA polymerase II,regulation of DNA-templated transcription
GO:0051253,15,GO:0010605,0.823,307.6526555685888,0,negative regulation of RNA metabolic process,negative regulation of macromolecule metabolic process
GO:0051248,15,GO:0010605,0.846,307.6526555685888,0,negative regulation of protein metabolic process,negative regulation of macromolecule metabolic process
GO:0044248,35,GO:0044265,0.875,307.6526555685888,2,cellular catabolic process,cellular macromolecule catabolic process
GO:0043067,10,GO:0010941,0.974,307.6526555685888,3,regulation of programmed cell death,regulation of cell death
GO:1901566,22,GO:1901564,0.631,307.6526555685888,2,organonitrogen compound biosynthetic process,organonitrogen compound metabolic process
GO:0071704,3,GO:0034641,0.424,307.6526555685888,30,organic substance metabolic process,cellular nitrogen compound metabolic process
GO:0048585,34,GO:0048584,0.773,307.6526555685888,0,negative regulation of response to stimulus,positive regulation of response to stimulus
GO:0044703,7,GO:0022414,0.549,307.6526555685888,0,multi-organism reproductive process,reproductive process
GO:0023057,4,GO:0023051,0.879,307.6526555685888,0,negative regulation of signaling,regulation of signaling
GO:0007423,45,GO:0009887,0.671,307.6526555685888,2,sensory organ development,animal organ morphogenesis
GO:0007267,4,GO:0023051,0.508,307.6526555685888,14,cell-cell signaling,regulation of signaling
GO:1901700,16,GO:0070887,0.606,307.6526555685888,0,response to oxygen-containing compound,cellular response to chemical stimulus
GO:0097659,21,GO:0006355,0.933,307.6526555685888,0,nucleic acid-templated transcription,regulation of DNA-templated transcription
GO:0051960,33,GO:0051241,0.639,307.6526555685888,0,regulation of nervous system development,negative regulation of multicellular organismal process
GO:0051223,9,GO:0051050,0.747,307.6526555685888,1,regulation of protein transport,positive regulation of transport
GO:0035295,28,GO:0035239,0.938,307.6526555685888,1,tube development,tube morphogenesis
GO:0031325,1,GO:0010604,0.935,307.6526555685888,0,positive regulation of cellular metabolic process,positive regulation of macromolecule metabolic process
GO:0007292,7,GO:0022414,0.737,307.6526555685888,2,female gamete generation,reproductive process
GO:0002376,46,GO:0002376,0.99,307.6526555685888,24,immune system process,immune system process
GO:1901990,2,GO:0010564,0.863,307.6526555685888,0,regulation of mitotic cell cycle phase transition,regulation of cell cycle process
GO:1901565,35,GO:0044265,0.807,307.6526555685888,3,organonitrogen compound catabolic process,cellular macromolecule catabolic process
GO:1901362,21,GO:0006355,0.877,307.6526555685888,0,organic cyclic compound biosynthetic process,regulation of DNA-templated transcription
GO:0072359,13,GO:0022008,0.516,307.6526555685888,0,circulatory system development,neurogenesis
GO:0065007,1,GO:0010604,0.348,307.6526555685888,0,biological regulation,positive regulation of macromolecule metabolic process
GO:0022603,17,GO:0050793,0.814,307.6526555685888,0,regulation of anatomical structure morphogenesis,regulation of developmental process
GO:0022412,7,GO:0022414,0.765,307.6526555685888,0,cellular process involved in reproduction in multicellular organism,reproductive process
GO:0019538,22,GO:1901564,0.788,307.6526555685888,7,protein metabolic process,organonitrogen compound metabolic process
GO:0006811,26,GO:0006810,0.712,307.6526555685888,434,ion transport,transport
GO:2000113,31,GO:0034645,0.708,307.6526555685888,0,negative regulation of cellular macromolecule biosynthetic process,cellular macromolecule biosynthetic process
GO:2000112,31,GO:0034645,0.774,307.6526555685888,0,regulation of cellular macromolecule biosynthetic process,cellular macromolecule biosynthetic process
GO:1901576,21,GO:0006355,0.735,307.6526555685888,1,organic substance biosynthetic process,regulation of DNA-templated transcription
GO:0048523,15,GO:0010605,0.806,307.6526555685888,0,negative regulation of cellular process,negative regulation of macromolecule metabolic process
GO:0044085,47,GO:0044085,0.964,307.6526555685888,0,cellular component biogenesis,cellular component biogenesis
GO:0032989,28,GO:0035239,0.609,307.6526555685888,0,cellular component morphogenesis,tube morphogenesis
GO:0032774,21,GO:0006355,0.932,307.6526555685888,0,RNA biosynthetic process,regulation of DNA-templated transcription
GO:0032386,9,GO:0051050,0.788,307.6526555685888,0,regulation of intracellular transport,positive regulation of transport
GO:0031324,15,GO:0010605,0.877,307.6526555685888,0,negative regulation of cellular metabolic process,negative regulation of macromolecule metabolic process
GO:0016192,25,GO:0046903,0.42,307.6526555685888,139,vesicle-mediated transport,secretion
GO:0008152,3,GO:0034641,0.441,307.6526555685888,82,metabolic process,cellular nitrogen compound metabolic process
GO:0007389,13,GO:0022008,0.489,307.6526555685888,5,pattern specification process,neurogenesis
GO:0007154,14,GO:0007166,0.654,307.6526555685888,19,cell communication,cell surface receptor signaling pathway
GO:1903507,15,GO:0010605,0.816,307.6526555685888,0,negative regulation of nucleic acid-templated transcription,negative regulation of macromolecule metabolic process
GO:0051338,37,GO:0044093,0.745,307.6526555685888,1,regulation of transferase activity,positive regulation of molecular function
GO:0051246,12,GO:0051247,0.868,307.6526555685888,0,regulation of protein metabolic process,positive regulation of protein metabolic process
GO:0050896,32,GO:0033554,0.545,307.6526555685888,29,response to stimulus,cellular response to stress
GO:0048583,34,GO:0048584,0.868,307.6526555685888,0,regulation of response to stimulus,positive regulation of response to stimulus
GO:0048518,1,GO:0010604,0.789,307.6526555685888,0,positive regulation of biological process,positive regulation of macromolecule metabolic process
GO:0048477,7,GO:0022414,0.712,307.6526555685888,54,oogenesis,reproductive process
GO:0045944,1,GO:0010604,0.87,307.6526555685888,250,positive regulation of transcription by RNA polymerase II,positive regulation of macromolecule metabolic process
GO:0031399,12,GO:0051247,0.772,307.6526555685888,0,regulation of protein modification process,positive regulation of protein metabolic process
GO:0030855,19,GO:0009888,0.798,307.6526555685888,0,epithelial cell differentiation,tissue development
GO:0030154,13,GO:0022008,0.837,307.6526555685888,305,cell differentiation,neurogenesis
GO:0019220,5,GO:0016310,0.574,307.6526555685888,0,regulation of phosphate metabolic process,phosphorylation
GO:0010468,1,GO:0010604,0.691,307.6526555685888,103,regulation of gene expression,positive regulation of macromolecule metabolic process
GO:0009890,15,GO:0010605,0.846,307.6526555685888,1,negative regulation of biosynthetic process,negative regulation of macromolecule metabolic process
GO:0006139,3,GO:0034641,0.801,307.6526555685888,24,nucleobase-containing compound metabolic process,cellular nitrogen compound metabolic process
GO:1903506,21,GO:0006355,0.954,307.6526555685888,0,regulation of nucleic acid-templated transcription,regulation of DNA-templated transcription
GO:1901698,16,GO:0070887,0.604,307.6526555685888,0,response to nitrogen compound,cellular response to chemical stimulus
GO:0065009,37,GO:0044093,0.869,307.6526555685888,0,regulation of molecular function,positive regulation of molecular function
GO:0060562,28,GO:0035239,0.876,307.6526555685888,9,epithelial tube morphogenesis,tube morphogenesis
GO:0051649,43,GO:0046907,0.932,307.6526555685888,0,establishment of localization in cell,intracellular transport
GO:0051239,33,GO:0051241,0.796,307.6526555685888,4,regulation of multicellular organismal process,negative regulation of multicellular organismal process
GO:0048638,44,GO:0040008,0.972,307.6526555685888,0,regulation of developmental growth,regulation of growth
GO:0045934,15,GO:0010605,0.826,307.6526555685888,0,negative regulation of nucleobase-containing compound metabolic process,negative regulation of macromolecule metabolic process
GO:0045893,1,GO:0010604,0.889,307.6526555685888,50,positive regulation of DNA-templated transcription,positive regulation of macromolecule metabolic process
GO:0045786,2,GO:0010564,0.854,307.6526555685888,2,negative regulation of cell cycle,regulation of cell cycle process
GO:0032880,9,GO:0051050,0.775,307.6526555685888,35,regulation of protein localization,positive regulation of transport
GO:0022607,47,GO:0044085,0.925,307.6526555685888,0,cellular component assembly,cellular component biogenesis
GO:0019953,7,GO:0022414,0.785,307.6526555685888,6,sexual reproduction,reproductive process
GO:0009891,1,GO:0010604,0.877,307.6526555685888,0,positive regulation of biosynthetic process,positive regulation of macromolecule metabolic process
GO:0009653,28,GO:0035239,0.667,307.6526555685888,31,anatomical structure morphogenesis,tube morphogenesis
GO:0001654,45,GO:0009887,0.511,307.6526555685888,0,eye development,animal organ morphogenesis
GO:0065008,48,GO:0065008,0.971,307.6526555685888,5,regulation of biological quality,regulation of biological quality
GO:0051254,1,GO:0010604,0.906,307.6526555685888,0,positive regulation of RNA metabolic process,positive regulation of macromolecule metabolic process
GO:0044087,47,GO:0044085,0.738,307.6526555685888,3,regulation of cellular component biogenesis,cellular component biogenesis
GO:0042886,38,GO:0015833,0.978,307.6526555685888,0,amide transport,peptide transport
GO:0042592,48,GO:0065008,0.83,307.6526555685888,1,homeostatic process,regulation of biological quality
GO:0032502,13,GO:0022008,0.598,307.6526555685888,13,developmental process,neurogenesis
GO:0008283,29,GO:0042127,0.962,307.6526555685888,1,cell population proliferation,regulation of cell population proliferation
GO:0006812,26,GO:0006810,0.615,307.6526555685888,37,cation transport,transport
GO:0090087,38,GO:0015833,0.924,307.6526555685888,6,regulation of peptide transport,peptide transport
GO:0071495,30,GO:0009725,0.868,307.6526555685888,0,cellular response to endogenous stimulus,response to hormone
GO:0051641,43,GO:0046907,0.835,307.6526555685888,0,cellular localization,intracellular transport
GO:0051276,36,GO:0006996,0.722,307.6526555685888,11,chromosome organization,organelle organization
GO:0051174,5,GO:0016310,0.571,307.6526555685888,0,regulation of phosphorus metabolic process,phosphorylation
GO:0048646,28,GO:0035239,0.563,307.6526555685888,0,anatomical structure formation involved in morphogenesis,tube morphogenesis
GO:0048519,15,GO:0010605,0.866,307.6526555685888,0,negative regulation of biological process,negative regulation of macromolecule metabolic process
GO:0048513,45,GO:0009887,0.871,307.6526555685888,1,animal organ development,animal organ morphogenesis
GO:0032879,9,GO:0051050,0.871,307.6526555685888,0,regulation of localization,positive regulation of transport
GO:0031667,39,GO:0009991,0.995,307.6526555685888,0,response to nutrient levels,response to extracellular stimulus
GO:0023056,4,GO:0023051,0.877,307.6526555685888,0,positive regulation of signaling,regulation of signaling
GO:0015031,6,GO:0008104,0.898,307.6526555685888,212,protein transport,protein localization
GO:0009966,4,GO:0023051,0.956,307.6526555685888,14,regulation of signal transduction,regulation of signaling
GO:0009792,13,GO:0022008,0.522,307.6526555685888,319,embryo development ending in birth or egg hatching,neurogenesis
GO:0009719,30,GO:0009725,0.869,307.6526555685888,0,response to endogenous stimulus,response to hormone
GO:0009058,21,GO:0006355,0.732,307.6526555685888,31,biosynthetic process,regulation of DNA-templated transcription
GO:0007281,7,GO:0022414,0.741,307.6526555685888,46,germ cell development,reproductive process
GO:0007165,4,GO:0023051,0.631,307.6526555685888,543,signal transduction,regulation of signaling
GO:0007017,49,GO:0007017,0.983,307.6526555685888,41,microtubule-based process,microtubule-based process
GO:0006974,50,GO:0006974,0.985,307.6526555685888,123,cellular response to DNA damage stimulus,cellular response to DNA damage stimulus
GO:0006793,5,GO:0016310,0.825,307.6526555685888,0,phosphorus metabolic process,phosphorylation
GO:0006412,18,GO:0043603,0.924,307.6526555685888,238,translation,cellular amide metabolic process
GO:0003002,13,GO:0022008,0.47,307.6526555685888,0,regionalization,neurogenesis
GO:0000003,7,GO:0022414,0.943,307.6526555685888,107,reproduction,reproductive process
GO:2001141,21,GO:0006355,0.954,307.6526555685888,0,regulation of RNA biosynthetic process,regulation of DNA-templated transcription
GO:2000026,33,GO:0051241,0.708,307.6526555685888,0,regulation of multicellular organismal development,negative regulation of multicellular organismal process
GO:1903508,1,GO:0010604,0.889,307.6526555685888,0,positive regulation of nucleic acid-templated transcription,positive regulation of macromolecule metabolic process
GO:0071705,38,GO:0015833,0.655,307.6526555685888,1,nitrogen compound transport,peptide transport
GO:0070925,47,GO:0044085,0.821,307.6526555685888,0,organelle assembly,cellular component biogenesis
GO:0065003,23,GO:0051128,0.485,307.6526555685888,10,protein-containing complex assembly,regulation of cellular component organization
GO:0060429,19,GO:0009888,0.896,307.6526555685888,1,epithelium development,tissue development
GO:0060341,9,GO:0051050,0.796,307.6526555685888,2,regulation of cellular localization,positive regulation of transport
GO:0051726,2,GO:0010564,0.954,307.6526555685888,34,regulation of cell cycle,regulation of cell cycle process
GO:0051240,33,GO:0051241,0.729,307.6526555685888,0,positive regulation of multicellular organismal process,negative regulation of multicellular organismal process
GO:0051234,26,GO:0006810,0.861,307.6526555685888,0,establishment of localization,transport
GO:0048729,19,GO:0009888,0.935,307.6526555685888,2,tissue morphogenesis,tissue development
GO:0048699,13,GO:0022008,0.976,307.6526555685888,2,generation of neurons,neurogenesis
GO:0048598,13,GO:0022008,0.514,307.6526555685888,43,embryonic morphogenesis,neurogenesis
GO:0043604,18,GO:0043603,0.936,307.6526555685888,2,amide biosynthetic process,cellular amide metabolic process
GO:0043069,10,GO:0010941,0.906,307.6526555685888,3,negative regulation of programmed cell death,regulation of cell death
GO:0043043,18,GO:0043603,0.926,307.6526555685888,0,peptide biosynthetic process,cellular amide metabolic process
GO:0031400,12,GO:0051247,0.683,307.6526555685888,0,negative regulation of protein modification process,positive regulation of protein metabolic process
GO:0031327,15,GO:0010605,0.845,307.6526555685888,0,negative regulation of cellular biosynthetic process,negative regulation of macromolecule metabolic process
GO:0009892,15,GO:0010605,0.972,307.6526555685888,0,negative regulation of metabolic process,negative regulation of macromolecule metabolic process
GO:0009605,39,GO:0009991,0.69,307.6526555685888,5,response to external stimulus,response to extracellular stimulus
GO:0009057,35,GO:0044265,0.946,307.6526555685888,0,macromolecule catabolic process,cellular macromolecule catabolic process
GO:0009056,35,GO:0044265,0.833,307.6526555685888,0,catabolic process,cellular macromolecule catabolic process
GO:0008285,29,GO:0042127,0.869,307.6526555685888,7,negative regulation of cell population proliferation,regulation of cell population proliferation
GO:0007507,13,GO:0022008,0.51,307.6526555685888,4,heart development,neurogenesis
GO:0007417,13,GO:0022008,0.638,307.6526555685888,10,central nervous system development,neurogenesis
GO:0006955,46,GO:0002376,0.982,307.6526555685888,3,immune response,immune system process
GO:0006796,5,GO:0016310,0.828,307.6526555685888,6,phosphate-containing compound metabolic process,phosphorylation
GO:0006259,31,GO:0034645,0.66,307.6526555685888,12,DNA metabolic process,cellular macromolecule biosynthetic process
GO:0007610,51,GO:0007610,0.977,11.008416242132936,18,behavior,behavior
GO:0003008,52,GO:0003008,0.977,11.007107309988738,0,system process,system process
GO:0009791,28,GO:0035239,0.434,11.003466095227225,31,post-embryonic development,tube morphogenesis
GO:0045596,17,GO:0050793,0.698,11.003466095227225,3,negative regulation of cell differentiation,regulation of developmental process
GO:0016567,20,GO:0043412,0.653,11.00252007331341,210,protein ubiquitination,macromolecule modification
GO:0032446,20,GO:0043412,0.668,11.00252007331341,8,protein modification by small protein conjugation,macromolecule modification
GO:0045859,12,GO:0051247,0.714,11.001498699344957,2,regulation of protein kinase activity,positive regulation of protein metabolic process
GO:0043549,37,GO:0044093,0.74,11.001498699344957,0,regulation of kinase activity,positive regulation of molecular function
GO:0090068,2,GO:0010564,0.87,10.978185706855623,0,positive regulation of cell cycle process,regulation of cell cycle process
GO:0033993,16,GO:0070887,0.435,10.978185706855623,3,response to lipid,cellular response to chemical stimulus
GO:0019725,48,GO:0065008,0.786,10.977204183322831,2,cellular homeostasis,regulation of biological quality
GO:0060828,4,GO:0023051,0.746,10.977204183322831,6,regulation of canonical Wnt signaling pathway,regulation of signaling
GO:0055085,26,GO:0006810,0.689,10.977204183322831,462,transmembrane transport,transport
GO:0009967,4,GO:0023051,0.841,10.977204183322831,0,positive regulation of signal transduction,regulation of signaling
GO:0061024,23,GO:0051128,0.466,10.977204183322831,8,membrane organization,regulation of cellular component organization
GO:0051321,2,GO:0010564,0.671,10.977204183322831,111,meiotic cell cycle,regulation of cell cycle process
GO:0048732,45,GO:0009887,0.627,10.977204183322831,0,gland development,animal organ morphogenesis
GO:0045930,2,GO:0010564,0.808,10.977204183322831,2,negative regulation of mitotic cell cycle,regulation of cell cycle process
GO:0060322,28,GO:0035239,0.258,10.977204183322831,0,head development,tube morphogenesis
GO:0030111,4,GO:0023051,0.771,10.977204183322831,2,regulation of Wnt signaling pathway,regulation of signaling
GO:0044281,53,GO:0044281,0.953,10.977204183322831,9,small molecule metabolic process,small molecule metabolic process
GO:0008544,19,GO:0009888,0.817,10.977204183322831,9,epidermis development,tissue development
GO:0006325,23,GO:0051128,0.447,10.977204183322831,68,chromatin organization,regulation of cellular component organization
GO:1903046,2,GO:0010564,0.728,10.977204183322831,0,meiotic cell cycle process,regulation of cell cycle process
GO:0000122,15,GO:0010605,0.779,10.977204183322831,128,negative regulation of transcription by RNA polymerase II,negative regulation of macromolecule metabolic process
GO:0009894,35,GO:0044265,0.645,10.977204183322831,0,regulation of catabolic process,cellular macromolecule catabolic process
GO:0000902,28,GO:0035239,0.607,10.977204183322831,13,cell morphogenesis,tube morphogenesis
GO:0043068,10,GO:0010941,0.902,10.976967592819623,14,positive regulation of programmed cell death,regulation of cell death
GO:0043065,10,GO:0010941,0.882,10.976967592819623,23,positive regulation of apoptotic process,regulation of cell death
GO:0010942,10,GO:0010941,0.925,10.976967592819623,0,positive regulation of cell death,regulation of cell death
GO:0014070,16,GO:0070887,0.543,10.971590204446578,1,response to organic cyclic compound,cellular response to chemical stimulus
GO:0002252,46,GO:0002376,0.671,10.953422598297895,0,immune effector process,immune system process
GO:0044772,2,GO:0010564,0.656,10.953216154518529,11,mitotic cell cycle phase transition,regulation of cell cycle process
GO:0000226,49,GO:0007017,0.934,10.953216154518529,48,microtubule cytoskeleton organization,microtubule-based process
GO:0045597,17,GO:0050793,0.748,10.953216154518529,1,positive regulation of cell differentiation,regulation of developmental process
GO:0045165,17,GO:0050793,0.421,10.952318144911015,23,cell fate commitment,regulation of developmental process
GO:0002682,46,GO:0002376,0.754,10.952318144911015,0,regulation of immune system process,immune system process
GO:0007283,7,GO:0022414,0.659,10.952318144911015,71,spermatogenesis,reproductive process
GO:0048232,7,GO:0022414,0.667,10.952318144911015,0,male gamete generation,reproductive process
GO:0048285,36,GO:0006996,0.726,10.952213200688204,0,organelle fission,organelle organization
GO:0000280,36,GO:0006996,0.72,10.952213200688204,2,nuclear division,organelle organization
GO:0032940,25,GO:0046903,0.977,10.941255356561257,0,secretion by cell,secretion
GO:0009798,13,GO:0022008,0.458,10.941255356561257,0,axis specification,neurogenesis
GO:0033365,6,GO:0008104,0.842,10.912801924405194,8,protein localization to organelle,protein localization
GO:0022613,47,GO:0044085,0.824,10.903140335727658,0,ribonucleoprotein complex biogenesis,cellular component biogenesis
GO:0043086,37,GO:0044093,0.764,10.89883085486838,21,negative regulation of catalytic activity,positive regulation of molecular function
GO:0044092,37,GO:0044093,0.772,10.89883085486838,0,negative regulation of molecular function,positive regulation of molecular function
GO:0007059,54,GO:0007059,0.99,10.897937426132243,47,chromosome segregation,chromosome segregation
GO:0051640,55,GO:0051640,0.99,10.843904264779432,4,organelle localization,organelle localization
GO:0016477,56,GO:0016477,0.991,8.920007046785416,61,cell migration,cell migration
GO:0071900,37,GO:0044093,0.68,8.920007046785416,1,regulation of protein serine/threonine kinase activity,positive regulation of molecular function
GO:0007093,2,GO:0010564,0.853,8.920007046785416,2,mitotic cell cycle checkpoint signaling,regulation of cell cycle process
GO:0045055,25,GO:0046903,0.877,8.920007046785416,2,regulated exocytosis,secretion
GO:0010256,23,GO:0051128,0.442,8.920007046785416,0,endomembrane system organization,regulation of cellular component organization
GO:0051129,23,GO:0051128,0.811,8.920007046785416,0,negative regulation of cellular component organization,regulation of cellular component organization
GO:0009607,57,GO:0009607,0.983,8.920007046785416,0,response to biotic stimulus,response to biotic stimulus
GO:0048870,56,GO:0016477,0.985,8.920007046785416,2,cell motility,cell migration
GO:0031329,35,GO:0044265,0.685,8.920007046785416,0,regulation of cellular catabolic process,cellular macromolecule catabolic process
GO:0050767,33,GO:0051241,0.623,8.920007046785416,10,regulation of neurogenesis,negative regulation of multicellular organismal process
GO:0000075,2,GO:0010564,0.884,8.920007046785416,0,cell cycle checkpoint signaling,regulation of cell cycle process
GO:1901991,2,GO:0010564,0.836,8.920007046785416,0,negative regulation of mitotic cell cycle phase transition,regulation of cell cycle process
GO:0030163,35,GO:0044265,0.9,8.920007046785416,26,protein catabolic process,cellular macromolecule catabolic process
GO:0009410,16,GO:0070887,0.546,8.920007046785416,28,response to xenobiotic stimulus,cellular response to chemical stimulus
GO:0120031,23,GO:0051128,0.432,8.920007046785416,0,plasma membrane bounded cell projection assembly,regulation of cellular component organization
GO:0019827,58,GO:0019827,1,8.920007046785416,2,stem cell population maintenance,stem cell population maintenance
GO:0000904,28,GO:0035239,0.597,8.920007046785416,0,cell morphogenesis involved in differentiation,tube morphogenesis
GO:0003007,13,GO:0022008,0.469,8.920007046785416,2,heart morphogenesis,neurogenesis
GO:0042326,5,GO:0016310,0.596,8.920007046785416,2,negative regulation of phosphorylation,phosphorylation
GO:0042594,39,GO:0009991,0.972,8.920007046785416,33,response to starvation,response to extracellular stimulus
GO:0098727,58,GO:0019827,1,8.920007046785416,0,maintenance of cell number,stem cell population maintenance
GO:0006887,25,GO:0046903,0.927,8.920007046785416,40,exocytosis,secretion
GO:0051493,23,GO:0051128,0.813,8.920007046785416,4,regulation of cytoskeleton organization,regulation of cellular component organization
GO:0044782,23,GO:0051128,0.442,8.920007046785416,2,cilium organization,regulation of cellular component organization
GO:0010563,5,GO:0016310,0.486,8.920007046785416,0,negative regulation of phosphorus metabolic process,phosphorylation
GO:0018193,20,GO:0043412,0.72,8.920007046785416,1,peptidyl-amino acid modification,macromolecule modification
GO:1902531,4,GO:0023051,0.884,8.920007046785416,2,regulation of intracellular signal transduction,regulation of signaling
GO:0045936,5,GO:0016310,0.488,8.920007046785416,0,negative regulation of phosphate metabolic process,phosphorylation
GO:0048589,44,GO:0040008,0.956,8.920007046785416,5,developmental growth,regulation of growth
GO:0010608,12,GO:0051247,0.453,8.920007046785416,17,post-transcriptional regulation of gene expression,positive regulation of protein metabolic process
GO:0044419,59,GO:0044419,0.983,8.920007046785416,24,biological process involved in interspecies interaction between organisms,biological process involved in interspecies interaction between organisms
GO:0033157,9,GO:0051050,0.706,8.920007046785416,0,regulation of intracellular protein transport,positive regulation of transport
GO:0010948,2,GO:0010564,0.908,8.920007046785416,0,negative regulation of cell cycle process,regulation of cell cycle process
GO:0140013,2,GO:0010564,0.707,8.920007046785416,0,meiotic nuclear division,regulation of cell cycle process
GO:0021700,17,GO:0050793,0.35,8.920007046785416,0,developmental maturation,regulation of developmental process
GO:0034248,18,GO:0043603,0.784,8.920007046785416,0,regulation of cellular amide metabolic process,cellular amide metabolic process
GO:0051603,35,GO:0044265,0.883,8.920007046785416,53,proteolysis involved in protein catabolic process,cellular macromolecule catabolic process
GO:0098655,26,GO:0006810,0.565,8.920007046785416,50,cation transmembrane transport,transport
GO:0040007,44,GO:0040008,0.974,8.920007046785416,0,growth,regulation of growth
GO:0030031,23,GO:0051128,0.434,8.920007046785416,7,cell projection assembly,regulation of cellular component organization
GO:0045664,17,GO:0050793,0.645,8.920007046785416,15,regulation of neuron differentiation,regulation of developmental process
GO:0045926,44,GO:0040008,0.827,8.920007046785416,0,negative regulation of growth,regulation of growth
GO:1901988,2,GO:0010564,0.891,8.920007046785416,0,negative regulation of cell cycle phase transition,regulation of cell cycle process
GO:0006511,35,GO:0044265,0.919,8.920007046785416,118,ubiquitin-dependent protein catabolic process,cellular macromolecule catabolic process
GO:0034660,42,GO:1901360,0.564,8.920007046785416,2,ncRNA metabolic process,organic cyclic compound metabolic process
GO:0001933,5,GO:0016310,0.59,8.920007046785416,8,negative regulation of protein phosphorylation,phosphorylation
GO:0048878,48,GO:0065008,0.814,8.920007046785416,0,chemical homeostasis,regulation of biological quality
GO:0043632,35,GO:0044265,0.926,8.920007046785416,0,modification-dependent macromolecule catabolic process,cellular macromolecule catabolic process
GO:0019941,35,GO:0044265,0.921,8.920007046785416,6,modification-dependent protein catabolic process,cellular macromolecule catabolic process
GO:0007420,28,GO:0035239,0.29,8.920007046785416,3,brain development,tube morphogenesis
GO:0034220,26,GO:0006810,0.627,8.920007046785416,255,ion transmembrane transport,transport
GO:0043010,45,GO:0009887,0.511,8.920007046785416,0,camera-type eye development,animal organ morphogenesis
GO:0043588,45,GO:0009887,0.511,8.920007046785416,0,skin development,animal organ morphogenesis
GO:0120035,23,GO:0051128,0.84,8.915858112516656,0,regulation of plasma membrane bounded cell projection organization,regulation of cellular component organization
GO:0031344,23,GO:0051128,0.843,8.915858112516656,6,regulation of cell projection organization,regulation of cellular component organization
GO:0048515,7,GO:0022414,0.561,8.911149524174979,2,spermatid differentiation,reproductive process
GO:0048193,25,GO:0046903,0.347,8.911149524174979,6,Golgi vesicle transport,secretion
GO:0060627,9,GO:0051050,0.827,8.911149524174979,1,regulation of vesicle-mediated transport,positive regulation of transport
GO:0006281,50,GO:0006974,0.939,8.911149524174979,142,DNA repair,cellular response to DNA damage stimulus
GO:1903530,25,GO:0046903,0.887,8.909550165271858,0,regulation of secretion by cell,secretion
GO:0051046,25,GO:0046903,0.911,8.909550165271858,2,regulation of secretion,secretion
GO:0051336,37,GO:0044093,0.791,8.881820697993703,0,regulation of hydrolase activity,positive regulation of molecular function
GO:0051656,55,GO:0051640,0.955,8.873021756061103,0,establishment of organelle localization,organelle localization
GO:0050803,48,GO:0065008,0.71,7.084039019264241,7,regulation of synapse structure or activity,regulation of biological quality
GO:0030177,4,GO:0023051,0.694,7.084039019264241,4,positive regulation of Wnt signaling pathway,regulation of signaling
GO:0043436,53,GO:0044281,0.859,7.084039019264241,0,oxoacid metabolic process,small molecule metabolic process
GO:0001944,13,GO:0022008,0.447,7.084039019264241,0,vasculature development,neurogenesis
GO:0048514,13,GO:0022008,0.447,7.084039019264241,0,blood vessel morphogenesis,neurogenesis
GO:0006082,53,GO:0044281,0.864,7.084039019264241,39,organic acid metabolic process,small molecule metabolic process
GO:0010721,17,GO:0050793,0.669,7.084039019264241,0,negative regulation of cell development,regulation of developmental process
GO:0007051,36,GO:0006996,0.615,7.084039019264241,5,spindle organization,organelle organization
GO:0006520,53,GO:0044281,0.784,7.084039019264241,16,cellular amino acid metabolic process,small molecule metabolic process
GO:0030029,60,GO:0030029,0.99,7.084039019264241,1,actin filament-based process,actin filament-based process
GO:0051222,9,GO:0051050,0.837,7.084039019264241,1,positive regulation of protein transport,positive regulation of transport
GO:0061982,2,GO:0010564,0.657,7.084039019264241,0,meiosis I cell cycle process,regulation of cell cycle process
GO:0002164,28,GO:0035239,0.431,7.084039019264241,6,larval development,tube morphogenesis
GO:0009913,19,GO:0009888,0.756,7.084039019264241,1,epidermal cell differentiation,tissue development
GO:0010498,35,GO:0044265,0.828,7.084039019264241,16,proteasomal protein catabolic process,cellular macromolecule catabolic process
GO:0006417,18,GO:0043603,0.783,7.084039019264241,52,regulation of translation,cellular amide metabolic process
GO:0048812,28,GO:0035239,0.599,7.084039019264241,15,neuron projection morphogenesis,tube morphogenesis
GO:0043207,57,GO:0009607,0.983,7.084039019264241,0,response to external biotic stimulus,response to biotic stimulus
GO:0048858,28,GO:0035239,0.601,7.084039019264241,12,cell projection morphogenesis,tube morphogenesis
GO:0019752,53,GO:0044281,0.858,7.084039019264241,13,carboxylic acid metabolic process,small molecule metabolic process
GO:0040012,11,GO:0040011,0.894,7.084039019264241,49,regulation of locomotion,locomotion
GO:0048640,44,GO:0040008,0.821,7.084039019264241,0,negative regulation of developmental growth,regulation of growth
GO:0009880,13,GO:0022008,0.436,7.084039019264241,17,embryonic pattern specification,neurogenesis
GO:0051051,9,GO:0051050,0.749,7.084039019264241,0,negative regulation of transport,positive regulation of transport
GO:0010638,23,GO:0051128,0.761,7.084039019264241,0,positive regulation of organelle organization,regulation of cellular component organization
GO:1904951,9,GO:0051050,0.662,7.084039019264241,3,positive regulation of establishment of protein localization,positive regulation of transport
GO:0050807,48,GO:0065008,0.703,7.084039019264241,15,regulation of synapse organization,regulation of biological quality
GO:0016055,4,GO:0023051,0.433,7.084039019264241,49,Wnt signaling pathway,regulation of signaling
GO:0001568,13,GO:0022008,0.447,7.084039019264241,0,blood vessel development,neurogenesis
GO:0007568,61,GO:0007568,1,7.084039019264241,17,aging,aging
GO:0032990,28,GO:0035239,0.601,7.084039019264241,0,cell part morphogenesis,tube morphogenesis
GO:0030162,12,GO:0051247,0.784,7.084039019264241,8,regulation of proteolysis,positive regulation of protein metabolic process
GO:0042306,9,GO:0051050,0.653,7.084039019264241,0,regulation of protein import into nucleus,positive regulation of transport
GO:0051225,36,GO:0006996,0.564,7.084039019264241,7,spindle assembly,organelle organization
GO:0032259,62,GO:0032259,0.992,7.084039019264241,101,methylation,methylation
GO:0120039,28,GO:0035239,0.599,7.084039019264241,0,plasma membrane bounded cell projection morphogenesis,tube morphogenesis
GO:0034470,42,GO:1901360,0.536,7.084039019264241,5,ncRNA processing,organic cyclic compound metabolic process
GO:0042303,40,GO:0032501,0.418,7.084039019264241,4,molting cycle,multicellular organismal process
GO:0006629,63,GO:0006629,0.967,7.084039019264241,231,lipid metabolic process,lipid metabolic process
GO:0009314,8,GO:0009628,0.839,7.084039019264241,2,response to radiation,response to abiotic stimulus
GO:0000079,37,GO:0044093,0.649,7.084039019264241,20,regulation of cyclin-dependent protein serine/threonine kinase activity,positive regulation of molecular function
GO:0042176,35,GO:0044265,0.727,7.084039019264241,7,regulation of protein catabolic process,cellular macromolecule catabolic process
GO:0031570,2,GO:0010564,0.854,7.084039019264241,0,DNA integrity checkpoint signaling,regulation of cell cycle process
GO:1905114,14,GO:0007166,0.852,7.084039019264241,0,cell surface receptor signaling pathway involved in cell-cell signaling,cell surface receptor signaling pathway
GO:0048666,13,GO:0022008,0.936,7.084039019264241,28,neuron development,neurogenesis
GO:0030036,60,GO:0030029,0.981,7.084039019264241,33,actin cytoskeleton organization,actin filament-based process
GO:0043161,35,GO:0044265,0.872,7.084039019264241,75,proteasome-mediated ubiquitin-dependent protein catabolic process,cellular macromolecule catabolic process
GO:0046822,9,GO:0051050,0.659,7.084039019264241,0,regulation of nucleocytoplasmic transport,positive regulation of transport
GO:0051348,37,GO:0044093,0.637,7.084039019264241,0,negative regulation of transferase activity,positive regulation of molecular function
GO:0044774,2,GO:0010564,0.811,7.084039019264241,0,mitotic DNA integrity checkpoint signaling,regulation of cell cycle process
GO:0198738,4,GO:0023051,0.435,7.084039019264241,0,cell-cell signaling by wnt,regulation of signaling
GO:0016331,19,GO:0009888,0.773,7.084039019264241,15,morphogenesis of embryonic epithelium,tissue development
GO:1904029,37,GO:0044093,0.649,7.084039019264241,0,regulation of cyclin-dependent protein kinase activity,positive regulation of molecular function
GO:0010562,5,GO:0016310,0.533,7.084039019264241,0,positive regulation of phosphorus metabolic process,phosphorylation
GO:0006352,21,GO:0006355,0.602,7.084039019264241,18,DNA-templated transcription initiation,regulation of DNA-templated transcription
GO:0099177,4,GO:0023051,0.835,7.084039019264241,0,regulation of trans-synaptic signaling,regulation of signaling
GO:0034097,16,GO:0070887,0.441,7.084039019264241,0,response to cytokine,cellular response to chemical stimulus
GO:0000077,14,GO:0007166,0.414,7.084039019264241,18,DNA damage checkpoint signaling,cell surface receptor signaling pathway
GO:0006979,50,GO:0006974,0.56,7.084039019264241,75,response to oxidative stress,cellular response to DNA damage stimulus
GO:0048667,28,GO:0035239,0.595,7.084039019264241,0,cell morphogenesis involved in neuron differentiation,tube morphogenesis
GO:1900180,6,GO:0008104,0.638,7.084039019264241,2,regulation of protein localization to nucleus,protein localization
GO:0042330,39,GO:0009991,0.616,7.084039019264241,1,taxis,response to extracellular stimulus
GO:0033673,37,GO:0044093,0.635,7.084039019264241,0,negative regulation of kinase activity,positive regulation of molecular function
GO:0006469,37,GO:0044093,0.633,7.084039019264241,7,negative regulation of protein kinase activity,positive regulation of molecular function
GO:0045937,5,GO:0016310,0.535,7.084039019264241,0,positive regulation of phosphate metabolic process,phosphorylation
GO:0051707,57,GO:0009607,0.983,7.084039019264241,1,response to other organism,response to biotic stimulus
GO:0006367,21,GO:0006355,0.564,7.084039019264241,28,transcription initiation at RNA polymerase II promoter,regulation of DNA-templated transcription
GO:0050804,4,GO:0023051,0.835,7.084039019264241,11,modulation of chemical synaptic transmission,regulation of signaling
GO:0007548,7,GO:0022414,0.779,7.084039019264241,41,sex differentiation,reproductive process
GO:0044773,2,GO:0010564,0.783,7.084039019264241,3,mitotic DNA damage checkpoint signaling,regulation of cell cycle process
GO:0061564,13,GO:0022008,0.904,7.084039019264241,3,axon development,neurogenesis
GO:0031175,13,GO:0022008,0.925,7.084039019264241,11,neuron projection development,neurogenesis
GO:0007409,28,GO:0035239,0.591,7.084039019264241,10,axonogenesis,tube morphogenesis
GO:0048568,45,GO:0009887,0.677,7.084039019264241,3,embryonic organ development,animal organ morphogenesis
GO:0032870,30,GO:0009725,0.997,7.084039019264241,0,cellular response to hormone stimulus,response to hormone
GO:0043254,47,GO:0044085,0.664,7.084039019264241,0,regulation of protein-containing complex assembly,cellular component biogenesis
GO:0051961,33,GO:0051241,0.858,7.084039019264241,0,negative regulation of nervous system development,negative regulation of multicellular organismal process
GO:0009617,57,GO:0009607,0.884,7.084039019264241,0,response to bacterium,response to biotic stimulus
GO:0050877,52,GO:0003008,0.95,7.084039019264241,100,nervous system process,system process
GO:0071417,16,GO:0070887,0.79,7.080471992786371,0,cellular response to organonitrogen compound,cellular response to chemical stimulus
GO:0070507,49,GO:0007017,0.734,7.080471992786371,5,regulation of microtubule cytoskeleton organization,microtubule-based process
GO:0032886,49,GO:0007017,0.785,7.080471992786371,0,regulation of microtubule-based process,microtubule-based process
GO:0016032,64,GO:0016032,1,7.080471992786371,0,viral process,viral process
GO:1901699,16,GO:0070887,0.8,7.080471992786371,0,cellular response to nitrogen compound,cellular response to chemical stimulus
GO:0060271,23,GO:0051128,0.428,7.080471992786371,75,cilium assembly,regulation of cellular component organization
GO:0010975,23,GO:0051128,0.827,7.079759710676096,2,regulation of neuron projection development,regulation of cellular component organization
GO:0032388,9,GO:0051050,0.89,7.079759710676096,0,positive regulation of intracellular transport,positive regulation of transport
GO:0007286,7,GO:0022414,0.555,7.0795378783137615,16,spermatid development,reproductive process
GO:0010035,16,GO:0070887,0.607,7.0795378783137615,10,response to inorganic substance,cellular response to chemical stimulus
GO:0010038,16,GO:0070887,0.585,7.0795378783137615,10,response to metal ion,cellular response to chemical stimulus
GO:0007167,14,GO:0007166,0.897,7.0795378783137615,0,enzyme-linked receptor protein signaling pathway,cell surface receptor signaling pathway
GO:0009952,13,GO:0022008,0.45,7.0795378783137615,25,anterior/posterior pattern specification,neurogenesis
GO:0016071,42,GO:1901360,0.549,7.0795378783137615,5,mRNA metabolic process,organic cyclic compound metabolic process
GO:0007169,14,GO:0007166,0.837,7.0795378783137615,79,transmembrane receptor protein tyrosine kinase signaling pathway,cell surface receptor signaling pathway
GO:1903829,9,GO:0051050,0.723,7.0795378783137615,1,positive regulation of protein localization,positive regulation of transport
GO:0050776,46,GO:0002376,0.754,7.076332016448486,0,regulation of immune response,immune system process
GO:0098813,54,GO:0007059,0.973,7.0754024433104705,3,nuclear chromosome segregation,chromosome segregation
GO:0042254,47,GO:0044085,0.8,7.068950601544695,50,ribosome biogenesis,cellular component biogenesis
GO:0080134,34,GO:0048584,0.756,7.049231114320536,0,regulation of response to stress,positive regulation of response to stimulus
GO:0022411,23,GO:0051128,0.439,7.027242109267259,0,cellular component disassembly,regulation of cellular component organization
GO:0032984,23,GO:0051128,0.406,7.027242109267259,0,protein-containing complex disassembly,regulation of cellular component organization
GO:0008582,23,GO:0051128,0.686,5.259922660053398,16,regulation of synaptic assembly at neuromuscular junction,regulation of cellular component organization
GO:1902807,2,GO:0010564,0.727,5.259922660053398,3,negative regulation of cell cycle G1/S phase transition,regulation of cell cycle process
GO:0007411,39,GO:0009991,0.595,5.259922660053398,78,axon guidance,response to extracellular stimulus
GO:0099537,4,GO:0023051,0.484,5.259922660053398,0,trans-synaptic signaling,regulation of signaling
GO:2000241,7,GO:0022414,0.757,5.259922660053398,1,regulation of reproductive process,reproductive process
GO:0009896,35,GO:0044265,0.622,5.259922660053398,0,positive regulation of catabolic process,cellular macromolecule catabolic process
GO:0030178,4,GO:0023051,0.726,5.259922660053398,8,negative regulation of Wnt signaling pathway,regulation of signaling
GO:2000045,2,GO:0010564,0.727,5.259922660053398,0,regulation of G1/S transition of mitotic cell cycle,regulation of cell cycle process
GO:0090090,4,GO:0023051,0.705,5.259922660053398,19,negative regulation of canonical Wnt signaling pathway,regulation of signaling
GO:0051347,37,GO:0044093,0.91,5.259922660053398,0,positive regulation of transferase activity,positive regulation of molecular function
GO:0048608,13,GO:0022008,0.71,5.259922660053398,0,reproductive structure development,neurogenesis
GO:0097485,39,GO:0009991,0.595,5.259922660053398,0,neuron projection guidance,response to extracellular stimulus
GO:0006914,65,GO:0006914,0.994,5.259922660053398,61,autophagy,autophagy
GO:0048599,7,GO:0022414,0.668,5.259922660053398,15,oocyte development,reproductive process
GO:0008340,40,GO:0032501,0.464,5.259922660053398,298,determination of adult lifespan,multicellular organismal process
GO:0030001,26,GO:0006810,0.581,5.259922660053398,17,metal ion transport,transport
GO:0030856,19,GO:0009888,0.708,5.259922660053398,1,regulation of epithelial cell differentiation,tissue development
GO:0010817,48,GO:0065008,0.628,5.259922660053398,0,regulation of hormone levels,regulation of biological quality
GO:0070848,16,GO:0070887,0.561,5.259922660053398,0,response to growth factor,cellular response to chemical stimulus
GO:2000145,56,GO:0016477,0.895,5.259922660053398,0,regulation of cell motility,cell migration
GO:0046661,7,GO:0022414,0.704,5.259922660053398,0,male sex differentiation,reproductive process
GO:0048469,17,GO:0050793,0.347,5.259922660053398,0,cell maturation,regulation of developmental process
GO:0061919,65,GO:0006914,0.994,5.259922660053398,0,process utilizing autophagic mechanism,autophagy
GO:0051783,36,GO:0006996,0.558,5.259922660053398,3,regulation of nuclear division,organelle organization
GO:0071824,23,GO:0051128,0.4,5.259922660053398,0,protein-DNA complex subunit organization,regulation of cellular component organization
GO:0000018,31,GO:0034645,0.439,5.259922660053398,0,regulation of DNA recombination,cellular macromolecule biosynthetic process
GO:1902850,2,GO:0010564,0.686,5.259922660053398,0,microtubule cytoskeleton organization involved in mitosis,regulation of cell cycle process
GO:1902806,2,GO:0010564,0.762,5.259922660053398,4,regulation of cell cycle G1/S phase transition,regulation of cell cycle process
GO:0098660,26,GO:0006810,0.569,5.259922660053398,0,inorganic ion transmembrane transport,transport
GO:1903050,12,GO:0051247,0.686,5.259922660053398,0,regulation of proteolysis involved in protein catabolic process,positive regulation of protein metabolic process
GO:0007350,13,GO:0022008,0.419,5.259922660053398,0,blastoderm segmentation,neurogenesis
GO:1901652,16,GO:0070887,0.504,5.259922660053398,0,response to peptide,cellular response to chemical stimulus
GO:0006338,23,GO:0051128,0.419,5.259922660053398,59,chromatin remodeling,regulation of cellular component organization
GO:0030334,56,GO:0016477,0.9,5.259922660053398,65,regulation of cell migration,cell migration
GO:0071241,16,GO:0070887,0.734,5.259922660053398,0,cellular response to inorganic substance,cellular response to chemical stimulus
GO:0015695,26,GO:0006810,0.392,5.259922660053398,1,organic cation transport,transport
GO:0051606,32,GO:0033554,0.34,5.259922660053398,0,detection of stimulus,cellular response to stress
GO:0006790,66,GO:0006790,0.99,5.259922660053398,4,sulfur compound metabolic process,sulfur compound metabolic process
GO:0072175,28,GO:0035239,0.757,5.259922660053398,0,epithelial tube formation,tube morphogenesis
GO:0044255,63,GO:0006629,0.913,5.259922660053398,13,cellular lipid metabolic process,lipid metabolic process
GO:2000134,2,GO:0010564,0.702,5.259922660053398,4,negative regulation of G1/S transition of mitotic cell cycle,regulation of cell cycle process
GO:0060249,48,GO:0065008,0.633,5.259922660053398,0,anatomical structure homeostasis,regulation of biological quality
GO:0001666,8,GO:0009628,0.766,5.259922660053398,31,response to hypoxia,response to abiotic stimulus
GO:0051301,67,GO:0051301,0.991,5.259922660053398,152,cell division,cell division
GO:0031668,39,GO:0009991,0.925,5.259922660053398,1,cellular response to extracellular stimulus,response to extracellular stimulus
GO:0035282,13,GO:0022008,0.419,5.259922660053398,0,segmentation,neurogenesis
GO:0007492,19,GO:0009888,0.833,5.259922660053398,5,endoderm development,tissue development
GO:0061061,68,GO:0061061,0.996,5.259922660053398,4,muscle structure development,muscle structure development
GO:0006997,36,GO:0006996,0.591,5.259922660053398,19,nucleus organization,organelle organization
GO:0060070,4,GO:0023051,0.401,5.259922660053398,33,canonical Wnt signaling pathway,regulation of signaling
GO:0090596,45,GO:0009887,0.83,5.259922660053398,0,sensory organ morphogenesis,animal organ morphogenesis
GO:0009886,28,GO:0035239,0.476,5.259922660053398,2,post-embryonic animal morphogenesis,tube morphogenesis
GO:0098662,26,GO:0006810,0.553,5.259922660053398,4,inorganic cation transmembrane transport,transport
GO:0001708,17,GO:0050793,0.406,5.259922660053398,91,cell fate specification,regulation of developmental process
GO:0097305,16,GO:0070887,0.455,5.259922660053398,1,response to alcohol,cellular response to chemical stimulus
GO:0044089,47,GO:0044085,0.642,5.259922660053398,0,positive regulation of cellular component biogenesis,cellular component biogenesis
GO:0016236,65,GO:0006914,0.917,5.259922660053398,15,macroautophagy,autophagy
GO:0051345,37,GO:0044093,0.913,5.259922660053398,1,positive regulation of hydrolase activity,positive regulation of molecular function
GO:0090263,4,GO:0023051,0.678,5.259922660053398,12,positive regulation of canonical Wnt signaling pathway,regulation of signaling
GO:0051963,48,GO:0065008,0.671,5.259922660053398,1,regulation of synapse assembly,regulation of biological quality
GO:0045663,68,GO:0061061,0.686,5.259922660053398,1,positive regulation of myoblast differentiation,muscle structure development
GO:0099536,4,GO:0023051,0.486,5.259922660053398,4,synaptic signaling,regulation of signaling
GO:0006935,39,GO:0009991,0.613,5.259922660053398,78,chemotaxis,response to extracellular stimulus
GO:0007052,36,GO:0006996,0.574,5.259922660053398,22,mitotic spindle organization,organelle organization
GO:0031647,48,GO:0065008,0.652,5.259922660053398,19,regulation of protein stability,regulation of biological quality
GO:1904396,23,GO:0051128,0.686,5.259922660053398,0,regulation of neuromuscular junction development,regulation of cellular component organization
GO:0016482,43,GO:0046907,0.737,5.259922660053398,0,cytosolic transport,intracellular transport
GO:0051259,23,GO:0051128,0.386,5.259922660053398,2,protein complex oligomerization,regulation of cellular component organization
GO:0044839,2,GO:0010564,0.579,5.259922660053398,0,cell cycle G2/M phase transition,regulation of cell cycle process
GO:0051052,31,GO:0034645,0.492,5.259922660053398,0,regulation of DNA metabolic process,cellular macromolecule biosynthetic process
GO:0007517,68,GO:0061061,0.898,5.259922660053398,20,muscle organ development,muscle structure development
GO:0048569,45,GO:0009887,0.781,5.259922660053398,0,post-embryonic animal organ development,animal organ morphogenesis
GO:1903320,12,GO:0051247,0.626,5.259922660053398,0,regulation of protein modification by small protein conjugation or removal,positive regulation of protein metabolic process
GO:0043434,16,GO:0070887,0.504,5.259922660053398,0,response to peptide hormone,cellular response to chemical stimulus
GO:0035148,28,GO:0035239,0.824,5.259922660053398,2,tube formation,tube morphogenesis
GO:0048546,28,GO:0035239,0.979,5.259922660053398,4,digestive tract morphogenesis,tube morphogenesis
GO:0048562,45,GO:0009887,0.847,5.259922660053398,0,embryonic organ morphogenesis,animal organ morphogenesis
GO:0048592,45,GO:0009887,0.65,5.259922660053398,0,eye morphogenesis,animal organ morphogenesis
GO:0016570,20,GO:0043412,0.619,5.259922660053398,5,histone modification,macromolecule modification
GO:0007613,52,GO:0003008,0.677,5.259922660053398,1,memory,system process
GO:0071248,16,GO:0070887,0.723,5.259922660053398,4,cellular response to metal ion,cellular response to chemical stimulus
GO:0051647,55,GO:0051640,0.804,5.259922660053398,5,nucleus localization,organelle localization
GO:0071363,16,GO:0070887,0.782,5.259922660053398,3,cellular response to growth factor stimulus,cellular response to chemical stimulus
GO:0036293,8,GO:0009628,0.771,5.259922660053398,0,response to decreased oxygen levels,response to abiotic stimulus
GO:0006310,31,GO:0034645,0.55,5.259922660053398,38,DNA recombination,cellular macromolecule biosynthetic process
GO:0140053,24,GO:0006396,0.378,5.259922660053398,0,mitochondrial gene expression,RNA processing
GO:0097435,36,GO:0006996,0.532,5.259922660053398,0,supramolecular fiber organization,organelle organization
GO:0048565,13,GO:0022008,0.662,5.259922660053398,2,digestive tract development,neurogenesis
GO:0060537,19,GO:0009888,0.635,5.259922660053398,1,muscle tissue development,tissue development
GO:0010259,61,GO:0007568,0.871,5.259922660053398,2,multicellular organism aging,aging
GO:1901135,69,GO:1901135,0.975,5.259922660053398,2,carbohydrate derivative metabolic process,carbohydrate derivative metabolic process
GO:0032101,34,GO:0048584,0.757,5.259922660053398,0,regulation of response to external stimulus,positive regulation of response to stimulus
GO:0071103,36,GO:0006996,0.568,5.259922660053398,0,DNA conformation change,organelle organization
GO:0071407,16,GO:0070887,0.752,5.259922660053398,0,cellular response to organic cyclic compound,cellular response to chemical stimulus
GO:0006260,31,GO:0034645,0.554,5.259922660053398,78,DNA replication,cellular macromolecule biosynthetic process
GO:0000086,2,GO:0010564,0.577,5.259922660053398,2,G2/M transition of mitotic cell cycle,regulation of cell cycle process
GO:0009267,39,GO:0009991,0.919,5.259922660053398,6,cellular response to starvation,response to extracellular stimulus
GO:0045732,35,GO:0044265,0.708,5.259922660053398,11,positive regulation of protein catabolic process,cellular macromolecule catabolic process
GO:0065004,23,GO:0051128,0.393,5.259922660053398,0,protein-DNA complex assembly,regulation of cellular component organization
GO:0031396,12,GO:0051247,0.589,5.259922660053398,0,regulation of protein ubiquitination,positive regulation of protein metabolic process
GO:0001101,16,GO:0070887,0.475,5.259922660053398,0,response to acid chemical,cellular response to chemical stimulus
GO:0007268,4,GO:0023051,0.484,5.259922660053398,144,chemical synaptic transmission,regulation of signaling
GO:0055082,48,GO:0065008,0.764,5.259922660053398,0,cellular chemical homeostasis,regulation of biological quality
GO:0061458,13,GO:0022008,0.71,5.259922660053398,0,reproductive system development,neurogenesis
GO:0071901,37,GO:0044093,0.602,5.259922660053398,0,negative regulation of protein serine/threonine kinase activity,positive regulation of molecular function
GO:1902903,36,GO:0006996,0.457,5.259922660053398,0,regulation of supramolecular fiber organization,organelle organization
GO:0002119,28,GO:0035239,0.431,5.259922660053398,226,nematode larval development,tube morphogenesis
GO:0042335,13,GO:0022008,0.442,5.259922660053398,6,cuticle development,neurogenesis
GO:0010171,28,GO:0035239,0.521,5.259922660053398,22,body morphogenesis,tube morphogenesis
GO:0050678,29,GO:0042127,0.764,5.259922660053398,0,regulation of epithelial cell proliferation,regulation of cell population proliferation
GO:0050768,33,GO:0051241,0.85,5.259922660053398,0,negative regulation of neurogenesis,negative regulation of multicellular organismal process
GO:0000165,14,GO:0007166,0.463,5.259922660053398,46,MAPK cascade,cell surface receptor signaling pathway
GO:1901657,69,GO:1901135,0.689,5.259922660053398,0,glycosyl compound metabolic process,carbohydrate derivative metabolic process
GO:0050890,52,GO:0003008,0.752,5.259922660053398,0,cognition,system process
GO:0007611,52,GO:0003008,0.742,5.259922660053398,4,learning or memory,system process
GO:0007097,55,GO:0051640,0.796,5.259922660053398,23,nuclear migration,organelle localization
GO:0045661,68,GO:0061061,0.686,5.259922660053398,0,regulation of myoblast differentiation,muscle structure development
GO:0007018,49,GO:0007017,0.852,5.259922660053398,60,microtubule-based movement,microtubule-based process
GO:0070482,8,GO:0009628,0.803,5.259922660053398,20,response to oxygen levels,response to abiotic stimulus
GO:0071496,39,GO:0009991,0.5,5.259922660053398,0,cellular response to external stimulus,response to extracellular stimulus
GO:0031669,39,GO:0009991,0.919,5.259922660053398,0,cellular response to nutrient levels,response to extracellular stimulus
GO:0009994,7,GO:0022414,0.669,5.259922660053398,0,oocyte differentiation,reproductive process
GO:0007127,2,GO:0010564,0.65,5.259922660053398,1,meiosis I,regulation of cell cycle process
GO:0072331,14,GO:0007166,0.391,5.259922660053398,0,signal transduction by p53 class mediator,cell surface receptor signaling pathway
GO:0098916,4,GO:0023051,0.484,5.259922660053398,0,anterograde trans-synaptic signaling,regulation of signaling
GO:0055123,13,GO:0022008,0.662,5.259922660053398,0,digestive system development,neurogenesis
GO:0051983,54,GO:0007059,0.833,5.259922660053398,3,regulation of chromosome segregation,chromosome segregation
GO:0043414,62,GO:0032259,0.954,5.259922660053398,1,macromolecule methylation,methylation
GO:0009636,16,GO:0070887,0.562,5.259922660053398,9,response to toxic substance,cellular response to chemical stimulus
GO:0006952,32,GO:0033554,0.703,5.259922660053398,6,defense response,cellular response to stress
GO:0042327,5,GO:0016310,0.678,5.259922660053398,2,positive regulation of phosphorylation,phosphorylation
GO:0001934,12,GO:0051247,0.899,5.259922660053398,20,positive regulation of protein phosphorylation,positive regulation of protein metabolic process
GO:2000058,12,GO:0051247,0.669,5.259922660053398,0,regulation of ubiquitin-dependent protein catabolic process,positive regulation of protein metabolic process
GO:0022404,40,GO:0032501,0.325,5.259922660053398,2,molting cycle process,multicellular organismal process
GO:2000027,17,GO:0050793,0.696,5.259922660053398,0,regulation of animal organ morphogenesis,regulation of developmental process
GO:1901615,70,GO:1901615,0.995,5.259922660053398,0,organic hydroxy compound metabolic process,organic hydroxy compound metabolic process
GO:0007143,2,GO:0010564,0.587,5.259922660053398,2,female meiotic nuclear division,regulation of cell cycle process
GO:0008610,63,GO:0006629,0.846,5.259922660053398,13,lipid biosynthetic process,lipid metabolic process
GO:0043244,23,GO:0051128,0.713,5.259922660053398,0,regulation of protein-containing complex disassembly,regulation of cellular component organization
GO:0000819,54,GO:0007059,0.934,5.25982471680503,3,sister chromatid segregation,chromosome segregation
GO:1903532,25,GO:0046903,0.812,5.258443973751602,0,positive regulation of secretion by cell,secretion
GO:0051047,25,GO:0046903,0.839,5.258443973751602,0,positive regulation of secretion,secretion
GO:0022604,17,GO:0050793,0.696,5.258443973751602,6,regulation of cell morphogenesis,regulation of developmental process
GO:0007163,71,GO:0007163,0.996,5.258386851655411,29,establishment or maintenance of cell polarity,establishment or maintenance of cell polarity
GO:0050773,23,GO:0051128,0.686,5.258386851655411,0,regulation of dendrite development,regulation of cellular component organization
GO:0030100,9,GO:0051050,0.785,5.256456500958033,7,regulation of endocytosis,positive regulation of transport
GO:0031347,34,GO:0048584,0.632,5.252394935125403,0,regulation of defense response,positive regulation of response to stimulus
GO:0046700,35,GO:0044265,0.74,5.249034489253204,0,heterocycle catabolic process,cellular macromolecule catabolic process
GO:1901361,35,GO:0044265,0.733,5.249034489253204,0,organic cyclic compound catabolic process,cellular macromolecule catabolic process
GO:0019439,35,GO:0044265,0.744,5.249034489253204,2,aromatic compound catabolic process,cellular macromolecule catabolic process
GO:0044270,35,GO:0044265,0.739,5.249034489253204,0,cellular nitrogen compound catabolic process,cellular macromolecule catabolic process
GO:0034655,35,GO:0044265,0.732,5.249034489253204,1,nucleobase-containing compound catabolic process,cellular macromolecule catabolic process
GO:0006401,35,GO:0044265,0.867,5.249034489253204,16,RNA catabolic process,cellular macromolecule catabolic process
GO:1901215,10,GO:0010941,0.789,5.248450816808275,8,negative regulation of neuron death,regulation of cell death
GO:1901214,10,GO:0010941,0.847,5.248450816808275,2,regulation of neuron death,regulation of cell death
GO:0001558,44,GO:0040008,0.886,5.241998472680028,2,regulation of cell growth,regulation of growth
GO:0006413,31,GO:0034645,0.734,5.234788112044792,59,translational initiation,cellular macromolecule biosynthetic process
GO:0006913,43,GO:0046907,0.783,5.224872065393536,13,nucleocytoplasmic transport,intracellular transport
GO:0051169,43,GO:0046907,0.785,5.224872065393536,3,nuclear transport,intracellular transport
GO:0006403,6,GO:0008104,0.659,5.221856703242279,0,RNA localization,protein localization
GO:0071826,23,GO:0051128,0.419,5.221710227672616,0,ribonucleoprotein complex subunit organization,regulation of cellular component organization
GO:0009746,16,GO:0070887,0.418,3.5202410825910655,0,response to hexose,cellular response to chemical stimulus
GO:0031099,13,GO:0022008,0.38,3.5202410825910655,0,regeneration,neurogenesis
GO:0007369,13,GO:0022008,0.477,3.5202410825910655,26,gastrulation,neurogenesis
GO:0071375,16,GO:0070887,0.703,3.5202410825910655,0,cellular response to peptide hormone stimulus,cellular response to chemical stimulus
GO:0051224,9,GO:0051050,0.659,3.5202410825910655,0,negative regulation of protein transport,positive regulation of transport
GO:0007367,13,GO:0022008,0.347,3.5202410825910655,4,segment polarity determination,neurogenesis
GO:0051446,2,GO:0010564,0.75,3.5202410825910655,4,positive regulation of meiotic cell cycle,regulation of cell cycle process
GO:0031397,12,GO:0051247,0.535,3.5202410825910655,1,negative regulation of protein ubiquitination,positive regulation of protein metabolic process
GO:0006414,18,GO:0043603,0.683,3.5202410825910655,18,translational elongation,cellular amide metabolic process
GO:0016139,69,GO:1901135,0.561,3.5202410825910655,3,glycoside catabolic process,carbohydrate derivative metabolic process
GO:1901879,23,GO:0051128,0.699,3.5202410825910655,0,regulation of protein depolymerization,regulation of cellular component organization
GO:0006364,42,GO:1901360,0.475,3.5202410825910655,90,rRNA processing,organic cyclic compound metabolic process
GO:0051260,23,GO:0051128,0.384,3.5202410825910655,50,protein homooligomerization,regulation of cellular component organization
GO:0008286,16,GO:0070887,0.694,3.5202410825910655,18,insulin receptor signaling pathway,cellular response to chemical stimulus
GO:0019377,63,GO:0006629,0.574,3.5202410825910655,0,glycolipid catabolic process,lipid metabolic process
GO:0043486,23,GO:0051128,0.322,3.5202410825910655,7,histone exchange,regulation of cellular component organization
GO:0045862,12,GO:0051247,0.905,3.5202410825910655,1,positive regulation of proteolysis,positive regulation of protein metabolic process
GO:0042770,14,GO:0007166,0.425,3.5202410825910655,2,signal transduction in response to DNA damage,cell surface receptor signaling pathway
GO:0008584,7,GO:0022414,0.51,3.5202410825910655,6,male gonad development,reproductive process
GO:0043473,72,GO:0043473,1,3.5202410825910655,0,pigmentation,pigmentation
GO:0021782,13,GO:0022008,0.525,3.5202410825910655,1,glial cell development,neurogenesis
GO:0001709,17,GO:0050793,0.341,3.5202410825910655,9,cell fate determination,regulation of developmental process
GO:0071345,16,GO:0070887,0.615,3.5202410825910655,0,cellular response to cytokine stimulus,cellular response to chemical stimulus
GO:0006915,10,GO:0010941,0.869,3.5202410825910655,73,apoptotic process,regulation of cell death
GO:0045737,37,GO:0044093,0.726,3.5202410825910655,5,positive regulation of cyclin-dependent protein serine/threonine kinase activity,positive regulation of molecular function
GO:0030522,14,GO:0007166,0.432,3.5202410825910655,64,intracellular receptor signaling pathway,cell surface receptor signaling pathway
GO:0002064,19,GO:0009888,0.751,3.5202410825910655,9,epithelial cell development,tissue development
GO:0051302,67,GO:0051301,0.844,3.5202410825910655,12,regulation of cell division,cell division
GO:0000910,67,GO:0051301,0.877,3.5202410825910655,0,cytokinesis,cell division
GO:0050808,23,GO:0051128,0.424,3.5202410825910655,16,synapse organization,regulation of cellular component organization
GO:0008630,10,GO:0010941,0.686,3.5202410825910655,7,intrinsic apoptotic signaling pathway in response to DNA damage,regulation of cell death
GO:1901985,12,GO:0051247,0.703,3.5202410825910655,0,positive regulation of protein acetylation,positive regulation of protein metabolic process
GO:1904030,5,GO:0016310,0.496,3.5202410825910655,0,negative regulation of cyclin-dependent protein kinase activity,phosphorylation
GO:0006805,16,GO:0070887,0.723,3.5202410825910655,41,xenobiotic metabolic process,cellular response to chemical stimulus
GO:0031163,47,GO:0044085,0.611,3.5202410825910655,0,metallo-sulfur cluster assembly,cellular component biogenesis
GO:0010001,13,GO:0022008,0.591,3.5202410825910655,0,glial cell differentiation,neurogenesis
GO:1902904,36,GO:0006996,0.423,3.5202410825910655,0,negative regulation of supramolecular fiber organization,organelle organization
GO:0070125,18,GO:0043603,0.577,3.5202410825910655,8,mitochondrial translational elongation,cellular amide metabolic process
GO:1903317,24,GO:0006396,0.319,3.5202410825910655,0,regulation of protein maturation,RNA processing
GO:0033674,37,GO:0044093,0.903,3.5202410825910655,35,positive regulation of kinase activity,positive regulation of molecular function
GO:0040020,2,GO:0010564,0.77,3.5202410825910655,0,regulation of meiotic nuclear division,regulation of cell cycle process
GO:0098542,57,GO:0009607,0.982,3.5202410825910655,6,defense response to other organism,response to biotic stimulus
GO:0001711,19,GO:0009888,0.801,3.5202410825910655,0,endodermal cell fate commitment,tissue development
GO:0001706,19,GO:0009888,0.808,3.5202410825910655,0,endoderm formation,tissue development
GO:0061136,12,GO:0051247,0.685,3.5202410825910655,3,regulation of proteasomal protein catabolic process,positive regulation of protein metabolic process
GO:1901880,23,GO:0051128,0.688,3.5202410825910655,0,negative regulation of protein depolymerization,regulation of cellular component organization
GO:0007009,23,GO:0051128,0.379,3.5202410825910655,9,plasma membrane organization,regulation of cellular component organization
GO:0000212,36,GO:0006996,0.501,3.5202410825910655,11,meiotic spindle organization,organelle organization
GO:0048639,44,GO:0040008,0.897,3.5202410825910655,3,positive regulation of developmental growth,regulation of growth
GO:0051445,2,GO:0010564,0.777,3.5202410825910655,4,regulation of meiotic cell cycle,regulation of cell cycle process
GO:0033500,48,GO:0065008,0.591,3.5202410825910655,0,carbohydrate homeostasis,regulation of biological quality
GO:0002793,38,GO:0015833,0.81,3.5202410825910655,0,positive regulation of peptide secretion,peptide transport
GO:1902115,47,GO:0044085,0.631,3.5202410825910655,1,regulation of organelle assembly,cellular component biogenesis
GO:0007365,13,GO:0022008,0.347,3.5202410825910655,0,periodic partitioning,neurogenesis
GO:0010389,2,GO:0010564,0.78,3.5202410825910655,2,regulation of G2/M transition of mitotic cell cycle,regulation of cell cycle process
GO:0006606,43,GO:0046907,0.712,3.5202410825910655,40,protein import into nucleus,intracellular transport
GO:0007368,13,GO:0022008,0.394,3.5202410825910655,1,determination of left/right symmetry,neurogenesis
GO:1901653,16,GO:0070887,0.703,3.5202410825910655,0,cellular response to peptide,cellular response to chemical stimulus
GO:0035987,19,GO:0009888,0.808,3.5202410825910655,0,endodermal cell differentiation,tissue development
GO:0048814,23,GO:0051128,0.684,3.5202410825910655,15,regulation of dendrite morphogenesis,regulation of cellular component organization
GO:0034728,23,GO:0051128,0.369,3.5202410825910655,2,nucleosome organization,regulation of cellular component organization
GO:0032868,16,GO:0070887,0.503,3.5202410825910655,0,response to insulin,cellular response to chemical stimulus
GO:1904950,9,GO:0051050,0.608,3.5202410825910655,1,negative regulation of establishment of protein localization,positive regulation of transport
GO:0006888,25,GO:0046903,0.322,3.5202410825910655,69,endoplasmic reticulum to Golgi vesicle-mediated transport,secretion
GO:0090306,36,GO:0006996,0.414,3.5202410825910655,2,meiotic spindle assembly,organelle organization
GO:0045736,5,GO:0016310,0.496,3.5202410825910655,4,negative regulation of cyclin-dependent protein serine/threonine kinase activity,phosphorylation
GO:0046823,9,GO:0051050,0.615,3.5202410825910655,0,negative regulation of nucleocytoplasmic transport,positive regulation of transport
GO:0006298,50,GO:0006974,0.692,3.5202410825910655,16,mismatch repair,cellular response to DNA damage stimulus
GO:1903319,24,GO:0006396,0.303,3.5202410825910655,0,positive regulation of protein maturation,RNA processing
GO:0071331,16,GO:0070887,0.583,3.5202410825910655,0,cellular response to hexose stimulus,cellular response to chemical stimulus
GO:0046887,48,GO:0065008,0.487,3.5202410825910655,0,positive regulation of hormone secretion,regulation of biological quality
GO:1901800,12,GO:0051247,0.866,3.5202410825910655,8,positive regulation of proteasomal protein catabolic process,positive regulation of protein metabolic process
GO:0001525,13,GO:0022008,0.447,3.5202410825910655,0,angiogenesis,neurogenesis
GO:0043631,42,GO:1901360,0.368,3.5202410825910655,6,RNA polyadenylation,organic cyclic compound metabolic process
GO:0030952,71,GO:0007163,0.827,3.5202410825910655,0,establishment or maintenance of cytoskeleton polarity,establishment or maintenance of cell polarity
GO:0006302,50,GO:0006974,0.822,3.5202410825910655,18,double-strand break repair,cellular response to DNA damage stimulus
GO:0046621,44,GO:0040008,0.633,3.5202410825910655,1,negative regulation of organ growth,regulation of growth
GO:0071326,16,GO:0070887,0.583,3.5202410825910655,0,cellular response to monosaccharide stimulus,cellular response to chemical stimulus
GO:0031114,49,GO:0007017,0.623,3.5202410825910655,0,regulation of microtubule depolymerization,microtubule-based process
GO:0048872,48,GO:0065008,0.487,3.5202410825910655,0,homeostasis of number of cells,regulation of biological quality
GO:0051056,14,GO:0007166,0.425,3.5202410825910655,5,regulation of small GTPase mediated signal transduction,cell surface receptor signaling pathway
GO:0003341,49,GO:0007017,0.643,3.5202410825910655,1,cilium movement,microtubule-based process
GO:0044242,63,GO:0006629,0.726,3.5202410825910655,0,cellular lipid catabolic process,lipid metabolic process
GO:0016042,63,GO:0006629,0.768,3.5202410825910655,82,lipid catabolic process,lipid metabolic process
GO:0044283,53,GO:0044281,0.759,3.5202410825910655,0,small molecule biosynthetic process,small molecule metabolic process
GO:0010769,17,GO:0050793,0.617,3.5202410825910655,0,regulation of cell morphogenesis involved in differentiation,regulation of developmental process
GO:0090305,42,GO:1901360,0.462,3.5202410825910655,64,nucleic acid phosphodiester bond hydrolysis,organic cyclic compound metabolic process
GO:0048557,45,GO:0009887,0.839,3.5202410825910655,24,embryonic digestive tract morphogenesis,animal organ morphogenesis
GO:0040014,44,GO:0040008,0.913,3.5202410825910655,32,regulation of multicellular organism growth,regulation of growth
GO:0006575,22,GO:1901564,0.431,3.5202410825910655,0,cellular modified amino acid metabolic process,organonitrogen compound metabolic process
GO:0032869,16,GO:0070887,0.701,3.5202410825910655,3,cellular response to insulin stimulus,cellular response to chemical stimulus
GO:0046824,9,GO:0051050,0.732,3.5202410825910655,0,positive regulation of nucleocytoplasmic transport,positive regulation of transport
GO:0018991,51,GO:0007610,0.803,3.5202410825910655,86,oviposition,behavior
GO:1903828,9,GO:0051050,0.661,3.5202410825910655,0,negative regulation of protein localization,positive regulation of transport
GO:0043242,23,GO:0051128,0.688,3.5202410825910655,0,negative regulation of protein-containing complex disassembly,regulation of cellular component organization
GO:0007274,4,GO:0023051,0.361,3.5202410825910655,13,neuromuscular synaptic transmission,regulation of signaling
GO:0008037,73,GO:0008037,0.999,3.5202410825910655,0,cell recognition,cell recognition
GO:0006378,42,GO:1901360,0.359,3.5202410825910655,21,mRNA polyadenylation,organic cyclic compound metabolic process
GO:0017157,25,GO:0046903,0.801,3.5202410825910655,10,regulation of exocytosis,secretion
GO:0010469,14,GO:0007166,0.36,3.5202410825910655,0,regulation of signaling receptor activity,cell surface receptor signaling pathway
GO:0008298,6,GO:0008104,0.514,3.5202410825910655,2,intracellular mRNA localization,protein localization
GO:0050806,4,GO:0023051,0.78,3.5202410825910655,3,positive regulation of synaptic transmission,regulation of signaling
GO:0007308,17,GO:0050793,0.312,3.5202410825910655,0,oocyte construction,regulation of developmental process
GO:0016226,47,GO:0044085,0.611,3.5202410825910655,27,iron-sulfur cluster assembly,cellular component biogenesis
GO:0044843,2,GO:0010564,0.592,3.5202410825910655,3,cell cycle G1/S phase transition,regulation of cell cycle process
GO:0061064,17,GO:0050793,0.734,3.5202410825910655,3,negative regulation of nematode larval development,regulation of developmental process
GO:0050796,48,GO:0065008,0.512,3.5202410825910655,0,regulation of insulin secretion,regulation of biological quality
GO:0042692,68,GO:0061061,0.96,3.5202410825910655,4,muscle cell differentiation,muscle structure development
GO:0032387,9,GO:0051050,0.675,3.5202410825910655,0,negative regulation of intracellular transport,positive regulation of transport
GO:2000060,12,GO:0051247,0.849,3.5202410825910655,1,positive regulation of ubiquitin-dependent protein catabolic process,positive regulation of protein metabolic process
GO:0032436,12,GO:0051247,0.847,3.5202410825910655,34,positive regulation of proteasomal ubiquitin-dependent protein catabolic process,positive regulation of protein metabolic process
GO:0051494,23,GO:0051128,0.73,3.5202410825910655,0,negative regulation of cytoskeleton organization,regulation of cellular component organization
GO:0031110,49,GO:0007017,0.687,3.5202410825910655,4,regulation of microtubule polymerization or depolymerization,microtubule-based process
GO:0009566,7,GO:0022414,0.617,3.5202410825910655,1,fertilization,reproductive process
GO:0007338,7,GO:0022414,0.596,3.5202410825910655,14,single fertilization,reproductive process
GO:0045911,31,GO:0034645,0.384,3.5202410825910655,0,positive regulation of DNA recombination,cellular macromolecule biosynthetic process
GO:0070646,20,GO:0043412,0.566,3.5202410825910655,1,protein modification by small protein removal,macromolecule modification
GO:0008406,7,GO:0022414,0.706,3.5202410825910655,59,gonad development,reproductive process
GO:0006820,26,GO:0006810,0.534,3.5202410825910655,8,anion transport,transport
GO:0046620,44,GO:0040008,0.724,3.5202410825910655,2,regulation of organ growth,regulation of growth
GO:0090277,38,GO:0015833,0.81,3.5202410825910655,0,positive regulation of peptide hormone secretion,peptide transport
GO:0043087,37,GO:0044093,0.708,3.5202410825910655,19,regulation of GTPase activity,positive regulation of molecular function
GO:0016072,42,GO:1901360,0.481,3.5202410825910655,0,rRNA metabolic process,organic cyclic compound metabolic process
GO:0097193,10,GO:0010941,0.703,3.5202410825910655,1,intrinsic apoptotic signaling pathway,regulation of cell death
GO:2000243,7,GO:0022414,0.711,3.5202410825910655,0,positive regulation of reproductive process,reproductive process
GO:1900181,9,GO:0051050,0.612,3.5202410825910655,7,negative regulation of protein localization to nucleus,positive regulation of transport
GO:0035264,44,GO:0040008,0.89,3.5202410825910655,16,multicellular organism growth,regulation of growth
GO:0043409,14,GO:0007166,0.39,3.5202410825910655,9,negative regulation of MAPK cascade,cell surface receptor signaling pathway
GO:0048871,48,GO:0065008,0.571,3.5202410825910655,0,multicellular organismal homeostasis,regulation of biological quality
GO:0002684,46,GO:0002376,0.708,3.5202410825910655,0,positive regulation of immune system process,immune system process
GO:0006816,26,GO:0006810,0.459,3.5202410825910655,41,calcium ion transport,transport
GO:0019216,63,GO:0006629,0.642,3.5202410825910655,7,regulation of lipid metabolic process,lipid metabolic process
GO:0006643,63,GO:0006629,0.756,3.5202410825910655,1,membrane lipid metabolic process,lipid metabolic process
GO:0009895,35,GO:0044265,0.539,3.5202410825910655,0,negative regulation of catabolic process,cellular macromolecule catabolic process
GO:0048259,9,GO:0051050,0.711,3.5202410825910655,4,regulation of receptor-mediated endocytosis,positive regulation of transport
GO:0046688,16,GO:0070887,0.494,3.5202410825910655,7,response to copper ion,cellular response to chemical stimulus
GO:0008361,48,GO:0065008,0.71,3.5202410825910655,7,regulation of cell size,regulation of biological quality
GO:0000082,2,GO:0010564,0.573,3.5202410825910655,8,G1/S transition of mitotic cell cycle,regulation of cell cycle process
GO:0044784,36,GO:0006996,0.55,3.5202410825910655,0,metaphase/anaphase transition of cell cycle,organelle organization
GO:0016579,20,GO:0043412,0.549,3.5202410825910655,63,protein deubiquitination,macromolecule modification
GO:0061062,33,GO:0051241,0.667,3.5202410825910655,5,regulation of nematode larval development,negative regulation of multicellular organismal process
GO:0090276,48,GO:0065008,0.512,3.5202410825910655,0,regulation of peptide hormone secretion,regulation of biological quality
GO:0071333,16,GO:0070887,0.583,3.5202410825910655,3,cellular response to glucose stimulus,cellular response to chemical stimulus
GO:0030330,14,GO:0007166,0.372,3.5202410825910655,0,"DNA damage response, signal transduction by p53 class mediator",cell surface receptor signaling pathway
GO:0002791,38,GO:0015833,0.863,3.5202410825910655,1,regulation of peptide secretion,peptide transport
GO:0001678,48,GO:0065008,0.576,3.5202410825910655,6,cellular glucose homeostasis,regulation of biological quality
GO:0018958,70,GO:1901615,0.872,3.5202410825910655,0,phenol-containing compound metabolic process,organic hydroxy compound metabolic process
GO:0031145,22,GO:1901564,0.327,3.5202410825910655,16,anaphase-promoting complex-dependent catabolic process,organonitrogen compound metabolic process
GO:0007144,2,GO:0010564,0.462,3.5202410825910655,1,female meiosis I,regulation of cell cycle process
GO:0001667,56,GO:0016477,0.782,3.5202410825910655,0,ameboidal-type cell migration,cell migration
GO:0009799,13,GO:0022008,0.394,3.5202410825910655,0,specification of symmetry,neurogenesis
GO:0045471,16,GO:0070887,0.446,3.5202410825910655,4,response to ethanol,cellular response to chemical stimulus
GO:0090316,9,GO:0051050,0.805,3.5202410825910655,3,positive regulation of intracellular protein transport,positive regulation of transport
GO:0090317,9,GO:0051050,0.615,3.5202410825910655,0,negative regulation of intracellular protein transport,positive regulation of transport
GO:0051865,20,GO:0043412,0.431,3.5202410825910655,7,protein autoubiquitination,macromolecule modification
GO:0031111,49,GO:0007017,0.659,3.5202410825910655,0,negative regulation of microtubule polymerization or depolymerization,microtubule-based process
GO:0048563,28,GO:0035239,0.402,3.5202410825910655,2,post-embryonic animal organ morphogenesis,tube morphogenesis
GO:0031124,42,GO:1901360,0.389,3.5202410825910655,11,mRNA 3'-end processing,organic cyclic compound metabolic process
GO:0098657,26,GO:0006810,0.414,3.5202410825910655,0,import into cell,transport
GO:0045807,9,GO:0051050,0.883,3.5202410825910655,6,positive regulation of endocytosis,positive regulation of transport
GO:1901342,13,GO:0022008,0.447,3.5202410825910655,0,regulation of vasculature development,neurogenesis
GO:0006334,23,GO:0051128,0.356,3.5202410825910655,23,nucleosome assembly,regulation of cellular component organization
GO:0006892,25,GO:0046903,0.298,3.5202410825910655,3,post-Golgi vesicle-mediated transport,secretion
GO:0051170,43,GO:0046907,0.716,3.5202410825910655,1,import into nucleus,intracellular transport
GO:0034504,6,GO:0008104,0.723,3.5202410825910655,4,protein localization to nucleus,protein localization
GO:1903531,9,GO:0051050,0.659,3.5202410825910655,0,negative regulation of secretion by cell,positive regulation of transport
GO:0033045,54,GO:0007059,0.813,3.5202410825910655,0,regulation of sister chromatid segregation,chromosome segregation
GO:0033044,36,GO:0006996,0.585,3.5202410825910655,0,regulation of chromosome organization,organelle organization
GO:0015711,26,GO:0006810,0.478,3.5202410825910655,0,organic anion transport,transport
GO:0048581,17,GO:0050793,0.734,3.5202410825910655,0,negative regulation of post-embryonic development,regulation of developmental process
GO:0008360,17,GO:0050793,0.639,3.5202410825910655,14,regulation of cell shape,regulation of developmental process
GO:2000758,12,GO:0051247,0.703,3.5202410825910655,0,positive regulation of peptidyl-lysine acetylation,positive regulation of protein metabolic process
GO:1903321,12,GO:0051247,0.549,3.5202410825910655,0,negative regulation of protein modification by small protein conjugation or removal,positive regulation of protein metabolic process
GO:1901983,12,GO:0051247,0.577,3.5202410825910655,0,regulation of protein acetylation,positive regulation of protein metabolic process
GO:0050821,48,GO:0065008,0.599,3.5202410825910655,14,protein stabilization,regulation of biological quality
GO:0006836,26,GO:0006810,0.459,3.5202410825910655,21,neurotransmitter transport,transport
GO:0045995,33,GO:0051241,0.589,3.5202410825910655,5,regulation of embryonic development,negative regulation of multicellular organismal process
GO:0019098,51,GO:0007610,0.832,3.5202410825910655,0,reproductive behavior,behavior
GO:0048167,4,GO:0023051,0.642,3.5202410825910655,3,regulation of synaptic plasticity,regulation of signaling
GO:0060538,68,GO:0061061,0.762,3.5202410825910655,0,skeletal muscle organ development,muscle structure development
GO:0008033,42,GO:1901360,0.463,3.5202410825910655,56,tRNA processing,organic cyclic compound metabolic process
GO:0043062,74,GO:0043062,0.998,3.5202410825910655,1,extracellular structure organization,extracellular structure organization
GO:0008219,10,GO:0010941,0.903,3.5202410825910655,16,cell death,regulation of cell death
GO:0042742,57,GO:0009607,0.883,3.5202410825910655,15,defense response to bacterium,response to biotic stimulus
GO:0016311,5,GO:0016310,0.631,3.5202410825910655,78,dephosphorylation,phosphorylation
GO:0001704,13,GO:0022008,0.461,3.5202410825910655,2,formation of primary germ layer,neurogenesis
GO:1903052,12,GO:0051247,0.867,3.5202410825910655,0,positive regulation of proteolysis involved in protein catabolic process,positive regulation of protein metabolic process
GO:0043408,14,GO:0007166,0.424,3.5202410825910655,9,regulation of MAPK cascade,cell surface receptor signaling pathway
GO:0010639,23,GO:0051128,0.775,3.5202410825910655,0,negative regulation of organelle organization,regulation of cellular component organization
GO:0001817,33,GO:0051241,0.48,3.5202410825910655,0,regulation of cytokine production,negative regulation of multicellular organismal process
GO:0071396,16,GO:0070887,0.539,3.5202410825910655,0,cellular response to lipid,cellular response to chemical stimulus
GO:0048545,16,GO:0070887,0.387,3.5202410825910655,0,response to steroid hormone,cellular response to chemical stimulus
GO:1904779,6,GO:0008104,0.584,3.5202410825910655,2,regulation of protein localization to centrosome,protein localization
GO:0030951,71,GO:0007163,0.795,3.5202410825910655,10,establishment or maintenance of microtubule cytoskeleton polarity,establishment or maintenance of cell polarity
GO:0006897,25,GO:0046903,0.365,3.5202410825910655,118,endocytosis,secretion
GO:0140014,36,GO:0006996,0.658,3.5202410825910655,0,mitotic nuclear division,organelle organization
GO:0051054,31,GO:0034645,0.441,3.5202410825910655,0,positive regulation of DNA metabolic process,cellular macromolecule biosynthetic process
GO:0032543,24,GO:0006396,0.37,3.5202410825910655,37,mitochondrial translation,RNA processing
GO:1902749,2,GO:0010564,0.783,3.5202410825910655,1,regulation of cell cycle G2/M phase transition,regulation of cell cycle process
GO:0061025,23,GO:0051128,0.392,3.5202410825910655,9,membrane fusion,regulation of cellular component organization
GO:0051048,9,GO:0051050,0.665,3.5202410825910655,0,negative regulation of secretion,positive regulation of transport
GO:0007088,36,GO:0006996,0.531,3.5202410825910655,2,regulation of mitotic nuclear division,organelle organization
GO:0046686,16,GO:0070887,0.503,3.5202410825910655,11,response to cadmium ion,cellular response to chemical stimulus
GO:0046546,7,GO:0022414,0.51,3.5202410825910655,0,development of primary male sexual characteristics,reproductive process
GO:0048580,33,GO:0051241,0.667,3.5202410825910655,0,regulation of post-embryonic development,negative regulation of multicellular organismal process
GO:0032271,47,GO:0044085,0.648,3.5202410825910655,0,regulation of protein polymerization,cellular component biogenesis
GO:0050714,25,GO:0046903,0.73,3.5202410825910655,6,positive regulation of protein secretion,secretion
GO:0046883,48,GO:0065008,0.528,3.5202410825910655,1,regulation of hormone secretion,regulation of biological quality
GO:0042063,13,GO:0022008,0.62,3.5202410825910655,0,gliogenesis,neurogenesis
GO:0032024,38,GO:0015833,0.81,3.5202410825910655,1,positive regulation of insulin secretion,peptide transport
GO:0009749,16,GO:0070887,0.418,3.5202410825910655,0,response to glucose,cellular response to chemical stimulus
GO:0009743,16,GO:0070887,0.418,3.5202410825910655,0,response to carbohydrate,cellular response to chemical stimulus
GO:0048284,36,GO:0006996,0.577,3.5202410825910655,8,organelle fusion,organelle organization
GO:0009855,13,GO:0022008,0.394,3.5202410825910655,0,determination of bilateral symmetry,neurogenesis
GO:0034612,16,GO:0070887,0.406,3.5202410825910655,0,response to tumor necrosis factor,cellular response to chemical stimulus
GO:1900182,6,GO:0008104,0.605,3.5202410825910655,11,positive regulation of protein localization to nucleus,protein localization
GO:0051146,68,GO:0061061,0.937,3.5202410825910655,1,striated muscle cell differentiation,muscle structure development
GO:0097190,10,GO:0010941,0.732,3.5202410825910655,6,apoptotic signaling pathway,regulation of cell death
GO:0012501,10,GO:0010941,0.89,3.5202410825910655,39,programmed cell death,regulation of cell death
GO:0060795,13,GO:0022008,0.583,3.5202410825910655,0,cell fate commitment involved in formation of primary germ layer,neurogenesis
GO:0071902,37,GO:0044093,0.795,3.5202410825910655,7,positive regulation of protein serine/threonine kinase activity,positive regulation of molecular function
GO:0045860,37,GO:0044093,0.855,3.5202410825910655,8,positive regulation of protein kinase activity,positive regulation of molecular function
GO:1902532,14,GO:0007166,0.448,3.5202410825910655,0,negative regulation of intracellular signal transduction,cell surface receptor signaling pathway
GO:0032434,12,GO:0051247,0.667,3.5202410825910655,1,regulation of proteasomal ubiquitin-dependent protein catabolic process,positive regulation of protein metabolic process
GO:0031331,35,GO:0044265,0.662,3.5202410825910655,1,positive regulation of cellular catabolic process,cellular macromolecule catabolic process
GO:0000209,20,GO:0043412,0.553,3.5202410825910655,65,protein polyubiquitination,macromolecule modification
GO:0009755,30,GO:0009725,0.922,3.5202410825910655,12,hormone-mediated signaling pathway,response to hormone
GO:0043687,20,GO:0043412,0.445,3.5202410825910655,1,post-translational protein modification,macromolecule modification
GO:0061138,28,GO:0035239,0.386,3.5202410825910655,1,morphogenesis of a branching epithelium,tube morphogenesis
GO:0042147,43,GO:0046907,0.677,3.5202410825910655,28,"retrograde transport, endosome to Golgi",intracellular transport
GO:0009451,20,GO:0043412,0.622,3.5202410825910655,11,RNA modification,macromolecule modification
GO:1903509,63,GO:0006629,0.685,3.5202410825910655,0,liposaccharide metabolic process,lipid metabolic process
GO:1901136,69,GO:1901135,0.752,3.5202410825910655,1,carbohydrate derivative catabolic process,carbohydrate derivative metabolic process
GO:0006664,63,GO:0006629,0.685,3.5202410825910655,1,glycolipid metabolic process,lipid metabolic process
GO:0002700,46,GO:0002376,0.671,3.5202410825910655,0,regulation of production of molecular mediator of immune response,immune system process
GO:1904781,6,GO:0008104,0.53,3.5202410825910655,3,positive regulation of protein localization to centrosome,protein localization
GO:0009953,13,GO:0022008,0.33,3.5202410825910655,1,dorsal/ventral pattern formation,neurogenesis
GO:0006890,25,GO:0046903,0.289,3.5202410825910655,22,"retrograde vesicle-mediated transport, Golgi to endoplasmic reticulum",secretion
GO:0000070,36,GO:0006996,0.641,3.5202410825910655,38,mitotic sister chromatid segregation,organelle organization
GO:0048260,9,GO:0051050,0.805,3.5202410825910655,0,positive regulation of receptor-mediated endocytosis,positive regulation of transport
GO:0071466,16,GO:0070887,0.723,3.5202410825910655,0,cellular response to xenobiotic stimulus,cellular response to chemical stimulus
GO:0022618,23,GO:0051128,0.418,3.5202410825910655,2,ribonucleoprotein complex assembly,regulation of cellular component organization
GO:0030716,17,GO:0050793,0.273,3.5202410825910655,4,oocyte fate determination,regulation of developmental process
GO:0072594,6,GO:0008104,0.778,3.5202410825910655,3,establishment of protein localization to organelle,protein localization
GO:0009948,13,GO:0022008,0.434,3.5202410825910655,4,anterior/posterior axis specification,neurogenesis
GO:0006261,31,GO:0034645,0.52,3.5202410825910655,13,DNA-templated DNA replication,cellular macromolecule biosynthetic process
GO:0090066,48,GO:0065008,0.756,3.5202410825910655,0,regulation of anatomical structure size,regulation of biological quality
GO:0032535,48,GO:0065008,0.751,3.5202410825910655,0,regulation of cellular component size,regulation of biological quality
GO:0000578,13,GO:0022008,0.417,3.5202410825910655,2,embryonic axis specification,neurogenesis
GO:0061640,67,GO:0051301,0.865,3.5202410825910655,3,cytoskeleton-dependent cytokinesis,cell division
GO:0008356,67,GO:0051301,0.828,3.5202410825910655,24,asymmetric cell division,cell division
GO:0045137,7,GO:0022414,0.706,3.5202410825910655,0,development of primary sexual characteristics,reproductive process
GO:0072089,29,GO:0042127,0.793,3.5202410825910655,0,stem cell proliferation,regulation of cell population proliferation
GO:2000756,12,GO:0051247,0.577,3.5202410825910655,0,regulation of peptidyl-lysine acetylation,positive regulation of protein metabolic process
GO:0071322,16,GO:0070887,0.583,3.5202410825910655,0,cellular response to carbohydrate stimulus,cellular response to chemical stimulus
GO:0050708,25,GO:0046903,0.767,3.5202410825910655,5,regulation of protein secretion,secretion
GO:0045727,18,GO:0043603,0.65,3.5202410825910655,15,positive regulation of translation,cellular amide metabolic process
GO:0042593,48,GO:0065008,0.591,3.5202410825910655,3,glucose homeostasis,regulation of biological quality
GO:0034284,16,GO:0070887,0.418,3.5202410825910655,0,response to monosaccharide,cellular response to chemical stimulus
GO:0034250,18,GO:0043603,0.654,3.5202410825910655,0,positive regulation of cellular amide metabolic process,cellular amide metabolic process
GO:0048566,45,GO:0009887,0.668,3.5202410825910655,6,embryonic digestive tract development,animal organ morphogenesis
GO:0090630,37,GO:0044093,0.834,3.5202410825910655,31,activation of GTPase activity,positive regulation of molecular function
GO:0043547,37,GO:0044093,0.884,3.5202410825910655,31,positive regulation of GTPase activity,positive regulation of molecular function
GO:0031334,47,GO:0044085,0.564,3.5202410825910655,2,positive regulation of protein-containing complex assembly,cellular component biogenesis
GO:0035017,13,GO:0022008,0.33,3.5202410825910655,2,cuticle pattern formation,neurogenesis
GO:0042307,9,GO:0051050,0.732,3.5202410825910655,4,positive regulation of protein import into nucleus,positive regulation of transport
GO:0098773,45,GO:0009887,0.511,3.5202410825910655,1,skin epidermis development,animal organ morphogenesis
GO:1901617,70,GO:1901615,0.934,3.5202410825910655,0,organic hydroxy compound biosynthetic process,organic hydroxy compound metabolic process
GO:0055002,68,GO:0061061,0.934,3.5202410825910655,4,striated muscle cell development,muscle structure development
GO:0055001,68,GO:0061061,0.939,3.5202410825910655,4,muscle cell development,muscle structure development
GO:0006399,42,GO:1901360,0.5,3.5202410825910655,2,tRNA metabolic process,organic cyclic compound metabolic process
GO:0042308,9,GO:0051050,0.615,3.5202410825910655,3,negative regulation of protein import into nucleus,positive regulation of transport
GO:0035970,5,GO:0016310,0.4,3.5202410825910655,6,peptidyl-threonine dephosphorylation,phosphorylation
GO:0006470,5,GO:0016310,0.606,3.5202410825910655,210,protein dephosphorylation,phosphorylation
GO:1904031,37,GO:0044093,0.726,3.5202410825910655,0,positive regulation of cyclin-dependent protein kinase activity,positive regulation of molecular function
GO:0090407,5,GO:0016310,0.647,3.5202410825910655,0,organophosphate biosynthetic process,phosphorylation
GO:0019637,5,GO:0016310,0.688,3.5202410825910655,0,organophosphate metabolic process,phosphorylation
GO:0007026,49,GO:0007017,0.604,3.5202410825910655,4,negative regulation of microtubule depolymerization,microtubule-based process
GO:0048644,68,GO:0061061,0.771,3.5202410825910655,6,muscle organ morphogenesis,muscle structure development
GO:0001763,28,GO:0035239,0.412,3.5202410825910655,0,morphogenesis of a branching structure,tube morphogenesis
GO:0016197,25,GO:0046903,0.335,3.5202410825910655,22,endosomal transport,secretion
GO:0009408,8,GO:0009628,0.83,3.5202410825910655,60,response to heat,response to abiotic stimulus
GO:0009266,8,GO:0009628,0.871,3.5202410825910655,6,response to temperature stimulus,response to abiotic stimulus
GO:0035821,59,GO:0044419,0.571,3.5202410825910655,0,modulation of process of another organism,biological process involved in interspecies interaction between organisms
GO:0050778,46,GO:0002376,0.708,3.5202410825910655,0,positive regulation of immune response,immune system process
GO:0070588,26,GO:0006810,0.429,3.5202410825910655,39,calcium ion transmembrane transport,transport
GO:1901658,69,GO:1901135,0.635,3.5202410825910655,0,glycosyl compound catabolic process,carbohydrate derivative metabolic process
GO:0046466,63,GO:0006629,0.619,3.5202410825910655,0,membrane lipid catabolic process,lipid metabolic process
GO:0016137,69,GO:1901135,0.608,3.5202410825910655,0,glycoside metabolic process,carbohydrate derivative metabolic process
GO:0009416,8,GO:0009628,0.801,3.5202410825910655,0,response to light stimulus,response to abiotic stimulus
GO:0002697,46,GO:0002376,0.671,3.5202410825910655,0,regulation of immune effector process,immune system process
GO:0031330,35,GO:0044265,0.578,3.5202410825910655,0,negative regulation of cellular catabolic process,cellular macromolecule catabolic process
GO:0071695,17,GO:0050793,0.347,3.5202410825910655,0,anatomical structure maturation,regulation of developmental process
GO:0045927,44,GO:0040008,0.925,3.5202410825910655,1,positive regulation of growth,regulation of growth
GO:0050878,48,GO:0065008,0.582,3.5202410825910655,0,regulation of body fluid levels,regulation of biological quality
GO:0031123,42,GO:1901360,0.438,3.5202410825910655,18,RNA 3'-end processing,organic cyclic compound metabolic process
GO:0006397,42,GO:1901360,0.521,3.5202410825910655,131,mRNA processing,organic cyclic compound metabolic process
GO:0022406,75,GO:0022406,0.999,3.5195566964155476,0,membrane docking,membrane docking
GO:0140056,75,GO:0022406,0.997,3.5195566964155476,0,organelle localization by membrane tethering,membrane docking
GO:0099504,25,GO:0046903,0.323,3.5136508973283855,0,synaptic vesicle cycle,secretion
GO:0099003,25,GO:0046903,0.323,3.5136508973283855,0,vesicle-mediated transport in synapse,secretion
GO:0001505,48,GO:0065008,0.743,3.5136508973283855,2,regulation of neurotransmitter levels,regulation of biological quality
GO:0000956,35,GO:0044265,0.815,3.5064143487328874,22,nuclear-transcribed mRNA catabolic process,cellular macromolecule catabolic process
GO:0006402,35,GO:0044265,0.837,3.5064143487328874,11,mRNA catabolic process,cellular macromolecule catabolic process
GO:0045088,57,GO:0009607,0.651,3.5047724418247674,3,regulation of innate immune response,response to biotic stimulus
GO:0006415,23,GO:0051128,0.337,3.481898456779326,5,translational termination,regulation of cellular component organization
GO:0051236,6,GO:0008104,0.656,3.473169270248637,0,establishment of RNA localization,protein localization
GO:0050658,6,GO:0008104,0.656,3.473169270248637,10,RNA transport,protein localization
GO:0050657,38,GO:0015833,0.533,3.473169270248637,0,nucleic acid transport,peptide transport
GO:0015931,38,GO:0015833,0.554,3.473169270248637,0,nucleobase-containing compound transport,peptide transport
GO:0051346,37,GO:0044093,0.744,3.473169270248637,0,negative regulation of hydrolase activity,positive regulation of molecular function
GO:0001556,17,GO:0050793,0.33,1.8950406981093242,15,oocyte maturation,regulation of developmental process
GO:0043487,12,GO:0051247,0.431,1.8950406981093242,0,regulation of RNA stability,positive regulation of protein metabolic process
GO:0002920,46,GO:0002376,0.671,1.8950406981093242,0,regulation of humoral immune response,immune system process
GO:0060631,2,GO:0010564,0.702,1.8950406981093242,2,regulation of meiosis I,regulation of cell cycle process
GO:0035046,55,GO:0051640,0.714,1.8950406981093242,11,pronuclear migration,organelle localization
GO:0002759,46,GO:0002376,0.671,1.8950406981093242,0,regulation of antimicrobial humoral response,immune system process
GO:0044458,23,GO:0051128,0.293,1.8950406981093242,2,motile cilium assembly,regulation of cellular component organization
GO:0099558,23,GO:0051128,0.308,1.8950406981093242,1,maintenance of synapse structure,regulation of cellular component organization
GO:0043954,23,GO:0051128,0.326,1.8950406981093242,0,cellular component maintenance,regulation of cellular component organization
GO:0016198,73,GO:0008037,0.85,1.8950406981093242,0,axon choice point recognition,cell recognition
GO:0007343,27,GO:0045321,0.899,1.8950406981093242,0,egg activation,leukocyte activation
GO:0002784,46,GO:0002376,0.671,1.8950406981093242,0,regulation of antimicrobial peptide production,immune system process
GO:0040018,44,GO:0040008,0.859,1.8950406981093242,59,positive regulation of multicellular organism growth,regulation of growth
GO:0031532,60,GO:0030029,0.704,1.8950406981093242,6,actin cytoskeleton reorganization,actin filament-based process
GO:0008038,73,GO:0008037,0.995,1.8950406981093242,0,neuron recognition,cell recognition
GO:0051785,36,GO:0006996,0.501,1.8950406981093242,0,positive regulation of nuclear division,organelle organization
GO:0045836,2,GO:0010564,0.739,1.8950406981093242,5,positive regulation of meiotic nuclear division,regulation of cell cycle process
GO:0043489,35,GO:0044265,0.647,1.8950406981093242,0,RNA stabilization,cellular macromolecule catabolic process
GO:0008334,42,GO:1901360,0.313,1.8950406981093242,0,histone mRNA metabolic process,organic cyclic compound metabolic process
GO:0007616,52,GO:0003008,0.595,1.8950406981093242,7,long-term memory,system process
GO:0002831,57,GO:0009607,0.706,1.8950406981093242,0,regulation of response to biotic stimulus,response to biotic stimulus
GO:1990709,23,GO:0051128,0.302,1.8950406981093242,0,presynaptic active zone organization,regulation of cellular component organization
GO:0048790,23,GO:0051128,0.302,1.8950406981093242,3,maintenance of presynaptic active zone structure,regulation of cellular component organization
GO:0016199,73,GO:0008037,0.85,1.8950406981093242,3,axon midline choice point recognition,cell recognition
GO:0010172,28,GO:0035239,0.493,1.8950406981093242,39,embryonic body morphogenesis,tube morphogenesis
GO:2000370,9,GO:0051050,0.801,1.8950406981093242,14,positive regulation of clathrin-dependent endocytosis,positive regulation of transport
GO:2000369,9,GO:0051050,0.697,1.8950406981093242,3,regulation of clathrin-dependent endocytosis,positive regulation of transport
GO:2000300,25,GO:0046903,0.688,1.8950406981093242,1,regulation of synaptic vesicle exocytosis,secretion
GO:1903305,25,GO:0046903,0.764,1.8950406981093242,0,regulation of regulated secretory pathway,secretion
GO:1902805,55,GO:0051640,0.682,1.8950406981093242,1,positive regulation of synaptic vesicle transport,organelle localization
GO:1902803,55,GO:0051640,0.703,1.8950406981093242,0,regulation of synaptic vesicle transport,organelle localization
GO:0099111,55,GO:0051640,0.308,1.8950406981093242,0,microtubule-based transport,organelle localization
GO:0072393,36,GO:0006996,0.414,1.8950406981093242,1,microtubule anchoring at microtubule organizing center,organelle organization
GO:0072385,55,GO:0051640,0.601,1.8950406981093242,0,minus-end-directed organelle transport along microtubule,organelle localization
GO:0072384,55,GO:0051640,0.779,1.8950406981093242,2,organelle transport along microtubule,organelle localization
GO:0061842,26,GO:0006810,0.334,1.8950406981093242,0,microtubule organizing center localization,transport
GO:0060191,37,GO:0044093,0.534,1.8950406981093242,0,regulation of lipase activity,positive regulation of molecular function
GO:0051642,26,GO:0006810,0.334,1.8950406981093242,7,centrosome localization,transport
GO:0051590,26,GO:0006810,0.375,1.8950406981093242,0,positive regulation of neurotransmitter transport,transport
GO:0051588,26,GO:0006810,0.398,1.8950406981093242,0,regulation of neurotransmitter transport,transport
GO:0051028,38,GO:0015833,0.516,1.8950406981093242,22,mRNA transport,peptide transport
GO:0048488,25,GO:0046903,0.289,1.8950406981093242,15,synaptic vesicle endocytosis,secretion
GO:0046928,26,GO:0006810,0.397,1.8950406981093242,8,regulation of neurotransmitter secretion,transport
GO:0045921,25,GO:0046903,0.656,1.8950406981093242,2,positive regulation of exocytosis,secretion
GO:0045744,4,GO:0023051,0.61,1.8950406981093242,0,negative regulation of G protein-coupled receptor signaling pathway,regulation of signaling
GO:0036465,25,GO:0046903,0.292,1.8950406981093242,1,synaptic vesicle recycling,secretion
GO:0034453,36,GO:0006996,0.414,1.8950406981093242,0,microtubule anchoring,organelle organization
GO:0034067,6,GO:0008104,0.56,1.8950406981093242,2,protein localization to Golgi apparatus,protein localization
GO:0034063,47,GO:0044085,0.528,1.8950406981093242,6,stress granule assembly,cellular component biogenesis
GO:0030705,43,GO:0046907,0.776,1.8950406981093242,7,cytoskeleton-dependent intracellular transport,intracellular transport
GO:0017158,25,GO:0046903,0.756,1.8950406981093242,12,regulation of calcium ion-dependent exocytosis,secretion
GO:0010970,55,GO:0051640,0.308,1.8950406981093242,1,transport along microtubule,organelle localization
GO:0009950,13,GO:0022008,0.314,1.8950406981093242,0,dorsal/ventral axis specification,neurogenesis
GO:0008277,4,GO:0023051,0.678,1.8950406981093242,9,regulation of G protein-coupled receptor signaling pathway,regulation of signaling
GO:0007309,17,GO:0050793,0.312,1.8950406981093242,0,oocyte axis specification,regulation of developmental process
GO:0001956,26,GO:0006810,0.375,1.8950406981093242,6,positive regulation of neurotransmitter secretion,transport
GO:2001022,34,GO:0048584,0.752,1.8950406981093242,0,positive regulation of response to DNA damage stimulus,positive regulation of response to stimulus
GO:2001020,34,GO:0048584,0.656,1.8950406981093242,1,regulation of response to DNA damage stimulus,positive regulation of response to stimulus
GO:2000781,34,GO:0048584,0.666,1.8950406981093242,1,positive regulation of double-strand break repair,positive regulation of response to stimulus
GO:2000779,34,GO:0048584,0.57,1.8950406981093242,1,regulation of double-strand break repair,positive regulation of response to stimulus
GO:1905168,34,GO:0048584,0.636,1.8950406981093242,1,positive regulation of double-strand break repair via homologous recombination,positive regulation of response to stimulus
GO:0097428,24,GO:0006396,0.31,1.8950406981093242,5,protein maturation by iron-sulfur cluster transfer,RNA processing
GO:0080135,34,GO:0048584,0.72,1.8950406981093242,1,regulation of cellular response to stress,positive regulation of response to stimulus
GO:0051604,24,GO:0006396,0.418,1.8950406981093242,5,protein maturation,RNA processing
GO:0045739,34,GO:0048584,0.752,1.8950406981093242,1,positive regulation of DNA repair,positive regulation of response to stimulus
GO:0010569,34,GO:0048584,0.556,1.8950406981093242,3,regulation of double-strand break repair via homologous recombination,positive regulation of response to stimulus
GO:0006289,50,GO:0006974,0.764,1.8950406981093242,30,nucleotide-excision repair,cellular response to DNA damage stimulus
GO:0006282,34,GO:0048584,0.612,1.8950406981093242,2,regulation of DNA repair,positive regulation of response to stimulus
GO:0000160,14,GO:0007166,0.309,1.8950406981093242,1,phosphorelay signal transduction system,cell surface receptor signaling pathway
GO:0071774,16,GO:0070887,0.459,1.8950406981093242,0,response to fibroblast growth factor,cellular response to chemical stimulus
GO:0044344,16,GO:0070887,0.64,1.8950406981093242,0,cellular response to fibroblast growth factor stimulus,cellular response to chemical stimulus
GO:0008543,16,GO:0070887,0.64,1.8950406981093242,7,fibroblast growth factor receptor signaling pathway,cellular response to chemical stimulus
GO:0009306,25,GO:0046903,0.823,1.8950406981093242,18,protein secretion,secretion
GO:0002790,38,GO:0015833,0.878,1.8950406981093242,0,peptide secretion,peptide transport
GO:0070126,23,GO:0051128,0.293,1.8950406981093242,2,mitochondrial translational termination,regulation of cellular component organization
GO:0007005,36,GO:0006996,0.667,1.8950406981093242,38,mitochondrion organization,organelle organization
GO:0000002,36,GO:0006996,0.47,1.8950406981093242,2,mitochondrial genome maintenance,organelle organization
GO:0090598,7,GO:0022414,0.699,1.8950406981093242,0,male anatomical structure morphogenesis,reproductive process
GO:0045138,7,GO:0022414,0.681,1.8950406981093242,80,nematode male tail tip morphogenesis,reproductive process
GO:0009957,19,GO:0009888,0.726,1.8950406981093242,7,epidermal cell fate specification,tissue development
GO:1901343,13,GO:0022008,0.447,1.8950406981093242,0,negative regulation of vasculature development,neurogenesis
GO:0090287,16,GO:0070887,0.713,1.8950406981093242,0,regulation of cellular response to growth factor stimulus,cellular response to chemical stimulus
GO:0071456,8,GO:0009628,0.671,1.8950406981093242,4,cellular response to hypoxia,response to abiotic stimulus
GO:0071453,8,GO:0009628,0.671,1.8950406981093242,0,cellular response to oxygen levels,response to abiotic stimulus
GO:0045746,4,GO:0023051,0.657,1.8950406981093242,8,negative regulation of Notch signaling pathway,regulation of signaling
GO:0043620,50,GO:0006974,0.533,1.8950406981093242,1,regulation of DNA-templated transcription in response to stress,cellular response to DNA damage stimulus
GO:0043618,50,GO:0006974,0.527,1.8950406981093242,0,regulation of transcription from RNA polymerase II promoter in response to stress,cellular response to DNA damage stimulus
GO:0042264,20,GO:0043412,0.388,1.8950406981093242,2,peptidyl-aspartic acid hydroxylation,macromolecule modification
GO:0036294,8,GO:0009628,0.671,1.8950406981093242,0,cellular response to decreased oxygen levels,response to abiotic stimulus
GO:0018202,20,GO:0043412,0.449,1.8950406981093242,0,peptidyl-histidine modification,macromolecule modification
GO:0018197,20,GO:0043412,0.401,1.8950406981093242,1,peptidyl-aspartic acid modification,macromolecule modification
GO:0018196,20,GO:0043412,0.441,1.8950406981093242,0,peptidyl-asparagine modification,macromolecule modification
GO:0018126,20,GO:0043412,0.465,1.8950406981093242,1,protein hydroxylation,macromolecule modification
GO:0008593,4,GO:0023051,0.735,1.8950406981093242,8,regulation of Notch signaling pathway,regulation of signaling
GO:0051307,54,GO:0007059,0.797,1.8950406981093242,13,meiotic chromosome separation,chromosome segregation
GO:0051304,54,GO:0007059,0.859,1.8950406981093242,4,chromosome separation,chromosome segregation
GO:0045132,2,GO:0010564,0.673,1.8950406981093242,25,meiotic chromosome segregation,regulation of cell cycle process
GO:0045005,31,GO:0034645,0.433,1.8950406981093242,0,DNA-templated DNA replication maintenance of fidelity,cellular macromolecule biosynthetic process
GO:0036297,50,GO:0006974,0.657,1.8950406981093242,7,interstrand cross-link repair,cellular response to DNA damage stimulus
GO:0035825,31,GO:0034645,0.486,1.8950406981093242,0,homologous recombination,cellular macromolecule biosynthetic process
GO:0031573,2,GO:0010564,0.72,1.8950406981093242,7,mitotic intra-S DNA damage checkpoint signaling,regulation of cell cycle process
GO:0031297,31,GO:0034645,0.401,1.8950406981093242,4,replication fork processing,cellular macromolecule biosynthetic process
GO:0007131,31,GO:0034645,0.486,1.8950406981093242,18,reciprocal meiotic recombination,cellular macromolecule biosynthetic process
GO:0000712,54,GO:0007059,0.753,1.8950406981093242,23,resolution of meiotic recombination intermediates,chromosome segregation
GO:1903394,23,GO:0051128,0.318,1.8950406981093242,6,protein localization to kinetochore involved in kinetochore assembly,regulation of cellular component organization
GO:0071459,6,GO:0008104,0.64,1.8950406981093242,1,"protein localization to chromosome, centromeric region",protein localization
GO:0051383,36,GO:0006996,0.519,1.8950406981093242,4,kinetochore organization,organelle organization
GO:0051382,23,GO:0051128,0.355,1.8950406981093242,12,kinetochore assembly,regulation of cellular component organization
GO:0034508,23,GO:0051128,0.357,1.8950406981093242,0,centromere complex assembly,regulation of cellular component organization
GO:0034502,6,GO:0008104,0.672,1.8950406981093242,1,protein localization to chromosome,protein localization
GO:0034501,6,GO:0008104,0.638,1.8950406981093242,12,protein localization to kinetochore,protein localization
GO:0034080,23,GO:0051128,0.293,1.8950406981093242,2,CENP-A containing chromatin assembly,regulation of cellular component organization
GO:0031055,23,GO:0051128,0.293,1.8950406981093242,0,chromatin remodeling at centromere,regulation of cellular component organization
GO:0140029,25,GO:0046903,0.823,1.8950406981093242,0,exocytic process,secretion
GO:0099643,25,GO:0046903,0.887,1.8950406981093242,0,signal release from synapse,secretion
GO:0099500,23,GO:0051128,0.322,1.8950406981093242,0,vesicle fusion to plasma membrane,regulation of cellular component organization
GO:0097479,55,GO:0051640,0.796,1.8950406981093242,2,synaptic vesicle localization,organelle localization
GO:0097352,23,GO:0051128,0.318,1.8950406981093242,3,autophagosome maturation,regulation of cellular component organization
GO:0090174,23,GO:0051128,0.385,1.8950406981093242,0,organelle membrane fusion,regulation of cellular component organization
GO:0071806,38,GO:0015833,0.517,1.8950406981093242,1,protein transmembrane transport,peptide transport
GO:0065002,38,GO:0015833,0.517,1.8950406981093242,2,intracellular protein transmembrane transport,peptide transport
GO:0051650,55,GO:0051640,0.85,1.8950406981093242,0,establishment of vesicle localization,organelle localization
GO:0051648,55,GO:0051640,0.856,1.8950406981093242,0,vesicle localization,organelle localization
GO:0048489,55,GO:0051640,0.783,1.8950406981093242,18,synaptic vesicle transport,organelle localization
GO:0045026,23,GO:0051128,0.293,1.8950406981093242,2,plasma membrane fusion,regulation of cellular component organization
GO:0031629,23,GO:0051128,0.322,1.8950406981093242,7,synaptic vesicle fusion to presynaptic active zone membrane,regulation of cellular component organization
GO:0030728,7,GO:0022414,0.581,1.8950406981093242,13,ovulation,reproductive process
GO:0023061,25,GO:0046903,0.907,1.8950406981093242,0,signal release,secretion
GO:0017156,25,GO:0046903,0.83,1.8950406981093242,12,calcium-ion regulated exocytosis,secretion
GO:0016082,25,GO:0046903,0.724,1.8950406981093242,6,synaptic vesicle priming,secretion
GO:0016079,25,GO:0046903,0.831,1.8950406981093242,9,synaptic vesicle exocytosis,secretion
GO:0016050,36,GO:0006996,0.608,1.8950406981093242,2,vesicle organization,organelle organization
GO:0007269,25,GO:0046903,0.887,1.8950406981093242,11,neurotransmitter secretion,secretion
GO:0007030,23,GO:0051128,0.379,1.8950406981093242,33,Golgi organization,regulation of cellular component organization
GO:0006906,23,GO:0051128,0.385,1.8950406981093242,24,vesicle fusion,regulation of cellular component organization
GO:0006903,55,GO:0051640,0.728,1.8950406981093242,1,vesicle targeting,organelle localization
GO:0040015,44,GO:0040008,0.759,1.8950406981093242,13,negative regulation of multicellular organism growth,regulation of growth
GO:0008595,13,GO:0022008,0.415,1.8950406981093242,14,"anterior/posterior axis specification, embryo",neurogenesis
GO:0007351,13,GO:0022008,0.415,1.8950406981093242,0,tripartite regional subdivision,neurogenesis
GO:0048137,7,GO:0022414,0.443,1.8950406981093242,1,spermatocyte division,reproductive process
GO:0007140,7,GO:0022414,0.533,1.8950406981093242,4,male meiotic nuclear division,reproductive process
GO:0006335,23,GO:0051128,0.314,1.8950406981093242,5,DNA replication-dependent chromatin assembly,regulation of cellular component organization
GO:0045765,13,GO:0022008,0.447,1.8950406981093242,0,regulation of angiogenesis,neurogenesis
GO:0030308,44,GO:0040008,0.796,1.8950406981093242,3,negative regulation of cell growth,regulation of growth
GO:0008213,20,GO:0043412,0.578,1.8950406981093242,0,protein alkylation,macromolecule modification
GO:0006479,20,GO:0043412,0.578,1.8950406981093242,7,protein methylation,macromolecule modification
GO:0098754,16,GO:0070887,0.544,1.8950406981093242,0,detoxification,cellular response to chemical stimulus
GO:0071722,16,GO:0070887,0.387,1.8950406981093242,1,detoxification of arsenic-containing substance,cellular response to chemical stimulus
GO:0046685,16,GO:0070887,0.451,1.8950406981093242,3,response to arsenic-containing substance,cellular response to chemical stimulus
GO:0044272,66,GO:0006790,0.892,1.8950406981093242,1,sulfur compound biosynthetic process,sulfur compound metabolic process
GO:0043200,16,GO:0070887,0.469,1.8950406981093242,2,response to amino acid,cellular response to chemical stimulus
GO:0042398,22,GO:1901564,0.341,1.8950406981093242,0,cellular modified amino acid biosynthetic process,organonitrogen compound metabolic process
GO:0019184,18,GO:0043603,0.577,1.8950406981093242,0,nonribosomal peptide biosynthetic process,cellular amide metabolic process
GO:0006750,18,GO:0043603,0.564,1.8950406981093242,6,glutathione biosynthetic process,cellular amide metabolic process
GO:0006749,22,GO:1901564,0.415,1.8950406981093242,116,glutathione metabolic process,organonitrogen compound metabolic process
GO:0032508,36,GO:0006996,0.555,1.8950406981093242,38,DNA duplex unwinding,organelle organization
GO:0032392,36,GO:0006996,0.556,1.8950406981093242,0,DNA geometric change,organelle organization
GO:0000725,31,GO:0034645,0.494,1.8950406981093242,0,recombinational repair,cellular macromolecule biosynthetic process
GO:0000724,31,GO:0034645,0.494,1.8950406981093242,43,double-strand break repair via homologous recombination,cellular macromolecule biosynthetic process
GO:1905039,38,GO:0015833,0.492,1.8950406981093242,0,carboxylic acid transmembrane transport,peptide transport
GO:1903825,38,GO:0015833,0.492,1.8950406981093242,0,organic acid transmembrane transport,peptide transport
GO:1902475,38,GO:0015833,0.504,1.8950406981093242,19,L-alpha-amino acid transmembrane transport,peptide transport
GO:0098656,26,GO:0006810,0.485,1.8950406981093242,19,anion transmembrane transport,transport
GO:0046942,26,GO:0006810,0.451,1.8950406981093242,0,carboxylic acid transport,transport
GO:0046189,70,GO:1901615,0.856,1.8950406981093242,0,phenol-containing compound biosynthetic process,organic hydroxy compound metabolic process
GO:0046148,76,GO:0046148,1,1.8950406981093242,0,pigment biosynthetic process,pigment biosynthetic process
GO:0044550,77,GO:0044550,1,1.8950406981093242,1,secondary metabolite biosynthetic process,secondary metabolite biosynthetic process
GO:0042440,76,GO:0046148,1,1.8950406981093242,0,pigment metabolic process,pigment biosynthetic process
GO:0042438,76,GO:0046148,0.931,1.8950406981093242,4,melanin biosynthetic process,pigment biosynthetic process
GO:0019748,77,GO:0044550,0.994,1.8950406981093242,1,secondary metabolic process,secondary metabolite biosynthetic process
GO:0015849,38,GO:0015833,0.514,1.8950406981093242,0,organic acid transport,peptide transport
GO:0015807,26,GO:0006810,0.4,1.8950406981093242,18,L-amino acid transport,transport
GO:0006865,38,GO:0015833,0.538,1.8950406981093242,13,amino acid transport,peptide transport
GO:0006582,76,GO:0046148,0.931,1.8950406981093242,0,melanin metabolic process,pigment biosynthetic process
GO:0003333,38,GO:0015833,0.522,1.8950406981093242,24,amino acid transmembrane transport,peptide transport
GO:0043039,53,GO:0044281,0.661,1.8950406981093242,9,tRNA aminoacylation,small molecule metabolic process
GO:0043038,53,GO:0044281,0.662,1.8950406981093242,0,amino acid activation,small molecule metabolic process
GO:0006432,53,GO:0044281,0.5,1.8950406981093242,7,phenylalanyl-tRNA aminoacylation,small molecule metabolic process
GO:0006418,53,GO:0044281,0.651,1.8950406981093242,28,tRNA aminoacylation for protein translation,small molecule metabolic process
GO:1990949,2,GO:0010564,0.677,1.8950406981093242,2,metaphase/anaphase transition of meiosis I,regulation of cell cycle process
GO:1905881,17,GO:0050793,0.552,1.8950406981093242,3,positive regulation of oogenesis,regulation of developmental process
GO:1905879,17,GO:0050793,0.639,1.8950406981093242,0,regulation of oogenesis,regulation of developmental process
GO:1904668,37,GO:0044093,0.682,1.8950406981093242,2,positive regulation of ubiquitin protein ligase activity,positive regulation of molecular function
GO:1904666,37,GO:0044093,0.534,1.8950406981093242,0,regulation of ubiquitin protein ligase activity,positive regulation of molecular function
GO:1904146,17,GO:0050793,0.268,1.8950406981093242,3,positive regulation of meiotic cell cycle process involved in oocyte maturation,regulation of developmental process
GO:1903538,17,GO:0050793,0.299,1.8950406981093242,7,regulation of meiotic cell cycle process involved in oocyte maturation,regulation of developmental process
GO:1903431,17,GO:0050793,0.583,1.8950406981093242,0,positive regulation of cell maturation,regulation of developmental process
GO:1903429,17,GO:0050793,0.625,1.8950406981093242,0,regulation of cell maturation,regulation of developmental process
GO:1903322,12,GO:0051247,0.754,1.8950406981093242,0,positive regulation of protein modification by small protein conjugation or removal,positive regulation of protein metabolic process
GO:1900195,17,GO:0050793,0.583,1.8950406981093242,6,positive regulation of oocyte maturation,regulation of developmental process
GO:1900193,17,GO:0050793,0.617,1.8950406981093242,0,regulation of oocyte maturation,regulation of developmental process
GO:0090307,36,GO:0006996,0.536,1.8950406981093242,17,mitotic spindle assembly,organelle organization
GO:0065001,13,GO:0022008,0.406,1.8950406981093242,0,specification of axis polarity,neurogenesis
GO:0061983,2,GO:0010564,0.579,1.8950406981093242,0,meiosis II cell cycle process,regulation of cell cycle process
GO:0060282,17,GO:0050793,0.621,1.8950406981093242,13,positive regulation of oocyte development,regulation of developmental process
GO:0060281,17,GO:0050793,0.629,1.8950406981093242,2,regulation of oocyte development,regulation of developmental process
GO:0051962,33,GO:0051241,0.61,1.8950406981093242,0,positive regulation of nervous system development,negative regulation of multicellular organismal process
GO:0051443,37,GO:0044093,0.715,1.8950406981093242,2,positive regulation of ubiquitin-protein transferase activity,positive regulation of molecular function
GO:0051438,37,GO:0044093,0.56,1.8950406981093242,0,regulation of ubiquitin-protein transferase activity,positive regulation of molecular function
GO:0044785,2,GO:0010564,0.739,1.8950406981093242,0,metaphase/anaphase transition of meiotic cell cycle,regulation of cell cycle process
GO:0044771,2,GO:0010564,0.546,1.8950406981093242,0,meiotic cell cycle phase transition,regulation of cell cycle process
GO:0040038,67,GO:0051301,0.765,1.8950406981093242,23,polar body extrusion after meiotic divisions,cell division
GO:0033206,67,GO:0051301,0.772,1.8950406981093242,1,meiotic cytokinesis,cell division
GO:0031398,12,GO:0051247,0.738,1.8950406981093242,2,positive regulation of protein ubiquitination,positive regulation of protein metabolic process
GO:0030718,58,GO:0019827,0.917,1.8950406981093242,2,germ-line stem cell population maintenance,stem cell population maintenance
GO:0010939,10,GO:0010941,0.794,1.8950406981093242,1,regulation of necrotic cell death,regulation of cell death
GO:0010720,17,GO:0050793,0.711,1.8950406981093242,0,positive regulation of cell development,regulation of developmental process
GO:0009949,13,GO:0022008,0.39,1.8950406981093242,17,polarity specification of anterior/posterior axis,neurogenesis
GO:0007147,2,GO:0010564,0.462,1.8950406981093242,1,female meiosis II,regulation of cell cycle process
GO:0007135,2,GO:0010564,0.575,1.8950406981093242,0,meiosis II,regulation of cell cycle process
GO:0007096,2,GO:0010564,0.72,1.8950406981093242,5,regulation of exit from mitosis,regulation of cell cycle process
GO:0007064,36,GO:0006996,0.506,1.8950406981093242,14,mitotic sister chromatid cohesion,organelle organization
GO:0007062,36,GO:0006996,0.559,1.8950406981093242,12,sister chromatid cohesion,organelle organization
GO:1905477,9,GO:0051050,0.621,1.8950406981093242,0,positive regulation of protein localization to membrane,positive regulation of transport
GO:1905475,9,GO:0051050,0.652,1.8950406981093242,3,regulation of protein localization to membrane,positive regulation of transport
GO:1904377,9,GO:0051050,0.631,1.8950406981093242,0,positive regulation of protein localization to cell periphery,positive regulation of transport
GO:1904375,9,GO:0051050,0.652,1.8950406981093242,0,regulation of protein localization to cell periphery,positive regulation of transport
GO:1903569,6,GO:0008104,0.514,1.8950406981093242,2,positive regulation of protein localization to ciliary membrane,protein localization
GO:1903567,6,GO:0008104,0.514,1.8950406981093242,0,regulation of protein localization to ciliary membrane,protein localization
GO:1903566,6,GO:0008104,0.53,1.8950406981093242,1,positive regulation of protein localization to cilium,protein localization
GO:1903564,6,GO:0008104,0.53,1.8950406981093242,0,regulation of protein localization to cilium,protein localization
GO:2001251,23,GO:0051128,0.691,1.8950406981093242,0,negative regulation of chromosome organization,regulation of cellular component organization
GO:2000816,54,GO:0007059,0.753,1.8950406981093242,0,negative regulation of mitotic sister chromatid separation,chromosome segregation
GO:2000242,7,GO:0022414,0.596,1.8950406981093242,0,negative regulation of reproductive process,reproductive process
GO:2000211,12,GO:0051247,0.319,1.8950406981093242,0,regulation of glutamate metabolic process,positive regulation of protein metabolic process
GO:2000147,56,GO:0016477,0.811,1.8950406981093242,2,positive regulation of cell motility,cell migration
GO:1905819,54,GO:0007059,0.755,1.8950406981093242,0,negative regulation of chromosome separation,chromosome segregation
GO:1905818,54,GO:0007059,0.809,1.8950406981093242,0,regulation of chromosome separation,chromosome segregation
GO:1902905,36,GO:0006996,0.403,1.8950406981093242,0,positive regulation of supramolecular fiber organization,organelle organization
GO:1902100,36,GO:0006996,0.515,1.8950406981093242,0,negative regulation of metaphase/anaphase transition of cell cycle,organelle organization
GO:1902099,36,GO:0006996,0.541,1.8950406981093242,0,regulation of metaphase/anaphase transition of cell cycle,organelle organization
GO:0120034,23,GO:0051128,0.607,1.8950406981093242,0,positive regulation of plasma membrane bounded cell projection assembly,regulation of cellular component organization
GO:0120032,23,GO:0051128,0.686,1.8950406981093242,0,regulation of plasma membrane bounded cell projection assembly,regulation of cellular component organization
GO:0099024,23,GO:0051128,0.392,1.8950406981093242,0,plasma membrane invagination,regulation of cellular component organization
GO:0071174,2,GO:0010564,0.789,1.8950406981093242,0,mitotic spindle checkpoint signaling,regulation of cell cycle process
GO:0071173,2,GO:0010564,0.792,1.8950406981093242,0,spindle assembly checkpoint signaling,regulation of cell cycle process
GO:0070830,23,GO:0051128,0.293,1.8950406981093242,2,bicellular tight junction assembly,regulation of cellular component organization
GO:0062012,53,GO:0044281,0.57,1.8950406981093242,0,regulation of small molecule metabolic process,small molecule metabolic process
GO:0061351,29,GO:0042127,0.848,1.8950406981093242,0,neural precursor cell proliferation,regulation of cell population proliferation
GO:0060632,49,GO:0007017,0.681,1.8950406981093242,0,regulation of microtubule-based movement,microtubule-based process
GO:0060491,23,GO:0051128,0.686,1.8950406981093242,0,regulation of cell projection assembly,regulation of cellular component organization
GO:0051988,2,GO:0010564,0.659,1.8950406981093242,0,regulation of attachment of spindle microtubules to kinetochore,regulation of cell cycle process
GO:0051985,54,GO:0007059,0.755,1.8950406981093242,0,negative regulation of chromosome segregation,chromosome segregation
GO:0051784,36,GO:0006996,0.523,1.8950406981093242,0,negative regulation of nuclear division,organelle organization
GO:0051782,67,GO:0051301,0.73,1.8950406981093242,13,negative regulation of cell division,cell division
GO:0051781,67,GO:0051301,0.73,1.8950406981093242,7,positive regulation of cell division,cell division
GO:0051495,23,GO:0051128,0.695,1.8950406981093242,0,positive regulation of cytoskeleton organization,regulation of cellular component organization
GO:0046716,48,GO:0065008,0.626,1.8950406981093242,23,muscle cell cellular homeostasis,regulation of biological quality
GO:0045841,54,GO:0007059,0.753,1.8950406981093242,0,negative regulation of mitotic metaphase/anaphase transition,chromosome segregation
GO:0045839,36,GO:0006996,0.513,1.8950406981093242,0,negative regulation of mitotic nuclear division,organelle organization
GO:0045785,78,GO:0045785,1,1.8950406981093242,0,positive regulation of cell adhesion,positive regulation of cell adhesion
GO:0045216,23,GO:0051128,0.353,1.8950406981093242,7,cell-cell junction organization,regulation of cellular component organization
GO:0043652,23,GO:0051128,0.385,1.8950406981093242,24,engulfment of apoptotic cell,regulation of cellular component organization
GO:0043297,23,GO:0051128,0.302,1.8950406981093242,0,apical junction assembly,regulation of cellular component organization
GO:0043277,25,GO:0046903,0.329,1.8950406981093242,9,apoptotic cell clearance,secretion
GO:0040028,45,GO:0009887,0.743,1.8950406981093242,39,regulation of vulval development,animal organ morphogenesis
GO:0040027,17,GO:0050793,0.703,1.8950406981093242,51,negative regulation of vulval development,regulation of developmental process
GO:0040025,45,GO:0009887,0.78,1.8950406981093242,76,vulval development,animal organ morphogenesis
GO:0040017,11,GO:0040011,0.796,1.8950406981093242,70,positive regulation of locomotion,locomotion
GO:0034330,23,GO:0051128,0.435,1.8950406981093242,0,cell junction organization,regulation of cellular component organization
GO:0034329,23,GO:0051128,0.408,1.8950406981093242,0,cell junction assembly,regulation of cellular component organization
GO:0033238,12,GO:0051247,0.319,1.8950406981093242,0,regulation of cellular amine metabolic process,positive regulation of protein metabolic process
GO:0033048,54,GO:0007059,0.753,1.8950406981093242,0,negative regulation of mitotic sister chromatid segregation,chromosome segregation
GO:0033047,36,GO:0006996,0.531,1.8950406981093242,0,regulation of mitotic sister chromatid segregation,organelle organization
GO:0033046,54,GO:0007059,0.753,1.8950406981093242,0,negative regulation of sister chromatid segregation,chromosome segregation
GO:0032273,47,GO:0044085,0.528,1.8950406981093242,1,positive regulation of protein polymerization,cellular component biogenesis
GO:0031577,2,GO:0010564,0.792,1.8950406981093242,0,spindle checkpoint signaling,regulation of cell cycle process
GO:0031346,23,GO:0051128,0.769,1.8950406981093242,0,positive regulation of cell projection organization,regulation of cellular component organization
GO:0031272,23,GO:0051128,0.559,1.8950406981093242,2,regulation of pseudopodium assembly,regulation of cellular component organization
GO:0031122,36,GO:0006996,0.523,1.8950406981093242,14,cytoplasmic microtubule organization,organelle organization
GO:0031113,49,GO:0007017,0.649,1.8950406981093242,2,regulation of microtubule polymerization,microtubule-based process
GO:0031112,49,GO:0007017,0.574,1.8950406981093242,0,positive regulation of microtubule polymerization or depolymerization,microtubule-based process
GO:0030866,36,GO:0006996,0.528,1.8950406981093242,20,cortical actin cytoskeleton organization,organelle organization
GO:0030865,36,GO:0006996,0.539,1.8950406981093242,6,cortical cytoskeleton organization,organelle organization
GO:0030588,13,GO:0022008,0.363,1.8950406981093242,1,pseudocleavage,neurogenesis
GO:0030335,56,GO:0016477,0.81,1.8950406981093242,7,positive regulation of cell migration,cell migration
GO:0030155,78,GO:0045785,0.892,1.8950406981093242,10,regulation of cell adhesion,positive regulation of cell adhesion
GO:0030071,36,GO:0006996,0.528,1.8950406981093242,1,regulation of mitotic metaphase/anaphase transition,organelle organization
GO:0016476,33,GO:0051241,0.503,1.8950406981093242,4,regulation of embryonic cell shape,negative regulation of multicellular organismal process
GO:0010965,54,GO:0007059,0.797,1.8950406981093242,3,regulation of mitotic sister chromatid separation,chromosome segregation
GO:0010565,53,GO:0044281,0.547,1.8950406981093242,0,regulation of cellular ketone metabolic process,small molecule metabolic process
GO:0010324,23,GO:0051128,0.392,1.8950406981093242,0,membrane invagination,regulation of cellular component organization
GO:0009954,13,GO:0022008,0.373,1.8950406981093242,1,proximal/distal pattern formation,neurogenesis
GO:0007405,29,GO:0042127,0.848,1.8950406981093242,0,neuroblast proliferation,regulation of cell population proliferation
GO:0007155,78,GO:0045785,0.724,1.8950406981093242,59,cell adhesion,positive regulation of cell adhesion
GO:0007094,54,GO:0007059,0.753,1.8950406981093242,20,mitotic spindle assembly checkpoint signaling,chromosome segregation
GO:0007091,36,GO:0006996,0.536,1.8950406981093242,5,metaphase/anaphase transition of mitotic cell cycle,organelle organization
GO:0007043,23,GO:0051128,0.337,1.8950406981093242,4,cell-cell junction assembly,regulation of cellular component organization
GO:0006911,23,GO:0051128,0.39,1.8950406981093242,1,"phagocytosis, engulfment",regulation of cellular component organization
GO:0006909,25,GO:0046903,0.335,1.8950406981093242,10,phagocytosis,secretion
GO:0006521,12,GO:0051247,0.319,1.8950406981093242,0,regulation of cellular amino acid metabolic process,positive regulation of protein metabolic process
GO:0001714,19,GO:0009888,0.798,1.8950406981093242,23,endodermal cell fate specification,tissue development
GO:0000820,12,GO:0051247,0.319,1.8950406981093242,0,regulation of glutamine family amino acid metabolic process,positive regulation of protein metabolic process
GO:0000281,67,GO:0051301,0.823,1.8950406981093242,41,mitotic cytokinesis,cell division
GO:0071711,74,GO:0043062,0.909,1.8950406981093242,4,basement membrane organization,extracellular structure organization
GO:0048017,14,GO:0007166,0.393,1.8950406981093242,2,inositol lipid-mediated signaling,cell surface receptor signaling pathway
GO:0048015,14,GO:0007166,0.39,1.8950406981093242,15,phosphatidylinositol-mediated signaling,cell surface receptor signaling pathway
GO:0046854,63,GO:0006629,0.644,1.8950406981093242,26,phosphatidylinositol phosphate biosynthetic process,lipid metabolic process
GO:0046834,63,GO:0006629,0.56,1.8950406981093242,9,lipid phosphorylation,lipid metabolic process
GO:0046488,63,GO:0006629,0.732,1.8950406981093242,8,phosphatidylinositol metabolic process,lipid metabolic process
GO:0046486,63,GO:0006629,0.782,1.8950406981093242,1,glycerolipid metabolic process,lipid metabolic process
GO:0046474,63,GO:0006629,0.747,1.8950406981093242,5,glycerophospholipid biosynthetic process,lipid metabolic process
GO:0045017,63,GO:0006629,0.754,1.8950406981093242,0,glycerolipid biosynthetic process,lipid metabolic process
GO:0030258,63,GO:0006629,0.703,1.8950406981093242,5,lipid modification,lipid metabolic process
GO:0030198,74,GO:0043062,0.996,1.8950406981093242,46,extracellular matrix organization,extracellular structure organization
GO:0030010,71,GO:0007163,0.952,1.8950406981093242,12,establishment of cell polarity,establishment or maintenance of cell polarity
GO:0019058,64,GO:0016032,1,1.8950406981093242,0,viral life cycle,viral process
GO:0008654,5,GO:0016310,0.573,1.8950406981093242,27,phospholipid biosynthetic process,phosphorylation
GO:0007015,36,GO:0006996,0.641,1.8950406981093242,42,actin filament organization,organelle organization
GO:0006661,63,GO:0006629,0.704,1.8950406981093242,5,phosphatidylinositol biosynthetic process,lipid metabolic process
GO:0006650,63,GO:0006629,0.771,1.8950406981093242,0,glycerophospholipid metabolic process,lipid metabolic process
GO:0006644,5,GO:0016310,0.6,1.8950406981093242,29,phospholipid metabolic process,phosphorylation
GO:1903358,23,GO:0051128,0.607,1.8950406981093242,6,regulation of Golgi organization,regulation of cellular component organization
GO:1902117,47,GO:0044085,0.575,1.8950406981093242,0,positive regulation of organelle assembly,cellular component biogenesis
GO:0090158,23,GO:0051128,0.326,1.8950406981093242,8,endoplasmic reticulum membrane organization,regulation of cellular component organization
GO:0060628,9,GO:0051050,0.599,1.8950406981093242,0,regulation of ER to Golgi vesicle-mediated transport,positive regulation of transport
GO:0007528,23,GO:0051128,0.371,1.8950406981093242,8,neuromuscular junction development,regulation of cellular component organization
GO:0007029,23,GO:0051128,0.377,1.8950406981093242,14,endoplasmic reticulum organization,regulation of cellular component organization
GO:0006605,6,GO:0008104,0.755,1.8950406981093242,5,protein targeting,protein localization
GO:0097237,16,GO:0070887,0.751,1.8950406981093242,6,cellular response to toxic substance,cellular response to chemical stimulus
GO:0072347,16,GO:0070887,0.418,1.8950406981093242,3,response to anesthetic,cellular response to chemical stimulus
GO:0071276,16,GO:0070887,0.566,1.8950406981093242,0,cellular response to cadmium ion,cellular response to chemical stimulus
GO:0070301,50,GO:0006974,0.511,1.8950406981093242,4,cellular response to hydrogen peroxide,cellular response to DNA damage stimulus
GO:0070262,5,GO:0016310,0.378,1.8950406981093242,3,peptidyl-serine dephosphorylation,phosphorylation
GO:0045920,9,GO:0051050,0.599,1.8950406981093242,1,negative regulation of exocytosis,positive regulation of transport
GO:0043279,16,GO:0070887,0.387,1.8950406981093242,1,response to alkaloid,cellular response to chemical stimulus
GO:0042542,50,GO:0006974,0.446,1.8950406981093242,12,response to hydrogen peroxide,cellular response to DNA damage stimulus
GO:0034614,50,GO:0006974,0.567,1.8950406981093242,3,cellular response to reactive oxygen species,cellular response to DNA damage stimulus
GO:0034599,50,GO:0006974,0.598,1.8950406981093242,8,cellular response to oxidative stress,cellular response to DNA damage stimulus
GO:0010288,16,GO:0070887,0.387,1.8950406981093242,1,response to lead ion,cellular response to chemical stimulus
GO:0000302,50,GO:0006974,0.493,1.8950406981093242,11,response to reactive oxygen species,cellular response to DNA damage stimulus
GO:0045087,46,GO:0002376,0.977,1.8950406981093242,321,innate immune response,immune system process
GO:0032728,33,GO:0051241,0.46,1.8950406981093242,1,positive regulation of interferon-beta production,negative regulation of multicellular organismal process
GO:0032648,33,GO:0051241,0.46,1.8950406981093242,0,regulation of interferon-beta production,negative regulation of multicellular organismal process
GO:0032481,33,GO:0051241,0.46,1.8950406981093242,0,positive regulation of type I interferon production,negative regulation of multicellular organismal process
GO:0032479,33,GO:0051241,0.48,1.8950406981093242,0,regulation of type I interferon production,negative regulation of multicellular organismal process
GO:0001819,33,GO:0051241,0.46,1.8950406981093242,0,positive regulation of cytokine production,negative regulation of multicellular organismal process
GO:0110053,36,GO:0006996,0.566,1.8950406981093242,0,regulation of actin filament organization,organelle organization
GO:0090132,79,GO:0090132,1,1.8950406981093242,0,epithelium migration,epithelium migration
GO:0090130,79,GO:0090132,1,1.8950406981093242,0,tissue migration,epithelium migration
GO:0072332,14,GO:0007166,0.366,1.8950406981093242,2,intrinsic apoptotic signaling pathway by p53 class mediator,cell surface receptor signaling pathway
GO:0061067,17,GO:0050793,0.658,1.8950406981093242,17,negative regulation of dauer larval development,regulation of developmental process
GO:0061065,33,GO:0051241,0.625,1.8950406981093242,21,regulation of dauer larval development,negative regulation of multicellular organismal process
GO:0060465,13,GO:0022008,0.618,1.8950406981093242,41,pharynx development,neurogenesis
GO:0051235,6,GO:0008104,0.341,1.8950406981093242,0,maintenance of location,protein localization
GO:0051220,6,GO:0008104,0.552,1.8950406981093242,3,cytoplasmic sequestering of protein,protein localization
GO:0048665,17,GO:0050793,0.308,1.8950406981093242,17,neuron fate specification,regulation of developmental process
GO:0048663,17,GO:0050793,0.315,1.8950406981093242,0,neuron fate commitment,regulation of developmental process
GO:0048621,28,GO:0035239,0.789,1.8950406981093242,2,post-embryonic digestive tract morphogenesis,tube morphogenesis
GO:0045793,48,GO:0065008,0.565,1.8950406981093242,7,positive regulation of cell size,regulation of biological quality
GO:0045185,6,GO:0008104,0.618,1.8950406981093242,3,maintenance of protein location,protein localization
GO:0045176,6,GO:0008104,0.589,1.8950406981093242,11,apical protein localization,protein localization
GO:0042771,14,GO:0007166,0.36,1.8950406981093242,8,intrinsic apoptotic signaling pathway in response to DNA damage by p53 class mediator,cell surface receptor signaling pathway
GO:0035329,14,GO:0007166,0.369,1.8950406981093242,7,hippo signaling,cell surface receptor signaling pathway
GO:0035265,44,GO:0040008,0.697,1.8950406981093242,0,organ growth,regulation of growth
GO:0033138,5,GO:0016310,0.469,1.8950406981093242,2,positive regulation of peptidyl-serine phosphorylation,phosphorylation
GO:0033135,5,GO:0016310,0.469,1.8950406981093242,0,regulation of peptidyl-serine phosphorylation,phosphorylation
GO:0032970,60,GO:0030029,0.87,1.8950406981093242,9,regulation of actin filament-based process,actin filament-based process
GO:0032956,60,GO:0030029,0.861,1.8950406981093242,18,regulation of actin cytoskeleton organization,actin filament-based process
GO:0030833,60,GO:0030029,0.803,1.8950406981093242,12,regulation of actin filament polymerization,actin filament-based process
GO:0030832,60,GO:0030029,0.811,1.8950406981093242,0,regulation of actin filament length,actin filament-based process
GO:0030421,52,GO:0003008,0.725,1.8950406981093242,35,defecation,system process
GO:0018209,20,GO:0043412,0.599,1.8950406981093242,0,peptidyl-serine modification,macromolecule modification
GO:0018105,20,GO:0043412,0.599,1.8950406981093242,161,peptidyl-serine phosphorylation,macromolecule modification
GO:0014014,13,GO:0022008,0.569,1.8950406981093242,3,negative regulation of gliogenesis,neurogenesis
GO:0014013,13,GO:0022008,0.6,1.8950406981093242,1,regulation of gliogenesis,neurogenesis
GO:0010631,79,GO:0090132,1,1.8950406981093242,8,epithelial cell migration,epithelium migration
GO:0010212,8,GO:0009628,0.766,1.8950406981093242,6,response to ionizing radiation,response to abiotic stimulus
GO:0008064,60,GO:0030029,0.811,1.8950406981093242,0,regulation of actin polymerization or depolymerization,actin filament-based process
GO:0007588,52,GO:0003008,0.725,1.8950406981093242,0,excretion,system process
GO:1905515,23,GO:0051128,0.392,1.8950406981093242,54,non-motile cilium assembly,regulation of cellular component organization
GO:1905508,6,GO:0008104,0.601,1.8950406981093242,0,protein localization to microtubule organizing center,protein localization
GO:0072698,6,GO:0008104,0.612,1.8950406981093242,0,protein localization to microtubule cytoskeleton,protein localization
GO:0071539,6,GO:0008104,0.601,1.8950406981093242,4,protein localization to centrosome,protein localization
GO:0051298,49,GO:0007017,0.714,1.8950406981093242,7,centrosome duplication,microtubule-based process
GO:0046605,49,GO:0007017,0.671,1.8950406981093242,0,regulation of centrosome cycle,microtubule-based process
GO:0046599,49,GO:0007017,0.547,1.8950406981093242,0,regulation of centriole replication,microtubule-based process
GO:0044380,6,GO:0008104,0.615,1.8950406981093242,0,protein localization to cytoskeleton,protein localization
GO:0031023,49,GO:0007017,0.761,1.8950406981093242,3,microtubule organizing center organization,microtubule-based process
GO:0010824,49,GO:0007017,0.671,1.8950406981093242,7,regulation of centrosome duplication,microtubule-based process
GO:0007224,14,GO:0007166,0.617,1.8950406981093242,5,smoothened signaling pathway,cell surface receptor signaling pathway
GO:0007098,49,GO:0007017,0.749,1.8950406981093242,9,centrosome cycle,microtubule-based process
GO:0090502,42,GO:1901360,0.401,1.8950406981093242,43,"RNA phosphodiester bond hydrolysis, endonucleolytic",organic cyclic compound metabolic process
GO:0090501,42,GO:1901360,0.429,1.8950406981093242,11,RNA phosphodiester bond hydrolysis,organic cyclic compound metabolic process
GO:0043137,35,GO:0044265,0.618,1.8950406981093242,5,"DNA replication, removal of RNA primer",cellular macromolecule catabolic process
GO:0033567,31,GO:0034645,0.364,1.8950406981093242,0,"DNA replication, Okazaki fragment processing",cellular macromolecule biosynthetic process
GO:0022616,31,GO:0034645,0.431,1.8950406981093242,0,DNA strand elongation,cellular macromolecule biosynthetic process
GO:0006273,31,GO:0034645,0.396,1.8950406981093242,4,lagging strand elongation,cellular macromolecule biosynthetic process
GO:0006271,31,GO:0034645,0.431,1.8950406981093242,5,DNA strand elongation involved in DNA replication,cellular macromolecule biosynthetic process
GO:0098771,48,GO:0065008,0.789,1.8950406981093242,0,inorganic ion homeostasis,regulation of biological quality
GO:0097272,48,GO:0065008,0.557,1.8950406981093242,6,ammonium homeostasis,regulation of biological quality
GO:0072488,26,GO:0006810,0.353,1.8950406981093242,12,ammonium transmembrane transport,transport
GO:0055080,48,GO:0065008,0.787,1.8950406981093242,2,cation homeostasis,regulation of biological quality
GO:0055076,48,GO:0065008,0.694,1.8950406981093242,0,transition metal ion homeostasis,regulation of biological quality
GO:0055072,48,GO:0065008,0.639,1.8950406981093242,13,iron ion homeostasis,regulation of biological quality
GO:0055067,48,GO:0065008,0.705,1.8950406981093242,0,monovalent inorganic cation homeostasis,regulation of biological quality
GO:0055065,48,GO:0065008,0.761,1.8950406981093242,0,metal ion homeostasis,regulation of biological quality
GO:0050801,48,GO:0065008,0.792,1.8950406981093242,5,ion homeostasis,regulation of biological quality
GO:0015837,38,GO:0015833,0.498,1.8950406981093242,1,amine transport,peptide transport
GO:0015701,26,GO:0006810,0.346,1.8950406981093242,10,bicarbonate transport,transport
GO:0015669,26,GO:0006810,0.393,1.8950406981093242,0,gas transport,transport
GO:0006885,48,GO:0065008,0.671,1.8950406981093242,12,regulation of pH,regulation of biological quality
GO:0006873,48,GO:0065008,0.758,1.8950406981093242,0,cellular ion homeostasis,regulation of biological quality
GO:0070475,20,GO:0043412,0.441,1.8950406981093242,6,rRNA base methylation,macromolecule modification
GO:0042274,47,GO:0044085,0.66,1.8950406981093242,7,ribosomal small subunit biogenesis,cellular component biogenesis
GO:0031167,20,GO:0043412,0.478,1.8950406981093242,11,rRNA methylation,macromolecule modification
GO:0030490,47,GO:0044085,0.635,1.8950406981093242,12,maturation of SSU-rRNA,cellular component biogenesis
GO:0017126,36,GO:0006996,0.414,1.8950406981093242,2,nucleologenesis,organelle organization
GO:0007000,36,GO:0006996,0.446,1.8950406981093242,0,nucleolus organization,organelle organization
GO:0001510,20,GO:0043412,0.559,1.8950406981093242,21,RNA methylation,macromolecule modification
GO:0000462,47,GO:0044085,0.615,1.8950406981093242,19,"maturation of SSU-rRNA from tricistronic rRNA transcript (SSU-rRNA, 5.8S rRNA, LSU-rRNA)",cellular component biogenesis
GO:0000154,20,GO:0043412,0.5,1.8950406981093242,5,rRNA modification,macromolecule modification
GO:0070986,13,GO:0022008,0.401,1.8950406981093242,23,left/right axis specification,neurogenesis
GO:0061031,13,GO:0022008,0.494,1.8950406981093242,4,endodermal digestive tract morphogenesis,neurogenesis
GO:0060972,13,GO:0022008,0.401,1.8950406981093242,0,left/right pattern formation,neurogenesis
GO:0060485,19,GO:0009888,0.76,1.8950406981093242,0,mesenchyme development,tissue development
GO:0060323,28,GO:0035239,0.386,1.8950406981093242,1,head morphogenesis,tube morphogenesis
GO:0051145,68,GO:0061061,0.686,1.8950406981093242,0,smooth muscle cell differentiation,muscle structure development
GO:0051101,37,GO:0044093,0.576,1.8950406981093242,0,regulation of DNA binding,positive regulation of molecular function
GO:0051099,37,GO:0044093,0.682,1.8950406981093242,0,positive regulation of binding,positive regulation of molecular function
GO:0051098,37,GO:0044093,0.606,1.8950406981093242,0,regulation of binding,positive regulation of molecular function
GO:0048863,17,GO:0050793,0.278,1.8950406981093242,0,stem cell differentiation,regulation of developmental process
GO:0048593,45,GO:0009887,0.65,1.8950406981093242,0,camera-type eye morphogenesis,animal organ morphogenesis
GO:0048382,19,GO:0009888,0.726,1.8950406981093242,7,mesendoderm development,tissue development
GO:0046660,7,GO:0022414,0.537,1.8950406981093242,2,female sex differentiation,reproductive process
GO:0046545,7,GO:0022414,0.517,1.8950406981093242,0,development of primary female sexual characteristics,reproductive process
GO:0040019,33,GO:0051241,0.573,1.8950406981093242,22,positive regulation of embryonic development,negative regulation of multicellular organismal process
GO:0035545,13,GO:0022008,0.61,1.8950406981093242,18,determination of left/right asymmetry in nervous system,neurogenesis
GO:0032526,16,GO:0070887,0.387,1.8950406981093242,1,response to retinoic acid,cellular response to chemical stimulus
GO:0014902,68,GO:0061061,0.686,1.8950406981093242,0,myotube differentiation,muscle structure development
GO:0008585,7,GO:0022414,0.517,1.8950406981093242,4,female gonad development,reproductive process
GO:0008015,52,GO:0003008,0.515,1.8950406981093242,0,blood circulation,system process
GO:0007584,39,GO:0009991,0.724,1.8950406981093242,1,response to nutrient,response to extracellular stimulus
GO:0007520,68,GO:0061061,0.686,1.8950406981093242,1,myoblast fusion,muscle structure development
GO:0007498,19,GO:0009888,0.894,1.8950406981093242,2,mesoderm development,tissue development
GO:0006949,28,GO:0035239,0.461,1.8950406981093242,1,syncytium formation,tube morphogenesis
GO:0003013,52,GO:0003008,0.515,1.8950406981093242,0,circulatory system process,system process
GO:0002011,19,GO:0009888,0.635,1.8950406981093242,1,morphogenesis of an epithelial sheet,tissue development
GO:0001764,56,GO:0016477,0.872,1.8950406981093242,46,neuron migration,cell migration
GO:0000768,28,GO:0035239,0.459,1.8950406981093242,7,syncytium formation by plasma membrane fusion,tube morphogenesis
GO:0061077,80,GO:0061077,0.999,1.8950406981093242,9,chaperone-mediated protein folding,chaperone-mediated protein folding
GO:0045214,28,GO:0035239,0.491,1.8950406981093242,26,sarcomere organization,tube morphogenesis
GO:0034605,8,GO:0009628,0.702,1.8950406981093242,5,cellular response to heat,response to abiotic stimulus
GO:0031034,60,GO:0030029,0.733,1.8950406981093242,3,myosin filament assembly,actin filament-based process
GO:0031033,60,GO:0030029,0.743,1.8950406981093242,0,myosin filament organization,actin filament-based process
GO:0031032,60,GO:0030029,0.855,1.8950406981093242,9,actomyosin structure organization,actin filament-based process
GO:0030239,28,GO:0035239,0.514,1.8950406981093242,6,myofibril assembly,tube morphogenesis
GO:0010927,28,GO:0035239,0.514,1.8950406981093242,0,cellular component assembly involved in morphogenesis,tube morphogenesis
GO:0007525,68,GO:0061061,0.686,1.8950406981093242,0,somatic muscle development,muscle structure development
GO:0006457,80,GO:0061077,0.849,1.8950406981093242,108,protein folding,chaperone-mediated protein folding
GO:0097581,23,GO:0051128,0.314,1.8950406981093242,0,lamellipodium organization,regulation of cellular component organization
GO:0046847,23,GO:0051128,0.314,1.8950406981093242,1,filopodium assembly,regulation of cellular component organization
GO:0030032,23,GO:0051128,0.314,1.8950406981093242,2,lamellipodium assembly,regulation of cellular component organization
GO:0007186,4,GO:0023051,0.533,1.8950406981093242,636,G protein-coupled receptor signaling pathway,regulation of signaling
GO:0031338,36,GO:0006996,0.392,1.8950406981093242,0,regulation of vesicle fusion,organelle organization
GO:0002092,9,GO:0051050,0.668,1.8950406981093242,1,positive regulation of receptor internalization,positive regulation of transport
GO:0002090,9,GO:0051050,0.573,1.8950406981093242,0,regulation of receptor internalization,positive regulation of transport
GO:0030203,69,GO:1901135,0.7,1.8950406981093242,1,glycosaminoglycan metabolic process,carbohydrate derivative metabolic process
GO:0019318,81,GO:0019318,0.998,1.8950406981093242,5,hexose metabolic process,hexose metabolic process
GO:0006027,69,GO:1901135,0.579,1.8950406981093242,0,glycosaminoglycan catabolic process,carbohydrate derivative metabolic process
GO:0006026,69,GO:1901135,0.621,1.8950406981093242,0,aminoglycan catabolic process,carbohydrate derivative metabolic process
GO:0006022,69,GO:1901135,0.716,1.8950406981093242,0,aminoglycan metabolic process,carbohydrate derivative metabolic process
GO:0006004,81,GO:0019318,0.827,1.8950406981093242,4,fucose metabolic process,hexose metabolic process
GO:0005996,81,GO:0019318,0.987,1.8950406981093242,0,monosaccharide metabolic process,hexose metabolic process
GO:0005975,81,GO:0019318,0.808,1.8950406981093242,164,carbohydrate metabolic process,hexose metabolic process
GO:1905809,48,GO:0065008,0.528,1.8950406981093242,0,negative regulation of synapse organization,regulation of biological quality
GO:0051964,48,GO:0065008,0.528,1.8950406981093242,2,negative regulation of synapse assembly,regulation of biological quality
GO:0006895,25,GO:0046903,0.249,1.8950406981093242,3,Golgi to endosome transport,secretion
GO:0019233,52,GO:0003008,0.515,1.8950406981093242,0,sensory perception of pain,system process
GO:0007600,52,GO:0003008,0.907,1.8950406981093242,1,sensory perception,system process
GO:2000104,31,GO:0034645,0.413,1.8950406981093242,0,negative regulation of DNA-templated DNA replication,cellular macromolecule biosynthetic process
GO:1902750,2,GO:0010564,0.774,1.8950406981093242,0,negative regulation of cell cycle G2/M phase transition,regulation of cell cycle process
GO:0090329,31,GO:0034645,0.441,1.8950406981093242,3,regulation of DNA-templated DNA replication,cellular macromolecule biosynthetic process
GO:0051096,37,GO:0044093,0.701,1.8950406981093242,3,positive regulation of helicase activity,positive regulation of molecular function
GO:0051095,37,GO:0044093,0.56,1.8950406981093242,0,regulation of helicase activity,positive regulation of molecular function
GO:0051053,31,GO:0034645,0.454,1.8950406981093242,0,negative regulation of DNA metabolic process,cellular macromolecule biosynthetic process
GO:0045910,31,GO:0034645,0.423,1.8950406981093242,8,negative regulation of DNA recombination,cellular macromolecule biosynthetic process
GO:0044818,2,GO:0010564,0.77,1.8950406981093242,0,mitotic G2/M transition checkpoint,regulation of cell cycle process
GO:0043570,36,GO:0006996,0.427,1.8950406981093242,3,maintenance of DNA repeat elements,organelle organization
GO:0032876,31,GO:0034645,0.364,1.8950406981093242,2,negative regulation of DNA endoreduplication,cellular macromolecule biosynthetic process
GO:0032875,31,GO:0034645,0.406,1.8950406981093242,3,regulation of DNA endoreduplication,cellular macromolecule biosynthetic process
GO:0010972,2,GO:0010564,0.774,1.8950406981093242,0,negative regulation of G2/M transition of mitotic cell cycle,regulation of cell cycle process
GO:0009411,8,GO:0009628,0.762,1.8950406981093242,24,response to UV,response to abiotic stimulus
GO:0008156,31,GO:0034645,0.417,1.8950406981093242,1,negative regulation of DNA replication,cellular macromolecule biosynthetic process
GO:0007095,2,GO:0010564,0.711,1.8950406981093242,6,mitotic G2 DNA damage checkpoint signaling,regulation of cell cycle process
GO:0006275,31,GO:0034645,0.448,1.8950406981093242,1,regulation of DNA replication,cellular macromolecule biosynthetic process
GO:0002821,46,GO:0002376,0.6,1.8950406981093242,1,positive regulation of adaptive immune response,immune system process
GO:0002819,46,GO:0002376,0.6,1.8950406981093242,0,regulation of adaptive immune response,immune system process
GO:0002702,46,GO:0002376,0.647,1.8950406981093242,0,positive regulation of production of molecular mediator of immune response,immune system process
GO:0002699,46,GO:0002376,0.647,1.8950406981093242,0,positive regulation of immune effector process,immune system process
GO:0002440,46,GO:0002376,0.671,1.8950406981093242,0,production of molecular mediator of immune response,immune system process
GO:0002250,46,GO:0002376,0.661,1.8950406981093242,3,adaptive immune response,immune system process
GO:0000710,50,GO:0006974,0.56,1.8950406981093242,1,meiotic mismatch repair,cellular response to DNA damage stimulus
GO:1901607,53,GO:0044281,0.658,1.8950406981093242,0,alpha-amino acid biosynthetic process,small molecule metabolic process
GO:1901605,53,GO:0044281,0.731,1.8950406981093242,0,alpha-amino acid metabolic process,small molecule metabolic process
GO:0046394,53,GO:0044281,0.728,1.8950406981093242,0,carboxylic acid biosynthetic process,small molecule metabolic process
GO:0043650,53,GO:0044281,0.521,1.8950406981093242,0,dicarboxylic acid biosynthetic process,small molecule metabolic process
GO:0043648,53,GO:0044281,0.594,1.8950406981093242,0,dicarboxylic acid metabolic process,small molecule metabolic process
GO:0019740,39,GO:0009991,0.724,1.8950406981093242,0,nitrogen utilization,response to extracellular stimulus
GO:0019676,39,GO:0009991,0.724,1.8950406981093242,1,ammonia assimilation cycle,response to extracellular stimulus
GO:0016053,53,GO:0044281,0.729,1.8950406981093242,0,organic acid biosynthetic process,small molecule metabolic process
GO:0009084,53,GO:0044281,0.562,1.8950406981093242,0,glutamine family amino acid biosynthetic process,small molecule metabolic process
GO:0009064,53,GO:0044281,0.614,1.8950406981093242,0,glutamine family amino acid metabolic process,small molecule metabolic process
GO:0008652,53,GO:0044281,0.675,1.8950406981093242,22,cellular amino acid biosynthetic process,small molecule metabolic process
GO:0006541,53,GO:0044281,0.566,1.8950406981093242,13,glutamine metabolic process,small molecule metabolic process
GO:0006537,53,GO:0044281,0.494,1.8950406981093242,5,glutamate biosynthetic process,small molecule metabolic process
GO:0006536,53,GO:0044281,0.552,1.8950406981093242,0,glutamate metabolic process,small molecule metabolic process
GO:1901796,14,GO:0007166,0.372,1.8950406981093242,0,regulation of signal transduction by p53 class mediator,cell surface receptor signaling pathway
GO:1900370,12,GO:0051247,0.382,1.8950406981093242,0,positive regulation of post-transcriptional gene silencing by RNA,positive regulation of protein metabolic process
GO:1900368,12,GO:0051247,0.346,1.8950406981093242,1,regulation of post-transcriptional gene silencing by RNA,positive regulation of protein metabolic process
GO:0098781,21,GO:0006355,0.516,1.8950406981093242,0,ncRNA transcription,regulation of DNA-templated transcription
GO:0070897,21,GO:0006355,0.51,1.8950406981093242,2,transcription preinitiation complex assembly,regulation of DNA-templated transcription
GO:0060966,15,GO:0010605,0.645,1.8950406981093242,1,regulation of gene silencing by RNA,negative regulation of macromolecule metabolic process
GO:0060148,12,GO:0051247,0.382,1.8950406981093242,0,positive regulation of post-transcriptional gene silencing,positive regulation of protein metabolic process
GO:0060147,12,GO:0051247,0.346,1.8950406981093242,0,regulation of post-transcriptional gene silencing,positive regulation of protein metabolic process
GO:0051123,21,GO:0006355,0.483,1.8950406981093242,6,RNA polymerase II preinitiation complex assembly,regulation of DNA-templated transcription
GO:0042795,21,GO:0006355,0.461,1.8950406981093242,4,snRNA transcription by RNA polymerase II,regulation of DNA-templated transcription
GO:0016073,42,GO:1901360,0.381,1.8950406981093242,0,snRNA metabolic process,organic cyclic compound metabolic process
GO:0009301,21,GO:0006355,0.483,1.8950406981093242,0,snRNA transcription,regulation of DNA-templated transcription
GO:0090207,63,GO:0006629,0.496,1.8950406981093242,0,regulation of triglyceride metabolic process,lipid metabolic process
GO:0055088,48,GO:0065008,0.647,1.8950406981093242,18,lipid homeostasis,regulation of biological quality
GO:0050994,63,GO:0006629,0.533,1.8950406981093242,0,regulation of lipid catabolic process,lipid metabolic process
GO:0050802,51,GO:0007610,0.538,1.8950406981093242,0,"circadian sleep/wake cycle, sleep",behavior
GO:0048512,51,GO:0007610,0.576,1.8950406981093242,1,circadian behavior,behavior
GO:0048511,82,GO:0048511,0.999,1.8950406981093242,2,rhythmic process,rhythmic process
GO:0045833,63,GO:0006629,0.565,1.8950406981093242,0,negative regulation of lipid metabolic process,lipid metabolic process
GO:0042745,51,GO:0007610,0.538,1.8950406981093242,0,circadian sleep/wake cycle,behavior
GO:0030431,40,GO:0032501,0.346,1.8950406981093242,28,sleep,multicellular organismal process
GO:0022410,51,GO:0007610,0.538,1.8950406981093242,0,circadian sleep/wake cycle process,behavior
GO:0018210,20,GO:0043412,0.503,1.8950406981093242,0,peptidyl-threonine modification,macromolecule modification
GO:0018107,20,GO:0043412,0.497,1.8950406981093242,30,peptidyl-threonine phosphorylation,macromolecule modification
GO:0007623,82,GO:0048511,0.955,1.8950406981093242,4,circadian rhythm,rhythmic process
GO:0007622,51,GO:0007610,0.599,1.8950406981093242,3,rhythmic behavior,behavior
GO:0018208,20,GO:0043412,0.534,1.8950406981093242,0,peptidyl-proline modification,macromolecule modification
GO:0000413,20,GO:0043412,0.522,1.8950406981093242,50,protein peptidyl-prolyl isomerization,macromolecule modification
GO:0051153,68,GO:0061061,0.815,1.8950406981093242,1,regulation of striated muscle cell differentiation,muscle structure development
GO:0051147,68,GO:0061061,0.842,1.8950406981093242,0,regulation of muscle cell differentiation,muscle structure development
GO:0042060,50,GO:0006974,0.433,1.8950406981093242,1,wound healing,cellular response to DNA damage stimulus
GO:0009611,50,GO:0006974,0.513,1.8950406981093242,5,response to wounding,cellular response to DNA damage stimulus
GO:0050982,32,GO:0033554,0.27,1.8950406981093242,3,detection of mechanical stimulus,cellular response to stress
GO:0046578,14,GO:0007166,0.421,1.8950406981093242,1,regulation of Ras protein signal transduction,cell surface receptor signaling pathway
GO:0032483,14,GO:0007166,0.324,1.8950406981093242,2,regulation of Rab protein signal transduction,cell surface receptor signaling pathway
GO:0031345,23,GO:0051128,0.71,1.8950406981093242,1,negative regulation of cell projection organization,regulation of cellular component organization
GO:0010977,23,GO:0051128,0.701,1.8950406981093242,1,negative regulation of neuron projection development,regulation of cellular component organization
GO:0009612,8,GO:0009628,0.835,1.8950406981093242,20,response to mechanical stimulus,response to abiotic stimulus
GO:0009582,32,GO:0033554,0.288,1.8950406981093242,0,detection of abiotic stimulus,cellular response to stress
GO:0009581,32,GO:0033554,0.288,1.8950406981093242,0,detection of external stimulus,cellular response to stress
GO:0045814,23,GO:0051128,0.371,1.8950406981093242,6,"negative regulation of gene expression, epigenetic",regulation of cellular component organization
GO:0044728,31,GO:0034645,0.375,1.8950406981093242,0,DNA methylation or demethylation,cellular macromolecule biosynthetic process
GO:0040029,23,GO:0051128,0.389,1.8950406981093242,7,epigenetic regulation of gene expression,regulation of cellular component organization
GO:0006306,31,GO:0034645,0.346,1.8950406981093242,0,DNA methylation,cellular macromolecule biosynthetic process
GO:0006305,31,GO:0034645,0.346,1.8950406981093242,0,DNA alkylation,cellular macromolecule biosynthetic process
GO:0006304,31,GO:0034645,0.39,1.8950406981093242,0,DNA modification,cellular macromolecule biosynthetic process
GO:0045448,2,GO:0010564,0.506,1.8950406981093242,1,"mitotic cell cycle, embryonic",regulation of cell cycle process
GO:0032147,37,GO:0044093,0.788,1.8950406981093242,11,activation of protein kinase activity,positive regulation of molecular function
GO:0043063,74,GO:0043062,0.745,1.8950406981093242,1,intercellular bridge organization,extracellular structure organization
GO:0031468,36,GO:0006996,0.47,1.8950406981093242,4,nuclear membrane reassembly,organelle organization
GO:0007349,28,GO:0035239,0.386,1.8950406981093242,1,cellularization,tube morphogenesis
GO:0007084,36,GO:0006996,0.446,1.8950406981093242,5,mitotic nuclear membrane reassembly,organelle organization
GO:0006998,36,GO:0006996,0.541,1.8950406981093242,21,nuclear envelope organization,organelle organization
GO:0006607,6,GO:0008104,0.56,1.8950406981093242,6,NLS-bearing protein import into nucleus,protein localization
GO:2001237,10,GO:0010941,0.701,1.8950406981093242,0,negative regulation of extrinsic apoptotic signaling pathway,regulation of cell death
GO:2001236,10,GO:0010941,0.701,1.8950406981093242,0,regulation of extrinsic apoptotic signaling pathway,regulation of cell death
GO:2001234,10,GO:0010941,0.803,1.8950406981093242,3,negative regulation of apoptotic signaling pathway,regulation of cell death
GO:2001233,10,GO:0010941,0.807,1.8950406981093242,0,regulation of apoptotic signaling pathway,regulation of cell death
GO:1902042,10,GO:0010941,0.67,1.8950406981093242,1,negative regulation of extrinsic apoptotic signaling pathway via death domain receptors,regulation of cell death
GO:1902041,10,GO:0010941,0.67,1.8950406981093242,0,regulation of extrinsic apoptotic signaling pathway via death domain receptors,regulation of cell death
GO:0071383,16,GO:0070887,0.539,1.8950406981093242,0,cellular response to steroid hormone stimulus,cellular response to chemical stimulus
GO:0070371,14,GO:0007166,0.309,1.8950406981093242,0,ERK1 and ERK2 cascade,cell surface receptor signaling pathway
GO:0060560,44,GO:0040008,0.861,1.8950406981093242,0,developmental growth involved in morphogenesis,regulation of growth
GO:0050679,29,GO:0042127,0.764,1.8950406981093242,1,positive regulation of epithelial cell proliferation,regulation of cell population proliferation
GO:0050673,29,GO:0042127,0.71,1.8950406981093242,0,epithelial cell proliferation,regulation of cell population proliferation
GO:0045684,19,GO:0009888,0.635,1.8950406981093242,1,positive regulation of epidermis development,tissue development
GO:0045682,19,GO:0009888,0.708,1.8950406981093242,0,regulation of epidermis development,tissue development
GO:0045604,19,GO:0009888,0.697,1.8950406981093242,3,regulation of epidermal cell differentiation,tissue development
GO:0045089,46,GO:0002376,0.647,1.8950406981093242,2,positive regulation of innate immune response,immune system process
GO:0044706,40,GO:0032501,0.348,1.8950406981093242,0,multi-multicellular organism process,multicellular organismal process
GO:0043401,16,GO:0070887,0.539,1.8950406981093242,1,steroid hormone mediated signaling pathway,cellular response to chemical stimulus
GO:0042789,42,GO:1901360,0.284,1.8950406981093242,2,mRNA transcription by RNA polymerase II,organic cyclic compound metabolic process
GO:0042446,48,GO:0065008,0.557,1.8950406981093242,0,hormone biosynthetic process,regulation of biological quality
GO:0042445,48,GO:0065008,0.621,1.8950406981093242,0,hormone metabolic process,regulation of biological quality
GO:0034754,48,GO:0065008,0.591,1.8950406981093242,0,cellular hormone metabolic process,regulation of biological quality
GO:0032107,39,GO:0009991,0.724,1.8950406981093242,0,regulation of response to nutrient levels,response to extracellular stimulus
GO:0032104,39,GO:0009991,0.724,1.8950406981093242,0,regulation of response to extracellular stimulus,response to extracellular stimulus
GO:0031349,34,GO:0048584,0.752,1.8950406981093242,0,positive regulation of defense response,positive regulation of response to stimulus
GO:0022612,45,GO:0009887,0.797,1.8950406981093242,0,gland morphogenesis,animal organ morphogenesis
GO:0009299,42,GO:1901360,0.294,1.8950406981093242,1,mRNA transcription,organic cyclic compound metabolic process
GO:0008209,48,GO:0065008,0.549,1.8950406981093242,2,androgen metabolic process,regulation of biological quality
GO:0008202,63,GO:0006629,0.686,1.8950406981093242,18,steroid metabolic process,lipid metabolic process
GO:0006702,48,GO:0065008,0.528,1.8950406981093242,3,androgen biosynthetic process,regulation of biological quality
GO:0006694,63,GO:0006629,0.637,1.8950406981093242,17,steroid biosynthetic process,lipid metabolic process
GO:0006356,21,GO:0006355,0.495,1.8950406981093242,0,regulation of transcription by RNA polymerase I,regulation of DNA-templated transcription
GO:0045947,31,GO:0034645,0.547,1.8950406981093242,5,negative regulation of translational initiation,cellular macromolecule biosynthetic process
GO:0034249,18,GO:0043603,0.718,1.8950406981093242,0,negative regulation of cellular amide metabolic process,cellular amide metabolic process
GO:0017148,18,GO:0043603,0.718,1.8950406981093242,30,negative regulation of translation,cellular amide metabolic process
GO:0006446,31,GO:0034645,0.599,1.8950406981093242,4,regulation of translational initiation,cellular macromolecule biosynthetic process
GO:1900864,42,GO:1901360,0.284,1.8950406981093242,0,mitochondrial RNA modification,organic cyclic compound metabolic process
GO:0090646,42,GO:1901360,0.301,1.8950406981093242,0,mitochondrial tRNA processing,organic cyclic compound metabolic process
GO:0072521,83,GO:0072521,0.991,1.8950406981093242,0,purine-containing compound metabolic process,purine-containing compound metabolic process
GO:0070900,42,GO:1901360,0.284,1.8950406981093242,0,mitochondrial tRNA modification,organic cyclic compound metabolic process
GO:0070525,42,GO:1901360,0.322,1.8950406981093242,3,tRNA threonylcarbamoyladenosine metabolic process,organic cyclic compound metabolic process
GO:0055086,53,GO:0044281,0.817,1.8950406981093242,2,nucleobase-containing small molecule metabolic process,small molecule metabolic process
GO:0051189,22,GO:1901564,0.33,1.8950406981093242,0,prosthetic group metabolic process,organonitrogen compound metabolic process
GO:0046128,69,GO:1901135,0.603,1.8950406981093242,0,purine ribonucleoside metabolic process,carbohydrate derivative metabolic process
GO:0046039,83,GO:0072521,0.66,1.8950406981093242,1,GTP metabolic process,purine-containing compound metabolic process
GO:0043545,22,GO:1901564,0.33,1.8950406981093242,2,molybdopterin cofactor metabolic process,organonitrogen compound metabolic process
GO:0042278,69,GO:1901135,0.617,1.8950406981093242,1,purine nucleoside metabolic process,carbohydrate derivative metabolic process
GO:0034227,42,GO:1901360,0.332,1.8950406981093242,7,tRNA thio-modification,organic cyclic compound metabolic process
GO:0032324,22,GO:1901564,0.282,1.8950406981093242,4,molybdopterin cofactor biosynthetic process,organonitrogen compound metabolic process
GO:0019693,69,GO:1901135,0.857,1.8950406981093242,3,ribose phosphate metabolic process,carbohydrate derivative metabolic process
GO:0018283,47,GO:0044085,0.46,1.8950406981093242,1,iron incorporation into metallo-sulfur cluster,cellular component biogenesis
GO:0018282,47,GO:0044085,0.46,1.8950406981093242,0,metal incorporation into metallo-sulfur cluster,cellular component biogenesis
GO:0009259,69,GO:1901135,0.855,1.8950406981093242,1,ribonucleotide metabolic process,carbohydrate derivative metabolic process
GO:0009205,53,GO:0044281,0.651,1.8950406981093242,0,purine ribonucleoside triphosphate metabolic process,small molecule metabolic process
GO:0009199,53,GO:0044281,0.656,1.8950406981093242,0,ribonucleoside triphosphate metabolic process,small molecule metabolic process
GO:0009150,83,GO:0072521,0.977,1.8950406981093242,1,purine ribonucleotide metabolic process,purine-containing compound metabolic process
GO:0009144,53,GO:0044281,0.651,1.8950406981093242,0,purine nucleoside triphosphate metabolic process,small molecule metabolic process
GO:0009141,53,GO:0044281,0.662,1.8950406981093242,0,nucleoside triphosphate metabolic process,small molecule metabolic process
GO:0009119,69,GO:1901135,0.641,1.8950406981093242,0,ribonucleoside metabolic process,carbohydrate derivative metabolic process
GO:0009117,53,GO:0044281,0.79,1.8950406981093242,5,nucleotide metabolic process,small molecule metabolic process
GO:0009116,69,GO:1901135,0.668,1.8950406981093242,4,nucleoside metabolic process,carbohydrate derivative metabolic process
GO:0006753,53,GO:0044281,0.793,1.8950406981093242,2,nucleoside phosphate metabolic process,small molecule metabolic process
GO:0006400,42,GO:1901360,0.433,1.8950406981093242,18,tRNA modification,organic cyclic compound metabolic process
GO:0006163,83,GO:0072521,0.982,1.8950406981093242,2,purine nucleotide metabolic process,purine-containing compound metabolic process
GO:0000963,42,GO:1901360,0.322,1.8950406981093242,1,mitochondrial RNA processing,organic cyclic compound metabolic process
GO:0000959,42,GO:1901360,0.351,1.8950406981093242,0,mitochondrial RNA metabolic process,organic cyclic compound metabolic process
GO:0000096,66,GO:0006790,0.842,1.8950406981093242,0,sulfur amino acid metabolic process,sulfur compound metabolic process
GO:0070988,84,GO:0070988,0.999,1.8950406981093242,2,demethylation,demethylation
GO:0070544,20,GO:0043412,0.418,1.8950406981093242,5,histone H3-K36 demethylation,macromolecule modification
GO:0070076,20,GO:0043412,0.473,1.8950406981093242,0,histone lysine demethylation,macromolecule modification
GO:0034720,20,GO:0043412,0.449,1.8950406981093242,9,histone H3-K4 demethylation,macromolecule modification
GO:0018195,20,GO:0043412,0.473,1.8950406981093242,0,peptidyl-arginine modification,macromolecule modification
GO:0016577,20,GO:0043412,0.482,1.8950406981093242,2,histone demethylation,macromolecule modification
GO:0008214,20,GO:0043412,0.49,1.8950406981093242,0,protein dealkylation,macromolecule modification
GO:0006970,8,GO:0009628,0.786,1.8950406981093242,18,response to osmotic stress,response to abiotic stimulus
GO:0006482,20,GO:0043412,0.49,1.8950406981093242,4,protein demethylation,macromolecule modification
GO:1903313,42,GO:1901360,0.385,1.8950406981093242,0,positive regulation of mRNA metabolic process,organic cyclic compound metabolic process
GO:1903311,42,GO:1901360,0.431,1.8950406981093242,0,regulation of mRNA metabolic process,organic cyclic compound metabolic process
GO:1902808,2,GO:0010564,0.677,1.8950406981093242,0,positive regulation of cell cycle G1/S phase transition,regulation of cell cycle process
GO:1901989,2,GO:0010564,0.789,1.8950406981093242,0,positive regulation of cell cycle phase transition,regulation of cell cycle process
GO:0050685,42,GO:1901360,0.284,1.8950406981093242,1,positive regulation of mRNA processing,organic cyclic compound metabolic process
GO:0050684,42,GO:1901360,0.394,1.8950406981093242,3,regulation of mRNA processing,organic cyclic compound metabolic process
GO:0034402,42,GO:1901360,0.284,1.8950406981093242,2,recruitment of 3'-end processing factors to RNA polymerase II holoenzyme complex,organic cyclic compound metabolic process
GO:0034243,21,GO:0006355,0.533,1.8950406981093242,6,regulation of transcription elongation by RNA polymerase II,regulation of DNA-templated transcription
GO:0033523,20,GO:0043412,0.367,1.8950406981093242,0,histone H2B ubiquitination,macromolecule modification
GO:0032968,21,GO:0006355,0.507,1.8950406981093242,8,positive regulation of transcription elongation by RNA polymerase II,regulation of DNA-templated transcription
GO:0032786,21,GO:0006355,0.525,1.8950406981093242,4,"positive regulation of DNA-templated transcription, elongation",regulation of DNA-templated transcription
GO:0032784,21,GO:0006355,0.551,1.8950406981093242,2,regulation of DNA-templated transcription elongation,regulation of DNA-templated transcription
GO:0031648,48,GO:0065008,0.528,1.8950406981093242,3,protein destabilization,regulation of biological quality
GO:0031440,42,GO:1901360,0.294,1.8950406981093242,0,regulation of mRNA 3'-end processing,organic cyclic compound metabolic process
GO:0016574,20,GO:0043412,0.449,1.8950406981093242,2,histone ubiquitination,macromolecule modification
GO:0010390,20,GO:0043412,0.418,1.8950406981093242,2,histone monoubiquitination,macromolecule modification
GO:0006513,20,GO:0043412,0.431,1.8950406981093242,2,protein monoubiquitination,macromolecule modification
GO:0006368,21,GO:0006355,0.553,1.8950406981093242,16,transcription elongation by RNA polymerase II promoter,regulation of DNA-templated transcription
GO:0006354,21,GO:0006355,0.564,1.8950406981093242,0,DNA-templated transcription elongation,regulation of DNA-templated transcription
GO:0002683,46,GO:0002376,0.681,1.8950406981093242,0,negative regulation of immune system process,immune system process
GO:0002237,57,GO:0009607,0.549,1.8950406981093242,0,response to molecule of bacterial origin,response to biotic stimulus
GO:0035725,26,GO:0006810,0.44,1.8950406981093242,67,sodium ion transmembrane transport,transport
GO:0006814,26,GO:0006810,0.472,1.8950406981093242,63,sodium ion transport,transport
GO:1905037,36,GO:0006996,0.547,1.8950406981093242,0,autophagosome organization,organelle organization
GO:1904457,52,GO:0003008,0.515,1.8950406981093242,1,positive regulation of neuronal action potential,system process
GO:0098908,52,GO:0003008,0.515,1.8950406981093242,0,regulation of neuronal action potential,system process
GO:0098900,48,GO:0065008,0.528,1.8950406981093242,0,regulation of action potential,regulation of biological quality
GO:0097164,85,GO:0097164,1,1.8950406981093242,0,ammonium ion metabolic process,ammonium ion metabolic process
GO:0071356,16,GO:0070887,0.566,1.8950406981093242,0,cellular response to tumor necrosis factor,cellular response to chemical stimulus
GO:0051971,52,GO:0003008,0.515,1.8950406981093242,0,positive regulation of transmission of nerve impulse,system process
GO:0051969,52,GO:0003008,0.515,1.8950406981093242,0,regulation of transmission of nerve impulse,system process
GO:0050891,48,GO:0065008,0.549,1.8950406981093242,5,multicellular organismal water homeostasis,regulation of biological quality
GO:0050728,34,GO:0048584,0.498,1.8950406981093242,1,negative regulation of inflammatory response,positive regulation of response to stimulus
GO:0050727,34,GO:0048584,0.498,1.8950406981093242,0,regulation of inflammatory response,positive regulation of response to stimulus
GO:0046520,63,GO:0006629,0.533,1.8950406981093242,0,sphingoid biosynthetic process,lipid metabolic process
GO:0046519,63,GO:0006629,0.541,1.8950406981093242,0,sphingoid metabolic process,lipid metabolic process
GO:0046514,63,GO:0006629,0.578,1.8950406981093242,1,ceramide catabolic process,lipid metabolic process
GO:0046513,63,GO:0006629,0.631,1.8950406981093242,26,ceramide biosynthetic process,lipid metabolic process
GO:0046512,63,GO:0006629,0.533,1.8950406981093242,5,sphingosine biosynthetic process,lipid metabolic process
GO:0046479,63,GO:0006629,0.574,1.8950406981093242,0,glycosphingolipid catabolic process,lipid metabolic process
GO:0046477,63,GO:0006629,0.56,1.8950406981093242,1,glycosylceramide catabolic process,lipid metabolic process
GO:0046467,63,GO:0006629,0.718,1.8950406981093242,0,membrane lipid biosynthetic process,lipid metabolic process
GO:0046173,70,GO:1901615,0.856,1.8950406981093242,0,polyol biosynthetic process,organic hydroxy compound metabolic process
GO:0046165,70,GO:1901615,0.881,1.8950406981093242,0,alcohol biosynthetic process,organic hydroxy compound metabolic process
GO:0045760,48,GO:0065008,0.512,1.8950406981093242,1,positive regulation of action potential,regulation of biological quality
GO:0044057,52,GO:0003008,0.771,1.8950406981093242,0,regulation of system process,system process
GO:0043407,37,GO:0044093,0.568,1.8950406981093242,5,negative regulation of MAP kinase activity,positive regulation of molecular function
GO:0043405,5,GO:0016310,0.544,1.8950406981093242,2,regulation of MAP kinase activity,phosphorylation
GO:0043243,23,GO:0051128,0.632,1.8950406981093242,0,positive regulation of protein-containing complex disassembly,regulation of cellular component organization
GO:0042391,48,GO:0065008,0.791,1.8950406981093242,105,regulation of membrane potential,regulation of biological quality
GO:0035967,16,GO:0070887,0.878,1.8950406981093242,0,cellular response to topologically incorrect protein,cellular response to chemical stimulus
GO:0035966,16,GO:0070887,0.635,1.8950406981093242,11,response to topologically incorrect protein,cellular response to chemical stimulus
GO:0035307,5,GO:0016310,0.405,1.8950406981093242,6,positive regulation of protein dephosphorylation,phosphorylation
GO:0035306,5,GO:0016310,0.405,1.8950406981093242,0,positive regulation of dephosphorylation,phosphorylation
GO:0035304,5,GO:0016310,0.461,1.8950406981093242,1,regulation of protein dephosphorylation,phosphorylation
GO:0035303,5,GO:0016310,0.464,1.8950406981093242,1,regulation of dephosphorylation,phosphorylation
GO:0034620,16,GO:0070887,0.872,1.8950406981093242,9,cellular response to unfolded protein,cellular response to chemical stimulus
GO:0034312,70,GO:1901615,0.801,1.8950406981093242,0,diol biosynthetic process,organic hydroxy compound metabolic process
GO:0034311,70,GO:1901615,0.801,1.8950406981093242,0,diol metabolic process,organic hydroxy compound metabolic process
GO:0032102,34,GO:0048584,0.651,1.8950406981093242,0,negative regulation of response to external stimulus,positive regulation of response to stimulus
GO:0031646,52,GO:0003008,0.627,1.8950406981093242,0,positive regulation of nervous system process,system process
GO:0031644,52,GO:0003008,0.638,1.8950406981093242,0,regulation of nervous system process,system process
GO:0031348,34,GO:0048584,0.589,1.8950406981093242,0,negative regulation of defense response,positive regulation of response to stimulus
GO:0031333,47,GO:0044085,0.625,1.8950406981093242,3,negative regulation of protein-containing complex assembly,cellular component biogenesis
GO:0030534,51,GO:0007610,0.653,1.8950406981093242,1,adult behavior,behavior
GO:0030149,63,GO:0006629,0.619,1.8950406981093242,4,sphingolipid catabolic process,lipid metabolic process
GO:0030148,63,GO:0006629,0.671,1.8950406981093242,15,sphingolipid biosynthetic process,lipid metabolic process
GO:0030104,48,GO:0065008,0.586,1.8950406981093242,4,water homeostasis,regulation of biological quality
GO:0019751,70,GO:1901615,0.905,1.8950406981093242,0,polyol metabolic process,organic hydroxy compound metabolic process
GO:0016241,65,GO:0006914,0.8,1.8950406981093242,0,regulation of macroautophagy,autophagy
GO:0010822,36,GO:0006996,0.446,1.8950406981093242,0,positive regulation of mitochondrion organization,organelle organization
GO:0010821,36,GO:0006996,0.474,1.8950406981093242,3,regulation of mitochondrion organization,organelle organization
GO:0010508,65,GO:0006914,0.816,1.8950406981093242,13,positive regulation of autophagy,autophagy
GO:0010506,65,GO:0006914,0.862,1.8950406981093242,12,regulation of autophagy,autophagy
GO:0009268,8,GO:0009628,0.702,1.8950406981093242,0,response to pH,response to abiotic stimulus
GO:0008344,51,GO:0007610,0.599,1.8950406981093242,8,adult locomotory behavior,behavior
GO:0007626,51,GO:0007610,0.747,1.8950406981093242,22,locomotory behavior,behavior
GO:0007033,36,GO:0006996,0.59,1.8950406981093242,4,vacuole organization,organelle organization
GO:0006986,16,GO:0070887,0.628,1.8950406981093242,10,response to unfolded protein,cellular response to chemical stimulus
GO:0006687,63,GO:0006629,0.597,1.8950406981093242,0,glycosphingolipid metabolic process,lipid metabolic process
GO:0006680,63,GO:0006629,0.541,1.8950406981093242,6,glucosylceramide catabolic process,lipid metabolic process
GO:0006678,63,GO:0006629,0.574,1.8950406981093242,0,glucosylceramide metabolic process,lipid metabolic process
GO:0006677,63,GO:0006629,0.585,1.8950406981093242,0,glycosylceramide metabolic process,lipid metabolic process
GO:0006672,63,GO:0006629,0.654,1.8950406981093242,2,ceramide metabolic process,lipid metabolic process
GO:0006670,63,GO:0006629,0.533,1.8950406981093242,0,sphingosine metabolic process,lipid metabolic process
GO:0006665,63,GO:0006629,0.725,1.8950406981093242,36,sphingolipid metabolic process,lipid metabolic process
GO:0006066,70,GO:1901615,0.958,1.8950406981093242,2,alcohol metabolic process,organic hydroxy compound metabolic process
GO:0001818,33,GO:0051241,0.682,1.8950406981093242,0,negative regulation of cytokine production,negative regulation of multicellular organismal process
GO:2000629,42,GO:1901360,0.268,1.8950406981093242,0,negative regulation of miRNA metabolic process,organic cyclic compound metabolic process
GO:2000628,42,GO:1901360,0.284,1.8950406981093242,0,regulation of miRNA metabolic process,organic cyclic compound metabolic process
GO:2000625,42,GO:1901360,0.268,1.8950406981093242,0,regulation of miRNA catabolic process,organic cyclic compound metabolic process
GO:1902369,35,GO:0044265,0.662,1.8950406981093242,2,negative regulation of RNA catabolic process,cellular macromolecule catabolic process
GO:0104004,86,GO:0104004,0.999,1.8950406981093242,0,cellular response to environmental stimulus,cellular response to environmental stimulus
GO:0071482,86,GO:0104004,0.939,1.8950406981093242,5,cellular response to light stimulus,cellular response to environmental stimulus
GO:0071478,86,GO:0104004,0.984,1.8950406981093242,0,cellular response to radiation,cellular response to environmental stimulus
GO:0071214,86,GO:0104004,0.999,1.8950406981093242,0,cellular response to abiotic stimulus,cellular response to environmental stimulus
GO:0071044,42,GO:1901360,0.268,1.8950406981093242,1,histone mRNA catabolic process,organic cyclic compound metabolic process
GO:0060903,2,GO:0010564,0.677,1.8950406981093242,3,positive regulation of meiosis I,regulation of cell cycle process
GO:1903008,23,GO:0051128,0.382,1.8726302473044014,0,organelle disassembly,regulation of cellular component organization
GO:0071166,43,GO:0046907,0.393,1.8726302473044014,0,ribonucleoprotein complex localization,intracellular transport
GO:0070481,35,GO:0044265,0.55,1.8726302473044014,1,"nuclear-transcribed mRNA catabolic process, non-stop decay",cellular macromolecule catabolic process
GO:0051168,43,GO:0046907,0.728,1.8726302473044014,0,nuclear export,intracellular transport
GO:0043523,10,GO:0010941,0.746,1.8726302473044014,1,regulation of neuron apoptotic process,regulation of cell death
GO:0033750,55,GO:0051640,0.723,1.8726302473044014,0,ribosome localization,organelle localization
GO:0032988,23,GO:0051128,0.308,1.8726302473044014,0,ribonucleoprotein complex disassembly,regulation of cellular component organization
GO:0032790,23,GO:0051128,0.293,1.8726302473044014,2,ribosome disassembly,regulation of cellular component organization
GO:0032069,37,GO:0044093,0.51,1.8726302473044014,0,regulation of nuclease activity,positive regulation of molecular function
GO:0031503,26,GO:0006810,0.41,1.8726302473044014,0,protein-containing complex localization,transport
GO:0006611,43,GO:0046907,0.602,1.8726302473044014,8,protein export from nucleus,intracellular transport
GO:0006405,43,GO:0046907,0.702,1.8726302473044014,6,RNA export from nucleus,intracellular transport
GO:0000054,55,GO:0051640,0.723,1.8726302473044014,4,ribosomal subunit export from nucleus,organelle localization
