go,cluster,parent,parentSimScore,score,size,term,parentTerm
GO:0010646,1,GO:0010646,0.986,307.6526555685888,1,regulation of cell communication,regulation of cell communication
GO:0010629,2,GO:0010629,0.988,307.6526555685888,66,negative regulation of gene expression,negative regulation of gene expression
GO:0051128,3,GO:0051128,0.98,307.6526555685888,2,regulation of cellular component organization,regulation of cellular component organization
GO:0023052,4,GO:0023052,0.904,307.6526555685888,4,signaling,signaling
GO:0035295,5,GO:0035295,0.997,307.6526555685888,1,tube development,tube development
GO:0030182,6,GO:0030182,0.983,307.6526555685888,47,neuron differentiation,neuron differentiation
GO:1902679,2,GO:0010629,0.762,307.6526555685888,0,negative regulation of RNA biosynthetic process,negative regulation of gene expression
GO:0022402,7,GO:0022402,0.974,307.6526555685888,0,cell cycle process,cell cycle process
GO:0031327,2,GO:0010629,0.787,307.6526555685888,0,negative regulation of cellular biosynthetic process,negative regulation of gene expression
GO:0009628,8,GO:0009628,0.987,307.6526555685888,0,response to abiotic stimulus,response to abiotic stimulus
GO:0030111,4,GO:0023052,0.474,307.6526555685888,2,regulation of Wnt signaling pathway,signaling
GO:0048519,2,GO:0010629,0.794,307.6526555685888,0,negative regulation of biological process,negative regulation of gene expression
GO:0009889,9,GO:0009889,0.948,307.6526555685888,0,regulation of biosynthetic process,regulation of biosynthetic process
GO:0051179,10,GO:0051179,0.85,307.6526555685888,7,localization,localization
GO:0010557,11,GO:0010557,0.99,307.6526555685888,0,positive regulation of macromolecule biosynthetic process,positive regulation of macromolecule biosynthetic process
GO:0019219,9,GO:0009889,0.753,307.6526555685888,0,regulation of nucleobase-containing compound metabolic process,regulation of biosynthetic process
GO:0006355,12,GO:0006355,0.954,307.6526555685888,564,regulation of DNA-templated transcription,regulation of DNA-templated transcription
GO:0045595,13,GO:0045595,0.994,307.6526555685888,9,regulation of cell differentiation,regulation of cell differentiation
GO:0042592,14,GO:0042592,0.991,307.6526555685888,1,homeostatic process,homeostatic process
GO:0043412,15,GO:0043412,0.927,307.6526555685888,3,macromolecule modification,macromolecule modification
GO:0030855,16,GO:0030855,0.999,307.6526555685888,0,epithelial cell differentiation,epithelial cell differentiation
GO:0051716,17,GO:0051716,0.889,307.6526555685888,1,cellular response to stimulus,cellular response to stimulus
GO:0023051,4,GO:0023052,0.643,307.6526555685888,2,regulation of signaling,signaling
GO:0000278,7,GO:0022402,0.802,307.6526555685888,54,mitotic cell cycle,cell cycle process
GO:0007417,6,GO:0030182,0.627,307.6526555685888,10,central nervous system development,neuron differentiation
GO:0031328,11,GO:0010557,0.987,307.6526555685888,0,positive regulation of cellular biosynthetic process,positive regulation of macromolecule biosynthetic process
GO:0010647,1,GO:0010646,0.877,307.6526555685888,0,positive regulation of cell communication,regulation of cell communication
GO:0090087,18,GO:0090087,1,307.6526555685888,6,regulation of peptide transport,regulation of peptide transport
GO:0090304,19,GO:0090304,0.883,307.6526555685888,2,nucleic acid metabolic process,nucleic acid metabolic process
GO:0051172,2,GO:0010629,0.838,307.6526555685888,0,negative regulation of nitrogen compound metabolic process,negative regulation of gene expression
GO:0051960,20,GO:0051960,0.998,307.6526555685888,0,regulation of nervous system development,regulation of nervous system development
GO:0044260,21,GO:0044260,0.928,307.6526555685888,3,cellular macromolecule metabolic process,cellular macromolecule metabolic process
GO:0009987,22,GO:0009987,0.337,307.6526555685888,0,cellular process,cellular process
GO:0045597,13,GO:0045595,0.92,307.6526555685888,1,positive regulation of cell differentiation,regulation of cell differentiation
GO:0044249,12,GO:0006355,0.742,307.6526555685888,5,cellular biosynthetic process,regulation of DNA-templated transcription
GO:0051246,9,GO:0009889,0.631,307.6526555685888,0,regulation of protein metabolic process,regulation of biosynthetic process
GO:0010604,11,GO:0010557,0.901,307.6526555685888,0,positive regulation of macromolecule metabolic process,positive regulation of macromolecule biosynthetic process
GO:0036211,15,GO:0043412,0.91,307.6526555685888,19,protein modification process,macromolecule modification
GO:0044248,23,GO:0044248,0.966,307.6526555685888,2,cellular catabolic process,cellular catabolic process
GO:0046483,19,GO:0090304,0.829,307.6526555685888,0,heterocycle metabolic process,nucleic acid metabolic process
GO:1903508,11,GO:0010557,0.978,307.6526555685888,0,positive regulation of nucleic acid-templated transcription,positive regulation of macromolecule biosynthetic process
GO:0051049,24,GO:0051049,0.99,307.6526555685888,2,regulation of transport,regulation of transport
GO:0022412,25,GO:0022412,0.992,307.6526555685888,0,cellular process involved in reproduction in multicellular organism,cellular process involved in reproduction in multicellular organism
GO:0051234,10,GO:0051179,0.825,307.6526555685888,0,establishment of localization,localization
GO:0080090,9,GO:0009889,0.79,307.6526555685888,3,regulation of primary metabolic process,regulation of biosynthetic process
GO:0006793,26,GO:0006793,0.924,307.6526555685888,0,phosphorus metabolic process,phosphorus metabolic process
GO:0022607,27,GO:0022607,0.972,307.6526555685888,0,cellular component assembly,cellular component assembly
GO:0018130,12,GO:0006355,0.882,307.6526555685888,0,heterocycle biosynthetic process,regulation of DNA-templated transcription
GO:0006725,19,GO:0090304,0.827,307.6526555685888,0,cellular aromatic compound metabolic process,nucleic acid metabolic process
GO:0048583,28,GO:0048583,0.981,307.6526555685888,0,regulation of response to stimulus,regulation of response to stimulus
GO:0051240,20,GO:0051960,0.692,307.6526555685888,0,positive regulation of multicellular organismal process,regulation of nervous system development
GO:0008283,29,GO:0008283,0.998,307.6526555685888,1,cell population proliferation,cell population proliferation
GO:0006366,12,GO:0006355,0.858,307.6526555685888,19,transcription by RNA polymerase II,regulation of DNA-templated transcription
GO:0065009,30,GO:0065009,0.983,307.6526555685888,0,regulation of molecular function,regulation of molecular function
GO:0045944,11,GO:0010557,0.958,307.6526555685888,250,positive regulation of transcription by RNA polymerase II,positive regulation of macromolecule biosynthetic process
GO:0040008,31,GO:0040008,0.993,307.6526555685888,6,regulation of growth,regulation of growth
GO:0034645,21,GO:0044260,0.793,307.6526555685888,1,cellular macromolecule biosynthetic process,cellular macromolecule metabolic process
GO:0006807,19,GO:0090304,0.545,307.6526555685888,14,nitrogen compound metabolic process,nucleic acid metabolic process
GO:0042981,32,GO:0042981,0.997,307.6526555685888,15,regulation of apoptotic process,regulation of apoptotic process
GO:0009891,11,GO:0010557,0.987,307.6526555685888,0,positive regulation of biosynthetic process,positive regulation of macromolecule biosynthetic process
GO:0045934,2,GO:0010629,0.771,307.6526555685888,0,negative regulation of nucleobase-containing compound metabolic process,negative regulation of gene expression
GO:0010605,2,GO:0010629,0.902,307.6526555685888,0,negative regulation of macromolecule metabolic process,negative regulation of gene expression
GO:0010564,7,GO:0022402,0.834,307.6526555685888,2,regulation of cell cycle process,cell cycle process
GO:0002376,33,GO:0002376,0.99,307.6526555685888,24,immune system process,immune system process
GO:0035556,1,GO:0010646,0.511,307.6526555685888,169,intracellular signal transduction,regulation of cell communication
GO:0032502,6,GO:0030182,0.579,307.6526555685888,13,developmental process,neuron differentiation
GO:0048468,6,GO:0030182,0.744,307.6526555685888,6,cell development,neuron differentiation
GO:0035239,5,GO:0035295,0.938,307.6526555685888,0,tube morphogenesis,tube development
GO:0007346,7,GO:0022402,0.675,307.6526555685888,8,regulation of mitotic cell cycle,cell cycle process
GO:0051094,13,GO:0045595,0.743,307.6526555685888,1,positive regulation of developmental process,regulation of cell differentiation
GO:0031400,9,GO:0009889,0.466,307.6526555685888,0,negative regulation of protein modification process,regulation of biosynthetic process
GO:0016043,3,GO:0051128,0.653,307.6526555685888,5,cellular component organization,regulation of cellular component organization
GO:0051276,3,GO:0051128,0.481,307.6526555685888,11,chromosome organization,regulation of cellular component organization
GO:1903047,7,GO:0022402,0.884,307.6526555685888,0,mitotic cell cycle process,cell cycle process
GO:0044085,27,GO:0022607,0.925,307.6526555685888,0,cellular component biogenesis,cellular component assembly
GO:0009892,2,GO:0010629,0.896,307.6526555685888,0,negative regulation of metabolic process,negative regulation of gene expression
GO:0009725,17,GO:0051716,0.32,307.6526555685888,1,response to hormone,cellular response to stimulus
GO:0050767,20,GO:0051960,0.974,307.6526555685888,10,regulation of neurogenesis,regulation of nervous system development
GO:0009058,12,GO:0006355,0.732,307.6526555685888,31,biosynthetic process,regulation of DNA-templated transcription
GO:0008152,19,GO:0090304,0.397,307.6526555685888,82,metabolic process,nucleic acid metabolic process
GO:0071840,3,GO:0051128,0.632,307.6526555685888,0,cellular component organization or biogenesis,regulation of cellular component organization
GO:0048523,2,GO:0010629,0.743,307.6526555685888,0,negative regulation of cellular process,negative regulation of gene expression
GO:0043067,32,GO:0042981,0.983,307.6526555685888,3,regulation of programmed cell death,regulation of apoptotic process
GO:0007154,1,GO:0010646,0.64,307.6526555685888,19,cell communication,regulation of cell communication
GO:0042221,34,GO:0042221,0.949,307.6526555685888,1,response to chemical,response to chemical
GO:0016192,35,GO:0016192,0.974,307.6526555685888,139,vesicle-mediated transport,vesicle-mediated transport
GO:0007276,25,GO:0022412,0.838,307.6526555685888,19,gamete generation,cellular process involved in reproduction in multicellular organism
GO:0065007,11,GO:0010557,0.307,307.6526555685888,0,biological regulation,positive regulation of macromolecule biosynthetic process
GO:0048731,6,GO:0030182,0.87,307.6526555685888,1,system development,neuron differentiation
GO:0008544,16,GO:0030855,0.681,307.6526555685888,9,epidermis development,epithelial cell differentiation
GO:0003006,25,GO:0022412,0.7,307.6526555685888,1,developmental process involved in reproduction,cellular process involved in reproduction in multicellular organism
GO:0051239,20,GO:0051960,0.751,307.6526555685888,4,regulation of multicellular organismal process,regulation of nervous system development
GO:0050896,17,GO:0051716,0.727,307.6526555685888,29,response to stimulus,cellular response to stimulus
GO:0045893,11,GO:0010557,0.978,307.6526555685888,50,positive regulation of DNA-templated transcription,positive regulation of macromolecule biosynthetic process
GO:0010941,32,GO:0042981,0.961,307.6526555685888,1,regulation of cell death,regulation of apoptotic process
GO:0006810,10,GO:0051179,0.818,307.6526555685888,32,transport,localization
GO:1901987,7,GO:0022402,0.761,307.6526555685888,0,regulation of cell cycle phase transition,cell cycle process
GO:1901360,36,GO:1901360,0.859,307.6526555685888,0,organic cyclic compound metabolic process,organic cyclic compound metabolic process
GO:0071310,34,GO:0042221,0.769,307.6526555685888,0,cellular response to organic substance,response to chemical
GO:0022414,25,GO:0022412,0.765,307.6526555685888,11,reproductive process,cellular process involved in reproduction in multicellular organism
GO:0019438,12,GO:0006355,0.885,307.6526555685888,0,aromatic compound biosynthetic process,regulation of DNA-templated transcription
GO:0010628,11,GO:0010557,0.766,307.6526555685888,104,positive regulation of gene expression,positive regulation of macromolecule biosynthetic process
GO:0003002,6,GO:0030182,0.46,307.6526555685888,0,regionalization,neuron differentiation
GO:1901700,34,GO:0042221,0.682,307.6526555685888,0,response to oxygen-containing compound,response to chemical
GO:0070201,24,GO:0051049,0.733,307.6526555685888,0,regulation of establishment of protein localization,regulation of transport
GO:0045935,11,GO:0010557,0.818,307.6526555685888,0,positive regulation of nucleobase-containing compound metabolic process,positive regulation of macromolecule biosynthetic process
GO:0032880,24,GO:0051049,0.831,307.6526555685888,35,regulation of protein localization,regulation of transport
GO:1901564,37,GO:1901564,0.842,307.6526555685888,0,organonitrogen compound metabolic process,organonitrogen compound metabolic process
GO:0051247,9,GO:0009889,0.547,307.6526555685888,0,positive regulation of protein metabolic process,regulation of biosynthetic process
GO:0031325,11,GO:0010557,0.86,307.6526555685888,0,positive regulation of cellular metabolic process,positive regulation of macromolecule biosynthetic process
GO:0019538,37,GO:1901564,0.788,307.6526555685888,7,protein metabolic process,organonitrogen compound metabolic process
GO:0016070,19,GO:0090304,0.841,307.6526555685888,19,RNA metabolic process,nucleic acid metabolic process
GO:0010558,2,GO:0010629,0.792,307.6526555685888,0,negative regulation of macromolecule biosynthetic process,negative regulation of gene expression
GO:1903506,12,GO:0006355,0.954,307.6526555685888,0,regulation of nucleic acid-templated transcription,regulation of DNA-templated transcription
GO:0051173,11,GO:0010557,0.858,307.6526555685888,0,positive regulation of nitrogen compound metabolic process,positive regulation of macromolecule biosynthetic process
GO:0048598,6,GO:0030182,0.503,307.6526555685888,43,embryonic morphogenesis,neuron differentiation
GO:0034654,12,GO:0006355,0.891,307.6526555685888,1,nucleobase-containing compound biosynthetic process,regulation of DNA-templated transcription
GO:2001141,12,GO:0006355,0.954,307.6526555685888,0,regulation of RNA biosynthetic process,regulation of DNA-templated transcription
GO:0044238,19,GO:0090304,0.497,307.6526555685888,13,primary metabolic process,nucleic acid metabolic process
GO:0010033,34,GO:0042221,0.797,307.6526555685888,3,response to organic substance,response to chemical
GO:0007049,7,GO:0022402,0.911,307.6526555685888,179,cell cycle,cell cycle process
GO:0048584,28,GO:0048583,0.868,307.6526555685888,0,positive regulation of response to stimulus,regulation of response to stimulus
GO:0009966,1,GO:0010646,0.956,307.6526555685888,14,regulation of signal transduction,regulation of cell communication
GO:0051223,24,GO:0051049,0.795,307.6526555685888,1,regulation of protein transport,regulation of transport
GO:0051171,9,GO:0009889,0.788,307.6526555685888,3,regulation of nitrogen compound metabolic process,regulation of biosynthetic process
GO:0045892,2,GO:0010629,0.762,307.6526555685888,62,negative regulation of DNA-templated transcription,negative regulation of gene expression
GO:0044703,25,GO:0022412,0.479,307.6526555685888,0,multi-organism reproductive process,cellular process involved in reproduction in multicellular organism
GO:0019953,25,GO:0022412,0.647,307.6526555685888,6,sexual reproduction,cellular process involved in reproduction in multicellular organism
GO:0060255,9,GO:0009889,0.818,307.6526555685888,4,regulation of macromolecule metabolic process,regulation of biosynthetic process
GO:0051726,7,GO:0022402,0.77,307.6526555685888,34,regulation of cell cycle,cell cycle process
GO:0045786,7,GO:0022402,0.678,307.6526555685888,2,negative regulation of cell cycle,cell cycle process
GO:0044093,30,GO:0065009,0.869,307.6526555685888,0,positive regulation of molecular function,regulation of molecular function
GO:2000026,20,GO:0051960,0.89,307.6526555685888,0,regulation of multicellular organismal development,regulation of nervous system development
GO:1901575,23,GO:0044248,0.899,307.6526555685888,0,organic substance catabolic process,cellular catabolic process
GO:0031324,2,GO:0010629,0.815,307.6526555685888,0,negative regulation of cellular metabolic process,negative regulation of gene expression
GO:0009605,38,GO:0009605,0.965,307.6526555685888,5,response to external stimulus,response to external stimulus
GO:0008104,39,GO:0008104,0.971,307.6526555685888,83,protein localization,protein localization
GO:1902680,11,GO:0010557,0.978,307.6526555685888,0,positive regulation of RNA biosynthetic process,positive regulation of macromolecule biosynthetic process
GO:0051252,9,GO:0009889,0.748,307.6526555685888,2,regulation of RNA metabolic process,regulation of biosynthetic process
GO:0042127,29,GO:0008283,0.962,307.6526555685888,14,regulation of cell population proliferation,cell population proliferation
GO:0031326,9,GO:0009889,0.947,307.6526555685888,0,regulation of cellular biosynthetic process,regulation of biosynthetic process
GO:0008285,29,GO:0008283,0.834,307.6526555685888,7,negative regulation of cell population proliferation,cell population proliferation
GO:0006139,19,GO:0090304,0.837,307.6526555685888,24,nucleobase-containing compound metabolic process,nucleic acid metabolic process
GO:1903507,2,GO:0010629,0.762,307.6526555685888,0,negative regulation of nucleic acid-templated transcription,negative regulation of gene expression
GO:1901701,34,GO:0042221,0.655,307.6526555685888,0,cellular response to oxygen-containing compound,response to chemical
GO:0030154,6,GO:0030182,0.813,307.6526555685888,305,cell differentiation,neuron differentiation
GO:0023056,4,GO:0023052,0.554,307.6526555685888,0,positive regulation of signaling,signaling
GO:0006974,40,GO:0006974,0.985,307.6526555685888,123,cellular response to DNA damage stimulus,cellular response to DNA damage stimulus
GO:2000112,21,GO:0044260,0.615,307.6526555685888,0,regulation of cellular macromolecule biosynthetic process,cellular macromolecule metabolic process
GO:0048856,6,GO:0030182,0.63,307.6526555685888,191,anatomical structure development,neuron differentiation
GO:0045165,41,GO:0045165,0.99,307.6526555685888,23,cell fate commitment,cell fate commitment
GO:0034641,19,GO:0090304,0.774,307.6526555685888,0,cellular nitrogen compound metabolic process,nucleic acid metabolic process
GO:0032774,12,GO:0006355,0.932,307.6526555685888,0,RNA biosynthetic process,regulation of DNA-templated transcription
GO:0022008,6,GO:0030182,0.955,307.6526555685888,3,neurogenesis,neuron differentiation
GO:0009653,5,GO:0035295,0.434,307.6526555685888,31,anatomical structure morphogenesis,tube development
GO:0009056,23,GO:0044248,0.924,307.6526555685888,0,catabolic process,cellular catabolic process
GO:0007389,6,GO:0030182,0.478,307.6526555685888,5,pattern specification process,neuron differentiation
GO:0060429,16,GO:0030855,0.898,307.6526555685888,1,epithelium development,epithelial cell differentiation
GO:0051641,42,GO:0051641,0.949,307.6526555685888,0,cellular localization,cellular localization
GO:0048869,6,GO:0030182,0.811,307.6526555685888,0,cellular developmental process,neuron differentiation
GO:0048646,5,GO:0035295,0.362,307.6526555685888,0,anatomical structure formation involved in morphogenesis,tube development
GO:0048522,11,GO:0010557,0.68,307.6526555685888,0,positive regulation of cellular process,positive regulation of macromolecule biosynthetic process
GO:0022603,13,GO:0045595,0.701,307.6526555685888,0,regulation of anatomical structure morphogenesis,regulation of cell differentiation
GO:0010467,43,GO:0010467,0.88,307.6526555685888,1,gene expression,gene expression
GO:0006357,12,GO:0006355,0.88,307.6526555685888,643,regulation of transcription by RNA polymerase II,regulation of DNA-templated transcription
GO:2000113,21,GO:0044260,0.557,307.6526555685888,0,negative regulation of cellular macromolecule biosynthetic process,cellular macromolecule metabolic process
GO:0071705,18,GO:0090087,0.591,307.6526555685888,1,nitrogen compound transport,regulation of peptide transport
GO:0071495,17,GO:0051716,0.385,307.6526555685888,0,cellular response to endogenous stimulus,cellular response to stimulus
GO:0060828,4,GO:0023052,0.455,307.6526555685888,6,regulation of canonical Wnt signaling pathway,signaling
GO:0051253,2,GO:0010629,0.768,307.6526555685888,0,negative regulation of RNA metabolic process,negative regulation of gene expression
GO:0048518,11,GO:0010557,0.716,307.6526555685888,0,positive regulation of biological process,positive regulation of macromolecule biosynthetic process
GO:0048513,44,GO:0048513,0.983,307.6526555685888,1,animal organ development,animal organ development
GO:0046903,35,GO:0016192,0.42,307.6526555685888,2,secretion,vesicle-mediated transport
GO:0033554,40,GO:0006974,0.886,307.6526555685888,1,cellular response to stress,cellular response to DNA damage stimulus
GO:0010468,9,GO:0009889,0.792,307.6526555685888,103,regulation of gene expression,regulation of biosynthetic process
GO:0001775,45,GO:0001775,1,307.6526555685888,0,cell activation,cell activation
GO:0071704,19,GO:0090304,0.453,307.6526555685888,30,organic substance metabolic process,nucleic acid metabolic process
GO:0060284,13,GO:0045595,0.927,307.6526555685888,1,regulation of cell development,regulation of cell differentiation
GO:0045321,45,GO:0001775,0.907,307.6526555685888,1,leukocyte activation,cell activation
GO:0043170,19,GO:0090304,0.585,307.6526555685888,2,macromolecule metabolic process,nucleic acid metabolic process
GO:0032940,35,GO:0016192,0.412,307.6526555685888,0,secretion by cell,vesicle-mediated transport
GO:0009719,17,GO:0051716,0.386,307.6526555685888,0,response to endogenous stimulus,cellular response to stimulus
GO:0006996,3,GO:0051128,0.602,307.6526555685888,11,organelle organization,regulation of cellular component organization
GO:1901990,7,GO:0022402,0.711,307.6526555685888,0,regulation of mitotic cell cycle phase transition,cell cycle process
GO:1901362,12,GO:0006355,0.877,307.6526555685888,0,organic cyclic compound biosynthetic process,regulation of DNA-templated transcription
GO:0060548,32,GO:0042981,0.891,307.6526555685888,2,negative regulation of cell death,regulation of apoptotic process
GO:0060341,24,GO:0051049,0.857,307.6526555685888,2,regulation of cellular localization,regulation of transport
GO:0051248,2,GO:0010629,0.788,307.6526555685888,0,negative regulation of protein metabolic process,negative regulation of gene expression
GO:0050790,30,GO:0065009,0.97,307.6526555685888,142,regulation of catalytic activity,regulation of molecular function
GO:0048699,6,GO:0030182,0.959,307.6526555685888,2,generation of neurons,neuron differentiation
GO:0048609,25,GO:0022412,0.844,307.6526555685888,9,multicellular organismal reproductive process,cellular process involved in reproduction in multicellular organism
GO:0033036,39,GO:0008104,0.928,307.6526555685888,4,macromolecule localization,protein localization
GO:0032879,24,GO:0051049,0.943,307.6526555685888,0,regulation of localization,regulation of transport
GO:0032504,25,GO:0022412,0.888,307.6526555685888,24,multicellular organism reproduction,cellular process involved in reproduction in multicellular organism
GO:0031323,9,GO:0009889,0.782,307.6526555685888,0,regulation of cellular metabolic process,regulation of biosynthetic process
GO:0019222,9,GO:0009889,0.826,307.6526555685888,1,regulation of metabolic process,regulation of biosynthetic process
GO:0009893,11,GO:0010557,0.886,307.6526555685888,0,positive regulation of metabolic process,positive regulation of macromolecule biosynthetic process
GO:0009890,2,GO:0010629,0.788,307.6526555685888,1,negative regulation of biosynthetic process,negative regulation of gene expression
GO:0009888,16,GO:0030855,0.798,307.6526555685888,30,tissue development,epithelial cell differentiation
GO:0008284,29,GO:0008283,0.907,307.6526555685888,17,positive regulation of cell population proliferation,cell population proliferation
GO:0007399,6,GO:0030182,0.916,307.6526555685888,112,nervous system development,neuron differentiation
GO:0007292,25,GO:0022412,0.786,307.6526555685888,2,female gamete generation,cellular process involved in reproduction in multicellular organism
GO:0007275,6,GO:0030182,0.692,307.6526555685888,57,multicellular organism development,neuron differentiation
GO:0006796,26,GO:0006793,0.922,307.6526555685888,6,phosphate-containing compound metabolic process,phosphorus metabolic process
GO:0006351,12,GO:0006355,0.934,307.6526555685888,38,DNA-templated transcription,regulation of DNA-templated transcription
GO:0000003,25,GO:0022412,0.75,307.6526555685888,107,reproduction,cellular process involved in reproduction in multicellular organism
GO:1901576,12,GO:0006355,0.735,307.6526555685888,1,organic substance biosynthetic process,regulation of DNA-templated transcription
GO:0097659,12,GO:0006355,0.933,307.6526555685888,0,nucleic acid-templated transcription,regulation of DNA-templated transcription
GO:0071702,18,GO:0090087,0.554,307.6526555685888,6,organic substance transport,regulation of peptide transport
GO:0070887,34,GO:0042221,0.808,307.6526555685888,0,cellular response to chemical stimulus,response to chemical
GO:0065008,14,GO:0042592,0.83,307.6526555685888,5,regulation of biological quality,homeostatic process
GO:0051254,11,GO:0010557,0.838,307.6526555685888,0,positive regulation of RNA metabolic process,positive regulation of macromolecule biosynthetic process
GO:0050794,11,GO:0010557,0.325,307.6526555685888,0,regulation of cellular process,positive regulation of macromolecule biosynthetic process
GO:0050793,13,GO:0045595,0.818,307.6526555685888,4,regulation of developmental process,regulation of cell differentiation
GO:0050789,11,GO:0010557,0.339,307.6526555685888,0,regulation of biological process,positive regulation of macromolecule biosynthetic process
GO:0044271,12,GO:0006355,0.814,307.6526555685888,0,cellular nitrogen compound biosynthetic process,regulation of DNA-templated transcription
GO:0044237,19,GO:0090304,0.526,307.6526555685888,12,cellular metabolic process,nucleic acid metabolic process
GO:0043933,3,GO:0051128,0.496,307.6526555685888,0,protein-containing complex organization,regulation of cellular component organization
GO:0032501,46,GO:0032501,0.843,307.6526555685888,2,multicellular organismal process,multicellular organismal process
GO:0031399,9,GO:0009889,0.543,307.6526555685888,0,regulation of protein modification process,regulation of biosynthetic process
GO:0010556,9,GO:0009889,0.945,307.6526555685888,0,regulation of macromolecule biosynthetic process,regulation of biosynthetic process
GO:0009887,44,GO:0048513,0.871,307.6526555685888,20,animal organ morphogenesis,animal organ development
GO:0009792,6,GO:0030182,0.51,307.6526555685888,319,embryo development ending in birth or egg hatching,neuron differentiation
GO:0009790,6,GO:0030182,0.568,307.6526555685888,62,embryo development,neuron differentiation
GO:0009059,12,GO:0006355,0.822,307.6526555685888,0,macromolecule biosynthetic process,regulation of DNA-templated transcription
GO:0007165,4,GO:0023052,0.879,307.6526555685888,543,signal transduction,signaling
GO:0006950,40,GO:0006974,0.761,307.6526555685888,11,response to stress,cellular response to DNA damage stimulus
GO:0006811,10,GO:0051179,0.664,10.774598175035129,434,ion transport,localization
GO:0033993,34,GO:0042221,0.472,10.687308296381149,3,response to lipid,response to chemical
GO:0044281,47,GO:0044281,0.953,10.642628867817063,9,small molecule metabolic process,small molecule metabolic process
GO:0045664,13,GO:0045595,0.808,10.623309612870509,15,regulation of neuron differentiation,regulation of cell differentiation
GO:0051707,48,GO:0051707,0.983,10.611953800084864,1,response to other organism,response to other organism
GO:0043207,48,GO:0051707,0.983,10.611953800084864,0,response to external biotic stimulus,response to other organism
GO:0009607,48,GO:0051707,0.983,10.611953800084864,0,response to biotic stimulus,response to other organism
GO:0090068,7,GO:0022402,0.718,10.57400386940225,0,positive regulation of cell cycle process,cell cycle process
GO:0051050,24,GO:0051049,0.917,10.57400386940225,0,positive regulation of transport,regulation of transport
GO:0044265,23,GO:0044248,0.875,10.57400386940225,0,cellular macromolecule catabolic process,cellular catabolic process
GO:0045787,7,GO:0022402,0.659,10.57400386940225,1,positive regulation of cell cycle,cell cycle process
GO:0009057,23,GO:0044248,0.837,10.57400386940225,0,macromolecule catabolic process,cellular catabolic process
GO:0009991,38,GO:0009605,0.69,10.552184888829537,0,response to extracellular stimulus,response to external stimulus
GO:0031667,38,GO:0009605,0.688,10.552184888829537,0,response to nutrient levels,response to external stimulus
GO:0060562,5,GO:0035295,0.817,10.530029173424614,9,epithelial tube morphogenesis,tube development
GO:0002009,16,GO:0030855,0.876,10.530029173424614,23,morphogenesis of an epithelium,epithelial cell differentiation
GO:0048729,16,GO:0030855,0.76,10.530029173424614,2,tissue morphogenesis,epithelial cell differentiation
GO:0043603,49,GO:0043603,0.972,10.521967505252698,0,cellular amide metabolic process,cellular amide metabolic process
GO:0006955,33,GO:0002376,0.982,10.521164645516569,3,immune response,immune system process
GO:0002252,33,GO:0002376,0.671,10.521164645516569,0,immune effector process,immune system process
GO:0031401,9,GO:0009889,0.499,10.499109156559742,0,positive regulation of protein modification process,regulation of biosynthetic process
GO:0007507,6,GO:0030182,0.502,10.4260643300839,4,heart development,neuron differentiation
GO:0072359,6,GO:0030182,0.508,10.4260643300839,0,circulatory system development,neuron differentiation
GO:1901566,37,GO:1901564,0.631,10.391706606756996,2,organonitrogen compound biosynthetic process,organonitrogen compound metabolic process
GO:0043085,30,GO:0065009,0.854,10.205125475330377,2,positive regulation of catalytic activity,regulation of molecular function
GO:0006508,37,GO:1901564,0.594,10.162440514019531,415,proteolysis,organonitrogen compound metabolic process
GO:0070647,15,GO:0043412,0.69,10.110413247711271,0,protein modification by small protein conjugation or removal,macromolecule modification
GO:1901698,34,GO:0042221,0.68,10.09372700718701,0,response to nitrogen compound,response to chemical
GO:0010243,34,GO:0042221,0.673,10.09372700718701,0,response to organonitrogen compound,response to chemical
GO:0051093,2,GO:0010629,0.603,10.08962162747598,3,negative regulation of developmental process,negative regulation of gene expression
GO:0045596,13,GO:0045595,0.866,10.08962162747598,3,negative regulation of cell differentiation,regulation of cell differentiation
GO:0040011,50,GO:0040011,0.977,10.087397380467968,108,locomotion,locomotion
GO:0051130,3,GO:0051128,0.862,10.080892026068126,0,positive regulation of cellular component organization,regulation of cellular component organization
GO:0051241,20,GO:0051960,0.639,10.06458351808444,0,negative regulation of multicellular organismal process,regulation of nervous system development
GO:0043588,44,GO:0048513,0.548,10.06458351808444,0,skin development,animal organ development
GO:0002682,33,GO:0002376,0.754,10.056615846749578,0,regulation of immune system process,immune system process
GO:1901991,7,GO:0022402,0.687,10.055368644101588,0,negative regulation of mitotic cell cycle phase transition,cell cycle process
GO:1901988,7,GO:0022402,0.738,10.055368644101588,0,negative regulation of cell cycle phase transition,cell cycle process
GO:0045930,7,GO:0022402,0.637,10.055368644101588,2,negative regulation of mitotic cell cycle,cell cycle process
GO:0009968,4,GO:0023052,0.552,10.055368644101588,13,negative regulation of signal transduction,signaling
GO:0010948,7,GO:0022402,0.754,10.055368644101588,0,negative regulation of cell cycle process,cell cycle process
GO:0048585,28,GO:0048583,0.861,10.055368644101588,0,negative regulation of response to stimulus,regulation of response to stimulus
GO:0023057,4,GO:0023052,0.556,10.055368644101588,0,negative regulation of signaling,signaling
GO:0010648,1,GO:0010646,0.879,10.055368644101588,0,negative regulation of cell communication,regulation of cell communication
GO:0120035,27,GO:0022607,0.458,10.05488747473567,0,regulation of plasma membrane bounded cell projection organization,cellular component assembly
GO:0031344,27,GO:0022607,0.459,10.05488747473567,6,regulation of cell projection organization,cellular component assembly
GO:0051336,30,GO:0065009,0.885,10.05051207619712,0,regulation of hydrolase activity,regulation of molecular function
GO:0019725,14,GO:0042592,0.945,10.05051207619712,2,cellular homeostasis,homeostatic process
GO:0007423,44,GO:0048513,0.736,10.04505446425933,2,sensory organ development,animal organ development
GO:0009967,4,GO:0023052,0.527,10.04505446425933,0,positive regulation of signal transduction,signaling
GO:0001654,44,GO:0048513,0.548,10.04505446425933,0,eye development,animal organ development
GO:0010942,32,GO:0042981,0.896,10.030346853036948,0,positive regulation of cell death,regulation of apoptotic process
GO:0043065,32,GO:0042981,0.918,10.030346853036948,23,positive regulation of apoptotic process,regulation of apoptotic process
GO:0033043,3,GO:0051128,0.88,10.030346853036948,0,regulation of organelle organization,regulation of cellular component organization
GO:0043068,32,GO:0042981,0.913,10.030346853036948,14,positive regulation of programmed cell death,regulation of apoptotic process
GO:0098727,51,GO:0098727,1,10.030346853036948,0,maintenance of cell number,maintenance of cell number
GO:0019827,51,GO:0098727,1,10.030346853036948,2,stem cell population maintenance,maintenance of cell number
GO:0032386,24,GO:0051049,0.842,10.01572852509063,0,regulation of intracellular transport,regulation of transport
GO:0007281,25,GO:0022412,0.966,9.998965072572327,46,germ cell development,cellular process involved in reproduction in multicellular organism
GO:0048732,44,GO:0048513,0.683,9.993014415354693,0,gland development,animal organ development
GO:0043069,32,GO:0042981,0.916,9.959643852896086,3,negative regulation of programmed cell death,regulation of apoptotic process
GO:0043066,32,GO:0042981,0.938,9.959643852896086,38,negative regulation of apoptotic process,regulation of apoptotic process
GO:0044092,30,GO:0065009,0.862,9.951730209101513,0,negative regulation of molecular function,regulation of molecular function
GO:0007166,4,GO:0023052,0.658,9.951730209101513,11,cell surface receptor signaling pathway,signaling
GO:0043086,30,GO:0065009,0.851,9.951730209101513,21,negative regulation of catalytic activity,regulation of molecular function
GO:0070727,39,GO:0008104,0.971,9.884804269714927,0,cellular macromolecule localization,protein localization
GO:0065003,3,GO:0051128,0.485,9.851627918596318,10,protein-containing complex assembly,regulation of cellular component organization
GO:0007267,4,GO:0023052,0.657,9.82626532470869,14,cell-cell signaling,signaling
GO:0009894,23,GO:0044248,0.698,9.674042197378059,0,regulation of catabolic process,cellular catabolic process
GO:0051649,42,GO:0051641,0.872,9.49574095822796,0,establishment of localization in cell,cellular localization
GO:0046907,42,GO:0051641,0.835,9.49574095822796,8,intracellular transport,cellular localization
GO:0006812,10,GO:0051179,0.571,8.460724359927545,37,cation transport,localization
GO:1901565,23,GO:0044248,0.833,8.451511442352455,3,organonitrogen compound catabolic process,cellular catabolic process
GO:0016567,15,GO:0043412,0.653,8.443583687001459,210,protein ubiquitination,macromolecule modification
GO:0032446,15,GO:0043412,0.668,8.443583687001459,8,protein modification by small protein conjugation,macromolecule modification
GO:0014070,34,GO:0042221,0.603,8.431975596324634,1,response to organic cyclic compound,response to chemical
GO:0001558,31,GO:0040008,0.886,8.402518275734502,2,regulation of cell growth,regulation of growth
GO:0042594,38,GO:0009605,0.668,8.351595229719486,33,response to starvation,response to external stimulus
GO:0010975,27,GO:0022607,0.451,8.349026173876334,2,regulation of neuron projection development,cellular component assembly
GO:0031396,9,GO:0009889,0.389,8.33863197580052,0,regulation of protein ubiquitination,regulation of biosynthetic process
GO:1903320,9,GO:0009889,0.418,8.33863197580052,0,regulation of protein modification by small protein conjugation or removal,regulation of biosynthetic process
GO:0009617,48,GO:0051707,0.884,8.330947633137962,0,response to bacterium,response to other organism
GO:0003008,52,GO:0003008,0.977,8.327300542369311,0,system process,system process
GO:0016310,26,GO:0006793,0.825,8.298486257195806,483,phosphorylation,phosphorus metabolic process
GO:0006468,26,GO:0006793,0.763,8.298486257195806,541,protein phosphorylation,phosphorus metabolic process
GO:0003007,6,GO:0030182,0.462,8.282019184534944,2,heart morphogenesis,neuron differentiation
GO:0006518,49,GO:0043603,0.952,8.282019184534944,9,peptide metabolic process,cellular amide metabolic process
GO:0001944,6,GO:0030182,0.441,8.282019184534944,0,vasculature development,neuron differentiation
GO:0000122,2,GO:0010629,0.73,8.282019184534944,128,negative regulation of transcription by RNA polymerase II,negative regulation of gene expression
GO:0048514,6,GO:0030182,0.441,8.282019184534944,0,blood vessel morphogenesis,neuron differentiation
GO:0001568,6,GO:0030182,0.441,8.282019184534944,0,blood vessel development,neuron differentiation
GO:0048878,14,GO:0042592,0.974,8.258015856966184,0,chemical homeostasis,homeostatic process
GO:0043604,49,GO:0043603,0.936,8.250281128496978,2,amide biosynthetic process,cellular amide metabolic process
GO:0045055,35,GO:0016192,0.723,8.250281128496978,2,regulated exocytosis,vesicle-mediated transport
GO:0006887,35,GO:0016192,0.771,8.250281128496978,40,exocytosis,vesicle-mediated transport
GO:0048589,31,GO:0040008,0.956,8.246865253921854,5,developmental growth,regulation of growth
GO:0040007,31,GO:0040008,0.974,8.246865253921854,0,growth,regulation of growth
GO:0006396,43,GO:0010467,0.66,8.221901173241285,49,RNA processing,gene expression
GO:0022613,27,GO:0022607,0.796,8.20182164953308,0,ribonucleoprotein complex biogenesis,cellular component assembly
GO:0009913,16,GO:0030855,0.955,8.178418567255266,1,epidermal cell differentiation,epithelial cell differentiation
GO:1903530,35,GO:0016192,0.369,8.08935593727005,0,regulation of secretion by cell,vesicle-mediated transport
GO:0051046,35,GO:0016192,0.381,8.08935593727005,2,regulation of secretion,vesicle-mediated transport
GO:0032989,5,GO:0035295,0.394,7.895018312447933,0,cellular component morphogenesis,tube development
GO:0000902,5,GO:0035295,0.393,7.895018312447933,13,cell morphogenesis,tube development
GO:0009791,5,GO:0035295,0.467,7.885432697071189,31,post-embryonic development,tube development
GO:0071417,34,GO:0042221,0.633,7.8536177586961875,0,cellular response to organonitrogen compound,response to chemical
GO:0016477,53,GO:0016477,0.991,7.8536177586961875,61,cell migration,cell migration
GO:1901699,34,GO:0042221,0.641,7.8536177586961875,0,cellular response to nitrogen compound,response to chemical
GO:0048870,53,GO:0016477,0.985,7.8536177586961875,2,cell motility,cell migration
GO:0022604,13,GO:0045595,0.612,7.853099544897841,6,regulation of cell morphogenesis,regulation of cell differentiation
GO:0000075,7,GO:0022402,0.731,7.849040019680967,0,cell cycle checkpoint signaling,cell cycle process
GO:0007093,7,GO:0022402,0.702,7.849040019680967,2,mitotic cell cycle checkpoint signaling,cell cycle process
GO:0030162,9,GO:0009889,0.553,7.8485274206690665,8,regulation of proteolysis,regulation of biosynthetic process
GO:0051338,30,GO:0065009,0.827,7.8485274206690665,1,regulation of transferase activity,regulation of molecular function
GO:0032870,17,GO:0051716,0.437,7.835821078194872,0,cellular response to hormone stimulus,cellular response to stimulus
GO:0033157,24,GO:0051049,0.748,7.835821078194872,0,regulation of intracellular protein transport,regulation of transport
GO:0044770,7,GO:0022402,0.783,7.835821078194872,1,cell cycle phase transition,cell cycle process
GO:0009798,6,GO:0030182,0.449,7.827439644102758,0,axis specification,neuron differentiation
GO:0030177,4,GO:0023052,0.418,7.827439644102758,4,positive regulation of Wnt signaling pathway,signaling
GO:0007420,5,GO:0035295,0.304,7.8272739925413015,3,brain development,tube development
GO:0060322,5,GO:0035295,0.27,7.8272739925413015,0,head development,tube development
GO:0031329,23,GO:0044248,0.74,7.823082442218403,0,regulation of cellular catabolic process,cellular catabolic process
GO:0048638,31,GO:0040008,0.972,7.814945386750232,0,regulation of developmental growth,regulation of growth
GO:0016055,4,GO:0023052,0.538,7.790607175519367,49,Wnt signaling pathway,signaling
GO:1905114,4,GO:0023052,0.55,7.790607175519367,0,cell surface receptor signaling pathway involved in cell-cell signaling,signaling
GO:0198738,4,GO:0023052,0.54,7.790607175519367,0,cell-cell signaling by wnt,signaling
GO:0048477,25,GO:0022412,0.934,7.755318598343085,54,oogenesis,cellular process involved in reproduction in multicellular organism
GO:0032984,3,GO:0051128,0.406,7.693377276512741,0,protein-containing complex disassembly,regulation of cellular component organization
GO:0022411,3,GO:0051128,0.439,7.693377276512741,0,cellular component disassembly,regulation of cellular component organization
GO:0001708,41,GO:0045165,0.958,7.685793083303985,91,cell fate specification,cell fate commitment
GO:0051640,54,GO:0051640,0.99,7.640320848588385,4,organelle localization,organelle localization
GO:0051656,54,GO:0051640,0.955,7.640320848588385,0,establishment of organelle localization,organelle localization
GO:0042176,23,GO:0044248,0.629,7.534473626009019,7,regulation of protein catabolic process,cellular catabolic process
GO:0045184,39,GO:0008104,0.903,7.394951272755506,5,establishment of protein localization,protein localization
GO:0015031,39,GO:0008104,0.898,7.394951272755506,212,protein transport,protein localization
GO:0042886,18,GO:0090087,0.903,7.394951272755506,0,amide transport,regulation of peptide transport
GO:0015833,18,GO:0090087,0.924,7.394951272755506,7,peptide transport,regulation of peptide transport
GO:0071396,34,GO:0042221,0.416,6.2786771915544035,0,cellular response to lipid,response to chemical
GO:0006629,55,GO:0006629,0.967,6.265682425989824,231,lipid metabolic process,lipid metabolic process
GO:0006511,23,GO:0044248,0.813,6.257054219928461,118,ubiquitin-dependent protein catabolic process,cellular catabolic process
GO:0030163,23,GO:0044248,0.792,6.257054219928461,26,protein catabolic process,cellular catabolic process
GO:0043632,23,GO:0044248,0.82,6.257054219928461,0,modification-dependent macromolecule catabolic process,cellular catabolic process
GO:0051603,23,GO:0044248,0.776,6.257054219928461,53,proteolysis involved in protein catabolic process,cellular catabolic process
GO:0019941,23,GO:0044248,0.815,6.257054219928461,6,modification-dependent protein catabolic process,cellular catabolic process
GO:0071407,34,GO:0042221,0.598,6.236183285495052,0,cellular response to organic cyclic compound,response to chemical
GO:0006259,21,GO:0044260,0.751,6.217255087666637,12,DNA metabolic process,cellular macromolecule metabolic process
GO:0071496,38,GO:0009605,0.629,6.213475291459442,0,cellular response to external stimulus,response to external stimulus
GO:0006325,3,GO:0051128,0.447,6.213475291459442,68,chromatin organization,regulation of cellular component organization
GO:0009410,34,GO:0042221,0.606,6.213475291459442,28,response to xenobiotic stimulus,response to chemical
GO:0031668,38,GO:0009605,0.627,6.213475291459442,1,cellular response to extracellular stimulus,response to external stimulus
GO:0031669,38,GO:0009605,0.622,6.213475291459442,0,cellular response to nutrient levels,response to external stimulus
GO:0009267,38,GO:0009605,0.622,6.213475291459442,6,cellular response to starvation,response to external stimulus
GO:0010259,56,GO:0010259,1,6.203818843929804,2,multicellular organism aging,multicellular organism aging
GO:0008340,46,GO:0032501,0.464,6.203818843929804,298,determination of adult lifespan,multicellular organismal process
GO:0007568,56,GO:0010259,0.871,6.203818843929804,17,aging,multicellular organism aging
GO:0006082,47,GO:0044281,0.864,6.199147615179989,39,organic acid metabolic process,small molecule metabolic process
GO:0019752,47,GO:0044281,0.858,6.199147615179989,13,carboxylic acid metabolic process,small molecule metabolic process
GO:0043436,47,GO:0044281,0.859,6.199147615179989,0,oxoacid metabolic process,small molecule metabolic process
GO:0051962,20,GO:0051960,0.955,6.18547401651828,0,positive regulation of nervous system development,regulation of nervous system development
GO:0010720,13,GO:0045595,0.88,6.18547401651828,0,positive regulation of cell development,regulation of cell differentiation
GO:0009314,8,GO:0009628,0.839,6.183687762570921,2,response to radiation,response to abiotic stimulus
GO:0050776,33,GO:0002376,0.754,6.17057608836531,0,regulation of immune response,immune system process
GO:0031570,7,GO:0022402,0.703,6.160227378469924,0,DNA integrity checkpoint signaling,cell cycle process
GO:0000077,1,GO:0010646,0.379,6.160227378469924,18,DNA damage checkpoint signaling,regulation of cell communication
GO:0044773,7,GO:0022402,0.638,6.160227378469924,3,mitotic DNA damage checkpoint signaling,cell cycle process
GO:0044774,7,GO:0022402,0.663,6.160227378469924,0,mitotic DNA integrity checkpoint signaling,cell cycle process
GO:0031397,9,GO:0009889,0.347,6.158624283574032,1,negative regulation of protein ubiquitination,regulation of biosynthetic process
GO:1903321,9,GO:0009889,0.358,6.158624283574032,0,negative regulation of protein modification by small protein conjugation or removal,regulation of biosynthetic process
GO:0032259,57,GO:0032259,0.992,6.152707900664692,101,methylation,methylation
GO:0043414,57,GO:0032259,0.954,6.152707900664692,1,macromolecule methylation,methylation
GO:1900180,24,GO:0051049,0.701,6.145036942953175,2,regulation of protein localization to nucleus,regulation of transport
GO:0046822,24,GO:0051049,0.696,6.145036942953175,0,regulation of nucleocytoplasmic transport,regulation of transport
GO:0010817,14,GO:0042592,0.566,6.145036942953175,0,regulation of hormone levels,homeostatic process
GO:0042306,24,GO:0051049,0.689,6.145036942953175,0,regulation of protein import into nucleus,regulation of transport
GO:1904951,24,GO:0051049,0.704,6.145036942953175,3,positive regulation of establishment of protein localization,regulation of transport
GO:0051222,24,GO:0051049,0.762,6.145036942953175,1,positive regulation of protein transport,regulation of transport
GO:0016071,36,GO:1901360,0.549,6.144151499185364,5,mRNA metabolic process,organic cyclic compound metabolic process
GO:0090596,44,GO:0048513,0.714,6.139415629564089,0,sensory organ morphogenesis,animal organ development
GO:0090263,4,GO:0023052,0.406,6.139415629564089,12,positive regulation of canonical Wnt signaling pathway,signaling
GO:2000134,7,GO:0022402,0.566,6.139415629564089,4,negative regulation of G1/S transition of mitotic cell cycle,cell cycle process
GO:2000045,7,GO:0022402,0.588,6.139415629564089,0,regulation of G1/S transition of mitotic cell cycle,cell cycle process
GO:1902806,7,GO:0022402,0.62,6.139415629564089,4,regulation of cell cycle G1/S phase transition,cell cycle process
GO:0007517,13,GO:0045595,0.296,6.139415629564089,20,muscle organ development,regulation of cell differentiation
GO:0080134,28,GO:0048583,0.84,6.139415629564089,0,regulation of response to stress,regulation of response to stimulus
GO:0061061,13,GO:0045595,0.329,6.139415629564089,4,muscle structure development,regulation of cell differentiation
GO:0060537,16,GO:0030855,0.549,6.139415629564089,1,muscle tissue development,epithelial cell differentiation
GO:0050773,27,GO:0022607,0.371,6.139415629564089,0,regulation of dendrite development,cellular component assembly
GO:1902807,7,GO:0022402,0.588,6.139415629564089,3,negative regulation of cell cycle G1/S phase transition,cell cycle process
GO:0048592,44,GO:0048513,0.548,6.139415629564089,0,eye morphogenesis,animal organ development
GO:0031647,14,GO:0042592,0.586,6.139415629564089,19,regulation of protein stability,homeostatic process
GO:0031347,28,GO:0048583,0.69,6.139415629564089,0,regulation of defense response,regulation of response to stimulus
GO:0046700,23,GO:0044248,0.804,6.122752059821445,0,heterocycle catabolic process,cellular catabolic process
GO:1901361,23,GO:0044248,0.75,6.122752059821445,0,organic cyclic compound catabolic process,cellular catabolic process
GO:0034655,23,GO:0044248,0.795,6.122752059821445,1,nucleobase-containing compound catabolic process,cellular catabolic process
GO:0019439,23,GO:0044248,0.809,6.122752059821445,2,aromatic compound catabolic process,cellular catabolic process
GO:0044270,23,GO:0044248,0.803,6.122752059821445,0,cellular nitrogen compound catabolic process,cellular catabolic process
GO:1903532,35,GO:0016192,0.335,6.101503867549992,0,positive regulation of secretion by cell,vesicle-mediated transport
GO:0051047,35,GO:0016192,0.347,6.101503867549992,0,positive regulation of secretion,vesicle-mediated transport
GO:0071826,3,GO:0051128,0.419,6.100662687226159,0,ribonucleoprotein complex subunit organization,regulation of cellular component organization
GO:0016331,16,GO:0030855,0.794,6.09773711971045,15,morphogenesis of embryonic epithelium,epithelial cell differentiation
GO:0072331,1,GO:0010646,0.359,6.09773711971045,0,signal transduction by p53 class mediator,regulation of cell communication
GO:0055085,10,GO:0051179,0.642,6.081200684742453,462,transmembrane transport,localization
GO:0043043,49,GO:0043603,0.926,6.076641581005485,0,peptide biosynthetic process,cellular amide metabolic process
GO:0061919,58,GO:0061919,0.994,6.076641581005485,0,process utilizing autophagic mechanism,process utilizing autophagic mechanism
GO:0016236,58,GO:0061919,0.917,6.076641581005485,15,macroautophagy,process utilizing autophagic mechanism
GO:0006412,49,GO:0043603,0.924,6.076641581005485,238,translation,cellular amide metabolic process
GO:0006914,58,GO:0061919,0.994,6.076641581005485,61,autophagy,process utilizing autophagic mechanism
GO:0006352,12,GO:0006355,0.602,6.049345305195867,18,DNA-templated transcription initiation,regulation of DNA-templated transcription
GO:0006367,12,GO:0006355,0.564,6.049345305195867,28,transcription initiation at RNA polymerase II promoter,regulation of DNA-templated transcription
GO:0070925,27,GO:0022607,0.866,6.003966875290376,0,organelle assembly,cellular component assembly
GO:0051051,24,GO:0051049,0.797,5.951153390487556,0,negative regulation of transport,regulation of transport
GO:0048193,35,GO:0016192,0.782,5.813642162030419,6,Golgi vesicle transport,vesicle-mediated transport
GO:0051345,30,GO:0065009,0.791,5.791562584053458,1,positive regulation of hydrolase activity,regulation of molecular function
GO:0030856,16,GO:0030855,0.903,5.785222405593018,1,regulation of epithelial cell differentiation,epithelial cell differentiation
GO:0042303,46,GO:0032501,0.418,5.76673233197648,4,molting cycle,multicellular organismal process
GO:0050678,29,GO:0008283,0.73,5.750571750807293,0,regulation of epithelial cell proliferation,cell population proliferation
GO:0043434,34,GO:0042221,0.556,5.736397455186996,0,response to peptide hormone,response to chemical
GO:0045926,31,GO:0040008,0.827,5.736397455186996,0,negative regulation of growth,regulation of growth
GO:1901652,34,GO:0042221,0.556,5.736397455186996,0,response to peptide,response to chemical
GO:2000145,53,GO:0016477,0.895,5.732396909254926,0,regulation of cell motility,cell migration
GO:0000904,5,GO:0035295,0.386,5.732396909254926,0,cell morphogenesis involved in differentiation,tube development
GO:0040012,50,GO:0040011,0.894,5.732396909254926,49,regulation of locomotion,locomotion
GO:0030334,53,GO:0016477,0.9,5.732396909254926,65,regulation of cell migration,cell migration
GO:0090090,4,GO:0023052,0.425,5.732396909254926,19,negative regulation of canonical Wnt signaling pathway,signaling
GO:0030178,4,GO:0023052,0.44,5.732396909254926,8,negative regulation of Wnt signaling pathway,signaling
GO:0002164,5,GO:0035295,0.463,5.732396909254926,6,larval development,tube development
GO:1903829,24,GO:0051049,0.772,5.725513867621944,1,positive regulation of protein localization,regulation of transport
GO:0043010,44,GO:0048513,0.548,5.71858335480993,0,camera-type eye development,animal organ development
GO:0048568,44,GO:0048513,0.744,5.71858335480993,3,embryonic organ development,animal organ development
GO:0010721,13,GO:0045595,0.834,5.71858335480993,0,negative regulation of cell development,regulation of cell differentiation
GO:0007017,59,GO:0007017,0.983,5.716288810487605,41,microtubule-based process,microtubule-based process
GO:0010563,9,GO:0009889,0.465,5.716288810487605,0,negative regulation of phosphorus metabolic process,regulation of biosynthetic process
GO:0001933,9,GO:0009889,0.438,5.716288810487605,8,negative regulation of protein phosphorylation,regulation of biosynthetic process
GO:0019220,9,GO:0009889,0.549,5.716288810487605,0,regulation of phosphate metabolic process,regulation of biosynthetic process
GO:0045936,9,GO:0009889,0.465,5.716288810487605,0,negative regulation of phosphate metabolic process,regulation of biosynthetic process
GO:0001932,9,GO:0009889,0.515,5.716288810487605,2,regulation of protein phosphorylation,regulation of biosynthetic process
GO:0033673,30,GO:0065009,0.694,5.716288810487605,0,negative regulation of kinase activity,regulation of molecular function
GO:0042326,9,GO:0009889,0.442,5.716288810487605,2,negative regulation of phosphorylation,regulation of biosynthetic process
GO:0006469,30,GO:0065009,0.691,5.716288810487605,7,negative regulation of protein kinase activity,regulation of molecular function
GO:0007492,16,GO:0030855,0.691,5.716288810487605,5,endoderm development,epithelial cell differentiation
GO:0043549,30,GO:0065009,0.822,5.716288810487605,0,regulation of kinase activity,regulation of molecular function
GO:0051174,9,GO:0009889,0.549,5.716288810487605,0,regulation of phosphorus metabolic process,regulation of biosynthetic process
GO:0044087,27,GO:0022607,0.715,5.716288810487605,3,regulation of cellular component biogenesis,cellular component assembly
GO:0042325,9,GO:0009889,0.534,5.716288810487605,1,regulation of phosphorylation,regulation of biosynthetic process
GO:0007010,3,GO:0051128,0.519,5.716288810487605,17,cytoskeleton organization,regulation of cellular component organization
GO:0071901,30,GO:0065009,0.655,5.716288810487605,0,negative regulation of protein serine/threonine kinase activity,regulation of molecular function
GO:0071900,30,GO:0065009,0.749,5.716288810487605,1,regulation of protein serine/threonine kinase activity,regulation of molecular function
GO:1903050,9,GO:0009889,0.467,5.716288810487605,0,regulation of proteolysis involved in protein catabolic process,regulation of biosynthetic process
GO:2000058,9,GO:0009889,0.453,5.716288810487605,0,regulation of ubiquitin-dependent protein catabolic process,regulation of biosynthetic process
GO:0051348,30,GO:0065009,0.697,5.716288810487605,0,negative regulation of transferase activity,regulation of molecular function
GO:0045859,9,GO:0009889,0.492,5.716288810487605,2,regulation of protein kinase activity,regulation of biosynthetic process
GO:0043254,27,GO:0022607,0.705,5.716288810487605,0,regulation of protein-containing complex assembly,cellular component assembly
GO:0000226,59,GO:0007017,0.934,5.716288810487605,48,microtubule cytoskeleton organization,microtubule-based process
GO:0044772,7,GO:0022402,0.74,5.702329836342843,11,mitotic cell cycle phase transition,cell cycle process
GO:2000027,13,GO:0045595,0.612,5.695224345184459,0,regulation of animal organ morphogenesis,regulation of cell differentiation
GO:0051493,3,GO:0051128,0.813,5.693995465648262,4,regulation of cytoskeleton organization,regulation of cellular component organization
GO:0048546,5,GO:0035295,0.919,5.693219159176617,4,digestive tract morphogenesis,tube development
GO:0060070,4,GO:0023052,0.489,5.693219159176617,33,canonical Wnt signaling pathway,signaling
GO:0055123,6,GO:0030182,0.649,5.693219159176617,0,digestive system development,neuron differentiation
GO:0048565,6,GO:0030182,0.649,5.693219159176617,2,digestive tract development,neuron differentiation
GO:0030030,27,GO:0022607,0.542,5.645639353032213,31,cell projection organization,cellular component assembly
GO:0120036,27,GO:0022607,0.537,5.645639353032213,1,plasma membrane bounded cell projection organization,cellular component assembly
GO:0009952,6,GO:0030182,0.442,5.6359175861161255,25,anterior/posterior pattern specification,neuron differentiation
GO:0006886,39,GO:0008104,0.837,5.628033743534633,121,intracellular protein transport,protein localization
GO:0009896,23,GO:0044248,0.67,5.460148141052034,0,positive regulation of catabolic process,cellular catabolic process
GO:0045732,23,GO:0044248,0.611,5.460148141052034,11,positive regulation of protein catabolic process,cellular catabolic process
GO:0050778,33,GO:0002376,0.708,4.10777784250632,0,positive regulation of immune response,immune system process
GO:0002684,33,GO:0002376,0.708,4.10777784250632,0,positive regulation of immune system process,immune system process
GO:0002237,48,GO:0051707,0.549,4.094333875080512,0,response to molecule of bacterial origin,response to other organism
GO:0098662,10,GO:0051179,0.512,4.094333875080512,4,inorganic cation transmembrane transport,localization
GO:0034220,10,GO:0051179,0.583,4.094333875080512,255,ion transmembrane transport,localization
GO:0098655,10,GO:0051179,0.523,4.094333875080512,50,cation transmembrane transport,localization
GO:0030001,10,GO:0051179,0.539,4.094333875080512,17,metal ion transport,localization
GO:0098660,10,GO:0051179,0.527,4.094333875080512,0,inorganic ion transmembrane transport,localization
GO:1903046,7,GO:0022402,0.833,4.088768973212733,0,meiotic cell cycle process,cell cycle process
GO:0051321,7,GO:0022402,0.772,4.088768973212733,111,meiotic cell cycle,cell cycle process
GO:0061982,7,GO:0022402,0.742,4.088768973212733,0,meiosis I cell cycle process,cell cycle process
GO:0043161,23,GO:0044248,0.768,4.087017338442473,75,proteasome-mediated ubiquitin-dependent protein catabolic process,cellular catabolic process
GO:0044255,55,GO:0006629,0.913,4.087017338442473,13,cellular lipid metabolic process,lipid metabolic process
GO:0010498,23,GO:0044248,0.724,4.087017338442473,16,proteasomal protein catabolic process,cellular catabolic process
GO:0071345,34,GO:0042221,0.479,4.086665048967228,0,cellular response to cytokine stimulus,response to chemical
GO:0034097,34,GO:0042221,0.479,4.086665048967228,0,response to cytokine,response to chemical
GO:0006298,21,GO:0044260,0.47,4.0844464433427135,16,mismatch repair,cellular macromolecule metabolic process
GO:0006281,40,GO:0006974,0.939,4.0844464433427135,142,DNA repair,cellular response to DNA damage stimulus
GO:0045661,13,GO:0045595,0.654,4.076712592662669,0,regulation of myoblast differentiation,regulation of cell differentiation
GO:0010038,34,GO:0042221,0.656,4.076712592662669,10,response to metal ion,response to chemical
GO:0060191,30,GO:0065009,0.575,4.076712592662669,0,regulation of lipase activity,regulation of molecular function
GO:0071241,34,GO:0042221,0.583,4.076712592662669,0,cellular response to inorganic substance,response to chemical
GO:0046688,34,GO:0042221,0.544,4.076712592662669,7,response to copper ion,response to chemical
GO:0008610,55,GO:0006629,0.846,4.076712592662669,13,lipid biosynthetic process,lipid metabolic process
GO:0010035,34,GO:0042221,0.683,4.076712592662669,10,response to inorganic substance,response to chemical
GO:0071466,34,GO:0042221,0.573,4.076712592662669,0,cellular response to xenobiotic stimulus,response to chemical
GO:0015695,10,GO:0051179,0.36,4.076712592662669,1,organic cation transport,localization
GO:0045663,13,GO:0045595,0.654,4.076712592662669,1,positive regulation of myoblast differentiation,regulation of cell differentiation
GO:0032101,28,GO:0048583,0.842,4.076712592662669,0,regulation of response to external stimulus,regulation of response to stimulus
GO:0071248,34,GO:0042221,0.573,4.076712592662669,4,cellular response to metal ion,response to chemical
GO:0006805,34,GO:0042221,0.573,4.076712592662669,41,xenobiotic metabolic process,response to chemical
GO:1901615,60,GO:1901615,0.995,4.076712592662669,0,organic hydroxy compound metabolic process,organic hydroxy compound metabolic process
GO:0050878,14,GO:0042592,0.528,4.076712592662669,0,regulation of body fluid levels,homeostatic process
GO:0048545,34,GO:0042221,0.416,4.076712592662669,0,response to steroid hormone,response to chemical
GO:0008630,32,GO:0042981,0.726,4.069391894424698,7,intrinsic apoptotic signaling pathway in response to DNA damage,regulation of apoptotic process
GO:0097190,32,GO:0042981,0.773,4.069391894424698,6,apoptotic signaling pathway,regulation of apoptotic process
GO:0008219,32,GO:0042981,0.869,4.069391894424698,16,cell death,regulation of apoptotic process
GO:0097193,32,GO:0042981,0.744,4.069391894424698,1,intrinsic apoptotic signaling pathway,regulation of apoptotic process
GO:0006915,32,GO:0042981,0.913,4.069391894424698,73,apoptotic process,regulation of apoptotic process
GO:0012501,32,GO:0042981,0.885,4.069391894424698,39,programmed cell death,regulation of apoptotic process
GO:0006890,35,GO:0016192,0.638,4.06429975756596,22,"retrograde vesicle-mediated transport, Golgi to endoplasmic reticulum",vesicle-mediated transport
GO:0019216,55,GO:0006629,0.642,4.061088401273107,7,regulation of lipid metabolic process,lipid metabolic process
GO:0001525,6,GO:0030182,0.441,4.061088401273107,0,angiogenesis,neuron differentiation
GO:0001763,5,GO:0035295,0.261,4.061088401273107,0,morphogenesis of a branching structure,tube development
GO:0061458,6,GO:0030182,0.695,4.061088401273107,0,reproductive system development,neuron differentiation
GO:0048644,13,GO:0045595,0.253,4.061088401273107,6,muscle organ morphogenesis,regulation of cell differentiation
GO:0030522,1,GO:0010646,0.396,4.061088401273107,64,intracellular receptor signaling pathway,regulation of cell communication
GO:0051961,20,GO:0051960,0.907,4.061088401273107,0,negative regulation of nervous system development,regulation of nervous system development
GO:0009755,17,GO:0051716,0.389,4.061088401273107,12,hormone-mediated signaling pathway,cellular response to stimulus
GO:0048608,6,GO:0030182,0.695,4.061088401273107,0,reproductive structure development,neuron differentiation
GO:0008015,52,GO:0003008,0.515,4.061088401273107,0,blood circulation,system process
GO:0010469,1,GO:0010646,0.657,4.061088401273107,0,regulation of signaling receptor activity,regulation of cell communication
GO:0050769,20,GO:0051960,0.921,4.061088401273107,1,positive regulation of neurogenesis,regulation of nervous system development
GO:0003013,52,GO:0003008,0.515,4.061088401273107,0,circulatory system process,system process
GO:0032388,24,GO:0051049,0.814,4.061088401273107,0,positive regulation of intracellular transport,regulation of transport
GO:0050768,20,GO:0051960,0.899,4.061088401273107,0,negative regulation of neurogenesis,regulation of nervous system development
GO:0061138,5,GO:0035295,0.243,4.061088401273107,1,morphogenesis of a branching epithelium,tube development
GO:0021700,41,GO:0045165,0.321,4.06105523580041,0,developmental maturation,cell fate commitment
GO:0022618,3,GO:0051128,0.418,4.060229580305961,2,ribonucleoprotein complex assembly,regulation of cellular component organization
GO:0031099,6,GO:0030182,0.373,4.056194806130328,0,regeneration,neuron differentiation
GO:0071331,34,GO:0042221,0.453,4.056194806130328,0,cellular response to hexose stimulus,response to chemical
GO:0048639,31,GO:0040008,0.897,4.056194806130328,3,positive regulation of developmental growth,regulation of growth
GO:0009749,34,GO:0042221,0.453,4.056194806130328,0,response to glucose,response to chemical
GO:0006415,3,GO:0051128,0.337,4.056194806130328,5,translational termination,regulation of cellular component organization
GO:0042770,1,GO:0010646,0.389,4.056194806130328,2,signal transduction in response to DNA damage,regulation of cell communication
GO:0050821,14,GO:0042592,0.542,4.056194806130328,14,protein stabilization,homeostatic process
GO:0048814,27,GO:0022607,0.37,4.056194806130328,15,regulation of dendrite morphogenesis,cellular component assembly
GO:0034250,49,GO:0043603,0.654,4.056194806130328,0,positive regulation of cellular amide metabolic process,cellular amide metabolic process
GO:0090317,24,GO:0051049,0.648,4.056194806130328,0,negative regulation of intracellular protein transport,regulation of transport
GO:0010608,9,GO:0009889,0.567,4.056194806130328,17,post-transcriptional regulation of gene expression,regulation of biosynthetic process
GO:0050796,14,GO:0042592,0.47,4.056194806130328,0,regulation of insulin secretion,homeostatic process
GO:0071326,34,GO:0042221,0.453,4.056194806130328,0,cellular response to monosaccharide stimulus,response to chemical
GO:0071322,34,GO:0042221,0.453,4.056194806130328,0,cellular response to carbohydrate stimulus,response to chemical
GO:0045727,49,GO:0043603,0.65,4.056194806130328,15,positive regulation of translation,cellular amide metabolic process
GO:0010001,6,GO:0030182,0.582,4.056194806130328,0,glial cell differentiation,neuron differentiation
GO:0009886,5,GO:0035295,0.346,4.056194806130328,2,post-embryonic animal morphogenesis,tube development
GO:0071333,34,GO:0042221,0.453,4.056194806130328,3,cellular response to glucose stimulus,response to chemical
GO:0019637,26,GO:0006793,0.755,4.056194806130328,0,organophosphate metabolic process,phosphorus metabolic process
GO:2000758,9,GO:0009889,0.358,4.056194806130328,0,positive regulation of peptidyl-lysine acetylation,regulation of biosynthetic process
GO:0090276,14,GO:0042592,0.47,4.056194806130328,0,regulation of peptide hormone secretion,homeostatic process
GO:0046883,14,GO:0042592,0.483,4.056194806130328,1,regulation of hormone secretion,homeostatic process
GO:0006417,49,GO:0043603,0.783,4.056194806130328,52,regulation of translation,cellular amide metabolic process
GO:0001666,8,GO:0009628,0.766,4.056194806130328,31,response to hypoxia,response to abiotic stimulus
GO:1904950,24,GO:0051049,0.642,4.056194806130328,1,negative regulation of establishment of protein localization,regulation of transport
GO:0000086,7,GO:0022402,0.641,4.056194806130328,2,G2/M transition of mitotic cell cycle,cell cycle process
GO:0009743,34,GO:0042221,0.453,4.056194806130328,0,response to carbohydrate,response to chemical
GO:0051224,24,GO:0051049,0.696,4.056194806130328,0,negative regulation of protein transport,regulation of transport
GO:0045937,9,GO:0009889,0.511,4.056194806130328,0,positive regulation of phosphate metabolic process,regulation of biosynthetic process
GO:1903319,9,GO:0009889,0.379,4.056194806130328,0,positive regulation of protein maturation,regulation of biosynthetic process
GO:0050714,35,GO:0016192,0.298,4.056194806130328,6,positive regulation of protein secretion,vesicle-mediated transport
GO:0036293,8,GO:0009628,0.771,4.056194806130328,0,response to decreased oxygen levels,response to abiotic stimulus
GO:0009746,34,GO:0042221,0.453,4.056194806130328,0,response to hexose,response to chemical
GO:0002791,18,GO:0090087,0.938,4.056194806130328,1,regulation of peptide secretion,regulation of peptide transport
GO:0007059,61,GO:0007059,0.99,4.056194806130328,47,chromosome segregation,chromosome segregation
GO:0000819,61,GO:0007059,0.934,4.056194806130328,3,sister chromatid segregation,chromosome segregation
GO:1903317,9,GO:0009889,0.4,4.056194806130328,0,regulation of protein maturation,regulation of biosynthetic process
GO:0042593,14,GO:0042592,0.732,4.056194806130328,3,glucose homeostasis,homeostatic process
GO:0010769,13,GO:0045595,0.55,4.056194806130328,0,regulation of cell morphogenesis involved in differentiation,regulation of cell differentiation
GO:0045088,33,GO:0002376,0.708,4.056194806130328,3,regulation of innate immune response,immune system process
GO:0034248,49,GO:0043603,0.784,4.056194806130328,0,regulation of cellular amide metabolic process,cellular amide metabolic process
GO:0002793,18,GO:0090087,0.884,4.056194806130328,0,positive regulation of peptide secretion,regulation of peptide transport
GO:0140053,43,GO:0010467,0.442,4.056194806130328,0,mitochondrial gene expression,gene expression
GO:1901983,9,GO:0009889,0.379,4.056194806130328,0,regulation of protein acetylation,regulation of biosynthetic process
GO:0050708,35,GO:0016192,0.314,4.056194806130328,5,regulation of protein secretion,vesicle-mediated transport
GO:0042063,6,GO:0030182,0.61,4.056194806130328,0,gliogenesis,neuron differentiation
GO:0001678,14,GO:0042592,0.716,4.056194806130328,6,cellular glucose homeostasis,homeostatic process
GO:0050804,4,GO:0023052,0.522,4.056194806130328,11,modulation of chemical synaptic transmission,signaling
GO:0072175,5,GO:0035295,0.702,4.056194806130328,0,epithelial tube formation,tube development
GO:0055082,14,GO:0042592,0.921,4.056194806130328,0,cellular chemical homeostasis,homeostatic process
GO:0051606,17,GO:0051716,0.403,4.056194806130328,0,detection of stimulus,cellular response to stimulus
GO:0046887,14,GO:0042592,0.449,4.056194806130328,0,positive regulation of hormone secretion,homeostatic process
GO:0035148,5,GO:0035295,0.767,4.056194806130328,2,tube formation,tube development
GO:0034284,34,GO:0042221,0.453,4.056194806130328,0,response to monosaccharide,response to chemical
GO:0033500,14,GO:0042592,0.732,4.056194806130328,0,carbohydrate homeostasis,homeostatic process
GO:0021782,6,GO:0030182,0.518,4.056194806130328,1,glial cell development,neuron differentiation
GO:1903828,24,GO:0051049,0.701,4.056194806130328,0,negative regulation of protein localization,regulation of transport
GO:0046823,24,GO:0051049,0.648,4.056194806130328,0,negative regulation of nucleocytoplasmic transport,regulation of transport
GO:0032387,24,GO:0051049,0.713,4.056194806130328,0,negative regulation of intracellular transport,regulation of transport
GO:0051147,13,GO:0045595,0.808,4.056194806130328,0,regulation of muscle cell differentiation,regulation of cell differentiation
GO:0044839,7,GO:0022402,0.644,4.056194806130328,0,cell cycle G2/M phase transition,cell cycle process
GO:0098813,61,GO:0007059,0.973,4.056194806130328,3,nuclear chromosome segregation,chromosome segregation
GO:0006952,40,GO:0006974,0.646,4.056194806130328,6,defense response,cellular response to DNA damage stimulus
GO:0001667,53,GO:0016477,0.782,4.056194806130328,0,ameboidal-type cell migration,cell migration
GO:2000756,9,GO:0009889,0.379,4.056194806130328,0,regulation of peptidyl-lysine acetylation,regulation of biosynthetic process
GO:1901985,9,GO:0009889,0.358,4.056194806130328,0,positive regulation of protein acetylation,regulation of biosynthetic process
GO:0090277,18,GO:0090087,0.884,4.056194806130328,0,positive regulation of peptide hormone secretion,regulation of peptide transport
GO:0070482,8,GO:0009628,0.803,4.056194806130328,20,response to oxygen levels,response to abiotic stimulus
GO:0032024,18,GO:0090087,0.884,4.056194806130328,1,positive regulation of insulin secretion,regulation of peptide transport
GO:0030330,1,GO:0010646,0.341,4.056194806130328,0,"DNA damage response, signal transduction by p53 class mediator",regulation of cell communication
GO:1900181,24,GO:0051049,0.647,4.056194806130328,7,negative regulation of protein localization to nucleus,regulation of transport
GO:0042308,24,GO:0051049,0.648,4.056194806130328,3,negative regulation of protein import into nucleus,regulation of transport
GO:0018193,15,GO:0043412,0.72,4.056194806130328,1,peptidyl-amino acid modification,macromolecule modification
GO:1901657,62,GO:1901657,0.999,4.056194806130328,0,glycosyl compound metabolic process,glycosyl compound metabolic process
GO:1901135,62,GO:1901657,0.689,4.056194806130328,2,carbohydrate derivative metabolic process,glycosyl compound metabolic process
GO:0055086,47,GO:0044281,0.817,4.056194806130328,2,nucleobase-containing small molecule metabolic process,small molecule metabolic process
GO:0045927,31,GO:0040008,0.925,4.056194806130328,1,positive regulation of growth,regulation of growth
GO:0010562,9,GO:0009889,0.511,4.056194806130328,0,positive regulation of phosphorus metabolic process,regulation of biosynthetic process
GO:0007610,63,GO:0007610,0.977,4.056194806130328,18,behavior,behavior
GO:0099177,4,GO:0023052,0.522,4.056194806130328,0,regulation of trans-synaptic signaling,signaling
GO:1901214,32,GO:0042981,0.822,4.04480398239,2,regulation of neuron death,regulation of apoptotic process
GO:1901215,32,GO:0042981,0.767,4.04480398239,8,negative regulation of neuron death,regulation of apoptotic process
GO:0048663,41,GO:0045165,0.759,4.044201068801997,0,neuron fate commitment,cell fate commitment
GO:0060538,13,GO:0045595,0.25,4.044201068801997,0,skeletal muscle organ development,regulation of cell differentiation
GO:0048665,41,GO:0045165,0.743,4.044201068801997,17,neuron fate specification,cell fate commitment
GO:0006401,23,GO:0044248,0.763,4.0411270506578845,16,RNA catabolic process,cellular catabolic process
GO:0015931,18,GO:0090087,0.508,4.016400177416627,0,nucleobase-containing compound transport,regulation of peptide transport
GO:0050658,39,GO:0008104,0.656,4.016400177416627,10,RNA transport,protein localization
GO:0051236,39,GO:0008104,0.656,4.016400177416627,0,establishment of RNA localization,protein localization
GO:0006403,39,GO:0008104,0.659,4.016400177416627,0,RNA localization,protein localization
GO:0050657,18,GO:0090087,0.49,4.016400177416627,0,nucleic acid transport,regulation of peptide transport
GO:0051346,30,GO:0065009,0.826,4.016400177416627,0,negative regulation of hydrolase activity,regulation of molecular function
GO:0006836,10,GO:0051179,0.424,3.9898391014254186,21,neurotransmitter transport,localization
GO:0034660,36,GO:1901360,0.564,3.9875083204792943,2,ncRNA metabolic process,organic cyclic compound metabolic process
GO:0009451,36,GO:1901360,0.471,3.9875083204792943,11,RNA modification,organic cyclic compound metabolic process
GO:0034470,36,GO:1901360,0.536,3.9875083204792943,5,ncRNA processing,organic cyclic compound metabolic process
GO:0042254,27,GO:0022607,0.773,3.9678606134638743,50,ribosome biogenesis,cellular component assembly
GO:0046661,25,GO:0022412,0.594,3.946508066832129,0,male sex differentiation,cellular process involved in reproduction in multicellular organism
GO:0007548,25,GO:0022412,0.646,3.946508066832129,41,sex differentiation,cellular process involved in reproduction in multicellular organism
GO:0099504,35,GO:0016192,0.721,3.928919915272751,0,synaptic vesicle cycle,vesicle-mediated transport
GO:0099003,35,GO:0016192,0.721,3.928919915272751,0,vesicle-mediated transport in synapse,vesicle-mediated transport
GO:0060627,24,GO:0051049,0.886,3.928919915272751,1,regulation of vesicle-mediated transport,regulation of transport
GO:0030100,24,GO:0051049,0.839,3.928919915272751,7,regulation of endocytosis,regulation of transport
GO:0001505,14,GO:0042592,0.658,3.928919915272751,2,regulation of neurotransmitter levels,homeostatic process
GO:0042335,6,GO:0030182,0.433,3.7181920255485204,6,cuticle development,neuron differentiation
GO:0048667,5,GO:0035295,0.439,3.7181920255485204,0,cell morphogenesis involved in neuron differentiation,tube development
GO:0040017,50,GO:0040011,0.796,3.7181920255485204,70,positive regulation of locomotion,locomotion
GO:0035017,6,GO:0030182,0.325,3.7181920255485204,2,cuticle pattern formation,neuron differentiation
GO:0048666,6,GO:0030182,0.964,3.7181920255485204,28,neuron development,neuron differentiation
GO:0035282,6,GO:0030182,0.412,3.7181920255485204,0,segmentation,neuron differentiation
GO:0007409,5,GO:0035295,0.436,3.7181920255485204,10,axonogenesis,tube development
GO:2000147,53,GO:0016477,0.811,3.7181920255485204,2,positive regulation of cell motility,cell migration
GO:0031346,27,GO:0022607,0.418,3.7181920255485204,0,positive regulation of cell projection organization,cellular component assembly
GO:0030335,53,GO:0016477,0.81,3.7181920255485204,7,positive regulation of cell migration,cell migration
GO:0120039,5,GO:0035295,0.387,3.7181920255485204,0,plasma membrane bounded cell projection morphogenesis,tube development
GO:0009880,6,GO:0030182,0.427,3.7181920255485204,17,embryonic pattern specification,neuron differentiation
GO:0007350,6,GO:0030182,0.412,3.7181920255485204,0,blastoderm segmentation,neuron differentiation
GO:0061564,6,GO:0030182,0.932,3.7181920255485204,3,axon development,neuron differentiation
GO:0032990,5,GO:0035295,0.389,3.7181920255485204,0,cell part morphogenesis,tube development
GO:0031175,6,GO:0030182,0.953,3.7181920255485204,11,neuron projection development,neuron differentiation
GO:0048858,5,GO:0035295,0.388,3.7181920255485204,12,cell projection morphogenesis,tube development
GO:0048812,5,GO:0035295,0.442,3.7181920255485204,15,neuron projection morphogenesis,tube development
GO:0007367,6,GO:0030182,0.342,3.7181920255485204,4,segment polarity determination,neuron differentiation
GO:0007365,6,GO:0030182,0.342,3.7181920255485204,0,periodic partitioning,neuron differentiation
GO:0010638,3,GO:0051128,0.761,3.7067017475002286,0,positive regulation of organelle organization,regulation of cellular component organization
GO:0043408,1,GO:0010646,0.773,3.7067017475002286,9,regulation of MAPK cascade,regulation of cell communication
GO:1902531,1,GO:0010646,0.884,3.7067017475002286,2,regulation of intracellular signal transduction,regulation of cell communication
GO:0001704,6,GO:0030182,0.451,3.7067017475002286,2,formation of primary germ layer,neuron differentiation
GO:0032436,9,GO:0009889,0.447,3.7067017475002286,34,positive regulation of proteasomal ubiquitin-dependent protein catabolic process,regulation of biosynthetic process
GO:0051783,3,GO:0051128,0.733,3.7067017475002286,3,regulation of nuclear division,regulation of cellular component organization
GO:0032434,9,GO:0009889,0.452,3.7067017475002286,1,regulation of proteasomal ubiquitin-dependent protein catabolic process,regulation of biosynthetic process
GO:0051983,61,GO:0007059,0.833,3.7067017475002286,3,regulation of chromosome segregation,chromosome segregation
GO:0045862,9,GO:0009889,0.486,3.7067017475002286,1,positive regulation of proteolysis,regulation of biosynthetic process
GO:0001711,16,GO:0030855,0.669,3.7067017475002286,0,endodermal cell fate commitment,epithelial cell differentiation
GO:0061640,64,GO:0061640,0.998,3.7067017475002286,3,cytoskeleton-dependent cytokinesis,cytoskeleton-dependent cytokinesis
GO:0016579,15,GO:0043412,0.549,3.7067017475002286,63,protein deubiquitination,macromolecule modification
GO:2000060,9,GO:0009889,0.449,3.7067017475002286,1,positive regulation of ubiquitin-dependent protein catabolic process,regulation of biosynthetic process
GO:0008356,64,GO:0061640,0.738,3.7067017475002286,24,asymmetric cell division,cytoskeleton-dependent cytokinesis
GO:0001706,16,GO:0030855,0.674,3.7067017475002286,0,endoderm formation,epithelial cell differentiation
GO:0070848,34,GO:0042221,0.625,3.7067017475002286,0,response to growth factor,response to chemical
GO:0007088,3,GO:0051128,0.701,3.7067017475002286,2,regulation of mitotic nuclear division,regulation of cellular component organization
GO:0044784,3,GO:0051128,0.723,3.7067017475002286,0,metaphase/anaphase transition of cell cycle,regulation of cellular component organization
GO:0071363,34,GO:0042221,0.625,3.7067017475002286,3,cellular response to growth factor stimulus,response to chemical
GO:0033045,61,GO:0007059,0.813,3.7067017475002286,0,regulation of sister chromatid segregation,chromosome segregation
GO:0033044,3,GO:0051128,0.763,3.7067017475002286,0,regulation of chromosome organization,regulation of cellular component organization
GO:0043244,3,GO:0051128,0.713,3.7067017475002286,0,regulation of protein-containing complex disassembly,regulation of cellular component organization
GO:0060795,6,GO:0030182,0.571,3.7067017475002286,0,cell fate commitment involved in formation of primary germ layer,neuron differentiation
GO:0048569,44,GO:0048513,0.87,3.7067017475002286,0,post-embryonic animal organ development,animal organ development
GO:0070646,15,GO:0043412,0.566,3.7067017475002286,1,protein modification by small protein removal,macromolecule modification
GO:0051301,64,GO:0061640,0.865,3.7067017475002286,152,cell division,cytoskeleton-dependent cytokinesis
GO:0035987,16,GO:0030855,0.674,3.7067017475002286,0,endodermal cell differentiation,epithelial cell differentiation
GO:0007369,6,GO:0030182,0.467,3.7067017475002286,26,gastrulation,neuron differentiation
GO:1903052,9,GO:0009889,0.461,3.7067017475002286,0,positive regulation of proteolysis involved in protein catabolic process,regulation of biosynthetic process
GO:0061136,9,GO:0009889,0.467,3.7067017475002286,3,regulation of proteasomal protein catabolic process,regulation of biosynthetic process
GO:0043409,1,GO:0010646,0.711,3.7067017475002286,9,negative regulation of MAPK cascade,regulation of cell communication
GO:0031331,23,GO:0044248,0.713,3.7067017475002286,1,positive regulation of cellular catabolic process,cellular catabolic process
GO:2000241,25,GO:0022412,0.631,3.7067017475002286,1,regulation of reproductive process,cellular process involved in reproduction in multicellular organism
GO:0000910,64,GO:0061640,0.985,3.7067017475002286,0,cytokinesis,cytoskeleton-dependent cytokinesis
GO:1902532,4,GO:0023052,0.506,3.7067017475002286,0,negative regulation of intracellular signal transduction,signaling
GO:1901800,9,GO:0009889,0.46,3.7067017475002286,8,positive regulation of proteasomal protein catabolic process,regulation of biosynthetic process
GO:0060249,14,GO:0042592,0.779,3.7067017475002286,0,anatomical structure homeostasis,homeostatic process
GO:0051129,3,GO:0051128,0.811,3.7067017475002286,0,negative regulation of cellular component organization,regulation of cellular component organization
GO:0098773,44,GO:0048513,0.548,3.7067017475002286,1,skin epidermis development,animal organ development
GO:0022404,46,GO:0032501,0.325,3.7067017475002286,2,molting cycle process,multicellular organismal process
GO:0061064,2,GO:0010629,0.564,3.6979665306699343,3,negative regulation of nematode larval development,negative regulation of gene expression
GO:0007167,4,GO:0023052,0.586,3.6979665306699343,0,enzyme-linked receptor protein signaling pathway,signaling
GO:0048566,44,GO:0048513,0.733,3.6979665306699343,6,embryonic digestive tract development,animal organ development
GO:0032869,34,GO:0042221,0.554,3.6979665306699343,3,cellular response to insulin stimulus,response to chemical
GO:0098657,10,GO:0051179,0.381,3.6979665306699343,0,import into cell,localization
GO:0048581,2,GO:0010629,0.564,3.6979665306699343,0,negative regulation of post-embryonic development,negative regulation of gene expression
GO:0072089,29,GO:0008283,0.818,3.6979665306699343,0,stem cell proliferation,cell population proliferation
GO:0048640,31,GO:0040008,0.821,3.6979665306699343,0,negative regulation of developmental growth,regulation of growth
GO:1904030,30,GO:0065009,0.605,3.6979665306699343,0,negative regulation of cyclin-dependent protein kinase activity,regulation of molecular function
GO:0009953,6,GO:0030182,0.325,3.6979665306699343,1,dorsal/ventral pattern formation,neuron differentiation
GO:0030952,65,GO:0030952,1,3.6979665306699343,0,establishment or maintenance of cytoskeleton polarity,establishment or maintenance of cytoskeleton polarity
GO:0048580,20,GO:0051960,0.841,3.6979665306699343,0,regulation of post-embryonic development,regulation of nervous system development
GO:0048562,44,GO:0048513,0.729,3.6979665306699343,0,embryonic organ morphogenesis,animal organ development
GO:0051647,54,GO:0051640,0.804,3.6979665306699343,5,nucleus localization,organelle localization
GO:1904779,24,GO:0051049,0.647,3.6979665306699343,2,regulation of protein localization to centrosome,regulation of transport
GO:0030951,65,GO:0030952,0.966,3.6979665306699343,10,establishment or maintenance of microtubule cytoskeleton polarity,establishment or maintenance of cytoskeleton polarity
GO:0071375,34,GO:0042221,0.556,3.6979665306699343,0,cellular response to peptide hormone stimulus,response to chemical
GO:1904029,30,GO:0065009,0.711,3.6979665306699343,0,regulation of cyclin-dependent protein kinase activity,regulation of molecular function
GO:1902903,3,GO:0051128,0.772,3.6979665306699343,0,regulation of supramolecular fiber organization,regulation of cellular component organization
GO:0046621,31,GO:0040008,0.633,3.6979665306699343,1,negative regulation of organ growth,regulation of growth
GO:0045995,20,GO:0051960,0.746,3.6979665306699343,5,regulation of embryonic development,regulation of nervous system development
GO:1901653,34,GO:0042221,0.556,3.6979665306699343,0,cellular response to peptide,response to chemical
GO:1904781,24,GO:0051049,0.592,3.6979665306699343,3,positive regulation of protein localization to centrosome,regulation of transport
GO:0007097,54,GO:0051640,0.796,3.6979665306699343,23,nuclear migration,organelle localization
GO:0006897,35,GO:0016192,0.828,3.6979665306699343,118,endocytosis,vesicle-mediated transport
GO:0061062,20,GO:0051960,0.84,3.6979665306699343,5,regulation of nematode larval development,regulation of nervous system development
GO:0045736,30,GO:0065009,0.605,3.6979665306699343,4,negative regulation of cyclin-dependent protein serine/threonine kinase activity,regulation of molecular function
GO:0032271,27,GO:0022607,0.689,3.6979665306699343,0,regulation of protein polymerization,cellular component assembly
GO:0048557,44,GO:0048513,0.722,3.6979665306699343,24,embryonic digestive tract morphogenesis,animal organ development
GO:0032868,34,GO:0042221,0.554,3.6979665306699343,0,response to insulin,response to chemical
GO:0032886,59,GO:0007017,0.785,3.6979665306699343,0,regulation of microtubule-based process,microtubule-based process
GO:0007163,65,GO:0030952,0.827,3.6979665306699343,29,establishment or maintenance of cell polarity,establishment or maintenance of cytoskeleton polarity
GO:0046620,31,GO:0040008,0.724,3.6979665306699343,2,regulation of organ growth,regulation of growth
GO:0008360,13,GO:0045595,0.568,3.6979665306699343,14,regulation of cell shape,regulation of cell differentiation
GO:0002119,5,GO:0035295,0.462,3.6979665306699343,226,nematode larval development,tube development
GO:0000079,30,GO:0065009,0.711,3.6979665306699343,20,regulation of cyclin-dependent protein serine/threonine kinase activity,regulation of molecular function
GO:0008286,34,GO:0042221,0.548,3.6979665306699343,18,insulin receptor signaling pathway,response to chemical
GO:0007169,4,GO:0023052,0.538,3.6979665306699343,79,transmembrane receptor protein tyrosine kinase signaling pathway,signaling
GO:0070507,59,GO:0007017,0.734,3.6979665306699343,5,regulation of microtubule cytoskeleton organization,microtubule-based process
GO:0061024,3,GO:0051128,0.466,3.6045680885394438,8,membrane organization,regulation of cellular component organization
GO:0002790,18,GO:0090087,0.82,3.499058296936731,0,peptide secretion,regulation of peptide transport
GO:0009306,35,GO:0016192,0.34,3.499058296936731,18,protein secretion,vesicle-mediated transport
GO:0030308,31,GO:0040008,0.796,2.156456719307169,3,negative regulation of cell growth,regulation of growth
GO:0006644,26,GO:0006793,0.647,2.156456719307169,29,phospholipid metabolic process,phosphorus metabolic process
GO:0002440,33,GO:0002376,0.671,2.156456719307169,0,production of molecular mediator of immune response,immune system process
GO:0044818,7,GO:0022402,0.627,2.156456719307169,0,mitotic G2/M transition checkpoint,cell cycle process
GO:0008156,21,GO:0044260,0.451,2.156456719307169,1,negative regulation of DNA replication,cellular macromolecule metabolic process
GO:0002819,33,GO:0002376,0.6,2.156456719307169,0,regulation of adaptive immune response,immune system process
GO:0032876,21,GO:0044260,0.39,2.156456719307169,2,negative regulation of DNA endoreduplication,cellular macromolecule metabolic process
GO:0002250,33,GO:0002376,0.661,2.156456719307169,3,adaptive immune response,immune system process
GO:0002697,33,GO:0002376,0.671,2.156456719307169,0,regulation of immune effector process,immune system process
GO:0008213,15,GO:0043412,0.578,2.156456719307169,0,protein alkylation,macromolecule modification
GO:0006690,47,GO:0044281,0.478,2.156456719307169,0,icosanoid metabolic process,small molecule metabolic process
GO:0006935,38,GO:0009605,0.821,2.156456719307169,78,chemotaxis,response to external stimulus
GO:0010972,7,GO:0022402,0.63,2.156456719307169,0,negative regulation of G2/M transition of mitotic cell cycle,cell cycle process
GO:1901342,6,GO:0030182,0.441,2.156456719307169,0,regulation of vasculature development,neuron differentiation
GO:0045765,6,GO:0030182,0.441,2.156456719307169,0,regulation of angiogenesis,neuron differentiation
GO:0006631,47,GO:0044281,0.741,2.156456719307169,90,fatty acid metabolic process,small molecule metabolic process
GO:1902749,7,GO:0022402,0.638,2.156456719307169,1,regulation of cell cycle G2/M phase transition,cell cycle process
GO:0090329,21,GO:0044260,0.48,2.156456719307169,3,regulation of DNA-templated DNA replication,cellular macromolecule metabolic process
GO:0051095,30,GO:0065009,0.605,2.156456719307169,0,regulation of helicase activity,regulation of molecular function
GO:0045911,21,GO:0044260,0.412,2.156456719307169,0,positive regulation of DNA recombination,cellular macromolecule metabolic process
GO:0032875,21,GO:0044260,0.438,2.156456719307169,3,regulation of DNA endoreduplication,cellular macromolecule metabolic process
GO:0002821,33,GO:0002376,0.6,2.156456719307169,1,positive regulation of adaptive immune response,immune system process
GO:0048515,25,GO:0022412,0.762,2.156456719307169,2,spermatid differentiation,cellular process involved in reproduction in multicellular organism
GO:0007283,25,GO:0022412,0.715,2.156456719307169,71,spermatogenesis,cellular process involved in reproduction in multicellular organism
GO:0007411,38,GO:0009605,0.788,2.156456719307169,78,axon guidance,response to external stimulus
GO:1902750,7,GO:0022402,0.63,2.156456719307169,0,negative regulation of cell cycle G2/M phase transition,cell cycle process
GO:0051054,21,GO:0044260,0.48,2.156456719307169,0,positive regulation of DNA metabolic process,cellular macromolecule metabolic process
GO:0051053,21,GO:0044260,0.496,2.156456719307169,0,negative regulation of DNA metabolic process,cellular macromolecule metabolic process
GO:0045910,21,GO:0044260,0.458,2.156456719307169,8,negative regulation of DNA recombination,cellular macromolecule metabolic process
GO:0009411,8,GO:0009628,0.762,2.156456719307169,24,response to UV,response to abiotic stimulus
GO:0006275,21,GO:0044260,0.488,2.156456719307169,1,regulation of DNA replication,cellular macromolecule metabolic process
GO:0002702,33,GO:0002376,0.647,2.156456719307169,0,positive regulation of production of molecular mediator of immune response,immune system process
GO:0002699,33,GO:0002376,0.647,2.156456719307169,0,positive regulation of immune effector process,immune system process
GO:0000710,21,GO:0044260,0.369,2.156456719307169,1,meiotic mismatch repair,cellular macromolecule metabolic process
GO:0007286,25,GO:0022412,0.755,2.156456719307169,16,spermatid development,cellular process involved in reproduction in multicellular organism
GO:0006692,47,GO:0044281,0.467,2.156456719307169,0,prostanoid metabolic process,small molecule metabolic process
GO:0097485,38,GO:0009605,0.788,2.156456719307169,0,neuron projection guidance,response to external stimulus
GO:0042330,38,GO:0009605,0.825,2.156456719307169,1,taxis,response to external stimulus
GO:2000104,21,GO:0044260,0.447,2.156456719307169,0,negative regulation of DNA-templated DNA replication,cellular macromolecule metabolic process
GO:0051096,30,GO:0065009,0.592,2.156456719307169,3,positive regulation of helicase activity,regulation of molecular function
GO:0051052,21,GO:0044260,0.541,2.156456719307169,0,regulation of DNA metabolic process,cellular macromolecule metabolic process
GO:0043570,3,GO:0051128,0.302,2.156456719307169,3,maintenance of DNA repeat elements,regulation of cellular component organization
GO:0010389,7,GO:0022402,0.636,2.156456719307169,2,regulation of G2/M transition of mitotic cell cycle,cell cycle process
GO:0009416,8,GO:0009628,0.801,2.156456719307169,0,response to light stimulus,response to abiotic stimulus
GO:0007095,7,GO:0022402,0.574,2.156456719307169,6,mitotic G2 DNA damage checkpoint signaling,cell cycle process
GO:0006310,21,GO:0044260,0.611,2.156456719307169,38,DNA recombination,cellular macromolecule metabolic process
GO:0002700,33,GO:0002376,0.671,2.156456719307169,0,regulation of production of molecular mediator of immune response,immune system process
GO:0000018,21,GO:0044260,0.477,2.156456719307169,0,regulation of DNA recombination,cellular macromolecule metabolic process
GO:0048232,25,GO:0022412,0.722,2.156456719307169,0,male gamete generation,cellular process involved in reproduction in multicellular organism
GO:0006979,40,GO:0006974,0.56,2.156456719307169,75,response to oxidative stress,cellular response to DNA damage stimulus
GO:0006479,15,GO:0043412,0.578,2.156456719307169,7,protein methylation,macromolecule modification
GO:0110053,3,GO:0051128,0.741,2.156456719307169,0,regulation of actin filament organization,regulation of cellular component organization
GO:0090132,66,GO:0090132,1,2.156456719307169,0,epithelium migration,epithelium migration
GO:0090130,66,GO:0090132,1,2.156456719307169,0,tissue migration,epithelium migration
GO:0090066,14,GO:0042592,0.668,2.156456719307169,0,regulation of anatomical structure size,homeostatic process
GO:0072332,1,GO:0010646,0.336,2.156456719307169,2,intrinsic apoptotic signaling pathway by p53 class mediator,regulation of cell communication
GO:0061067,2,GO:0010629,0.509,2.156456719307169,17,negative regulation of dauer larval development,negative regulation of gene expression
GO:0061065,20,GO:0051960,0.79,2.156456719307169,21,regulation of dauer larval development,regulation of nervous system development
GO:0060465,6,GO:0030182,0.607,2.156456719307169,41,pharynx development,neuron differentiation
GO:0051235,39,GO:0008104,0.341,2.156456719307169,0,maintenance of location,protein localization
GO:0051220,39,GO:0008104,0.552,2.156456719307169,3,cytoplasmic sequestering of protein,protein localization
GO:0048621,5,GO:0035295,0.733,2.156456719307169,2,post-embryonic digestive tract morphogenesis,tube development
GO:0045793,14,GO:0042592,0.514,2.156456719307169,7,positive regulation of cell size,homeostatic process
GO:0045185,39,GO:0008104,0.618,2.156456719307169,3,maintenance of protein location,protein localization
GO:0045176,39,GO:0008104,0.589,2.156456719307169,11,apical protein localization,protein localization
GO:0044843,7,GO:0022402,0.659,2.156456719307169,3,cell cycle G1/S phase transition,cell cycle process
GO:0042771,1,GO:0010646,0.33,2.156456719307169,8,intrinsic apoptotic signaling pathway in response to DNA damage by p53 class mediator,regulation of cell communication
GO:0042327,9,GO:0009889,0.505,2.156456719307169,2,positive regulation of phosphorylation,regulation of biosynthetic process
GO:0035329,1,GO:0010646,0.339,2.156456719307169,7,hippo signaling,regulation of cell communication
GO:0035265,31,GO:0040008,0.697,2.156456719307169,0,organ growth,regulation of growth
GO:0033138,9,GO:0009889,0.347,2.156456719307169,2,positive regulation of peptidyl-serine phosphorylation,regulation of biosynthetic process
GO:0033135,9,GO:0009889,0.347,2.156456719307169,0,regulation of peptidyl-serine phosphorylation,regulation of biosynthetic process
GO:0032970,67,GO:0032970,0.997,2.156456719307169,9,regulation of actin filament-based process,regulation of actin filament-based process
GO:0032956,67,GO:0032970,0.988,2.156456719307169,18,regulation of actin cytoskeleton organization,regulation of actin filament-based process
GO:0032535,14,GO:0042592,0.664,2.156456719307169,0,regulation of cellular component size,homeostatic process
GO:0030833,67,GO:0032970,0.928,2.156456719307169,12,regulation of actin filament polymerization,regulation of actin filament-based process
GO:0030832,67,GO:0032970,0.936,2.156456719307169,0,regulation of actin filament length,regulation of actin filament-based process
GO:0030421,52,GO:0003008,0.725,2.156456719307169,35,defecation,system process
GO:0018209,15,GO:0043412,0.599,2.156456719307169,0,peptidyl-serine modification,macromolecule modification
GO:0018105,15,GO:0043412,0.599,2.156456719307169,161,peptidyl-serine phosphorylation,macromolecule modification
GO:0014014,6,GO:0030182,0.56,2.156456719307169,3,negative regulation of gliogenesis,neuron differentiation
GO:0014013,6,GO:0030182,0.591,2.156456719307169,1,regulation of gliogenesis,neuron differentiation
GO:0010631,66,GO:0090132,1,2.156456719307169,8,epithelial cell migration,epithelium migration
GO:0010212,8,GO:0009628,0.766,2.156456719307169,6,response to ionizing radiation,response to abiotic stimulus
GO:0008361,14,GO:0042592,0.632,2.156456719307169,7,regulation of cell size,homeostatic process
GO:0008064,67,GO:0032970,0.936,2.156456719307169,0,regulation of actin polymerization or depolymerization,regulation of actin filament-based process
GO:0007588,52,GO:0003008,0.725,2.156456719307169,0,excretion,system process
GO:0002064,16,GO:0030855,0.949,2.156456719307169,9,epithelial cell development,epithelial cell differentiation
GO:0001934,9,GO:0009889,0.482,2.156456719307169,20,positive regulation of protein phosphorylation,regulation of biosynthetic process
GO:0000082,7,GO:0022402,0.636,2.156456719307169,8,G1/S transition of mitotic cell cycle,cell cycle process
GO:0070986,6,GO:0030182,0.394,2.156456719307169,23,left/right axis specification,neuron differentiation
GO:0061031,6,GO:0030182,0.487,2.156456719307169,4,endodermal digestive tract morphogenesis,neuron differentiation
GO:0060972,6,GO:0030182,0.394,2.156456719307169,0,left/right pattern formation,neuron differentiation
GO:0060485,16,GO:0030855,0.641,2.156456719307169,0,mesenchyme development,epithelial cell differentiation
GO:0060323,5,GO:0035295,0.243,2.156456719307169,1,head morphogenesis,tube development
GO:0055002,13,GO:0045595,0.505,2.156456719307169,4,striated muscle cell development,regulation of cell differentiation
GO:0055001,13,GO:0045595,0.507,2.156456719307169,4,muscle cell development,regulation of cell differentiation
GO:0051146,13,GO:0045595,0.506,2.156456719307169,1,striated muscle cell differentiation,regulation of cell differentiation
GO:0051145,13,GO:0045595,0.367,2.156456719307169,0,smooth muscle cell differentiation,regulation of cell differentiation
GO:0051101,30,GO:0065009,0.624,2.156456719307169,0,regulation of DNA binding,regulation of molecular function
GO:0051099,30,GO:0065009,0.575,2.156456719307169,0,positive regulation of binding,regulation of molecular function
GO:0051098,30,GO:0065009,0.66,2.156456719307169,0,regulation of binding,regulation of molecular function
GO:0048863,41,GO:0045165,0.425,2.156456719307169,0,stem cell differentiation,cell fate commitment
GO:0048593,44,GO:0048513,0.548,2.156456719307169,0,camera-type eye morphogenesis,animal organ development
GO:0048382,16,GO:0030855,0.616,2.156456719307169,7,mesendoderm development,epithelial cell differentiation
GO:0046660,25,GO:0022412,0.47,2.156456719307169,2,female sex differentiation,cellular process involved in reproduction in multicellular organism
GO:0046546,25,GO:0022412,0.449,2.156456719307169,0,development of primary male sexual characteristics,cellular process involved in reproduction in multicellular organism
GO:0046545,25,GO:0022412,0.455,2.156456719307169,0,development of primary female sexual characteristics,cellular process involved in reproduction in multicellular organism
GO:0045137,25,GO:0022412,0.595,2.156456719307169,0,development of primary sexual characteristics,cellular process involved in reproduction in multicellular organism
GO:0042692,13,GO:0045595,0.519,2.156456719307169,4,muscle cell differentiation,regulation of cell differentiation
GO:0040019,20,GO:0051960,0.727,2.156456719307169,22,positive regulation of embryonic development,regulation of nervous system development
GO:0035545,6,GO:0030182,0.6,2.156456719307169,18,determination of left/right asymmetry in nervous system,neuron differentiation
GO:0032526,34,GO:0042221,0.416,2.156456719307169,1,response to retinoic acid,response to chemical
GO:0014902,13,GO:0045595,0.367,2.156456719307169,0,myotube differentiation,regulation of cell differentiation
GO:0010171,5,GO:0035295,0.334,2.156456719307169,22,body morphogenesis,tube development
GO:0009855,6,GO:0030182,0.387,2.156456719307169,0,determination of bilateral symmetry,neuron differentiation
GO:0009799,6,GO:0030182,0.387,2.156456719307169,0,specification of symmetry,neuron differentiation
GO:0008585,25,GO:0022412,0.455,2.156456719307169,4,female gonad development,cellular process involved in reproduction in multicellular organism
GO:0008584,25,GO:0022412,0.449,2.156456719307169,6,male gonad development,cellular process involved in reproduction in multicellular organism
GO:0008406,25,GO:0022412,0.595,2.156456719307169,59,gonad development,cellular process involved in reproduction in multicellular organism
GO:0007584,38,GO:0009605,0.465,2.156456719307169,1,response to nutrient,response to external stimulus
GO:0007520,13,GO:0045595,0.367,2.156456719307169,1,myoblast fusion,regulation of cell differentiation
GO:0007498,16,GO:0030855,0.733,2.156456719307169,2,mesoderm development,epithelial cell differentiation
GO:0007368,6,GO:0030182,0.387,2.156456719307169,1,determination of left/right symmetry,neuron differentiation
GO:0006949,5,GO:0035295,0.293,2.156456719307169,1,syncytium formation,tube development
GO:0002011,16,GO:0030855,0.672,2.156456719307169,1,morphogenesis of an epithelial sheet,epithelial cell differentiation
GO:0001764,53,GO:0016477,0.872,2.156456719307169,46,neuron migration,cell migration
GO:0001101,34,GO:0042221,0.52,2.156456719307169,0,response to acid chemical,response to chemical
GO:0000768,5,GO:0035295,0.292,2.156456719307169,7,syncytium formation by plasma membrane fusion,tube development
GO:0090207,55,GO:0006629,0.496,2.156456719307169,0,regulation of triglyceride metabolic process,lipid metabolic process
GO:0055088,14,GO:0042592,0.795,2.156456719307169,18,lipid homeostasis,homeostatic process
GO:0050994,55,GO:0006629,0.533,2.156456719307169,0,regulation of lipid catabolic process,lipid metabolic process
GO:0050802,63,GO:0007610,0.538,2.156456719307169,0,"circadian sleep/wake cycle, sleep",behavior
GO:0048512,63,GO:0007610,0.576,2.156456719307169,1,circadian behavior,behavior
GO:0048511,68,GO:0048511,0.999,2.156456719307169,2,rhythmic process,rhythmic process
GO:0045833,55,GO:0006629,0.565,2.156456719307169,0,negative regulation of lipid metabolic process,lipid metabolic process
GO:0042745,63,GO:0007610,0.538,2.156456719307169,0,circadian sleep/wake cycle,behavior
GO:0035264,31,GO:0040008,0.89,2.156456719307169,16,multicellular organism growth,regulation of growth
GO:0031330,23,GO:0044248,0.617,2.156456719307169,0,negative regulation of cellular catabolic process,cellular catabolic process
GO:0030431,46,GO:0032501,0.346,2.156456719307169,28,sleep,multicellular organismal process
GO:0022410,63,GO:0007610,0.538,2.156456719307169,0,circadian sleep/wake cycle process,behavior
GO:0018210,15,GO:0043412,0.503,2.156456719307169,0,peptidyl-threonine modification,macromolecule modification
GO:0018107,15,GO:0043412,0.497,2.156456719307169,30,peptidyl-threonine phosphorylation,macromolecule modification
GO:0009895,23,GO:0044248,0.575,2.156456719307169,0,negative regulation of catabolic process,cellular catabolic process
GO:0007623,68,GO:0048511,0.955,2.156456719307169,4,circadian rhythm,rhythmic process
GO:0007622,63,GO:0007610,0.599,2.156456719307169,3,rhythmic behavior,behavior
GO:2000370,24,GO:0051049,0.727,2.156456719307169,14,positive regulation of clathrin-dependent endocytosis,regulation of transport
GO:2000369,24,GO:0051049,0.739,2.156456719307169,3,regulation of clathrin-dependent endocytosis,regulation of transport
GO:2000300,35,GO:0016192,0.553,2.156456719307169,1,regulation of synaptic vesicle exocytosis,vesicle-mediated transport
GO:1903305,35,GO:0016192,0.62,2.156456719307169,0,regulation of regulated secretory pathway,vesicle-mediated transport
GO:1902805,54,GO:0051640,0.682,2.156456719307169,1,positive regulation of synaptic vesicle transport,organelle localization
GO:1902803,54,GO:0051640,0.703,2.156456719307169,0,regulation of synaptic vesicle transport,organelle localization
GO:0099111,54,GO:0051640,0.308,2.156456719307169,0,microtubule-based transport,organelle localization
GO:0072393,59,GO:0007017,0.574,2.156456719307169,1,microtubule anchoring at microtubule organizing center,microtubule-based process
GO:0072385,54,GO:0051640,0.601,2.156456719307169,0,minus-end-directed organelle transport along microtubule,organelle localization
GO:0072384,54,GO:0051640,0.779,2.156456719307169,2,organelle transport along microtubule,organelle localization
GO:0061842,10,GO:0051179,0.339,2.156456719307169,0,microtubule organizing center localization,localization
GO:0051642,10,GO:0051179,0.339,2.156456719307169,7,centrosome localization,localization
GO:0051590,10,GO:0051179,0.345,2.156456719307169,0,positive regulation of neurotransmitter transport,localization
GO:0051588,10,GO:0051179,0.366,2.156456719307169,0,regulation of neurotransmitter transport,localization
GO:0051028,18,GO:0090087,0.476,2.156456719307169,22,mRNA transport,regulation of peptide transport
GO:0050806,4,GO:0023052,0.48,2.156456719307169,3,positive regulation of synaptic transmission,signaling
GO:0048599,25,GO:0022412,0.885,2.156456719307169,15,oocyte development,cellular process involved in reproduction in multicellular organism
GO:0048488,35,GO:0016192,0.638,2.156456719307169,15,synaptic vesicle endocytosis,vesicle-mediated transport
GO:0048469,41,GO:0045165,0.521,2.156456719307169,0,cell maturation,cell fate commitment
GO:0048260,24,GO:0051049,0.731,2.156456719307169,0,positive regulation of receptor-mediated endocytosis,regulation of transport
GO:0048259,24,GO:0051049,0.754,2.156456719307169,4,regulation of receptor-mediated endocytosis,regulation of transport
GO:0046928,10,GO:0051179,0.365,2.156456719307169,8,regulation of neurotransmitter secretion,localization
GO:0045921,35,GO:0016192,0.524,2.156456719307169,2,positive regulation of exocytosis,vesicle-mediated transport
GO:0045807,24,GO:0051049,0.806,2.156456719307169,6,positive regulation of endocytosis,regulation of transport
GO:0045744,4,GO:0023052,0.358,2.156456719307169,0,negative regulation of G protein-coupled receptor signaling pathway,signaling
GO:0044419,69,GO:0044419,0.983,2.156456719307169,24,biological process involved in interspecies interaction between organisms,biological process involved in interspecies interaction between organisms
GO:0036465,35,GO:0016192,0.645,2.156456719307169,1,synaptic vesicle recycling,vesicle-mediated transport
GO:0034453,59,GO:0007017,0.574,2.156456719307169,0,microtubule anchoring,microtubule-based process
GO:0034067,39,GO:0008104,0.56,2.156456719307169,2,protein localization to Golgi apparatus,protein localization
GO:0034063,27,GO:0022607,0.564,2.156456719307169,6,stress granule assembly,cellular component assembly
GO:0033365,39,GO:0008104,0.842,2.156456719307169,8,protein localization to organelle,protein localization
GO:0030716,41,GO:0045165,0.666,2.156456719307169,4,oocyte fate determination,cell fate commitment
GO:0030705,42,GO:0051641,0.647,2.156456719307169,7,cytoskeleton-dependent intracellular transport,cellular localization
GO:0017158,35,GO:0016192,0.613,2.156456719307169,12,regulation of calcium ion-dependent exocytosis,vesicle-mediated transport
GO:0017157,35,GO:0016192,0.654,2.156456719307169,10,regulation of exocytosis,vesicle-mediated transport
GO:0016032,70,GO:0016032,1,2.156456719307169,0,viral process,viral process
GO:0010970,54,GO:0051640,0.308,2.156456719307169,1,transport along microtubule,organelle localization
GO:0009994,25,GO:0022412,0.886,2.156456719307169,0,oocyte differentiation,cellular process involved in reproduction in multicellular organism
GO:0009950,6,GO:0030182,0.309,2.156456719307169,0,dorsal/ventral axis specification,neuron differentiation
GO:0008298,39,GO:0008104,0.514,2.156456719307169,2,intracellular mRNA localization,protein localization
GO:0008277,4,GO:0023052,0.406,2.156456719307169,9,regulation of G protein-coupled receptor signaling pathway,signaling
GO:0007309,41,GO:0045165,0.473,2.156456719307169,0,oocyte axis specification,cell fate commitment
GO:0007308,41,GO:0045165,0.473,2.156456719307169,0,oocyte construction,cell fate commitment
GO:0007018,59,GO:0007017,0.852,2.156456719307169,60,microtubule-based movement,microtubule-based process
GO:0001956,10,GO:0051179,0.345,2.156456719307169,6,positive regulation of neurotransmitter secretion,localization
GO:0001709,41,GO:0045165,0.816,2.156456719307169,9,cell fate determination,cell fate commitment
GO:0045814,3,GO:0051128,0.371,2.156456719307169,6,"negative regulation of gene expression, epigenetic",regulation of cellular component organization
GO:0044728,21,GO:0044260,0.403,2.156456719307169,0,DNA methylation or demethylation,cellular macromolecule metabolic process
GO:0040029,3,GO:0051128,0.389,2.156456719307169,7,epigenetic regulation of gene expression,regulation of cellular component organization
GO:0035970,26,GO:0006793,0.42,2.156456719307169,6,peptidyl-threonine dephosphorylation,phosphorus metabolic process
GO:0016311,26,GO:0006793,0.683,2.156456719307169,78,dephosphorylation,phosphorus metabolic process
GO:0006470,26,GO:0006793,0.654,2.156456719307169,210,protein dephosphorylation,phosphorus metabolic process
GO:0006306,21,GO:0044260,0.369,2.156456719307169,0,DNA methylation,cellular macromolecule metabolic process
GO:0006305,21,GO:0044260,0.369,2.156456719307169,0,DNA alkylation,cellular macromolecule metabolic process
GO:0006304,21,GO:0044260,0.42,2.156456719307169,0,DNA modification,cellular macromolecule metabolic process
GO:0090502,36,GO:1901360,0.401,2.156456719307169,43,"RNA phosphodiester bond hydrolysis, endonucleolytic",organic cyclic compound metabolic process
GO:0090501,36,GO:1901360,0.429,2.156456719307169,11,RNA phosphodiester bond hydrolysis,organic cyclic compound metabolic process
GO:0090305,36,GO:1901360,0.462,2.156456719307169,64,nucleic acid phosphodiester bond hydrolysis,organic cyclic compound metabolic process
GO:0043137,21,GO:0044260,0.42,2.156456719307169,5,"DNA replication, removal of RNA primer",cellular macromolecule metabolic process
GO:0033567,21,GO:0044260,0.39,2.156456719307169,0,"DNA replication, Okazaki fragment processing",cellular macromolecule metabolic process
GO:0022616,21,GO:0044260,0.467,2.156456719307169,0,DNA strand elongation,cellular macromolecule metabolic process
GO:0006273,21,GO:0044260,0.427,2.156456719307169,4,lagging strand elongation,cellular macromolecule metabolic process
GO:0006271,21,GO:0044260,0.467,2.156456719307169,5,DNA strand elongation involved in DNA replication,cellular macromolecule metabolic process
GO:0006261,21,GO:0044260,0.575,2.156456719307169,13,DNA-templated DNA replication,cellular macromolecule metabolic process
GO:0006260,21,GO:0044260,0.616,2.156456719307169,78,DNA replication,cellular macromolecule metabolic process
GO:2000243,25,GO:0022412,0.599,2.156456719307169,0,positive regulation of reproductive process,cellular process involved in reproduction in multicellular organism
GO:1990949,7,GO:0022402,0.544,2.156456719307169,2,metaphase/anaphase transition of meiosis I,cell cycle process
GO:1905881,13,GO:0045595,0.703,2.156456719307169,3,positive regulation of oogenesis,regulation of cell differentiation
GO:1905879,13,GO:0045595,0.801,2.156456719307169,0,regulation of oogenesis,regulation of cell differentiation
GO:1904668,30,GO:0065009,0.575,2.156456719307169,2,positive regulation of ubiquitin protein ligase activity,regulation of molecular function
GO:1904666,30,GO:0065009,0.575,2.156456719307169,0,regulation of ubiquitin protein ligase activity,regulation of molecular function
GO:1904146,41,GO:0045165,0.41,2.156456719307169,3,positive regulation of meiotic cell cycle process involved in oocyte maturation,cell fate commitment
GO:1903538,41,GO:0045165,0.454,2.156456719307169,7,regulation of meiotic cell cycle process involved in oocyte maturation,cell fate commitment
GO:1903431,41,GO:0045165,0.431,2.156456719307169,0,positive regulation of cell maturation,cell fate commitment
GO:1903429,41,GO:0045165,0.46,2.156456719307169,0,regulation of cell maturation,cell fate commitment
GO:1903322,9,GO:0009889,0.389,2.156456719307169,0,positive regulation of protein modification by small protein conjugation or removal,regulation of biosynthetic process
GO:1902850,7,GO:0022402,0.779,2.156456719307169,0,microtubule cytoskeleton organization involved in mitosis,cell cycle process
GO:1900195,41,GO:0045165,0.431,2.156456719307169,6,positive regulation of oocyte maturation,cell fate commitment
GO:1900193,41,GO:0045165,0.454,2.156456719307169,0,regulation of oocyte maturation,cell fate commitment
GO:0140014,3,GO:0051128,0.444,2.156456719307169,0,mitotic nuclear division,regulation of cellular component organization
GO:0140013,7,GO:0022402,0.806,2.156456719307169,0,meiotic nuclear division,cell cycle process
GO:0090307,59,GO:0007017,0.724,2.156456719307169,17,mitotic spindle assembly,microtubule-based process
GO:0065001,6,GO:0030182,0.399,2.156456719307169,0,specification of axis polarity,neuron differentiation
GO:0061983,7,GO:0022402,0.644,2.156456719307169,0,meiosis II cell cycle process,cell cycle process
GO:0060282,13,GO:0045595,0.781,2.156456719307169,13,positive regulation of oocyte development,regulation of cell differentiation
GO:0060281,13,GO:0045595,0.79,2.156456719307169,2,regulation of oocyte development,regulation of cell differentiation
GO:0051446,7,GO:0022402,0.586,2.156456719307169,4,positive regulation of meiotic cell cycle,cell cycle process
GO:0051445,7,GO:0022402,0.61,2.156456719307169,4,regulation of meiotic cell cycle,cell cycle process
GO:0051443,30,GO:0065009,0.605,2.156456719307169,2,positive regulation of ubiquitin-protein transferase activity,regulation of molecular function
GO:0051438,30,GO:0065009,0.605,2.156456719307169,0,regulation of ubiquitin-protein transferase activity,regulation of molecular function
GO:0051347,30,GO:0065009,0.787,2.156456719307169,0,positive regulation of transferase activity,regulation of molecular function
GO:0051225,59,GO:0007017,0.757,2.156456719307169,7,spindle assembly,microtubule-based process
GO:0050807,14,GO:0042592,0.626,2.156456719307169,15,regulation of synapse organization,homeostatic process
GO:0050803,14,GO:0042592,0.632,2.156456719307169,7,regulation of synapse structure or activity,homeostatic process
GO:0048285,3,GO:0051128,0.484,2.156456719307169,0,organelle fission,regulation of cellular component organization
GO:0048167,4,GO:0023052,0.381,2.156456719307169,3,regulation of synaptic plasticity,signaling
GO:0044785,7,GO:0022402,0.599,2.156456719307169,0,metaphase/anaphase transition of meiotic cell cycle,cell cycle process
GO:0044771,7,GO:0022402,0.604,2.156456719307169,0,meiotic cell cycle phase transition,cell cycle process
GO:0040038,64,GO:0061640,0.893,2.156456719307169,23,polar body extrusion after meiotic divisions,cytoskeleton-dependent cytokinesis
GO:0040020,7,GO:0022402,0.627,2.156456719307169,0,regulation of meiotic nuclear division,cell cycle process
GO:0033206,64,GO:0061640,0.901,2.156456719307169,1,meiotic cytokinesis,cytoskeleton-dependent cytokinesis
GO:0031398,9,GO:0009889,0.379,2.156456719307169,2,positive regulation of protein ubiquitination,regulation of biosynthetic process
GO:0031145,37,GO:1901564,0.327,2.156456719307169,16,anaphase-promoting complex-dependent catabolic process,organonitrogen compound metabolic process
GO:0030718,51,GO:0098727,0.917,2.156456719307169,2,germ-line stem cell population maintenance,maintenance of cell number
GO:0010939,32,GO:0042981,0.772,2.156456719307169,1,regulation of necrotic cell death,regulation of apoptotic process
GO:0009949,6,GO:0030182,0.384,2.156456719307169,17,polarity specification of anterior/posterior axis,neuron differentiation
GO:0009948,6,GO:0030182,0.426,2.156456719307169,4,anterior/posterior axis specification,neuron differentiation
GO:0007147,7,GO:0022402,0.502,2.156456719307169,1,female meiosis II,cell cycle process
GO:0007144,7,GO:0022402,0.502,2.156456719307169,1,female meiosis I,cell cycle process
GO:0007143,7,GO:0022402,0.653,2.156456719307169,2,female meiotic nuclear division,cell cycle process
GO:0007135,7,GO:0022402,0.638,2.156456719307169,0,meiosis II,cell cycle process
GO:0007127,7,GO:0022402,0.732,2.156456719307169,1,meiosis I,cell cycle process
GO:0007096,7,GO:0022402,0.581,2.156456719307169,5,regulation of exit from mitosis,cell cycle process
GO:0007064,61,GO:0007059,0.744,2.156456719307169,14,mitotic sister chromatid cohesion,chromosome segregation
GO:0007062,61,GO:0007059,0.81,2.156456719307169,12,sister chromatid cohesion,chromosome segregation
GO:0007052,59,GO:0007017,0.769,2.156456719307169,22,mitotic spindle organization,microtubule-based process
GO:0007051,59,GO:0007017,0.817,2.156456719307169,5,spindle organization,microtubule-based process
GO:0000280,3,GO:0051128,0.48,2.156456719307169,2,nuclear division,regulation of cellular component organization
GO:0000070,3,GO:0051128,0.434,2.156456719307169,38,mitotic sister chromatid segregation,regulation of cellular component organization
GO:1905037,3,GO:0051128,0.377,2.156456719307169,0,autophagosome organization,regulation of cellular component organization
GO:1904457,52,GO:0003008,0.515,2.156456719307169,1,positive regulation of neuronal action potential,system process
GO:1903509,55,GO:0006629,0.685,2.156456719307169,0,liposaccharide metabolic process,lipid metabolic process
GO:1901658,62,GO:1901657,0.937,2.156456719307169,0,glycosyl compound catabolic process,glycosyl compound metabolic process
GO:1901617,60,GO:1901615,0.934,2.156456719307169,0,organic hydroxy compound biosynthetic process,organic hydroxy compound metabolic process
GO:1901136,62,GO:1901657,0.57,2.156456719307169,1,carbohydrate derivative catabolic process,glycosyl compound metabolic process
GO:0098908,52,GO:0003008,0.515,2.156456719307169,0,regulation of neuronal action potential,system process
GO:0098900,14,GO:0042592,0.483,2.156456719307169,0,regulation of action potential,homeostatic process
GO:0097164,71,GO:0097164,1,2.156456719307169,0,ammonium ion metabolic process,ammonium ion metabolic process
GO:0071356,34,GO:0042221,0.438,2.156456719307169,0,cellular response to tumor necrosis factor,response to chemical
GO:0051971,52,GO:0003008,0.515,2.156456719307169,0,positive regulation of transmission of nerve impulse,system process
GO:0051969,52,GO:0003008,0.515,2.156456719307169,0,regulation of transmission of nerve impulse,system process
GO:0050891,14,GO:0042592,0.685,2.156456719307169,5,multicellular organismal water homeostasis,homeostatic process
GO:0050890,52,GO:0003008,0.752,2.156456719307169,0,cognition,system process
GO:0050877,52,GO:0003008,0.95,2.156456719307169,100,nervous system process,system process
GO:0050728,40,GO:0006974,0.363,2.156456719307169,1,negative regulation of inflammatory response,cellular response to DNA damage stimulus
GO:0050727,40,GO:0006974,0.363,2.156456719307169,0,regulation of inflammatory response,cellular response to DNA damage stimulus
GO:0048871,14,GO:0042592,0.709,2.156456719307169,0,multicellular organismal homeostasis,homeostatic process
GO:0046520,55,GO:0006629,0.533,2.156456719307169,0,sphingoid biosynthetic process,lipid metabolic process
GO:0046519,55,GO:0006629,0.541,2.156456719307169,0,sphingoid metabolic process,lipid metabolic process
GO:0046514,55,GO:0006629,0.578,2.156456719307169,1,ceramide catabolic process,lipid metabolic process
GO:0046513,55,GO:0006629,0.631,2.156456719307169,26,ceramide biosynthetic process,lipid metabolic process
GO:0046512,55,GO:0006629,0.533,2.156456719307169,5,sphingosine biosynthetic process,lipid metabolic process
GO:0046479,55,GO:0006629,0.574,2.156456719307169,0,glycosphingolipid catabolic process,lipid metabolic process
GO:0046477,55,GO:0006629,0.56,2.156456719307169,1,glycosylceramide catabolic process,lipid metabolic process
GO:0046467,55,GO:0006629,0.718,2.156456719307169,0,membrane lipid biosynthetic process,lipid metabolic process
GO:0046466,55,GO:0006629,0.619,2.156456719307169,0,membrane lipid catabolic process,lipid metabolic process
GO:0046173,60,GO:1901615,0.856,2.156456719307169,0,polyol biosynthetic process,organic hydroxy compound metabolic process
GO:0046165,60,GO:1901615,0.881,2.156456719307169,0,alcohol biosynthetic process,organic hydroxy compound metabolic process
GO:0045760,14,GO:0042592,0.47,2.156456719307169,1,positive regulation of action potential,homeostatic process
GO:0044283,47,GO:0044281,0.759,2.156456719307169,0,small molecule biosynthetic process,small molecule metabolic process
GO:0044242,55,GO:0006629,0.726,2.156456719307169,0,cellular lipid catabolic process,lipid metabolic process
GO:0044057,52,GO:0003008,0.771,2.156456719307169,0,regulation of system process,system process
GO:0043407,30,GO:0065009,0.615,2.156456719307169,5,negative regulation of MAP kinase activity,regulation of molecular function
GO:0043405,30,GO:0065009,0.66,2.156456719307169,2,regulation of MAP kinase activity,regulation of molecular function
GO:0043243,3,GO:0051128,0.632,2.156456719307169,0,positive regulation of protein-containing complex disassembly,regulation of cellular component organization
GO:0042391,14,GO:0042592,0.695,2.156456719307169,105,regulation of membrane potential,homeostatic process
GO:0035967,34,GO:0042221,0.711,2.156456719307169,0,cellular response to topologically incorrect protein,response to chemical
GO:0035966,34,GO:0042221,0.719,2.156456719307169,11,response to topologically incorrect protein,response to chemical
GO:0035307,9,GO:0009889,0.384,2.156456719307169,6,positive regulation of protein dephosphorylation,regulation of biosynthetic process
GO:0035306,9,GO:0009889,0.384,2.156456719307169,0,positive regulation of dephosphorylation,regulation of biosynthetic process
GO:0035304,9,GO:0009889,0.438,2.156456719307169,1,regulation of protein dephosphorylation,regulation of biosynthetic process
GO:0035303,9,GO:0009889,0.441,2.156456719307169,1,regulation of dephosphorylation,regulation of biosynthetic process
GO:0034620,34,GO:0042221,0.707,2.156456719307169,9,cellular response to unfolded protein,response to chemical
GO:0034612,34,GO:0042221,0.438,2.156456719307169,0,response to tumor necrosis factor,response to chemical
GO:0034312,60,GO:1901615,0.801,2.156456719307169,0,diol biosynthetic process,organic hydroxy compound metabolic process
GO:0034311,60,GO:1901615,0.801,2.156456719307169,0,diol metabolic process,organic hydroxy compound metabolic process
GO:0032102,28,GO:0048583,0.712,2.156456719307169,0,negative regulation of response to external stimulus,regulation of response to stimulus
GO:0031646,52,GO:0003008,0.627,2.156456719307169,0,positive regulation of nervous system process,system process
GO:0031644,52,GO:0003008,0.638,2.156456719307169,0,regulation of nervous system process,system process
GO:0031348,28,GO:0048583,0.639,2.156456719307169,0,negative regulation of defense response,regulation of response to stimulus
GO:0031333,27,GO:0022607,0.665,2.156456719307169,3,negative regulation of protein-containing complex assembly,cellular component assembly
GO:0030534,63,GO:0007610,0.653,2.156456719307169,1,adult behavior,behavior
GO:0030149,55,GO:0006629,0.619,2.156456719307169,4,sphingolipid catabolic process,lipid metabolic process
GO:0030148,55,GO:0006629,0.671,2.156456719307169,15,sphingolipid biosynthetic process,lipid metabolic process
GO:0030104,14,GO:0042592,0.727,2.156456719307169,4,water homeostasis,homeostatic process
GO:0019751,60,GO:1901615,0.905,2.156456719307169,0,polyol metabolic process,organic hydroxy compound metabolic process
GO:0019377,55,GO:0006629,0.574,2.156456719307169,0,glycolipid catabolic process,lipid metabolic process
GO:0016241,58,GO:0061919,0.8,2.156456719307169,0,regulation of macroautophagy,process utilizing autophagic mechanism
GO:0016139,62,GO:1901657,0.849,2.156456719307169,3,glycoside catabolic process,glycosyl compound metabolic process
GO:0016137,62,GO:1901657,0.906,2.156456719307169,0,glycoside metabolic process,glycosyl compound metabolic process
GO:0016042,55,GO:0006629,0.768,2.156456719307169,82,lipid catabolic process,lipid metabolic process
GO:0010822,3,GO:0051128,0.598,2.156456719307169,0,positive regulation of mitochondrion organization,regulation of cellular component organization
GO:0010821,3,GO:0051128,0.632,2.156456719307169,3,regulation of mitochondrion organization,regulation of cellular component organization
GO:0010508,58,GO:0061919,0.816,2.156456719307169,13,positive regulation of autophagy,process utilizing autophagic mechanism
GO:0010506,58,GO:0061919,0.862,2.156456719307169,12,regulation of autophagy,process utilizing autophagic mechanism
GO:0009268,8,GO:0009628,0.702,2.156456719307169,0,response to pH,response to abiotic stimulus
GO:0008344,63,GO:0007610,0.599,2.156456719307169,8,adult locomotory behavior,behavior
GO:0007626,63,GO:0007610,0.747,2.156456719307169,22,locomotory behavior,behavior
GO:0007613,52,GO:0003008,0.677,2.156456719307169,1,memory,system process
GO:0007611,52,GO:0003008,0.742,2.156456719307169,4,learning or memory,system process
GO:0007033,3,GO:0051128,0.404,2.156456719307169,4,vacuole organization,regulation of cellular component organization
GO:0006986,34,GO:0042221,0.71,2.156456719307169,10,response to unfolded protein,response to chemical
GO:0006687,55,GO:0006629,0.597,2.156456719307169,0,glycosphingolipid metabolic process,lipid metabolic process
GO:0006680,55,GO:0006629,0.541,2.156456719307169,6,glucosylceramide catabolic process,lipid metabolic process
GO:0006678,55,GO:0006629,0.574,2.156456719307169,0,glucosylceramide metabolic process,lipid metabolic process
GO:0006677,55,GO:0006629,0.585,2.156456719307169,0,glycosylceramide metabolic process,lipid metabolic process
GO:0006672,55,GO:0006629,0.654,2.156456719307169,2,ceramide metabolic process,lipid metabolic process
GO:0006670,55,GO:0006629,0.533,2.156456719307169,0,sphingosine metabolic process,lipid metabolic process
GO:0006665,55,GO:0006629,0.725,2.156456719307169,36,sphingolipid metabolic process,lipid metabolic process
GO:0006664,55,GO:0006629,0.685,2.156456719307169,1,glycolipid metabolic process,lipid metabolic process
GO:0006643,55,GO:0006629,0.756,2.156456719307169,1,membrane lipid metabolic process,lipid metabolic process
GO:0006066,60,GO:1901615,0.958,2.156456719307169,2,alcohol metabolic process,organic hydroxy compound metabolic process
GO:0001818,20,GO:0051960,0.444,2.156456719307169,0,negative regulation of cytokine production,regulation of nervous system development
GO:0001817,20,GO:0051960,0.464,2.156456719307169,0,regulation of cytokine production,regulation of nervous system development
GO:0044282,23,GO:0044248,0.716,2.156456719307169,0,small molecule catabolic process,cellular catabolic process
GO:0034656,23,GO:0044248,0.579,2.156456719307169,0,nucleobase-containing small molecule catabolic process,cellular catabolic process
GO:1903313,36,GO:1901360,0.385,2.156456719307169,0,positive regulation of mRNA metabolic process,organic cyclic compound metabolic process
GO:1903311,36,GO:1901360,0.431,2.156456719307169,0,regulation of mRNA metabolic process,organic cyclic compound metabolic process
GO:1902808,7,GO:0022402,0.544,2.156456719307169,0,positive regulation of cell cycle G1/S phase transition,cell cycle process
GO:1901989,7,GO:0022402,0.644,2.156456719307169,0,positive regulation of cell cycle phase transition,cell cycle process
GO:0050685,36,GO:1901360,0.284,2.156456719307169,1,positive regulation of mRNA processing,organic cyclic compound metabolic process
GO:0050684,36,GO:1901360,0.394,2.156456719307169,3,regulation of mRNA processing,organic cyclic compound metabolic process
GO:0048563,5,GO:0035295,0.29,2.156456719307169,2,post-embryonic animal organ morphogenesis,tube development
GO:0043631,36,GO:1901360,0.368,2.156456719307169,6,RNA polyadenylation,organic cyclic compound metabolic process
GO:0034402,36,GO:1901360,0.284,2.156456719307169,2,recruitment of 3'-end processing factors to RNA polymerase II holoenzyme complex,organic cyclic compound metabolic process
GO:0034243,12,GO:0006355,0.533,2.156456719307169,6,regulation of transcription elongation by RNA polymerase II,regulation of DNA-templated transcription
GO:0033523,15,GO:0043412,0.367,2.156456719307169,0,histone H2B ubiquitination,macromolecule modification
GO:0032968,12,GO:0006355,0.507,2.156456719307169,8,positive regulation of transcription elongation by RNA polymerase II,regulation of DNA-templated transcription
GO:0032786,12,GO:0006355,0.525,2.156456719307169,4,"positive regulation of DNA-templated transcription, elongation",regulation of DNA-templated transcription
GO:0032784,12,GO:0006355,0.551,2.156456719307169,2,regulation of DNA-templated transcription elongation,regulation of DNA-templated transcription
GO:0031648,14,GO:0042592,0.483,2.156456719307169,3,protein destabilization,homeostatic process
GO:0031440,36,GO:1901360,0.294,2.156456719307169,0,regulation of mRNA 3'-end processing,organic cyclic compound metabolic process
GO:0031124,36,GO:1901360,0.389,2.156456719307169,11,mRNA 3'-end processing,organic cyclic compound metabolic process
GO:0031123,36,GO:1901360,0.438,2.156456719307169,18,RNA 3'-end processing,organic cyclic compound metabolic process
GO:0016574,15,GO:0043412,0.449,2.156456719307169,2,histone ubiquitination,macromolecule modification
GO:0016570,15,GO:0043412,0.619,2.156456719307169,5,histone modification,macromolecule modification
GO:0010390,15,GO:0043412,0.418,2.156456719307169,2,histone monoubiquitination,macromolecule modification
GO:0006513,15,GO:0043412,0.431,2.156456719307169,2,protein monoubiquitination,macromolecule modification
GO:0006397,36,GO:1901360,0.521,2.156456719307169,131,mRNA processing,organic cyclic compound metabolic process
GO:0006378,36,GO:1901360,0.359,2.156456719307169,21,mRNA polyadenylation,organic cyclic compound metabolic process
GO:0006368,12,GO:0006355,0.553,2.156456719307169,16,transcription elongation by RNA polymerase II promoter,regulation of DNA-templated transcription
GO:0006354,12,GO:0006355,0.564,2.156456719307169,0,DNA-templated transcription elongation,regulation of DNA-templated transcription
GO:0002683,33,GO:0002376,0.681,2.156456719307169,0,negative regulation of immune system process,immune system process
GO:0071695,41,GO:0045165,0.318,2.156456719307169,0,anatomical structure maturation,cell fate commitment
GO:0070588,10,GO:0051179,0.395,2.156456719307169,39,calcium ion transmembrane transport,localization
GO:0006816,10,GO:0051179,0.424,2.156456719307169,41,calcium ion transport,localization
GO:0070828,3,GO:0051128,0.367,2.156456719307169,1,heterochromatin organization,regulation of cellular component organization
GO:1900182,24,GO:0051049,0.668,2.156456719307169,11,positive regulation of protein localization to nucleus,regulation of transport
GO:0090316,24,GO:0051049,0.731,2.156456719307169,3,positive regulation of intracellular protein transport,regulation of transport
GO:0071383,34,GO:0042221,0.416,2.156456719307169,0,cellular response to steroid hormone stimulus,response to chemical
GO:0070371,1,GO:0010646,0.284,2.156456719307169,0,ERK1 and ERK2 cascade,regulation of cell communication
GO:0060560,31,GO:0040008,0.861,2.156456719307169,0,developmental growth involved in morphogenesis,regulation of growth
GO:0050679,29,GO:0008283,0.73,2.156456719307169,1,positive regulation of epithelial cell proliferation,cell population proliferation
GO:0050673,29,GO:0008283,0.73,2.156456719307169,0,epithelial cell proliferation,cell population proliferation
GO:0048872,14,GO:0042592,0.613,2.156456719307169,0,homeostasis of number of cells,homeostatic process
GO:0046824,24,GO:0051049,0.661,2.156456719307169,0,positive regulation of nucleocytoplasmic transport,regulation of transport
GO:0045684,16,GO:0030855,0.549,2.156456719307169,1,positive regulation of epidermis development,epithelial cell differentiation
GO:0045682,16,GO:0030855,0.603,2.156456719307169,0,regulation of epidermis development,epithelial cell differentiation
GO:0045604,16,GO:0030855,0.891,2.156456719307169,3,regulation of epidermal cell differentiation,epithelial cell differentiation
GO:0045089,33,GO:0002376,0.647,2.156456719307169,2,positive regulation of innate immune response,immune system process
GO:0044706,46,GO:0032501,0.348,2.156456719307169,0,multi-multicellular organism process,multicellular organismal process
GO:0043401,34,GO:0042221,0.416,2.156456719307169,1,steroid hormone mediated signaling pathway,response to chemical
GO:0042789,36,GO:1901360,0.284,2.156456719307169,2,mRNA transcription by RNA polymerase II,organic cyclic compound metabolic process
GO:0042446,14,GO:0042592,0.508,2.156456719307169,0,hormone biosynthetic process,homeostatic process
GO:0042445,14,GO:0042592,0.56,2.156456719307169,0,hormone metabolic process,homeostatic process
GO:0042307,24,GO:0051049,0.661,2.156456719307169,4,positive regulation of protein import into nucleus,regulation of transport
GO:0034754,14,GO:0042592,0.536,2.156456719307169,0,cellular hormone metabolic process,homeostatic process
GO:0032107,38,GO:0009605,0.465,2.156456719307169,0,regulation of response to nutrient levels,response to external stimulus
GO:0032104,38,GO:0009605,0.465,2.156456719307169,0,regulation of response to extracellular stimulus,response to external stimulus
GO:0031349,28,GO:0048583,0.639,2.156456719307169,0,positive regulation of defense response,regulation of response to stimulus
GO:0022612,44,GO:0048513,0.683,2.156456719307169,0,gland morphogenesis,animal organ development
GO:0018958,60,GO:1901615,0.872,2.156456719307169,0,phenol-containing compound metabolic process,organic hydroxy compound metabolic process
GO:0009299,36,GO:1901360,0.294,2.156456719307169,1,mRNA transcription,organic cyclic compound metabolic process
GO:0008209,14,GO:0042592,0.501,2.156456719307169,2,androgen metabolic process,homeostatic process
GO:0008202,55,GO:0006629,0.686,2.156456719307169,18,steroid metabolic process,lipid metabolic process
GO:0006702,14,GO:0042592,0.483,2.156456719307169,3,androgen biosynthetic process,homeostatic process
GO:0006694,55,GO:0006629,0.637,2.156456719307169,17,steroid biosynthetic process,lipid metabolic process
GO:0006575,37,GO:1901564,0.431,2.156456719307169,0,cellular modified amino acid metabolic process,organonitrogen compound metabolic process
GO:0006356,9,GO:0009889,0.477,2.156456719307169,0,regulation of transcription by RNA polymerase I,regulation of biosynthetic process
GO:0000165,1,GO:0010646,0.423,2.156456719307169,46,MAPK cascade,regulation of cell communication
GO:0051151,13,GO:0045595,0.654,2.156456719307169,1,negative regulation of smooth muscle cell differentiation,regulation of cell differentiation
GO:0051150,13,GO:0045595,0.654,2.156456719307169,0,regulation of smooth muscle cell differentiation,regulation of cell differentiation
GO:0051148,13,GO:0045595,0.703,2.156456719307169,2,negative regulation of muscle cell differentiation,regulation of cell differentiation
GO:1905952,24,GO:0051049,0.708,2.156456719307169,0,regulation of lipid localization,regulation of transport
GO:0015711,10,GO:0051179,0.441,2.156456719307169,0,organic anion transport,localization
GO:0015701,10,GO:0051179,0.318,2.156456719307169,10,bicarbonate transport,localization
GO:0010883,39,GO:0008104,0.569,2.156456719307169,8,regulation of lipid storage,protein localization
GO:0009620,69,GO:0044419,0.728,2.156456719307169,1,response to fungus,biological process involved in interspecies interaction between organisms
GO:0006820,10,GO:0051179,0.494,2.156456719307169,8,anion transport,localization
GO:0006767,47,GO:0044281,0.539,2.156456719307169,0,water-soluble vitamin metabolic process,small molecule metabolic process
GO:0006766,47,GO:0044281,0.539,2.156456719307169,0,vitamin metabolic process,small molecule metabolic process
GO:0005996,72,GO:0005996,0.998,2.156456719307169,0,monosaccharide metabolic process,monosaccharide metabolic process
GO:0005975,72,GO:0005996,0.818,2.156456719307169,164,carbohydrate metabolic process,monosaccharide metabolic process
GO:0035725,10,GO:0051179,0.405,2.156456719307169,67,sodium ion transmembrane transport,localization
GO:0006814,10,GO:0051179,0.435,2.156456719307169,63,sodium ion transport,localization
GO:0070126,3,GO:0051128,0.293,2.156456719307169,2,mitochondrial translational termination,regulation of cellular component organization
GO:0070125,49,GO:0043603,0.577,2.156456719307169,8,mitochondrial translational elongation,cellular amide metabolic process
GO:0032543,43,GO:0010467,0.43,2.156456719307169,37,mitochondrial translation,gene expression
GO:0007005,3,GO:0051128,0.449,2.156456719307169,38,mitochondrion organization,regulation of cellular component organization
GO:0006414,49,GO:0043603,0.683,2.156456719307169,18,translational elongation,cellular amide metabolic process
GO:0000002,3,GO:0051128,0.329,2.156456719307169,2,mitochondrial genome maintenance,regulation of cellular component organization
GO:2001224,53,GO:0016477,0.728,2.156456719307169,0,positive regulation of neuron migration,cell migration
GO:2001222,53,GO:0016477,0.746,2.156456719307169,1,regulation of neuron migration,cell migration
GO:1903861,13,GO:0045595,0.485,2.156456719307169,2,positive regulation of dendrite extension,regulation of cell differentiation
GO:1903859,13,GO:0045595,0.543,2.156456719307169,8,regulation of dendrite extension,regulation of cell differentiation
GO:1903423,35,GO:0016192,0.499,2.156456719307169,0,positive regulation of synaptic vesicle recycling,vesicle-mediated transport
GO:1903421,35,GO:0016192,0.524,2.156456719307169,0,regulation of synaptic vesicle recycling,vesicle-mediated transport
GO:1902915,9,GO:0009889,0.329,2.156456719307169,0,negative regulation of protein polyubiquitination,regulation of biosynthetic process
GO:1902914,9,GO:0009889,0.329,2.156456719307169,0,regulation of protein polyubiquitination,regulation of biosynthetic process
GO:1901568,55,GO:0006629,0.554,2.156456719307169,1,fatty acid derivative metabolic process,lipid metabolic process
GO:1900045,9,GO:0009889,0.329,2.156456719307169,0,negative regulation of protein K63-linked ubiquitination,regulation of biosynthetic process
GO:1900044,9,GO:0009889,0.329,2.156456719307169,0,regulation of protein K63-linked ubiquitination,regulation of biosynthetic process
GO:0060193,30,GO:0065009,0.575,2.156456719307169,0,positive regulation of lipase activity,regulation of molecular function
GO:0045666,13,GO:0045595,0.703,2.156456719307169,3,positive regulation of neuron differentiation,regulation of cell differentiation
GO:0043162,37,GO:1901564,0.313,2.156456719307169,5,ubiquitin-dependent protein catabolic process via the multivesicular body sorting pathway,organonitrogen compound metabolic process
GO:0033559,55,GO:0006629,0.588,2.156456719307169,0,unsaturated fatty acid metabolic process,lipid metabolic process
GO:0032787,47,GO:0044281,0.765,2.156456719307169,2,monocarboxylic acid metabolic process,small molecule metabolic process
GO:0030307,31,GO:0040008,0.809,2.156456719307169,9,positive regulation of cell growth,regulation of growth
GO:0010992,14,GO:0042592,0.613,2.156456719307169,1,ubiquitin recycling,homeostatic process
GO:0010976,27,GO:0022607,0.401,2.156456719307169,2,positive regulation of neuron projection development,cellular component assembly
GO:0006954,40,GO:0006974,0.363,2.156456719307169,0,inflammatory response,cellular response to DNA damage stimulus
GO:0006693,47,GO:0044281,0.467,2.156456719307169,2,prostaglandin metabolic process,small molecule metabolic process
GO:2000648,29,GO:0008283,0.808,2.143400621850691,5,positive regulation of stem cell proliferation,cell population proliferation
GO:0072091,29,GO:0008283,0.818,2.143400621850691,0,regulation of stem cell proliferation,cell population proliferation
GO:0071542,6,GO:0030182,0.574,2.143400621850691,2,dopaminergic neuron differentiation,neuron differentiation
GO:1900864,36,GO:1901360,0.284,2.1335297678785476,0,mitochondrial RNA modification,organic cyclic compound metabolic process
GO:0090646,36,GO:1901360,0.301,2.1335297678785476,0,mitochondrial tRNA processing,organic cyclic compound metabolic process
GO:0090407,26,GO:0006793,0.706,2.1335297678785476,0,organophosphate biosynthetic process,phosphorus metabolic process
GO:0072521,73,GO:0072521,0.991,2.1335297678785476,0,purine-containing compound metabolic process,purine-containing compound metabolic process
GO:0070900,36,GO:1901360,0.284,2.1335297678785476,0,mitochondrial tRNA modification,organic cyclic compound metabolic process
GO:0070525,36,GO:1901360,0.322,2.1335297678785476,3,tRNA threonylcarbamoyladenosine metabolic process,organic cyclic compound metabolic process
GO:0051189,37,GO:1901564,0.33,2.1335297678785476,0,prosthetic group metabolic process,organonitrogen compound metabolic process
GO:0046128,62,GO:1901657,0.901,2.1335297678785476,0,purine ribonucleoside metabolic process,glycosyl compound metabolic process
GO:0046039,73,GO:0072521,0.66,2.1335297678785476,1,GTP metabolic process,purine-containing compound metabolic process
GO:0043545,37,GO:1901564,0.33,2.1335297678785476,2,molybdopterin cofactor metabolic process,organonitrogen compound metabolic process
GO:0042278,62,GO:1901657,0.917,2.1335297678785476,1,purine nucleoside metabolic process,glycosyl compound metabolic process
GO:0034227,36,GO:1901360,0.332,2.1335297678785476,7,tRNA thio-modification,organic cyclic compound metabolic process
GO:0032324,37,GO:1901564,0.282,2.1335297678785476,4,molybdopterin cofactor biosynthetic process,organonitrogen compound metabolic process
GO:0031163,27,GO:0022607,0.651,2.1335297678785476,0,metallo-sulfur cluster assembly,cellular component assembly
GO:0019693,62,GO:1901657,0.627,2.1335297678785476,3,ribose phosphate metabolic process,glycosyl compound metabolic process
GO:0018283,27,GO:0022607,0.493,2.1335297678785476,1,iron incorporation into metallo-sulfur cluster,cellular component assembly
GO:0018282,27,GO:0022607,0.493,2.1335297678785476,0,metal incorporation into metallo-sulfur cluster,cellular component assembly
GO:0016226,27,GO:0022607,0.651,2.1335297678785476,27,iron-sulfur cluster assembly,cellular component assembly
GO:0009259,62,GO:1901657,0.627,2.1335297678785476,1,ribonucleotide metabolic process,glycosyl compound metabolic process
GO:0009205,47,GO:0044281,0.651,2.1335297678785476,0,purine ribonucleoside triphosphate metabolic process,small molecule metabolic process
GO:0009199,47,GO:0044281,0.656,2.1335297678785476,0,ribonucleoside triphosphate metabolic process,small molecule metabolic process
GO:0009150,73,GO:0072521,0.977,2.1335297678785476,1,purine ribonucleotide metabolic process,purine-containing compound metabolic process
GO:0009144,47,GO:0044281,0.651,2.1335297678785476,0,purine nucleoside triphosphate metabolic process,small molecule metabolic process
GO:0009141,47,GO:0044281,0.662,2.1335297678785476,0,nucleoside triphosphate metabolic process,small molecule metabolic process
GO:0009119,62,GO:1901657,0.944,2.1335297678785476,0,ribonucleoside metabolic process,glycosyl compound metabolic process
GO:0009117,47,GO:0044281,0.79,2.1335297678785476,5,nucleotide metabolic process,small molecule metabolic process
GO:0009116,62,GO:1901657,0.976,2.1335297678785476,4,nucleoside metabolic process,glycosyl compound metabolic process
GO:0008033,36,GO:1901360,0.463,2.1335297678785476,56,tRNA processing,organic cyclic compound metabolic process
GO:0006790,74,GO:0006790,0.99,2.1335297678785476,4,sulfur compound metabolic process,sulfur compound metabolic process
GO:0006753,47,GO:0044281,0.793,2.1335297678785476,2,nucleoside phosphate metabolic process,small molecule metabolic process
GO:0006520,47,GO:0044281,0.784,2.1335297678785476,16,cellular amino acid metabolic process,small molecule metabolic process
GO:0006400,36,GO:1901360,0.433,2.1335297678785476,18,tRNA modification,organic cyclic compound metabolic process
GO:0006399,36,GO:1901360,0.5,2.1335297678785476,2,tRNA metabolic process,organic cyclic compound metabolic process
GO:0006163,73,GO:0072521,0.982,2.1335297678785476,2,purine nucleotide metabolic process,purine-containing compound metabolic process
GO:0000963,36,GO:1901360,0.322,2.1335297678785476,1,mitochondrial RNA processing,organic cyclic compound metabolic process
GO:0000959,36,GO:1901360,0.351,2.1335297678785476,0,mitochondrial RNA metabolic process,organic cyclic compound metabolic process
GO:0000096,74,GO:0006790,0.842,2.1335297678785476,0,sulfur amino acid metabolic process,sulfur compound metabolic process
GO:0098542,48,GO:0051707,0.982,2.128263906955751,6,defense response to other organism,response to other organism
GO:0070475,36,GO:1901360,0.325,2.128263906955751,6,rRNA base methylation,organic cyclic compound metabolic process
GO:0042742,48,GO:0051707,0.883,2.128263906955751,15,defense response to bacterium,response to other organism
GO:0042274,27,GO:0022607,0.641,2.128263906955751,7,ribosomal small subunit biogenesis,cellular component assembly
GO:0031167,36,GO:1901360,0.354,2.128263906955751,11,rRNA methylation,organic cyclic compound metabolic process
GO:0030490,27,GO:0022607,0.618,2.128263906955751,12,maturation of SSU-rRNA,cellular component assembly
GO:0017126,3,GO:0051128,0.293,2.128263906955751,2,nucleologenesis,regulation of cellular component organization
GO:0016072,36,GO:1901360,0.481,2.128263906955751,0,rRNA metabolic process,organic cyclic compound metabolic process
GO:0007000,3,GO:0051128,0.314,2.128263906955751,0,nucleolus organization,regulation of cellular component organization
GO:0006997,3,GO:0051128,0.404,2.128263906955751,19,nucleus organization,regulation of cellular component organization
GO:0006364,36,GO:1901360,0.475,2.128263906955751,90,rRNA processing,organic cyclic compound metabolic process
GO:0001510,36,GO:1901360,0.42,2.128263906955751,21,RNA methylation,organic cyclic compound metabolic process
GO:0000462,27,GO:0022607,0.599,2.128263906955751,19,"maturation of SSU-rRNA from tricistronic rRNA transcript (SSU-rRNA, 5.8S rRNA, LSU-rRNA)",cellular component assembly
GO:0000154,36,GO:1901360,0.372,2.128263906955751,5,rRNA modification,organic cyclic compound metabolic process
GO:1903008,3,GO:0051128,0.382,2.1265430748656606,0,organelle disassembly,regulation of cellular component organization
GO:0071166,42,GO:0051641,0.417,2.1265430748656606,0,ribonucleoprotein complex localization,cellular localization
GO:0070481,36,GO:1901360,0.268,2.1265430748656606,1,"nuclear-transcribed mRNA catabolic process, non-stop decay",organic cyclic compound metabolic process
GO:0051169,42,GO:0051641,0.655,2.1265430748656606,3,nuclear transport,cellular localization
GO:0051168,42,GO:0051641,0.604,2.1265430748656606,0,nuclear export,cellular localization
GO:0043523,32,GO:0042981,0.779,2.1265430748656606,1,regulation of neuron apoptotic process,regulation of apoptotic process
GO:0033750,54,GO:0051640,0.723,2.1265430748656606,0,ribosome localization,organelle localization
GO:0032988,3,GO:0051128,0.308,2.1265430748656606,0,ribonucleoprotein complex disassembly,regulation of cellular component organization
GO:0032790,3,GO:0051128,0.293,2.1265430748656606,2,ribosome disassembly,regulation of cellular component organization
GO:0032069,30,GO:0065009,0.548,2.1265430748656606,0,regulation of nuclease activity,regulation of molecular function
GO:0031503,10,GO:0051179,0.418,2.1265430748656606,0,protein-containing complex localization,localization
GO:0006913,42,GO:0051641,0.654,2.1265430748656606,13,nucleocytoplasmic transport,cellular localization
GO:0006611,42,GO:0051641,0.492,2.1265430748656606,8,protein export from nucleus,cellular localization
GO:0006413,49,GO:0043603,0.745,2.1265430748656606,59,translational initiation,cellular amide metabolic process
GO:0006405,42,GO:0051641,0.581,2.1265430748656606,6,RNA export from nucleus,cellular localization
GO:0006402,23,GO:0044248,0.734,2.1265430748656606,11,mRNA catabolic process,cellular catabolic process
GO:0000956,23,GO:0044248,0.714,2.1265430748656606,22,nuclear-transcribed mRNA catabolic process,cellular catabolic process
GO:0000054,54,GO:0051640,0.723,2.1265430748656606,4,ribosomal subunit export from nucleus,organelle localization
GO:0051153,13,GO:0045595,0.781,2.1265430748656606,1,regulation of striated muscle cell differentiation,regulation of cell differentiation
GO:0042060,40,GO:0006974,0.433,2.1265430748656606,1,wound healing,cellular response to DNA damage stimulus
GO:0009611,40,GO:0006974,0.513,2.1265430748656606,5,response to wounding,cellular response to DNA damage stimulus
GO:0090598,25,GO:0022412,0.59,2.0667006890425363,0,male anatomical structure morphogenesis,cellular process involved in reproduction in multicellular organism
GO:0045138,25,GO:0022412,0.577,2.0667006890425363,80,nematode male tail tip morphogenesis,cellular process involved in reproduction in multicellular organism
GO:0009957,16,GO:0030855,0.922,2.0667006890425363,7,epidermal cell fate specification,epithelial cell differentiation
GO:1903531,24,GO:0051049,0.696,2.050786627645711,0,negative regulation of secretion by cell,regulation of transport
GO:0140056,75,GO:0140056,0.999,2.050786627645711,0,organelle localization by membrane tethering,organelle localization by membrane tethering
GO:0140029,35,GO:0016192,0.674,2.050786627645711,0,exocytic process,vesicle-mediated transport
GO:0120031,27,GO:0022607,0.773,2.050786627645711,0,plasma membrane bounded cell projection assembly,cellular component assembly
GO:0099643,35,GO:0016192,0.369,2.050786627645711,0,signal release from synapse,vesicle-mediated transport
GO:0099537,4,GO:0023052,0.618,2.050786627645711,0,trans-synaptic signaling,signaling
GO:0099536,4,GO:0023052,0.621,2.050786627645711,4,synaptic signaling,signaling
GO:0099500,3,GO:0051128,0.322,2.050786627645711,0,vesicle fusion to plasma membrane,regulation of cellular component organization
GO:0098916,4,GO:0023052,0.618,2.050786627645711,0,anterograde trans-synaptic signaling,signaling
GO:0097479,54,GO:0051640,0.796,2.050786627645711,2,synaptic vesicle localization,organelle localization
GO:0097352,3,GO:0051128,0.318,2.050786627645711,3,autophagosome maturation,regulation of cellular component organization
GO:0090174,3,GO:0051128,0.385,2.050786627645711,0,organelle membrane fusion,regulation of cellular component organization
GO:0071806,18,GO:0090087,0.477,2.050786627645711,1,protein transmembrane transport,regulation of peptide transport
GO:0065002,18,GO:0090087,0.476,2.050786627645711,2,intracellular protein transmembrane transport,regulation of peptide transport
GO:0061025,3,GO:0051128,0.392,2.050786627645711,9,membrane fusion,regulation of cellular component organization
GO:0060271,27,GO:0022607,0.766,2.050786627645711,75,cilium assembly,cellular component assembly
GO:0051650,54,GO:0051640,0.85,2.050786627645711,0,establishment of vesicle localization,organelle localization
GO:0051648,54,GO:0051640,0.856,2.050786627645711,0,vesicle localization,organelle localization
GO:0051048,24,GO:0051049,0.702,2.050786627645711,0,negative regulation of secretion,regulation of transport
GO:0048489,54,GO:0051640,0.783,2.050786627645711,18,synaptic vesicle transport,organelle localization
GO:0048284,3,GO:0051128,0.396,2.050786627645711,8,organelle fusion,regulation of cellular component organization
GO:0045026,3,GO:0051128,0.293,2.050786627645711,2,plasma membrane fusion,regulation of cellular component organization
GO:0044782,27,GO:0022607,0.46,2.050786627645711,2,cilium organization,cellular component assembly
GO:0031629,3,GO:0051128,0.322,2.050786627645711,7,synaptic vesicle fusion to presynaptic active zone membrane,regulation of cellular component organization
GO:0030728,25,GO:0022412,0.642,2.050786627645711,13,ovulation,cellular process involved in reproduction in multicellular organism
GO:0030031,27,GO:0022607,0.777,2.050786627645711,7,cell projection assembly,cellular component assembly
GO:0023061,35,GO:0016192,0.379,2.050786627645711,0,signal release,vesicle-mediated transport
GO:0022406,75,GO:0140056,0.997,2.050786627645711,0,membrane docking,organelle localization by membrane tethering
GO:0017156,35,GO:0016192,0.68,2.050786627645711,12,calcium-ion regulated exocytosis,vesicle-mediated transport
GO:0016082,35,GO:0016192,0.584,2.050786627645711,6,synaptic vesicle priming,vesicle-mediated transport
GO:0016079,35,GO:0016192,0.681,2.050786627645711,9,synaptic vesicle exocytosis,vesicle-mediated transport
GO:0016050,3,GO:0051128,0.415,2.050786627645711,2,vesicle organization,regulation of cellular component organization
GO:0010256,3,GO:0051128,0.442,2.050786627645711,0,endomembrane system organization,regulation of cellular component organization
GO:0007269,35,GO:0016192,0.369,2.050786627645711,11,neurotransmitter secretion,vesicle-mediated transport
GO:0007268,4,GO:0023052,0.618,2.050786627645711,144,chemical synaptic transmission,signaling
GO:0007030,3,GO:0051128,0.379,2.050786627645711,33,Golgi organization,regulation of cellular component organization
GO:0006906,3,GO:0051128,0.385,2.050786627645711,24,vesicle fusion,regulation of cellular component organization
GO:0006903,54,GO:0051640,0.728,2.050786627645711,1,vesicle targeting,organelle localization
GO:0006892,35,GO:0016192,0.658,1.8986171265808307,3,post-Golgi vesicle-mediated transport,vesicle-mediated transport
GO:2001251,3,GO:0051128,0.691,1.8716060270974502,0,negative regulation of chromosome organization,regulation of cellular component organization
GO:2000816,61,GO:0007059,0.753,1.8716060270974502,0,negative regulation of mitotic sister chromatid separation,chromosome segregation
GO:2000242,25,GO:0022412,0.515,1.8716060270974502,0,negative regulation of reproductive process,cellular process involved in reproduction in multicellular organism
GO:2000211,9,GO:0009889,0.329,1.8716060270974502,0,regulation of glutamate metabolic process,regulation of biosynthetic process
GO:1905819,61,GO:0007059,0.755,1.8716060270974502,0,negative regulation of chromosome separation,chromosome segregation
GO:1905818,61,GO:0007059,0.809,1.8716060270974502,0,regulation of chromosome separation,chromosome segregation
GO:1902905,3,GO:0051128,0.691,1.8716060270974502,0,positive regulation of supramolecular fiber organization,regulation of cellular component organization
GO:1902904,3,GO:0051128,0.72,1.8716060270974502,0,negative regulation of supramolecular fiber organization,regulation of cellular component organization
GO:1902100,3,GO:0051128,0.681,1.8716060270974502,0,negative regulation of metaphase/anaphase transition of cell cycle,regulation of cellular component organization
GO:1902099,3,GO:0051128,0.712,1.8716060270974502,0,regulation of metaphase/anaphase transition of cell cycle,regulation of cellular component organization
GO:1901880,3,GO:0051128,0.688,1.8716060270974502,0,negative regulation of protein depolymerization,regulation of cellular component organization
GO:1901879,3,GO:0051128,0.699,1.8716060270974502,0,regulation of protein depolymerization,regulation of cellular component organization
GO:0120034,27,GO:0022607,0.564,1.8716060270974502,0,positive regulation of plasma membrane bounded cell projection assembly,cellular component assembly
GO:0120032,27,GO:0022607,0.64,1.8716060270974502,0,regulation of plasma membrane bounded cell projection assembly,cellular component assembly
GO:0099024,3,GO:0051128,0.392,1.8716060270974502,0,plasma membrane invagination,regulation of cellular component organization
GO:0097435,3,GO:0051128,0.463,1.8716060270974502,0,supramolecular fiber organization,regulation of cellular component organization
GO:0097305,34,GO:0042221,0.497,1.8716060270974502,1,response to alcohol,response to chemical
GO:0090630,30,GO:0065009,0.715,1.8716060270974502,31,activation of GTPase activity,regulation of molecular function
GO:0071174,7,GO:0022402,0.644,1.8716060270974502,0,mitotic spindle checkpoint signaling,cell cycle process
GO:0071173,7,GO:0022402,0.646,1.8716060270974502,0,spindle assembly checkpoint signaling,cell cycle process
GO:0070830,27,GO:0022607,0.518,1.8716060270974502,2,bicellular tight junction assembly,cellular component assembly
GO:0062012,47,GO:0044281,0.57,1.8716060270974502,0,regulation of small molecule metabolic process,small molecule metabolic process
GO:0061351,29,GO:0008283,0.875,1.8716060270974502,0,neural precursor cell proliferation,cell population proliferation
GO:0060632,59,GO:0007017,0.681,1.8716060270974502,0,regulation of microtubule-based movement,microtubule-based process
GO:0060491,27,GO:0022607,0.64,1.8716060270974502,0,regulation of cell projection assembly,cellular component assembly
GO:0051988,7,GO:0022402,0.528,1.8716060270974502,0,regulation of attachment of spindle microtubules to kinetochore,cell cycle process
GO:0051985,61,GO:0007059,0.755,1.8716060270974502,0,negative regulation of chromosome segregation,chromosome segregation
GO:0051784,3,GO:0051128,0.691,1.8716060270974502,0,negative regulation of nuclear division,regulation of cellular component organization
GO:0051782,64,GO:0061640,0.66,1.8716060270974502,13,negative regulation of cell division,cytoskeleton-dependent cytokinesis
GO:0051781,64,GO:0061640,0.66,1.8716060270974502,7,positive regulation of cell division,cytoskeleton-dependent cytokinesis
GO:0051495,3,GO:0051128,0.695,1.8716060270974502,0,positive regulation of cytoskeleton organization,regulation of cellular component organization
GO:0051494,3,GO:0051128,0.73,1.8716060270974502,0,negative regulation of cytoskeleton organization,regulation of cellular component organization
GO:0051302,64,GO:0061640,0.751,1.8716060270974502,12,regulation of cell division,cytoskeleton-dependent cytokinesis
GO:0051260,3,GO:0051128,0.384,1.8716060270974502,50,protein homooligomerization,regulation of cellular component organization
GO:0051259,3,GO:0051128,0.386,1.8716060270974502,2,protein complex oligomerization,regulation of cellular component organization
GO:0046716,14,GO:0042592,0.771,1.8716060270974502,23,muscle cell cellular homeostasis,homeostatic process
GO:0045841,61,GO:0007059,0.753,1.8716060270974502,0,negative regulation of mitotic metaphase/anaphase transition,chromosome segregation
GO:0045839,3,GO:0051128,0.679,1.8716060270974502,0,negative regulation of mitotic nuclear division,regulation of cellular component organization
GO:0045785,76,GO:0045785,1,1.8716060270974502,0,positive regulation of cell adhesion,positive regulation of cell adhesion
GO:0045216,27,GO:0022607,0.364,1.8716060270974502,7,cell-cell junction organization,cellular component assembly
GO:0044089,27,GO:0022607,0.624,1.8716060270974502,0,positive regulation of cellular component biogenesis,cellular component assembly
GO:0043652,3,GO:0051128,0.385,1.8716060270974502,24,engulfment of apoptotic cell,regulation of cellular component organization
GO:0043547,30,GO:0065009,0.763,1.8716060270974502,31,positive regulation of GTPase activity,regulation of molecular function
GO:0043297,27,GO:0022607,0.534,1.8716060270974502,0,apical junction assembly,cellular component assembly
GO:0043277,35,GO:0016192,0.736,1.8716060270974502,9,apoptotic cell clearance,vesicle-mediated transport
GO:0043242,3,GO:0051128,0.688,1.8716060270974502,0,negative regulation of protein-containing complex disassembly,regulation of cellular component organization
GO:0043087,30,GO:0065009,0.782,1.8716060270974502,19,regulation of GTPase activity,regulation of molecular function
GO:0040028,44,GO:0048513,0.823,1.8716060270974502,39,regulation of vulval development,animal organ development
GO:0040027,2,GO:0010629,0.542,1.8716060270974502,51,negative regulation of vulval development,negative regulation of gene expression
GO:0040025,44,GO:0048513,0.869,1.8716060270974502,76,vulval development,animal organ development
GO:0034330,27,GO:0022607,0.452,1.8716060270974502,0,cell junction organization,cellular component assembly
GO:0034329,27,GO:0022607,0.728,1.8716060270974502,0,cell junction assembly,cellular component assembly
GO:0033238,9,GO:0009889,0.329,1.8716060270974502,0,regulation of cellular amine metabolic process,regulation of biosynthetic process
GO:0033048,61,GO:0007059,0.753,1.8716060270974502,0,negative regulation of mitotic sister chromatid segregation,chromosome segregation
GO:0033047,3,GO:0051128,0.701,1.8716060270974502,0,regulation of mitotic sister chromatid segregation,regulation of cellular component organization
GO:0033046,61,GO:0007059,0.753,1.8716060270974502,0,negative regulation of sister chromatid segregation,chromosome segregation
GO:0032273,27,GO:0022607,0.564,1.8716060270974502,1,positive regulation of protein polymerization,cellular component assembly
GO:0031577,7,GO:0022402,0.646,1.8716060270974502,0,spindle checkpoint signaling,cell cycle process
GO:0031334,27,GO:0022607,0.602,1.8716060270974502,2,positive regulation of protein-containing complex assembly,cellular component assembly
GO:0031272,27,GO:0022607,0.518,1.8716060270974502,2,regulation of pseudopodium assembly,cellular component assembly
GO:0031122,3,GO:0051128,0.362,1.8716060270974502,14,cytoplasmic microtubule organization,regulation of cellular component organization
GO:0031114,59,GO:0007017,0.623,1.8716060270974502,0,regulation of microtubule depolymerization,microtubule-based process
GO:0031113,59,GO:0007017,0.649,1.8716060270974502,2,regulation of microtubule polymerization,microtubule-based process
GO:0031112,59,GO:0007017,0.574,1.8716060270974502,0,positive regulation of microtubule polymerization or depolymerization,microtubule-based process
GO:0031111,59,GO:0007017,0.659,1.8716060270974502,0,negative regulation of microtubule polymerization or depolymerization,microtubule-based process
GO:0031110,59,GO:0007017,0.687,1.8716060270974502,4,regulation of microtubule polymerization or depolymerization,microtubule-based process
GO:0030866,3,GO:0051128,0.366,1.8716060270974502,20,cortical actin cytoskeleton organization,regulation of cellular component organization
GO:0030865,3,GO:0051128,0.372,1.8716060270974502,6,cortical cytoskeleton organization,regulation of cellular component organization
GO:0030588,6,GO:0030182,0.357,1.8716060270974502,1,pseudocleavage,neuron differentiation
GO:0030155,76,GO:0045785,0.892,1.8716060270974502,10,regulation of cell adhesion,positive regulation of cell adhesion
GO:0030071,3,GO:0051128,0.697,1.8716060270974502,1,regulation of mitotic metaphase/anaphase transition,regulation of cellular component organization
GO:0030036,67,GO:0032970,0.863,1.8716060270974502,33,actin cytoskeleton organization,regulation of actin filament-based process
GO:0030029,67,GO:0032970,0.87,1.8716060270974502,1,actin filament-based process,regulation of actin filament-based process
GO:0016476,20,GO:0051960,0.641,1.8716060270974502,4,regulation of embryonic cell shape,regulation of nervous system development
GO:0010965,61,GO:0007059,0.797,1.8716060270974502,3,regulation of mitotic sister chromatid separation,chromosome segregation
GO:0010639,3,GO:0051128,0.775,1.8716060270974502,0,negative regulation of organelle organization,regulation of cellular component organization
GO:0010565,47,GO:0044281,0.547,1.8716060270974502,0,regulation of cellular ketone metabolic process,small molecule metabolic process
GO:0010324,3,GO:0051128,0.392,1.8716060270974502,0,membrane invagination,regulation of cellular component organization
GO:0009954,6,GO:0030182,0.367,1.8716060270974502,1,proximal/distal pattern formation,neuron differentiation
GO:0007405,29,GO:0008283,0.875,1.8716060270974502,0,neuroblast proliferation,cell population proliferation
GO:0007155,76,GO:0045785,0.724,1.8716060270974502,59,cell adhesion,positive regulation of cell adhesion
GO:0007094,61,GO:0007059,0.753,1.8716060270974502,20,mitotic spindle assembly checkpoint signaling,chromosome segregation
GO:0007091,3,GO:0051128,0.707,1.8716060270974502,5,metaphase/anaphase transition of mitotic cell cycle,regulation of cellular component organization
GO:0007043,27,GO:0022607,0.598,1.8716060270974502,4,cell-cell junction assembly,cellular component assembly
GO:0007026,59,GO:0007017,0.604,1.8716060270974502,4,negative regulation of microtubule depolymerization,microtubule-based process
GO:0006911,3,GO:0051128,0.39,1.8716060270974502,1,"phagocytosis, engulfment",regulation of cellular component organization
GO:0006909,35,GO:0016192,0.752,1.8716060270974502,10,phagocytosis,vesicle-mediated transport
GO:0006521,9,GO:0009889,0.329,1.8716060270974502,0,regulation of cellular amino acid metabolic process,regulation of biosynthetic process
GO:0001714,16,GO:0030855,0.667,1.8716060270974502,23,endodermal cell fate specification,epithelial cell differentiation
GO:0000820,9,GO:0009889,0.329,1.8716060270974502,0,regulation of glutamine family amino acid metabolic process,regulation of biosynthetic process
GO:0000281,64,GO:0061640,0.954,1.8716060270974502,41,mitotic cytokinesis,cytoskeleton-dependent cytokinesis
GO:0061077,77,GO:0061077,0.999,1.8716060270974502,9,chaperone-mediated protein folding,chaperone-mediated protein folding
GO:0034976,40,GO:0006974,0.759,1.8716060270974502,18,response to endoplasmic reticulum stress,cellular response to DNA damage stimulus
GO:0006457,77,GO:0061077,0.849,1.8716060270974502,108,protein folding,chaperone-mediated protein folding
