GO,GO:0006807,GO:0006996,GO:0008152,GO:0009987,GO:0016043,GO:0019222,GO:0031323,GO:0043170,GO:0044237,GO:0044238,GO:0044260,GO:0048519,GO:0048523,GO:0050789,GO:0050794,GO:0050896,GO:0065007,GO:0071704,GO:0071840,GO:0006139,GO:0006725,GO:0034641,GO:0046483,GO:0090304,GO:1901360,GO:0051716,GO:0051179,GO:0043412,GO:0009893,GO:0009966,GO:0010604,GO:0010646,GO:0023051,GO:0031325,GO:0048518,GO:0048522,GO:0048583,GO:0051171,GO:0051173,GO:0060255,GO:0080090,GO:0019538,GO:1901564,GO:0050790,GO:0065009,GO:0051276,GO:0010033,GO:0042221,GO:0031399,GO:0031401,GO:0043085,GO:0044093,GO:0051246,GO:0051247,GO:1902531,GO:0006396,GO:0010467,GO:0016070,GO:0009892,GO:0031324,GO:0006355,GO:0009889,GO:0009967,GO:0010468,GO:0010556,GO:0010647,GO:0010941,GO:0019219,GO:0023056,GO:0031326,GO:0036211,GO:0042981,GO:0043067,GO:0048584,GO:0051252,GO:1903506,GO:2000112,GO:2001141,GO:0019220,GO:0051174,GO:0044085,GO:0051128,GO:0007346,GO:0051726,GO:0006950,GO:0033554,GO:0051640,GO:0051641,GO:0006810,GO:0051234,GO:1903320,GO:1903322,GO:0034470,GO:0034660,GO:0000122,GO:0006357,GO:0009890,GO:0010558,GO:0010605,GO:0010629,GO:0016567,GO:0031327,GO:0032446,GO:0045892,GO:0045934,GO:0051172,GO:0051253,GO:0070647,GO:0070887,GO:0071310,GO:1902679,GO:1903507,GO:2000113,GO:0001932,GO:0001934,GO:0006915,GO:0008219,GO:0010562,GO:0012501,GO:0032147,GO:0033674,GO:0042325,GO:0042327,GO:0043405,GO:0043406,GO:0043408,GO:0043410,GO:0043549,GO:0045859,GO:0045860,GO:0045937,GO:0051338,GO:0051347,GO:0071900,GO:0071902,GO:1902533,GO:2001233,GO:0022613,GO:0009058,GO:0009059,GO:0034645,GO:0044249,GO:0044271,GO:1901576,GO:0051336,GO:0009968,GO:0010648,GO:0023057,GO:0048585,GO:0006325,GO:0010564,GO:0022607,GO:1901987,GO:1901990,GO:0001558,GO:0001654,GO:0007275,GO:0007423,GO:0009653,GO:0009887,GO:0030154,GO:0032501,GO:0032502,GO:0040008,GO:0043066,GO:0043069,GO:0045595,GO:0048513,GO:0048592,GO:0048731,GO:0048856,GO:0048869,GO:0050793,GO:0051239,GO:0060548,GO:0065008,GO:0090596,GO:2000026,GO:0000724,GO:0000725,GO:0006259,GO:0006281,GO:0006302,GO:0006310,GO:0006974,GO:0032392,GO:0032508,GO:0071103,GO:0016192,GO:0046907,GO:0048489,GO:0051648,GO:0051649,GO:0051650,GO:0051656,GO:0097479,GO:0099003,GO:0010942,GO:0032879,GO:0032880,GO:0034097,GO:0043065,GO:0043068,GO:0071345,GO:2001235,GO:0000154,GO:0006364,GO:0009451,GO:0016072,GO:0030490,GO:0042254,GO:0042274,GO:0010639,GO:0031344,GO:0031345,GO:0031396,GO:0031398,GO:0032006,GO:0032007,GO:0033043,GO:0043087,GO:0043547,GO:0044087,GO:0051129,GO:0051345,GO:0060491,GO:0070848,GO:0090630,GO:0120032,GO:0120033,GO:0120035,GO:1902017,GO:1902018,GO:1902115,GO:1902116,GO:1902532,GO:0006082,GO:0006399,GO:0006412,GO:0006418,GO:0006432,GO:0006518,GO:0006520,GO:0008033,GO:0019752,GO:0043038,GO:0043039,GO:0043043,GO:0043436,GO:0043603,GO:0043604,GO:0044281,GO:1901566,GO:0001704,GO:0001706,GO:0001711,GO:0002009,GO:0002237,GO:0002682,GO:0002683,GO:0006351,GO:0006354,GO:0006366,GO:0006368,GO:0006378,GO:0006397,GO:0006513,GO:0007369,GO:0007492,GO:0008285,GO:0009605,GO:0009607,GO:0009617,GO:0009790,GO:0009791,GO:0009886,GO:0009888,GO:0009891,GO:0010390,GO:0010557,GO:0010628,GO:0010948,GO:0016071,GO:0016570,GO:0016574,GO:0018130,GO:0019438,GO:0019827,GO:0022618,GO:0030111,GO:0030177,GO:0031123,GO:0031124,GO:0031328,GO:0031440,GO:0031647,GO:0031648,GO:0032774,GO:0032784,GO:0032786,GO:0032968,GO:0033523,GO:0033993,GO:0034243,GO:0034402,GO:0034654,GO:0035239,GO:0035295,GO:0035987,GO:0042127,GO:0043207,GO:0043631,GO:0043933,GO:0045165,GO:0045596,GO:0045786,GO:0045787,GO:0045893,GO:0045930,GO:0045935,GO:0045944,GO:0048563,GO:0048569,GO:0048598,GO:0048646,GO:0048729,GO:0050678,GO:0050684,GO:0050685,GO:0051093,GO:0051241,GO:0051254,GO:0051707,GO:0060429,GO:0060562,GO:0060795,GO:0060828,GO:0065003,GO:0071396,GO:0071826,GO:0090068,GO:0090263,GO:0097659,GO:0098727,GO:1901362,GO:1901700,GO:1901701,GO:1901988,GO:1901989,GO:1901991,GO:1902680,GO:1902806,GO:1902807,GO:1902808,GO:1903311,GO:1903313,GO:1903508,GO:2000045,GO:2000134,GO:0070828,GO:0000086,GO:0000278,GO:0007049,GO:0010389,GO:0010563,GO:0010921,GO:0010923,GO:0022402,GO:0022406,GO:0030030,GO:0030031,GO:0035303,GO:0035305,GO:0043086,GO:0044092,GO:0044770,GO:0044772,GO:0044782,GO:0044839,GO:0045936,GO:0051346,GO:0060271,GO:0070925,GO:0120031,GO:0120036,GO:0140056,GO:1902749,GO:1903047,GO:0006839,GO:0055085,GO:0003008,GO:0006468,GO:0006793,GO:0006796,GO:0007010,GO:0007030,GO:0007154,GO:0007165,GO:0007264,GO:0007265,GO:0007266,GO:0007399,GO:0007417,GO:0007420,GO:0007610,GO:0007611,GO:0007612,GO:0007613,GO:0007626,GO:0008283,GO:0008361,GO:0010256,GO:0010720,GO:0016310,GO:0016477,GO:0018105,GO:0018193,GO:0018209,GO:0022008,GO:0022407,GO:0022603,GO:0023052,GO:0030029,GO:0030036,GO:0030155,GO:0030182,GO:0031098,GO:0032535,GO:0035556,GO:0040011,GO:0045597,GO:0045664,GO:0045666,GO:0045765,GO:0048699,GO:0048870,GO:0050767,GO:0050769,GO:0050877,GO:0050890,GO:0051094,GO:0051240,GO:0051960,GO:0051962,GO:0060284,GO:0060322,GO:0090066,GO:1901342,GO:2000027,GO:2001234,GO:2001236,GO:2001237
GO:0006807,0.725,0,0.546,0,0,0.334,0.309,0.466,0.49,0.502,0.318,0,0,0,0,0,0,0.52,0,0.567,0.381,0.599,0.38,0.545,0.383,0,0,0.319,0.243,0,0.238,0,0,0.232,0,0,0,0.47,0.347,0.329,0.314,0.551,0.596,0,0,0,0,0,0.286,0.258,0,0,0.347,0.289,0,0.388,0.365,0.512,0.247,0.213,0.429,0.294,0,0.315,0.293,0,0,0.44,0,0.293,0.468,0,0,0,0.437,0.429,0.189,0.429,0.193,0.193,0,0,0,0,0,0,0,0,0,0,0.208,0.191,0.334,0.354,0.267,0.383,0.202,0.2,0.245,0.218,0.307,0.202,0.315,0.285,0.294,0.334,0.288,0.329,0,0,0.285,0.285,0.168,0.268,0.247,0,0,0.177,0,0.204,0.166,0.187,0.174,0.199,0.182,0,0,0.178,0.253,0.23,0.177,0,0,0.236,0.207,0,0,0,0.36,0.329,0.259,0.356,0.498,0.359,0,0,0,0,0,0,0,0,0,0,0,0,0,0,0,0,0,0,0,0,0,0,0,0,0,0,0,0,0,0,0,0,0,0,0.245,0.245,0.363,0.317,0.262,0.282,0,0,0,0,0,0,0,0,0,0,0,0,0,0,0,0,0,0,0,0,0,0.224,0.292,0.289,0.296,0.233,0,0,0,0,0,0.191,0.186,0,0,0,0,0,0,0,0,0,0,0,0,0,0,0,0,0,0,0,0.249,0.309,0.356,0.259,0.189,0.372,0.329,0.284,0.247,0.265,0.264,0.357,0.247,0.384,0.363,0.285,0.427,0,0,0,0,0,0,0,0.438,0.227,0.39,0.222,0.215,0.323,0.189,0,0,0,0,0,0,0,0,0,0,0.211,0.182,0.21,0.185,0,0.343,0.288,0.198,0.309,0.308,0,0,0,0,0.267,0.235,0.211,0.174,0,0,0.439,0.211,0.199,0.191,0.158,0,0.203,0.167,0.459,0,0,0,0,0,0.221,0,0,0,0,0,0.31,0,0.322,0.301,0,0,0,0,0,0,0.238,0.167,0,0,0.319,0,0,0,0,0,0,0,0,0,0,0.439,0,0.31,0,0,0,0,0,0.31,0,0,0,0.262,0.232,0.31,0,0,0,0,0,0,0,0.157,0.141,0.132,0,0,0,0,0.148,0.134,0,0,0,0,0,0,0.157,0,0,0,0,0,0,0,0,0,0,0,0.377,0.321,0.321,0,0,0,0,0,0,0,0,0,0,0,0,0,0,0,0,0,0,0,0.277,0,0.276,0.346,0.277,0,0,0,0,0,0,0,0,0,0,0,0,0,0,0,0,0,0,0,0,0,0,0,0,0,0,0,0,0,0,0,0,0,0
GO:0006996,0,0.939,0,0.087,0.801,0,0.05,0,0.069,0,0.051,0,0.043,0,0.063,0,0,0,0.778,0.058,0.058,0.06,0.058,0.056,0,0.056,0,0,0,0.038,0,0.039,0,0.04,0,0.046,0,0,0,0,0,0,0,0,0,0.722,0,0,0,0,0,0,0,0,0.035,0.044,0,0.054,0,0.038,0.047,0,0.033,0,0,0.034,0.034,0.048,0,0.048,0,0.032,0.033,0,0.048,0.047,0.034,0.047,0.035,0.035,0.633,0.602,0.033,0.038,0,0.044,0,0.048,0,0,0,0,0.039,0.041,0.033,0.043,0,0,0,0,0,0.036,0,0.034,0.035,0,0.035,0,0.041,0.039,0.034,0.034,0.031,0.033,0.031,0.036,0.038,0.032,0.037,0.026,0.031,0.034,0.032,0.025,0.024,0.03,0.027,0.033,0.031,0.029,0.032,0,0,0.029,0.026,0.031,0.026,0.535,0,0,0.044,0.056,0.053,0,0,0.034,0.034,0,0,0.511,0.036,0.634,0.033,0.03,0.453,0,0,0,0,0,0.048,0,0,0,0.03,0.03,0.035,0,0,0,0,0.048,0,0,0.031,0,0,0,0.03,0.03,0.042,0.037,0.032,0.034,0.04,0.556,0.555,0.568,0,0.042,0.028,0,0.044,0.031,0,0,0,0.031,0,0.034,0,0.029,0.03,0.024,0.021,0.392,0.489,0.035,0.035,0.406,0.518,0.422,0.594,0.505,0.416,0,0,0.027,0.025,0.688,0,0,0.475,0.483,0,0.401,0,0,0.401,0.338,0.503,0.495,0.427,0.546,0.474,0.031,0.043,0.037,0.041,0.032,0.024,0.042,0.039,0.034,0.042,0.032,0.032,0.041,0.042,0.043,0.042,0,0,0,0,0.027,0,0,0,0,0.048,0.029,0.044,0.028,0.027,0.038,0,0,0,0.025,0,0,0,0,0,0,0,0,0,0,0,0.032,0.04,0,0,0.05,0.05,0,0.474,0.03,0.026,0.033,0.029,0.038,0.023,0,0,0.048,0.027,0.025,0.025,0,0,0.026,0.319,0.05,0,0,0.028,0.03,0,0.028,0.576,0.037,0.029,0.033,0.032,0.037,0.031,0.038,0.036,0,0,0,0,0,0.021,0.03,0.022,0,0,0.038,0,0,0,0.031,0.028,0.563,0.021,0.476,0.031,0.025,0.048,0,0,0,0.033,0.031,0.027,0.029,0.037,0.026,0.025,0.023,0.032,0.029,0.037,0.025,0.024,0.409,0.027,0.04,0.046,0.027,0.029,0.027,0.025,0.043,0.029,0.607,0.494,0.028,0.026,0,0,0.034,0.032,0.655,0.027,0.029,0,0.63,0.722,0.492,0.6,0.028,0.027,0.038,0.03,0.047,0,0.043,0.052,0.052,0.788,0.55,0.054,0.053,0.033,0.032,0.028,0,0,0,0,0,0,0,0,0.031,0.453,0.505,0.03,0.046,0.037,0.034,0,0,0.042,0.023,0,0,0.037,0.699,0.027,0.04,0.029,0.482,0.041,0,0.031,0.027,0.023,0,0.041,0.037,0.03,0.028,0,0,0,0,0,0,0.032,0,0,0,0,0.026,0.022,0.022
GO:0008152,0.546,0,0.628,0,0,0.363,0.334,0.526,0.555,0.571,0.344,0,0,0,0,0,0,0.595,0,0.415,0.419,0.441,0.418,0.397,0.422,0,0,0.345,0.258,0,0.253,0,0,0.246,0,0,0,0.338,0.244,0.358,0.339,0.402,0.438,0,0,0,0,0,0.2,0.179,0,0,0.245,0.202,0,0.275,0.4,0.372,0.263,0.224,0.306,0.316,0,0.34,0.315,0,0,0.315,0,0.316,0.337,0,0,0,0.312,0.306,0.198,0.306,0.203,0.203,0,0,0,0,0,0,0,0,0,0,0.144,0.131,0.235,0.25,0.186,0.272,0.213,0.211,0.261,0.23,0.215,0.212,0.221,0.198,0.205,0.235,0.201,0.231,0,0,0.198,0.198,0.175,0.186,0.171,0,0,0.184,0,0.141,0.173,0.196,0.182,0.137,0.125,0,0,0.186,0.176,0.159,0.184,0,0,0.163,0.143,0,0,0,0.394,0.357,0.276,0.39,0.36,0.393,0,0,0,0,0,0,0,0,0,0,0,0,0,0,0,0,0,0,0,0,0,0,0,0,0,0,0,0,0,0,0,0,0,0,0.17,0.17,0.257,0.222,0.182,0.196,0,0,0,0,0,0,0,0,0,0,0,0,0,0,0,0,0,0,0,0,0,0.154,0.204,0.202,0.207,0.161,0,0,0,0,0,0.131,0.127,0,0,0,0,0,0,0,0,0,0,0,0,0,0,0,0,0,0,0,0.265,0.216,0.251,0.18,0.129,0.263,0.231,0.198,0.263,0.184,0.184,0.252,0.263,0.272,0.257,0.307,0.305,0,0,0,0,0,0,0,0.314,0.157,0.277,0.153,0.148,0.227,0.129,0,0,0,0,0,0,0,0,0,0,0.223,0.125,0.222,0.194,0,0.242,0.201,0.136,0.333,0.332,0,0,0,0,0.186,0.162,0.223,0.119,0,0,0.314,0.145,0.137,0.131,0.108,0,0.139,0.115,0.33,0,0,0,0,0,0.153,0,0,0,0,0,0.217,0,0.226,0.21,0,0,0,0,0,0,0.165,0.115,0,0,0.224,0,0,0,0,0,0,0,0,0,0,0.314,0,0.335,0,0,0,0,0,0.217,0,0,0,0.182,0.161,0.217,0,0,0,0,0,0,0,0.164,0.146,0.136,0,0,0,0,0.153,0.138,0,0,0,0,0,0,0.164,0,0,0,0,0,0,0,0,0,0,0,0.267,0.348,0.348,0,0,0,0,0,0,0,0,0,0,0,0,0,0,0,0,0,0,0,0.297,0,0.192,0.244,0.193,0,0,0,0,0,0,0,0,0,0,0,0,0,0,0,0,0,0,0,0,0,0,0,0,0,0,0,0,0,0,0,0,0,0
GO:0009987,0,0.087,0,0.337,0.104,0,0.088,0,0.167,0,0.091,0,0.068,0,0.138,0,0,0,0.107,0.115,0.116,0.124,0.116,0.109,0,0.106,0,0,0,0.056,0,0.06,0,0.062,0,0.076,0,0,0,0,0,0,0,0,0,0.057,0,0,0,0,0,0,0,0,0.049,0.07,0,0.1,0,0.056,0.08,0,0.045,0,0,0.049,0.048,0.082,0,0.082,0,0.045,0.046,0,0.081,0.08,0.049,0.08,0.05,0.05,0.074,0.064,0.045,0.056,0,0.071,0,0.082,0,0,0,0,0.059,0.063,0.045,0.069,0,0,0,0,0,0.052,0,0.049,0.051,0,0.049,0,0.063,0.058,0.049,0.049,0.042,0.045,0.041,0.052,0.056,0.045,0.055,0.034,0.042,0.048,0.044,0.033,0.03,0.04,0.035,0.045,0.043,0.038,0.045,0,0,0.039,0.034,0.041,0.034,0.057,0,0,0.071,0.106,0.097,0,0,0.048,0.049,0,0,0.05,0.052,0.069,0.045,0.041,0.042,0,0,0,0,0,0.08,0,0,0,0.04,0.041,0.05,0,0,0,0,0.081,0,0,0.042,0,0,0,0.041,0.041,0.065,0.055,0.044,0.048,0.06,0.039,0.039,0.04,0,0.066,0.037,0,0.071,0.042,0,0,0,0.042,0,0.048,0,0.039,0.04,0.03,0.025,0.037,0.05,0.05,0.051,0.039,0.055,0.041,0.043,0.049,0.038,0,0,0.036,0.031,0.053,0,0,0.048,0.046,0,0.036,0,0,0.036,0.029,0.049,0.034,0.028,0.038,0.032,0.043,0.067,0.054,0.063,0.044,0.031,0.067,0.058,0.049,0.067,0.045,0.045,0.064,0.067,0.069,0.065,0,0,0,0,0.036,0,0,0,0,0.082,0.038,0.071,0.037,0.036,0.057,0,0,0,0.031,0,0,0,0,0,0,0,0,0,0,0,0.045,0.061,0,0,0.088,0.088,0,0.045,0.04,0.034,0.045,0.039,0.055,0.028,0,0,0.082,0.035,0.033,0.031,0,0,0.033,0.027,0.087,0,0,0.036,0.04,0,0.037,0.06,0.055,0.039,0.046,0.044,0.054,0.041,0.056,0.052,0,0,0,0,0,0.025,0.04,0.027,0,0,0.056,0,0,0,0.043,0.038,0.058,0.025,0.045,0.041,0.033,0.082,0,0,0,0.046,0.043,0.035,0.039,0.054,0.034,0.031,0.028,0.044,0.039,0.054,0.031,0.03,0.037,0.035,0.06,0.075,0.035,0.039,0.035,0.032,0.068,0.038,0.065,0.048,0.037,0.033,0,0,0.047,0.043,0.049,0.035,0.039,0,0.047,0.057,0.047,0.064,0.038,0.035,0.057,0.041,0.078,0,0.068,0.093,0.092,0.065,0.039,0.101,0.096,0.046,0.043,0.036,0,0,0,0,0,0,0,0,0.043,0.042,0.049,0.04,0.077,0.054,0.047,0,0,0.065,0.028,0,0,0.055,0.054,0.035,0.062,0.039,0.046,0.063,0,0.043,0.035,0.028,0,0.064,0.054,0.041,0.037,0,0,0,0,0,0,0.044,0,0,0,0,0.033,0.027,0.027
GO:0016043,0,0.801,0,0.104,0.896,0,0.056,0,0.079,0,0.057,0,0.047,0,0.072,0,0,0,0.871,0.065,0.065,0.068,0.065,0.063,0,0.062,0,0,0,0.041,0,0.043,0,0.044,0,0.051,0,0,0,0,0,0,0,0,0,0.601,0,0,0,0,0,0,0,0,0.037,0.048,0,0.06,0,0.041,0.052,0,0.035,0,0,0.037,0.036,0.053,0,0.053,0,0.035,0.035,0,0.053,0.052,0.037,0.052,0.037,0.037,0.694,0.653,0.035,0.041,0,0.048,0,0.053,0,0,0,0,0.042,0.044,0.035,0.047,0,0,0,0,0,0.039,0,0.037,0.038,0,0.037,0,0.044,0.042,0.037,0.037,0.033,0.035,0.032,0.039,0.041,0.035,0.04,0.027,0.033,0.036,0.034,0.027,0.025,0.031,0.028,0.035,0.033,0.031,0.035,0,0,0.031,0.028,0.032,0.027,0.577,0,0,0.048,0.062,0.059,0,0,0.037,0.037,0,0,0.548,0.039,0.692,0.035,0.032,0.482,0,0,0,0,0,0.052,0,0,0,0.032,0.032,0.037,0,0,0,0,0.052,0,0,0.033,0,0,0,0.032,0.032,0.045,0.04,0.034,0.036,0.043,0.455,0.454,0.465,0,0.046,0.03,0,0.048,0.033,0,0,0,0.033,0,0.036,0,0.031,0.032,0.025,0.022,0.414,0.525,0.037,0.038,0.43,0.558,0.448,0.488,0.541,0.44,0,0,0.029,0.026,0.571,0,0,0.509,0.516,0,0.423,0,0,0.423,0.354,0.538,0.402,0.345,0.446,0.384,0.033,0.047,0.04,0.045,0.034,0.025,0.046,0.042,0.037,0.046,0.035,0.034,0.045,0.046,0.047,0.045,0,0,0,0,0.029,0,0,0,0,0.053,0.03,0.048,0.03,0.029,0.041,0,0,0,0.026,0,0,0,0,0,0,0,0,0,0,0,0.034,0.043,0,0,0.055,0.055,0,0.505,0.031,0.028,0.035,0.031,0.04,0.024,0,0,0.053,0.028,0.027,0.026,0,0,0.027,0.333,0.055,0,0,0.029,0.032,0,0.029,0.624,0.04,0.031,0.035,0.034,0.04,0.032,0.041,0.039,0,0,0,0,0,0.022,0.031,0.023,0,0,0.041,0,0,0,0.033,0.03,0.608,0.022,0.507,0.032,0.027,0.053,0,0,0,0.035,0.034,0.029,0.031,0.04,0.027,0.026,0.024,0.034,0.031,0.04,0.026,0.025,0.432,0.028,0.043,0.05,0.028,0.031,0.028,0.027,0.047,0.03,0.66,0.529,0.03,0.027,0,0,0.036,0.034,0.542,0.029,0.031,0,0.52,0.602,0.526,0.652,0.03,0.028,0.042,0.032,0.051,0,0.047,0.057,0.057,0.662,0.45,0.06,0.059,0.035,0.034,0.029,0,0,0,0,0,0,0,0,0.033,0.482,0.541,0.032,0.051,0.04,0.036,0,0,0.045,0.024,0,0,0.04,0.581,0.028,0.044,0.031,0.514,0.044,0,0.034,0.028,0.024,0,0.045,0.04,0.032,0.03,0,0,0,0,0,0,0.034,0,0,0,0,0.027,0.023,0.023
GO:0019222,0.334,0,0.363,0,0,0.912,0.86,0.326,0.337,0.343,0.246,0.364,0.333,0.534,0.502,0,0.488,0.352,0,0.28,0.282,0.292,0.281,0.272,0.283,0,0,0.247,0.71,0.292,0.698,0.304,0.304,0.683,0.384,0.358,0.317,0.867,0.68,0.903,0.869,0.274,0.29,0.272,0.277,0,0,0,0.579,0.529,0.233,0.238,0.681,0.584,0.265,0.209,0.273,0.26,0.719,0.635,0.807,0.826,0.249,0.871,0.823,0.262,0.26,0.824,0.262,0.825,0.242,0.248,0.252,0.273,0.819,0.807,0.575,0.807,0.586,0.586,0,0.318,0.248,0.29,0,0,0,0,0,0,0.44,0.407,0.184,0.194,0.546,0.738,0.609,0.605,0.715,0.649,0.172,0.608,0.176,0.576,0.592,0.659,0.582,0.182,0,0,0.576,0.576,0.52,0.547,0.51,0,0,0.543,0,0.432,0.515,0.569,0.536,0.423,0.39,0.225,0.204,0.547,0.521,0.48,0.543,0.224,0.211,0.49,0.437,0.233,0.197,0,0.27,0.252,0.209,0.268,0.254,0.27,0.243,0.261,0.263,0.263,0.271,0,0.276,0,0.248,0.23,0.236,0,0,0,0,0,0,0,0,0.274,0.227,0.229,0.266,0,0,0,0,0,0.328,0.326,0.234,0.302,0,0.275,0.142,0.142,0.198,0.177,0.15,0.16,0,0,0,0,0,0,0,0,0,0,0,0,0,0.235,0.304,0.258,0,0.221,0.227,0,0.156,0.131,0.165,0.163,0.167,0.136,0,0,0.239,0.265,0.216,0.407,0.396,0.208,0.185,0.279,0.21,0.203,0.261,0.253,0.212,0.208,0,0.189,0.208,0.174,0.263,0.198,0.17,0.219,0.189,0.239,0.203,0.173,0.195,0.149,0.113,0.202,0.182,0.161,0.201,0.152,0.151,0.195,0.201,0.207,0.198,0.226,0.225,0,0,0,0,0,0.204,0.181,0.23,0.133,0.209,0.13,0.127,0.18,0.113,0,0,0.185,0,0,0,0,0,0,0,0.632,0.109,0.63,0.565,0.246,0.189,0.163,0.117,0.24,0.24,0,0,0.224,0.198,0.153,0.137,0.632,0.373,0.192,0.152,0.23,0.444,0.423,0.407,0.096,0,0.429,0.101,0.239,0,0,0,0.226,0,0.13,0,0,0.221,0.25,0.242,0.62,0.233,0.639,0.603,0,0,0,0,0,0.156,0.494,0.361,0.255,0.255,0.634,0,0,0,0,0.216,0,0,0,0.233,0.193,0.23,0,0.241,0,0,0.24,0.205,0.221,0.62,0.197,0.185,0.17,0.537,0.483,0.62,0.185,0.178,0,0,0,0,0.202,0.491,0.446,0.419,0,0,0,0,0.464,0.426,0.232,0.235,0,0,0,0,0.491,0.224,0,0,0,0,0,0.203,0,0,0,0,0.204,0.248,0.248,0,0,0,0.413,0.25,0.24,0.209,0,0,0,0,0,0,0,0,0,0.211,0,0.226,0.221,0,0.157,0.19,0.157,0,0.17,0.264,0,0,0,0.201,0,0.22,0.224,0.316,0,0.24,0.202,0.17,0.156,0,0,0.231,0.213,0,0,0.286,0.287,0.239,0.224,0.242,0,0.226,0.156,0.221,0.195,0.165,0.165
GO:0031323,0.309,0.05,0.334,0.088,0.056,0.86,0.935,0.303,0.448,0.317,0.333,0.346,0.402,0.495,0.591,0,0.452,0.325,0.056,0.377,0.379,0.391,0.379,0.366,0.265,0.056,0,0.233,0.678,0.354,0.667,0.367,0.291,0.751,0.364,0.43,0.303,0.819,0.651,0.852,0.822,0.257,0.272,0.261,0.265,0.038,0,0,0.558,0.511,0.224,0.229,0.651,0.562,0.322,0.285,0.257,0.351,0.686,0.701,0.88,0.782,0.304,0.823,0.78,0.319,0.316,0.898,0.252,0.899,0.229,0.302,0.308,0.263,0.892,0.88,0.636,0.88,0.648,0.648,0.046,0.384,0.303,0.351,0,0.044,0,0.049,0,0,0.427,0.396,0.253,0.266,0.605,0.808,0.585,0.581,0.682,0.622,0.165,0.672,0.169,0.638,0.655,0.631,0.644,0.174,0.041,0.039,0.638,0.638,0.578,0.607,0.567,0.036,0.038,0.602,0.038,0.482,0.572,0.631,0.595,0.472,0.437,0.275,0.251,0.607,0.579,0.534,0.602,0.216,0.204,0.545,0.488,0.284,0.242,0.039,0.254,0.238,0.286,0.362,0.344,0.253,0.234,0.318,0.32,0.253,0.26,0.035,0.336,0.044,0.303,0.281,0.289,0,0,0,0,0,0.048,0,0,0.264,0.278,0.28,0.324,0,0,0,0,0.048,0.313,0.311,0.286,0.288,0,0.265,0.197,0.197,0.271,0.243,0.208,0.221,0.04,0.03,0.03,0.03,0,0.043,0.028,0,0.045,0.031,0,0,0,0.288,0.291,0.314,0,0.27,0.278,0.024,0.193,0.182,0.228,0.226,0.23,0.189,0.037,0.03,0.293,0.322,0.265,0.396,0.386,0.255,0.228,0.339,0.203,0.197,0.317,0.308,0.205,0.255,0,0.183,0.255,0.215,0.321,0.243,0.21,0.269,0.233,0.293,0.278,0.238,0.267,0.206,0.157,0.276,0.251,0.223,0.276,0.21,0.21,0.268,0.276,0.283,0.271,0.215,0.214,0,0,0.028,0,0,0.198,0.176,0.313,0.185,0.286,0.181,0.176,0.247,0.11,0,0,0.228,0,0,0,0,0,0,0,0.606,0.106,0.604,0.544,0.3,0.259,0.157,0.114,0.326,0.326,0,0.033,0.275,0.243,0.211,0.19,0.697,0.419,0.186,0.148,0.313,0.496,0.472,0.455,0.094,0,0.479,0.142,0.324,0,0,0.028,0.276,0,0.18,0.04,0.038,0.271,0.305,0.295,0.684,0.284,0.705,0.667,0,0,0,0,0,0.193,0.55,0.405,0.246,0.246,0.699,0,0,0,0.032,0.264,0.039,0.021,0.033,0.284,0.237,0.313,0,0.228,0,0.033,0.293,0.252,0.27,0.684,0.242,0.228,0.21,0.596,0.538,0.684,0.228,0.219,0.028,0.027,0.04,0.046,0.249,0.546,0.498,0.469,0.043,0.029,0.042,0.034,0.518,0.476,0.223,0.227,0.034,0.032,0.035,0.027,0.546,0.216,0.034,0.039,0.034,0.042,0.029,0.25,0.039,0.03,0.047,0,0.279,0.336,0.336,0.042,0.029,0.055,0.492,0.305,0.293,0.256,0,0,0,0,0,0,0,0,0.031,0.203,0.035,0.277,0.301,0.037,0.218,0.182,0.152,0.042,0.21,0.254,0,0.038,0.037,0.247,0.041,0.269,0.216,0.382,0,0.293,0.249,0.21,0.152,0.042,0.037,0.282,0.261,0,0,0.275,0.275,0.231,0.217,0.296,0,0.218,0.152,0.214,0.24,0.203,0.203
GO:0043170,0.466,0,0.526,0,0,0.326,0.303,0.748,0.473,0.485,0.515,0,0,0,0,0,0,0.593,0,0.435,0.371,0.388,0.37,0.585,0.441,0,0,0.516,0.239,0,0.388,0,0,0.228,0,0,0,0.306,0.227,0.533,0.307,0.592,0.456,0,0,0,0,0,0.311,0.281,0,0,0.377,0.314,0,0.42,0.589,0.551,0.243,0.21,0.463,0.288,0,0.509,0.474,0,0,0.339,0,0.287,0.504,0,0,0,0.471,0.463,0.309,0.463,0.191,0.191,0,0,0,0,0,0,0,0,0,0,0.227,0.209,0.362,0.383,0.291,0.415,0.199,0.327,0.399,0.356,0.333,0.199,0.342,0.309,0.228,0.219,0.313,0.357,0,0,0.309,0.309,0.275,0.292,0.269,0,0,0.174,0,0.223,0.164,0.184,0.172,0.218,0.199,0,0,0.176,0.276,0.251,0.174,0,0,0.257,0.226,0,0,0,0.351,0.532,0.421,0.348,0.324,0.414,0,0,0,0,0,0,0,0,0,0,0,0,0,0,0,0,0,0,0,0,0,0,0,0,0,0,0,0,0,0,0,0,0,0,0.267,0.267,0.393,0.344,0.285,0.306,0,0,0,0,0,0,0,0,0,0,0,0,0,0,0,0,0,0,0,0,0,0.244,0.318,0.314,0.322,0.254,0,0,0,0,0,0.209,0.203,0,0,0,0,0,0,0,0,0,0,0,0,0,0,0,0,0,0,0,0.289,0.336,0.386,0.282,0.206,0.288,0.255,0.309,0.287,0.206,0.287,0.276,0.287,0.251,0.238,0.28,0.329,0,0,0,0,0,0,0,0.473,0.248,0.421,0.242,0.235,0.351,0.206,0,0,0,0,0,0,0,0,0,0,0.208,0.199,0.343,0.302,0,0.372,0.313,0.216,0.302,0.301,0,0,0,0,0.29,0.256,0.208,0.19,0,0,0.474,0.23,0.218,0.209,0.172,0,0.221,0.183,0.354,0,0,0,0,0,0.241,0,0,0,0,0,0.337,0,0.249,0.327,0,0,0,0,0,0,0.259,0.183,0,0,0.346,0,0,0,0,0,0,0,0,0,0,0.473,0,0.359,0,0,0,0,0,0.337,0,0,0,0.285,0.253,0.337,0,0,0,0,0,0,0,0.156,0.14,0.13,0,0,0,0,0.146,0.133,0,0,0,0,0,0,0.156,0,0,0,0,0,0,0,0,0,0,0,0.408,0.314,0.314,0,0,0,0,0,0,0,0,0,0,0,0,0,0,0,0,0,0,0,0.272,0,0.301,0.375,0.301,0,0,0,0,0,0,0,0,0,0,0,0,0,0,0,0,0,0,0,0,0,0,0,0,0,0,0,0,0,0,0,0,0,0
GO:0044237,0.49,0.069,0.555,0.167,0.079,0.337,0.448,0.473,0.714,0.51,0.461,0,0.057,0,0.097,0,0,0.529,0.081,0.548,0.553,0.58,0.552,0.526,0.388,0.08,0,0.322,0.245,0.048,0.24,0.05,0,0.336,0,0.062,0,0.316,0.233,0.333,0.317,0.371,0.401,0,0,0.048,0,0,0.192,0.172,0,0,0.233,0.193,0.043,0.374,0.369,0.495,0.249,0.307,0.413,0.296,0.04,0.318,0.295,0.042,0.042,0.425,0,0.425,0.314,0.04,0.04,0,0.421,0.413,0.273,0.413,0.279,0.279,0.061,0.053,0.04,0.048,0,0.058,0,0.066,0,0,0.139,0.128,0.321,0.341,0.257,0.369,0.204,0.202,0.247,0.22,0.206,0.292,0.211,0.273,0.283,0.224,0.277,0.22,0.053,0.049,0.273,0.273,0.243,0.257,0.237,0.045,0.048,0.255,0.047,0.196,0.24,0.27,0.252,0.191,0.175,0.035,0.032,0.257,0.243,0.221,0.255,0,0,0.226,0.199,0.037,0.03,0.049,0.364,0.332,0.375,0.517,0.481,0.363,0,0.042,0.043,0,0,0.043,0.045,0.057,0.04,0.036,0.038,0,0,0,0,0,0.065,0,0,0,0.036,0.036,0.043,0,0,0,0,0.065,0,0,0.037,0,0,0,0.235,0.235,0.349,0.305,0.252,0.271,0.051,0.035,0.035,0.036,0,0.055,0.033,0,0.058,0.038,0,0,0,0.037,0,0.042,0,0.035,0.036,0.028,0.023,0.215,0.281,0.278,0.285,0.224,0.047,0.036,0.038,0.043,0.034,0.128,0.124,0.032,0.028,0.046,0,0,0.042,0.041,0,0.032,0,0,0.032,0.027,0.043,0.031,0.026,0.034,0.029,0.038,0.361,0.297,0.343,0.249,0.181,0.358,0.316,0.273,0.357,0.254,0.254,0.344,0.357,0.369,0.349,0.288,0.287,0,0,0.032,0,0,0,0,0.423,0.218,0.375,0.213,0.207,0.311,0.126,0,0,0.028,0,0,0,0,0,0,0,0.213,0.122,0.212,0.186,0.039,0.33,0.193,0.132,0.447,0.446,0,0.04,0.035,0.031,0.256,0.225,0.305,0.167,0,0,0.423,0.202,0.191,0.183,0.105,0,0.195,0.161,0.443,0,0,0.033,0.036,0,0.212,0.051,0.047,0.035,0.04,0.039,0.298,0.037,0.31,0.289,0,0,0,0,0,0.023,0.229,0.161,0,0,0.307,0,0,0,0.038,0.034,0.049,0.023,0.04,0.037,0.03,0.423,0,0.313,0,0.04,0.038,0.032,0.035,0.298,0.03,0.028,0.026,0.252,0.223,0.298,0.028,0.027,0.033,0.032,0.051,0.061,0.031,0.227,0.204,0.19,0.056,0.034,0.054,0.042,0.213,0.193,0,0,0.041,0.038,0.043,0.032,0.227,0,0.041,0.049,0.041,0.053,0.034,0.032,0.049,0.036,0.063,0,0.363,0.466,0.465,0.054,0.035,0.077,0.074,0.04,0.038,0.033,0,0,0,0,0,0,0,0,0.038,0.038,0.043,0.036,0.401,0.046,0.266,0.232,0.185,0.054,0.026,0,0,0.047,0.047,0.031,0.052,0.035,0.04,0.053,0,0.038,0.031,0.026,0,0.054,0.047,0.036,0.033,0,0,0,0,0,0,0.039,0,0,0,0,0.03,0.025,0.025
GO:0044238,0.502,0,0.571,0,0,0.343,0.317,0.485,0.51,0.696,0.326,0,0,0,0,0,0,0.543,0,0.518,0.393,0.412,0.392,0.497,0.396,0,0,0.327,0.248,0,0.243,0,0,0.236,0,0,0,0.32,0.235,0.338,0.428,0.503,0.41,0,0,0,0,0,0.258,0.232,0,0,0.314,0.26,0,0.351,0.376,0.467,0.252,0.216,0.389,0.301,0,0.323,0.3,0,0,0.399,0,0.3,0.425,0,0,0,0.396,0.389,0.192,0.389,0.196,0.196,0,0,0,0,0,0,0,0,0,0,0.187,0.171,0.301,0.32,0.24,0.347,0.206,0.204,0.25,0.222,0.277,0.205,0.284,0.256,0.265,0.226,0.259,0.296,0,0,0.256,0.256,0.17,0.241,0.222,0,0,0.179,0,0.183,0.168,0.19,0.177,0.179,0.163,0,0,0.181,0.228,0.207,0.179,0,0,0.212,0.186,0,0,0,0.371,0.338,0.265,0.367,0.341,0.369,0,0,0,0,0,0,0,0,0,0,0,0,0,0,0,0,0,0,0,0,0,0,0,0,0,0,0,0,0,0,0,0,0,0,0.22,0.22,0.328,0.286,0.235,0.254,0,0,0,0,0,0,0,0,0,0,0,0,0,0,0,0,0,0,0,0,0,0.2,0.263,0.26,0.267,0.209,0,0,0,0,0,0.171,0.166,0,0,0,0,0,0,0,0,0,0,0,0,0,0,0,0,0,0,0,0.254,0.278,0.322,0.233,0.169,0.253,0.297,0.255,0.252,0.238,0.237,0.242,0.252,0.261,0.246,0.292,0.291,0,0,0,0,0,0,0,0.398,0.204,0.352,0.199,0.193,0.291,0.169,0,0,0,0,0,0,0,0,0,0,0.215,0.163,0.214,0.188,0,0.31,0.259,0.177,0.316,0.316,0,0,0,0,0.24,0.211,0.215,0.155,0,0,0.398,0.189,0.179,0.171,0.141,0,0.182,0.15,0.417,0,0,0,0,0,0.198,0,0,0,0,0,0.28,0,0.29,0.271,0,0,0,0,0,0,0.214,0.15,0,0,0.287,0,0,0,0,0,0,0,0,0,0,0.398,0,0.318,0,0,0,0,0,0.28,0,0,0,0.236,0.208,0.28,0,0,0,0,0,0,0,0.159,0.143,0.133,0,0,0,0,0.149,0.135,0,0,0,0,0,0,0.159,0,0,0,0,0,0,0,0,0,0,0,0.341,0.33,0.329,0,0,0,0,0,0,0,0,0,0,0,0,0,0,0,0,0,0,0,0.283,0,0.249,0.312,0.249,0,0,0,0,0,0,0,0,0,0,0,0,0,0,0,0,0,0,0,0,0,0,0,0,0,0,0,0,0,0,0,0,0,0
GO:0044260,0.318,0.051,0.344,0.091,0.057,0.246,0.333,0.515,0.461,0.326,0.928,0,0.044,0,0.066,0,0,0.395,0.058,0.386,0.388,0.401,0.388,0.432,0.321,0.057,0,0.393,0.193,0.039,0.314,0.04,0,0.267,0,0.047,0,0.234,0.185,0.403,0.235,0.436,0.329,0,0,0.039,0,0,0.262,0.24,0,0,0.307,0.264,0.035,0.335,0.434,0.413,0.195,0.249,0.361,0.223,0.033,0.389,0.369,0.035,0.035,0.32,0,0.32,0.386,0.033,0.034,0,0.367,0.361,0.615,0.362,0.23,0.23,0.047,0.042,0.033,0.039,0,0.045,0,0.05,0,0,0.2,0.185,0.297,0.311,0.247,0.331,0.166,0.273,0.321,0.293,0.277,0.238,0.284,0.261,0.232,0.179,0.263,0.293,0.042,0.04,0.261,0.261,0.557,0.248,0.231,0.037,0.039,0.213,0.038,0.196,0.202,0.223,0.211,0.192,0.178,0.03,0.027,0.215,0.236,0.218,0.213,0,0,0.222,0.199,0.031,0.026,0.039,0.26,0.402,0.793,0.37,0.351,0.306,0,0.035,0.035,0,0,0.036,0.037,0.045,0.033,0.031,0.032,0,0,0,0,0,0.049,0,0,0,0.03,0.031,0.036,0,0,0,0,0.049,0,0,0.031,0,0,0,0.543,0.543,0.751,0.673,0.575,0.611,0.041,0.03,0.03,0.031,0,0.043,0.029,0,0.045,0.032,0,0,0,0.032,0,0.034,0,0.03,0.03,0.024,0.021,0.212,0.266,0.264,0.269,0.22,0.038,0.031,0.032,0.035,0.029,0.185,0.181,0.028,0.025,0.037,0,0,0.035,0.034,0,0.028,0,0,0.028,0.023,0.035,0.027,0.023,0.029,0.025,0.032,0.282,0.279,0.739,0.57,0.433,0.281,0.254,0.26,0.28,0.213,0.245,0.272,0.28,0.288,0.275,0.219,0.258,0,0,0.028,0,0,0,0,0.368,0.216,0.336,0.211,0.206,0.289,0.183,0,0,0.025,0,0,0,0,0,0,0,0.172,0.178,0.284,0.255,0.033,0.304,0.263,0.191,0.333,0.332,0,0.033,0.03,0.027,0.247,0.221,0.247,0.17,0,0,0.368,0.202,0.192,0.185,0.156,0,0.195,0.165,0.33,0,0,0.028,0.03,0,0.21,0.04,0.038,0.03,0.033,0.032,0.28,0.031,0.25,0.273,0,0,0,0,0,0.021,0.224,0.165,0,0,0.286,0,0,0,0.032,0.029,0.039,0.021,0.033,0.031,0.026,0.368,0,0.275,0,0.034,0.032,0.028,0.03,0.28,0.026,0.025,0.023,0.243,0.219,0.28,0.025,0.024,0.029,0.027,0.04,0.047,0.027,0.193,0.176,0.165,0.044,0.029,0.043,0.035,0.183,0.168,0,0,0.034,0.032,0.035,0.028,0.193,0,0.034,0.039,0.034,0.042,0.029,0.027,0.039,0.031,0.048,0,0.327,0.343,0.342,0.043,0.03,0.056,0.054,0.033,0.032,0.028,0,0,0,0,0,0,0,0,0.032,0.032,0.035,0.03,0.307,0.038,0.254,0.306,0.254,0.043,0.023,0,0,0.038,0.038,0.027,0.041,0.029,0.034,0.042,0,0.032,0.027,0.023,0,0.042,0.038,0.031,0.029,0,0,0,0,0,0,0.032,0,0,0,0,0.026,0.022,0.022
GO:0048519,0,0,0,0,0,0.364,0.346,0,0,0,0,0.956,0.884,0.451,0.428,0,0.411,0,0,0,0,0,0,0,0,0,0,0,0.291,0.265,0.287,0.275,0.275,0.281,0.34,0.319,0.286,0.348,0.28,0.361,0.349,0,0,0.247,0.25,0,0,0,0.242,0.223,0.214,0.218,0.28,0.244,0.243,0,0,0,0.871,0.779,0.327,0.333,0.23,0.35,0.332,0.241,0.239,0.333,0.24,0.333,0,0.228,0.232,0.25,0.331,0.327,0.24,0.327,0.245,0.245,0,0.287,0.229,0.263,0,0,0,0,0,0,0.187,0.174,0,0,0.678,0.302,0.749,0.744,0.866,0.794,0,0.748,0,0.712,0.731,0.805,0.719,0,0,0,0.712,0.712,0.648,0.23,0.215,0,0,0.228,0,0.184,0.217,0.238,0.226,0.181,0.168,0.209,0.191,0.23,0.22,0.203,0.228,0.206,0.195,0.207,0.186,0.215,0.184,0,0,0,0,0,0,0,0.222,0.708,0.713,0.713,0.732,0,0.252,0,0.229,0.213,0.219,0,0,0,0,0,0,0,0,0.251,0.624,0.627,0.244,0,0,0,0,0,0.295,0.293,0.639,0.271,0,0.252,0,0,0,0,0,0,0,0,0,0,0,0,0,0,0,0,0,0,0,0.218,0.275,0.237,0,0.205,0.211,0,0.148,0,0,0,0,0,0,0,0.654,0.243,0.595,0.174,0.17,0.194,0.515,0.255,0.194,0.189,0.239,0.687,0.196,0.194,0,0.176,0.194,0.486,0.242,0.185,0.475,0.204,0.526,0.654,0,0,0,0,0,0,0,0,0,0,0,0,0,0,0,0,0,0,0,0,0,0,0.191,0.503,0,0,0,0,0,0,0,0,0,0.515,0,0,0,0,0,0,0,0.262,0,0.261,0.236,0.67,0,0,0,0,0,0,0,0.208,0.185,0,0,0.262,0.161,0.178,0.143,0,0.189,0.181,0.174,0,0,0.183,0,0,0,0,0,0.209,0,0,0,0,0.608,0.681,0.223,0.258,0.637,0.265,0.251,0,0,0,0,0,0.148,0.209,0.156,0.693,0.693,0.263,0,0,0,0,0.201,0,0,0,0.215,0.181,0,0,0,0,0,0.655,0.192,0.607,0.258,0.184,0.515,0.161,0.226,0.205,0.258,0.174,0.495,0,0,0,0,0.189,0.614,0.19,0.53,0,0,0,0,0.197,0.538,0.213,0.216,0,0,0,0,0.614,0.206,0,0,0,0,0,0.19,0,0,0,0,0,0,0,0,0,0,0.362,0.23,0.222,0.195,0,0,0,0,0,0,0,0,0,0.195,0,0.21,0,0,0,0,0,0,0.161,0.242,0,0,0,0.188,0,0.204,0.207,0.285,0,0.222,0.189,0.161,0.148,0,0,0.214,0.199,0,0,0.261,0.261,0.221,0.208,0.224,0,0.208,0.148,0.205,0.542,0.156,0.461
GO:0048523,0,0.043,0,0.068,0.047,0.333,0.402,0,0.057,0,0.044,0.884,0.974,0.405,0.488,0,0.368,0,0.048,0.049,0.049,0.051,0.049,0.048,0,0.047,0,0,0.271,0.314,0.267,0.325,0.257,0.332,0.313,0.373,0.267,0.32,0.262,0.33,0.32,0,0,0.23,0.234,0.034,0,0,0.228,0.211,0.201,0.205,0.262,0.23,0.289,0.039,0,0.046,0.81,0.866,0.381,0.307,0.274,0.321,0.307,0.287,0.284,0.388,0.227,0.388,0,0.273,0.277,0.235,0.386,0.381,0.287,0.381,0.291,0.291,0.04,0.338,0.273,0.312,0,0.039,0,0.042,0,0,0.179,0.167,0.035,0.036,0.759,0.354,0.704,0.7,0.806,0.743,0,0.834,0,0.796,0.815,0.753,0.803,0,0.036,0.035,0.796,0.796,0.728,0.275,0.258,0.032,0.034,0.272,0.033,0.223,0.26,0.284,0.27,0.218,0.203,0.251,0.23,0.275,0.263,0.245,0.272,0.195,0.185,0.249,0.225,0.258,0.223,0.034,0,0,0.039,0.047,0.045,0,0.209,0.792,0.797,0.672,0.689,0.032,0.3,0.038,0.273,0.256,0.262,0,0,0,0,0,0.041,0,0,0.236,0.702,0.705,0.29,0,0,0,0,0.042,0.274,0.273,0.719,0.251,0,0.236,0.028,0.028,0.037,0.034,0.029,0.031,0.035,0.027,0.027,0.027,0,0.037,0.026,0,0.039,0.028,0,0,0,0.261,0.257,0.283,0,0.247,0.253,0.022,0.18,0.026,0.032,0.031,0.032,0.027,0.033,0.028,0.734,0.289,0.672,0.167,0.163,0.234,0.585,0.302,0.184,0.179,0.285,0.769,0.186,0.234,0,0.167,0.234,0.554,0.288,0.224,0.542,0.245,0.596,0.734,0.038,0.033,0.036,0.029,0.023,0.038,0.034,0.031,0.037,0.029,0.029,0.037,0.038,0.038,0.037,0,0,0,0,0.025,0,0,0.182,0.482,0.042,0.026,0.039,0.026,0.025,0.034,0,0,0,0.585,0,0,0,0,0,0,0,0.246,0,0.245,0.223,0.751,0.036,0,0,0.043,0.043,0,0.03,0.25,0.224,0.03,0.027,0.311,0.195,0.17,0.138,0.042,0.228,0.218,0.211,0,0,0.221,0.021,0.043,0,0,0.025,0.251,0,0.026,0.035,0.033,0.685,0.762,0.267,0.306,0.716,0.314,0.299,0,0,0,0,0,0.18,0.251,0.189,0.654,0.654,0.312,0,0,0,0.029,0.242,0.034,0.02,0.03,0.258,0.218,0.042,0,0,0,0.03,0.735,0.231,0.684,0.306,0.223,0.585,0.195,0.27,0.246,0.306,0.211,0.563,0.026,0.025,0.035,0.04,0.228,0.692,0.229,0.601,0.038,0.026,0.037,0.031,0.238,0.61,0.201,0.203,0.03,0.029,0.031,0.025,0.692,0.194,0.03,0.034,0.031,0.037,0.026,0.229,0.034,0.028,0.041,0,0.038,0.045,0.044,0.037,0.027,0.046,0.419,0.275,0.265,0.235,0,0,0,0,0,0,0,0,0.028,0.184,0.031,0.252,0.041,0.033,0.03,0,0,0.037,0.195,0.228,0,0.034,0.033,0.227,0.036,0.246,0.195,0.336,0,0.265,0.228,0.195,0.143,0.037,0.033,0.256,0.239,0,0,0.245,0.245,0.209,0.198,0.267,0,0.196,0.143,0.195,0.614,0.189,0.525
GO:0050789,0,0,0,0,0,0.534,0.495,0,0,0,0,0.451,0.405,0.744,0.683,0,0.688,0,0,0,0,0,0,0,0,0,0,0,0.391,0.346,0.383,0.362,0.362,0.373,0.483,0.441,0.381,0.5,0.371,0.527,0.502,0,0,0.325,0.332,0,0,0,0.307,0.277,0.27,0.277,0.371,0.31,0.308,0,0,0,0.397,0.342,0.457,0.47,0.287,0.503,0.468,0.305,0.301,0.469,0.304,0.47,0,0.285,0.291,0.319,0.465,0.457,0.304,0.457,0.311,0.311,0,0.383,0.286,0.342,0,0,0,0,0,0,0.224,0.206,0,0,0.287,0.409,0.326,0.323,0.394,0.351,0,0.325,0,0.305,0.315,0.357,0.309,0,0,0,0.305,0.305,0.271,0.288,0.265,0,0,0.285,0,0.22,0.268,0.301,0.281,0.215,0.196,0.255,0.229,0.288,0.272,0.247,0.285,0.258,0.241,0.253,0.223,0.265,0.22,0,0,0,0,0,0,0,0.284,0.303,0.306,0.306,0.316,0,0.323,0,0.286,0.262,0.27,0,0,0,0,0,0,0,0,0.321,0.259,0.26,0.31,0,0,0,0,0,0.397,0.394,0.267,0.369,0,0.322,0,0,0,0,0,0,0,0,0,0,0,0,0,0,0,0,0,0,0,0.269,0.363,0.299,0,0.25,0.259,0,0.17,0,0,0,0,0,0,0,0.274,0.308,0.244,0.206,0.2,0.234,0.206,0.327,0.239,0.231,0.302,0.292,0.243,0.234,0,0.212,0.234,0.192,0.306,0.221,0.187,0.248,0.21,0.274,0,0,0,0,0,0,0,0,0,0,0,0,0,0,0,0,0,0,0,0,0,0,0.229,0.2,0,0,0,0,0,0,0,0,0,0.206,0,0,0,0,0,0,0,0.34,0,0.339,0.298,0.282,0,0,0,0,0,0,0,0.255,0.221,0,0,0.34,0.187,0.216,0.167,0,0.227,0.215,0.206,0,0,0.218,0,0,0,0,0,0.256,0,0,0,0,0.251,0.288,0.277,0.332,0.265,0.345,0.322,0,0,0,0,0,0.17,0.256,0.18,0.295,0.295,0.341,0,0,0,0,0.244,0,0,0,0.265,0.215,0,0,0,0,0,0.275,0.23,0.25,0.332,0.22,0.206,0.187,0.281,0.249,0.332,0.206,0.196,0,0,0,0,0.227,0.254,0.228,0.213,0,0,0,0,0.238,0.216,0.269,0.274,0,0,0,0,0.254,0.258,0,0,0,0,0,0.228,0,0,0,0,0,0,0,0,0,0,0.528,0.288,0.275,0.235,0,0,0,0,0,0,0,0,0,0.241,0,0.257,0,0,0,0,0,0,0.187,0.307,0,0,0,0.225,0,0.249,0.259,0.379,0,0.275,0.227,0.187,0.17,0,0,0.263,0.24,0,0,0.338,0.339,0.273,0.255,0.278,0,0.262,0.17,0.25,0.218,0.18,0.18
GO:0050794,0,0.063,0,0.138,0.072,0.502,0.591,0,0.097,0,0.066,0.428,0.488,0.683,0.799,0,0.63,0,0.073,0.077,0.077,0.081,0.077,0.074,0,0.073,0,0,0.373,0.42,0.366,0.438,0.347,0.451,0.457,0.53,0.365,0.472,0.355,0.495,0.473,0,0,0.312,0.317,0.046,0,0,0.296,0.268,0.261,0.267,0.356,0.299,0.376,0.054,0,0.07,0.379,0.416,0.548,0.445,0.351,0.475,0.444,0.372,0.368,0.562,0.294,0.562,0,0.348,0.356,0.308,0.557,0.548,0.371,0.548,0.379,0.379,0.056,0.463,0.35,0.416,0,0.054,0,0.061,0,0,0.218,0.201,0.047,0.05,0.35,0.493,0.313,0.311,0.376,0.337,0,0.395,0,0.372,0.384,0.343,0.376,0,0.049,0.047,0.372,0.372,0.332,0.351,0.325,0.043,0.045,0.348,0.044,0.271,0.328,0.367,0.344,0.264,0.243,0.313,0.282,0.351,0.333,0.304,0.348,0.25,0.234,0.311,0.274,0.325,0.271,0.046,0,0,0.054,0.073,0.068,0,0.274,0.37,0.373,0.295,0.305,0.041,0.394,0.053,0.35,0.321,0.331,0,0,0,0,0,0.06,0,0,0.309,0.317,0.319,0.378,0,0,0,0,0.06,0.379,0.376,0.327,0.351,0,0.31,0.035,0.035,0.051,0.045,0.037,0.04,0.048,0.034,0.034,0.034,0,0.051,0.032,0,0.054,0.036,0,0,0,0.329,0.348,0.365,0,0.307,0.317,0.027,0.21,0.032,0.041,0.041,0.042,0.033,0.044,0.035,0.336,0.375,0.3,0.201,0.195,0.287,0.254,0.398,0.232,0.224,0.369,0.356,0.235,0.287,0,0.207,0.287,0.238,0.374,0.273,0.231,0.305,0.26,0.336,0.052,0.044,0.05,0.037,0.027,0.052,0.046,0.04,0.052,0.038,0.038,0.05,0.052,0.053,0.051,0,0,0,0,0.031,0,0,0.223,0.195,0.061,0.032,0.054,0.032,0.031,0.045,0,0,0,0.254,0,0,0,0,0,0,0,0.327,0,0.325,0.288,0.345,0.048,0,0,0.064,0.064,0,0.038,0.312,0.273,0.038,0.033,0.413,0.231,0.21,0.163,0.061,0.279,0.264,0.254,0,0,0.269,0.024,0.063,0,0,0.031,0.314,0,0.032,0.048,0.044,0.308,0.352,0.339,0.404,0.325,0.418,0.392,0,0,0,0,0,0.21,0.314,0.223,0.285,0.285,0.415,0,0,0,0.036,0.299,0.046,0.023,0.038,0.325,0.264,0.061,0,0,0,0.038,0.336,0.284,0.307,0.404,0.271,0.254,0.231,0.344,0.306,0.404,0.254,0.243,0.032,0.031,0.048,0.057,0.279,0.312,0.281,0.262,0.053,0.032,0.051,0.04,0.293,0.267,0.26,0.264,0.039,0.037,0.041,0.031,0.312,0.249,0.039,0.046,0.039,0.05,0.032,0.281,0.046,0.035,0.059,0,0.053,0.066,0.066,0.051,0.033,0.071,0.629,0.352,0.337,0.289,0,0,0,0,0,0,0,0,0.036,0.233,0.041,0.315,0.058,0.044,0.039,0,0,0.051,0.231,0.296,0,0.045,0.044,0.278,0.049,0.305,0.25,0.459,0,0.336,0.279,0.231,0.166,0.05,0.044,0.322,0.295,0,0,0.325,0.325,0.264,0.247,0.34,0,0.253,0.166,0.243,0.269,0.223,0.223
GO:0050896,0,0,0,0,0,0,0,0,0,0,0,0,0,0,0,0.824,0,0,0,0,0,0,0,0,0,0.727,0,0,0,0.459,0,0,0,0,0,0,0.504,0,0,0,0,0,0,0,0,0,0.491,0.609,0,0,0,0,0,0,0.412,0,0,0,0,0,0,0,0.386,0,0,0,0,0,0,0,0,0,0,0.426,0,0,0,0,0,0,0,0,0,0,0.626,0.545,0,0,0,0,0,0,0,0,0,0,0,0,0,0,0,0,0,0,0,0,0,0,0.499,0.47,0,0,0,0,0,0,0,0,0,0,0,0,0,0,0.268,0.344,0.311,0,0,0,0,0,0,0,0,0.357,0.298,0,0,0,0,0,0,0,0,0.406,0,0,0.422,0,0,0,0,0,0,0,0,0,0,0,0,0,0,0,0,0,0,0,0,0,0,0,0,0,0,0,0,0,0.354,0.355,0,0.451,0.378,0,0.483,0,0,0,0,0,0,0,0,0,0,0,0,0,0,0,0.272,0,0,0.272,0.233,0,0,0,0,0,0,0,0,0,0,0,0,0.317,0.28,0,0,0,0,0,0,0,0.369,0,0,0,0,0,0,0,0,0.369,0,0,0,0,0,0,0,0,0,0,0,0,0,0,0,0,0,0,0,0,0,0.233,0,0,0,0,0,0,0,0,0,0,0,0,0.563,0.491,0.424,0,0,0,0,0,0,0,0,0,0,0,0,0,0,0,0,0.344,0.3,0,0,0,0,0,0,0,0,0,0,0,0.268,0,0,0,0,0,0,0,0.491,0,0,0,0,0,0,0,0,0,0,0,0,0,0,0,0,0,0,0,0,0,0.491,0,0,0,0.329,0,0.233,0,0,0.292,0,0,0,0.408,0.389,0,0,0,0,0,0,0,0,0,0,0,0,0,0,0,0,0,0,0,0,0,0,0,0,0,0,0,0,0,0,0,0,0,0,0,0,0,0,0,0,0,0,0,0,0,0,0,0,0,0,0.68,0.387,0.37,0.318,0,0,0,0,0,0,0,0,0,0,0,0,0,0,0,0,0,0,0,0,0,0,0,0,0,0.336,0,0.501,0,0,0,0,0,0,0,0,0,0,0,0,0,0,0,0,0,0,0,0,0.296,0.247,0.247
GO:0065007,0,0,0,0,0,0.488,0.452,0,0,0,0,0.411,0.368,0.688,0.63,0,0.716,0,0,0,0,0,0,0,0,0,0,0,0.355,0.313,0.348,0.328,0.328,0.339,0.441,0.402,0.346,0.457,0.337,0.482,0.458,0,0,0.331,0.338,0,0,0,0.278,0.25,0.275,0.281,0.337,0.28,0.279,0,0,0,0.361,0.31,0.417,0.429,0.26,0.46,0.427,0.276,0.272,0.428,0.275,0.428,0,0.258,0.263,0.289,0.424,0.417,0.275,0.417,0.281,0.281,0,0.347,0.258,0.31,0,0,0,0,0,0,0.202,0.185,0,0,0.259,0.372,0.295,0.292,0.358,0.318,0,0.294,0,0.276,0.285,0.324,0.279,0,0,0,0.276,0.276,0.245,0.26,0.239,0,0,0.257,0,0.198,0.242,0.272,0.254,0.193,0.177,0.23,0.207,0.26,0.246,0.223,0.257,0.262,0.245,0.229,0.201,0.239,0.198,0,0,0,0,0,0,0,0.289,0.274,0.276,0.276,0.286,0,0.293,0,0.258,0.236,0.244,0,0,0,0,0,0,0,0,0.291,0.233,0.235,0.28,0,0,0,0,0,0.361,0.358,0.241,0.376,0,0.292,0,0,0,0,0,0,0,0,0,0,0,0,0,0,0,0,0,0,0,0.243,0.329,0.27,0,0.226,0.233,0,0.153,0,0,0,0,0,0,0,0.248,0.278,0.22,0.185,0.18,0.211,0.185,0.296,0.243,0.234,0.274,0.264,0.246,0.211,0,0.215,0.211,0.173,0.277,0.199,0.168,0.224,0.189,0.248,0,0,0,0,0,0,0,0,0,0,0,0,0,0,0,0,0,0,0,0,0,0,0.207,0.18,0,0,0,0,0,0,0,0,0,0.185,0,0,0,0,0,0,0,0.308,0,0.307,0.269,0.255,0,0,0,0,0,0,0,0.23,0.199,0,0,0.308,0.168,0.219,0.168,0,0.204,0.193,0.185,0,0,0.196,0,0,0,0,0,0.231,0,0,0,0,0.226,0.26,0.251,0.301,0.239,0.312,0.292,0,0,0,0,0,0.153,0.231,0.162,0.267,0.267,0.309,0,0,0,0,0.22,0,0,0,0.239,0.193,0,0,0,0,0,0.248,0.208,0.226,0.301,0.198,0.185,0.168,0.254,0.225,0.301,0.185,0.177,0,0,0,0,0.204,0.229,0.205,0.191,0,0,0,0,0.215,0.195,0.273,0.278,0,0,0,0,0.229,0.262,0,0,0,0,0,0.205,0,0,0,0,0,0,0,0,0,0,0.484,0.26,0.248,0.212,0,0,0,0,0,0,0,0,0,0.244,0,0.232,0,0,0,0,0,0,0.168,0.278,0,0,0,0.203,0,0.224,0.263,0.344,0,0.248,0.204,0.168,0.153,0,0,0.237,0.217,0,0,0.306,0.307,0.247,0.23,0.251,0,0.265,0.153,0.226,0.196,0.162,0.162
GO:0071704,0.52,0,0.595,0,0,0.352,0.325,0.593,0.529,0.543,0.395,0,0,0,0,0,0,0.668,0,0.473,0.404,0.424,0.403,0.453,0.481,0,0,0.396,0.253,0,0.292,0,0,0.241,0,0,0,0.328,0.239,0.41,0.329,0.459,0.499,0,0,0,0,0,0.232,0.208,0,0,0.283,0.234,0,0.318,0.457,0.425,0.257,0.22,0.352,0.307,0,0.39,0.362,0,0,0.362,0,0.307,0.386,0,0,0,0.359,0.352,0.23,0.352,0.199,0.199,0,0,0,0,0,0,0,0,0,0,0.168,0.153,0.272,0.289,0.216,0.314,0.209,0.244,0.301,0.267,0.249,0.208,0.256,0.23,0.238,0.23,0.233,0.267,0,0,0.23,0.23,0.204,0.217,0.199,0,0,0.181,0,0.164,0.17,0.192,0.179,0.16,0.146,0,0,0.183,0.204,0.185,0.181,0,0,0.19,0.166,0,0,0,0.381,0.409,0.319,0.377,0.349,0.448,0,0,0,0,0,0,0,0,0,0,0,0,0,0,0,0,0,0,0,0,0,0,0,0,0,0,0,0,0,0,0,0,0,0,0.197,0.198,0.296,0.258,0.212,0.228,0,0,0,0,0,0,0,0,0,0,0,0,0,0,0,0,0,0,0,0,0,0.18,0.237,0.234,0.24,0.188,0,0,0,0,0,0.153,0.149,0,0,0,0,0,0,0,0,0,0,0,0,0,0,0,0,0,0,0,0.306,0.251,0.291,0.209,0.151,0.304,0.268,0.23,0.303,0.214,0.213,0.291,0.303,0.266,0.251,0.298,0.351,0,0,0,0,0,0,0,0.361,0.183,0.319,0.179,0.173,0.263,0.151,0,0,0,0,0,0,0,0,0,0,0.218,0.146,0.257,0.225,0,0.28,0.233,0.159,0.324,0.323,0,0,0,0,0.216,0.189,0.218,0.139,0,0,0.361,0.17,0.16,0.153,0.126,0,0.163,0.134,0.379,0,0,0,0,0,0.178,0,0,0,0,0,0.252,0,0.262,0.244,0,0,0,0,0,0,0.192,0.134,0,0,0.259,0,0,0,0,0,0,0,0,0,0,0.361,0,0.385,0,0,0,0,0,0.252,0,0,0,0.212,0.187,0.252,0,0,0,0,0,0,0,0.161,0.144,0.134,0,0,0,0,0.151,0.137,0,0,0,0,0,0,0.161,0,0,0,0,0,0,0,0,0,0,0,0.308,0.338,0.337,0,0,0,0,0,0,0,0,0,0,0,0,0,0,0,0,0,0,0,0.289,0,0.224,0.282,0.224,0,0,0,0,0,0,0,0,0,0,0,0,0,0,0,0,0,0,0,0,0,0,0,0,0,0,0,0,0,0,0,0,0,0
GO:0071840,0,0.778,0,0.107,0.871,0,0.056,0,0.081,0,0.058,0,0.048,0,0.073,0,0,0,0.887,0.066,0.067,0.069,0.067,0.064,0,0.063,0,0,0,0.042,0,0.043,0,0.044,0,0.051,0,0,0,0,0,0,0,0,0,0.581,0,0,0,0,0,0,0,0,0.037,0.049,0,0.061,0,0.041,0.053,0,0.035,0,0,0.037,0.037,0.054,0,0.054,0,0.035,0.036,0,0.054,0.053,0.037,0.053,0.038,0.038,0.704,0.632,0.035,0.041,0,0.049,0,0.054,0,0,0,0,0.043,0.045,0.035,0.048,0,0,0,0,0,0.039,0,0.037,0.038,0,0.038,0,0.045,0.042,0.037,0.037,0.033,0.035,0.033,0.039,0.041,0.035,0.041,0.028,0.033,0.037,0.035,0.027,0.025,0.032,0.029,0.035,0.034,0.031,0.035,0,0,0.031,0.028,0.033,0.028,0.584,0,0,0.049,0.063,0.06,0,0,0.037,0.037,0,0,0.529,0.039,0.67,0.035,0.032,0.465,0,0,0,0,0,0.053,0,0,0,0.032,0.032,0.038,0,0,0,0,0.053,0,0,0.033,0,0,0,0.033,0.033,0.046,0.041,0.035,0.037,0.044,0.438,0.437,0.448,0,0.047,0.03,0,0.049,0.033,0,0,0,0.033,0,0.037,0,0.031,0.032,0.025,0.022,0.418,0.53,0.038,0.038,0.433,0.565,0.452,0.471,0.522,0.424,0,0,0.029,0.026,0.552,0,0,0.514,0.498,0,0.407,0,0,0.407,0.34,0.52,0.387,0.332,0.43,0.37,0.034,0.047,0.04,0.045,0.034,0.026,0.047,0.042,0.037,0.047,0.035,0.035,0.045,0.047,0.048,0.046,0,0,0,0,0.029,0,0,0,0,0.054,0.03,0.049,0.03,0.029,0.042,0,0,0,0.026,0,0,0,0,0,0,0,0,0,0,0,0.035,0.044,0,0,0.056,0.056,0,0.488,0.032,0.028,0.035,0.031,0.041,0.024,0,0,0.054,0.028,0.027,0.026,0,0,0.027,0.321,0.056,0,0,0.029,0.032,0,0.03,0.603,0.041,0.031,0.035,0.034,0.04,0.033,0.041,0.039,0,0,0,0,0,0.022,0.032,0.023,0,0,0.041,0,0,0,0.034,0.03,0.587,0.022,0.49,0.033,0.027,0.054,0,0,0,0.036,0.034,0.029,0.031,0.04,0.028,0.026,0.024,0.035,0.031,0.04,0.026,0.025,0.416,0.029,0.043,0.051,0.028,0.032,0.029,0.027,0.047,0.03,0.639,0.51,0.03,0.027,0,0,0.036,0.034,0.523,0.029,0.032,0,0.502,0.582,0.508,0.631,0.03,0.029,0.042,0.032,0.052,0,0.047,0.058,0.058,0.64,0.433,0.062,0.06,0.035,0.034,0.029,0,0,0,0,0,0,0,0,0.034,0.465,0.522,0.032,0.052,0.04,0.036,0,0,0.046,0.024,0,0,0.041,0.561,0.028,0.044,0.031,0.496,0.045,0,0.034,0.028,0.024,0,0.046,0.04,0.033,0.03,0,0,0,0,0,0,0.034,0,0,0,0,0.027,0.023,0.023
GO:0006139,0.567,0.058,0.415,0.115,0.065,0.28,0.377,0.435,0.548,0.518,0.386,0,0.049,0,0.077,0,0,0.473,0.066,0.865,0.855,0.801,0.858,0.837,0.848,0.066,0,0.318,0.213,0.043,0.248,0.044,0,0.294,0,0.053,0,0.398,0.306,0.327,0.354,0.455,0.485,0,0,0.043,0,0,0.258,0.235,0,0,0.307,0.26,0.038,0.628,0.357,0.796,0.216,0.272,0.684,0.251,0.036,0.315,0.296,0.038,0.038,0.7,0,0.36,0.397,0.036,0.036,0,0.695,0.684,0.245,0.684,0.25,0.25,0.052,0.047,0.036,0.042,0,0.05,0,0.056,0,0,0.193,0.178,0.549,0.579,0.45,0.621,0.181,0.212,0.254,0.229,0.275,0.26,0.281,0.477,0.491,0.296,0.482,0.292,0.046,0.044,0.477,0.477,0.22,0.243,0.226,0.04,0.043,0.23,0.042,0.19,0.218,0.242,0.227,0.185,0.171,0.032,0.029,0.232,0.231,0.212,0.23,0,0,0.216,0.192,0.033,0.028,0.043,0.298,0.327,0.324,0.425,0.688,0.351,0,0.038,0.038,0,0,0.039,0.04,0.05,0.036,0.033,0.034,0,0,0,0,0,0.055,0,0,0,0.033,0.033,0.039,0,0,0,0,0.055,0,0,0.034,0,0,0,0.416,0.416,0.592,0.525,0.442,0.473,0.045,0.032,0.032,0.033,0,0.048,0.031,0,0.05,0.034,0,0,0,0.034,0,0.037,0,0.032,0.033,0.026,0.022,0.383,0.488,0.484,0.494,0.397,0.042,0.033,0.035,0.038,0.031,0.178,0.173,0.03,0.026,0.041,0,0,0.038,0.037,0,0.03,0,0,0.03,0.025,0.038,0.028,0.024,0.031,0.027,0.035,0.313,0.513,0.515,0.438,0.327,0.536,0.292,0.476,0.31,0.24,0.445,0.517,0.311,0.55,0.524,0.245,0.367,0,0,0.03,0,0,0,0,0.697,0.389,0.63,0.38,0.37,0.534,0.176,0,0,0.026,0,0,0,0,0,0,0,0.188,0.171,0.222,0.198,0.035,0.563,0.259,0.184,0.721,0.716,0,0.036,0.032,0.028,0.45,0.4,0.27,0.303,0,0,0.698,0.363,0.344,0.331,0.149,0,0.35,0.292,0.725,0,0,0.03,0.032,0,0.379,0.044,0.042,0.032,0.036,0.035,0.515,0.033,0.532,0.501,0,0,0,0,0,0.022,0.405,0.292,0,0,0.528,0,0,0,0.034,0.031,0.043,0.022,0.036,0.033,0.027,0.697,0,0.711,0,0.036,0.035,0.029,0.032,0.515,0.028,0.026,0.024,0.443,0.396,0.515,0.026,0.025,0.03,0.029,0.044,0.052,0.029,0.207,0.187,0.176,0.049,0.031,0.047,0.037,0.195,0.178,0,0,0.037,0.035,0.038,0.029,0.207,0,0.037,0.043,0.037,0.047,0.031,0.029,0.043,0.033,0.054,0,0.329,0.389,0.389,0.047,0.032,0.064,0.062,0.036,0.035,0.03,0,0,0,0,0,0,0,0,0.034,0.034,0.038,0.033,0.343,0.041,0.25,0.305,0.25,0.047,0.024,0,0,0.042,0.041,0.029,0.046,0.032,0.036,0.046,0,0.035,0.029,0.024,0,0.047,0.041,0.033,0.031,0,0,0,0,0,0,0.035,0,0,0,0,0.028,0.023,0.023
GO:0006725,0.381,0.058,0.419,0.116,0.065,0.282,0.379,0.371,0.553,0.393,0.388,0,0.049,0,0.077,0,0,0.404,0.067,0.855,0.862,0.469,0.451,0.827,0.316,0.066,0,0.271,0.214,0.043,0.211,0.045,0,0.295,0,0.053,0,0.266,0.205,0.279,0.267,0.305,0.325,0,0,0.043,0,0,0.172,0.157,0,0,0.205,0.174,0.039,0.619,0.304,0.786,0.217,0.273,0.675,0.253,0.036,0.268,0.252,0.038,0.038,0.691,0,0.362,0.266,0.036,0.037,0,0.686,0.675,0.246,0.675,0.251,0.251,0.052,0.047,0.036,0.042,0,0.05,0,0.056,0,0,0.129,0.119,0.541,0.571,0.443,0.612,0.182,0.181,0.216,0.195,0.184,0.261,0.188,0.469,0.484,0.198,0.475,0.195,0.046,0.044,0.469,0.469,0.221,0.233,0.216,0.04,0.043,0.231,0.042,0.182,0.218,0.243,0.228,0.178,0.163,0.032,0.029,0.233,0.221,0.203,0.231,0,0,0.207,0.184,0.034,0.028,0.043,0.3,0.278,0.325,0.427,0.402,0.299,0,0.038,0.038,0,0,0.039,0.04,0.05,0.036,0.033,0.034,0,0,0,0,0,0.055,0,0,0,0.033,0.033,0.039,0,0,0,0,0.055,0,0,0.034,0,0,0,0.409,0.41,0.584,0.517,0.435,0.465,0.045,0.032,0.032,0.033,0,0.048,0.031,0,0.051,0.034,0,0,0,0.034,0,0.038,0,0.032,0.033,0.026,0.022,0.376,0.481,0.476,0.487,0.391,0.042,0.033,0.035,0.039,0.031,0.119,0.116,0.03,0.026,0.041,0,0,0.038,0.037,0,0.03,0,0,0.03,0.025,0.038,0.028,0.024,0.032,0.027,0.035,0.314,0.506,0.301,0.431,0.321,0.313,0.28,0.468,0.312,0.23,0.439,0.302,0.312,0.321,0.306,0.247,0.246,0,0,0.03,0,0,0,0,0.688,0.382,0.621,0.374,0.364,0.527,0.117,0,0,0.026,0,0,0,0,0,0,0,0.189,0.114,0.189,0.168,0.036,0.555,0.173,0.123,0.378,0.72,0,0.036,0.032,0.028,0.443,0.394,0.272,0.298,0,0,0.689,0.357,0.339,0.326,0.099,0,0.344,0.287,0.716,0,0,0.03,0.033,0,0.373,0.045,0.042,0.032,0.036,0.035,0.507,0.034,0.524,0.493,0,0,0,0,0,0.022,0.399,0.287,0,0,0.52,0,0,0,0.035,0.031,0.043,0.022,0.036,0.034,0.028,0.688,0,0.265,0,0.036,0.035,0.029,0.032,0.507,0.028,0.026,0.024,0.436,0.39,0.507,0.026,0.025,0.031,0.029,0.045,0.053,0.029,0.208,0.188,0.176,0.049,0.031,0.047,0.038,0.196,0.179,0,0,0.037,0.035,0.039,0.029,0.208,0,0.037,0.043,0.037,0.047,0.031,0.029,0.043,0.033,0.054,0,0.316,0.392,0.391,0.048,0.032,0.064,0.062,0.036,0.035,0.03,0,0,0,0,0,0,0,0,0.034,0.034,0.039,0.033,0.345,0.041,0.24,0.204,0.167,0.047,0.024,0,0,0.042,0.041,0.029,0.046,0.032,0.037,0.047,0,0.035,0.029,0.024,0,0.047,0.042,0.033,0.031,0,0,0,0,0,0,0.035,0,0,0,0,0.028,0.023,0.023
GO:0034641,0.599,0.06,0.441,0.124,0.068,0.292,0.391,0.388,0.58,0.412,0.401,0,0.051,0,0.081,0,0,0.424,0.069,0.801,0.469,0.84,0.468,0.774,0.329,0.069,0,0.28,0.22,0.044,0.216,0.046,0,0.303,0,0.055,0,0.413,0.315,0.288,0.276,0.475,0.508,0,0,0.044,0,0,0.264,0.24,0,0,0.316,0.267,0.039,0.574,0.315,0.734,0.223,0.279,0.627,0.26,0.037,0.277,0.26,0.039,0.039,0.642,0,0.373,0.412,0.037,0.037,0,0.638,0.627,0.251,0.627,0.256,0.256,0.054,0.048,0.037,0.043,0,0.052,0,0.058,0,0,0.197,0.181,0.5,0.528,0.408,0.567,0.186,0.184,0.222,0.199,0.282,0.266,0.289,0.432,0.446,0.304,0.437,0.3,0.048,0.045,0.432,0.432,0.225,0.249,0.231,0.041,0.044,0.235,0.043,0.193,0.222,0.248,0.233,0.189,0.173,0.033,0.03,0.238,0.236,0.216,0.235,0,0,0.221,0.195,0.034,0.029,0.044,0.311,0.288,0.334,0.443,0.716,0.31,0,0.039,0.039,0,0,0.04,0.041,0.051,0.037,0.034,0.035,0,0,0,0,0,0.057,0,0,0,0.033,0.034,0.04,0,0,0,0,0.057,0,0,0.034,0,0,0,0.376,0.377,0.54,0.478,0.4,0.429,0.046,0.033,0.033,0.034,0,0.049,0.031,0,0.052,0.035,0,0,0,0.035,0,0.038,0,0.032,0.033,0.026,0.022,0.345,0.443,0.439,0.449,0.359,0.043,0.034,0.035,0.039,0.032,0.181,0.176,0.03,0.027,0.042,0,0,0.039,0.037,0,0.03,0,0,0.03,0.025,0.039,0.029,0.025,0.032,0.027,0.035,0.323,0.467,0.531,0.397,0.294,0.553,0.3,0.432,0.32,0.246,0.404,0.532,0.32,0.568,0.54,0.254,0.38,0,0,0.03,0,0,0,0,0.64,0.351,0.576,0.343,0.333,0.486,0.179,0,0,0.027,0,0,0,0,0,0,0,0.193,0.173,0.193,0.171,0.036,0.513,0.265,0.187,0.39,0.39,0,0.037,0.033,0.029,0.407,0.361,0.278,0.272,0,0,0.641,0.327,0.31,0.298,0.151,0,0.315,0.263,0.667,0,0,0.031,0.033,0,0.342,0.046,0.043,0.032,0.037,0.036,0.468,0.034,0.484,0.455,0,0,0,0,0,0.022,0.366,0.263,0,0,0.48,0,0,0,0.035,0.032,0.044,0.022,0.037,0.034,0.028,0.64,0,0.273,0,0.037,0.035,0.03,0.032,0.468,0.029,0.027,0.025,0.401,0.358,0.468,0.027,0.026,0.031,0.03,0.046,0.054,0.029,0.211,0.191,0.179,0.05,0.032,0.049,0.038,0.199,0.182,0,0,0.038,0.035,0.039,0.03,0.211,0,0.038,0.044,0.038,0.048,0.032,0.03,0.044,0.034,0.056,0,0.34,0.405,0.404,0.049,0.032,0.067,0.064,0.037,0.035,0.03,0,0,0,0,0,0,0,0,0.035,0.035,0.039,0.033,0.355,0.042,0.256,0.314,0.256,0.049,0.025,0,0,0.043,0.042,0.029,0.047,0.032,0.037,0.048,0,0.035,0.029,0.025,0,0.048,0.043,0.034,0.031,0,0,0,0,0,0,0.036,0,0,0,0,0.028,0.024,0.024
GO:0046483,0.38,0.058,0.418,0.116,0.065,0.281,0.379,0.37,0.552,0.392,0.388,0,0.049,0,0.077,0,0,0.403,0.067,0.858,0.451,0.468,0.863,0.829,0.316,0.066,0,0.271,0.214,0.043,0.21,0.045,0,0.295,0,0.053,0,0.266,0.205,0.278,0.267,0.304,0.325,0,0,0.043,0,0,0.172,0.157,0,0,0.205,0.174,0.039,0.621,0.303,0.788,0.217,0.273,0.677,0.252,0.036,0.268,0.251,0.038,0.038,0.693,0,0.362,0.265,0.036,0.037,0,0.688,0.677,0.245,0.677,0.25,0.25,0.052,0.047,0.036,0.042,0,0.05,0,0.056,0,0,0.129,0.119,0.543,0.573,0.445,0.614,0.182,0.18,0.216,0.194,0.183,0.26,0.188,0.471,0.485,0.198,0.476,0.195,0.046,0.044,0.471,0.471,0.221,0.233,0.216,0.04,0.043,0.231,0.042,0.181,0.218,0.243,0.228,0.177,0.163,0.032,0.029,0.233,0.221,0.203,0.231,0,0,0.207,0.184,0.034,0.028,0.043,0.3,0.278,0.325,0.427,0.402,0.299,0,0.038,0.038,0,0,0.039,0.04,0.05,0.036,0.033,0.034,0,0,0,0,0,0.055,0,0,0,0.033,0.033,0.039,0,0,0,0,0.055,0,0,0.034,0,0,0,0.411,0.412,0.586,0.519,0.437,0.467,0.045,0.032,0.032,0.033,0,0.048,0.031,0,0.051,0.034,0,0,0,0.034,0,0.037,0,0.032,0.033,0.026,0.022,0.378,0.483,0.478,0.489,0.392,0.042,0.033,0.035,0.038,0.031,0.119,0.116,0.03,0.026,0.041,0,0,0.038,0.037,0,0.03,0,0,0.03,0.025,0.038,0.028,0.024,0.032,0.027,0.035,0.314,0.508,0.3,0.433,0.323,0.312,0.28,0.47,0.312,0.23,0.44,0.301,0.312,0.321,0.306,0.246,0.245,0,0,0.03,0,0,0,0,0.69,0.384,0.623,0.375,0.365,0.529,0.117,0,0,0.026,0,0,0,0,0,0,0,0.189,0.114,0.188,0.168,0.036,0.557,0.173,0.123,0.724,0.377,0,0.036,0.032,0.028,0.445,0.395,0.271,0.299,0,0,0.691,0.358,0.34,0.327,0.099,0,0.345,0.289,0.718,0,0,0.03,0.033,0,0.374,0.045,0.042,0.032,0.036,0.035,0.509,0.034,0.526,0.495,0,0,0,0,0,0.022,0.401,0.289,0,0,0.522,0,0,0,0.035,0.031,0.043,0.022,0.036,0.034,0.028,0.691,0,0.264,0,0.036,0.035,0.029,0.032,0.509,0.028,0.026,0.024,0.437,0.391,0.509,0.026,0.025,0.031,0.029,0.045,0.053,0.029,0.208,0.188,0.176,0.049,0.031,0.047,0.038,0.196,0.179,0,0,0.037,0.035,0.039,0.029,0.208,0,0.037,0.043,0.037,0.047,0.031,0.029,0.043,0.033,0.054,0,0.316,0.391,0.39,0.047,0.032,0.064,0.062,0.036,0.035,0.03,0,0,0,0,0,0,0,0,0.034,0.034,0.038,0.033,0.345,0.041,0.239,0.204,0.167,0.047,0.024,0,0,0.042,0.041,0.029,0.046,0.032,0.037,0.046,0,0.035,0.029,0.024,0,0.047,0.042,0.033,0.031,0,0,0,0,0,0,0.035,0,0,0,0,0.028,0.023,0.023
GO:0090304,0.545,0.056,0.397,0.109,0.063,0.272,0.366,0.585,0.526,0.497,0.432,0,0.048,0,0.074,0,0,0.453,0.064,0.837,0.827,0.774,0.829,0.883,0.819,0.064,0,0.433,0.208,0.042,0.339,0.043,0,0.287,0,0.052,0,0.387,0.3,0.445,0.344,0.485,0.468,0,0,0.042,0,0,0.279,0.254,0,0,0.33,0.281,0.038,0.667,0.483,0.841,0.211,0.266,0.726,0.244,0.035,0.428,0.403,0.037,0.037,0.681,0,0.35,0.425,0.035,0.036,0,0.737,0.726,0.277,0.726,0.245,0.245,0.051,0.046,0.035,0.041,0,0.049,0,0.054,0,0,0.21,0.194,0.586,0.617,0.482,0.66,0.178,0.292,0.348,0.314,0.297,0.254,0.304,0.51,0.482,0.29,0.515,0.315,0.045,0.043,0.51,0.51,0.249,0.263,0.245,0.039,0.042,0.226,0.041,0.206,0.214,0.238,0.223,0.201,0.185,0.032,0.029,0.228,0.25,0.229,0.226,0,0,0.235,0.208,0.033,0.028,0.042,0.289,0.444,0.364,0.411,0.668,0.34,0,0.037,0.037,0,0,0.038,0.039,0.048,0.035,0.033,0.033,0,0,0,0,0,0.054,0,0,0,0.032,0.032,0.038,0,0,0,0,0.054,0,0,0.033,0,0,0,0.446,0.446,0.63,0.561,0.474,0.506,0.044,0.032,0.032,0.032,0,0.047,0.03,0,0.049,0.034,0,0,0,0.033,0,0.037,0,0.031,0.032,0.025,0.022,0.411,0.522,0.517,0.528,0.426,0.041,0.033,0.034,0.038,0.031,0.194,0.189,0.029,0.026,0.04,0,0,0.037,0.036,0,0.029,0,0,0.029,0.024,0.037,0.028,0.024,0.031,0.027,0.034,0.305,0.548,0.504,0.469,0.352,0.523,0.286,0.509,0.303,0.236,0.477,0.505,0.303,0.537,0.512,0.239,0.358,0,0,0.029,0,0,0,0,0.739,0.417,0.67,0.408,0.397,0.57,0.191,0,0,0.026,0,0,0,0,0,0,0,0.185,0.185,0.304,0.272,0.035,0.601,0.28,0.2,0.701,0.696,0,0.035,0.032,0.028,0.482,0.429,0.265,0.326,0,0,0.74,0.39,0.37,0.356,0.162,0,0.376,0.315,0.705,0,0,0.03,0.032,0,0.407,0.044,0.041,0.031,0.035,0.034,0.55,0.033,0.521,0.535,0,0,0,0,0,0.022,0.435,0.315,0,0,0.563,0,0,0,0.034,0.03,0.042,0.022,0.035,0.033,0.027,0.74,0,0.69,0,0.036,0.034,0.029,0.031,0.55,0.028,0.026,0.024,0.474,0.425,0.55,0.026,0.025,0.03,0.029,0.044,0.051,0.029,0.204,0.185,0.173,0.048,0.031,0.046,0.037,0.193,0.176,0,0,0.036,0.034,0.038,0.029,0.204,0,0.036,0.042,0.037,0.046,0.03,0.029,0.042,0.032,0.053,0,0.354,0.378,0.377,0.046,0.031,0.062,0.06,0.035,0.034,0.029,0,0,0,0,0,0,0,0,0.034,0.033,0.038,0.032,0.334,0.04,0.27,0.329,0.271,0.046,0.024,0,0,0.041,0.04,0.028,0.045,0.031,0.036,0.045,0,0.034,0.029,0.024,0,0.046,0.041,0.033,0.03,0,0,0,0,0,0,0.034,0,0,0,0,0.028,0.023,0.023
GO:1901360,0.383,0,0.422,0,0,0.283,0.265,0.441,0.388,0.396,0.321,0,0,0,0,0,0,0.481,0,0.848,0.316,0.329,0.316,0.819,0.859,0,0,0.322,0.215,0,0.25,0,0,0.206,0,0,0,0.268,0.205,0.331,0.269,0.362,0.387,0,0,0,0,0,0.204,0.186,0,0,0.243,0.206,0,0.612,0.361,0.778,0.218,0.191,0.668,0.254,0,0.318,0.299,0,0,0.684,0,0.254,0.316,0,0,0,0.679,0.668,0.203,0.668,0.175,0.175,0,0,0,0,0,0,0,0,0,0,0.153,0.141,0.536,0.564,0.438,0.606,0.183,0.214,0.256,0.231,0.218,0.182,0.223,0.464,0.478,0.198,0.469,0.231,0,0,0.464,0.464,0.182,0.192,0.179,0,0,0.161,0,0.15,0.153,0.17,0.159,0.146,0.135,0,0,0.163,0.183,0.167,0.161,0,0,0.171,0.152,0,0,0,0.302,0.331,0.269,0.299,0.282,0.356,0,0,0,0,0,0,0,0,0,0,0,0,0,0,0,0,0,0,0,0,0,0,0,0,0,0,0,0,0,0,0,0,0,0,0.404,0.405,0.577,0.512,0.43,0.46,0,0,0,0,0,0,0,0,0,0,0,0,0,0,0,0,0,0,0,0,0,0.372,0.475,0.471,0.481,0.386,0,0,0,0,0,0.141,0.137,0,0,0,0,0,0,0,0,0,0,0,0,0,0,0,0,0,0,0,0.26,0.5,0.249,0.426,0.317,0.259,0.232,0.463,0.258,0.19,0.434,0.249,0.258,0.225,0.214,0.248,0.292,0,0,0,0,0,0,0,0.681,0.378,0.614,0.369,0.359,0.521,0.139,0,0,0,0,0,0,0,0,0,0,0.19,0.135,0.224,0.199,0,0.549,0.205,0.145,0.265,0.264,0,0,0,0,0.438,0.389,0.19,0.294,0,0,0.682,0.352,0.334,0.322,0.117,0,0.34,0.284,0.709,0,0,0,0,0,0.368,0,0,0,0,0,0.502,0,0.519,0.488,0,0,0,0,0,0,0.394,0.284,0,0,0.514,0,0,0,0,0,0,0,0,0,0,0.681,0,0.718,0,0,0,0,0,0.502,0,0,0,0.431,0.385,0.502,0,0,0,0,0,0,0,0.145,0.131,0.123,0,0,0,0,0.137,0.125,0,0,0,0,0,0,0.145,0,0,0,0,0,0,0,0,0,0,0,0.261,0.274,0.274,0,0,0,0,0,0,0,0,0,0,0,0,0,0,0,0,0,0,0,0.241,0,0.198,0.242,0.198,0,0,0,0,0,0,0,0,0,0,0,0,0,0,0,0,0,0,0,0,0,0,0,0,0,0,0,0,0,0,0,0,0,0
GO:0051716,0,0.056,0,0.106,0.062,0,0.056,0,0.08,0,0.057,0,0.047,0,0.073,0.727,0,0,0.063,0.066,0.066,0.069,0.066,0.064,0,0.889,0,0,0,0.584,0,0.043,0,0.044,0,0.051,0.466,0,0,0,0,0,0,0,0,0.042,0.455,0.554,0,0,0,0,0,0,0.528,0.048,0,0.061,0,0.041,0.053,0,0.496,0,0,0.037,0.037,0.054,0,0.054,0,0.035,0.036,0.399,0.053,0.053,0.037,0.053,0.038,0.038,0.05,0.045,0.035,0.041,0.568,0.684,0,0.054,0,0,0,0,0.043,0.045,0.035,0.048,0,0,0,0,0,0.039,0,0.037,0.038,0,0.037,0,0.632,0.597,0.037,0.037,0.033,0.035,0.033,0.039,0.041,0.035,0.04,0.028,0.033,0.037,0.034,0.027,0.351,0.446,0.405,0.035,0.033,0.031,0.035,0,0,0.031,0.028,0.462,0.389,0.042,0,0,0.049,0.063,0.059,0,0,0.52,0.037,0,0.395,0.038,0.039,0.048,0.035,0.032,0.033,0,0,0,0,0,0.053,0,0,0,0.032,0.032,0.038,0,0,0,0,0.053,0,0,0.033,0,0,0,0.458,0.459,0.046,0.575,0.486,0.037,0.612,0.031,0.031,0.032,0,0.046,0.03,0,0.049,0.033,0,0,0,0.033,0,0.036,0.261,0.031,0.032,0.357,0.307,0.03,0.038,0.038,0.038,0.031,0.04,0.032,0.034,0.037,0.03,0,0,0.412,0.366,0.039,0,0,0.037,0.036,0,0.029,0.348,0,0.029,0.024,0.037,0.028,0.024,0.031,0.026,0.476,0.047,0.04,0.045,0.034,0.026,0.047,0.042,0.037,0.047,0.035,0.035,0.045,0.047,0.048,0.046,0,0,0,0,0.029,0,0.224,0,0,0.054,0.03,0.049,0.03,0.029,0.041,0,0,0,0.026,0.516,0.455,0.397,0,0,0,0,0,0,0,0,0.035,0.044,0,0,0.056,0.056,0,0.035,0.445,0.392,0.035,0.031,0.041,0.024,0,0,0.054,0.028,0.027,0.026,0,0.257,0.027,0.023,0.056,0,0,0.029,0.032,0.455,0.03,0.043,0.04,0.031,0.035,0.034,0.04,0.033,0.041,0.039,0,0,0,0,0,0.022,0.032,0.023,0,0,0.041,0.455,0,0,0.034,0.428,0.042,0.307,0.035,0.033,0.381,0.054,0,0,0.383,0.5,0.034,0.029,0.031,0.04,0.028,0.026,0.024,0.034,0.031,0.04,0.026,0.025,0.03,0.029,0.043,0.05,0.028,0.031,0.029,0.027,0.047,0.03,0.046,0.037,0.03,0.027,0,0,0.036,0.034,0.037,0.029,0.031,0,0.036,0.042,0.036,0.045,0.03,0.029,0.042,0.032,0.052,0,0.047,0.058,0.058,0.046,0.031,0.061,0.838,0.498,0.477,0.413,0,0,0,0,0,0,0,0,0.033,0.033,0.037,0.032,0.051,0.04,0.036,0,0,0.046,0.024,0,0,0.041,0.04,0.028,0.044,0.436,0.036,0.634,0,0.034,0.028,0.024,0,0.045,0.04,0.032,0.03,0,0,0,0,0,0,0.034,0,0,0,0,0.387,0.324,0.324
GO:0051179,0,0,0,0,0,0,0,0,0,0,0,0,0,0,0,0,0,0,0,0,0,0,0,0,0,0,0.85,0,0,0,0,0,0,0,0,0,0,0,0,0,0,0,0,0,0,0,0,0,0,0,0,0,0,0,0,0,0,0,0,0,0,0,0,0,0,0,0,0,0,0,0,0,0,0,0,0,0,0,0,0,0,0,0,0,0,0,0.497,0.663,0.818,0.825,0,0,0,0,0,0,0,0,0,0,0,0,0,0,0,0,0,0,0,0,0,0,0,0,0,0,0,0,0,0,0,0,0,0,0,0,0,0,0,0,0,0,0,0,0,0,0,0,0,0,0,0,0,0,0,0,0,0,0,0,0,0,0,0,0,0,0,0,0,0,0,0,0,0,0,0,0,0,0,0,0,0,0,0,0,0,0,0,0,0,0,0,0,0,0,0,0,0,0.583,0.569,0.361,0.407,0.599,0.403,0.472,0.369,0.4,0,0.528,0.442,0,0,0,0,0,0,0,0,0,0,0,0,0,0,0,0,0,0,0,0,0,0,0,0,0,0,0,0,0,0,0,0,0,0,0,0,0,0,0,0,0,0,0,0,0,0,0,0,0,0,0,0,0,0,0,0,0,0,0,0,0,0,0,0,0,0,0,0,0,0,0,0,0,0,0,0,0,0,0,0,0,0,0,0,0,0,0,0,0,0,0,0,0,0,0,0,0,0,0,0,0,0,0,0,0,0,0,0,0,0,0,0,0,0,0,0,0,0,0,0,0,0,0,0,0,0,0,0,0,0,0,0,0,0,0,0,0,0,0,0,0,0,0,0,0,0,0,0,0,0,0,0,0,0,0,0,0,0,0,0,0,0,0,0,0,0,0,0,0,0,0,0,0,0,0,0,0,0,0,0,0,0,0,0,0,0.365,0,0,0.389,0.642,0,0,0,0,0,0,0,0,0,0,0,0,0,0,0,0,0,0,0,0,0,0,0,0,0,0,0,0,0,0,0,0,0,0,0,0,0,0,0,0,0,0,0,0,0,0,0,0,0,0,0,0,0,0,0,0,0,0,0,0,0,0
GO:0043412,0.319,0,0.345,0,0,0.247,0.233,0.516,0.322,0.327,0.393,0,0,0,0,0,0,0.396,0,0.318,0.271,0.28,0.271,0.433,0.322,0,0,0.927,0.193,0,0.315,0,0,0.186,0,0,0,0.235,0.185,0.404,0.235,0.437,0.33,0,0,0,0,0,0.616,0.564,0,0,0.307,0.264,0,0.335,0.435,0.414,0.196,0.174,0.362,0.224,0,0.39,0.369,0,0,0.264,0,0.224,0.91,0,0,0,0.367,0.362,0.26,0.362,0.16,0.16,0,0,0,0,0,0,0,0,0,0,0.47,0.436,0.297,0.312,0.248,0.332,0.166,0.274,0.322,0.293,0.653,0.166,0.668,0.261,0.192,0.18,0.264,0.69,0,0,0.261,0.261,0.236,0.583,0.544,0,0,0.149,0,0.462,0.141,0.156,0.147,0.453,0.418,0,0,0.15,0.556,0.513,0.149,0,0,0.523,0.468,0,0,0,0.261,0.403,0.336,0.259,0.245,0.307,0,0,0,0,0,0,0,0,0,0,0,0,0,0,0,0,0,0,0,0,0,0,0,0,0,0,0,0,0,0,0,0,0,0,0.23,0.23,0.318,0.285,0.243,0.259,0,0,0,0,0,0,0,0,0,0,0,0,0,0,0,0,0,0,0,0,0,0.5,0.267,0.622,0.27,0.22,0,0,0,0,0,0.436,0.425,0,0,0,0,0,0,0,0,0,0,0,0,0,0,0,0,0,0,0,0.233,0.279,0.313,0.241,0.183,0.232,0.21,0.26,0.231,0.175,0.245,0.224,0.231,0.201,0.192,0.219,0.258,0,0,0,0,0,0,0,0.369,0.216,0.336,0.211,0.206,0.29,0.431,0,0,0,0,0,0,0,0,0,0,0.173,0.418,0.285,0.256,0,0.304,0.619,0.449,0.232,0.232,0,0,0,0,0.247,0.222,0.173,0.17,0,0,0.369,0.202,0.193,0.186,0.367,0,0.195,0.165,0.273,0,0,0,0,0,0.211,0,0,0,0,0,0.28,0,0.206,0.273,0,0,0,0,0,0,0.225,0.165,0,0,0.287,0,0,0,0,0,0,0,0,0,0,0.369,0,0.276,0,0,0,0,0,0.28,0,0,0,0.244,0.22,0.28,0,0,0,0,0,0,0,0.135,0.123,0.115,0,0,0,0,0.128,0.117,0,0,0,0,0,0,0.135,0,0,0,0,0,0,0,0,0,0,0,0.77,0.24,0.239,0,0,0,0,0,0,0,0,0,0,0,0,0,0,0,0,0,0,0,0.214,0,0.599,0.72,0.599,0,0,0,0,0,0,0,0,0,0,0,0,0,0,0,0,0,0,0,0,0,0,0,0,0,0,0,0,0,0,0,0,0,0
GO:0009893,0.243,0,0.258,0,0,0.71,0.678,0.239,0.245,0.248,0.193,0.291,0.271,0.391,0.373,0,0.355,0.253,0,0.213,0.214,0.22,0.214,0.208,0.215,0,0,0.193,0.978,0.243,0.965,0.251,0.251,0.948,0.801,0.757,0.261,0.682,0.944,0.704,0.684,0.21,0.219,0.225,0.228,0,0,0,0.49,0.764,0.198,0.201,0.561,0.831,0.224,0.169,0.209,0.201,0.587,0.53,0.644,0.656,0.561,0.685,0.655,0.586,0.221,0.656,0.585,0.656,0.191,0.212,0.215,0.606,0.652,0.645,0.487,0.645,0.495,0.495,0,0.261,0.212,0.242,0,0,0,0,0,0,0.386,0.608,0.153,0.159,0.466,0.6,0.512,0.509,0.584,0.539,0.144,0.511,0.147,0.488,0.5,0.546,0.492,0.151,0,0,0.488,0.488,0.447,0.467,0.741,0,0,0.781,0,0.64,0.746,0.483,0.773,0.373,0.585,0.195,0.472,0.467,0.448,0.702,0.781,0.191,0.182,0.425,0.647,0.528,0.173,0,0.208,0.197,0.17,0.206,0.198,0.207,0.205,0.221,0.223,0.223,0.228,0,0.232,0,0.212,0.199,0.203,0,0,0,0,0,0,0,0,0.231,0.197,0.198,0.225,0,0,0,0,0,0.268,0.266,0.201,0.245,0,0.232,0.122,0.122,0.162,0.148,0.129,0.136,0,0,0,0,0,0,0,0,0,0,0,0,0,0.534,0.252,0.219,0,0.505,0.518,0,0.371,0.114,0.139,0.138,0.141,0.118,0,0,0.206,0.224,0.188,0.361,0.594,0.182,0.165,0.234,0.181,0.176,0.221,0.215,0.182,0.182,0,0.165,0.182,0.156,0.223,0.174,0.152,0.191,0.168,0.206,0.165,0.145,0.16,0.128,0.1,0.165,0.151,0.136,0.164,0.13,0.129,0.16,0.164,0.168,0.162,0.181,0.18,0,0,0,0,0,0.179,0.161,0.183,0.116,0.17,0.114,0.111,0.15,0.1,0,0,0.165,0,0,0,0,0,0,0,0.888,0.097,0.886,0.808,0.21,0.156,0.138,0.104,0.189,0.189,0,0,0.194,0.459,0.13,0.118,0.888,0.334,0.167,0.136,0.183,0.39,0.628,0.608,0.086,0,0.378,0.091,0.188,0,0,0,0.195,0,0.113,0,0,0.192,0.213,0.546,0.874,0.201,0.897,0.855,0,0,0,0,0,0.141,0.428,0.546,0.217,0.217,0.891,0,0,0,0,0.188,0,0,0,0.528,0.448,0.183,0,0.19,0,0,0.206,0.474,0.192,0.874,0.173,0.165,0.401,0.46,0.707,0.874,0.165,0.159,0,0,0,0,0.178,0.426,0.392,0.371,0,0,0,0,0.406,0.376,0.197,0.199,0,0,0,0,0.426,0.191,0,0,0,0,0,0.179,0,0,0,0,0.166,0.194,0.194,0,0,0,0.322,0.213,0.206,0.183,0,0,0,0,0,0,0,0,0,0.181,0,0.516,0.177,0,0.134,0.157,0.134,0,0.152,0.224,0,0,0,0.177,0,0.191,0.191,0.26,0,0.542,0.178,0.401,0.141,0,0,0.199,0.49,0,0,0.631,0.632,0.205,0.512,0.208,0,0.193,0.141,0.192,0.172,0.148,0.148
GO:0009966,0,0.038,0,0.056,0.041,0.292,0.354,0,0.048,0,0.039,0.265,0.314,0.346,0.42,0.459,0.313,0,0.042,0.043,0.043,0.044,0.043,0.042,0,0.584,0,0,0.243,0.989,0.24,0.956,0.956,0.299,0.276,0.331,0.917,0.282,0.236,0.29,0.282,0,0,0.208,0.21,0.031,0.333,0.384,0.208,0.194,0.184,0.187,0.236,0.209,0.916,0.035,0,0.04,0.246,0.283,0.338,0.272,0.873,0.283,0.271,0.854,0.26,0.343,0.853,0.344,0,0.25,0.254,0.817,0.342,0.338,0.261,0.338,0.265,0.265,0.035,0.304,0.251,0.283,0.39,0.488,0,0.037,0,0,0.166,0.156,0.031,0.033,0.251,0.317,0.216,0.215,0.245,0.227,0,0.273,0,0.262,0.268,0.23,0.264,0,0.461,0.442,0.262,0.262,0.241,0.251,0.238,0.03,0.031,0.25,0.03,0.207,0.239,0.26,0.247,0.204,0.661,0.804,0.743,0.251,0.242,0.226,0.25,0.178,0.17,0.23,0.209,0.826,0.72,0.031,0,0,0.035,0.041,0.04,0,0.19,0.906,0.855,0.855,0.812,0.029,0.272,0.034,0.251,0.235,0.241,0,0,0,0,0,0.037,0,0,0.214,0.233,0.234,0.265,0,0,0,0,0.037,0.246,0.245,0.239,0.225,0,0.215,0.361,0.361,0.033,0.43,0.378,0.028,0.45,0.025,0.025,0.025,0,0.033,0.024,0,0.035,0.026,0,0,0,0.24,0.232,0.258,0.216,0.228,0.233,0.295,0.591,0.024,0.029,0.029,0.029,0.025,0.03,0.026,0.243,0.263,0.224,0.156,0.153,0.754,0.685,0.275,0.169,0.165,0.26,0.254,0.171,0.217,0.272,0.155,0.217,0.187,0.263,0.208,0.183,0.227,0.201,0.846,0.034,0.03,0.033,0.027,0.021,0.034,0.031,0.028,0.034,0.027,0.027,0.033,0.034,0.034,0.033,0,0,0,0,0.023,0,0.19,0.169,0.153,0.037,0.024,0.035,0.024,0.023,0.031,0,0,0,0.197,0.365,0.333,0.301,0,0,0,0,0.223,0,0.222,0.204,0.248,0.032,0,0,0.038,0.038,0,0.027,0.802,0.724,0.027,0.025,0.281,0.183,0.157,0.129,0.037,0.212,0.204,0.197,0,0.213,0.206,0.019,0.038,0,0,0.024,0.232,0.333,0.024,0.032,0.03,0.228,0.252,0.245,0.277,0.238,0.284,0.272,0,0,0,0,0,0.17,0.232,0.178,0.202,0.202,0.282,0.333,0,0,0.026,0.777,0.031,0.26,0.027,0.238,0.708,0.037,0,0,0.293,0.387,0.244,0.215,0.228,0.277,0.207,0.197,0.183,0.248,0.227,0.277,0.197,0.19,0.024,0.023,0.032,0.036,0.212,0.23,0.213,0.202,0.034,0.024,0.033,0.028,0.22,0.205,0.183,0.185,0.028,0.026,0.029,0.023,0.23,0.178,0.028,0.031,0.028,0.033,0.024,0.213,0.031,0.025,0.036,0,0.034,0.039,0.039,0.033,0.025,0.615,0.649,0.445,0.431,0.385,0,0,0,0,0,0,0,0,0.026,0.17,0.029,0.232,0.036,0.03,0.028,0,0,0.033,0.183,0.208,0.619,0.03,0.03,0.211,0.032,0.401,0.179,0.534,0,0.244,0.212,0.183,0.134,0.033,0.03,0.236,0.221,0,0,0.222,0.222,0.192,0.183,0.246,0,0.18,0.134,0.18,0.716,0.619,0.619
GO:0010604,0.238,0,0.253,0,0,0.698,0.667,0.388,0.24,0.243,0.314,0.287,0.267,0.383,0.366,0,0.348,0.292,0,0.248,0.211,0.216,0.21,0.339,0.25,0,0,0.315,0.965,0.24,0.98,0.248,0.248,0.935,0.789,0.745,0.257,0.671,0.932,0.71,0.673,0.341,0.254,0.222,0.225,0,0,0,0.497,0.779,0.195,0.199,0.568,0.846,0.222,0.276,0.34,0.327,0.579,0.524,0.651,0.646,0.555,0.691,0.661,0.579,0.218,0.645,0.578,0.646,0.31,0.209,0.213,0.599,0.658,0.651,0.494,0.651,0.489,0.489,0,0.258,0.21,0.239,0,0,0,0,0,0,0.393,0.621,0.25,0.26,0.473,0.606,0.506,0.515,0.591,0.546,0.236,0.505,0.24,0.495,0.494,0.539,0.499,0.247,0,0,0.495,0.495,0.454,0.474,0.755,0,0,0.772,0,0.654,0.739,0.478,0.765,0.379,0.598,0.193,0.468,0.462,0.455,0.716,0.772,0.189,0.18,0.431,0.661,0.523,0.172,0,0.204,0.321,0.277,0.203,0.195,0.241,0.202,0.219,0.22,0.22,0.226,0,0.229,0,0.21,0.197,0.201,0,0,0,0,0,0,0,0,0.228,0.195,0.196,0.222,0,0,0,0,0,0.264,0.263,0.199,0.242,0,0.229,0.2,0.201,0.264,0.241,0.211,0.222,0,0,0,0,0,0,0,0,0,0,0,0,0,0.528,0.248,0.217,0,0.5,0.513,0,0.368,0.187,0.228,0.226,0.23,0.193,0,0,0.204,0.221,0.187,0.367,0.607,0.18,0.163,0.231,0.179,0.174,0.219,0.213,0.18,0.18,0,0.163,0.18,0.155,0.221,0.173,0.151,0.189,0.166,0.204,0.193,0.237,0.261,0.209,0.164,0.192,0.177,0.223,0.191,0.152,0.212,0.187,0.192,0.166,0.16,0.178,0.21,0,0,0,0,0,0.178,0.159,0.298,0.19,0.277,0.186,0.182,0.244,0.164,0,0,0.163,0,0,0,0,0,0,0,0.877,0.16,0.901,0.823,0.208,0.255,0.225,0.17,0.186,0.186,0,0,0.192,0.455,0.213,0.194,0.877,0.34,0.165,0.135,0.298,0.396,0.642,0.621,0.142,0,0.384,0.149,0.219,0,0,0,0.193,0,0.186,0,0,0.19,0.211,0.54,0.889,0.198,0.885,0.87,0,0,0,0,0,0.14,0.435,0.558,0.215,0.215,0.906,0,0,0,0,0.186,0,0,0,0.523,0.444,0.298,0,0.221,0,0,0.204,0.47,0.19,0.889,0.172,0.163,0.398,0.467,0.721,0.889,0.163,0.157,0,0,0,0,0.176,0.421,0.388,0.367,0,0,0,0,0.402,0.372,0.194,0.197,0,0,0,0,0.421,0.189,0,0,0,0,0,0.177,0,0,0,0,0.271,0.191,0.191,0,0,0,0.316,0.211,0.204,0.181,0,0,0,0,0,0,0,0,0,0.179,0,0.51,0.175,0,0.219,0.256,0.219,0,0.151,0.221,0,0,0,0.175,0,0.189,0.189,0.256,0,0.537,0.176,0.398,0.14,0,0,0.197,0.485,0,0,0.623,0.624,0.203,0.507,0.205,0,0.191,0.14,0.19,0.171,0.147,0.147
GO:0010646,0,0.039,0,0.06,0.043,0.304,0.367,0,0.05,0,0.04,0.275,0.325,0.362,0.438,0,0.328,0,0.043,0.044,0.045,0.046,0.045,0.043,0,0.043,0,0,0.251,0.956,0.248,0.986,0.239,0.308,0.286,0.343,0.247,0.292,0.243,0.301,0.293,0,0,0.214,0.217,0.032,0,0,0.214,0.199,0.189,0.192,0.243,0.215,0.884,0.036,0,0.042,0.254,0.291,0.35,0.282,0.841,0.293,0.281,0.877,0.267,0.356,0.212,0.356,0,0.256,0.26,0.22,0.354,0.35,0.269,0.35,0.273,0.273,0.037,0.313,0.257,0.291,0,0.036,0,0.038,0,0,0.17,0.159,0.032,0.034,0.258,0.327,0.223,0.221,0.253,0.234,0,0.281,0,0.269,0.275,0.237,0.271,0,0.034,0.032,0.269,0.269,0.247,0.258,0.244,0.03,0.032,0.256,0.031,0.212,0.245,0.267,0.254,0.208,0.633,0.773,0.713,0.258,0.248,0.231,0.256,0.183,0.174,0.236,0.214,0.795,0.691,0.032,0,0,0.036,0.043,0.041,0,0.196,0.874,0.879,0.213,0.218,0.03,0.28,0.035,0.257,0.241,0.247,0,0,0,0,0,0.038,0,0,0.221,0.239,0.24,0.272,0,0,0,0,0.038,0.254,0.253,0.245,0.232,0,0.221,0.026,0.026,0.034,0.031,0.027,0.029,0.033,0.025,0.025,0.026,0,0.035,0.025,0,0.036,0.027,0,0,0,0.246,0.239,0.265,0,0.233,0.239,0.021,0.564,0.025,0.03,0.029,0.03,0.025,0.031,0.026,0.25,0.271,0.229,0.159,0.156,0.724,0.657,0.283,0.173,0.169,0.268,0.261,0.175,0.222,0,0.159,0.222,0.191,0.27,0.213,0.187,0.232,0.205,0.814,0.035,0.031,0.034,0.027,0.022,0.035,0.032,0.029,0.035,0.028,0.028,0.034,0.035,0.035,0.034,0,0,0,0,0.024,0,0,0.173,0.156,0.038,0.025,0.036,0.024,0.024,0.032,0,0,0,0.201,0,0,0,0,0,0,0,0.229,0,0.229,0.209,0.255,0.033,0,0,0.04,0.04,0,0.028,0.771,0.694,0.028,0.025,0.29,0.187,0.161,0.132,0.038,0.217,0.208,0.201,0,0,0.211,0.02,0.039,0,0,0.024,0.238,0,0.024,0.033,0.031,0.234,0.259,0.252,0.285,0.244,0.293,0.279,0,0,0,0,0,0.173,0.237,0.182,0.208,0.208,0.291,0,0,0,0.027,0.746,0.032,0.019,0.028,0.244,0.678,0.038,0,0,0,0.028,0.25,0.219,0.233,0.285,0.212,0.201,0.187,0.254,0.233,0.285,0.201,0.194,0.024,0.024,0.033,0.037,0.217,0.236,0.218,0.206,0.035,0.025,0.034,0.029,0.225,0.209,0.188,0.191,0.029,0.027,0.029,0.024,0.236,0.183,0.028,0.032,0.029,0.034,0.025,0.218,0.032,0.026,0.038,0,0.035,0.041,0.041,0.034,0.025,0.64,0.626,0.424,0.41,0.365,0,0,0,0,0,0,0,0,0.027,0.174,0.029,0.238,0.037,0.031,0.029,0,0,0.034,0.187,0.214,0,0.031,0.031,0.216,0.033,0.381,0.183,0.511,0,0.25,0.217,0.187,0.137,0.034,0.031,0.242,0.226,0,0,0.228,0.229,0.197,0.187,0.252,0,0.185,0.137,0.185,0.687,0.592,0.592
GO:0023051,0,0,0,0,0,0.304,0.291,0,0,0,0,0.275,0.257,0.362,0.347,0,0.328,0,0,0,0,0,0,0,0,0,0,0,0.251,0.956,0.248,0.239,0.986,0.244,0.286,0.271,0.247,0.292,0.243,0.301,0.293,0,0,0.214,0.217,0,0,0,0.214,0.199,0.189,0.192,0.243,0.215,0.884,0,0,0,0.254,0.23,0.277,0.282,0.841,0.293,0.281,0.213,0.211,0.282,0.877,0.282,0,0.203,0.206,0.22,0.28,0.277,0.212,0.277,0.216,0.216,0,0.248,0.203,0.23,0,0,0,0,0,0,0.17,0.159,0,0,0.204,0.259,0.223,0.221,0.253,0.234,0,0.222,0,0.213,0.218,0.237,0.215,0,0,0,0.213,0.213,0.196,0.204,0.193,0,0,0.203,0,0.167,0.194,0.211,0.201,0.164,0.633,0.773,0.713,0.204,0.196,0.183,0.203,0.183,0.174,0.186,0.169,0.795,0.691,0,0,0,0,0,0,0,0.196,0.874,0.213,0.879,0.218,0,0.222,0,0.203,0.191,0.195,0,0,0,0,0,0,0,0,0.221,0.189,0.19,0.215,0,0,0,0,0,0.254,0.253,0.193,0.232,0,0.221,0,0,0,0,0,0,0,0,0,0,0,0,0,0,0,0,0,0,0,0.195,0.239,0.21,0,0.185,0.189,0,0.564,0,0,0,0,0,0,0,0.197,0.214,0.181,0.159,0.156,0.724,0.657,0.223,0.173,0.169,0.212,0.206,0.175,0.175,0,0.159,0.175,0.151,0.213,0.168,0.148,0.183,0.162,0.814,0,0,0,0,0,0,0,0,0,0,0,0,0,0,0,0,0,0,0,0,0,0,0.173,0.156,0,0,0,0,0,0,0,0,0,0.159,0,0,0,0,0,0,0,0.229,0,0.229,0.209,0.202,0,0,0,0,0,0,0,0.771,0.694,0,0,0.229,0.148,0.161,0.132,0,0.172,0.164,0.159,0,0,0.167,0,0,0,0,0,0.188,0,0,0,0,0.185,0.204,0.199,0.226,0.193,0.231,0.221,0,0,0,0,0,0.137,0.188,0.144,0.208,0.208,0.23,0,0,0,0,0.746,0,0,0,0.193,0.678,0,0,0,0,0,0.198,0.174,0.185,0.226,0.167,0.159,0.148,0.201,0.184,0.226,0.159,0.154,0,0,0,0,0.172,0.187,0.172,0.163,0,0,0,0,0.178,0.165,0.188,0.191,0,0,0,0,0.187,0.183,0,0,0,0,0,0.172,0,0,0,0,0,0,0,0,0,0,0.631,0.427,0.413,0.368,0,0,0,0,0,0,0,0,0,0.174,0,0.188,0,0,0,0,0,0,0.148,0.214,0.643,0,0,0.171,0,0.384,0.183,0.515,0,0.198,0.172,0.148,0.137,0,0,0.191,0.179,0,0,0.228,0.229,0.197,0.187,0.199,0,0.185,0.137,0.185,0.687,0.592,0.592
GO:0031325,0.232,0.04,0.246,0.062,0.044,0.683,0.751,0.228,0.336,0.236,0.267,0.281,0.332,0.373,0.451,0,0.339,0.241,0.044,0.294,0.295,0.303,0.295,0.287,0.206,0.044,0,0.186,0.948,0.299,0.935,0.308,0.244,0.983,0.773,0.849,0.253,0.657,0.916,0.678,0.659,0.202,0.21,0.219,0.221,0.032,0,0,0.477,0.746,0.192,0.196,0.544,0.809,0.276,0.235,0.201,0.278,0.569,0.592,0.715,0.633,0.635,0.66,0.632,0.662,0.272,0.727,0.57,0.727,0.184,0.261,0.265,0.59,0.723,0.715,0.545,0.715,0.554,0.554,0.038,0.32,0.262,0.297,0,0.037,0,0.039,0,0,0.378,0.596,0.213,0.221,0.522,0.667,0.498,0.495,0.566,0.524,0.14,0.571,0.143,0.546,0.559,0.53,0.551,0.147,0.034,0.033,0.546,0.546,0.502,0.524,0.773,0.031,0.032,0.814,0.032,0.671,0.779,0.541,0.807,0.42,0.614,0.241,0.537,0.524,0.503,0.734,0.814,0.186,0.177,0.477,0.678,0.599,0.215,0.033,0.2,0.19,0.236,0.285,0.273,0.199,0.199,0.273,0.274,0.217,0.222,0.03,0.286,0.036,0.262,0.245,0.251,0,0,0,0,0,0.039,0,0,0.225,0.243,0.244,0.277,0,0,0,0,0.039,0.259,0.258,0.249,0.237,0,0.225,0.171,0.172,0.225,0.206,0.18,0.19,0.034,0.026,0.026,0.026,0,0.035,0.025,0,0.037,0.027,0,0,0,0.605,0.244,0.27,0,0.573,0.588,0.022,0.424,0.16,0.195,0.193,0.196,0.165,0.032,0.027,0.254,0.276,0.233,0.354,0.582,0.225,0.204,0.288,0.176,0.172,0.272,0.265,0.178,0.225,0,0.161,0.225,0.193,0.275,0.216,0.189,0.236,0.208,0.254,0.23,0.202,0.222,0.179,0.141,0.229,0.211,0.191,0.228,0.181,0.181,0.223,0.228,0.233,0.225,0.174,0.174,0,0,0.024,0,0,0.175,0.158,0.253,0.162,0.236,0.159,0.156,0.209,0.098,0,0,0.204,0,0,0,0,0,0,0,0.863,0.095,0.86,0.787,0.259,0.217,0.134,0.102,0.262,0.262,0,0.028,0.24,0.522,0.182,0.166,0.923,0.377,0.163,0.133,0.254,0.439,0.659,0.637,0.085,0,0.426,0.128,0.261,0,0,0.025,0.241,0,0.159,0.033,0.032,0.237,0.263,0.619,0.909,0.248,0.932,0.889,0,0,0,0,0,0.175,0.48,0.574,0.211,0.212,0.926,0,0,0,0.027,0.232,0.033,0.019,0.028,0.599,0.51,0.254,0,0.183,0,0.029,0.254,0.539,0.237,0.909,0.215,0.204,0.458,0.515,0.739,0.909,0.204,0.197,0.025,0.024,0.033,0.038,0.22,0.478,0.441,0.417,0.036,0.025,0.035,0.029,0.456,0.423,0.192,0.194,0.029,0.028,0.03,0.024,0.478,0.186,0.029,0.032,0.029,0.035,0.025,0.221,0.033,0.026,0.038,0,0.231,0.269,0.268,0.035,0.026,0.043,0.391,0.263,0.254,0.226,0,0,0,0,0,0,0,0,0.027,0.177,0.03,0.585,0.246,0.031,0.187,0.152,0.13,0.035,0.189,0.218,0,0.032,0.032,0.219,0.034,0.236,0.186,0.318,0,0.615,0.22,0.458,0.138,0.035,0.032,0.246,0.556,0,0,0.613,0.614,0.2,0.5,0.256,0,0.188,0.138,0.187,0.213,0.184,0.184
GO:0048518,0,0,0,0,0,0.384,0.364,0,0,0,0,0.34,0.313,0.483,0.457,0,0.441,0,0,0,0,0,0,0,0,0,0,0,0.801,0.276,0.789,0.286,0.286,0.773,0.941,0.88,0.299,0.367,0.77,0.381,0.368,0,0,0.257,0.261,0,0,0,0.251,0.607,0.222,0.226,0.292,0.666,0.252,0,0,0,0.308,0.274,0.343,0.35,0.626,0.368,0.349,0.657,0.247,0.35,0.656,0.35,0,0.236,0.24,0.683,0.348,0.343,0.249,0.343,0.254,0.254,0,0.299,0.237,0.274,0,0,0,0,0,0,0.193,0.471,0,0,0.237,0.315,0.263,0.261,0.306,0.279,0,0.263,0,0.25,0.256,0.284,0.252,0,0,0,0.25,0.25,0.226,0.238,0.586,0,0,0.621,0,0.499,0.591,0.247,0.615,0.186,0.453,0.215,0.518,0.238,0.227,0.552,0.621,0.213,0.202,0.214,0.505,0.586,0.189,0,0,0,0,0,0,0,0.231,0.248,0.25,0.25,0.257,0,0.262,0,0.237,0.22,0.226,0,0,0,0,0,0,0,0,0.26,0.218,0.219,0.253,0,0,0,0,0,0.308,0.306,0.223,0.283,0,0.261,0,0,0,0,0,0,0,0,0,0,0,0,0,0,0,0,0,0,0,0.592,0.287,0.246,0,0.557,0.573,0,0.398,0,0,0,0,0,0,0,0.229,0.252,0.207,0.179,0.46,0.2,0.179,0.264,0.2,0.195,0.248,0.241,0.203,0.2,0,0.181,0.2,0.169,0.25,0.191,0.165,0.21,0.183,0.229,0,0,0,0,0,0,0,0,0,0,0,0,0,0,0,0,0,0,0,0,0,0,0.196,0.175,0,0,0,0,0,0,0,0,0,0.179,0,0,0,0,0,0,0,0.718,0,0.716,0.645,0.234,0,0,0,0,0,0,0,0.215,0.502,0,0,0.718,0.165,0.184,0.147,0,0.195,0.489,0.471,0,0,0.188,0,0,0,0,0,0.216,0,0,0,0,0.212,0.238,0.608,0.705,0.222,0.726,0.687,0,0,0,0,0,0.151,0.216,0.42,0.243,0.243,0.72,0,0,0,0,0.207,0,0,0,0.586,0.489,0,0,0,0,0,0.229,0.52,0.212,0.705,0.189,0.179,0.434,0.234,0.556,0.705,0.179,0.172,0,0,0,0,0.195,0.214,0.196,0.184,0,0,0,0,0.203,0.187,0.221,0.224,0,0,0,0,0.214,0.213,0,0,0,0,0,0.196,0,0,0,0,0,0,0,0,0,0,0.382,0.238,0.229,0.2,0,0,0,0,0,0,0,0,0,0.201,0,0.57,0,0,0,0,0,0,0.165,0.251,0,0,0,0.194,0,0.211,0.214,0.297,0,0.603,0.195,0.434,0.151,0,0,0.221,0.539,0,0,0.714,0.716,0.228,0.566,0.231,0,0.216,0.151,0.212,0.188,0.159,0.159
GO:0048522,0,0.046,0,0.076,0.051,0.358,0.43,0,0.062,0,0.047,0.319,0.373,0.441,0.53,0,0.402,0,0.051,0.053,0.053,0.055,0.053,0.052,0,0.051,0,0,0.757,0.331,0.745,0.343,0.271,0.849,0.88,0.96,0.282,0.342,0.728,0.355,0.343,0,0,0.243,0.247,0.036,0,0,0.239,0.581,0.211,0.215,0.277,0.635,0.303,0.041,0,0.05,0.291,0.329,0.407,0.328,0.695,0.344,0.327,0.728,0.298,0.414,0.626,0.415,0,0.285,0.29,0.65,0.412,0.407,0.301,0.407,0.306,0.306,0.042,0.358,0.286,0.329,0,0.041,0,0.045,0,0,0.186,0.455,0.037,0.038,0.287,0.376,0.25,0.249,0.289,0.265,0,0.316,0,0.301,0.309,0.269,0.304,0,0.038,0.037,0.301,0.301,0.274,0.287,0.652,0.034,0.036,0.69,0.035,0.559,0.658,0.298,0.683,0.226,0.509,0.261,0.579,0.287,0.275,0.616,0.69,0.204,0.193,0.26,0.566,0.652,0.231,0.036,0,0,0.041,0.051,0.049,0,0.22,0.299,0.301,0.238,0.245,0.033,0.315,0.041,0.286,0.267,0.274,0,0,0,0,0,0.044,0,0,0.248,0.264,0.265,0.305,0,0,0,0,0.044,0.291,0.289,0.271,0.267,0,0.249,0.029,0.029,0.039,0.035,0.031,0.032,0.037,0.028,0.028,0.029,0,0.04,0.027,0,0.041,0.03,0,0,0,0.659,0.272,0.296,0,0.622,0.639,0.023,0.449,0.027,0.033,0.033,0.034,0.028,0.035,0.029,0.277,0.303,0.252,0.173,0.445,0.243,0.219,0.318,0.192,0.187,0.299,0.291,0.194,0.243,0,0.174,0.243,0.206,0.302,0.232,0.202,0.255,0.223,0.277,0.04,0.035,0.039,0.03,0.023,0.04,0.036,0.033,0.04,0.031,0.031,0.039,0.04,0.041,0.039,0,0,0,0,0.026,0,0,0.189,0.169,0.045,0.027,0.041,0.027,0.026,0.036,0,0,0,0.219,0,0,0,0,0,0,0,0.682,0,0.68,0.616,0.283,0.038,0,0,0.046,0.046,0,0.031,0.261,0.562,0.031,0.028,0.792,0.202,0.177,0.142,0.045,0.237,0.548,0.529,0,0,0.23,0.021,0.046,0,0,0.026,0.262,0,0.027,0.037,0.035,0.258,0.288,0.676,0.778,0.27,0.8,0.76,0,0,0,0,0,0.186,0.262,0.473,0.232,0.232,0.795,0,0,0,0.03,0.252,0.036,0.02,0.031,0.652,0.548,0.045,0,0,0,0.031,0.277,0.582,0.257,0.778,0.231,0.219,0.488,0.283,0.621,0.778,0.219,0.21,0.027,0.026,0.037,0.043,0.237,0.26,0.238,0.225,0.04,0.027,0.039,0.032,0.247,0.228,0.21,0.213,0.032,0.03,0.033,0.026,0.26,0.204,0.032,0.036,0.032,0.039,0.027,0.238,0.036,0.029,0.044,0,0.04,0.048,0.048,0.039,0.028,0.05,0.449,0.288,0.278,0.244,0,0,0,0,0,0,0,0,0.03,0.193,0.033,0.636,0.043,0.035,0.032,0,0,0.039,0.202,0.24,0,0.035,0.035,0.236,0.038,0.256,0.204,0.355,0,0.671,0.237,0.488,0.147,0.039,0.035,0.268,0.602,0,0,0.678,0.68,0.218,0.543,0.28,0,0.206,0.147,0.203,0.23,0.196,0.196
GO:0048583,0,0,0,0,0,0.317,0.303,0,0,0,0,0.286,0.267,0.381,0.365,0.504,0.346,0,0,0,0,0,0,0,0,0.466,0,0,0.261,0.917,0.257,0.247,0.247,0.253,0.299,0.282,0.981,0.305,0.252,0.315,0.306,0,0,0.222,0.225,0,0.356,0.414,0.22,0.204,0.195,0.198,0.252,0.222,0.845,0,0,0,0.263,0.238,0.288,0.294,0.804,0.306,0.293,0.219,0.218,0.293,0.219,0.294,0,0.209,0.212,0.868,0.292,0.289,0.219,0.289,0.223,0.223,0,0.257,0.209,0.238,0.422,0.383,0,0,0,0,0.174,0.163,0,0,0.21,0.269,0.23,0.229,0.262,0.242,0,0.23,0,0.22,0.225,0.245,0.221,0,0.36,0.345,0.22,0.22,0.201,0.21,0.198,0,0,0.209,0,0.172,0.2,0.217,0.207,0.168,0.6,0.736,0.678,0.21,0.202,0.188,0.209,0.189,0.179,0.191,0.173,0.758,0.656,0,0,0,0,0,0,0,0.202,0.835,0.22,0.22,0.861,0,0.229,0,0.209,0.196,0.201,0,0,0,0,0,0,0,0,0.228,0.194,0.195,0.222,0,0,0,0,0,0.264,0.262,0.199,0.241,0,0.228,0.278,0.279,0,0.335,0.292,0,0.352,0,0,0,0,0,0,0,0,0,0,0,0,0.2,0.248,0.216,0.225,0.19,0.194,0.225,0.534,0,0,0,0,0,0,0,0.203,0.221,0.186,0.163,0.159,0.688,0.623,0.231,0.178,0.174,0.218,0.213,0.18,0.18,0.287,0.163,0.18,0.154,0.22,0.173,0.151,0.188,0.166,0.777,0,0,0,0,0,0,0,0,0,0,0,0,0,0,0,0,0,0,0,0,0,0.197,0.177,0.159,0,0,0,0,0,0,0,0,0,0.163,0.392,0.356,0.32,0,0,0,0,0.237,0,0.236,0.216,0.207,0,0,0,0,0,0,0,0.735,0.66,0,0,0.237,0.151,0.165,0.134,0,0.176,0.168,0.163,0,0.222,0.171,0,0,0,0,0,0.193,0.356,0,0,0,0.19,0.211,0.205,0.233,0.198,0.239,0.228,0,0,0,0,0,0.14,0.193,0.147,0.214,0.214,0.238,0.356,0,0,0,0.71,0,0.197,0,0.198,0.644,0,0,0,0.31,0.299,0.203,0.178,0.19,0.233,0.172,0.163,0.151,0.207,0.189,0.233,0.163,0.157,0,0,0,0,0.176,0.192,0.177,0.167,0,0,0,0,0.183,0.17,0.194,0.197,0,0,0,0,0.192,0.188,0,0,0,0,0,0.177,0,0,0,0,0,0,0,0,0,0,0.446,0.298,0.288,0.255,0,0,0,0,0,0,0,0,0,0.179,0,0.193,0,0,0,0,0,0,0.151,0.221,0,0,0,0.175,0,0.267,0.189,0.361,0,0.203,0.176,0.151,0.14,0,0,0.197,0.184,0,0,0.236,0.236,0.202,0.192,0.205,0,0.19,0.14,0.19,0.652,0.561,0.561
GO:0051171,0.47,0,0.338,0,0,0.867,0.819,0.306,0.316,0.32,0.234,0.348,0.32,0.5,0.472,0,0.457,0.328,0,0.398,0.266,0.413,0.266,0.387,0.268,0,0,0.235,0.682,0.282,0.671,0.292,0.292,0.657,0.367,0.342,0.305,0.932,0.739,0.858,0.828,0.39,0.412,0.262,0.266,0,0,0,0.633,0.58,0.226,0.23,0.74,0.638,0.256,0.301,0.259,0.37,0.691,0.613,0.871,0.788,0.242,0.83,0.786,0.254,0.252,0.889,0.254,0.787,0.346,0.24,0.244,0.264,0.883,0.871,0.557,0.871,0.567,0.567,0,0.306,0.241,0.279,0,0,0,0,0,0,0.484,0.449,0.267,0.28,0.598,0.799,0.588,0.584,0.687,0.625,0.25,0.587,0.255,0.63,0.647,0.717,0.636,0.264,0,0,0.63,0.63,0.505,0.599,0.56,0,0,0.526,0,0.476,0.5,0.551,0.52,0.466,0.431,0.219,0.199,0.531,0.572,0.527,0.526,0.217,0.205,0.538,0.481,0.226,0.192,0,0.256,0.24,0.201,0.254,0.363,0.255,0.235,0.253,0.254,0.254,0.262,0,0.267,0,0.241,0.223,0.229,0,0,0,0,0,0,0,0,0.265,0.221,0.222,0.257,0,0,0,0,0,0.315,0.313,0.227,0.29,0,0.266,0.207,0.207,0.285,0.256,0.219,0.233,0,0,0,0,0,0,0,0,0,0,0,0,0,0.229,0.293,0.25,0,0.215,0.221,0,0.153,0.191,0.24,0.238,0.242,0.198,0,0,0.232,0.256,0.211,0.449,0.438,0.203,0.181,0.269,0.204,0.198,0.252,0.245,0.206,0.203,0,0.184,0.203,0.171,0.255,0.193,0.167,0.213,0.185,0.232,0.195,0.251,0.281,0.217,0.165,0.291,0.264,0.234,0.193,0.221,0.22,0.282,0.193,0.298,0.285,0.216,0.324,0,0,0,0,0,0.199,0.177,0.33,0.194,0.301,0.19,0.185,0.26,0.165,0,0,0.181,0,0,0,0,0,0,0,0.61,0.16,0.608,0.547,0.238,0.273,0.237,0.172,0.229,0.229,0,0,0.218,0.193,0.222,0.2,0.61,0.413,0.186,0.148,0.33,0.489,0.466,0.449,0.141,0,0.473,0.149,0.342,0,0,0,0.219,0,0.19,0,0,0.215,0.242,0.235,0.676,0.226,0.696,0.659,0,0,0,0,0,0.153,0.543,0.399,0.247,0.247,0.691,0,0,0,0,0.21,0,0,0,0.226,0.188,0.33,0,0.23,0,0,0.233,0.2,0.215,0.676,0.192,0.181,0.167,0.588,0.531,0.676,0.181,0.174,0,0,0,0,0.197,0.477,0.435,0.409,0,0,0,0,0.452,0.416,0.224,0.228,0,0,0,0,0.477,0.217,0,0,0,0,0,0.198,0,0,0,0,0.294,0.236,0.236,0,0,0,0.392,0.242,0.233,0.203,0,0,0,0,0,0,0,0,0,0.204,0,0.22,0.211,0,0.229,0.275,0.229,0,0.167,0.256,0,0,0,0.196,0,0.214,0.217,0.304,0,0.233,0.197,0.167,0.153,0,0,0.224,0.208,0,0,0.276,0.277,0.232,0.218,0.235,0,0.219,0.153,0.215,0.191,0.161,0.161
GO:0051173,0.347,0,0.244,0,0,0.68,0.651,0.227,0.233,0.235,0.185,0.28,0.262,0.371,0.355,0,0.337,0.239,0,0.306,0.205,0.315,0.205,0.3,0.205,0,0,0.185,0.944,0.236,0.932,0.243,0.243,0.916,0.77,0.728,0.252,0.739,0.983,0.675,0.656,0.301,0.314,0.218,0.221,0,0,0,0.538,0.801,0.192,0.195,0.613,0.869,0.218,0.245,0.2,0.29,0.567,0.513,0.7,0.631,0.545,0.657,0.629,0.568,0.214,0.712,0.568,0.63,0.275,0.206,0.209,0.588,0.708,0.7,0.473,0.7,0.48,0.48,0,0.252,0.206,0.234,0,0,0,0,0,0,0.426,0.64,0.222,0.231,0.512,0.653,0.496,0.493,0.564,0.522,0.21,0.495,0.214,0.535,0.548,0.597,0.54,0.22,0,0,0.535,0.535,0.435,0.513,0.777,0,0,0.759,0,0.674,0.726,0.469,0.752,0.412,0.617,0.19,0.461,0.454,0.493,0.738,0.759,0.186,0.177,0.468,0.681,0.514,0.169,0,0.199,0.189,0.163,0.197,0.285,0.198,0.199,0.215,0.216,0.216,0.222,0,0.225,0,0.206,0.193,0.198,0,0,0,0,0,0,0,0,0.224,0.192,0.193,0.218,0,0,0,0,0,0.259,0.257,0.196,0.236,0,0.225,0.179,0.179,0.235,0.215,0.188,0.198,0,0,0,0,0,0,0,0,0,0,0,0,0,0.52,0.243,0.213,0,0.492,0.505,0,0.364,0.167,0.203,0.202,0.205,0.173,0,0,0.2,0.217,0.184,0.399,0.626,0.178,0.161,0.227,0.176,0.171,0.215,0.209,0.177,0.178,0,0.161,0.178,0.153,0.217,0.17,0.149,0.186,0.164,0.2,0.159,0.211,0.232,0.187,0.147,0.239,0.22,0.199,0.159,0.189,0.189,0.232,0.159,0.243,0.235,0.174,0.26,0,0,0,0,0,0.175,0.157,0.264,0.17,0.246,0.166,0.163,0.218,0.147,0,0,0.161,0,0,0,0,0,0,0,0.86,0.143,0.858,0.784,0.204,0.226,0.201,0.152,0.182,0.182,0,0,0.189,0.449,0.19,0.174,0.86,0.37,0.163,0.133,0.265,0.43,0.662,0.64,0.127,0,0.417,0.134,0.272,0,0,0,0.19,0,0.166,0,0,0.187,0.207,0.531,0.912,0.195,0.936,0.893,0,0,0,0,0,0.138,0.471,0.577,0.211,0.211,0.93,0,0,0,0,0.183,0,0,0,0.514,0.438,0.264,0,0.182,0,0,0.2,0.463,0.187,0.912,0.169,0.161,0.393,0.505,0.742,0.912,0.161,0.155,0,0,0,0,0.174,0.415,0.382,0.362,0,0,0,0,0.396,0.367,0.191,0.193,0,0,0,0,0.415,0.185,0,0,0,0,0,0.174,0,0,0,0,0.241,0.186,0.186,0,0,0,0.308,0.207,0.201,0.178,0,0,0,0,0,0,0,0,0,0.176,0,0.502,0.17,0,0.195,0.228,0.195,0,0.149,0.217,0,0,0,0.173,0,0.186,0.186,0.251,0,0.528,0.174,0.393,0.138,0,0,0.194,0.478,0,0,0.611,0.612,0.2,0.499,0.202,0,0.187,0.138,0.187,0.168,0.145,0.145
GO:0060255,0.329,0,0.358,0,0,0.903,0.852,0.533,0.333,0.338,0.403,0.361,0.33,0.527,0.495,0,0.482,0.41,0,0.327,0.279,0.288,0.278,0.445,0.331,0,0,0.404,0.704,0.29,0.71,0.301,0.301,0.678,0.381,0.355,0.315,0.858,0.675,0.917,0.861,0.449,0.339,0.27,0.275,0,0,0,0.59,0.54,0.231,0.236,0.693,0.595,0.263,0.342,0.447,0.425,0.713,0.631,0.82,0.818,0.248,0.885,0.837,0.261,0.258,0.817,0.26,0.817,0.397,0.246,0.251,0.271,0.832,0.82,0.586,0.82,0.582,0.582,0,0.316,0.247,0.287,0,0,0,0,0,0,0.449,0.415,0.303,0.318,0.556,0.75,0.605,0.616,0.727,0.661,0.283,0.604,0.289,0.587,0.588,0.654,0.593,0.299,0,0,0.587,0.587,0.53,0.558,0.52,0,0,0.539,0,0.441,0.512,0.566,0.533,0.431,0.398,0.224,0.203,0.544,0.532,0.489,0.539,0.223,0.21,0.5,0.446,0.231,0.196,0,0.268,0.414,0.343,0.265,0.251,0.315,0.241,0.259,0.261,0.261,0.269,0,0.274,0,0.247,0.229,0.235,0,0,0,0,0,0,0,0,0.273,0.226,0.227,0.264,0,0,0,0,0,0.326,0.323,0.232,0.3,0,0.273,0.233,0.233,0.325,0.29,0.247,0.263,0,0,0,0,0,0,0,0,0,0,0,0,0,0.234,0.302,0.256,0,0.22,0.226,0,0.155,0.215,0.271,0.269,0.274,0.223,0,0,0.238,0.263,0.215,0.415,0.405,0.207,0.185,0.277,0.208,0.202,0.259,0.251,0.211,0.207,0,0.188,0.207,0.174,0.262,0.197,0.169,0.218,0.188,0.238,0.238,0.284,0.319,0.245,0.185,0.236,0.214,0.265,0.236,0.178,0.249,0.229,0.236,0.205,0.196,0.224,0.264,0,0,0,0,0,0.203,0.18,0.377,0.219,0.343,0.214,0.209,0.295,0.185,0,0,0.185,0,0,0,0,0,0,0,0.627,0.18,0.641,0.575,0.244,0.31,0.268,0.193,0.238,0.238,0,0,0.223,0.197,0.251,0.225,0.627,0.381,0.191,0.151,0.377,0.453,0.431,0.415,0.158,0,0.438,0.167,0.279,0,0,0,0.224,0,0.213,0,0,0.22,0.248,0.24,0.631,0.231,0.635,0.615,0,0,0,0,0,0.155,0.504,0.369,0.253,0.254,0.646,0,0,0,0,0.215,0,0,0,0.231,0.192,0.377,0,0.282,0,0,0.238,0.204,0.22,0.631,0.196,0.185,0.169,0.547,0.493,0.631,0.185,0.177,0,0,0,0,0.201,0.488,0.444,0.417,0,0,0,0,0.462,0.424,0.23,0.234,0,0,0,0,0.488,0.222,0,0,0,0,0,0.202,0,0,0,0,0.335,0.246,0.245,0,0,0,0.409,0.248,0.239,0.208,0,0,0,0,0,0,0,0,0,0.209,0,0.225,0.219,0,0.259,0.312,0.259,0,0.169,0.263,0,0,0,0.2,0,0.219,0.223,0.313,0,0.238,0.201,0.169,0.155,0,0,0.229,0.212,0,0,0.284,0.285,0.237,0.223,0.241,0,0.225,0.155,0.22,0.195,0.164,0.164
GO:0080090,0.314,0,0.339,0,0,0.869,0.822,0.307,0.317,0.428,0.235,0.349,0.32,0.502,0.473,0,0.458,0.329,0,0.354,0.267,0.276,0.267,0.344,0.269,0,0,0.235,0.684,0.282,0.673,0.293,0.293,0.659,0.368,0.343,0.306,0.828,0.656,0.861,0.931,0.347,0.275,0.263,0.267,0,0,0,0.63,0.577,0.226,0.23,0.737,0.635,0.257,0.267,0.259,0.329,0.692,0.614,0.867,0.79,0.242,0.832,0.788,0.254,0.252,0.885,0.254,0.79,0.308,0.241,0.245,0.265,0.879,0.867,0.558,0.867,0.568,0.568,0,0.306,0.241,0.28,0,0,0,0,0,0,0.482,0.447,0.237,0.248,0.595,0.796,0.59,0.585,0.688,0.627,0.222,0.589,0.226,0.627,0.644,0.636,0.633,0.234,0,0,0.627,0.627,0.506,0.596,0.557,0,0,0.527,0,0.473,0.501,0.552,0.521,0.463,0.429,0.219,0.2,0.532,0.569,0.524,0.527,0.218,0.205,0.535,0.479,0.226,0.192,0,0.257,0.241,0.201,0.255,0.242,0.256,0.235,0.253,0.255,0.255,0.262,0,0.267,0,0.241,0.224,0.23,0,0,0,0,0,0,0,0,0.266,0.221,0.223,0.258,0,0,0,0,0,0.316,0.314,0.227,0.291,0,0.267,0.184,0.184,0.253,0.227,0.194,0.207,0,0,0,0,0,0,0,0,0,0,0,0,0,0.229,0.294,0.25,0,0.215,0.221,0,0.153,0.17,0.213,0.211,0.215,0.176,0,0,0.233,0.257,0.211,0.447,0.435,0.203,0.181,0.27,0.204,0.198,0.253,0.245,0.206,0.203,0,0.184,0.203,0.171,0.255,0.193,0.167,0.214,0.185,0.233,0.195,0.223,0.25,0.193,0.147,0.194,0.234,0.208,0.194,0.196,0.196,0.188,0.194,0.199,0.19,0.217,0.216,0,0,0,0,0,0.2,0.177,0.293,0.172,0.268,0.169,0.165,0.231,0.147,0,0,0.181,0,0,0,0,0,0,0,0.611,0.142,0.609,0.548,0.239,0.242,0.21,0.153,0.23,0.229,0,0,0.218,0.193,0.197,0.177,0.611,0.41,0.187,0.149,0.293,0.486,0.463,0.447,0.125,0,0.47,0.132,0.303,0,0,0,0.22,0,0.168,0,0,0.216,0.243,0.235,0.673,0.226,0.693,0.655,0,0,0,0,0,0.153,0.54,0.397,0.247,0.248,0.688,0,0,0,0,0.21,0,0,0,0.226,0.188,0.293,0,0.231,0,0,0.233,0.2,0.215,0.673,0.192,0.181,0.167,0.585,0.528,0.673,0.181,0.174,0,0,0,0,0.198,0.478,0.436,0.41,0,0,0,0,0.453,0.416,0.225,0.228,0,0,0,0,0.478,0.217,0,0,0,0,0,0.199,0,0,0,0,0.261,0.237,0.236,0,0,0,0.393,0.243,0.233,0.204,0,0,0,0,0,0,0,0,0,0.205,0,0.22,0.212,0,0.203,0.244,0.203,0,0.167,0.256,0,0,0,0.197,0,0.214,0.218,0.304,0,0.233,0.198,0.167,0.153,0,0,0.224,0.208,0,0,0.277,0.278,0.232,0.218,0.235,0,0.22,0.153,0.215,0.191,0.161,0.161
GO:0019538,0.551,0,0.402,0,0,0.274,0.257,0.592,0.371,0.503,0.436,0,0,0,0,0,0,0.459,0,0.455,0.305,0.475,0.304,0.485,0.362,0,0,0.437,0.21,0,0.341,0,0,0.202,0,0,0,0.39,0.301,0.449,0.347,0.878,0.788,0,0,0,0,0,0.503,0.458,0,0,0.596,0.507,0,0.366,0.488,0.462,0.213,0.187,0.398,0.246,0,0.432,0.407,0,0,0.37,0,0.246,0.768,0,0,0,0.404,0.398,0.278,0.398,0.171,0.171,0,0,0,0,0,0,0,0,0,0,0.377,0.349,0.321,0.338,0.264,0.362,0.179,0.293,0.35,0.316,0.535,0.178,0.548,0.279,0.261,0.291,0.282,0.568,0,0,0.279,0.279,0.251,0.474,0.441,0,0,0.158,0,0.371,0.15,0.167,0.156,0.362,0.334,0,0,0.16,0.451,0.413,0.158,0,0,0.422,0.375,0,0,0,0.292,0.448,0.367,0.289,0.41,0.344,0,0,0,0,0,0,0,0,0,0,0,0,0,0,0,0,0,0,0,0,0,0,0,0,0,0,0,0,0,0,0,0,0,0,0.244,0.244,0.345,0.307,0.259,0.277,0,0,0,0,0,0,0,0,0,0,0,0,0,0,0,0,0,0,0,0,0,0.224,0.286,0.283,0.289,0.233,0,0,0,0,0,0.349,0.339,0,0,0,0,0,0,0,0,0,0,0,0,0,0,0,0,0,0,0,0.253,0.3,0.609,0.46,0.344,0.533,0.479,0.278,0.251,0.395,0.394,0.515,0.251,0.329,0.314,0.241,0.6,0,0,0,0,0,0,0,0.406,0.228,0.367,0.223,0.217,0.312,0.344,0,0,0,0,0,0,0,0,0,0,0.186,0.334,0.306,0.273,0,0.329,0.505,0.359,0.257,0.256,0,0,0,0,0.263,0.235,0.186,0.178,0,0,0.406,0.213,0.202,0.194,0.291,0,0.205,0.172,0.383,0,0,0,0,0,0.222,0,0,0,0,0,0.301,0,0.282,0.293,0,0,0,0,0,0,0.238,0.172,0,0,0.308,0,0,0,0,0,0,0,0,0,0,0.406,0,0.305,0,0,0,0,0,0.301,0,0,0,0.259,0.232,0.301,0,0,0,0,0,0,0,0.143,0.129,0.121,0,0,0,0,0.135,0.123,0,0,0,0,0,0,0.143,0,0,0,0,0,0,0,0,0,0,0,0.64,0.266,0.265,0,0,0,0,0,0,0,0,0,0,0,0,0,0,0,0,0,0,0,0.235,0,0.487,0.594,0.488,0,0,0,0,0,0,0,0,0,0,0,0,0,0,0,0,0,0,0,0,0,0,0,0,0,0,0,0,0,0,0,0,0,0
GO:1901564,0.596,0,0.438,0,0,0.29,0.272,0.456,0.401,0.41,0.329,0,0,0,0,0,0,0.499,0,0.485,0.325,0.508,0.325,0.468,0.387,0,0,0.33,0.219,0,0.254,0,0,0.21,0,0,0,0.412,0.314,0.339,0.275,0.788,0.842,0,0,0,0,0,0.439,0.399,0,0,0.524,0.443,0,0.348,0.371,0.444,0.222,0.194,0.38,0.259,0,0.326,0.306,0,0,0.389,0,0.259,0.684,0,0,0,0.386,0.38,0.206,0.38,0.178,0.178,0,0,0,0,0,0,0,0,0,0,0.327,0.301,0.303,0.32,0.247,0.344,0.185,0.217,0.261,0.235,0.468,0.185,0.48,0.262,0.27,0.304,0.265,0.498,0,0,0.262,0.262,0.185,0.413,0.383,0,0,0.164,0,0.321,0.155,0.172,0.162,0.313,0.288,0,0,0.165,0.392,0.359,0.164,0,0,0.367,0.325,0,0,0,0.31,0.339,0.274,0.307,0.434,0.365,0,0,0,0,0,0,0,0,0,0,0,0,0,0,0,0,0,0,0,0,0,0,0,0,0,0,0,0,0,0,0,0,0,0,0.228,0.229,0.328,0.29,0.243,0.26,0,0,0,0,0,0,0,0,0,0,0,0,0,0,0,0,0,0,0,0,0,0.21,0.269,0.266,0.272,0.218,0,0,0,0,0,0.301,0.293,0,0,0,0,0,0,0,0,0,0,0,0,0,0,0,0,0,0,0,0.265,0.283,0.536,0.401,0.297,0.558,0.499,0.262,0.263,0.409,0.408,0.538,0.263,0.344,0.328,0.253,0.631,0,0,0,0,0,0,0,0.388,0.213,0.349,0.208,0.202,0.295,0.297,0,0,0,0,0,0,0,0,0,0,0.193,0.288,0.227,0.202,0,0.311,0.441,0.311,0.271,0.27,0,0,0,0,0.247,0.219,0.193,0.165,0,0,0.388,0.198,0.188,0.181,0.251,0,0.191,0.159,0.404,0,0,0,0,0,0.207,0,0,0,0,0,0.284,0,0.294,0.276,0,0,0,0,0,0,0.222,0.159,0,0,0.291,0,0,0,0,0,0,0,0,0,0,0.388,0,0.322,0,0,0,0,0,0.284,0,0,0,0.243,0.217,0.284,0,0,0,0,0,0,0,0.147,0.133,0.124,0,0,0,0,0.139,0.126,0,0,0,0,0,0,0.147,0,0,0,0,0,0,0,0,0,0,0,0.564,0.281,0.28,0,0,0,0,0,0,0,0,0,0,0,0,0,0,0,0,0,0,0,0.247,0,0.425,0.522,0.426,0,0,0,0,0,0,0,0,0,0,0,0,0,0,0,0,0,0,0,0,0,0,0,0,0,0,0,0,0,0,0,0,0,0
GO:0050790,0,0,0,0,0,0.272,0.261,0,0,0,0,0.247,0.23,0.325,0.312,0,0.331,0,0,0,0,0,0,0,0,0,0,0,0.225,0.208,0.222,0.214,0.214,0.219,0.257,0.243,0.222,0.262,0.218,0.27,0.263,0,0,0.985,0.97,0,0,0,0.191,0.178,0.868,0.859,0.218,0.193,0.192,0,0,0,0.227,0.206,0.249,0.253,0.183,0.263,0.252,0.19,0.189,0.253,0.19,0.253,0,0.182,0.184,0.197,0.251,0.249,0.19,0.249,0.193,0.193,0,0.222,0.182,0.206,0,0,0,0,0,0,0.152,0.142,0,0,0.182,0.232,0.199,0.198,0.226,0.21,0,0.199,0,0.191,0.195,0.212,0.192,0,0,0,0.191,0.191,0.175,0.183,0.172,0,0,0.181,0,0.685,0.794,0.189,0.18,0.672,0.627,0.168,0.155,0.835,0.803,0.749,0.181,0.841,0.801,0.762,0.692,0.172,0.15,0,0,0,0,0,0,0,0.899,0.19,0.191,0.191,0.195,0,0.199,0,0.182,0.171,0.175,0,0,0,0,0,0,0,0,0.198,0.169,0.17,0.193,0,0,0,0,0,0.228,0.226,0.173,0.234,0,0.198,0,0,0,0,0,0,0,0,0,0,0,0,0,0,0,0,0,0,0,0.174,0.214,0.188,0,0.165,0.169,0,0.122,0,0,0,0,0,0,0,0.177,0.192,0.162,0.142,0.139,0.157,0.142,0.2,0.796,0.776,0.189,0.185,0.804,0.157,0,0.729,0.157,0.135,0.191,0.151,0.132,0.164,0.145,0.177,0,0,0,0,0,0,0,0,0,0,0,0,0,0,0,0,0,0,0,0,0,0,0.155,0.139,0,0,0,0,0,0,0,0,0,0.142,0,0,0,0,0,0,0,0.205,0,0.205,0.187,0.18,0,0,0,0,0,0,0,0.167,0.151,0,0,0.205,0.132,0.162,0.132,0,0.153,0.147,0.142,0,0,0.149,0,0,0,0,0,0.168,0,0,0,0,0.165,0.183,0.178,0.202,0.172,0.207,0.198,0,0,0,0,0,0.122,0.168,0.128,0.186,0.186,0.206,0,0,0,0,0.162,0,0,0,0.172,0.147,0,0,0,0,0,0.177,0.155,0.165,0.202,0.15,0.142,0.132,0.18,0.165,0.202,0.142,0.137,0,0,0,0,0.153,0.167,0.704,0.667,0,0,0,0,0.159,0.148,0.865,0.852,0,0,0,0,0.167,0.84,0,0,0,0,0,0.154,0,0,0,0,0,0,0,0,0,0,0.271,0.183,0.177,0.157,0,0,0,0,0,0,0,0,0,0.175,0,0.168,0,0,0,0,0,0,0.132,0.192,0,0,0,0.153,0,0.164,0.184,0.221,0,0.177,0.153,0.132,0.122,0,0,0.171,0.16,0,0,0.204,0.205,0.176,0.167,0.178,0,0.186,0.122,0.165,0.149,0.128,0.128
GO:0065009,0,0,0,0,0,0.277,0.265,0,0,0,0,0.25,0.234,0.332,0.317,0,0.338,0,0,0,0,0,0,0,0,0,0,0,0.228,0.21,0.225,0.217,0.217,0.221,0.261,0.247,0.225,0.266,0.221,0.275,0.267,0,0,0.97,0.983,0,0,0,0.194,0.18,0.854,0.869,0.221,0.195,0.194,0,0,0,0.231,0.209,0.252,0.257,0.185,0.268,0.256,0.193,0.191,0.256,0.192,0.257,0,0.184,0.186,0.199,0.255,0.252,0.192,0.252,0.195,0.195,0,0.225,0.184,0.209,0,0,0,0,0,0,0.153,0.144,0,0,0.184,0.235,0.202,0.201,0.23,0.212,0,0.202,0,0.193,0.197,0.215,0.194,0,0,0,0.193,0.193,0.177,0.185,0.174,0,0,0.183,0,0.672,0.781,0.191,0.182,0.66,0.615,0.169,0.156,0.822,0.789,0.735,0.183,0.827,0.787,0.749,0.679,0.174,0.151,0,0,0,0,0,0,0,0.885,0.192,0.193,0.193,0.198,0,0.201,0,0.184,0.173,0.177,0,0,0,0,0,0,0,0,0.2,0.171,0.172,0.195,0,0,0,0,0,0.231,0.23,0.175,0.237,0,0.2,0,0,0,0,0,0,0,0,0,0,0,0,0,0,0,0,0,0,0,0.176,0.217,0.19,0,0.167,0.171,0,0.123,0,0,0,0,0,0,0,0.179,0.194,0.164,0.144,0.14,0.158,0.144,0.203,0.782,0.763,0.192,0.187,0.791,0.158,0,0.715,0.158,0.136,0.193,0.152,0.133,0.166,0.146,0.179,0,0,0,0,0,0,0,0,0,0,0,0,0,0,0,0,0,0,0,0,0,0,0.156,0.14,0,0,0,0,0,0,0,0,0,0.144,0,0,0,0,0,0,0,0.208,0,0.207,0.19,0.182,0,0,0,0,0,0,0,0.169,0.152,0,0,0.208,0.133,0.163,0.133,0,0.155,0.148,0.144,0,0,0.15,0,0,0,0,0,0.17,0,0,0,0,0.167,0.185,0.18,0.205,0.174,0.21,0.2,0,0,0,0,0,0.123,0.17,0.129,0.188,0.188,0.209,0,0,0,0,0.164,0,0,0,0.174,0.148,0,0,0,0,0,0.179,0.157,0.167,0.205,0.151,0.144,0.133,0.182,0.166,0.205,0.144,0.138,0,0,0,0,0.155,0.169,0.691,0.655,0,0,0,0,0.161,0.149,0.851,0.862,0,0,0,0,0.169,0.826,0,0,0,0,0,0.156,0,0,0,0,0,0,0,0,0,0,0.275,0.185,0.179,0.159,0,0,0,0,0,0,0,0,0,0.177,0,0.17,0,0,0,0,0,0,0.133,0.194,0,0,0,0.154,0,0.166,0.186,0.224,0,0.179,0.155,0.133,0.123,0,0,0.173,0.162,0,0,0.207,0.207,0.178,0.169,0.18,0,0.188,0.123,0.167,0.15,0.129,0.129
GO:0051276,0,0.722,0,0.057,0.601,0,0.038,0,0.048,0,0.039,0,0.034,0,0.046,0,0,0,0.581,0.043,0.043,0.044,0.043,0.042,0,0.042,0,0,0,0.031,0,0.032,0,0.032,0,0.036,0,0,0,0,0,0,0,0,0,0.989,0,0,0,0,0,0,0,0,0.029,0.035,0,0.041,0,0.031,0.037,0,0.027,0,0,0.028,0.028,0.037,0,0.037,0,0.027,0.028,0,0.037,0.037,0.028,0.037,0.029,0.029,0.497,0.481,0.027,0.031,0,0.035,0,0.037,0,0,0,0,0.032,0.033,0.027,0.034,0,0,0,0,0,0.03,0,0.028,0.029,0,0.029,0,0.033,0.031,0.028,0.028,0.026,0.027,0.026,0.03,0.031,0.027,0.03,0.022,0.026,0.028,0.027,0.022,0.021,0.025,0.023,0.027,0.026,0.025,0.027,0,0,0.025,0.023,0.026,0.022,0.434,0,0,0.035,0.042,0.04,0,0,0.028,0.028,0,0,0.422,0.03,0.502,0.027,0.026,0.381,0,0,0,0,0,0.037,0,0,0,0.025,0.025,0.029,0,0,0,0,0.037,0,0,0.026,0,0,0,0.026,0.026,0.033,0.031,0.027,0.028,0.032,0.796,0.794,0.81,0,0.034,0.024,0,0.035,0.026,0,0,0,0.026,0,0.028,0,0.025,0.025,0.021,0.018,0.335,0.403,0.029,0.029,0.345,0.423,0.357,0.499,0.417,0.355,0,0,0.024,0.021,0.564,0,0,0.394,0.402,0,0.343,0,0,0.343,0.296,0.416,0.427,0.376,0.465,0.412,0.026,0.034,0.03,0.033,0.027,0.021,0.034,0.031,0.028,0.034,0.027,0.027,0.033,0.034,0.034,0.033,0,0,0,0,0.023,0,0,0,0,0.037,0.024,0.035,0.024,0.023,0.031,0,0,0,0.021,0,0,0,0,0,0,0,0,0,0,0,0.027,0.032,0,0,0.038,0.038,0,0.396,0.025,0.023,0.027,0.025,0.031,0.02,0,0,0.037,0.023,0.022,0.021,0,0,0.022,0.282,0.038,0,0,0.024,0.025,0,0.024,0.465,0.03,0.025,0.027,0.027,0.03,0.026,0.031,0.029,0,0,0,0,0,0.018,0.025,0.019,0,0,0.031,0,0,0,0.026,0.024,0.456,0.018,0.397,0.026,0.022,0.037,0,0,0,0.027,0.026,0.023,0.025,0.03,0.022,0.021,0.02,0.027,0.025,0.03,0.021,0.021,0.35,0.023,0.032,0.036,0.023,0.025,0.023,0.022,0.034,0.024,0.485,0.41,0.024,0.022,0,0,0.028,0.027,0.541,0.023,0.025,0,0.524,0.587,0.409,0.481,0.024,0.023,0.031,0.025,0.036,0,0.034,0.039,0.039,0.63,0.468,0.041,0.04,0.027,0.026,0.024,0,0,0,0,0,0,0,0,0.026,0.381,0.417,0.025,0.036,0.03,0.028,0,0,0.033,0.02,0,0,0.031,0.571,0.023,0.032,0.025,0.402,0.033,0,0.026,0.023,0.02,0,0.033,0.03,0.026,0.024,0,0,0,0,0,0,0.027,0,0,0,0,0.022,0.019,0.019
GO:0010033,0,0,0,0,0,0,0,0,0,0,0,0,0,0,0,0.491,0,0,0,0,0,0,0,0,0,0.455,0,0,0,0.333,0,0,0,0,0,0,0.356,0,0,0,0,0,0,0,0,0,0.983,0.797,0,0,0,0,0,0,0.308,0,0,0,0,0,0,0,0.293,0,0,0,0,0,0,0,0,0,0,0.316,0,0,0,0,0,0,0,0,0,0,0.413,0.376,0,0,0,0,0,0,0,0,0,0,0,0,0,0,0,0,0,0,0,0,0,0,0.696,0.953,0,0,0,0,0,0,0,0,0,0,0,0,0,0,0.219,0.268,0.248,0,0,0,0,0,0,0,0,0.276,0.24,0,0,0,0,0,0,0,0,0.304,0,0,0.313,0,0,0,0,0,0,0,0,0,0,0,0,0,0,0,0,0,0,0,0,0,0,0,0,0,0,0,0,0,0.274,0.275,0,0.329,0.288,0,0.346,0,0,0,0,0,0,0,0,0,0,0,0,0,0,0,0.626,0,0,0.626,0.195,0,0,0,0,0,0,0,0,0,0,0,0,0.251,0.228,0,0,0,0,0,0,0,0.795,0,0,0,0,0,0,0,0,0.283,0,0,0,0,0,0,0,0,0,0,0,0,0,0,0,0,0,0,0,0,0,0.549,0,0,0,0,0,0,0,0,0,0,0,0,0.385,0.35,0.314,0,0,0,0,0,0,0,0,0,0,0,0,0,0,0,0,0.268,0.241,0,0,0,0,0,0,0,0,0,0,0,0.617,0,0,0,0,0,0,0,0.35,0,0,0,0,0,0,0,0,0,0,0,0,0,0,0,0,0,0,0,0,0,0.35,0,0,0,0.259,0,0.549,0,0,0.235,0,0,0,0.6,0.579,0,0,0,0,0,0,0,0,0,0,0,0,0,0,0,0,0,0,0,0,0,0,0,0,0,0,0,0,0,0,0,0,0,0,0,0,0,0,0,0,0,0,0,0,0,0,0,0,0,0,0.436,0.293,0.284,0.252,0,0,0,0,0,0,0,0,0,0,0,0,0,0,0,0,0,0,0,0,0,0,0,0,0,0.263,0,0.355,0,0,0,0,0,0,0,0,0,0,0,0,0,0,0,0,0,0,0,0,0.238,0.205,0.205
GO:0042221,0,0,0,0,0,0,0,0,0,0,0,0,0,0,0,0.609,0,0,0,0,0,0,0,0,0,0.554,0,0,0,0.384,0,0,0,0,0,0,0.414,0,0,0,0,0,0,0,0,0,0.797,0.949,0,0,0,0,0,0,0.35,0,0,0,0,0,0,0,0.331,0,0,0,0,0,0,0,0,0,0,0.36,0,0,0,0,0,0,0,0,0,0,0.493,0.441,0,0,0,0,0,0,0,0,0,0,0,0,0,0,0,0,0,0,0,0,0,0,0.808,0.769,0,0,0,0,0,0,0,0,0,0,0,0,0,0,0.24,0.3,0.274,0,0,0,0,0,0,0,0,0.31,0.265,0,0,0,0,0,0,0,0,0.345,0,0,0.357,0,0,0,0,0,0,0,0,0,0,0,0,0,0,0,0,0,0,0,0,0,0,0,0,0,0,0,0,0,0.307,0.308,0,0.378,0.325,0,0.4,0,0,0,0,0,0,0,0,0,0,0,0,0,0,0,0.479,0,0,0.479,0.212,0,0,0,0,0,0,0,0,0,0,0,0,0.279,0.25,0,0,0,0,0,0,0,0.625,0,0,0,0,0,0,0,0,0.319,0,0,0,0,0,0,0,0,0,0,0,0,0,0,0,0,0,0,0,0,0,0.416,0,0,0,0,0,0,0,0,0,0,0,0,0.453,0.406,0.359,0,0,0,0,0,0,0,0,0,0,0,0,0,0,0,0,0.299,0.266,0,0,0,0,0,0,0,0,0,0,0,0.472,0,0,0,0,0,0,0,0.406,0,0,0,0,0,0,0,0,0,0,0,0,0,0,0,0,0,0,0,0,0,0.406,0,0,0,0.289,0,0.416,0,0,0.259,0,0,0,0.682,0.655,0,0,0,0,0,0,0,0,0,0,0,0,0,0,0,0,0,0,0,0,0,0,0,0,0,0,0,0,0,0,0,0,0,0,0,0,0,0,0,0,0,0,0,0,0,0,0,0,0,0,0.527,0.332,0.319,0.28,0,0,0,0,0,0,0,0,0,0,0,0,0,0,0,0,0,0,0,0,0,0,0,0,0,0.294,0,0.412,0,0,0,0,0,0,0,0,0,0,0,0,0,0,0,0,0,0,0,0,0.263,0.223,0.223
GO:0031399,0.286,0,0.2,0,0,0.579,0.558,0.311,0.192,0.258,0.262,0.242,0.228,0.307,0.296,0,0.278,0.232,0,0.258,0.172,0.264,0.172,0.279,0.204,0,0,0.616,0.49,0.208,0.497,0.214,0.214,0.477,0.251,0.239,0.22,0.633,0.538,0.59,0.63,0.503,0.439,0.191,0.194,0,0,0,0.995,0.931,0.171,0.174,0.862,0.772,0.194,0.235,0.28,0.271,0.495,0.454,0.604,0.543,0.185,0.577,0.556,0.192,0.191,0.612,0.192,0.543,0.635,0.184,0.187,0.198,0.61,0.604,0.433,0.604,0.428,0.428,0,0.221,0.185,0.207,0,0,0,0,0,0,0.807,0.759,0.216,0.223,0.458,0.569,0.44,0.449,0.505,0.472,0.503,0.439,0.511,0.477,0.487,0.525,0.481,0.524,0,0,0.477,0.477,0.402,0.954,0.905,0,0,0.404,0,0.796,0.389,0.419,0.401,0.782,0.734,0.171,0.159,0.407,0.92,0.864,0.404,0.166,0.159,0.878,0.803,0.176,0.155,0,0.168,0.266,0.235,0.167,0.243,0.198,0.176,0.192,0.193,0.193,0.197,0,0.2,0,0.185,0.174,0.178,0,0,0,0,0,0,0,0,0.199,0.173,0.174,0.194,0,0,0,0,0,0.226,0.225,0.177,0.206,0,0.199,0.178,0.178,0.226,0.209,0.186,0.195,0,0,0,0,0,0,0,0,0,0,0,0,0,0.178,0.214,0.19,0,0.169,0.173,0,0.128,0.393,0.199,0.465,0.201,0.172,0,0,0.18,0.194,0.166,0.759,0.744,0.161,0.148,0.201,0.158,0.154,0.192,0.187,0.16,0.161,0,0.146,0.161,0.14,0.193,0.155,0.138,0.168,0.15,0.18,0.164,0.206,0.401,0.331,0.266,0.347,0.323,0.195,0.164,0.283,0.282,0.339,0.164,0.212,0.205,0.15,0.374,0,0,0,0,0,0.159,0.145,0.251,0.169,0.235,0.166,0.163,0.212,0.364,0,0,0.148,0,0,0,0,0,0,0,0.452,0.356,0.462,0.427,0.183,0.219,0.483,0.376,0.156,0.156,0,0,0.171,0.155,0.188,0.173,0.452,0.341,0.148,0.123,0.251,0.392,0.377,0.366,0.319,0,0.381,0.136,0.233,0,0,0,0.172,0,0.166,0,0,0.169,0.186,0.181,0.503,0.176,0.514,0.494,0,0,0,0,0,0.128,0.425,0.332,0.188,0.189,0.511,0,0,0,0,0.166,0,0,0,0.176,0.152,0.251,0,0.185,0,0,0.18,0.16,0.169,0.503,0.155,0.148,0.138,0.453,0.418,0.503,0.148,0.143,0,0,0,0,0.158,0.375,0.348,0.331,0,0,0,0,0.359,0.336,0.17,0.172,0,0,0,0,0.375,0.166,0,0,0,0,0,0.159,0,0,0,0,0.567,0.159,0.159,0,0,0,0.263,0.186,0.18,0.162,0,0,0,0,0,0,0,0,0,0.159,0,0.172,0.147,0,0.471,0.54,0.471,0,0.138,0.194,0,0,0,0.158,0,0.169,0.166,0.22,0,0.18,0.158,0.138,0.128,0,0,0.175,0.165,0,0,0.205,0.205,0.179,0.171,0.181,0,0.167,0.128,0.169,0.154,0.134,0.134
GO:0031401,0.258,0,0.179,0,0,0.529,0.511,0.281,0.172,0.232,0.24,0.223,0.211,0.277,0.268,0,0.25,0.208,0,0.235,0.157,0.24,0.157,0.254,0.186,0,0,0.564,0.764,0.194,0.779,0.199,0.199,0.746,0.607,0.581,0.204,0.58,0.801,0.54,0.577,0.458,0.399,0.178,0.18,0,0,0,0.931,0.997,0.16,0.162,0.8,0.924,0.181,0.217,0.255,0.247,0.458,0.422,0.556,0.499,0.458,0.528,0.511,0.474,0.179,0.563,0.474,0.499,0.582,0.173,0.175,0.488,0.561,0.556,0.405,0.556,0.4,0.4,0,0.205,0.173,0.193,0,0,0,0,0,0,0.764,0.823,0.2,0.207,0.43,0.526,0.411,0.419,0.468,0.439,0.469,0.41,0.476,0.446,0.455,0.489,0.45,0.487,0,0,0.446,0.446,0.377,0.895,0.972,0,0,0.638,0,0.861,0.615,0.392,0.633,0.742,0.797,0.162,0.397,0.382,0.865,0.93,0.638,0.156,0.149,0.827,0.868,0.436,0.147,0,0.153,0.244,0.217,0.152,0.222,0.181,0.165,0.179,0.18,0.18,0.184,0,0.186,0,0.173,0.164,0.167,0,0,0,0,0,0,0,0,0.186,0.163,0.164,0.182,0,0,0,0,0,0.209,0.208,0.166,0.19,0,0.186,0.167,0.167,0.21,0.195,0.174,0.182,0,0,0,0,0,0,0,0,0,0,0,0,0,0.44,0.199,0.178,0,0.42,0.429,0,0.323,0.371,0.186,0.435,0.187,0.162,0,0,0.169,0.181,0.157,0.721,0.807,0.153,0.14,0.188,0.149,0.145,0.179,0.175,0.15,0.153,0,0.138,0.153,0.134,0.181,0.147,0.131,0.159,0.142,0.169,0.152,0.192,0.372,0.311,0.253,0.321,0.301,0.183,0.151,0.265,0.265,0.314,0.151,0.196,0.19,0.138,0.344,0,0,0,0,0,0.151,0.137,0.23,0.16,0.217,0.157,0.154,0.197,0.346,0,0,0.14,0,0,0,0,0,0,0,0.708,0.338,0.728,0.676,0.172,0.203,0.452,0.357,0.143,0.143,0,0,0.161,0.388,0.176,0.163,0.708,0.325,0.139,0.117,0.231,0.371,0.574,0.558,0.305,0,0.361,0.13,0.214,0,0,0,0.162,0,0.157,0,0,0.16,0.174,0.448,0.753,0.166,0.769,0.74,0,0,0,0,0,0.123,0.401,0.509,0.177,0.177,0.765,0,0,0,0,0.157,0,0,0,0.436,0.38,0.23,0,0.169,0,0,0.169,0.398,0.16,0.753,0.147,0.14,0.346,0.425,0.634,0.753,0.14,0.136,0,0,0,0,0.15,0.353,0.33,0.315,0,0,0,0,0.339,0.318,0.16,0.161,0,0,0,0,0.353,0.156,0,0,0,0,0,0.15,0,0,0,0,0.524,0.146,0.145,0,0,0,0.24,0.174,0.169,0.153,0,0,0,0,0,0,0,0,0,0.149,0,0.427,0.136,0,0.441,0.501,0.442,0,0.131,0.181,0,0,0,0.149,0,0.159,0.156,0.204,0,0.446,0.15,0.346,0.123,0,0,0.165,0.409,0,0,0.503,0.504,0.169,0.425,0.17,0,0.157,0.123,0.16,0.146,0.128,0.128
GO:0043085,0,0,0,0,0,0.233,0.224,0,0,0,0,0.214,0.201,0.27,0.261,0,0.275,0,0,0,0,0,0,0,0,0,0,0,0.198,0.184,0.195,0.189,0.189,0.192,0.222,0.211,0.195,0.226,0.192,0.231,0.226,0,0,0.868,0.854,0,0,0,0.171,0.16,0.995,0.98,0.192,0.172,0.171,0,0,0,0.199,0.183,0.215,0.218,0.164,0.226,0.218,0.17,0.169,0.218,0.17,0.218,0,0.163,0.165,0.175,0.217,0.215,0.17,0.215,0.172,0.172,0,0.195,0.164,0.183,0,0,0,0,0,0,0.139,0.131,0,0,0.164,0.203,0.177,0.176,0.198,0.186,0,0.177,0,0.17,0.174,0.188,0.172,0,0,0,0.17,0.17,0.158,0.164,0.156,0,0,0.163,0,0.802,0.918,0.169,0.162,0.616,0.741,0.152,0.141,0.75,0.723,0.87,0.163,0.755,0.925,0.69,0.81,0.156,0.137,0,0,0,0,0,0,0,0.801,0.17,0.171,0.171,0.174,0,0.177,0,0.164,0.154,0.158,0,0,0,0,0,0,0,0,0.176,0.153,0.154,0.172,0,0,0,0,0,0.199,0.199,0.156,0.204,0,0.176,0,0,0,0,0,0,0,0,0,0,0,0,0,0,0,0,0,0,0,0.157,0.189,0.168,0,0.15,0.153,0,0.114,0,0,0,0,0,0,0,0.159,0.171,0.147,0.131,0.128,0.143,0.131,0.178,0.718,0.899,0.169,0.166,0.929,0.143,0,0.849,0.143,0.125,0.171,0.138,0.122,0.149,0.133,0.159,0,0,0,0,0,0,0,0,0,0,0,0,0,0,0,0,0,0,0,0,0,0,0.141,0.128,0,0,0,0,0,0,0,0,0,0.131,0,0,0,0,0,0,0,0.182,0,0.182,0.168,0.162,0,0,0,0,0,0,0,0.152,0.138,0,0,0.182,0.122,0.147,0.122,0,0.14,0.135,0.131,0,0,0.136,0,0,0,0,0,0.152,0,0,0,0,0.15,0.164,0.16,0.18,0.156,0.184,0.176,0,0,0,0,0,0.114,0.152,0.119,0.167,0.167,0.183,0,0,0,0,0.147,0,0,0,0.156,0.135,0,0,0,0,0,0.159,0.142,0.15,0.18,0.137,0.131,0.122,0.162,0.149,0.18,0.131,0.126,0,0,0,0,0.14,0.151,0.643,0.612,0,0,0,0,0.145,0.136,0.774,0.761,0,0,0,0,0.151,0.754,0,0,0,0,0,0.141,0,0,0,0,0,0,0,0,0,0,0.232,0.164,0.16,0.143,0,0,0,0,0,0,0,0,0,0.158,0,0.152,0,0,0,0,0,0,0.122,0.171,0,0,0,0.14,0,0.149,0.165,0.194,0,0.159,0.14,0.122,0.114,0,0,0.155,0.146,0,0,0.181,0.182,0.159,0.152,0.161,0,0.166,0.114,0.15,0.136,0.119,0.119
GO:0044093,0,0,0,0,0,0.238,0.229,0,0,0,0,0.218,0.205,0.277,0.267,0,0.281,0,0,0,0,0,0,0,0,0,0,0,0.201,0.187,0.199,0.192,0.192,0.196,0.226,0.215,0.198,0.23,0.195,0.236,0.23,0,0,0.859,0.869,0,0,0,0.174,0.162,0.98,0.994,0.195,0.175,0.174,0,0,0,0.203,0.186,0.219,0.223,0.166,0.231,0.222,0.173,0.172,0.222,0.173,0.223,0,0.166,0.168,0.178,0.221,0.219,0.173,0.219,0.175,0.175,0,0.199,0.166,0.186,0,0,0,0,0,0,0.141,0.132,0,0,0.166,0.206,0.18,0.179,0.202,0.189,0,0.18,0,0.173,0.177,0.191,0.174,0,0,0,0.173,0.173,0.16,0.166,0.158,0,0,0.165,0,0.788,0.903,0.171,0.164,0.606,0.726,0.154,0.143,0.74,0.713,0.855,0.165,0.745,0.91,0.68,0.795,0.158,0.139,0,0,0,0,0,0,0,0.791,0.172,0.173,0.173,0.177,0,0.179,0,0.166,0.156,0.16,0,0,0,0,0,0,0,0,0.179,0.155,0.156,0.175,0,0,0,0,0,0.203,0.202,0.158,0.208,0,0.179,0,0,0,0,0,0,0,0,0,0,0,0,0,0,0,0,0,0,0,0.159,0.192,0.171,0,0.152,0.155,0,0.115,0,0,0,0,0,0,0,0.161,0.174,0.149,0.132,0.13,0.145,0.132,0.181,0.708,0.884,0.172,0.168,0.913,0.145,0,0.834,0.145,0.126,0.173,0.139,0.123,0.151,0.134,0.161,0,0,0,0,0,0,0,0,0,0,0,0,0,0,0,0,0,0,0,0,0,0,0.143,0.13,0,0,0,0,0,0,0,0,0,0.132,0,0,0,0,0,0,0,0.185,0,0.185,0.17,0.164,0,0,0,0,0,0,0,0.154,0.139,0,0,0.185,0.123,0.149,0.123,0,0.142,0.136,0.132,0,0,0.138,0,0,0,0,0,0.154,0,0,0,0,0.152,0.167,0.163,0.182,0.158,0.187,0.179,0,0,0,0,0,0.115,0.154,0.12,0.169,0.169,0.185,0,0,0,0,0.149,0,0,0,0.158,0.136,0,0,0,0,0,0.162,0.143,0.152,0.182,0.139,0.132,0.123,0.164,0.151,0.182,0.132,0.128,0,0,0,0,0.142,0.153,0.633,0.602,0,0,0,0,0.147,0.137,0.764,0.772,0,0,0,0,0.153,0.744,0,0,0,0,0,0.142,0,0,0,0,0,0,0,0,0,0,0.237,0.167,0.162,0.145,0,0,0,0,0,0,0,0,0,0.16,0,0.154,0,0,0,0,0,0,0.123,0.174,0,0,0,0.141,0,0.151,0.168,0.198,0,0.162,0.142,0.123,0.115,0,0,0.157,0.148,0,0,0.184,0.185,0.161,0.154,0.163,0,0.169,0.115,0.152,0.138,0.12,0.12
GO:0051246,0.347,0,0.245,0,0,0.681,0.651,0.377,0.233,0.314,0.307,0.28,0.262,0.371,0.356,0,0.337,0.283,0,0.307,0.205,0.316,0.205,0.33,0.243,0,0,0.307,0.561,0.236,0.568,0.243,0.243,0.544,0.292,0.277,0.252,0.74,0.613,0.693,0.737,0.596,0.524,0.218,0.221,0,0,0,0.862,0.8,0.192,0.195,0.983,0.868,0.218,0.27,0.332,0.319,0.567,0.514,0.701,0.631,0.207,0.675,0.646,0.216,0.214,0.712,0.216,0.631,0.543,0.206,0.209,0.223,0.708,0.701,0.486,0.701,0.481,0.481,0,0.252,0.206,0.234,0,0,0,0,0,0,0.684,0.64,0.245,0.255,0.512,0.653,0.496,0.506,0.579,0.536,0.415,0.496,0.423,0.536,0.548,0.597,0.54,0.435,0,0,0.536,0.536,0.447,0.823,0.776,0,0,0.451,0,0.673,0.432,0.47,0.447,0.661,0.617,0.19,0.175,0.455,0.79,0.737,0.451,0.186,0.177,0.75,0.681,0.195,0.17,0,0.199,0.313,0.271,0.198,0.285,0.235,0.199,0.215,0.216,0.216,0.222,0,0.225,0,0.206,0.194,0.198,0,0,0,0,0,0,0,0,0.224,0.192,0.193,0.219,0,0,0,0,0,0.259,0.257,0.196,0.237,0,0.225,0.197,0.198,0.259,0.237,0.207,0.218,0,0,0,0,0,0,0,0,0,0,0,0,0,0.197,0.244,0.213,0,0.187,0.192,0,0.138,0.184,0.224,0.222,0.226,0.19,0,0,0.2,0.218,0.184,0.64,0.625,0.178,0.161,0.227,0.176,0.171,0.215,0.209,0.178,0.178,0,0.161,0.178,0.153,0.217,0.17,0.149,0.186,0.164,0.2,0.189,0.233,0.458,0.369,0.29,0.398,0.367,0.219,0.188,0.316,0.315,0.387,0.188,0.244,0.235,0.174,0.434,0,0,0,0,0,0.175,0.157,0.291,0.187,0.271,0.183,0.179,0.24,0.29,0,0,0.161,0,0,0,0,0,0,0,0.511,0.283,0.523,0.478,0.205,0.25,0.397,0.301,0.182,0.182,0,0,0.19,0.17,0.21,0.191,0.511,0.37,0.163,0.133,0.292,0.43,0.412,0.399,0.252,0,0.418,0.147,0.272,0,0,0,0.191,0,0.183,0,0,0.187,0.208,0.202,0.569,0.195,0.583,0.556,0,0,0,0,0,0.138,0.471,0.359,0.211,0.211,0.579,0,0,0,0,0.183,0,0,0,0.195,0.166,0.291,0,0.216,0,0,0.2,0.176,0.187,0.569,0.17,0.161,0.149,0.505,0.462,0.569,0.161,0.155,0,0,0,0,0.174,0.415,0.383,0.362,0,0,0,0,0.396,0.367,0.191,0.194,0,0,0,0,0.415,0.186,0,0,0,0,0,0.174,0,0,0,0,0.476,0.186,0.186,0,0,0,0.309,0.208,0.201,0.178,0,0,0,0,0,0,0,0,0,0.176,0,0.191,0.171,0,0.386,0.45,0.386,0,0.149,0.217,0,0,0,0.173,0,0.186,0.186,0.251,0,0.2,0.174,0.149,0.138,0,0,0.194,0.181,0,0,0.232,0.232,0.2,0.19,0.202,0,0.187,0.138,0.187,0.169,0.145,0.145
GO:0051247,0.289,0,0.202,0,0,0.584,0.562,0.314,0.193,0.26,0.264,0.244,0.23,0.31,0.299,0,0.28,0.234,0,0.26,0.174,0.267,0.174,0.281,0.206,0,0,0.264,0.831,0.209,0.846,0.215,0.215,0.809,0.666,0.635,0.222,0.638,0.869,0.595,0.635,0.507,0.443,0.193,0.195,0,0,0,0.772,0.924,0.172,0.175,0.868,0.994,0.195,0.237,0.282,0.273,0.498,0.456,0.608,0.547,0.491,0.581,0.56,0.51,0.192,0.617,0.51,0.547,0.468,0.185,0.188,0.525,0.614,0.608,0.435,0.608,0.43,0.43,0,0.222,0.186,0.208,0,0,0,0,0,0,0.626,0.754,0.217,0.225,0.461,0.573,0.443,0.452,0.509,0.475,0.37,0.442,0.376,0.48,0.49,0.529,0.484,0.386,0,0,0.48,0.48,0.404,0.741,0.899,0,0,0.684,0,0.79,0.658,0.421,0.678,0.607,0.729,0.172,0.422,0.409,0.714,0.858,0.684,0.167,0.16,0.681,0.798,0.466,0.155,0,0.169,0.268,0.237,0.169,0.245,0.2,0.177,0.193,0.194,0.194,0.198,0,0.201,0,0.186,0.175,0.179,0,0,0,0,0,0,0,0,0.2,0.174,0.175,0.196,0,0,0,0,0,0.227,0.226,0.177,0.207,0,0.201,0.179,0.179,0.228,0.21,0.187,0.196,0,0,0,0,0,0,0,0,0,0,0,0,0,0.47,0.215,0.191,0,0.448,0.458,0,0.339,0.168,0.2,0.199,0.202,0.173,0,0,0.181,0.195,0.167,0.589,0.738,0.162,0.148,0.202,0.159,0.155,0.193,0.188,0.16,0.162,0,0.147,0.162,0.141,0.194,0.156,0.138,0.169,0.151,0.181,0.166,0.207,0.404,0.333,0.268,0.349,0.325,0.197,0.165,0.284,0.284,0.341,0.165,0.213,0.207,0.151,0.377,0,0,0,0,0,0.16,0.145,0.253,0.17,0.237,0.167,0.164,0.213,0.268,0,0,0.148,0,0,0,0,0,0,0,0.765,0.261,0.786,0.726,0.184,0.221,0.355,0.277,0.157,0.157,0,0,0.172,0.411,0.189,0.174,0.765,0.343,0.148,0.123,0.253,0.394,0.608,0.59,0.234,0,0.383,0.137,0.235,0,0,0,0.173,0,0.167,0,0,0.17,0.187,0.48,0.813,0.177,0.831,0.797,0,0,0,0,0,0.129,0.428,0.536,0.19,0.19,0.827,0,0,0,0,0.167,0,0,0,0.466,0.402,0.253,0,0.186,0,0,0.181,0.423,0.17,0.813,0.155,0.148,0.364,0.456,0.675,0.813,0.148,0.143,0,0,0,0,0.159,0.377,0.35,0.333,0,0,0,0,0.361,0.337,0.171,0.173,0,0,0,0,0.377,0.167,0,0,0,0,0,0.16,0,0,0,0,0.417,0.16,0.16,0,0,0,0.265,0.187,0.181,0.163,0,0,0,0,0,0,0,0,0,0.159,0,0.456,0.149,0,0.347,0.397,0.347,0,0.138,0.195,0,0,0,0.158,0,0.169,0.167,0.221,0,0.477,0.159,0.364,0.129,0,0,0.176,0.436,0,0,0.544,0.544,0.18,0.453,0.182,0,0.168,0.129,0.17,0.155,0.135,0.135
GO:1902531,0,0.035,0,0.049,0.037,0.265,0.322,0,0.043,0,0.035,0.243,0.289,0.308,0.376,0.412,0.279,0,0.037,0.038,0.039,0.039,0.039,0.038,0,0.528,0,0,0.224,0.916,0.222,0.884,0.884,0.276,0.252,0.303,0.845,0.256,0.218,0.263,0.257,0,0,0.192,0.194,0.029,0.308,0.35,0.194,0.181,0.171,0.174,0.218,0.195,0.995,0.032,0,0.037,0.226,0.262,0.309,0.248,0.816,0.257,0.248,0.796,0.242,0.313,0.795,0.314,0,0.234,0.237,0.76,0.312,0.309,0.244,0.309,0.247,0.247,0.033,0.28,0.234,0.262,0.356,0.448,0,0.034,0,0,0.157,0.148,0.029,0.03,0.235,0.291,0.201,0.2,0.225,0.21,0,0.254,0,0.244,0.249,0.213,0.246,0,0.425,0.409,0.244,0.244,0.226,0.235,0.223,0.027,0.029,0.233,0.028,0.196,0.224,0.242,0.232,0.193,0.732,0.88,0.817,0.235,0.227,0.213,0.233,0.167,0.159,0.216,0.198,0.903,0.681,0.029,0,0,0.032,0.037,0.036,0,0.177,0.845,0.797,0.797,0.755,0.027,0.253,0.031,0.234,0.221,0.226,0,0,0,0,0,0.034,0,0,0.199,0.219,0.22,0.246,0,0,0,0,0.034,0.226,0.225,0.224,0.206,0,0.2,0.339,0.339,0.031,0.399,0.354,0.026,0.416,0.023,0.023,0.024,0,0.031,0.023,0,0.032,0.024,0,0,0,0.225,0.215,0.241,0.205,0.214,0.219,0.28,0.564,0.023,0.027,0.027,0.027,0.023,0.028,0.024,0.228,0.245,0.211,0.148,0.145,0.828,0.757,0.255,0.158,0.155,0.243,0.237,0.16,0.205,0.255,0.146,0.205,0.178,0.245,0.197,0.174,0.213,0.19,0.923,0.031,0.028,0.03,0.025,0.02,0.031,0.029,0.026,0.031,0.025,0.025,0.03,0.031,0.032,0.031,0,0,0,0,0.022,0,0.181,0.16,0.145,0.034,0.023,0.032,0.022,0.022,0.029,0,0,0,0.187,0.334,0.308,0.28,0,0,0,0,0.206,0,0.206,0.19,0.232,0.03,0,0,0.035,0.035,0,0.025,0.754,0.684,0.025,0.023,0.261,0.174,0.148,0.123,0.034,0.2,0.193,0.187,0,0.202,0.195,0.018,0.035,0,0,0.022,0.218,0.308,0.022,0.029,0.028,0.215,0.235,0.23,0.257,0.223,0.263,0.253,0,0,0,0,0,0.162,0.218,0.17,0.189,0.189,0.262,0.308,0,0,0.025,0.731,0.029,0.248,0.025,0.223,0.67,0.034,0,0,0.273,0.361,0.228,0.203,0.214,0.257,0.196,0.187,0.174,0.232,0.214,0.257,0.187,0.181,0.023,0.022,0.029,0.033,0.2,0.217,0.201,0.191,0.031,0.023,0.031,0.026,0.207,0.194,0.171,0.173,0.026,0.025,0.027,0.022,0.217,0.166,0.026,0.029,0.026,0.03,0.023,0.201,0.029,0.024,0.033,0,0.031,0.036,0.036,0.031,0.023,0.557,0.589,0.717,0.696,0.625,0,0,0,0,0,0,0,0,0.025,0.159,0.027,0.218,0.033,0.028,0.026,0,0,0.03,0.174,0.194,0.56,0.028,0.028,0.2,0.03,0.651,0.167,0.849,0,0.228,0.2,0.174,0.128,0.03,0.028,0.222,0.208,0,0,0.206,0.206,0.18,0.172,0.23,0,0.168,0.128,0.169,0.677,0.59,0.59
GO:0006396,0.388,0.044,0.275,0.07,0.048,0.209,0.285,0.42,0.374,0.351,0.335,0,0.039,0,0.054,0,0,0.318,0.049,0.628,0.619,0.574,0.621,0.667,0.612,0.048,0,0.335,0.169,0.035,0.276,0.036,0,0.235,0,0.041,0,0.301,0.245,0.342,0.267,0.366,0.348,0,0,0.035,0,0,0.235,0.217,0,0,0.27,0.237,0.032,0.971,0.66,0.726,0.171,0.221,0.647,0.192,0.03,0.602,0.317,0.031,0.031,0.536,0,0.276,0.33,0.03,0.03,0,0.655,0.647,0.233,0.647,0.206,0.206,0.041,0.037,0.03,0.034,0,0.039,0,0.043,0,0,0.184,0.171,0.873,0.568,0.462,0.6,0.148,0.244,0.282,0.469,0.247,0.213,0.252,0.485,0.404,0.238,0.489,0.26,0.037,0.035,0.485,0.485,0.214,0.224,0.21,0.033,0.035,0.192,0.034,0.181,0.184,0.201,0.19,0.177,0.165,0.027,0.025,0.194,0.214,0.199,0.192,0,0,0.203,0.183,0.028,0.024,0.035,0.219,0.342,0.293,0.312,0.513,0.258,0,0.031,0.032,0,0,0.032,0.033,0.039,0.03,0.028,0.029,0,0,0,0,0,0.042,0,0,0,0.028,0.028,0.032,0,0,0,0,0.042,0,0,0.028,0,0,0,0.383,0.384,0.512,0.465,0.404,0.427,0.036,0.027,0.027,0.028,0,0.038,0.026,0,0.039,0.029,0,0,0,0.029,0,0.031,0,0.027,0.028,0.023,0.02,0.646,0.793,0.491,0.5,0.667,0.034,0.028,0.029,0.032,0.027,0.171,0.167,0.026,0.023,0.033,0,0,0.031,0.03,0,0.026,0,0,0.026,0.022,0.032,0.024,0.021,0.027,0.024,0.029,0.247,0.515,0.498,0.452,0.352,0.424,0.236,0.776,0.245,0.201,0.458,0.412,0.246,0.432,0.416,0.189,0.283,0,0,0.025,0,0,0,0,0.657,0.408,0.607,0.401,0.627,0.854,0.17,0,0,0.023,0,0,0,0,0,0,0,0.153,0.165,0.253,0.416,0.03,0.556,0.236,0.176,0.546,0.542,0,0.03,0.027,0.024,0.741,0.671,0.22,0.527,0,0,0.657,0.385,0.368,0.355,0.146,0,0.373,0.511,0.55,0,0,0.026,0.028,0,0.399,0.036,0.034,0.027,0.03,0.029,0.517,0.028,0.432,0.505,0,0,0,0,0,0.02,0.679,0.511,0,0,0.527,0,0,0,0.029,0.026,0.035,0.02,0.03,0.028,0.024,0.657,0,0.538,0,0.03,0.029,0.025,0.027,0.517,0.024,0.023,0.021,0.456,0.415,0.517,0.023,0.022,0.026,0.025,0.036,0.041,0.025,0.176,0.162,0.153,0.039,0.027,0.037,0.031,0.168,0.155,0,0,0.031,0.029,0.032,0.025,0.176,0,0.031,0.035,0.031,0.037,0.026,0.025,0.035,0.028,0.042,0,0.286,0.292,0.292,0.038,0.027,0.047,0.046,0.03,0.029,0.026,0,0,0,0,0,0,0,0,0.029,0.029,0.032,0.028,0.266,0.034,0.229,0.269,0.229,0.037,0.021,0,0,0.034,0.034,0.025,0.036,0.027,0.03,0.037,0,0.029,0.025,0.021,0,0.037,0.034,0.028,0.026,0,0,0,0,0,0,0.029,0,0,0,0,0.024,0.021,0.021
GO:0010467,0.365,0,0.4,0,0,0.273,0.257,0.589,0.369,0.376,0.434,0,0,0,0,0,0,0.457,0,0.357,0.304,0.315,0.303,0.483,0.361,0,0,0.435,0.209,0,0.34,0,0,0.201,0,0,0,0.259,0.2,0.447,0.259,0.488,0.371,0,0,0,0,0,0.28,0.255,0,0,0.332,0.282,0,0.66,0.88,0.46,0.212,0.186,0.718,0.246,0,0.779,0.405,0,0,0.29,0,0.245,0.427,0,0,0,0.403,0.718,0.278,0.397,0.171,0.171,0,0,0,0,0,0,0,0,0,0,0.21,0.194,0.579,0.337,0.476,0.653,0.178,0.293,0.349,0.57,0.298,0.178,0.305,0.504,0.205,0.193,0.281,0.316,0,0,0.278,0.504,0.25,0.264,0.245,0,0,0.158,0,0.206,0.15,0.166,0.156,0.202,0.186,0,0,0.159,0.251,0.23,0.158,0,0,0.235,0.209,0,0,0,0.291,0.447,0.366,0.288,0.272,0.342,0,0,0,0,0,0,0,0,0,0,0,0,0,0,0,0,0,0,0,0,0,0,0,0,0,0,0,0,0,0,0,0,0,0,0.243,0.244,0.344,0.306,0.258,0.276,0,0,0,0,0,0,0,0,0,0,0,0,0,0,0,0,0,0,0,0,0,0.406,0.516,0.282,0.288,0.421,0,0,0,0,0,0.194,0.189,0,0,0,0,0,0,0,0,0,0,0,0,0,0,0,0,0,0,0,0.253,0.299,0.613,0.463,0.347,0.251,0.226,0.503,0.251,0.186,0.26,0.243,0.251,0.218,0.208,0.24,0.283,0,0,0,0,0,0,0,0.732,0.412,0.662,0.403,0.392,0.564,0.192,0,0,0,0,0,0,0,0,0,0,0.185,0.186,0.306,0.493,0,0.328,0.281,0.2,0.256,0.255,0,0,0,0,0.476,0.424,0.185,0.322,0,0,0.405,0.385,0.365,0.351,0.162,0,0.371,0.311,0.3,0,0,0,0,0,0.222,0,0,0,0,0,0.544,0,0.222,0.529,0,0,0,0,0,0,0.429,0.311,0,0,0.308,0,0,0,0,0,0,0,0,0,0,0.732,0,0.304,0,0,0,0,0,0.3,0,0,0,0.259,0.232,0.544,0,0,0,0,0,0,0,0.142,0.129,0.121,0,0,0,0,0.134,0.123,0,0,0,0,0,0,0.142,0,0,0,0,0,0,0,0,0,0,0,0.356,0.265,0.264,0,0,0,0,0,0,0,0,0,0,0,0,0,0,0,0,0,0,0,0.234,0,0.271,0.33,0.271,0,0,0,0,0,0,0,0,0,0,0,0,0,0,0,0,0,0,0,0,0,0,0,0,0,0,0,0,0,0,0,0,0,0
GO:0016070,0.512,0.054,0.372,0.1,0.06,0.26,0.351,0.551,0.495,0.467,0.413,0,0.046,0,0.07,0,0,0.425,0.061,0.796,0.786,0.734,0.788,0.841,0.778,0.061,0,0.414,0.201,0.04,0.327,0.042,0,0.278,0,0.05,0,0.37,0.29,0.425,0.329,0.462,0.444,0,0,0.041,0,0,0.271,0.247,0,0,0.319,0.273,0.037,0.726,0.46,0.905,0.204,0.258,0.786,0.234,0.034,0.41,0.387,0.036,0.036,0.653,0,0.336,0.407,0.034,0.035,0,0.798,0.786,0.269,0.786,0.238,0.238,0.049,0.044,0.034,0.04,0,0.047,0,0.052,0,0,0.205,0.19,0.64,0.672,0.529,0.718,0.172,0.283,0.335,0.304,0.288,0.247,0.294,0.559,0.468,0.28,0.565,0.305,0.044,0.041,0.559,0.559,0.243,0.256,0.238,0.038,0.04,0.22,0.04,0.202,0.209,0.231,0.218,0.197,0.182,0.031,0.028,0.222,0.244,0.224,0.22,0,0,0.229,0.204,0.032,0.027,0.041,0.275,0.425,0.351,0.392,0.638,0.324,0,0.036,0.036,0,0,0.037,0.038,0.047,0.034,0.032,0.033,0,0,0,0,0,0.051,0,0,0,0.031,0.032,0.037,0,0,0,0,0.051,0,0,0.032,0,0,0,0.435,0.435,0.609,0.543,0.461,0.491,0.042,0.031,0.031,0.032,0,0.045,0.029,0,0.047,0.033,0,0,0,0.032,0,0.036,0,0.03,0.031,0.025,0.021,0.453,0.572,0.567,0.579,0.469,0.039,0.032,0.033,0.037,0.03,0.19,0.185,0.029,0.026,0.039,0,0,0.036,0.035,0,0.029,0,0,0.029,0.024,0.036,0.027,0.023,0.03,0.026,0.033,0.295,0.6,0.487,0.516,0.389,0.505,0.277,0.558,0.292,0.23,0.524,0.488,0.293,0.517,0.495,0.229,0.343,0,0,0.029,0,0,0,0,0.801,0.46,0.728,0.45,0.438,0.623,0.188,0,0,0.026,0,0,0,0,0,0,0,0.179,0.182,0.295,0.264,0.034,0.655,0.272,0.196,0.671,0.667,0,0.034,0.031,0.027,0.529,0.473,0.257,0.361,0,0,0.802,0.43,0.409,0.394,0.159,0,0.415,0.349,0.676,0,0,0.029,0.031,0,0.448,0.042,0.04,0.031,0.035,0.033,0.602,0.032,0.505,0.586,0,0,0,0,0,0.021,0.479,0.349,0,0,0.616,0,0,0,0.033,0.03,0.041,0.021,0.034,0.032,0.027,0.801,0,0.661,0,0.035,0.033,0.028,0.03,0.602,0.027,0.026,0.023,0.521,0.468,0.602,0.026,0.025,0.029,0.028,0.042,0.049,0.028,0.199,0.181,0.17,0.046,0.03,0.044,0.036,0.188,0.172,0,0,0.035,0.033,0.037,0.028,0.199,0,0.035,0.041,0.036,0.044,0.03,0.028,0.041,0.032,0.05,0,0.342,0.362,0.361,0.045,0.03,0.059,0.057,0.035,0.033,0.029,0,0,0,0,0,0,0,0,0.033,0.033,0.037,0.031,0.321,0.039,0.263,0.318,0.263,0.044,0.023,0,0,0.04,0.039,0.028,0.043,0.03,0.035,0.044,0,0.033,0.028,0.023,0,0.044,0.039,0.032,0.029,0,0,0,0,0,0,0.033,0,0,0,0,0.027,0.023,0.023
GO:0009892,0.247,0,0.263,0,0,0.719,0.686,0.243,0.249,0.252,0.195,0.871,0.81,0.397,0.379,0,0.361,0.257,0,0.216,0.217,0.223,0.217,0.211,0.218,0,0,0.196,0.587,0.246,0.579,0.254,0.254,0.569,0.308,0.291,0.263,0.691,0.567,0.713,0.692,0.213,0.222,0.227,0.231,0,0,0,0.495,0.458,0.199,0.203,0.567,0.498,0.226,0.171,0.212,0.204,0.976,0.881,0.652,0.664,0.215,0.693,0.663,0.224,0.222,0.663,0.224,0.664,0.193,0.213,0.217,0.232,0.66,0.652,0.492,0.652,0.5,0.5,0,0.264,0.214,0.244,0,0,0,0,0,0,0.389,0.363,0.154,0.161,0.774,0.606,0.85,0.844,0.972,0.896,0.146,0.848,0.148,0.81,0.83,0.908,0.817,0.153,0,0,0.81,0.81,0.742,0.471,0.444,0,0,0.468,0,0.383,0.447,0.488,0.463,0.376,0.35,0.196,0.181,0.471,0.452,0.42,0.468,0.193,0.183,0.428,0.387,0.202,0.175,0,0.211,0.199,0.171,0.209,0.2,0.21,0.207,0.66,0.664,0.664,0.681,0,0.234,0,0.214,0.2,0.205,0,0,0,0,0,0,0,0,0.233,0.586,0.589,0.227,0,0,0,0,0,0.271,0.269,0.6,0.248,0,0.234,0.123,0.123,0.164,0.149,0.13,0.137,0,0,0,0,0,0,0,0,0,0,0,0,0,0.204,0.254,0.221,0,0.193,0.198,0,0.142,0.115,0.141,0.139,0.142,0.119,0,0,0.613,0.226,0.561,0.363,0.355,0.183,0.49,0.236,0.182,0.177,0.223,0.642,0.184,0.183,0,0.166,0.183,0.463,0.225,0.176,0.453,0.192,0.499,0.613,0.167,0.146,0.161,0.129,0.101,0.166,0.153,0.138,0.166,0.131,0.131,0.162,0.166,0.17,0.164,0.183,0.182,0,0,0,0,0,0.181,0.478,0.185,0.117,0.172,0.114,0.112,0.151,0.101,0,0,0.49,0,0,0,0,0,0,0,0.533,0.098,0.531,0.484,0.627,0.157,0.139,0.104,0.192,0.192,0,0,0.196,0.176,0.132,0.119,0.533,0.336,0.168,0.137,0.185,0.393,0.376,0.363,0.087,0,0.381,0.091,0.191,0,0,0,0.197,0,0.114,0,0,0.572,0.636,0.209,0.524,0.598,0.538,0.512,0,0,0,0,0,0.142,0.431,0.326,0.647,0.648,0.534,0,0,0,0,0.189,0,0,0,0.202,0.171,0.185,0,0.192,0,0,0.614,0.181,0.571,0.524,0.175,0.49,0.153,0.464,0.423,0.524,0.166,0.471,0,0,0,0,0.179,0.706,0.394,0.614,0,0,0,0,0.409,0.622,0.198,0.201,0,0,0,0,0.706,0.192,0,0,0,0,0,0.18,0,0,0,0,0.168,0.197,0.196,0,0,0,0.326,0.215,0.208,0.184,0,0,0,0,0,0,0,0,0,0.183,0,0.197,0.179,0,0.135,0.158,0.135,0,0.153,0.226,0,0,0,0.178,0,0.192,0.193,0.262,0,0.208,0.179,0.153,0.142,0,0,0.201,0.187,0,0,0.242,0.242,0.207,0.196,0.209,0,0.194,0.142,0.193,0.513,0.149,0.44
GO:0031324,0.213,0.038,0.224,0.056,0.041,0.635,0.701,0.21,0.307,0.216,0.249,0.779,0.866,0.342,0.416,0,0.31,0.22,0.041,0.272,0.273,0.279,0.273,0.266,0.191,0.041,0,0.174,0.53,0.283,0.524,0.291,0.23,0.592,0.274,0.329,0.238,0.613,0.513,0.631,0.614,0.187,0.194,0.206,0.209,0.031,0,0,0.454,0.422,0.183,0.186,0.514,0.456,0.262,0.221,0.186,0.258,0.881,0.99,0.669,0.592,0.25,0.615,0.591,0.26,0.258,0.68,0.206,0.68,0.171,0.249,0.252,0.212,0.676,0.669,0.518,0.669,0.526,0.526,0.035,0.302,0.249,0.281,0,0.034,0,0.037,0,0,0.363,0.341,0.201,0.209,0.879,0.627,0.776,0.772,0.877,0.815,0.133,0.956,0.135,0.917,0.937,0.824,0.924,0.139,0.032,0.031,0.917,0.917,0.845,0.499,0.471,0.029,0.031,0.495,0.03,0.411,0.475,0.515,0.491,0.404,0.378,0.23,0.213,0.499,0.48,0.449,0.495,0.177,0.169,0.456,0.416,0.236,0.206,0.031,0.185,0.176,0.221,0.264,0.254,0.185,0.189,0.718,0.723,0.609,0.624,0.029,0.271,0.034,0.249,0.234,0.24,0,0,0,0,0,0.037,0,0,0.213,0.644,0.647,0.263,0,0,0,0,0.037,0.244,0.243,0.658,0.223,0,0.214,0.164,0.164,0.212,0.195,0.172,0.18,0.032,0.025,0.025,0.025,0,0.033,0.024,0,0.034,0.026,0,0,0,0.239,0.231,0.257,0,0.227,0.232,0.021,0.169,0.154,0.185,0.183,0.186,0.158,0.03,0.025,0.671,0.262,0.618,0.341,0.333,0.216,0.544,0.273,0.168,0.164,0.259,0.7,0.17,0.216,0,0.154,0.216,0.517,0.261,0.207,0.506,0.225,0.554,0.671,0.216,0.192,0.21,0.17,0.135,0.215,0.199,0.181,0.215,0.173,0.173,0.21,0.215,0.219,0.212,0.163,0.163,0,0,0.023,0,0,0.168,0.449,0.237,0.155,0.221,0.153,0.149,0.197,0.094,0,0,0.544,0,0,0,0,0,0,0,0.485,0.092,0.484,0.445,0.685,0.205,0.127,0.098,0.245,0.244,0,0.027,0.23,0.207,0.174,0.159,0.558,0.364,0.156,0.129,0.237,0.421,0.404,0.392,0.082,0,0.409,0.124,0.243,0,0,0.024,0.231,0,0.152,0.032,0.03,0.63,0.694,0.244,0.55,0.655,0.563,0.538,0,0,0,0,0,0.169,0.459,0.354,0.595,0.595,0.559,0,0,0,0.026,0.222,0.031,0.018,0.027,0.236,0.203,0.237,0,0.171,0,0.027,0.672,0.214,0.629,0.55,0.206,0.544,0.183,0.491,0.451,0.55,0.196,0.525,0.024,0.023,0.032,0.035,0.211,0.807,0.423,0.709,0.034,0.024,0.033,0.028,0.437,0.718,0.182,0.184,0.028,0.026,0.028,0.023,0.807,0.177,0.027,0.031,0.028,0.033,0.024,0.212,0.031,0.025,0.036,0,0.217,0.25,0.25,0.033,0.025,0.04,0.364,0.25,0.243,0.217,0,0,0,0,0,0,0,0,0.026,0.169,0.028,0.231,0.23,0.03,0.178,0.143,0.124,0.033,0.183,0.207,0,0.03,0.03,0.21,0.032,0.226,0.178,0.3,0,0.242,0.211,0.183,0.134,0.033,0.03,0.235,0.22,0,0,0.22,0.221,0.191,0.182,0.244,0,0.179,0.134,0.179,0.569,0.177,0.492
GO:0006355,0.429,0.047,0.306,0.08,0.052,0.807,0.88,0.463,0.413,0.389,0.361,0.327,0.381,0.457,0.548,0,0.417,0.352,0.053,0.684,0.675,0.627,0.677,0.726,0.668,0.053,0,0.362,0.644,0.338,0.651,0.35,0.277,0.715,0.343,0.407,0.288,0.871,0.7,0.82,0.867,0.398,0.38,0.249,0.252,0.037,0,0,0.604,0.556,0.215,0.219,0.701,0.608,0.309,0.647,0.718,0.786,0.652,0.669,0.954,0.928,0.292,0.864,0.931,0.306,0.304,0.93,0.242,0.929,0.356,0.29,0.295,0.252,0.937,0.954,0.672,0.954,0.621,0.621,0.043,0.366,0.291,0.336,0,0.042,0,0.046,0,0,0.467,0.434,0.578,0.604,0.668,0.88,0.704,0.704,0.665,0.662,0.262,0.704,0.267,0.702,0.689,0.68,0.687,0.276,0.039,0.037,0.701,0.702,0.612,0.583,0.546,0.035,0.037,0.579,0.036,0.467,0.551,0.605,0.573,0.458,0.425,0.265,0.243,0.583,0.557,0.516,0.579,0.208,0.196,0.526,0.473,0.274,0.234,0.037,0.732,0.822,0.694,0.742,0.814,0.735,0.224,0.305,0.307,0.243,0.25,0.034,0.321,0.042,0.291,0.271,0.278,0,0,0,0,0,0.045,0,0,0.253,0.268,0.27,0.31,0,0,0,0,0.045,0.298,0.296,0.275,0.273,0,0.253,0.402,0.402,0.546,0.493,0.424,0.45,0.038,0.029,0.028,0.029,0,0.04,0.027,0,0.042,0.03,0,0,0,0.277,0.278,0.302,0,0.261,0.268,0.023,0.188,0.421,0.522,0.518,0.528,0.435,0.036,0.029,0.282,0.309,0.256,0.434,0.424,0.247,0.222,0.324,0.195,0.19,0.305,0.296,0.197,0.247,0,0.177,0.247,0.209,0.308,0.236,0.204,0.259,0.226,0.282,0.264,0.545,0.65,0.508,0.391,0.452,0.25,0.51,0.262,0.211,0.482,0.642,0.262,0.462,0.65,0.203,0.627,0,0,0.027,0,0,0.192,0.171,0.934,0.564,0.858,0.553,0.408,0.565,0.176,0,0,0.222,0,0,0,0,0,0,0,0.728,0.171,0.73,0.583,0.288,0.591,0.249,0.183,0.882,0.885,0,0.031,0.265,0.236,0.486,0.438,0.729,0.453,0.179,0.144,0.932,0.551,0.525,0.507,0.151,0,0.533,0.33,0.891,0,0,0.027,0.266,0,0.417,0.038,0.036,0.262,0.293,0.284,0.751,0.274,0.738,0.732,0,0,0,0,0,0.188,0.59,0.439,0.236,0.236,0.743,0,0,0,0.03,0.255,0.037,0.02,0.032,0.274,0.23,0.933,0,0.877,0,0.032,0.282,0.244,0.261,0.75,0.234,0.222,0.204,0.638,0.578,0.75,0.222,0.213,0.027,0.026,0.038,0.044,0.241,0.527,0.482,0.454,0.041,0.028,0.04,0.033,0.5,0.461,0.214,0.217,0.033,0.031,0.033,0.026,0.527,0.207,0.032,0.037,0.033,0.039,0.028,0.242,0.037,0.029,0.045,0,0.305,0.316,0.315,0.04,0.028,0.051,0.462,0.293,0.282,0.248,0,0,0,0,0,0,0,0,0.03,0.196,0.033,0.267,0.285,0.035,0.241,0.287,0.241,0.04,0.204,0.244,0,0.036,0.036,0.24,0.039,0.26,0.208,0.363,0,0.282,0.241,0.204,0.149,0.04,0.036,0.272,0.253,0,0,0.263,0.263,0.222,0.21,0.284,0,0.21,0.149,0.206,0.233,0.198,0.198
GO:0009889,0.294,0,0.316,0,0,0.826,0.782,0.288,0.296,0.301,0.223,0.333,0.307,0.47,0.445,0,0.429,0.307,0,0.251,0.253,0.26,0.252,0.244,0.254,0,0,0.224,0.656,0.272,0.646,0.282,0.282,0.633,0.35,0.328,0.294,0.788,0.631,0.818,0.79,0.246,0.259,0.253,0.257,0,0,0,0.543,0.499,0.218,0.223,0.631,0.547,0.248,0.192,0.246,0.234,0.664,0.592,0.928,0.948,0.234,0.792,0.945,0.246,0.244,0.753,0.246,0.947,0.22,0.233,0.237,0.256,0.748,0.928,0.678,0.928,0.549,0.549,0,0.294,0.234,0.27,0,0,0,0,0,0,0.418,0.389,0.171,0.179,0.646,0.855,0.716,0.711,0.66,0.604,0.161,0.714,0.164,0.679,0.555,0.612,0.545,0.169,0,0,0.679,0.679,0.617,0.515,0.482,0,0,0.511,0,0.411,0.486,0.534,0.505,0.403,0.373,0.213,0.194,0.515,0.492,0.455,0.511,0.211,0.199,0.464,0.416,0.22,0.187,0,0.749,0.704,0.593,0.744,0.708,0.747,0.227,0.245,0.247,0.247,0.253,0,0.258,0,0.234,0.217,0.223,0,0,0,0,0,0,0,0,0.257,0.215,0.216,0.249,0,0,0,0,0,0.303,0.301,0.221,0.278,0,0.257,0.134,0.134,0.183,0.165,0.141,0.15,0,0,0,0,0,0,0,0,0,0,0,0,0,0.222,0.282,0.242,0,0.209,0.215,0,0.15,0.124,0.154,0.153,0.156,0.128,0,0,0.226,0.248,0.205,0.389,0.379,0.198,0.177,0.261,0.198,0.192,0.245,0.237,0.2,0.198,0,0.179,0.198,0.167,0.247,0.189,0.163,0.208,0.181,0.226,0.187,0.161,0.555,0.432,0.331,0.186,0.169,0.151,0.186,0.143,0.142,0.556,0.186,0.19,0.563,0.207,0.635,0,0,0,0,0,0.194,0.173,0.647,0.388,0.593,0.38,0.12,0.167,0.108,0,0,0.177,0,0,0,0,0,0,0,0.74,0.104,0.738,0.53,0.231,0.175,0.152,0.112,0.673,0.672,0,0,0.212,0.189,0.144,0.129,0.74,0.358,0.182,0.145,0.647,0.531,0.507,0.489,0.092,0,0.514,0.097,0.669,0,0,0,0.213,0,0.123,0,0,0.21,0.235,0.228,0.727,0.22,0.595,0.709,0,0,0,0,0,0.15,0.467,0.347,0.239,0.24,0.591,0,0,0,0,0.205,0,0,0,0.22,0.184,0.647,0,0.676,0,0,0.226,0.195,0.209,0.727,0.187,0.177,0.163,0.506,0.458,0.727,0.177,0.17,0,0,0,0,0.193,0.465,0.424,0.4,0,0,0,0,0.441,0.406,0.218,0.221,0,0,0,0,0.465,0.21,0,0,0,0,0,0.193,0,0,0,0,0.188,0.225,0.225,0,0,0,0.374,0.235,0.226,0.198,0,0,0,0,0,0,0,0,0,0.199,0,0.214,0.202,0,0.148,0.176,0.148,0,0.163,0.248,0,0,0,0.192,0,0.208,0.211,0.292,0,0.226,0.193,0.163,0.15,0,0,0.218,0.202,0,0,0.267,0.268,0.225,0.212,0.228,0,0.213,0.15,0.209,0.186,0.158,0.158
GO:0009967,0,0.033,0,0.045,0.035,0.249,0.304,0,0.04,0,0.033,0.23,0.274,0.287,0.351,0.386,0.26,0,0.035,0.036,0.036,0.037,0.036,0.035,0,0.496,0,0,0.561,0.873,0.555,0.841,0.841,0.635,0.626,0.695,0.804,0.242,0.545,0.248,0.242,0,0,0.183,0.185,0.027,0.293,0.331,0.185,0.458,0.164,0.166,0.207,0.491,0.816,0.03,0,0.034,0.215,0.25,0.292,0.234,0.997,0.242,0.234,0.958,0.232,0.296,0.959,0.296,0,0.224,0.227,0.927,0.295,0.292,0.233,0.292,0.236,0.236,0.031,0.266,0.224,0.25,0.336,0.425,0,0.032,0,0,0.152,0.376,0.028,0.029,0.225,0.276,0.192,0.191,0.214,0.2,0,0.242,0,0.233,0.238,0.203,0.235,0,0.404,0.39,0.233,0.233,0.217,0.225,0.518,0.026,0.027,0.542,0.027,0.457,0.521,0.232,0.537,0.186,0.774,0.726,0.862,0.225,0.217,0.495,0.542,0.16,0.153,0.208,0.462,0.948,0.657,0.027,0,0,0.03,0.035,0.034,0,0.169,0.808,0.762,0.762,0.722,0.026,0.242,0.03,0.224,0.212,0.217,0,0,0,0,0,0.032,0,0,0.19,0.211,0.211,0.236,0,0,0,0,0.032,0.215,0.214,0.215,0.196,0,0.191,0.325,0.326,0.029,0.38,0.339,0.025,0.396,0.022,0.022,0.023,0,0.029,0.022,0,0.03,0.023,0,0,0,0.522,0.204,0.231,0.198,0.499,0.51,0.271,0.698,0.022,0.026,0.026,0.026,0.022,0.027,0.023,0.219,0.235,0.203,0.143,0.369,0.685,0.628,0.243,0.152,0.149,0.232,0.227,0.153,0.197,0.244,0.141,0.197,0.172,0.234,0.19,0.169,0.205,0.184,0.76,0.03,0.027,0.029,0.024,0.019,0.029,0.027,0.025,0.029,0.024,0.024,0.029,0.029,0.03,0.029,0,0,0,0,0.021,0,0.176,0.154,0.14,0.032,0.022,0.03,0.022,0.021,0.027,0,0,0,0.181,0.317,0.293,0.268,0,0,0,0,0.519,0,0.517,0.479,0.223,0.028,0,0,0.033,0.033,0,0.024,0.724,0.841,0.024,0.022,0.602,0.169,0.142,0.119,0.032,0.193,0.45,0.437,0,0.196,0.188,0.018,0.033,0,0,0.021,0.209,0.293,0.022,0.028,0.027,0.206,0.225,0.533,0.594,0.214,0.607,0.584,0,0,0,0,0,0.158,0.209,0.398,0.181,0.181,0.604,0.293,0,0,0.024,0.704,0.027,0.241,0.024,0.518,0.824,0.032,0,0,0.261,0.346,0.219,0.472,0.206,0.594,0.189,0.181,0.409,0.222,0.498,0.594,0.181,0.175,0.022,0.021,0.028,0.031,0.193,0.208,0.194,0.185,0.03,0.022,0.029,0.025,0.2,0.187,0.163,0.165,0.025,0.024,0.025,0.021,0.208,0.159,0.025,0.027,0.025,0.029,0.022,0.194,0.027,0.023,0.031,0,0.03,0.034,0.033,0.029,0.022,0.524,0.555,0.398,0.387,0.349,0,0,0,0,0,0,0,0,0.024,0.153,0.025,0.507,0.031,0.027,0.025,0,0,0.029,0.169,0.185,0.527,0.027,0.027,0.192,0.028,0.363,0.16,0.468,0,0.53,0.193,0.409,0.125,0.029,0.027,0.213,0.486,0,0,0.517,0.517,0.172,0.434,0.22,0,0.161,0.125,0.163,0.654,0.572,0.572
GO:0010468,0.315,0,0.34,0,0,0.871,0.823,0.509,0.318,0.323,0.389,0.35,0.321,0.503,0.475,0,0.46,0.39,0,0.315,0.268,0.277,0.268,0.428,0.318,0,0,0.39,0.685,0.283,0.691,0.293,0.293,0.66,0.368,0.344,0.306,0.83,0.657,0.885,0.832,0.432,0.326,0.263,0.268,0,0,0,0.577,0.528,0.226,0.231,0.675,0.581,0.257,0.602,0.779,0.41,0.693,0.615,0.864,0.792,0.242,0.93,0.81,0.255,0.252,0.791,0.255,0.791,0.383,0.241,0.245,0.265,0.806,0.794,0.573,0.795,0.569,0.569,0,0.307,0.242,0.28,0,0,0,0,0,0,0.441,0.409,0.534,0.309,0.592,0.793,0.591,0.601,0.707,0.701,0.276,0.59,0.282,0.624,0.575,0.637,0.579,0.292,0,0,0.574,0.574,0.519,0.546,0.51,0,0,0.528,0,0.433,0.501,0.553,0.522,0.424,0.392,0.219,0.2,0.532,0.521,0.48,0.528,0.218,0.206,0.49,0.438,0.227,0.193,0,0.258,0.399,0.333,0.256,0.243,0.304,0.236,0.254,0.255,0.255,0.263,0,0.268,0,0.242,0.224,0.23,0,0,0,0,0,0,0,0,0.266,0.222,0.223,0.258,0,0,0,0,0,0.316,0.314,0.228,0.291,0,0.267,0.228,0.229,0.316,0.283,0.242,0.257,0,0,0,0,0,0,0,0,0,0,0,0,0,0.229,0.294,0.251,0,0.215,0.222,0,0.153,0.383,0.479,0.263,0.268,0.396,0,0,0.233,0.257,0.211,0.409,0.398,0.203,0.182,0.27,0.204,0.198,0.253,0.246,0.207,0.203,0,0.184,0.203,0.171,0.256,0.194,0.167,0.214,0.185,0.233,0.231,0.277,0.562,0.434,0.33,0.23,0.208,0.468,0.229,0.174,0.244,0.222,0.229,0.199,0.191,0.217,0.256,0,0,0,0,0,0.2,0.177,0.661,0.388,0.604,0.38,0.371,0.521,0.182,0,0,0.182,0,0,0,0,0,0,0,0.612,0.177,0.626,0.612,0.239,0.302,0.261,0.19,0.23,0.23,0,0,0.219,0.194,0.445,0.399,0.612,0.376,0.187,0.149,0.365,0.485,0.461,0.445,0.156,0,0.468,0.297,0.27,0,0,0,0.22,0,0.209,0,0,0.216,0.243,0.235,0.67,0.227,0.619,0.653,0,0,0,0,0,0.153,0.494,0.364,0.248,0.248,0.63,0,0,0,0,0.211,0,0,0,0.227,0.189,0.661,0,0.273,0,0,0.233,0.201,0.215,0.616,0.193,0.182,0.167,0.536,0.484,0.616,0.182,0.174,0,0,0,0,0.198,0.479,0.436,0.41,0,0,0,0,0.454,0.417,0.225,0.229,0,0,0,0,0.479,0.217,0,0,0,0,0,0.199,0,0,0,0,0.325,0.237,0.237,0,0,0,0.394,0.243,0.234,0.204,0,0,0,0,0,0,0,0,0,0.205,0,0.22,0.212,0,0.253,0.304,0.253,0,0.167,0.257,0,0,0,0.197,0,0.214,0.218,0.305,0,0.233,0.198,0.167,0.153,0,0,0.225,0.208,0,0,0.277,0.278,0.232,0.219,0.236,0,0.22,0.153,0.215,0.191,0.162,0.162
GO:0010556,0.293,0,0.315,0,0,0.823,0.78,0.474,0.295,0.3,0.369,0.332,0.307,0.468,0.444,0,0.427,0.362,0,0.296,0.252,0.26,0.251,0.403,0.299,0,0,0.369,0.655,0.271,0.661,0.281,0.281,0.632,0.349,0.327,0.293,0.786,0.629,0.837,0.788,0.407,0.306,0.252,0.256,0,0,0,0.556,0.511,0.218,0.222,0.646,0.56,0.248,0.317,0.405,0.387,0.663,0.591,0.931,0.945,0.234,0.81,0.948,0.246,0.243,0.751,0.245,0.945,0.363,0.233,0.237,0.255,0.765,0.931,0.681,0.931,0.548,0.548,0,0.294,0.233,0.269,0,0,0,0,0,0,0.428,0.398,0.283,0.296,0.648,0.858,0.714,0.713,0.676,0.618,0.265,0.713,0.271,0.682,0.554,0.611,0.558,0.28,0,0,0.682,0.682,0.619,0.527,0.493,0,0,0.51,0,0.421,0.485,0.533,0.504,0.413,0.382,0.212,0.194,0.514,0.504,0.465,0.51,0.21,0.199,0.475,0.426,0.219,0.187,0,0.747,0.838,0.706,0.742,0.706,0.751,0.227,0.244,0.246,0.246,0.253,0,0.258,0,0.233,0.217,0.223,0,0,0,0,0,0,0,0,0.256,0.215,0.216,0.249,0,0,0,0,0,0.302,0.3,0.22,0.278,0,0.257,0.221,0.222,0.302,0.272,0.234,0.248,0,0,0,0,0,0,0,0,0,0,0,0,0,0.222,0.282,0.242,0,0.209,0.215,0,0.15,0.205,0.255,0.253,0.258,0.212,0,0,0.225,0.248,0.205,0.398,0.388,0.197,0.177,0.26,0.198,0.192,0.244,0.237,0.2,0.197,0,0.179,0.197,0.167,0.247,0.188,0.163,0.207,0.18,0.225,0.221,0.267,0.66,0.515,0.395,0.22,0.2,0.249,0.219,0.168,0.235,0.559,0.219,0.19,0.561,0.206,0.638,0,0,0,0,0,0.194,0.173,0.77,0.462,0.706,0.453,0.199,0.276,0.178,0,0,0.177,0,0,0,0,0,0,0,0.739,0.173,0.741,0.543,0.231,0.289,0.252,0.185,0.671,0.67,0,0,0.212,0.188,0.237,0.214,0.739,0.367,0.181,0.145,0.771,0.533,0.509,0.491,0.152,0,0.516,0.16,0.672,0,0,0,0.213,0,0.203,0,0,0.209,0.235,0.228,0.73,0.219,0.594,0.712,0,0,0,0,0,0.15,0.479,0.355,0.239,0.239,0.605,0,0,0,0,0.204,0,0,0,0.219,0.183,0.77,0,0.68,0,0,0.226,0.195,0.209,0.73,0.187,0.177,0.163,0.518,0.469,0.73,0.177,0.17,0,0,0,0,0.192,0.464,0.424,0.399,0,0,0,0,0.44,0.405,0.217,0.22,0,0,0,0,0.464,0.21,0,0,0,0,0,0.193,0,0,0,0,0.31,0.224,0.224,0,0,0,0.373,0.235,0.226,0.198,0,0,0,0,0,0,0,0,0,0.198,0,0.214,0.202,0,0.244,0.291,0.244,0,0.163,0.247,0,0,0,0.191,0,0.208,0.211,0.292,0,0.226,0.192,0.163,0.15,0,0,0.218,0.202,0,0,0.267,0.267,0.225,0.212,0.228,0,0.212,0.15,0.209,0.186,0.158,0.158
GO:0010647,0,0.034,0,0.049,0.037,0.262,0.319,0,0.042,0,0.035,0.241,0.287,0.305,0.372,0,0.276,0,0.037,0.038,0.038,0.039,0.038,0.037,0,0.037,0,0,0.586,0.854,0.579,0.877,0.213,0.662,0.657,0.728,0.219,0.254,0.568,0.261,0.254,0,0,0.19,0.193,0.028,0,0,0.192,0.474,0.17,0.173,0.216,0.51,0.796,0.031,0,0.036,0.224,0.26,0.306,0.246,0.958,0.255,0.246,0.995,0.24,0.311,0.504,0.311,0,0.232,0.235,0.52,0.309,0.306,0.242,0.306,0.245,0.245,0.032,0.278,0.233,0.26,0,0.031,0,0.034,0,0,0.156,0.387,0.029,0.03,0.233,0.289,0.2,0.199,0.223,0.209,0,0.252,0,0.242,0.247,0.211,0.244,0,0.03,0.029,0.242,0.242,0.225,0.233,0.536,0.027,0.028,0.561,0.028,0.471,0.54,0.24,0.557,0.192,0.739,0.704,0.825,0.233,0.225,0.512,0.561,0.165,0.158,0.215,0.476,0.91,0.636,0.029,0,0,0.031,0.037,0.036,0,0.176,0.787,0.792,0.192,0.196,0.027,0.251,0.031,0.233,0.22,0.224,0,0,0,0,0,0.033,0,0,0.198,0.218,0.219,0.245,0,0,0,0,0.033,0.224,0.223,0.222,0.205,0,0.198,0.024,0.024,0.03,0.028,0.025,0.026,0.029,0.023,0.023,0.024,0,0.031,0.022,0,0.032,0.024,0,0,0,0.541,0.213,0.239,0,0.515,0.527,0.02,0.664,0.022,0.027,0.026,0.027,0.023,0.028,0.024,0.226,0.244,0.21,0.147,0.379,0.663,0.607,0.253,0.157,0.154,0.241,0.236,0.159,0.203,0,0.145,0.203,0.177,0.243,0.196,0.174,0.212,0.189,0.739,0.031,0.028,0.03,0.025,0.02,0.031,0.029,0.026,0.031,0.025,0.025,0.03,0.031,0.031,0.03,0,0,0,0,0.022,0,0,0.159,0.144,0.034,0.023,0.032,0.022,0.022,0.028,0,0,0,0.186,0,0,0,0,0,0,0,0.54,0,0.538,0.497,0.231,0.029,0,0,0.035,0.034,0,0.025,0.703,0.804,0.025,0.023,0.627,0.174,0.147,0.122,0.034,0.199,0.464,0.45,0,0,0.194,0.018,0.034,0,0,0.022,0.217,0,0.022,0.029,0.028,0.213,0.234,0.552,0.618,0.221,0.632,0.607,0,0,0,0,0,0.162,0.216,0.409,0.188,0.188,0.629,0,0,0,0.024,0.682,0.029,0.017,0.025,0.536,0.787,0.034,0,0,0,0.025,0.227,0.487,0.213,0.618,0.195,0.186,0.42,0.23,0.514,0.618,0.186,0.18,0.022,0.022,0.029,0.032,0.199,0.215,0.2,0.19,0.031,0.023,0.03,0.026,0.206,0.193,0.17,0.172,0.026,0.025,0.026,0.022,0.215,0.165,0.026,0.028,0.026,0.03,0.023,0.2,0.029,0.024,0.033,0,0.031,0.035,0.035,0.03,0.023,0.552,0.541,0.383,0.372,0.335,0,0,0,0,0,0,0,0,0.024,0.158,0.026,0.525,0.033,0.028,0.026,0,0,0.03,0.174,0.193,0,0.028,0.028,0.198,0.03,0.348,0.166,0.453,0,0.548,0.199,0.42,0.128,0.03,0.028,0.22,0.502,0,0,0.538,0.538,0.179,0.449,0.228,0,0.167,0.128,0.168,0.632,0.551,0.551
GO:0010941,0,0.034,0,0.048,0.036,0.26,0.316,0,0.042,0,0.035,0.239,0.284,0.301,0.368,0,0.272,0,0.037,0.038,0.038,0.039,0.038,0.037,0,0.037,0,0,0.221,0.26,0.218,0.267,0.211,0.272,0.247,0.298,0.218,0.252,0.214,0.258,0.252,0,0,0.189,0.191,0.028,0,0,0.191,0.179,0.169,0.172,0.214,0.192,0.242,0.031,0,0.036,0.222,0.258,0.304,0.244,0.232,0.252,0.243,0.24,0.995,0.308,0.19,0.308,0,0.961,0.974,0.196,0.307,0.304,0.24,0.304,0.244,0.244,0.032,0.276,0.231,0.258,0,0.031,0,0.033,0,0,0.155,0.146,0.029,0.03,0.231,0.286,0.198,0.197,0.222,0.207,0,0.25,0,0.241,0.246,0.209,0.242,0,0.03,0.029,0.241,0.241,0.223,0.232,0.22,0.869,0.903,0.23,0.89,0.194,0.222,0.239,0.228,0.191,0.179,0.215,0.2,0.232,0.224,0.21,0.23,0.164,0.157,0.213,0.196,0.22,0.807,0.028,0,0,0.031,0.037,0.035,0,0.174,0.24,0.241,0.191,0.195,0.026,0.25,0.031,0.231,0.218,0.223,0,0,0,0,0,0.033,0,0,0.196,0.902,0.906,0.243,0,0,0,0,0.033,0.223,0.222,0.92,0.203,0,0.197,0.024,0.024,0.03,0.028,0.025,0.026,0.029,0.023,0.023,0.023,0,0.03,0.022,0,0.031,0.024,0,0,0,0.925,0.211,0.238,0,0.882,0.902,0.02,0.67,0.022,0.026,0.026,0.027,0.023,0.028,0.024,0.225,0.242,0.208,0.146,0.143,0.202,0.185,0.251,0.156,0.153,0.239,0.234,0.158,0.202,0,0.144,0.202,0.176,0.241,0.195,0.173,0.21,0.188,0.225,0.031,0.027,0.03,0.025,0.02,0.03,0.028,0.026,0.03,0.025,0.025,0.03,0.03,0.031,0.03,0,0,0,0,0.022,0,0,0.158,0.143,0.033,0.023,0.031,0.022,0.022,0.028,0,0,0,0.185,0,0,0,0,0,0,0,0.203,0,0.203,0.188,0.229,0.029,0,0,0.034,0.034,0,0.025,0.214,0.195,0.025,0.023,0.257,0.173,0.146,0.122,0.033,0.198,0.191,0.185,0,0,0.193,0.018,0.034,0,0,0.022,0.215,0,0.022,0.029,0.028,0.212,0.232,0.227,0.254,0.22,0.259,0.249,0,0,0,0,0,0.161,0.215,0.168,0.186,0.186,0.258,0,0,0,0.024,0.208,0.028,0.017,0.025,0.22,0.191,0.033,0,0,0,0.025,0.225,0.2,0.212,0.254,0.194,0.185,0.173,0.229,0.211,0.254,0.185,0.179,0.022,0.022,0.029,0.032,0.198,0.214,0.199,0.189,0.031,0.023,0.03,0.026,0.205,0.192,0.168,0.17,0.026,0.024,0.026,0.022,0.214,0.164,0.025,0.028,0.026,0.03,0.023,0.199,0.028,0.024,0.033,0,0.031,0.035,0.035,0.03,0.023,0.036,0.327,0.232,0.225,0.203,0,0,0,0,0,0,0,0,0.024,0.157,0.026,0.215,0.032,0.027,0.026,0,0,0.03,0.173,0.191,0,0.028,0.028,0.197,0.029,0.211,0.165,0.274,0,0.225,0.198,0.173,0.127,0.03,0.028,0.219,0.206,0,0,0.203,0.203,0.177,0.169,0.227,0,0.166,0.127,0.167,0.803,0.701,0.701
GO:0019219,0.44,0.048,0.315,0.082,0.053,0.824,0.898,0.339,0.425,0.399,0.32,0.333,0.388,0.469,0.562,0,0.428,0.362,0.054,0.7,0.691,0.642,0.693,0.681,0.684,0.054,0,0.264,0.656,0.343,0.645,0.356,0.282,0.727,0.35,0.414,0.293,0.889,0.712,0.817,0.885,0.37,0.389,0.253,0.256,0.037,0,0,0.612,0.563,0.218,0.222,0.712,0.617,0.313,0.536,0.29,0.653,0.663,0.68,0.93,0.753,0.296,0.791,0.751,0.311,0.308,0.948,0.246,0.865,0.33,0.294,0.299,0.255,0.942,0.93,0.619,0.93,0.63,0.63,0.044,0.372,0.295,0.341,0,0.043,0,0.047,0,0,0.472,0.439,0.478,0.5,0.647,0.856,0.569,0.565,0.66,0.603,0.241,0.652,0.246,0.681,0.699,0.691,0.687,0.254,0.04,0.038,0.681,0.681,0.563,0.591,0.553,0.035,0.037,0.586,0.036,0.472,0.558,0.614,0.58,0.463,0.429,0.269,0.246,0.591,0.565,0.522,0.586,0.21,0.199,0.533,0.478,0.277,0.237,0.038,0.243,0.27,0.276,0.346,0.568,0.286,0.227,0.309,0.311,0.246,0.253,0.034,0.326,0.042,0.295,0.274,0.282,0,0,0,0,0,0.046,0,0,0.256,0.272,0.273,0.315,0,0,0,0,0.046,0.303,0.301,0.279,0.278,0,0.257,0.373,0.374,0.509,0.459,0.394,0.418,0.039,0.029,0.029,0.03,0,0.041,0.028,0,0.043,0.031,0,0,0,0.281,0.282,0.306,0,0.264,0.272,0.024,0.189,0.346,0.431,0.427,0.435,0.358,0.036,0.03,0.285,0.313,0.259,0.439,0.428,0.25,0.224,0.329,0.198,0.192,0.309,0.3,0.2,0.25,0,0.179,0.25,0.211,0.312,0.238,0.206,0.262,0.228,0.285,0.268,0.45,0.445,0.391,0.3,0.46,0.254,0.421,0.266,0.214,0.397,0.446,0.266,0.47,0.451,0.207,0.309,0,0,0.027,0,0,0.194,0.173,0.585,0.351,0.537,0.344,0.336,0.466,0.161,0,0,0.224,0,0,0,0,0,0,0,0.588,0.157,0.586,0.53,0.292,0.488,0.229,0.168,0.601,0.597,0,0.032,0.268,0.238,0.4,0.361,0.676,0.451,0.182,0.145,0.586,0.532,0.508,0.49,0.138,0,0.515,0.271,0.605,0,0,0.027,0.27,0,0.343,0.039,0.036,0.265,0.297,0.288,0.729,0.277,0.75,0.711,0,0,0,0,0,0.189,0.589,0.437,0.239,0.239,0.744,0,0,0,0.031,0.258,0.038,0.021,0.032,0.277,0.232,0.586,0,0.592,0,0.032,0.286,0.247,0.264,0.729,0.237,0.224,0.206,0.637,0.577,0.729,0.224,0.215,0.028,0.027,0.039,0.044,0.243,0.534,0.487,0.459,0.042,0.028,0.041,0.033,0.506,0.466,0.217,0.22,0.033,0.031,0.034,0.027,0.534,0.21,0.033,0.037,0.033,0.04,0.028,0.244,0.038,0.03,0.046,0,0.282,0.323,0.322,0.041,0.029,0.052,0.472,0.297,0.286,0.25,0,0,0,0,0,0,0,0,0.031,0.198,0.034,0.27,0.29,0.036,0.222,0.264,0.222,0.041,0.206,0.248,0,0.037,0.036,0.242,0.039,0.263,0.211,0.369,0,0.286,0.243,0.206,0.15,0.04,0.036,0.275,0.255,0,0,0.267,0.267,0.225,0.212,0.288,0,0.212,0.15,0.209,0.235,0.2,0.2
GO:0023056,0,0,0,0,0,0.262,0.252,0,0,0,0,0.24,0.227,0.304,0.294,0,0.275,0,0,0,0,0,0,0,0,0,0,0,0.585,0.853,0.578,0.212,0.877,0.57,0.656,0.626,0.219,0.254,0.568,0.26,0.254,0,0,0.19,0.192,0,0,0,0.192,0.474,0.17,0.173,0.216,0.51,0.795,0,0,0,0.224,0.206,0.242,0.246,0.959,0.255,0.245,0.504,0.19,0.246,0.995,0.246,0,0.183,0.186,0.519,0.244,0.242,0.191,0.242,0.194,0.194,0,0.22,0.184,0.206,0,0,0,0,0,0,0.156,0.387,0,0,0.184,0.228,0.2,0.198,0.223,0.209,0,0.199,0,0.192,0.196,0.211,0.193,0,0,0,0.192,0.192,0.178,0.185,0.461,0,0,0.483,0,0.406,0.464,0.19,0.479,0.151,0.739,0.704,0.825,0.185,0.178,0.44,0.483,0.165,0.158,0.17,0.41,0.911,0.635,0,0,0,0,0,0,0,0.175,0.787,0.192,0.791,0.196,0,0.199,0,0.184,0.174,0.177,0,0,0,0,0,0,0,0,0.198,0.172,0.173,0.193,0,0,0,0,0,0.224,0.223,0.176,0.204,0,0.198,0,0,0,0,0,0,0,0,0,0,0,0,0,0,0,0,0,0,0,0.465,0.213,0.189,0,0.443,0.453,0,0.664,0,0,0,0,0,0,0,0.179,0.193,0.166,0.147,0.379,0.663,0.606,0.2,0.157,0.154,0.191,0.186,0.159,0.161,0,0.145,0.161,0.14,0.192,0.155,0.137,0.167,0.149,0.738,0,0,0,0,0,0,0,0,0,0,0,0,0,0,0,0,0,0,0,0,0,0,0.159,0.144,0,0,0,0,0,0,0,0,0,0.147,0,0,0,0,0,0,0,0.539,0,0.538,0.497,0.182,0,0,0,0,0,0,0,0.703,0.805,0,0,0.539,0.137,0.147,0.122,0,0.157,0.399,0.387,0,0,0.153,0,0,0,0,0,0.171,0,0,0,0,0.169,0.185,0.475,0.532,0.175,0.544,0.522,0,0,0,0,0,0.128,0.171,0.352,0.187,0.188,0.541,0,0,0,0,0.682,0,0,0,0.461,0.788,0,0,0,0,0,0.179,0.419,0.168,0.532,0.154,0.147,0.361,0.182,0.443,0.532,0.147,0.142,0,0,0,0,0.157,0.17,0.158,0.15,0,0,0,0,0.163,0.152,0.17,0.171,0,0,0,0,0.17,0.165,0,0,0,0,0,0.158,0,0,0,0,0,0,0,0,0,0,0.545,0.386,0.375,0.337,0,0,0,0,0,0,0,0,0,0.158,0,0.451,0,0,0,0,0,0,0.137,0.193,0.554,0,0,0.157,0,0.351,0.166,0.457,0,0.472,0.157,0.361,0.128,0,0,0.174,0.432,0,0,0.537,0.538,0.178,0.449,0.18,0,0.167,0.128,0.168,0.632,0.551,0.551
GO:0031326,0.293,0.048,0.316,0.082,0.053,0.825,0.899,0.287,0.425,0.3,0.32,0.333,0.388,0.47,0.562,0,0.428,0.307,0.054,0.36,0.362,0.373,0.362,0.35,0.254,0.054,0,0.224,0.656,0.344,0.646,0.356,0.282,0.727,0.35,0.415,0.294,0.787,0.63,0.817,0.79,0.246,0.259,0.253,0.257,0.037,0,0,0.543,0.499,0.218,0.223,0.631,0.547,0.314,0.276,0.245,0.336,0.664,0.68,0.929,0.947,0.296,0.791,0.945,0.311,0.308,0.865,0.246,0.948,0.22,0.294,0.3,0.255,0.859,0.929,0.679,0.929,0.63,0.63,0.044,0.372,0.295,0.341,0,0.043,0,0.047,0,0,0.418,0.389,0.246,0.257,0.646,0.856,0.715,0.71,0.66,0.603,0.16,0.715,0.164,0.68,0.637,0.612,0.626,0.169,0.04,0.038,0.68,0.68,0.617,0.591,0.553,0.035,0.037,0.587,0.036,0.472,0.558,0.614,0.58,0.463,0.429,0.269,0.246,0.591,0.565,0.522,0.587,0.211,0.199,0.533,0.478,0.278,0.237,0.038,0.749,0.704,0.606,0.76,0.723,0.747,0.227,0.309,0.312,0.246,0.253,0.034,0.326,0.042,0.295,0.275,0.282,0,0,0,0,0,0.046,0,0,0.256,0.272,0.273,0.315,0,0,0,0,0.046,0.303,0.301,0.279,0.278,0,0.257,0.192,0.192,0.262,0.236,0.203,0.215,0.039,0.029,0.029,0.03,0,0.041,0.028,0,0.043,0.031,0,0,0,0.281,0.282,0.306,0,0.264,0.272,0.024,0.189,0.178,0.222,0.22,0.224,0.184,0.036,0.03,0.285,0.313,0.259,0.389,0.379,0.25,0.224,0.329,0.198,0.192,0.309,0.3,0.2,0.25,0,0.179,0.25,0.211,0.312,0.238,0.206,0.263,0.228,0.285,0.268,0.232,0.566,0.441,0.338,0.267,0.243,0.217,0.267,0.205,0.204,0.568,0.267,0.273,0.575,0.207,0.634,0,0,0.027,0,0,0.194,0.173,0.661,0.396,0.606,0.388,0.173,0.24,0.107,0,0,0.224,0,0,0,0,0,0,0,0.74,0.104,0.738,0.53,0.292,0.251,0.152,0.112,0.687,0.686,0,0.032,0.268,0.238,0.206,0.185,0.741,0.411,0.182,0.145,0.661,0.532,0.507,0.489,0.092,0,0.514,0.139,0.683,0,0,0.027,0.27,0,0.177,0.039,0.036,0.265,0.297,0.288,0.728,0.278,0.684,0.71,0,0,0,0,0,0.189,0.537,0.398,0.239,0.24,0.679,0,0,0,0.031,0.259,0.038,0.021,0.032,0.278,0.232,0.661,0,0.675,0,0.032,0.286,0.247,0.264,0.728,0.237,0.224,0.206,0.581,0.526,0.728,0.224,0.215,0.028,0.027,0.039,0.044,0.243,0.534,0.488,0.459,0.042,0.028,0.041,0.033,0.506,0.466,0.217,0.221,0.033,0.031,0.034,0.027,0.534,0.21,0.033,0.037,0.033,0.04,0.028,0.245,0.038,0.03,0.046,0,0.27,0.323,0.322,0.041,0.029,0.053,0.472,0.297,0.286,0.251,0,0,0,0,0,0,0,0,0.031,0.199,0.034,0.27,0.29,0.036,0.212,0.176,0.148,0.041,0.206,0.248,0,0.037,0.036,0.242,0.039,0.263,0.211,0.37,0,0.286,0.243,0.206,0.15,0.04,0.036,0.275,0.256,0,0,0.267,0.267,0.225,0.212,0.288,0,0.213,0.15,0.209,0.235,0.2,0.2
GO:0036211,0.468,0,0.337,0,0,0.242,0.229,0.504,0.314,0.425,0.386,0,0,0,0,0,0,0.386,0,0.397,0.266,0.412,0.265,0.425,0.316,0,0,0.91,0.191,0,0.31,0,0,0.184,0,0,0,0.346,0.275,0.397,0.308,0.768,0.684,0,0,0,0,0,0.635,0.582,0,0,0.543,0.468,0,0.33,0.427,0.407,0.193,0.171,0.356,0.22,0,0.383,0.363,0,0,0.33,0,0.22,0.933,0,0,0,0.361,0.356,0.257,0.356,0.158,0.158,0,0,0,0,0,0,0,0,0,0,0.486,0.451,0.293,0.307,0.245,0.327,0.164,0.27,0.317,0.289,0.673,0.164,0.687,0.258,0.241,0.266,0.26,0.711,0,0,0.258,0.258,0.234,0.602,0.562,0,0,0.147,0,0.478,0.14,0.154,0.145,0.468,0.433,0,0,0.148,0.574,0.529,0.147,0,0,0.54,0.484,0,0,0,0.256,0.396,0.331,0.254,0.362,0.301,0,0,0,0,0,0,0,0,0,0,0,0,0,0,0,0,0,0,0,0,0,0,0,0,0,0,0,0,0,0,0,0,0,0,0.227,0.228,0.314,0.282,0.241,0.256,0,0,0,0,0,0,0,0,0,0,0,0,0,0,0,0,0,0,0,0,0,0.495,0.264,0.614,0.266,0.218,0,0,0,0,0,0.451,0.44,0,0,0,0,0,0,0,0,0,0,0,0,0,0,0,0,0,0,0,0.229,0.276,0.554,0.428,0.326,0.484,0.439,0.257,0.228,0.367,0.367,0.468,0.228,0.297,0.285,0.216,0.538,0,0,0,0,0,0,0,0.363,0.214,0.331,0.209,0.204,0.286,0.446,0,0,0,0,0,0,0,0,0,0,0.17,0.433,0.281,0.253,0,0.3,0.638,0.464,0.228,0.228,0,0,0,0,0.245,0.22,0.17,0.169,0,0,0.363,0.2,0.191,0.184,0.38,0,0.194,0.164,0.341,0,0,0,0,0,0.209,0,0,0,0,0,0.277,0,0.259,0.27,0,0,0,0,0,0,0.222,0.164,0,0,0.283,0,0,0,0,0,0,0,0,0,0,0.363,0,0.271,0,0,0,0,0,0.277,0,0,0,0.241,0.218,0.277,0,0,0,0,0,0,0,0.133,0.122,0.114,0,0,0,0,0.126,0.116,0,0,0,0,0,0,0.133,0,0,0,0,0,0,0,0,0,0,0,0.792,0.235,0.235,0,0,0,0,0,0,0,0,0,0,0,0,0,0,0,0,0,0,0,0.211,0,0.617,0.74,0.618,0,0,0,0,0,0,0,0,0,0,0,0,0,0,0,0,0,0,0,0,0,0,0,0,0,0,0,0,0,0,0,0,0,0
GO:0042981,0,0.032,0,0.045,0.035,0.248,0.302,0,0.04,0,0.033,0.228,0.273,0.285,0.348,0,0.258,0,0.035,0.036,0.036,0.037,0.036,0.035,0,0.035,0,0,0.212,0.25,0.209,0.256,0.203,0.261,0.236,0.285,0.209,0.24,0.206,0.246,0.241,0,0,0.182,0.184,0.027,0,0,0.184,0.173,0.163,0.166,0.206,0.185,0.234,0.03,0,0.034,0.213,0.249,0.29,0.233,0.224,0.241,0.233,0.232,0.961,0.294,0.183,0.294,0,0.997,0.983,0.189,0.293,0.29,0.232,0.29,0.235,0.235,0.031,0.265,0.223,0.248,0,0.03,0,0.032,0,0,0.151,0.142,0.028,0.028,0.224,0.274,0.191,0.19,0.213,0.199,0,0.241,0,0.232,0.237,0.201,0.234,0,0.028,0.027,0.232,0.232,0.216,0.224,0.213,0.913,0.869,0.223,0.885,0.188,0.214,0.23,0.221,0.185,0.174,0.208,0.194,0.224,0.216,0.204,0.223,0.159,0.152,0.207,0.19,0.213,0.842,0.027,0,0,0.03,0.035,0.034,0,0.168,0.231,0.233,0.184,0.188,0.025,0.241,0.03,0.223,0.211,0.216,0,0,0,0,0,0.032,0,0,0.189,0.938,0.916,0.234,0,0,0,0,0.032,0.214,0.213,0.891,0.194,0,0.19,0.023,0.023,0.029,0.027,0.024,0.025,0.028,0.022,0.022,0.023,0,0.029,0.022,0,0.03,0.023,0,0,0,0.896,0.203,0.23,0,0.918,0.913,0.019,0.702,0.022,0.026,0.025,0.026,0.022,0.027,0.023,0.218,0.234,0.202,0.142,0.14,0.196,0.18,0.242,0.151,0.148,0.231,0.226,0.153,0.196,0,0.14,0.196,0.172,0.233,0.189,0.168,0.204,0.183,0.218,0.029,0.026,0.029,0.024,0.019,0.029,0.027,0.025,0.029,0.024,0.024,0.029,0.029,0.03,0.029,0,0,0,0,0.021,0,0,0.153,0.14,0.032,0.022,0.03,0.022,0.021,0.027,0,0,0,0.18,0,0,0,0,0,0,0,0.196,0,0.195,0.181,0.222,0.028,0,0,0.033,0.033,0,0.024,0.208,0.189,0.024,0.022,0.248,0.168,0.142,0.119,0.032,0.192,0.185,0.18,0,0,0.187,0.018,0.033,0,0,0.021,0.208,0,0.021,0.028,0.027,0.206,0.224,0.219,0.244,0.213,0.25,0.24,0,0,0,0,0,0.157,0.208,0.164,0.18,0.18,0.248,0,0,0,0.024,0.202,0.027,0.017,0.024,0.213,0.185,0.032,0,0,0,0.024,0.218,0.194,0.205,0.244,0.188,0.18,0.168,0.221,0.205,0.244,0.18,0.174,0.022,0.021,0.028,0.031,0.192,0.207,0.193,0.184,0.029,0.022,0.029,0.025,0.199,0.186,0.163,0.164,0.025,0.024,0.025,0.021,0.207,0.159,0.025,0.027,0.025,0.029,0.022,0.193,0.027,0.023,0.031,0,0.029,0.033,0.033,0.029,0.022,0.034,0.312,0.224,0.218,0.197,0,0,0,0,0,0,0,0,0.023,0.152,0.025,0.209,0.031,0.026,0.025,0,0,0.029,0.168,0.185,0,0.027,0.027,0.192,0.028,0.204,0.159,0.263,0,0.218,0.192,0.168,0.124,0.029,0.027,0.212,0.2,0,0,0.195,0.195,0.172,0.164,0.219,0,0.16,0.124,0.162,0.838,0.733,0.733
GO:0043067,0,0.033,0,0.046,0.035,0.252,0.308,0,0.04,0,0.034,0.232,0.277,0.291,0.356,0,0.263,0,0.036,0.036,0.037,0.037,0.037,0.036,0,0.036,0,0,0.215,0.254,0.213,0.26,0.206,0.265,0.24,0.29,0.212,0.244,0.209,0.251,0.245,0,0,0.184,0.186,0.028,0,0,0.187,0.175,0.165,0.168,0.209,0.188,0.237,0.03,0,0.035,0.217,0.252,0.295,0.237,0.227,0.245,0.237,0.235,0.974,0.299,0.186,0.3,0,0.983,0.996,0.192,0.298,0.295,0.235,0.295,0.238,0.238,0.031,0.269,0.226,0.252,0,0.03,0,0.032,0,0,0.153,0.144,0.028,0.029,0.227,0.279,0.194,0.193,0.216,0.202,0,0.245,0,0.236,0.24,0.204,0.237,0,0.029,0.028,0.236,0.236,0.219,0.227,0.216,0.877,0.882,0.226,0.898,0.19,0.217,0.234,0.224,0.187,0.176,0.21,0.196,0.227,0.219,0.206,0.226,0.161,0.154,0.209,0.192,0.216,0.829,0.028,0,0,0.03,0.036,0.034,0,0.17,0.235,0.236,0.186,0.19,0.026,0.244,0.03,0.226,0.214,0.218,0,0,0,0,0,0.032,0,0,0.192,0.924,0.928,0.238,0,0,0,0,0.032,0.217,0.216,0.902,0.198,0,0.193,0.023,0.023,0.029,0.027,0.024,0.025,0.028,0.023,0.023,0.023,0,0.03,0.022,0,0.03,0.024,0,0,0,0.907,0.206,0.233,0,0.904,0.924,0.019,0.69,0.022,0.026,0.026,0.026,0.022,0.027,0.023,0.22,0.237,0.204,0.144,0.141,0.198,0.182,0.246,0.153,0.15,0.234,0.229,0.155,0.198,0,0.142,0.198,0.173,0.236,0.191,0.17,0.207,0.185,0.22,0.03,0.027,0.029,0.024,0.019,0.03,0.028,0.025,0.03,0.024,0.024,0.029,0.03,0.03,0.029,0,0,0,0,0.021,0,0,0.155,0.141,0.032,0.022,0.03,0.022,0.021,0.027,0,0,0,0.182,0,0,0,0,0,0,0,0.199,0,0.198,0.184,0.224,0.028,0,0,0.033,0.033,0,0.024,0.21,0.191,0.025,0.023,0.251,0.17,0.143,0.12,0.032,0.195,0.187,0.182,0,0,0.189,0.018,0.033,0,0,0.022,0.211,0,0.022,0.028,0.027,0.208,0.227,0.222,0.248,0.216,0.253,0.243,0,0,0,0,0,0.158,0.211,0.166,0.182,0.182,0.252,0,0,0,0.024,0.204,0.028,0.017,0.025,0.216,0.187,0.032,0,0,0,0.025,0.221,0.197,0.208,0.248,0.19,0.182,0.17,0.224,0.207,0.248,0.182,0.176,0.022,0.021,0.028,0.031,0.195,0.21,0.195,0.186,0.03,0.022,0.029,0.025,0.201,0.188,0.165,0.167,0.025,0.024,0.026,0.021,0.21,0.161,0.025,0.028,0.025,0.029,0.022,0.195,0.028,0.023,0.032,0,0.03,0.034,0.034,0.029,0.022,0.035,0.317,0.227,0.221,0.199,0,0,0,0,0,0,0,0,0.024,0.154,0.026,0.211,0.032,0.027,0.025,0,0,0.029,0.17,0.187,0,0.027,0.027,0.194,0.029,0.207,0.161,0.267,0,0.221,0.195,0.17,0.125,0.029,0.027,0.214,0.202,0,0,0.198,0.198,0.174,0.166,0.222,0,0.162,0.125,0.164,0.825,0.721,0.721
GO:0048584,0,0,0,0,0,0.273,0.263,0,0,0,0,0.25,0.235,0.319,0.308,0.426,0.289,0,0,0,0,0,0,0,0,0.399,0,0,0.606,0.817,0.599,0.22,0.22,0.59,0.683,0.65,0.868,0.264,0.588,0.271,0.265,0,0,0.197,0.199,0,0.316,0.36,0.198,0.488,0.175,0.178,0.223,0.525,0.76,0,0,0,0.232,0.212,0.252,0.256,0.927,0.265,0.255,0.52,0.196,0.255,0.519,0.255,0,0.189,0.192,0.993,0.254,0.252,0.197,0.252,0.2,0.2,0,0.227,0.189,0.212,0.366,0.337,0,0,0,0,0.16,0.396,0,0,0.19,0.236,0.206,0.205,0.231,0.216,0,0.206,0,0.197,0.202,0.218,0.199,0,0.319,0.307,0.197,0.197,0.183,0.19,0.474,0,0,0.497,0,0.416,0.477,0.196,0.493,0.155,0.71,0.67,0.794,0.19,0.183,0.452,0.497,0.17,0.163,0.174,0.42,0.879,0.603,0,0,0,0,0,0,0,0.181,0.752,0.198,0.198,0.773,0,0.205,0,0.189,0.178,0.182,0,0,0,0,0,0,0,0,0.204,0.177,0.178,0.199,0,0,0,0,0,0.232,0.231,0.181,0.212,0,0.205,0.253,0.253,0,0.299,0.265,0,0.312,0,0,0,0,0,0,0,0,0,0,0,0,0.478,0.22,0.195,0.208,0.455,0.466,0.208,0.636,0,0,0,0,0,0,0,0.184,0.199,0.17,0.15,0.388,0.631,0.575,0.207,0.162,0.158,0.196,0.192,0.163,0.165,0.26,0.149,0.165,0.143,0.198,0.159,0.14,0.172,0.153,0.704,0,0,0,0,0,0,0,0,0,0,0,0,0,0,0,0,0,0,0,0,0,0.184,0.163,0.147,0,0,0,0,0,0,0,0,0,0.15,0.344,0.316,0.287,0,0,0,0,0.557,0,0.556,0.512,0.188,0,0,0,0,0,0,0,0.669,0.774,0,0,0.557,0.14,0.151,0.125,0,0.161,0.409,0.396,0,0.206,0.157,0,0,0,0,0,0.176,0.316,0,0,0,0.173,0.19,0.489,0.549,0.18,0.562,0.538,0,0,0,0,0,0.13,0.176,0.359,0.193,0.193,0.559,0.316,0,0,0,0.649,0,0.184,0,0.474,0.757,0,0,0,0.279,0.27,0.184,0.43,0.173,0.549,0.158,0.15,0.369,0.187,0.454,0.549,0.15,0.145,0,0,0,0,0.161,0.175,0.162,0.154,0,0,0,0,0.167,0.156,0.175,0.177,0,0,0,0,0.175,0.17,0,0,0,0,0,0.162,0,0,0,0,0,0,0,0,0,0,0.384,0.269,0.261,0.234,0,0,0,0,0,0,0,0,0,0.162,0,0.464,0,0,0,0,0,0,0.14,0.198,0,0,0,0.161,0,0.243,0.17,0.32,0,0.485,0.161,0.369,0.13,0,0,0.179,0.443,0,0,0.555,0.556,0.184,0.461,0.186,0,0.172,0.13,0.173,0.6,0.522,0.522
GO:0051252,0.437,0.048,0.312,0.081,0.053,0.819,0.892,0.471,0.421,0.396,0.367,0.331,0.386,0.465,0.557,0,0.424,0.359,0.054,0.695,0.686,0.638,0.688,0.737,0.679,0.053,0,0.367,0.652,0.342,0.658,0.354,0.28,0.723,0.348,0.412,0.292,0.883,0.708,0.832,0.879,0.404,0.386,0.251,0.255,0.037,0,0,0.61,0.561,0.217,0.221,0.708,0.614,0.312,0.655,0.403,0.798,0.66,0.676,0.937,0.748,0.295,0.806,0.765,0.309,0.307,0.942,0.244,0.859,0.361,0.293,0.298,0.254,0.95,0.937,0.616,0.937,0.627,0.627,0.044,0.37,0.294,0.339,0,0.043,0,0.046,0,0,0.47,0.437,0.585,0.611,0.653,0.864,0.566,0.576,0.673,0.615,0.264,0.649,0.27,0.687,0.695,0.687,0.694,0.279,0.04,0.038,0.687,0.687,0.561,0.589,0.551,0.035,0.037,0.584,0.036,0.471,0.556,0.611,0.578,0.461,0.427,0.268,0.245,0.589,0.562,0.52,0.584,0.21,0.198,0.531,0.476,0.276,0.236,0.037,0.241,0.375,0.317,0.344,0.564,0.284,0.226,0.308,0.31,0.245,0.252,0.034,0.325,0.042,0.294,0.273,0.281,0,0,0,0,0,0.046,0,0,0.255,0.271,0.272,0.314,0,0,0,0,0.046,0.301,0.299,0.278,0.276,0,0.256,0.405,0.406,0.552,0.498,0.428,0.454,0.039,0.029,0.029,0.029,0,0.041,0.028,0,0.043,0.03,0,0,0,0.279,0.281,0.305,0,0.263,0.271,0.024,0.189,0.424,0.527,0.523,0.533,0.439,0.036,0.03,0.284,0.312,0.258,0.437,0.427,0.249,0.223,0.328,0.197,0.191,0.308,0.299,0.199,0.249,0,0.178,0.249,0.21,0.311,0.237,0.206,0.261,0.228,0.284,0.267,0.551,0.442,0.479,0.368,0.457,0.253,0.515,0.265,0.213,0.486,0.443,0.265,0.468,0.449,0.205,0.308,0,0,0.027,0,0,0.194,0.172,0.716,0.43,0.657,0.422,0.411,0.571,0.177,0,0,0.223,0,0,0,0,0,0,0,0.585,0.172,0.599,0.541,0.291,0.597,0.251,0.184,0.597,0.593,0,0.032,0.267,0.237,0.49,0.442,0.673,0.456,0.181,0.145,0.716,0.538,0.513,0.495,0.152,0,0.521,0.332,0.602,0,0,0.027,0.269,0,0.42,0.038,0.036,0.264,0.296,0.287,0.736,0.276,0.746,0.718,0,0,0,0,0,0.189,0.595,0.442,0.238,0.238,0.751,0,0,0,0.031,0.257,0.038,0.02,0.032,0.276,0.231,0.716,0,0.588,0,0.032,0.284,0.246,0.263,0.736,0.236,0.223,0.206,0.644,0.583,0.736,0.223,0.214,0.027,0.026,0.038,0.044,0.242,0.532,0.486,0.458,0.042,0.028,0.04,0.033,0.504,0.465,0.216,0.219,0.033,0.031,0.034,0.027,0.532,0.209,0.033,0.037,0.033,0.04,0.028,0.244,0.037,0.029,0.045,0,0.309,0.32,0.32,0.04,0.028,0.052,0.469,0.296,0.285,0.25,0,0,0,0,0,0,0,0,0.031,0.198,0.034,0.269,0.288,0.036,0.243,0.29,0.243,0.04,0.206,0.246,0,0.036,0.036,0.241,0.039,0.262,0.21,0.367,0,0.284,0.242,0.206,0.149,0.04,0.036,0.274,0.255,0,0,0.266,0.266,0.224,0.211,0.287,0,0.212,0.149,0.208,0.235,0.199,0.199
GO:1903506,0.429,0.047,0.306,0.08,0.052,0.807,0.88,0.463,0.413,0.389,0.361,0.327,0.381,0.457,0.548,0,0.417,0.352,0.053,0.684,0.675,0.627,0.677,0.726,0.668,0.053,0,0.362,0.645,0.338,0.651,0.35,0.277,0.715,0.343,0.407,0.289,0.871,0.7,0.82,0.867,0.398,0.38,0.249,0.252,0.037,0,0,0.604,0.556,0.215,0.219,0.701,0.608,0.309,0.647,0.718,0.786,0.652,0.669,0.954,0.928,0.292,0.794,0.931,0.306,0.304,0.93,0.242,0.929,0.356,0.29,0.295,0.252,0.937,0.954,0.672,0.954,0.621,0.621,0.043,0.366,0.291,0.336,0,0.042,0,0.046,0,0,0.467,0.434,0.578,0.604,0.667,0.88,0.704,0.704,0.665,0.609,0.262,0.704,0.267,0.702,0.689,0.68,0.687,0.276,0.039,0.037,0.702,0.702,0.612,0.583,0.546,0.035,0.037,0.579,0.036,0.467,0.551,0.605,0.573,0.458,0.425,0.265,0.243,0.583,0.558,0.516,0.579,0.208,0.196,0.526,0.473,0.274,0.234,0.037,0.732,0.822,0.694,0.742,0.814,0.736,0.224,0.305,0.307,0.243,0.25,0.034,0.321,0.042,0.291,0.271,0.278,0,0,0,0,0,0.045,0,0,0.253,0.268,0.27,0.31,0,0,0,0,0.045,0.298,0.296,0.275,0.273,0,0.253,0.402,0.402,0.546,0.493,0.424,0.45,0.038,0.029,0.029,0.029,0,0.04,0.027,0,0.042,0.03,0,0,0,0.277,0.278,0.302,0,0.261,0.268,0.023,0.188,0.421,0.522,0.518,0.528,0.435,0.036,0.029,0.282,0.309,0.256,0.434,0.424,0.247,0.222,0.324,0.195,0.19,0.305,0.296,0.197,0.247,0,0.177,0.247,0.209,0.308,0.236,0.204,0.259,0.226,0.282,0.264,0.545,0.65,0.508,0.391,0.452,0.25,0.51,0.262,0.211,0.482,0.642,0.262,0.462,0.65,0.203,0.627,0,0,0.027,0,0,0.192,0.171,0.933,0.564,0.857,0.553,0.408,0.565,0.176,0,0,0.222,0,0,0,0,0,0,0,0.728,0.171,0.73,0.536,0.288,0.591,0.249,0.183,0.883,0.885,0,0.031,0.265,0.236,0.486,0.438,0.729,0.453,0.179,0.144,0.932,0.551,0.525,0.507,0.151,0,0.533,0.33,0.891,0,0,0.027,0.266,0,0.417,0.038,0.036,0.262,0.293,0.284,0.751,0.274,0.738,0.732,0,0,0,0,0,0.188,0.59,0.439,0.236,0.236,0.743,0,0,0,0.03,0.255,0.037,0.02,0.032,0.274,0.23,0.933,0,0.877,0,0.032,0.282,0.244,0.261,0.75,0.234,0.222,0.204,0.638,0.578,0.751,0.222,0.213,0.027,0.026,0.038,0.044,0.241,0.527,0.482,0.454,0.041,0.028,0.04,0.033,0.501,0.461,0.214,0.217,0.033,0.031,0.033,0.026,0.527,0.207,0.032,0.037,0.033,0.04,0.028,0.242,0.037,0.029,0.045,0,0.305,0.316,0.315,0.04,0.028,0.051,0.462,0.293,0.282,0.248,0,0,0,0,0,0,0,0,0.03,0.196,0.033,0.267,0.285,0.035,0.241,0.287,0.241,0.04,0.204,0.244,0,0.036,0.036,0.24,0.039,0.26,0.208,0.363,0,0.282,0.241,0.204,0.149,0.04,0.036,0.272,0.253,0,0,0.263,0.263,0.222,0.21,0.284,0,0.21,0.149,0.207,0.233,0.198,0.198
GO:2000112,0.189,0.034,0.198,0.049,0.037,0.575,0.636,0.309,0.273,0.192,0.615,0.24,0.287,0.304,0.371,0,0.275,0.23,0.037,0.245,0.246,0.251,0.245,0.277,0.203,0.037,0,0.26,0.487,0.261,0.494,0.269,0.212,0.545,0.249,0.301,0.219,0.557,0.473,0.586,0.558,0.278,0.206,0.19,0.192,0.028,0,0,0.433,0.405,0.17,0.173,0.486,0.435,0.244,0.233,0.278,0.269,0.492,0.518,0.672,0.678,0.233,0.573,0.681,0.242,0.24,0.619,0.191,0.679,0.257,0.232,0.235,0.197,0.616,0.672,0.995,0.672,0.489,0.489,0.032,0.278,0.232,0.26,0,0.031,0,0.034,0,0,0.351,0.331,0.214,0.222,0.511,0.633,0.55,0.55,0.502,0.469,0.204,0.55,0.207,0.531,0.493,0.463,0.487,0.212,0.03,0.029,0.531,0.531,0.924,0.465,0.441,0.027,0.028,0.462,0.028,0.388,0.444,0.479,0.458,0.382,0.358,0.216,0.201,0.465,0.449,0.421,0.462,0.165,0.158,0.428,0.392,0.221,0.195,0.028,0.514,0.587,0.774,0.522,0.505,0.517,0.175,0.241,0.242,0.192,0.196,0.027,0.251,0.031,0.232,0.219,0.224,0,0,0,0,0,0.033,0,0,0.198,0.218,0.219,0.245,0,0,0,0,0.033,0.224,0.223,0.222,0.204,0,0.198,0.418,0.419,0.532,0.492,0.437,0.458,0.029,0.023,0.023,0.024,0,0.031,0.022,0,0.032,0.024,0,0,0,0.223,0.213,0.239,0,0.213,0.218,0.02,0.162,0.167,0.198,0.197,0.2,0.171,0.028,0.024,0.226,0.244,0.21,0.331,0.324,0.203,0.186,0.253,0.157,0.154,0.241,0.235,0.159,0.203,0,0.145,0.203,0.177,0.243,0.196,0.174,0.212,0.189,0.226,0.198,0.205,0.736,0.608,0.49,0.198,0.184,0.194,0.198,0.161,0.186,0.424,0.198,0.201,0.428,0.149,0.461,0,0,0.022,0,0,0.159,0.144,0.553,0.374,0.519,0.368,0.162,0.21,0.148,0,0,0.186,0,0,0,0,0,0,0,0.565,0.144,0.567,0.425,0.231,0.218,0.196,0.153,0.487,0.487,0,0.025,0.215,0.196,0.187,0.172,0.566,0.346,0.147,0.122,0.553,0.437,0.42,0.408,0.13,0,0.425,0.136,0.485,0,0,0.022,0.216,0,0.165,0.029,0.028,0.213,0.234,0.228,0.56,0.221,0.521,0.55,0,0,0,0,0,0.162,0.431,0.337,0.187,0.188,0.518,0,0,0,0.024,0.209,0.029,0.017,0.025,0.221,0.191,0.553,0,0.482,0,0.025,0.227,0.201,0.213,0.56,0.195,0.186,0.174,0.459,0.424,0.56,0.186,0.18,0.022,0.022,0.029,0.032,0.199,0.429,0.399,0.379,0.031,0.023,0.03,0.026,0.411,0.384,0.17,0.171,0.026,0.025,0.026,0.022,0.429,0.165,0.026,0.028,0.026,0.03,0.023,0.2,0.029,0.024,0.033,0,0.23,0.227,0.227,0.03,0.023,0.036,0.33,0.234,0.227,0.204,0,0,0,0,0,0,0,0,0.024,0.158,0.026,0.217,0.21,0.028,0.191,0.219,0.191,0.03,0.174,0.193,0,0.028,0.028,0.198,0.03,0.212,0.166,0.276,0,0.227,0.199,0.174,0.128,0.03,0.028,0.22,0.207,0,0,0.204,0.204,0.178,0.17,0.228,0,0.167,0.128,0.168,0.194,0.169,0.169
GO:2001141,0.429,0.047,0.306,0.08,0.052,0.807,0.88,0.463,0.413,0.389,0.362,0.327,0.381,0.457,0.548,0,0.417,0.352,0.053,0.684,0.675,0.627,0.677,0.726,0.668,0.053,0,0.362,0.645,0.338,0.651,0.35,0.277,0.715,0.343,0.407,0.289,0.871,0.7,0.82,0.867,0.398,0.38,0.249,0.252,0.037,0,0,0.604,0.556,0.215,0.219,0.701,0.608,0.309,0.647,0.397,0.786,0.652,0.669,0.954,0.928,0.292,0.795,0.931,0.306,0.304,0.93,0.242,0.929,0.356,0.29,0.295,0.252,0.937,0.954,0.672,0.954,0.621,0.621,0.043,0.366,0.291,0.336,0,0.042,0,0.046,0,0,0.467,0.434,0.578,0.605,0.667,0.88,0.704,0.704,0.665,0.609,0.262,0.704,0.267,0.702,0.689,0.68,0.687,0.276,0.039,0.037,0.702,0.702,0.612,0.583,0.546,0.035,0.037,0.579,0.036,0.467,0.551,0.605,0.573,0.458,0.425,0.265,0.243,0.583,0.558,0.516,0.579,0.208,0.196,0.526,0.473,0.274,0.234,0.037,0.732,0.822,0.694,0.742,0.814,0.736,0.224,0.305,0.307,0.243,0.25,0.034,0.321,0.042,0.291,0.271,0.278,0,0,0,0,0,0.045,0,0,0.253,0.268,0.27,0.31,0,0,0,0,0.045,0.298,0.296,0.275,0.273,0,0.253,0.402,0.402,0.546,0.493,0.424,0.45,0.038,0.029,0.029,0.029,0,0.04,0.027,0,0.042,0.03,0,0,0,0.277,0.278,0.302,0,0.261,0.268,0.023,0.188,0.421,0.522,0.518,0.528,0.435,0.036,0.029,0.282,0.309,0.256,0.434,0.424,0.247,0.222,0.324,0.195,0.19,0.305,0.296,0.197,0.247,0,0.177,0.247,0.209,0.308,0.236,0.204,0.259,0.226,0.282,0.264,0.545,0.65,0.508,0.391,0.452,0.25,0.51,0.262,0.211,0.482,0.642,0.262,0.462,0.65,0.203,0.627,0,0,0.027,0,0,0.192,0.171,0.932,0.563,0.856,0.552,0.408,0.565,0.176,0,0,0.222,0,0,0,0,0,0,0,0.729,0.171,0.73,0.536,0.288,0.591,0.249,0.183,0.883,0.885,0,0.031,0.265,0.236,0.486,0.438,0.73,0.453,0.179,0.144,0.933,0.55,0.525,0.507,0.151,0,0.533,0.33,0.891,0,0,0.027,0.266,0,0.417,0.038,0.036,0.262,0.293,0.284,0.75,0.274,0.738,0.732,0,0,0,0,0,0.188,0.59,0.439,0.236,0.236,0.743,0,0,0,0.03,0.255,0.037,0.02,0.032,0.274,0.23,0.932,0,0.877,0,0.032,0.282,0.244,0.261,0.75,0.234,0.222,0.204,0.638,0.578,0.75,0.222,0.213,0.027,0.026,0.038,0.044,0.241,0.527,0.482,0.454,0.041,0.028,0.04,0.033,0.501,0.461,0.214,0.217,0.033,0.031,0.033,0.026,0.527,0.207,0.032,0.037,0.033,0.04,0.028,0.242,0.037,0.029,0.045,0,0.305,0.316,0.315,0.04,0.028,0.051,0.462,0.293,0.282,0.248,0,0,0,0,0,0,0,0,0.03,0.196,0.033,0.267,0.285,0.035,0.241,0.287,0.241,0.04,0.204,0.244,0,0.036,0.036,0.24,0.039,0.26,0.208,0.363,0,0.282,0.241,0.204,0.149,0.04,0.036,0.272,0.253,0,0,0.263,0.263,0.222,0.21,0.284,0,0.21,0.149,0.207,0.233,0.198,0.198
GO:0019220,0.193,0.035,0.203,0.05,0.037,0.586,0.648,0.191,0.279,0.196,0.23,0.245,0.291,0.311,0.379,0,0.281,0.199,0.038,0.25,0.251,0.256,0.25,0.245,0.175,0.038,0,0.16,0.495,0.265,0.489,0.273,0.216,0.554,0.254,0.306,0.223,0.567,0.48,0.582,0.568,0.171,0.178,0.193,0.195,0.029,0,0,0.428,0.4,0.172,0.175,0.481,0.43,0.247,0.206,0.171,0.238,0.5,0.526,0.621,0.549,0.236,0.569,0.548,0.245,0.244,0.63,0.194,0.63,0.158,0.235,0.238,0.2,0.627,0.621,0.489,0.621,0.994,0.994,0.033,0.282,0.236,0.264,0,0.032,0,0.034,0,0,0.346,0.326,0.189,0.195,0.47,0.584,0.444,0.442,0.498,0.465,0.125,0.51,0.127,0.49,0.5,0.47,0.493,0.13,0.03,0.029,0.49,0.49,0.453,0.945,0.896,0.028,0.029,0.939,0.028,0.787,0.903,0.974,0.931,0.774,0.726,0.218,0.203,0.945,0.911,0.855,0.939,0.168,0.16,0.869,0.795,0.224,0.197,0.029,0.17,0.163,0.206,0.243,0.235,0.17,0.178,0.244,0.246,0.194,0.199,0.027,0.255,0.032,0.236,0.222,0.227,0,0,0,0,0,0.034,0,0,0.201,0.22,0.221,0.248,0,0,0,0,0.034,0.228,0.227,0.225,0.208,0,0.201,0.155,0.155,0.198,0.183,0.162,0.17,0.03,0.024,0.023,0.024,0,0.031,0.023,0,0.032,0.025,0,0,0,0.226,0.216,0.242,0,0.215,0.22,0.02,0.163,0.146,0.174,0.173,0.176,0.15,0.028,0.024,0.229,0.247,0.212,0.326,0.319,0.206,0.188,0.257,0.159,0.156,0.244,0.239,0.161,0.206,0,0.147,0.206,0.179,0.246,0.198,0.175,0.214,0.191,0.229,0.202,0.18,0.196,0.161,0.13,0.201,0.187,0.171,0.201,0.163,0.163,0.196,0.201,0.204,0.198,0.151,0.151,0,0,0.022,0,0,0.16,0.145,0.22,0.148,0.206,0.145,0.142,0.185,0.09,0,0,0.188,0,0,0,0,0,0,0,0.456,0.088,0.455,0.42,0.234,0.192,0.12,0.093,0.226,0.226,0,0.025,0.218,0.198,0.164,0.151,0.524,0.349,0.149,0.123,0.22,0.401,0.386,0.375,0.079,0,0.391,0.119,0.225,0,0,0.022,0.219,0,0.145,0.03,0.028,0.216,0.237,0.231,0.517,0.224,0.528,0.507,0,0,0,0,0,0.163,0.436,0.34,0.19,0.19,0.525,0,0,0,0.025,0.212,0.029,0.018,0.026,0.224,0.194,0.22,0,0.158,0,0.026,0.229,0.204,0.215,0.517,0.197,0.188,0.175,0.465,0.429,0.517,0.188,0.182,0.023,0.022,0.03,0.033,0.201,0.87,0.808,0.769,0.031,0.023,0.031,0.026,0.834,0.779,0.172,0.174,0.026,0.025,0.027,0.022,0.87,0.167,0.026,0.029,0.026,0.03,0.023,0.202,0.029,0.024,0.033,0,0.543,0.617,0.619,0.031,0.023,0.037,0.336,0.237,0.23,0.206,0,0,0,0,0,0,0,0,0.025,0.16,0.027,0.219,0.574,0.028,0.451,0.134,0.117,0.031,0.175,0.195,0,0.028,0.028,0.201,0.03,0.215,0.168,0.281,0,0.229,0.201,0.175,0.129,0.031,0.028,0.223,0.21,0,0,0.207,0.207,0.181,0.172,0.231,0,0.169,0.129,0.17,0.196,0.17,0.17
GO:0051174,0.193,0.035,0.203,0.05,0.037,0.586,0.648,0.191,0.279,0.196,0.23,0.245,0.291,0.311,0.379,0,0.281,0.199,0.038,0.25,0.251,0.256,0.25,0.245,0.175,0.038,0,0.16,0.495,0.265,0.489,0.273,0.216,0.554,0.254,0.306,0.223,0.567,0.48,0.582,0.568,0.171,0.178,0.193,0.195,0.029,0,0,0.428,0.4,0.172,0.175,0.481,0.43,0.247,0.206,0.171,0.238,0.5,0.526,0.621,0.549,0.236,0.569,0.548,0.245,0.244,0.63,0.194,0.63,0.158,0.235,0.238,0.2,0.627,0.621,0.489,0.621,0.994,0.994,0.033,0.282,0.236,0.264,0,0.032,0,0.034,0,0,0.346,0.326,0.189,0.195,0.47,0.584,0.444,0.442,0.498,0.465,0.125,0.51,0.127,0.49,0.5,0.47,0.493,0.13,0.03,0.029,0.49,0.49,0.453,0.945,0.896,0.028,0.029,0.939,0.028,0.787,0.903,0.974,0.931,0.774,0.726,0.218,0.203,0.945,0.911,0.855,0.939,0.168,0.16,0.869,0.795,0.224,0.197,0.029,0.17,0.163,0.206,0.243,0.235,0.17,0.178,0.244,0.246,0.194,0.199,0.027,0.255,0.032,0.236,0.222,0.227,0,0,0,0,0,0.034,0,0,0.201,0.22,0.221,0.248,0,0,0,0,0.034,0.228,0.227,0.225,0.208,0,0.201,0.155,0.155,0.198,0.183,0.162,0.17,0.03,0.024,0.023,0.024,0,0.031,0.023,0,0.032,0.025,0,0,0,0.226,0.216,0.242,0,0.215,0.22,0.02,0.163,0.146,0.174,0.173,0.176,0.15,0.028,0.024,0.229,0.247,0.212,0.326,0.319,0.206,0.188,0.257,0.159,0.156,0.244,0.239,0.161,0.206,0,0.147,0.206,0.179,0.246,0.198,0.175,0.214,0.191,0.229,0.202,0.18,0.196,0.161,0.13,0.201,0.187,0.171,0.201,0.163,0.163,0.196,0.201,0.204,0.198,0.151,0.151,0,0,0.022,0,0,0.16,0.145,0.22,0.148,0.206,0.145,0.142,0.185,0.09,0,0,0.188,0,0,0,0,0,0,0,0.456,0.088,0.455,0.42,0.234,0.192,0.12,0.093,0.226,0.226,0,0.025,0.218,0.198,0.164,0.151,0.524,0.349,0.149,0.123,0.22,0.401,0.386,0.375,0.079,0,0.391,0.119,0.225,0,0,0.022,0.219,0,0.145,0.03,0.028,0.216,0.237,0.231,0.517,0.224,0.528,0.507,0,0,0,0,0,0.163,0.436,0.34,0.19,0.19,0.525,0,0,0,0.025,0.212,0.029,0.018,0.026,0.224,0.194,0.22,0,0.158,0,0.026,0.229,0.204,0.215,0.517,0.197,0.188,0.175,0.465,0.429,0.517,0.188,0.182,0.023,0.022,0.03,0.033,0.201,0.87,0.808,0.769,0.031,0.023,0.031,0.026,0.834,0.779,0.172,0.174,0.026,0.025,0.027,0.022,0.87,0.167,0.026,0.029,0.026,0.03,0.023,0.202,0.029,0.024,0.033,0,0.541,0.617,0.616,0.031,0.023,0.037,0.336,0.237,0.23,0.206,0,0,0,0,0,0,0,0,0.025,0.16,0.027,0.219,0.571,0.028,0.449,0.134,0.117,0.031,0.175,0.195,0,0.028,0.028,0.201,0.03,0.215,0.168,0.281,0,0.229,0.201,0.175,0.129,0.031,0.028,0.223,0.21,0,0,0.207,0.207,0.181,0.172,0.231,0,0.169,0.129,0.17,0.196,0.17,0.17
GO:0044085,0,0.633,0,0.074,0.694,0,0.046,0,0.061,0,0.047,0,0.04,0,0.056,0,0,0,0.704,0.052,0.052,0.054,0.052,0.051,0,0.05,0,0,0,0.035,0,0.037,0,0.038,0,0.042,0,0,0,0,0,0,0,0,0,0.497,0,0,0,0,0,0,0,0,0.033,0.041,0,0.049,0,0.035,0.043,0,0.031,0,0,0.032,0.032,0.044,0,0.044,0,0.031,0.031,0,0.044,0.043,0.032,0.043,0.033,0.033,0.964,0.533,0.031,0.035,0,0.041,0,0.044,0,0,0,0,0.036,0.038,0.031,0.04,0,0,0,0,0,0.034,0,0.032,0.033,0,0.033,0,0.038,0.036,0.032,0.032,0.029,0.031,0.029,0.034,0.035,0.031,0.035,0.025,0.029,0.032,0.03,0.024,0.023,0.028,0.026,0.031,0.029,0.027,0.031,0,0,0.028,0.025,0.029,0.025,0.824,0,0,0.041,0.05,0.048,0,0,0.032,0.032,0,0,0.458,0.034,0.925,0.031,0.029,0.409,0,0,0,0,0,0.044,0,0,0,0.028,0.028,0.033,0,0,0,0,0.044,0,0,0.029,0,0,0,0.029,0.029,0.039,0.035,0.03,0.032,0.037,0.389,0.388,0.396,0,0.039,0.027,0,0.041,0.029,0,0,0,0.029,0,0.032,0,0.028,0.028,0.023,0.02,0.615,0.758,0.033,0.033,0.635,0.8,0.66,0.414,0.453,0.377,0,0,0.026,0.023,0.475,0,0,0.738,0.434,0,0.601,0,0,0.601,0.511,0.451,0.575,0.499,0.631,0.551,0.03,0.04,0.034,0.038,0.03,0.023,0.039,0.036,0.032,0.039,0.031,0.03,0.038,0.039,0.04,0.039,0,0,0,0,0.026,0,0,0,0,0.044,0.027,0.041,0.027,0.026,0.036,0,0,0,0.023,0,0,0,0,0,0,0,0,0,0,0,0.03,0.037,0,0,0.046,0.046,0,0.704,0.028,0.025,0.031,0.028,0.035,0.022,0,0,0.044,0.025,0.024,0.023,0,0,0.025,0.484,0.046,0,0,0.026,0.028,0,0.026,0.513,0.035,0.028,0.031,0.03,0.034,0.029,0.035,0.034,0,0,0,0,0,0.02,0.028,0.021,0,0,0.035,0,0,0,0.03,0.027,0.828,0.02,0.428,0.029,0.024,0.044,0,0,0,0.031,0.03,0.026,0.028,0.034,0.025,0.023,0.022,0.03,0.028,0.034,0.023,0.023,0.371,0.026,0.037,0.042,0.025,0.028,0.026,0.024,0.04,0.027,0.538,0.733,0.027,0.025,0,0,0.032,0.03,0.453,0.026,0.028,0,0.722,0.821,0.73,0.532,0.027,0.026,0.036,0.029,0.043,0,0.04,0.047,0.047,0.539,0.385,0.049,0.048,0.031,0.03,0.026,0,0,0,0,0,0,0,0,0.029,0.409,0.453,0.028,0.043,0.034,0.032,0,0,0.039,0.022,0,0,0.035,0.482,0.025,0.038,0.027,0.433,0.038,0,0.03,0.025,0.022,0,0.038,0.035,0.029,0.027,0,0,0,0,0,0,0.03,0,0,0,0,0.025,0.021,0.021
GO:0051128,0,0.602,0,0.064,0.653,0.318,0.384,0,0.053,0,0.042,0.287,0.338,0.383,0.463,0,0.347,0,0.632,0.047,0.047,0.048,0.047,0.046,0,0.045,0,0,0.261,0.304,0.258,0.313,0.248,0.32,0.299,0.358,0.257,0.306,0.252,0.316,0.306,0,0,0.222,0.225,0.481,0,0,0.221,0.205,0.195,0.199,0.252,0.222,0.28,0.037,0,0.044,0.264,0.302,0.366,0.294,0.266,0.307,0.294,0.278,0.276,0.372,0.22,0.372,0,0.265,0.269,0.227,0.37,0.366,0.278,0.366,0.282,0.282,0.533,0.98,0.265,0.302,0,0.037,0,0.04,0,0,0.174,0.163,0.034,0.035,0.266,0.341,0.23,0.229,0.263,0.243,0,0.291,0,0.278,0.285,0.246,0.28,0,0.035,0.033,0.278,0.278,0.255,0.266,0.251,0.031,0.033,0.264,0.032,0.217,0.253,0.275,0.262,0.213,0.199,0.244,0.224,0.266,0.256,0.238,0.264,0.189,0.18,0.242,0.22,0.251,0.217,0.462,0,0,0.037,0.045,0.043,0,0.202,0.277,0.278,0.22,0.226,0.447,0.29,0.538,0.265,0.248,0.766,0,0,0,0,0,0.04,0,0,0.228,0.246,0.247,0.281,0,0,0,0,0.04,0.264,0.263,0.252,0.242,0,0.229,0.027,0.027,0.036,0.032,0.028,0.03,0.034,0.383,0.382,0.39,0,0.036,0.025,0,0.037,0.028,0,0,0,0.253,0.248,0.274,0,0.24,0.246,0.022,0.177,0.351,0.427,0.03,0.031,0.362,0.449,0.375,0.775,0.843,0.71,0.163,0.159,0.228,0.206,0.88,0.179,0.174,0.417,0.811,0.18,0.686,0,0.163,0.686,0.588,0.84,0.658,0.576,0.718,0.632,0.257,0.036,0.032,0.035,0.028,0.022,0.036,0.033,0.03,0.036,0.029,0.029,0.035,0.036,0.037,0.036,0,0,0,0,0.025,0,0,0.178,0.159,0.04,0.026,0.037,0.025,0.024,0.033,0,0,0,0.206,0,0,0,0,0,0,0,0.237,0,0.237,0.216,0.263,0.034,0,0,0.042,0.041,0,0.418,0.243,0.218,0.029,0.026,0.3,0.191,0.165,0.135,0.04,0.223,0.213,0.206,0,0,0.216,0.293,0.041,0,0,0.025,0.245,0,0.025,0.496,0.032,0.24,0.267,0.259,0.295,0.251,0.303,0.289,0,0,0,0,0,0.177,0.244,0.186,0.214,0.215,0.301,0,0,0,0.028,0.235,0.485,0.019,0.419,0.251,0.213,0.04,0,0,0,0.029,0.258,0.225,0.24,0.295,0.217,0.206,0.191,0.262,0.24,0.295,0.206,0.199,0.367,0.024,0.034,0.038,0.223,0.243,0.224,0.212,0.036,0.026,0.518,0.434,0.231,0.215,0.194,0.197,0.03,0.028,0.442,0.024,0.243,0.189,0.428,0.482,0.432,0.513,0.025,0.224,0.033,0.027,0.039,0,0.036,0.043,0.042,0.519,0.379,0.044,0.4,0.267,0.258,0.229,0,0,0,0,0,0,0,0,0.028,0.402,0.442,0.245,0.039,0.032,0.029,0,0,0.036,0.191,0.221,0,0.032,0.468,0.222,0.035,0.239,0.424,0.324,0,0.258,0.223,0.191,0.14,0.035,0.032,0.249,0.233,0,0,0.236,0.237,0.203,0.192,0.26,0,0.191,0.14,0.19,0.216,0.186,0.186
GO:0007346,0,0.033,0,0.045,0.035,0.248,0.303,0,0.04,0,0.033,0.229,0.273,0.286,0.35,0,0.258,0,0.035,0.036,0.036,0.037,0.036,0.035,0,0.035,0,0,0.212,0.251,0.21,0.257,0.203,0.262,0.237,0.286,0.209,0.241,0.206,0.247,0.241,0,0,0.182,0.184,0.027,0,0,0.185,0.173,0.164,0.166,0.206,0.186,0.234,0.03,0,0.034,0.214,0.249,0.291,0.234,0.224,0.242,0.233,0.233,0.231,0.295,0.184,0.295,0,0.223,0.226,0.189,0.294,0.291,0.232,0.291,0.236,0.236,0.031,0.265,0.997,0.878,0,0.03,0,0.032,0,0,0.151,0.143,0.028,0.029,0.224,0.275,0.191,0.19,0.213,0.2,0,0.242,0,0.233,0.237,0.202,0.234,0,0.029,0.028,0.233,0.233,0.216,0.225,0.213,0.026,0.027,0.223,0.027,0.189,0.215,0.231,0.221,0.186,0.174,0.208,0.194,0.225,0.217,0.204,0.223,0.159,0.152,0.207,0.19,0.213,0.189,0.027,0,0,0.03,0.035,0.034,0,0.168,0.232,0.233,0.184,0.188,0.026,0.85,0.03,0.789,0.943,0.216,0,0,0,0,0,0.032,0,0,0.19,0.21,0.211,0.235,0,0,0,0,0.032,0.214,0.213,0.214,0.195,0,0.19,0.023,0.023,0.029,0.027,0.024,0.025,0.028,0.022,0.022,0.023,0,0.029,0.022,0,0.03,0.023,0,0,0,0.215,0.204,0.23,0,0.206,0.21,0.019,0.157,0.022,0.026,0.025,0.026,0.022,0.027,0.023,0.218,0.234,0.202,0.143,0.14,0.197,0.18,0.243,0.152,0.148,0.232,0.227,0.153,0.197,0,0.14,0.197,0.172,0.233,0.189,0.169,0.204,0.183,0.218,0.029,0.026,0.029,0.024,0.019,0.029,0.027,0.025,0.029,0.024,0.024,0.029,0.029,0.03,0.029,0,0,0,0,0.021,0,0,0.153,0.14,0.032,0.022,0.03,0.022,0.021,0.027,0,0,0,0.18,0,0,0,0,0,0,0,0.196,0,0.196,0.182,0.782,0.028,0,0,0.033,0.033,0,0.024,0.208,0.189,0.024,0.022,0.248,0.169,0.142,0.119,0.032,0.193,0.186,0.18,0,0,0.188,0.018,0.033,0,0,0.021,0.209,0,0.022,0.028,0.027,0.206,0.792,0.774,0.245,0.951,0.25,0.24,0,0,0,0,0,0.157,0.209,0.164,0.18,0.18,0.249,0,0,0,0.024,0.202,0.027,0.017,0.024,0.752,0.186,0.032,0,0,0,0.024,0.769,0.686,0.916,0.245,0.665,0.635,0.594,0.222,0.205,0.245,0.803,0.777,0.022,0.631,0.837,0.703,0.858,0.208,0.193,0.184,0.675,0.022,0.029,0.025,0.199,0.187,0.163,0.165,0.567,0.712,0.025,0.481,0.208,0.159,0.025,0.027,0.025,0.029,0.022,0.682,0.822,0.023,0.031,0,0.03,0.033,0.033,0.029,0.022,0.034,0.313,0.225,0.218,0.197,0,0,0,0,0,0,0,0,0.023,0.152,0.025,0.209,0.031,0.027,0.025,0,0,0.029,0.169,0.185,0,0.027,0.027,0.192,0.028,0.205,0.159,0.264,0,0.218,0.193,0.169,0.124,0.029,0.027,0.212,0.2,0,0,0.196,0.196,0.172,0.164,0.22,0,0.16,0.124,0.163,0.188,0.164,0.164
GO:0051726,0,0.038,0,0.056,0.041,0.29,0.351,0,0.048,0,0.039,0.263,0.312,0.342,0.416,0,0.31,0,0.041,0.042,0.042,0.043,0.042,0.041,0,0.041,0,0,0.242,0.283,0.239,0.291,0.23,0.297,0.274,0.329,0.238,0.279,0.234,0.287,0.28,0,0,0.206,0.209,0.031,0,0,0.207,0.193,0.183,0.186,0.234,0.208,0.262,0.034,0,0.04,0.244,0.281,0.336,0.27,0.25,0.28,0.269,0.26,0.258,0.341,0.206,0.341,0,0.248,0.252,0.212,0.339,0.336,0.26,0.336,0.264,0.264,0.035,0.302,0.878,0.99,0,0.034,0,0.037,0,0,0.166,0.155,0.031,0.032,0.249,0.314,0.215,0.214,0.243,0.226,0,0.272,0,0.26,0.266,0.228,0.262,0,0.032,0.031,0.26,0.26,0.24,0.25,0.236,0.029,0.031,0.248,0.03,0.206,0.238,0.258,0.246,0.203,0.189,0.23,0.213,0.25,0.24,0.225,0.248,0.177,0.169,0.229,0.208,0.236,0.206,0.031,0,0,0.034,0.041,0.039,0,0.189,0.259,0.261,0.206,0.211,0.029,0.954,0.034,0.878,0.825,0.239,0,0,0,0,0,0.036,0,0,0.213,0.232,0.233,0.263,0,0,0,0,0.037,0.244,0.243,0.237,0.223,0,0.214,0.025,0.025,0.033,0.03,0.027,0.028,0.032,0.025,0.025,0.025,0,0.033,0.024,0,0.034,0.026,0,0,0,0.239,0.231,0.257,0,0.227,0.232,0.021,0.169,0.024,0.029,0.028,0.029,0.025,0.03,0.025,0.242,0.262,0.223,0.155,0.152,0.216,0.196,0.273,0.168,0.164,0.259,0.252,0.17,0.216,0,0.154,0.216,0.186,0.261,0.207,0.183,0.225,0.2,0.242,0.034,0.03,0.033,0.026,0.021,0.033,0.031,0.028,0.033,0.027,0.027,0.033,0.033,0.034,0.033,0,0,0,0,0.023,0,0,0.168,0.152,0.037,0.024,0.034,0.024,0.023,0.031,0,0,0,0.196,0,0,0,0,0,0,0,0.221,0,0.221,0.203,0.87,0.032,0,0,0.038,0.038,0,0.027,0.23,0.207,0.027,0.025,0.28,0.183,0.156,0.129,0.037,0.211,0.203,0.196,0,0,0.205,0.019,0.038,0,0,0.024,0.231,0,0.024,0.032,0.03,0.227,0.882,0.859,0.276,0.833,0.282,0.27,0,0,0,0,0,0.169,0.23,0.177,0.201,0.201,0.28,0,0,0,0.026,0.222,0.031,0.018,0.027,0.833,0.203,0.037,0,0,0,0.027,0.854,0.753,0.799,0.276,0.727,0.692,0.643,0.246,0.226,0.276,0.692,0.668,0.024,0.526,0.721,0.807,0.744,0.229,0.212,0.201,0.77,0.024,0.033,0.028,0.219,0.204,0.182,0.184,0.632,0.601,0.028,0.528,0.229,0.177,0.027,0.031,0.028,0.033,0.024,0.747,0.706,0.025,0.036,0,0.034,0.039,0.039,0.033,0.025,0.04,0.364,0.25,0.242,0.216,0,0,0,0,0,0,0,0,0.026,0.169,0.028,0.231,0.036,0.03,0.028,0,0,0.033,0.183,0.207,0,0.03,0.03,0.21,0.032,0.226,0.178,0.3,0,0.242,0.211,0.183,0.134,0.033,0.03,0.235,0.22,0,0,0.22,0.221,0.191,0.182,0.244,0,0.179,0.134,0.179,0.205,0.177,0.177
GO:0006950,0,0,0,0,0,0,0,0,0,0,0,0,0,0,0,0.626,0,0,0,0,0,0,0,0,0,0.568,0,0,0,0.39,0,0,0,0,0,0,0.422,0,0,0,0,0,0,0,0,0,0.413,0.493,0,0,0,0,0,0,0.356,0,0,0,0,0,0,0,0.336,0,0,0,0,0,0,0,0,0,0,0.366,0,0,0,0,0,0,0,0,0,0,0.942,0.841,0,0,0,0,0,0,0,0,0,0,0,0,0,0,0,0,0,0,0,0,0,0,0.419,0.398,0,0,0,0,0,0,0,0,0,0,0,0,0,0,0.243,0.304,0.278,0,0,0,0,0,0,0,0,0.314,0.268,0,0,0,0,0,0,0,0,0.351,0,0,0.363,0,0,0,0,0,0,0,0,0,0,0,0,0,0,0,0,0,0,0,0,0,0,0,0,0,0,0,0,0,0.582,0.583,0,0.718,0.616,0,0.761,0,0,0,0,0,0,0,0,0,0,0,0,0,0,0,0.247,0,0,0.247,0.214,0,0,0,0,0,0,0,0,0,0,0,0,0.282,0.253,0,0,0,0,0,0,0,0.323,0,0,0,0,0,0,0,0,0.323,0,0,0,0,0,0,0,0,0,0,0,0,0,0,0,0,0,0,0,0,0,0.214,0,0,0,0,0,0,0,0,0,0,0,0,0.463,0.413,0.365,0,0,0,0,0,0,0,0,0,0,0,0,0,0,0,0,0.303,0.269,0,0,0,0,0,0,0,0,0,0,0,0.243,0,0,0,0,0,0,0,0.413,0,0,0,0,0,0,0,0,0,0,0,0,0,0,0,0,0,0,0,0,0,0.413,0,0,0,0.292,0,0.214,0,0,0.262,0,0,0,0.353,0.338,0,0,0,0,0,0,0,0,0,0,0,0,0,0,0,0,0,0,0,0,0,0,0,0,0,0,0,0,0,0,0,0,0,0,0,0,0,0,0,0,0,0,0,0,0,0,0,0,0,0,0.539,0.337,0.324,0.283,0,0,0,0,0,0,0,0,0,0,0,0,0,0,0,0,0,0,0,0,0,0,0,0,0,0.556,0,0.42,0,0,0,0,0,0,0,0,0,0,0,0,0,0,0,0,0,0,0,0,0.266,0.225,0.225
GO:0033554,0,0.044,0,0.071,0.048,0,0.044,0,0.058,0,0.045,0,0.039,0,0.054,0.545,0,0,0.049,0.05,0.05,0.052,0.05,0.049,0,0.684,0,0,0,0.488,0,0.036,0,0.037,0,0.041,0.383,0,0,0,0,0,0,0,0,0.035,0.376,0.441,0,0,0,0,0,0,0.448,0.039,0,0.047,0,0.034,0.042,0,0.425,0,0,0.031,0.031,0.043,0,0.043,0,0.03,0.03,0.337,0.043,0.042,0.031,0.042,0.032,0.032,0.041,0.037,0.03,0.034,0.841,0.97,0,0.043,0,0,0,0,0.035,0.037,0.03,0.039,0,0,0,0,0,0.033,0,0.032,0.032,0,0.032,0,0.521,0.497,0.032,0.032,0.029,0.03,0.028,0.033,0.035,0.03,0.034,0.024,0.029,0.031,0.03,0.024,0.314,0.388,0.356,0.03,0.029,0.027,0.03,0,0,0.027,0.025,0.4,0.344,0.035,0,0,0.039,0.048,0.046,0,0,0.443,0.032,0,0.334,0.032,0.033,0.039,0.03,0.028,0.029,0,0,0,0,0,0.042,0,0,0,0.028,0.028,0.032,0,0,0,0,0.042,0,0,0.028,0,0,0,0.692,0.694,0.038,0.841,0.729,0.031,0.886,0.027,0.027,0.028,0,0.038,0.026,0,0.04,0.029,0,0,0,0.029,0,0.031,0.233,0.027,0.028,0.318,0.278,0.026,0.032,0.032,0.032,0.027,0.034,0.028,0.029,0.032,0.027,0,0,0.362,0.326,0.033,0,0,0.031,0.03,0,0.026,0.3,0,0.026,0.022,0.032,0.025,0.021,0.027,0.024,0.41,0.038,0.033,0.037,0.029,0.023,0.038,0.035,0.031,0.038,0.03,0.03,0.037,0.038,0.039,0.038,0,0,0,0,0.026,0,0.203,0,0,0.043,0.027,0.039,0.026,0.025,0.035,0,0,0,0.023,0.417,0.376,0.336,0,0,0,0,0,0,0,0,0.03,0.036,0,0,0.044,0.044,0,0.03,0.387,0.346,0.03,0.027,0.034,0.021,0,0,0.043,0.025,0.024,0.023,0,0.23,0.024,0.021,0.044,0,0,0.026,0.028,0.376,0.026,0.036,0.034,0.027,0.03,0.029,0.034,0.028,0.034,0.033,0,0,0,0,0,0.02,0.028,0.021,0,0,0.034,0.376,0,0,0.029,0.374,0.035,0.278,0.03,0.028,0.337,0.043,0,0,0.325,0.428,0.029,0.025,0.027,0.034,0.024,0.023,0.021,0.03,0.027,0.034,0.023,0.022,0.026,0.025,0.036,0.041,0.025,0.027,0.025,0.024,0.039,0.027,0.037,0.031,0.026,0.024,0,0,0.031,0.029,0.032,0.025,0.027,0,0.031,0.035,0.031,0.037,0.026,0.025,0.035,0.028,0.042,0,0.039,0.045,0.045,0.038,0.027,0.047,0.653,0.426,0.411,0.363,0,0,0,0,0,0,0,0,0.029,0.029,0.032,0.028,0.041,0.034,0.031,0,0,0.037,0.021,0,0,0.034,0.034,0.025,0.037,0.663,0.03,0.522,0,0.029,0.025,0.021,0,0.037,0.034,0.028,0.026,0,0,0,0,0,0,0.029,0,0,0,0,0.342,0.292,0.292
GO:0051640,0,0,0,0,0,0,0,0,0,0,0,0,0,0,0,0,0,0,0,0,0,0,0,0,0,0,0.497,0,0,0,0,0,0,0,0,0,0,0,0,0,0,0,0,0,0,0,0,0,0,0,0,0,0,0,0,0,0,0,0,0,0,0,0,0,0,0,0,0,0,0,0,0,0,0,0,0,0,0,0,0,0,0,0,0,0,0,0.99,0.426,0.485,0.488,0,0,0,0,0,0,0,0,0,0,0,0,0,0,0,0,0,0,0,0,0,0,0,0,0,0,0,0,0,0,0,0,0,0,0,0,0,0,0,0,0,0,0,0,0,0,0,0,0,0,0,0,0,0,0,0,0,0,0,0,0,0,0,0,0,0,0,0,0,0,0,0,0,0,0,0,0,0,0,0,0,0,0,0,0,0,0,0,0,0,0,0,0,0,0,0,0,0,0.392,0.385,0.783,0.856,0.399,0.85,0.955,0.796,0.299,0,0.366,0.323,0,0,0,0,0,0,0,0,0,0,0,0,0,0,0,0,0,0,0,0,0,0,0,0,0,0,0,0,0,0,0,0,0,0,0,0,0,0,0,0,0,0,0,0,0,0,0,0,0,0,0,0,0,0,0,0,0,0,0,0,0,0,0,0,0,0,0,0,0,0,0,0,0,0,0,0,0,0,0,0,0,0,0,0,0,0,0,0,0,0,0,0,0,0,0,0,0,0,0,0,0,0,0,0,0,0,0,0,0,0,0,0,0,0,0,0,0,0,0,0,0,0,0,0,0,0,0,0,0,0,0,0,0,0,0,0,0,0,0,0,0,0,0,0,0,0,0,0,0,0,0,0,0,0,0,0,0,0,0,0,0,0,0,0,0,0,0,0,0,0,0,0,0,0,0,0,0,0,0,0,0,0,0,0,0,0.789,0,0,0.293,0.418,0,0,0,0,0,0,0,0,0,0,0,0,0,0,0,0,0,0,0,0,0,0,0,0,0,0,0,0,0,0,0,0,0,0,0,0,0,0,0,0,0,0,0,0,0,0,0,0,0,0,0,0,0,0,0,0,0,0,0,0,0,0
GO:0051641,0,0.048,0,0.082,0.053,0,0.049,0,0.066,0,0.05,0,0.042,0,0.061,0,0,0,0.054,0.056,0.056,0.058,0.056,0.054,0,0.054,0.663,0,0,0.037,0,0.038,0,0.039,0,0.045,0,0,0,0,0,0,0,0,0,0.037,0,0,0,0,0,0,0,0,0.034,0.043,0,0.052,0,0.037,0.046,0,0.032,0,0,0.034,0.033,0.047,0,0.047,0,0.032,0.032,0,0.046,0.046,0.034,0.046,0.034,0.034,0.044,0.04,0.032,0.037,0,0.043,0.426,0.949,0.643,0.647,0,0,0.038,0.04,0.032,0.042,0,0,0,0,0,0.035,0,0.034,0.034,0,0.034,0,0.04,0.038,0.034,0.034,0.031,0.032,0.03,0.035,0.037,0.032,0.036,0.026,0.03,0.033,0.031,0.025,0.023,0.029,0.027,0.032,0.031,0.028,0.032,0,0,0.029,0.026,0.03,0.026,0.037,0,0,0.043,0.054,0.051,0,0,0.033,0.034,0,0,0.034,0.035,0.042,0.032,0.03,0.03,0,0,0,0,0,0.046,0,0,0,0.029,0.03,0.034,0,0,0,0,0.046,0,0,0.03,0,0,0,0.03,0.03,0.041,0.037,0.031,0.033,0.039,0.029,0.029,0.029,0.489,0.835,0.563,0.358,0.872,0.62,0.408,0.329,0.353,0.03,0.449,0.673,0,0.029,0.029,0.024,0.02,0.028,0.034,0.034,0.035,0.029,0.036,0.03,0.031,0.034,0.028,0,0,0.027,0.024,0.036,0,0,0.033,0.032,0,0.027,0,0,0.027,0.023,0.034,0.026,0.022,0.028,0.025,0.031,0.042,0.036,0.04,0.031,0.024,0.041,0.038,0.034,0.041,0.032,0.032,0.04,0.041,0.042,0.041,0,0,0,0,0.027,0,0,0,0,0.047,0.028,0.043,0.027,0.027,0.037,0,0,0,0.024,0,0,0,0,0,0,0,0,0,0,0,0.032,0.039,0,0,0.049,0.048,0,0.032,0.029,0.026,0.032,0.029,0.037,0.022,0,0,0.047,0.026,0.025,0.024,0,0,0.025,0.022,0.048,0,0,0.027,0.029,0,0.027,0.039,0.036,0.029,0.032,0.031,0.036,0.03,0.037,0.035,0,0,0,0,0,0.02,0.029,0.022,0,0,0.037,0,0,0,0.031,0.028,0.038,0.02,0.032,0.03,0.025,0.047,0,0,0,0.032,0.031,0.027,0.029,0.036,0.026,0.024,0.022,0.031,0.028,0.036,0.024,0.023,0.028,0.027,0.039,0.044,0.026,0.029,0.026,0.025,0.042,0.028,0.04,0.033,0.027,0.025,0,0,0.033,0.031,0.034,0.027,0.029,0,0.033,0.037,0.033,0.04,0.326,0.026,0.038,0.601,0.529,0,0.042,0.05,0.05,0.041,0.029,0.052,0.051,0.032,0.031,0.027,0,0,0,0,0,0,0,0,0.031,0.03,0.034,0.029,0.045,0.036,0.033,0,0,0.04,0.022,0,0,0.037,0.036,0.026,0.039,0.028,0.032,0.04,0,0.031,0.026,0.022,0,0.04,0.036,0.03,0.028,0,0,0,0,0,0,0.031,0,0,0,0,0.025,0.022,0.022
GO:0006810,0,0,0,0,0,0,0,0,0,0,0,0,0,0,0,0,0,0,0,0,0,0,0,0,0,0,0.818,0,0,0,0,0,0,0,0,0,0,0,0,0,0,0,0,0,0,0,0,0,0,0,0,0,0,0,0,0,0,0,0,0,0,0,0,0,0,0,0,0,0,0,0,0,0,0,0,0,0,0,0,0,0,0,0,0,0,0,0.485,0.643,0.871,0.861,0,0,0,0,0,0,0,0,0,0,0,0,0,0,0,0,0,0,0,0,0,0,0,0,0,0,0,0,0,0,0,0,0,0,0,0,0,0,0,0,0,0,0,0,0,0,0,0,0,0,0,0,0,0,0,0,0,0,0,0,0,0,0,0,0,0,0,0,0,0,0,0,0,0,0,0,0,0,0,0,0,0,0,0,0,0,0,0,0,0,0,0,0,0,0,0,0,0,0.628,0.613,0.393,0.399,0.631,0.428,0.501,0.363,0.434,0,0.515,0.433,0,0,0,0,0,0,0,0,0,0,0,0,0,0,0,0,0,0,0,0,0,0,0,0,0,0,0,0,0,0,0,0,0,0,0,0,0,0,0,0,0,0,0,0,0,0,0,0,0,0,0,0,0,0,0,0,0,0,0,0,0,0,0,0,0,0,0,0,0,0,0,0,0,0,0,0,0,0,0,0,0,0,0,0,0,0,0,0,0,0,0,0,0,0,0,0,0,0,0,0,0,0,0,0,0,0,0,0,0,0,0,0,0,0,0,0,0,0,0,0,0,0,0,0,0,0,0,0,0,0,0,0,0,0,0,0,0,0,0,0,0,0,0,0,0,0,0,0,0,0,0,0,0,0,0,0,0,0,0,0,0,0,0,0,0,0,0,0,0,0,0,0,0,0,0,0,0,0,0,0,0,0,0,0,0,0.359,0,0,0.422,0.689,0,0,0,0,0,0,0,0,0,0,0,0,0,0,0,0,0,0,0,0,0,0,0,0,0,0,0,0,0,0,0,0,0,0,0,0,0,0,0,0,0,0,0,0,0,0,0,0,0,0,0,0,0,0,0,0,0,0,0,0,0,0
GO:0051234,0,0,0,0,0,0,0,0,0,0,0,0,0,0,0,0,0,0,0,0,0,0,0,0,0,0,0.825,0,0,0,0,0,0,0,0,0,0,0,0,0,0,0,0,0,0,0,0,0,0,0,0,0,0,0,0,0,0,0,0,0,0,0,0,0,0,0,0,0,0,0,0,0,0,0,0,0,0,0,0,0,0,0,0,0,0,0,0.488,0.647,0.861,0.867,0,0,0,0,0,0,0,0,0,0,0,0,0,0,0,0,0,0,0,0,0,0,0,0,0,0,0,0,0,0,0,0,0,0,0,0,0,0,0,0,0,0,0,0,0,0,0,0,0,0,0,0,0,0,0,0,0,0,0,0,0,0,0,0,0,0,0,0,0,0,0,0,0,0,0,0,0,0,0,0,0,0,0,0,0,0,0,0,0,0,0,0,0,0,0,0,0,0,0.619,0.604,0.387,0.401,0.635,0.43,0.503,0.364,0.427,0,0.518,0.435,0,0,0,0,0,0,0,0,0,0,0,0,0,0,0,0,0,0,0,0,0,0,0,0,0,0,0,0,0,0,0,0,0,0,0,0,0,0,0,0,0,0,0,0,0,0,0,0,0,0,0,0,0,0,0,0,0,0,0,0,0,0,0,0,0,0,0,0,0,0,0,0,0,0,0,0,0,0,0,0,0,0,0,0,0,0,0,0,0,0,0,0,0,0,0,0,0,0,0,0,0,0,0,0,0,0,0,0,0,0,0,0,0,0,0,0,0,0,0,0,0,0,0,0,0,0,0,0,0,0,0,0,0,0,0,0,0,0,0,0,0,0,0,0,0,0,0,0,0,0,0,0,0,0,0,0,0,0,0,0,0,0,0,0,0,0,0,0,0,0,0,0,0,0,0,0,0,0,0,0,0,0,0,0,0,0.36,0,0,0.416,0.68,0,0,0,0,0,0,0,0,0,0,0,0,0,0,0,0,0,0,0,0,0,0,0,0,0,0,0,0,0,0,0,0,0,0,0,0,0,0,0,0,0,0,0,0,0,0,0,0,0,0,0,0,0,0,0,0,0,0,0,0,0,0
GO:1903320,0.208,0,0.144,0,0,0.44,0.427,0.227,0.139,0.187,0.2,0.187,0.179,0.224,0.218,0,0.202,0.168,0,0.193,0.129,0.197,0.129,0.21,0.153,0,0,0.47,0.386,0.166,0.393,0.17,0.17,0.378,0.193,0.186,0.174,0.484,0.426,0.449,0.482,0.377,0.327,0.152,0.153,0,0,0,0.807,0.764,0.139,0.141,0.684,0.626,0.157,0.184,0.21,0.205,0.389,0.363,0.467,0.418,0.152,0.441,0.428,0.156,0.155,0.472,0.156,0.418,0.486,0.151,0.153,0.16,0.47,0.467,0.351,0.467,0.346,0.346,0,0.174,0.151,0.166,0,0,0,0,0,0,1,0.949,0.172,0.176,0.375,0.446,0.355,0.362,0.398,0.377,0.696,0.354,0.705,0.387,0.394,0.419,0.39,0.719,0,0,0.387,0.387,0.331,0.78,0.747,0,0,0.331,0,0.671,0.32,0.341,0.329,0.661,0.627,0.142,0.134,0.333,0.757,0.719,0.331,0.136,0.131,0.728,0.676,0.145,0.13,0,0.126,0.202,0.184,0.126,0.184,0.149,0.142,0.156,0.156,0.156,0.159,0,0.161,0,0.151,0.144,0.147,0,0,0,0,0,0,0,0,0.16,0.143,0.144,0.158,0,0,0,0,0,0.178,0.177,0.146,0.161,0,0.161,0.147,0.147,0.178,0.168,0.152,0.158,0,0,0,0,0,0,0,0,0,0,0,0,0,0.146,0.17,0.155,0,0.141,0.143,0,0.111,0.328,0.161,0.377,0.162,0.143,0,0,0.148,0.157,0.139,0.949,0.933,0.135,0.125,0.162,0.13,0.128,0.156,0.153,0.131,0.135,0,0.122,0.135,0.12,0.157,0.131,0.118,0.14,0.127,0.148,0.129,0.166,0.317,0.271,0.227,0.273,0.258,0.159,0.129,0.231,0.231,0.268,0.129,0.166,0.162,0.116,0.289,0,0,0,0,0,0.134,0.123,0.193,0.141,0.184,0.139,0.137,0.169,0.533,0,0,0.125,0,0,0,0,0,0,0,0.362,0.522,0.371,0.348,0.15,0.174,0.392,0.548,0.119,0.119,0,0,0.142,0.131,0.154,0.143,0.362,0.293,0.123,0.105,0.193,0.329,0.318,0.311,0.476,0,0.322,0.117,0.179,0,0,0,0.142,0,0.139,0,0,0.141,0.152,0.149,0.404,0.145,0.412,0.398,0,0,0,0,0,0.111,0.353,0.286,0.154,0.154,0.41,0,0,0,0,0.138,0,0,0,0.145,0.129,0.193,0,0.141,0,0,0.148,0.134,0.141,0.404,0.13,0.125,0.118,0.371,0.348,0.404,0.125,0.122,0,0,0,0,0.133,0.311,0.292,0.28,0,0,0,0,0.3,0.283,0.139,0.14,0,0,0,0,0.311,0.136,0,0,0,0,0,0.133,0,0,0,0,0.445,0.121,0.121,0,0,0,0.2,0.152,0.148,0.136,0,0,0,0,0,0,0,0,0,0.131,0,0.143,0.114,0,0.384,0.428,0.384,0,0.118,0.157,0,0,0,0.132,0,0.14,0.136,0.174,0,0.148,0.133,0.118,0.111,0,0,0.144,0.137,0,0,0.165,0.165,0.148,0.142,0.149,0,0.137,0.111,0.141,0.13,0.115,0.115
GO:1903322,0.191,0,0.131,0,0,0.407,0.396,0.209,0.128,0.171,0.185,0.174,0.167,0.206,0.201,0,0.185,0.153,0,0.178,0.119,0.181,0.119,0.194,0.141,0,0,0.436,0.608,0.156,0.621,0.159,0.159,0.596,0.471,0.455,0.163,0.449,0.64,0.415,0.447,0.349,0.301,0.142,0.144,0,0,0,0.759,0.823,0.131,0.132,0.64,0.754,0.148,0.171,0.194,0.19,0.363,0.341,0.434,0.389,0.376,0.409,0.398,0.387,0.146,0.439,0.387,0.389,0.451,0.142,0.144,0.396,0.437,0.434,0.331,0.434,0.326,0.326,0,0.163,0.143,0.155,0,0,0,0,0,0,0.949,1,0.161,0.165,0.354,0.416,0.333,0.34,0.372,0.353,0.654,0.333,0.662,0.365,0.37,0.392,0.367,0.674,0,0,0.365,0.365,0.312,0.735,0.806,0,0,0.525,0,0.728,0.509,0.321,0.522,0.629,0.682,0.134,0.334,0.314,0.715,0.776,0.525,0.128,0.124,0.689,0.733,0.361,0.124,0,0.117,0.188,0.172,0.116,0.171,0.138,0.134,0.147,0.147,0.147,0.15,0,0.151,0,0.143,0.136,0.139,0,0,0,0,0,0,0,0,0.151,0.135,0.136,0.148,0,0,0,0,0,0.166,0.165,0.138,0.15,0,0.151,0.139,0.139,0.167,0.157,0.144,0.149,0,0,0,0,0,0,0,0,0,0,0,0,0,0.364,0.159,0.146,0,0.35,0.357,0,0.28,0.311,0.151,0.354,0.152,0.135,0,0,0.14,0.148,0.131,0.904,0.983,0.128,0.119,0.152,0.123,0.121,0.147,0.144,0.124,0.128,0,0.116,0.128,0.115,0.147,0.124,0.113,0.132,0.121,0.14,0.121,0.155,0.297,0.256,0.216,0.255,0.242,0.149,0.12,0.218,0.218,0.25,0.12,0.155,0.151,0.108,0.269,0,0,0,0,0,0.127,0.117,0.18,0.134,0.172,0.132,0.13,0.159,0.508,0,0,0.119,0,0,0,0,0,0,0,0.572,0.498,0.588,0.553,0.142,0.163,0.369,0.522,0.111,0.111,0,0,0.134,0.328,0.145,0.136,0.572,0.28,0.117,0.1,0.18,0.313,0.486,0.475,0.456,0,0.306,0.112,0.166,0,0,0,0.135,0,0.132,0,0,0.133,0.143,0.37,0.61,0.137,0.62,0.601,0,0,0,0,0,0.106,0.334,0.439,0.145,0.145,0.617,0,0,0,0,0.131,0,0,0,0.361,0.322,0.18,0,0.131,0,0,0.14,0.335,0.133,0.61,0.124,0.119,0.297,0.35,0.529,0.61,0.119,0.116,0,0,0,0,0.126,0.294,0.278,0.267,0,0,0,0,0.285,0.27,0.13,0.132,0,0,0,0,0.294,0.128,0,0,0,0,0,0.127,0,0,0,0,0.415,0.112,0.112,0,0,0,0.185,0.143,0.14,0.129,0,0,0,0,0,0,0,0,0,0.123,0,0.355,0.106,0,0.362,0.401,0.362,0,0.113,0.148,0,0,0,0.126,0,0.133,0.128,0.163,0,0.368,0.126,0.297,0.106,0,0,0.137,0.343,0,0,0.407,0.407,0.139,0.354,0.14,0,0.129,0.106,0.133,0.123,0.11,0.11
GO:0034470,0.334,0.039,0.235,0.059,0.042,0.184,0.253,0.362,0.321,0.301,0.297,0,0.035,0,0.047,0,0,0.272,0.043,0.549,0.541,0.5,0.543,0.586,0.536,0.043,0,0.297,0.153,0.031,0.25,0.032,0,0.213,0,0.037,0,0.267,0.222,0.303,0.237,0.321,0.303,0,0,0.032,0,0,0.216,0.2,0,0,0.245,0.217,0.029,0.873,0.579,0.64,0.154,0.201,0.578,0.171,0.028,0.534,0.283,0.029,0.029,0.478,0,0.246,0.293,0.028,0.028,0,0.585,0.578,0.214,0.578,0.189,0.189,0.036,0.034,0.028,0.031,0,0.035,0,0.038,0,0,0.172,0.161,0.987,0.944,0.426,0.54,0.136,0.223,0.254,0.427,0.226,0.194,0.23,0.445,0.37,0.217,0.449,0.236,0.033,0.032,0.445,0.445,0.197,0.206,0.194,0.03,0.031,0.177,0.031,0.169,0.17,0.184,0.176,0.166,0.155,0.025,0.024,0.179,0.198,0.185,0.177,0,0,0.188,0.171,0.026,0.023,0.032,0.192,0.303,0.263,0.274,0.454,0.227,0,0.029,0.029,0,0,0.029,0.03,0.035,0.028,0.026,0.027,0,0,0,0,0,0.038,0,0,0,0.026,0.026,0.029,0,0,0,0,0.038,0,0,0.026,0,0,0,0.355,0.355,0.463,0.424,0.372,0.392,0.033,0.025,0.025,0.026,0,0.034,0.024,0,0.035,0.027,0,0,0,0.026,0,0.028,0,0.025,0.026,0.021,0.019,0.748,0.903,0.45,0.84,0.77,0.031,0.026,0.027,0.029,0.025,0.161,0.157,0.024,0.022,0.03,0,0,0.029,0.028,0,0.024,0,0,0.024,0.021,0.029,0.023,0.02,0.025,0.022,0.027,0.223,0.864,0.45,0.766,0.606,0.382,0.215,0.886,0.222,0.185,0.776,0.372,0.222,0.389,0.376,0.169,0.253,0,0,0.024,0,0,0,0,0.586,0.38,0.546,0.373,0.585,0.778,0.159,0,0,0.022,0,0,0,0,0,0,0,0.14,0.155,0.23,0.382,0.027,0.504,0.216,0.165,0.485,0.482,0,0.028,0.025,0.023,0.683,0.623,0.2,0.497,0,0,0.586,0.359,0.345,0.334,0.138,0,0.349,0.483,0.489,0,0,0.024,0.026,0,0.372,0.032,0.031,0.025,0.028,0.027,0.472,0.026,0.393,0.462,0,0,0,0,0,0.019,0.63,0.483,0,0,0.481,0,0,0,0.027,0.025,0.032,0.019,0.028,0.026,0.022,0.586,0,0.477,0,0.028,0.027,0.024,0.025,0.472,0.023,0.022,0.02,0.421,0.386,0.472,0.022,0.021,0.024,0.024,0.032,0.036,0.023,0.163,0.151,0.143,0.035,0.025,0.034,0.029,0.156,0.145,0,0,0.028,0.027,0.029,0.024,0.163,0,0.028,0.032,0.028,0.034,0.025,0.023,0.032,0.026,0.037,0,0.258,0.259,0.259,0.034,0.025,0.042,0.041,0.028,0.027,0.024,0,0,0,0,0,0,0,0,0.027,0.027,0.029,0.026,0.238,0.031,0.21,0.244,0.211,0.034,0.02,0,0,0.031,0.031,0.023,0.033,0.025,0.028,0.033,0,0.027,0.023,0.02,0,0.034,0.031,0.026,0.024,0,0,0,0,0,0,0.027,0,0,0,0,0.023,0.02,0.02
GO:0034660,0.354,0.041,0.25,0.063,0.044,0.194,0.266,0.383,0.341,0.32,0.311,0,0.036,0,0.05,0,0,0.289,0.045,0.579,0.571,0.528,0.573,0.617,0.564,0.045,0,0.312,0.159,0.033,0.26,0.034,0,0.221,0,0.038,0,0.28,0.231,0.318,0.248,0.338,0.32,0,0,0.033,0,0,0.223,0.207,0,0,0.255,0.225,0.03,0.568,0.337,0.672,0.161,0.209,0.604,0.179,0.029,0.309,0.296,0.03,0.03,0.5,0,0.257,0.307,0.028,0.029,0,0.611,0.604,0.222,0.605,0.195,0.195,0.038,0.035,0.029,0.032,0,0.037,0,0.04,0,0,0.176,0.165,0.944,0.982,0.44,0.563,0.141,0.231,0.265,0.245,0.234,0.201,0.239,0.461,0.383,0.225,0.464,0.245,0.035,0.033,0.461,0.461,0.204,0.213,0.201,0.031,0.033,0.183,0.032,0.174,0.175,0.191,0.181,0.171,0.159,0.026,0.024,0.185,0.204,0.19,0.183,0,0,0.194,0.176,0.027,0.023,0.033,0.202,0.318,0.274,0.288,0.476,0.238,0,0.03,0.03,0,0,0.03,0.031,0.037,0.029,0.027,0.027,0,0,0,0,0,0.039,0,0,0,0.026,0.027,0.03,0,0,0,0,0.04,0,0,0.027,0,0,0,0.366,0.366,0.482,0.44,0.385,0.405,0.034,0.026,0.026,0.027,0,0.036,0.025,0,0.037,0.027,0,0,0,0.027,0,0.029,0,0.026,0.026,0.022,0.019,0.708,0.861,0.466,0.869,0.73,0.032,0.027,0.028,0.03,0.025,0.165,0.161,0.025,0.022,0.031,0,0,0.03,0.029,0,0.025,0,0,0.025,0.021,0.03,0.024,0.021,0.026,0.023,0.028,0.232,0.896,0.387,0.79,0.621,0.398,0.223,0.844,0.231,0.191,0.801,0.387,0.231,0.406,0.392,0.176,0.264,0,0,0.024,0,0,0,0,0.613,0.391,0.569,0.384,0.375,0.503,0.163,0,0,0.022,0,0,0,0,0,0,0,0.145,0.159,0.239,0.218,0.028,0.524,0.224,0.169,0.508,0.505,0,0.028,0.026,0.024,0.44,0.4,0.208,0.317,0,0,0.613,0.369,0.354,0.342,0.141,0,0.358,0.308,0.513,0,0,0.025,0.026,0,0.383,0.034,0.032,0.026,0.029,0.028,0.489,0.027,0.408,0.479,0,0,0,0,0,0.019,0.405,0.308,0,0,0.499,0,0,0,0.028,0.025,0.033,0.019,0.029,0.027,0.023,0.613,0,0.5,0,0.029,0.028,0.024,0.026,0.489,0.023,0.022,0.021,0.434,0.397,0.489,0.022,0.021,0.025,0.024,0.034,0.038,0.024,0.168,0.155,0.147,0.036,0.025,0.035,0.03,0.161,0.149,0,0,0.029,0.028,0.03,0.024,0.168,0,0.029,0.033,0.029,0.035,0.025,0.024,0.033,0.027,0.039,0,0.269,0.272,0.271,0.035,0.026,0.044,0.043,0.029,0.028,0.025,0,0,0,0,0,0,0,0,0.027,0.027,0.03,0.026,0.248,0.032,0.218,0.254,0.218,0.035,0.021,0,0,0.032,0.032,0.024,0.034,0.026,0.029,0.035,0,0.028,0.024,0.021,0,0.035,0.032,0.027,0.025,0,0,0,0,0,0,0.028,0,0,0,0,0.023,0.02,0.02
GO:0000122,0.267,0.033,0.186,0.045,0.035,0.546,0.605,0.291,0.257,0.24,0.247,0.678,0.759,0.287,0.35,0,0.259,0.216,0.035,0.45,0.443,0.408,0.445,0.482,0.438,0.035,0,0.248,0.466,0.251,0.473,0.258,0.204,0.522,0.237,0.287,0.21,0.598,0.512,0.556,0.595,0.264,0.247,0.182,0.184,0.027,0,0,0.458,0.43,0.164,0.166,0.512,0.461,0.235,0.462,0.476,0.529,0.774,0.879,0.668,0.646,0.225,0.592,0.648,0.233,0.231,0.647,0.184,0.646,0.245,0.224,0.227,0.19,0.653,0.667,0.511,0.667,0.47,0.47,0.031,0.266,0.224,0.249,0,0.03,0,0.032,0,0,0.375,0.354,0.426,0.44,0.997,0.751,0.913,0.919,0.779,0.73,0.196,0.914,0.199,0.956,0.935,0.849,0.948,0.204,0.029,0.028,0.956,0.956,0.826,0.448,0.426,0.026,0.027,0.446,0.027,0.377,0.429,0.461,0.442,0.37,0.348,0.208,0.194,0.448,0.433,0.407,0.446,0.159,0.153,0.414,0.38,0.214,0.189,0.027,0.487,0.558,0.496,0.495,0.551,0.49,0.169,0.644,0.647,0.546,0.557,0.026,0.241,0.03,0.224,0.212,0.216,0,0,0,0,0,0.032,0,0,0.19,0.583,0.585,0.235,0,0,0,0,0.032,0.215,0.214,0.595,0.195,0,0.191,0.314,0.314,0.396,0.367,0.327,0.342,0.028,0.022,0.022,0.023,0,0.029,0.022,0,0.03,0.023,0,0,0,0.216,0.204,0.23,0,0.206,0.21,0.019,0.157,0.334,0.395,0.392,0.398,0.343,0.027,0.023,0.605,0.234,0.562,0.354,0.347,0.197,0.5,0.243,0.152,0.149,0.232,0.629,0.153,0.197,0,0.141,0.197,0.477,0.234,0.19,0.468,0.205,0.508,0.605,0.19,0.408,0.473,0.393,0.319,0.326,0.185,0.388,0.189,0.163,0.371,0.467,0.189,0.331,0.471,0.142,0.439,0,0,0.021,0,0,0.154,0.414,0.65,0.447,0.739,0.53,0.326,0.419,0.144,0,0,0.5,0,0,0,0,0,0,0,0.542,0.14,0.544,0.445,0.616,0.433,0.189,0.148,0.607,0.609,0,0.024,0.208,0.19,0.374,0.345,0.543,0.375,0.142,0.119,0.649,0.441,0.425,0.492,0.127,0,0.499,0.274,0.615,0,0,0.021,0.209,0,0.332,0.028,0.027,0.572,0.624,0.22,0.561,0.593,0.548,0.656,0,0,0,0,0,0.157,0.463,0.365,0.534,0.534,0.553,0,0,0,0.024,0.202,0.027,0.017,0.024,0.214,0.186,0.65,0,0.603,0,0.024,0.606,0.195,0.571,0.561,0.189,0.5,0.169,0.492,0.456,0.561,0.18,0.484,0.022,0.021,0.028,0.031,0.193,0.732,0.386,0.65,0.03,0.022,0.029,0.025,0.398,0.658,0.163,0.165,0.025,0.024,0.025,0.021,0.732,0.159,0.025,0.027,0.025,0.029,0.022,0.194,0.027,0.023,0.031,0,0.22,0.215,0.215,0.029,0.022,0.035,0.313,0.225,0.219,0.197,0,0,0,0,0,0,0,0,0.023,0.152,0.025,0.209,0.201,0.027,0.184,0.21,0.184,0.029,0.169,0.185,0,0.027,0.027,0.192,0.028,0.205,0.16,0.264,0,0.219,0.193,0.169,0.124,0.029,0.027,0.212,0.2,0,0,0.196,0.196,0.172,0.165,0.22,0,0.16,0.124,0.163,0.521,0.164,0.456
GO:0006357,0.383,0.043,0.272,0.069,0.047,0.738,0.808,0.415,0.369,0.347,0.331,0.302,0.354,0.409,0.493,0,0.372,0.314,0.048,0.621,0.612,0.567,0.614,0.66,0.606,0.048,0,0.332,0.6,0.317,0.606,0.327,0.259,0.667,0.315,0.376,0.269,0.799,0.653,0.75,0.796,0.362,0.344,0.232,0.235,0.034,0,0,0.569,0.526,0.203,0.206,0.653,0.573,0.291,0.6,0.653,0.718,0.606,0.627,0.88,0.855,0.276,0.793,0.858,0.289,0.286,0.856,0.228,0.856,0.327,0.274,0.279,0.236,0.864,0.88,0.633,0.88,0.584,0.584,0.04,0.341,0.275,0.314,0,0.039,0,0.042,0,0,0.446,0.416,0.54,0.563,0.751,0.972,0.661,0.661,0.619,0.62,0.246,0.661,0.25,0.661,0.648,0.635,0.647,0.258,0.037,0.035,0.661,0.661,0.579,0.551,0.518,0.033,0.034,0.547,0.034,0.446,0.522,0.57,0.541,0.438,0.407,0.252,0.232,0.551,0.528,0.49,0.547,0.196,0.186,0.5,0.451,0.26,0.224,0.035,0.666,0.752,0.644,0.676,0.744,0.67,0.21,0.287,0.289,0.229,0.235,0.032,0.302,0.039,0.275,0.257,0.263,0,0,0,0,0,0.042,0,0,0.237,0.255,0.256,0.292,0,0,0,0,0.042,0.277,0.275,0.261,0.253,0,0.238,0.381,0.381,0.508,0.462,0.401,0.424,0.036,0.027,0.027,0.028,0,0.038,0.026,0,0.039,0.029,0,0,0,0.262,0.259,0.285,0,0.248,0.255,0.022,0.181,0.401,0.491,0.487,0.496,0.414,0.034,0.028,0.266,0.291,0.244,0.416,0.406,0.235,0.212,0.304,0.185,0.18,0.287,0.279,0.187,0.235,0,0.168,0.235,0.201,0.29,0.225,0.196,0.246,0.216,0.266,0.245,0.512,0.606,0.481,0.374,0.42,0.234,0.481,0.243,0.2,0.455,0.598,0.244,0.429,0.605,0.187,0.579,0,0,0.025,0,0,0.183,0.164,0.86,0.537,0.959,0.635,0.389,0.528,0.169,0,0,0.212,0,0,0,0,0,0,0,0.683,0.164,0.684,0.55,0.272,0.551,0.234,0.175,0.811,0.813,0,0.03,0.251,0.225,0.459,0.416,0.683,0.435,0.171,0.138,0.859,0.525,0.502,0.578,0.145,0,0.591,0.317,0.819,0,0,0.026,0.253,0,0.397,0.035,0.034,0.249,0.277,0.269,0.704,0.26,0.691,0.819,0,0,0,0,0,0.181,0.56,0.422,0.223,0.223,0.696,0,0,0,0.029,0.243,0.035,0.02,0.03,0.26,0.219,0.86,0,0.805,0,0.03,0.267,0.232,0.248,0.704,0.224,0.212,0.196,0.603,0.549,0.704,0.212,0.204,0.026,0.025,0.035,0.04,0.23,0.501,0.46,0.434,0.038,0.026,0.037,0.031,0.476,0.441,0.202,0.205,0.031,0.029,0.032,0.025,0.501,0.196,0.03,0.034,0.031,0.037,0.026,0.231,0.035,0.028,0.041,0,0.284,0.29,0.289,0.037,0.027,0.047,0.423,0.277,0.267,0.236,0,0,0,0,0,0,0,0,0.029,0.186,0.031,0.253,0.263,0.033,0.227,0.267,0.227,0.037,0.196,0.23,0,0.034,0.033,0.228,0.036,0.247,0.196,0.339,0,0.267,0.23,0.196,0.143,0.037,0.034,0.258,0.24,0,0,0.246,0.247,0.21,0.199,0.269,0,0.198,0.143,0.196,0.222,0.19,0.19
GO:0009890,0.202,0,0.213,0,0,0.609,0.585,0.199,0.204,0.206,0.166,0.749,0.704,0.326,0.313,0,0.295,0.209,0,0.181,0.182,0.186,0.182,0.178,0.183,0,0,0.166,0.512,0.216,0.506,0.223,0.223,0.498,0.263,0.25,0.23,0.588,0.496,0.605,0.59,0.179,0.185,0.199,0.202,0,0,0,0.44,0.411,0.177,0.18,0.496,0.443,0.201,0.148,0.178,0.172,0.85,0.776,0.704,0.716,0.192,0.591,0.714,0.2,0.198,0.569,0.2,0.715,0.164,0.191,0.194,0.206,0.566,0.704,0.55,0.704,0.444,0.444,0,0.23,0.191,0.215,0,0,0,0,0,0,0.355,0.333,0.136,0.141,0.913,0.661,0.992,0.987,0.846,0.788,0.129,0.991,0.131,0.951,0.737,0.797,0.727,0.134,0,0,0.951,0.951,0.879,0.421,0.399,0,0,0.419,0,0.349,0.402,0.434,0.415,0.343,0.322,0.177,0.164,0.421,0.406,0.38,0.419,0.172,0.164,0.387,0.353,0.182,0.159,0,0.545,0.521,0.458,0.542,0.523,0.544,0.183,0.588,0.591,0.591,0.605,0,0.208,0,0.191,0.18,0.184,0,0,0,0,0,0,0,0,0.207,0.528,0.531,0.202,0,0,0,0,0,0.236,0.234,0.54,0.215,0,0.207,0.111,0.111,0.143,0.131,0.116,0.122,0,0,0,0,0,0,0,0,0,0,0,0,0,0.184,0.223,0.197,0,0.175,0.179,0,0.131,0.104,0.125,0.124,0.126,0.107,0,0,0.55,0.201,0.508,0.333,0.326,0.166,0.449,0.209,0.164,0.16,0.199,0.573,0.165,0.166,0,0.15,0.166,0.427,0.2,0.16,0.418,0.174,0.456,0.55,0.145,0.129,0.434,0.355,0.284,0.145,0.134,0.123,0.145,0.117,0.117,0.435,0.145,0.147,0.439,0.157,0.482,0,0,0,0,0,0.164,0.439,0.489,0.325,0.458,0.319,0.102,0.133,0.092,0,0,0.449,0,0,0,0,0,0,0,0.591,0.09,0.589,0.432,0.561,0.138,0.124,0.095,0.504,0.503,0,0,0.177,0.16,0.118,0.108,0.591,0.31,0.152,0.126,0.489,0.449,0.432,0.419,0.081,0,0.437,0.084,0.501,0,0,0,0.178,0,0.103,0,0,0.517,0.569,0.188,0.582,0.538,0.474,0.571,0,0,0,0,0,0.131,0.389,0.302,0.577,0.578,0.471,0,0,0,0,0.171,0,0,0,0.182,0.157,0.489,0,0.505,0,0,0.551,0.165,0.516,0.582,0.159,0.449,0.141,0.415,0.382,0.582,0.152,0.433,0,0,0,0,0.163,0.637,0.359,0.561,0,0,0,0,0.371,0.568,0.177,0.179,0,0,0,0,0.637,0.172,0,0,0,0,0,0.164,0,0,0,0,0.146,0.167,0.167,0,0,0,0.276,0.192,0.186,0.167,0,0,0,0,0,0,0,0,0,0.164,0,0.178,0.154,0,0.12,0.139,0.12,0,0.141,0.201,0,0,0,0.162,0,0.174,0.172,0.229,0,0.186,0.163,0.141,0.131,0,0,0.181,0.17,0,0,0.213,0.214,0.186,0.177,0.188,0,0.174,0.131,0.175,0.468,0.138,0.406
GO:0010558,0.2,0,0.211,0,0,0.605,0.581,0.327,0.202,0.204,0.273,0.744,0.7,0.323,0.311,0,0.292,0.244,0,0.212,0.181,0.184,0.18,0.292,0.214,0,0,0.274,0.509,0.215,0.515,0.221,0.221,0.495,0.261,0.249,0.229,0.584,0.493,0.616,0.585,0.293,0.217,0.198,0.201,0,0,0,0.449,0.419,0.176,0.179,0.506,0.452,0.2,0.244,0.293,0.283,0.844,0.772,0.704,0.711,0.191,0.601,0.713,0.199,0.197,0.565,0.198,0.71,0.27,0.19,0.193,0.205,0.576,0.704,0.55,0.704,0.442,0.442,0,0.229,0.19,0.214,0,0,0,0,0,0,0.362,0.34,0.223,0.231,0.919,0.661,0.987,0.993,0.85,0.792,0.212,0.985,0.216,0.957,0.733,0.792,0.73,0.221,0,0,0.957,0.957,0.885,0.43,0.407,0,0,0.417,0,0.357,0.4,0.432,0.413,0.351,0.329,0.176,0.164,0.419,0.414,0.388,0.417,0.171,0.164,0.395,0.36,0.181,0.159,0,0.541,0.617,0.543,0.538,0.519,0.544,0.182,0.585,0.588,0.588,0.601,0,0.206,0,0.19,0.179,0.183,0,0,0,0,0,0,0,0,0.205,0.526,0.528,0.201,0,0,0,0,0,0.234,0.233,0.537,0.214,0,0.206,0.183,0.183,0.235,0.216,0.191,0.201,0,0,0,0,0,0,0,0,0,0,0,0,0,0.183,0.222,0.196,0,0.174,0.178,0,0.131,0.172,0.205,0.204,0.207,0.177,0,0,0.547,0.2,0.506,0.34,0.333,0.166,0.447,0.208,0.163,0.159,0.198,0.57,0.164,0.166,0,0.15,0.166,0.425,0.199,0.159,0.416,0.173,0.454,0.547,0.171,0.213,0.515,0.422,0.338,0.17,0.158,0.202,0.17,0.138,0.192,0.436,0.17,0.146,0.437,0.156,0.483,0,0,0,0,0,0.164,0.437,0.58,0.386,0.543,0.379,0.167,0.219,0.152,0,0,0.447,0,0,0,0,0,0,0,0.587,0.148,0.589,0.44,0.558,0.227,0.203,0.157,0.5,0.5,0,0,0.176,0.159,0.194,0.178,0.587,0.317,0.152,0.125,0.58,0.45,0.432,0.419,0.133,0,0.438,0.139,0.502,0,0,0,0.177,0,0.17,0,0,0.515,0.566,0.187,0.582,0.535,0.471,0.571,0,0,0,0,0,0.131,0.397,0.308,0.574,0.575,0.48,0,0,0,0,0.171,0,0,0,0.181,0.156,0.58,0,0.506,0,0,0.548,0.164,0.514,0.582,0.159,0.447,0.141,0.424,0.39,0.582,0.151,0.432,0,0,0,0,0.162,0.634,0.357,0.559,0,0,0,0,0.369,0.566,0.176,0.178,0,0,0,0,0.634,0.171,0,0,0,0,0,0.163,0,0,0,0,0.24,0.166,0.166,0,0,0,0.274,0.191,0.186,0.166,0,0,0,0,0,0,0,0,0,0.163,0,0.177,0.153,0,0.198,0.228,0.198,0,0.141,0.2,0,0,0,0.162,0,0.173,0.172,0.228,0,0.185,0.162,0.141,0.131,0,0,0.18,0.169,0,0,0.212,0.212,0.185,0.176,0.187,0,0.173,0.131,0.174,0.466,0.137,0.405
GO:0010605,0.245,0,0.261,0,0,0.715,0.682,0.399,0.247,0.25,0.321,0.866,0.806,0.394,0.376,0,0.358,0.301,0,0.254,0.216,0.222,0.216,0.348,0.256,0,0,0.322,0.584,0.245,0.591,0.253,0.253,0.566,0.306,0.289,0.262,0.687,0.564,0.727,0.688,0.35,0.261,0.226,0.23,0,0,0,0.505,0.468,0.198,0.202,0.579,0.509,0.225,0.282,0.349,0.335,0.972,0.877,0.665,0.66,0.214,0.707,0.676,0.223,0.222,0.66,0.223,0.66,0.317,0.213,0.216,0.231,0.673,0.665,0.502,0.665,0.498,0.498,0,0.263,0.213,0.243,0,0,0,0,0,0,0.398,0.372,0.254,0.265,0.779,0.619,0.846,0.85,0.977,0.902,0.24,0.845,0.245,0.816,0.826,0.903,0.823,0.252,0,0,0.816,0.816,0.747,0.482,0.453,0,0,0.466,0,0.392,0.445,0.486,0.462,0.384,0.358,0.196,0.18,0.47,0.462,0.43,0.466,0.192,0.182,0.438,0.396,0.201,0.174,0,0.209,0.328,0.282,0.208,0.199,0.247,0.206,0.658,0.662,0.662,0.678,0,0.233,0,0.213,0.199,0.204,0,0,0,0,0,0,0,0,0.232,0.584,0.587,0.226,0,0,0,0,0,0.269,0.268,0.598,0.247,0,0.233,0.203,0.204,0.27,0.246,0.214,0.226,0,0,0,0,0,0,0,0,0,0,0,0,0,0.204,0.253,0.22,0,0.193,0.198,0,0.141,0.19,0.232,0.23,0.234,0.196,0,0,0.611,0.225,0.559,0.372,0.363,0.183,0.488,0.235,0.181,0.177,0.222,0.64,0.183,0.183,0,0.165,0.183,0.462,0.224,0.175,0.452,0.191,0.497,0.611,0.196,0.241,0.266,0.212,0.166,0.196,0.18,0.227,0.195,0.154,0.215,0.19,0.195,0.169,0.163,0.182,0.214,0,0,0,0,0,0.18,0.477,0.305,0.192,0.282,0.189,0.184,0.249,0.166,0,0,0.488,0,0,0,0,0,0,0,0.53,0.162,0.542,0.494,0.624,0.259,0.229,0.172,0.191,0.19,0,0,0.195,0.175,0.217,0.197,0.53,0.344,0.168,0.136,0.305,0.402,0.384,0.372,0.144,0,0.389,0.151,0.224,0,0,0,0.196,0,0.188,0,0,0.57,0.634,0.208,0.535,0.595,0.536,0.523,0,0,0,0,0,0.141,0.441,0.334,0.645,0.645,0.546,0,0,0,0,0.189,0,0,0,0.201,0.171,0.305,0,0.226,0,0,0.611,0.181,0.569,0.535,0.174,0.488,0.153,0.474,0.432,0.535,0.165,0.47,0,0,0,0,0.178,0.703,0.393,0.612,0,0,0,0,0.407,0.621,0.198,0.2,0,0,0,0,0.703,0.192,0,0,0,0,0,0.179,0,0,0,0,0.276,0.196,0.195,0,0,0,0.324,0.214,0.207,0.183,0,0,0,0,0,0,0,0,0,0.182,0,0.197,0.178,0,0.223,0.261,0.223,0,0.153,0.225,0,0,0,0.178,0,0.192,0.192,0.261,0,0.207,0.178,0.153,0.141,0,0,0.2,0.187,0,0,0.241,0.241,0.206,0.195,0.209,0,0.194,0.141,0.193,0.511,0.148,0.439
GO:0010629,0.218,0,0.23,0,0,0.649,0.622,0.356,0.22,0.222,0.293,0.794,0.743,0.351,0.337,0,0.318,0.267,0,0.229,0.195,0.199,0.194,0.314,0.231,0,0,0.293,0.539,0.227,0.546,0.234,0.234,0.524,0.279,0.265,0.242,0.625,0.522,0.661,0.627,0.316,0.235,0.21,0.212,0,0,0,0.472,0.439,0.186,0.189,0.536,0.475,0.21,0.469,0.57,0.304,0.896,0.815,0.662,0.604,0.2,0.701,0.618,0.209,0.207,0.603,0.209,0.603,0.289,0.199,0.202,0.216,0.615,0.609,0.469,0.609,0.465,0.465,0,0.243,0.2,0.226,0,0,0,0,0,0,0.377,0.353,0.427,0.245,0.73,0.62,0.788,0.792,0.902,0.988,0.223,0.787,0.227,0.762,0.771,0.838,0.768,0.234,0,0,0.762,0.762,0.702,0.451,0.426,0,0,0.437,0,0.371,0.419,0.454,0.433,0.365,0.341,0.184,0.17,0.44,0.434,0.405,0.437,0.18,0.171,0.413,0.375,0.189,0.165,0,0.189,0.298,0.26,0.188,0.181,0.223,0.192,0.615,0.618,0.618,0.633,0,0.217,0,0.2,0.188,0.192,0,0,0,0,0,0,0,0,0.216,0.55,0.553,0.211,0,0,0,0,0,0.249,0.247,0.562,0.227,0,0.217,0.191,0.192,0.249,0.228,0.201,0.211,0,0,0,0,0,0,0,0,0,0,0,0,0,0.191,0.234,0.206,0,0.182,0.186,0,0.135,0.324,0.391,0.215,0.218,0.334,0,0,0.574,0.21,0.528,0.353,0.346,0.173,0.464,0.219,0.17,0.166,0.208,0.599,0.172,0.173,0,0.156,0.173,0.441,0.21,0.166,0.431,0.181,0.472,0.574,0.181,0.224,0.445,0.36,0.286,0.18,0.167,0.384,0.18,0.144,0.202,0.176,0.18,0.156,0.15,0.166,0.196,0,0,0,0,0,0.17,0.454,0.504,0.328,0.47,0.323,0.316,0.418,0.158,0,0,0.464,0,0,0,0,0,0,0,0.493,0.154,0.504,0.503,0.586,0.24,0.214,0.164,0.174,0.174,0,0,0.184,0.166,0.368,0.336,0.493,0.328,0.158,0.13,0.279,0.414,0.397,0.384,0.137,0,0.402,0.261,0.204,0,0,0,0.185,0,0.178,0,0,0.538,0.594,0.196,0.542,0.56,0.498,0.531,0,0,0,0,0,0.135,0.415,0.319,0.603,0.604,0.507,0,0,0,0,0.178,0,0,0,0.189,0.162,0.504,0,0.206,0,0,0.574,0.171,0.537,0.498,0.165,0.464,0.146,0.445,0.408,0.498,0.157,0.448,0,0,0,0,0.169,0.663,0.372,0.581,0,0,0,0,0.385,0.589,0.185,0.187,0,0,0,0,0.663,0.18,0,0,0,0,0,0.17,0,0,0,0,0.255,0.178,0.178,0,0,0,0.294,0.201,0.194,0.173,0,0,0,0,0,0,0,0,0,0.171,0,0.185,0.163,0,0.208,0.241,0.208,0,0.146,0.21,0,0,0,0.168,0,0.181,0.18,0.241,0,0.194,0.169,0.146,0.135,0,0,0.188,0.176,0,0,0.224,0.224,0.193,0.184,0.196,0,0.181,0.135,0.182,0.485,0.142,0.419
GO:0016567,0.307,0,0.215,0,0,0.172,0.165,0.333,0.206,0.277,0.277,0,0,0,0,0,0,0.249,0,0.275,0.184,0.282,0.183,0.297,0.218,0,0,0.653,0.144,0,0.236,0,0,0.14,0,0,0,0.25,0.21,0.283,0.222,0.535,0.468,0,0,0,0,0,0.503,0.469,0,0,0.415,0.37,0,0.247,0.298,0.288,0.146,0.133,0.262,0.161,0,0.276,0.265,0,0,0.241,0,0.16,0.673,0,0,0,0.264,0.262,0.204,0.262,0.125,0.125,0,0,0,0,0,0,0,0,0,0,0.696,0.654,0.226,0.234,0.196,0.246,0.129,0.212,0.24,0.223,0.992,0.129,0.973,0.204,0.189,0.205,0.206,0.945,0,0,0.204,0.204,0.189,0.482,0.456,0,0,0.118,0,0.399,0.113,0.122,0.117,0.392,0.367,0,0,0.119,0.464,0.434,0.118,0,0,0.441,0.403,0,0,0,0.179,0.282,0.248,0.178,0.257,0.211,0,0,0,0,0,0,0,0,0,0,0,0,0,0,0,0,0,0,0,0,0,0,0,0,0,0,0,0,0,0,0,0,0,0,0.185,0.185,0.238,0.219,0.193,0.203,0,0,0,0,0,0,0,0,0,0,0,0,0,0,0,0,0,0,0,0,0,0.408,0.208,0.485,0.21,0.178,0,0,0,0,0,0.716,0.701,0,0,0,0,0,0,0,0,0,0,0,0,0,0,0,0,0,0,0,0.173,0.215,0.421,0.344,0.275,0.365,0.339,0.204,0.172,0.294,0.294,0.356,0.172,0.223,0.216,0.158,0.395,0,0,0,0,0,0,0,0.265,0.176,0.248,0.173,0.169,0.222,0.709,0,0,0,0,0,0,0,0,0,0,0.132,0.692,0.219,0.201,0,0.23,0.504,0.734,0.165,0.165,0,0,0,0,0.196,0.179,0.132,0.144,0,0,0.265,0.166,0.16,0.155,0.62,0,0.162,0.14,0.247,0,0,0,0,0,0.172,0,0,0,0,0,0.216,0,0.201,0.212,0,0,0,0,0,0,0.181,0.14,0,0,0.22,0,0,0,0,0,0,0,0,0,0,0.265,0,0.196,0,0,0,0,0,0.216,0,0,0,0.194,0.178,0.216,0,0,0,0,0,0,0,0.109,0.101,0.096,0,0,0,0,0.104,0.097,0,0,0,0,0,0,0.109,0,0,0,0,0,0,0,0,0,0,0,0.596,0.169,0.168,0,0,0,0,0,0,0,0,0,0,0,0,0,0,0,0,0,0,0,0.156,0,0.491,0.566,0.492,0,0,0,0,0,0,0,0,0,0,0,0,0,0,0,0,0,0,0,0,0,0,0,0,0,0,0,0,0,0,0,0,0,0
GO:0031327,0.202,0.036,0.212,0.052,0.039,0.608,0.672,0.199,0.292,0.205,0.238,0.748,0.834,0.325,0.395,0,0.294,0.208,0.039,0.26,0.261,0.266,0.26,0.254,0.182,0.039,0,0.166,0.511,0.273,0.505,0.281,0.222,0.571,0.263,0.316,0.23,0.587,0.495,0.604,0.589,0.178,0.185,0.199,0.202,0.03,0,0,0.439,0.41,0.177,0.18,0.496,0.442,0.254,0.213,0.178,0.247,0.848,0.956,0.704,0.714,0.242,0.59,0.713,0.252,0.25,0.652,0.199,0.715,0.164,0.241,0.245,0.206,0.649,0.704,0.55,0.704,0.51,0.51,0.034,0.291,0.242,0.272,0,0.033,0,0.035,0,0,0.354,0.333,0.194,0.201,0.914,0.661,0.991,0.985,0.845,0.787,0.129,0.992,0.131,0.953,0.908,0.796,0.895,0.134,0.031,0.03,0.953,0.953,0.88,0.484,0.458,0.028,0.03,0.481,0.029,0.401,0.461,0.499,0.476,0.394,0.369,0.224,0.207,0.484,0.466,0.436,0.481,0.172,0.164,0.444,0.405,0.23,0.201,0.03,0.544,0.52,0.467,0.553,0.534,0.543,0.183,0.696,0.7,0.59,0.604,0.028,0.262,0.033,0.242,0.228,0.233,0,0,0,0,0,0.035,0,0,0.206,0.626,0.629,0.255,0,0,0,0,0.035,0.235,0.234,0.639,0.215,0,0.207,0.159,0.159,0.204,0.188,0.167,0.175,0.031,0.024,0.024,0.025,0,0.032,0.023,0,0.033,0.025,0,0,0,0.232,0.223,0.249,0,0.221,0.226,0.02,0.166,0.15,0.179,0.178,0.18,0.154,0.029,0.025,0.652,0.254,0.602,0.333,0.326,0.21,0.532,0.264,0.163,0.159,0.251,0.679,0.165,0.21,0,0.15,0.21,0.505,0.253,0.202,0.495,0.219,0.541,0.652,0.208,0.185,0.443,0.363,0.29,0.208,0.193,0.176,0.207,0.168,0.167,0.444,0.207,0.211,0.448,0.157,0.481,0,0,0.023,0,0,0.164,0.439,0.499,0.332,0.467,0.326,0.146,0.191,0.092,0,0,0.532,0,0,0,0,0,0,0,0.59,0.09,0.588,0.431,0.664,0.198,0.123,0.095,0.514,0.513,0,0.026,0.223,0.202,0.169,0.155,0.591,0.356,0.152,0.126,0.499,0.45,0.432,0.419,0.081,0,0.437,0.121,0.511,0,0,0.023,0.224,0,0.148,0.03,0.029,0.613,0.674,0.237,0.582,0.637,0.544,0.571,0,0,0,0,0,0.166,0.447,0.346,0.577,0.577,0.541,0,0,0,0.025,0.217,0.03,0.018,0.026,0.23,0.198,0.499,0,0.504,0,0.026,0.652,0.208,0.612,0.582,0.201,0.532,0.179,0.477,0.439,0.582,0.192,0.513,0.023,0.022,0.03,0.034,0.206,0.785,0.412,0.692,0.032,0.023,0.032,0.027,0.425,0.701,0.177,0.179,0.027,0.026,0.027,0.023,0.785,0.172,0.027,0.03,0.027,0.031,0.023,0.207,0.03,0.025,0.035,0,0.209,0.24,0.239,0.032,0.024,0.038,0.349,0.243,0.236,0.211,0,0,0,0,0,0,0,0,0.025,0.164,0.027,0.225,0.221,0.029,0.173,0.138,0.12,0.032,0.179,0.201,0,0.029,0.029,0.205,0.031,0.22,0.172,0.289,0,0.235,0.206,0.179,0.131,0.032,0.029,0.228,0.214,0,0,0.213,0.213,0.185,0.177,0.237,0,0.173,0.131,0.174,0.555,0.174,0.482
GO:0032446,0.315,0,0.221,0,0,0.176,0.169,0.342,0.211,0.284,0.284,0,0,0,0,0,0,0.256,0,0.281,0.188,0.289,0.188,0.304,0.223,0,0,0.668,0.147,0,0.24,0,0,0.143,0,0,0,0.255,0.214,0.289,0.226,0.548,0.48,0,0,0,0,0,0.511,0.476,0,0,0.423,0.376,0,0.252,0.305,0.294,0.148,0.135,0.267,0.164,0,0.282,0.271,0,0,0.246,0,0.164,0.687,0,0,0,0.27,0.267,0.207,0.267,0.127,0.127,0,0,0,0,0,0,0,0,0,0,0.705,0.662,0.23,0.239,0.199,0.25,0.131,0.216,0.245,0.227,0.973,0.131,0.99,0.208,0.193,0.209,0.209,0.961,0,0,0.208,0.208,0.192,0.489,0.463,0,0,0.12,0,0.404,0.115,0.124,0.119,0.397,0.371,0,0,0.121,0.471,0.44,0.12,0,0,0.448,0.408,0,0,0,0.183,0.289,0.253,0.182,0.263,0.216,0,0,0,0,0,0,0,0,0,0,0,0,0,0,0,0,0,0,0,0,0,0,0,0,0,0,0,0,0,0,0,0,0,0,0.187,0.188,0.242,0.223,0.196,0.206,0,0,0,0,0,0,0,0,0,0,0,0,0,0,0,0,0,0,0,0,0,0.413,0.211,0.493,0.213,0.181,0,0,0,0,0,0.7,0.685,0,0,0,0,0,0,0,0,0,0,0,0,0,0,0,0,0,0,0,0.176,0.219,0.429,0.35,0.278,0.372,0.345,0.207,0.175,0.299,0.299,0.363,0.175,0.227,0.22,0.161,0.403,0,0,0,0,0,0,0,0.27,0.178,0.253,0.175,0.171,0.226,0.693,0,0,0,0,0,0,0,0,0,0,0.135,0.676,0.222,0.204,0,0.234,0.513,0.717,0.169,0.168,0,0,0,0,0.199,0.182,0.135,0.146,0,0,0.271,0.169,0.162,0.157,0.604,0,0.164,0.142,0.252,0,0,0,0,0,0.174,0,0,0,0,0,0.22,0,0.204,0.215,0,0,0,0,0,0,0.184,0.142,0,0,0.224,0,0,0,0,0,0,0,0,0,0,0.271,0,0.2,0,0,0,0,0,0.22,0,0,0,0.197,0.181,0.22,0,0,0,0,0,0,0,0.111,0.102,0.097,0,0,0,0,0.106,0.098,0,0,0,0,0,0,0.111,0,0,0,0,0,0,0,0,0,0,0,0.608,0.172,0.172,0,0,0,0,0,0,0,0,0,0,0,0,0,0,0,0,0,0,0,0.159,0,0.499,0.577,0.5,0,0,0,0,0,0,0,0,0,0,0,0,0,0,0,0,0,0,0,0,0,0,0,0,0,0,0,0,0,0,0,0,0,0
GO:0045892,0.285,0.034,0.198,0.049,0.037,0.576,0.638,0.309,0.273,0.256,0.261,0.712,0.796,0.305,0.372,0,0.276,0.23,0.037,0.477,0.469,0.432,0.471,0.51,0.464,0.037,0,0.261,0.488,0.262,0.495,0.269,0.213,0.546,0.25,0.301,0.22,0.63,0.535,0.587,0.627,0.279,0.262,0.191,0.193,0.028,0,0,0.477,0.446,0.17,0.173,0.536,0.48,0.244,0.485,0.504,0.559,0.81,0.917,0.702,0.679,0.233,0.624,0.682,0.242,0.241,0.681,0.192,0.68,0.258,0.232,0.236,0.197,0.687,0.702,0.531,0.702,0.49,0.49,0.032,0.278,0.233,0.26,0,0.032,0,0.034,0,0,0.387,0.365,0.445,0.461,0.956,0.661,0.951,0.957,0.816,0.762,0.204,0.953,0.208,0.995,0.973,0.887,0.987,0.213,0.03,0.029,0.995,0.995,0.857,0.466,0.442,0.027,0.028,0.463,0.028,0.389,0.445,0.48,0.459,0.382,0.359,0.216,0.201,0.466,0.449,0.422,0.463,0.166,0.158,0.429,0.393,0.222,0.195,0.029,0.515,0.588,0.52,0.523,0.582,0.518,0.176,0.67,0.673,0.568,0.58,0.027,0.252,0.031,0.233,0.22,0.224,0,0,0,0,0,0.033,0,0,0.198,0.604,0.607,0.245,0,0,0,0,0.033,0.225,0.224,0.617,0.205,0,0.199,0.325,0.326,0.414,0.383,0.34,0.356,0.029,0.023,0.023,0.024,0,0.031,0.023,0,0.032,0.024,0,0,0,0.224,0.213,0.24,0,0.213,0.218,0.02,0.162,0.346,0.411,0.409,0.415,0.355,0.028,0.024,0.628,0.244,0.582,0.365,0.357,0.203,0.516,0.253,0.158,0.154,0.241,0.654,0.159,0.203,0,0.145,0.203,0.491,0.243,0.196,0.482,0.212,0.524,0.628,0.199,0.425,0.495,0.408,0.329,0.341,0.193,0.404,0.198,0.169,0.386,0.488,0.198,0.347,0.493,0.149,0.462,0,0,0.022,0,0,0.159,0.426,0.684,0.462,0.642,0.455,0.337,0.437,0.148,0,0,0.516,0,0,0,0,0,0,0,0.566,0.145,0.568,0.463,0.64,0.453,0.196,0.153,0.64,0.642,0,0.025,0.216,0.196,0.388,0.357,0.566,0.385,0.147,0.122,0.683,0.456,0.439,0.426,0.13,0,0.444,0.282,0.647,0,0,0.022,0.217,0,0.343,0.029,0.028,0.592,0.649,0.228,0.585,0.615,0.572,0.574,0,0,0,0,0,0.162,0.48,0.375,0.555,0.555,0.577,0,0,0,0.024,0.209,0.029,0.017,0.025,0.222,0.192,0.684,0,0.635,0,0.025,0.629,0.202,0.591,0.585,0.195,0.516,0.174,0.511,0.472,0.585,0.186,0.499,0.022,0.022,0.029,0.032,0.199,0.758,0.399,0.671,0.031,0.023,0.03,0.026,0.412,0.679,0.17,0.172,0.026,0.025,0.026,0.022,0.758,0.165,0.026,0.028,0.026,0.03,0.023,0.2,0.029,0.024,0.033,0,0.23,0.227,0.227,0.03,0.023,0.036,0.33,0.234,0.227,0.204,0,0,0,0,0,0,0,0,0.024,0.158,0.026,0.217,0.211,0.028,0.192,0.219,0.192,0.03,0.174,0.193,0,0.028,0.028,0.199,0.03,0.212,0.166,0.277,0,0.227,0.199,0.174,0.128,0.03,0.028,0.22,0.207,0,0,0.204,0.205,0.179,0.171,0.228,0,0.167,0.128,0.169,0.538,0.169,0.469
GO:0045934,0.294,0.035,0.205,0.051,0.038,0.592,0.655,0.228,0.283,0.265,0.232,0.731,0.815,0.315,0.384,0,0.285,0.238,0.038,0.491,0.484,0.446,0.485,0.482,0.478,0.038,0,0.192,0.5,0.268,0.494,0.275,0.218,0.559,0.256,0.309,0.225,0.647,0.548,0.588,0.644,0.261,0.27,0.195,0.197,0.029,0,0,0.487,0.455,0.174,0.177,0.548,0.49,0.249,0.404,0.205,0.468,0.83,0.937,0.689,0.555,0.238,0.575,0.554,0.247,0.246,0.699,0.196,0.637,0.241,0.237,0.24,0.202,0.695,0.689,0.493,0.689,0.5,0.5,0.033,0.285,0.237,0.266,0,0.032,0,0.034,0,0,0.394,0.37,0.37,0.383,0.935,0.648,0.737,0.733,0.826,0.771,0.189,0.908,0.193,0.973,0.994,0.907,0.981,0.198,0.031,0.029,0.973,0.973,0.807,0.475,0.45,0.028,0.029,0.472,0.029,0.395,0.453,0.49,0.468,0.388,0.364,0.22,0.204,0.475,0.458,0.429,0.472,0.169,0.161,0.437,0.399,0.226,0.198,0.029,0.172,0.195,0.208,0.246,0.408,0.203,0.179,0.683,0.687,0.579,0.592,0.027,0.257,0.032,0.237,0.224,0.229,0,0,0,0,0,0.034,0,0,0.202,0.615,0.618,0.25,0,0,0,0,0.034,0.23,0.229,0.628,0.21,0,0.203,0.304,0.305,0.389,0.359,0.318,0.334,0.03,0.024,0.024,0.024,0,0.031,0.023,0,0.032,0.025,0,0,0,0.228,0.218,0.244,0,0.217,0.222,0.02,0.164,0.286,0.341,0.339,0.344,0.294,0.028,0.024,0.64,0.249,0.592,0.37,0.363,0.207,0.524,0.259,0.161,0.157,0.246,0.667,0.162,0.207,0,0.148,0.207,0.498,0.248,0.199,0.489,0.216,0.533,0.64,0.204,0.353,0.341,0.316,0.254,0.349,0.198,0.335,0.203,0.172,0.32,0.341,0.203,0.355,0.344,0.153,0.229,0,0,0.022,0,0,0.162,0.433,0.432,0.289,0.405,0.285,0.279,0.363,0.137,0,0,0.524,0,0,0,0,0,0,0,0.46,0.133,0.459,0.423,0.653,0.376,0.182,0.141,0.438,0.436,0,0.026,0.22,0.199,0.322,0.296,0.529,0.386,0.15,0.124,0.432,0.443,0.426,0.413,0.12,0,0.431,0.232,0.443,0,0,0.023,0.221,0,0.284,0.03,0.029,0.603,0.662,0.233,0.572,0.626,0.585,0.561,0,0,0,0,0,0.164,0.482,0.375,0.566,0.567,0.581,0,0,0,0.025,0.213,0.029,0.018,0.026,0.226,0.195,0.432,0,0.431,0,0.026,0.641,0.205,0.602,0.572,0.198,0.524,0.176,0.514,0.474,0.572,0.189,0.506,0.023,0.022,0.03,0.033,0.203,0.772,0.406,0.682,0.032,0.023,0.031,0.027,0.419,0.69,0.173,0.175,0.026,0.025,0.027,0.022,0.772,0.169,0.026,0.029,0.026,0.031,0.023,0.203,0.029,0.024,0.034,0,0.214,0.234,0.233,0.031,0.023,0.037,0.34,0.239,0.231,0.208,0,0,0,0,0,0,0,0,0.025,0.161,0.027,0.221,0.216,0.028,0.177,0.204,0.177,0.031,0.176,0.197,0,0.029,0.028,0.202,0.03,0.216,0.169,0.283,0,0.231,0.203,0.176,0.13,0.031,0.028,0.224,0.211,0,0,0.209,0.209,0.182,0.174,0.233,0,0.17,0.13,0.172,0.547,0.171,0.475
GO:0051172,0.334,0,0.235,0,0,0.659,0.631,0.219,0.224,0.226,0.179,0.805,0.753,0.357,0.343,0,0.324,0.23,0,0.296,0.198,0.304,0.198,0.29,0.198,0,0,0.18,0.546,0.23,0.539,0.237,0.237,0.53,0.284,0.269,0.245,0.717,0.597,0.654,0.636,0.291,0.304,0.212,0.215,0,0,0,0.525,0.489,0.188,0.191,0.597,0.529,0.213,0.238,0.193,0.28,0.908,0.824,0.68,0.612,0.203,0.637,0.611,0.211,0.209,0.691,0.211,0.612,0.266,0.201,0.204,0.218,0.687,0.68,0.463,0.68,0.47,0.47,0,0.246,0.202,0.228,0,0,0,0,0,0,0.419,0.392,0.217,0.225,0.849,0.635,0.797,0.792,0.903,0.838,0.205,0.796,0.209,0.887,0.907,0.987,0.894,0.215,0,0,0.887,0.887,0.701,0.502,0.474,0,0,0.441,0,0.412,0.423,0.459,0.437,0.405,0.378,0.186,0.172,0.445,0.483,0.45,0.441,0.182,0.173,0.458,0.417,0.191,0.166,0,0.192,0.183,0.159,0.191,0.276,0.192,0.194,0.621,0.625,0.625,0.64,0,0.22,0,0.202,0.19,0.194,0,0,0,0,0,0,0,0,0.219,0.555,0.558,0.213,0,0,0,0,0,0.252,0.25,0.568,0.23,0,0.219,0.175,0.176,0.229,0.21,0.184,0.194,0,0,0,0,0,0,0,0,0,0,0,0,0,0.193,0.237,0.208,0,0.183,0.188,0,0.136,0.164,0.198,0.197,0.2,0.169,0,0,0.579,0.213,0.533,0.392,0.384,0.174,0.468,0.222,0.172,0.168,0.21,0.605,0.174,0.174,0,0.158,0.174,0.444,0.212,0.167,0.435,0.182,0.476,0.579,0.155,0.206,0.226,0.183,0.145,0.232,0.215,0.195,0.154,0.185,0.185,0.226,0.154,0.237,0.229,0.169,0.253,0,0,0,0,0,0.172,0.458,0.257,0.166,0.239,0.163,0.16,0.212,0.145,0,0,0.468,0,0,0,0,0,0,0,0.499,0.141,0.497,0.456,0.591,0.221,0.196,0.15,0.176,0.176,0,0,0.186,0.167,0.186,0.17,0.499,0.364,0.16,0.131,0.257,0.422,0.405,0.392,0.126,0,0.41,0.132,0.264,0,0,0,0.187,0,0.163,0,0,0.543,0.6,0.198,0.555,0.566,0.568,0.543,0,0,0,0,0,0.136,0.462,0.354,0.61,0.61,0.565,0,0,0,0,0.18,0,0,0,0.191,0.163,0.257,0,0.177,0,0,0.58,0.173,0.542,0.555,0.166,0.468,0.147,0.494,0.453,0.555,0.158,0.451,0,0,0,0,0.17,0.669,0.376,0.586,0,0,0,0,0.388,0.594,0.187,0.189,0,0,0,0,0.669,0.181,0,0,0,0,0,0.171,0,0,0,0,0.234,0.181,0.18,0,0,0,0.299,0.203,0.196,0.175,0,0,0,0,0,0,0,0,0,0.173,0,0.187,0.166,0,0.191,0.222,0.191,0,0.147,0.212,0,0,0,0.17,0,0.183,0.182,0.244,0,0.196,0.17,0.147,0.136,0,0,0.19,0.178,0,0,0.226,0.227,0.195,0.186,0.198,0,0.183,0.136,0.183,0.489,0.143,0.422
GO:0051253,0.288,0.035,0.201,0.049,0.037,0.582,0.644,0.313,0.277,0.259,0.263,0.719,0.803,0.309,0.376,0,0.279,0.233,0.038,0.482,0.475,0.437,0.476,0.515,0.469,0.037,0,0.264,0.492,0.264,0.499,0.271,0.215,0.551,0.252,0.304,0.221,0.636,0.54,0.593,0.633,0.282,0.265,0.192,0.194,0.029,0,0,0.481,0.45,0.172,0.174,0.54,0.484,0.246,0.489,0.281,0.565,0.817,0.924,0.687,0.545,0.235,0.579,0.558,0.244,0.242,0.687,0.193,0.626,0.26,0.234,0.237,0.199,0.694,0.687,0.487,0.687,0.493,0.493,0.033,0.28,0.234,0.262,0,0.032,0,0.034,0,0,0.39,0.367,0.449,0.464,0.948,0.647,0.727,0.73,0.823,0.768,0.206,0.895,0.209,0.987,0.981,0.894,0.994,0.215,0.03,0.029,0.987,0.987,0.797,0.469,0.445,0.027,0.029,0.466,0.028,0.391,0.448,0.483,0.462,0.385,0.361,0.217,0.202,0.469,0.452,0.425,0.466,0.167,0.159,0.432,0.395,0.223,0.196,0.029,0.169,0.268,0.236,0.241,0.401,0.199,0.177,0.675,0.678,0.572,0.584,0.027,0.254,0.032,0.234,0.221,0.226,0,0,0,0,0,0.034,0,0,0.2,0.608,0.611,0.247,0,0,0,0,0.034,0.227,0.226,0.621,0.207,0,0.2,0.328,0.328,0.418,0.386,0.342,0.359,0.03,0.023,0.023,0.024,0,0.031,0.023,0,0.032,0.024,0,0,0,0.225,0.215,0.241,0,0.215,0.219,0.02,0.162,0.348,0.414,0.412,0.418,0.358,0.028,0.024,0.633,0.246,0.585,0.367,0.359,0.205,0.519,0.255,0.159,0.155,0.243,0.658,0.16,0.205,0,0.146,0.205,0.494,0.245,0.197,0.484,0.213,0.527,0.633,0.201,0.429,0.336,0.384,0.309,0.344,0.195,0.407,0.2,0.17,0.389,0.336,0.2,0.35,0.339,0.15,0.226,0,0,0.022,0,0,0.16,0.428,0.522,0.352,0.49,0.346,0.339,0.441,0.149,0,0,0.519,0,0,0,0,0,0,0,0.454,0.145,0.464,0.428,0.645,0.456,0.198,0.154,0.431,0.428,0,0.025,0.217,0.197,0.391,0.36,0.521,0.387,0.148,0.123,0.523,0.445,0.428,0.415,0.131,0,0.433,0.283,0.435,0,0,0.022,0.218,0,0.345,0.029,0.028,0.596,0.653,0.23,0.572,0.619,0.577,0.561,0,0,0,0,0,0.162,0.483,0.377,0.559,0.559,0.581,0,0,0,0.025,0.211,0.029,0.018,0.025,0.223,0.193,0.522,0,0.424,0,0.026,0.633,0.203,0.595,0.572,0.196,0.519,0.175,0.515,0.475,0.572,0.187,0.502,0.023,0.022,0.029,0.033,0.201,0.763,0.401,0.675,0.031,0.023,0.031,0.026,0.414,0.683,0.171,0.173,0.026,0.025,0.027,0.022,0.763,0.167,0.026,0.029,0.026,0.03,0.023,0.201,0.029,0.024,0.033,0,0.232,0.23,0.229,0.031,0.023,0.037,0.334,0.236,0.229,0.205,0,0,0,0,0,0,0,0,0.025,0.159,0.027,0.218,0.213,0.028,0.193,0.221,0.193,0.031,0.175,0.194,0,0.028,0.028,0.2,0.03,0.214,0.167,0.279,0,0.228,0.201,0.175,0.128,0.03,0.028,0.222,0.209,0,0,0.206,0.206,0.18,0.172,0.23,0,0.168,0.128,0.17,0.541,0.17,0.471
GO:0070647,0.329,0,0.231,0,0,0.182,0.174,0.357,0.22,0.296,0.293,0,0,0,0,0,0,0.267,0,0.292,0.195,0.3,0.195,0.315,0.231,0,0,0.69,0.151,0,0.247,0,0,0.147,0,0,0,0.264,0.22,0.299,0.234,0.568,0.498,0,0,0,0,0,0.524,0.487,0,0,0.435,0.386,0,0.26,0.316,0.305,0.153,0.139,0.276,0.169,0,0.292,0.28,0,0,0.254,0,0.169,0.711,0,0,0,0.279,0.276,0.212,0.276,0.13,0.13,0,0,0,0,0,0,0,0,0,0,0.719,0.674,0.236,0.245,0.204,0.258,0.134,0.221,0.252,0.234,0.945,0.134,0.961,0.213,0.198,0.215,0.215,0.988,0,0,0.213,0.213,0.196,0.501,0.473,0,0,0.123,0,0.412,0.117,0.127,0.121,0.404,0.378,0,0,0.123,0.481,0.45,0.123,0,0,0.458,0.416,0,0,0,0.19,0.299,0.26,0.189,0.273,0.224,0,0,0,0,0,0,0,0,0,0,0,0,0,0,0,0,0,0,0,0,0,0,0,0,0,0,0,0,0,0,0,0,0,0,0.192,0.192,0.249,0.229,0.201,0.211,0,0,0,0,0,0,0,0,0,0,0,0,0,0,0,0,0,0,0,0,0,0.422,0.217,0.506,0.219,0.185,0,0,0,0,0,0.674,0.66,0,0,0,0,0,0,0,0,0,0,0,0,0,0,0,0,0,0,0,0.182,0.225,0.442,0.358,0.284,0.383,0.354,0.212,0.181,0.306,0.306,0.373,0.181,0.234,0.226,0.167,0.416,0,0,0,0,0,0,0,0.279,0.182,0.26,0.179,0.175,0.232,0.667,0,0,0,0,0,0,0,0,0,0,0.138,0.651,0.228,0.209,0,0.241,0.525,0.691,0.174,0.174,0,0,0,0,0.204,0.186,0.138,0.149,0,0,0.28,0.172,0.165,0.16,0.581,0,0.167,0.144,0.26,0,0,0,0,0,0.178,0,0,0,0,0,0.225,0,0.21,0.221,0,0,0,0,0,0,0.188,0.144,0,0,0.23,0,0,0,0,0,0,0,0,0,0,0.279,0,0.207,0,0,0,0,0,0.225,0,0,0,0.201,0.185,0.225,0,0,0,0,0,0,0,0.113,0.104,0.099,0,0,0,0,0.108,0.1,0,0,0,0,0,0,0.113,0,0,0,0,0,0,0,0,0,0,0,0.626,0.178,0.178,0,0,0,0,0,0,0,0,0,0,0,0,0,0,0,0,0,0,0,0.164,0,0.511,0.593,0.512,0,0,0,0,0,0,0,0,0,0,0,0,0,0,0,0,0,0,0,0,0,0,0,0,0,0,0,0,0,0,0,0,0,0
GO:0070887,0,0.041,0,0.063,0.044,0,0.041,0,0.053,0,0.042,0,0.036,0,0.049,0.499,0,0,0.045,0.046,0.046,0.048,0.046,0.045,0,0.632,0,0,0,0.461,0,0.034,0,0.034,0,0.038,0.36,0,0,0,0,0,0,0,0,0.033,0.696,0.808,0,0,0,0,0,0,0.425,0.037,0,0.044,0,0.032,0.039,0,0.404,0,0,0.03,0.03,0.04,0,0.04,0,0.028,0.029,0.319,0.04,0.039,0.03,0.039,0.03,0.03,0.038,0.035,0.029,0.032,0.419,0.521,0,0.04,0,0,0,0,0.033,0.035,0.029,0.037,0,0,0,0,0,0.031,0,0.03,0.031,0,0.03,0,0.982,0.94,0.03,0.03,0.027,0.029,0.027,0.031,0.033,0.028,0.032,0.023,0.027,0.03,0.028,0.023,0.302,0.37,0.341,0.029,0.027,0.026,0.028,0,0,0.026,0.024,0.381,0.33,0.033,0,0,0.037,0.045,0.043,0,0,0.42,0.03,0,0.317,0.03,0.031,0.037,0.029,0.027,0.027,0,0,0,0,0,0.039,0,0,0,0.026,0.027,0.03,0,0,0,0,0.039,0,0,0.027,0,0,0,0.379,0.379,0.035,0.455,0.398,0.03,0.478,0.026,0.026,0.027,0,0.036,0.025,0,0.037,0.027,0,0,0,0.027,0,0.029,0.441,0.026,0.026,0.615,0.269,0.025,0.03,0.03,0.031,0.026,0.032,0.027,0.028,0.03,0.025,0,0,0.346,0.314,0.031,0,0,0.03,0.029,0,0.025,0.561,0,0.025,0.021,0.03,0.024,0.021,0.026,0.023,0.391,0.036,0.032,0.035,0.028,0.022,0.036,0.033,0.03,0.036,0.028,0.028,0.035,0.036,0.037,0.035,0,0,0,0,0.024,0,0.387,0,0,0.04,0.025,0.037,0.025,0.024,0.033,0,0,0,0.022,0.39,0.354,0.318,0,0,0,0,0,0,0,0,0.028,0.034,0,0,0.041,0.041,0,0.028,0.37,0.332,0.029,0.026,0.032,0.021,0,0,0.04,0.024,0.023,0.022,0,0.435,0.023,0.02,0.041,0,0,0.025,0.026,0.354,0.025,0.034,0.032,0.026,0.029,0.028,0.032,0.027,0.033,0.031,0,0,0,0,0,0.019,0.026,0.02,0,0,0.032,0.354,0,0,0.028,0.357,0.033,0.539,0.029,0.027,0.324,0.04,0,0,0.606,0.816,0.028,0.024,0.026,0.032,0.023,0.022,0.021,0.028,0.026,0.032,0.022,0.021,0.025,0.024,0.034,0.038,0.024,0.026,0.024,0.023,0.036,0.025,0.035,0.03,0.025,0.023,0,0,0.029,0.028,0.03,0.024,0.026,0,0.029,0.033,0.029,0.035,0.025,0.024,0.033,0.027,0.039,0,0.036,0.042,0.042,0.035,0.026,0.044,0.605,0.405,0.392,0.347,0,0,0,0,0,0,0,0,0.027,0.027,0.03,0.026,0.039,0.032,0.029,0,0,0.035,0.021,0,0,0.032,0.032,0.024,0.034,0.363,0.029,0.491,0,0.028,0.024,0.021,0,0.035,0.032,0.027,0.025,0,0,0,0,0,0,0.028,0,0,0,0,0.328,0.282,0.282
GO:0071310,0,0.039,0,0.058,0.042,0,0.039,0,0.049,0,0.04,0,0.035,0,0.047,0.47,0,0,0.042,0.044,0.044,0.045,0.044,0.043,0,0.597,0,0,0,0.442,0,0.032,0,0.033,0,0.037,0.345,0,0,0,0,0,0,0,0,0.031,0.953,0.769,0,0,0,0,0,0,0.409,0.035,0,0.041,0,0.031,0.037,0,0.39,0,0,0.029,0.029,0.038,0,0.038,0,0.027,0.028,0.307,0.038,0.037,0.029,0.037,0.029,0.029,0.036,0.033,0.028,0.031,0.398,0.497,0,0.038,0,0,0,0,0.032,0.033,0.028,0.035,0,0,0,0,0,0.03,0,0.029,0.029,0,0.029,0,0.94,0.987,0.029,0.029,0.026,0.028,0.026,0.03,0.031,0.027,0.031,0.023,0.026,0.029,0.027,0.022,0.294,0.358,0.331,0.028,0.027,0.025,0.027,0,0,0.025,0.023,0.368,0.321,0.032,0,0,0.035,0.042,0.041,0,0,0.405,0.029,0,0.305,0.029,0.03,0.035,0.028,0.026,0.026,0,0,0,0,0,0.038,0,0,0,0.026,0.026,0.029,0,0,0,0,0.038,0,0,0.026,0,0,0,0.366,0.366,0.034,0.437,0.384,0.029,0.458,0.025,0.025,0.026,0,0.034,0.024,0,0.035,0.026,0,0,0,0.026,0,0.028,0.614,0.025,0.026,0.655,0.262,0.024,0.029,0.029,0.03,0.025,0.031,0.026,0.027,0.029,0.025,0,0,0.336,0.305,0.03,0,0,0.029,0.028,0,0.024,0.775,0,0.024,0.02,0.029,0.023,0.02,0.025,0.022,0.377,0.034,0.03,0.033,0.027,0.021,0.034,0.032,0.029,0.034,0.027,0.027,0.033,0.034,0.035,0.034,0,0,0,0,0.024,0,0.54,0,0,0.038,0.025,0.035,0.024,0.024,0.031,0,0,0,0.022,0.372,0.339,0.306,0,0,0,0,0,0,0,0,0.027,0.033,0,0,0.039,0.039,0,0.027,0.358,0.322,0.028,0.025,0.031,0.02,0,0,0.038,0.023,0.022,0.022,0,0.605,0.023,0.019,0.039,0,0,0.024,0.025,0.339,0.024,0.032,0.031,0.025,0.028,0.027,0.031,0.026,0.031,0.03,0,0,0,0,0,0.019,0.025,0.019,0,0,0.031,0.339,0,0,0.027,0.346,0.032,0.576,0.028,0.026,0.315,0.038,0,0,0.584,0.787,0.027,0.024,0.025,0.031,0.023,0.022,0.02,0.027,0.025,0.031,0.022,0.021,0.024,0.023,0.032,0.036,0.023,0.025,0.023,0.022,0.035,0.025,0.034,0.028,0.024,0.022,0,0,0.028,0.027,0.029,0.024,0.025,0,0.028,0.031,0.028,0.033,0.025,0.023,0.032,0.026,0.037,0,0.035,0.04,0.04,0.034,0.025,0.041,0.574,0.391,0.378,0.337,0,0,0,0,0,0,0,0,0.027,0.026,0.029,0.025,0.037,0.03,0.028,0,0,0.034,0.02,0,0,0.031,0.031,0.023,0.033,0.352,0.028,0.47,0,0.027,0.023,0.02,0,0.034,0.031,0.026,0.024,0,0,0,0,0,0,0.027,0,0,0,0,0.319,0.275,0.275
GO:1902679,0.285,0.034,0.198,0.049,0.037,0.576,0.638,0.309,0.273,0.256,0.261,0.712,0.796,0.305,0.372,0,0.276,0.23,0.037,0.477,0.469,0.432,0.471,0.51,0.464,0.037,0,0.261,0.488,0.262,0.495,0.269,0.213,0.546,0.25,0.301,0.22,0.63,0.535,0.587,0.627,0.279,0.262,0.191,0.193,0.028,0,0,0.477,0.446,0.17,0.173,0.536,0.48,0.244,0.485,0.278,0.559,0.81,0.917,0.701,0.679,0.233,0.574,0.682,0.242,0.241,0.681,0.192,0.68,0.258,0.232,0.236,0.197,0.687,0.702,0.531,0.702,0.49,0.49,0.032,0.278,0.233,0.26,0,0.032,0,0.034,0,0,0.387,0.365,0.445,0.461,0.956,0.661,0.951,0.957,0.816,0.762,0.204,0.953,0.208,0.995,0.973,0.887,0.987,0.213,0.03,0.029,0.995,0.995,0.857,0.466,0.442,0.027,0.028,0.463,0.028,0.389,0.445,0.48,0.459,0.382,0.359,0.216,0.201,0.466,0.449,0.422,0.463,0.166,0.158,0.429,0.393,0.222,0.195,0.029,0.515,0.588,0.52,0.523,0.582,0.518,0.176,0.67,0.673,0.568,0.58,0.027,0.252,0.031,0.233,0.22,0.224,0,0,0,0,0,0.033,0,0,0.198,0.604,0.607,0.245,0,0,0,0,0.033,0.225,0.224,0.617,0.205,0,0.199,0.325,0.326,0.414,0.383,0.34,0.356,0.029,0.023,0.023,0.024,0,0.031,0.023,0,0.032,0.024,0,0,0,0.224,0.213,0.24,0,0.213,0.218,0.02,0.162,0.346,0.411,0.409,0.415,0.355,0.028,0.024,0.628,0.244,0.582,0.365,0.357,0.203,0.516,0.253,0.158,0.154,0.241,0.654,0.159,0.203,0,0.145,0.203,0.491,0.243,0.196,0.482,0.212,0.524,0.628,0.199,0.425,0.495,0.408,0.329,0.341,0.193,0.404,0.198,0.169,0.386,0.488,0.198,0.347,0.493,0.149,0.462,0,0,0.022,0,0,0.159,0.426,0.682,0.461,0.641,0.454,0.337,0.437,0.148,0,0,0.516,0,0,0,0,0,0,0,0.566,0.145,0.568,0.425,0.64,0.453,0.196,0.153,0.64,0.642,0,0.025,0.216,0.196,0.388,0.357,0.566,0.385,0.147,0.122,0.683,0.456,0.438,0.426,0.13,0,0.444,0.282,0.647,0,0,0.022,0.217,0,0.343,0.029,0.028,0.592,0.649,0.228,0.585,0.615,0.572,0.574,0,0,0,0,0,0.162,0.48,0.375,0.555,0.555,0.577,0,0,0,0.024,0.209,0.029,0.017,0.025,0.222,0.192,0.683,0,0.635,0,0.025,0.629,0.202,0.591,0.585,0.195,0.516,0.174,0.511,0.472,0.585,0.186,0.499,0.022,0.022,0.029,0.032,0.199,0.758,0.399,0.671,0.031,0.023,0.03,0.026,0.412,0.679,0.17,0.172,0.026,0.025,0.026,0.022,0.758,0.165,0.026,0.028,0.026,0.03,0.023,0.2,0.029,0.024,0.033,0,0.23,0.227,0.227,0.03,0.023,0.036,0.33,0.234,0.227,0.204,0,0,0,0,0,0,0,0,0.024,0.158,0.026,0.217,0.211,0.028,0.192,0.219,0.192,0.03,0.174,0.193,0,0.028,0.028,0.199,0.03,0.212,0.166,0.277,0,0.227,0.199,0.174,0.128,0.03,0.028,0.22,0.207,0,0,0.204,0.205,0.179,0.171,0.228,0,0.167,0.128,0.169,0.538,0.169,0.469
GO:1903507,0.285,0.034,0.198,0.049,0.037,0.576,0.638,0.309,0.273,0.256,0.261,0.712,0.796,0.305,0.372,0,0.276,0.23,0.037,0.477,0.469,0.432,0.471,0.51,0.464,0.037,0,0.261,0.488,0.262,0.495,0.269,0.213,0.546,0.25,0.301,0.22,0.63,0.535,0.587,0.627,0.279,0.262,0.191,0.193,0.028,0,0,0.477,0.446,0.17,0.173,0.536,0.48,0.244,0.485,0.504,0.559,0.81,0.917,0.702,0.679,0.233,0.574,0.682,0.242,0.241,0.681,0.192,0.68,0.258,0.232,0.236,0.197,0.687,0.702,0.531,0.702,0.49,0.49,0.032,0.278,0.233,0.26,0,0.032,0,0.034,0,0,0.387,0.365,0.445,0.461,0.956,0.661,0.951,0.957,0.816,0.762,0.204,0.953,0.208,0.995,0.973,0.887,0.987,0.213,0.03,0.029,0.995,0.995,0.857,0.466,0.442,0.027,0.028,0.463,0.028,0.389,0.445,0.48,0.459,0.382,0.359,0.216,0.201,0.466,0.449,0.422,0.463,0.166,0.158,0.429,0.393,0.222,0.195,0.029,0.515,0.588,0.52,0.523,0.582,0.518,0.176,0.67,0.673,0.568,0.58,0.027,0.252,0.031,0.233,0.22,0.224,0,0,0,0,0,0.033,0,0,0.198,0.604,0.607,0.245,0,0,0,0,0.033,0.225,0.224,0.617,0.205,0,0.199,0.325,0.326,0.414,0.383,0.34,0.356,0.029,0.023,0.023,0.024,0,0.031,0.023,0,0.032,0.024,0,0,0,0.224,0.213,0.24,0,0.213,0.218,0.02,0.162,0.346,0.411,0.409,0.415,0.355,0.028,0.024,0.628,0.244,0.582,0.365,0.357,0.203,0.516,0.253,0.158,0.154,0.241,0.654,0.159,0.203,0,0.145,0.203,0.491,0.243,0.196,0.482,0.212,0.524,0.628,0.199,0.425,0.495,0.408,0.329,0.341,0.193,0.404,0.198,0.169,0.386,0.488,0.198,0.347,0.493,0.149,0.462,0,0,0.022,0,0,0.159,0.426,0.683,0.462,0.642,0.454,0.337,0.437,0.148,0,0,0.516,0,0,0,0,0,0,0,0.566,0.145,0.568,0.425,0.64,0.453,0.196,0.153,0.64,0.642,0,0.025,0.216,0.196,0.388,0.357,0.566,0.385,0.147,0.122,0.683,0.456,0.439,0.426,0.13,0,0.444,0.282,0.647,0,0,0.022,0.217,0,0.343,0.029,0.028,0.592,0.649,0.228,0.585,0.615,0.572,0.574,0,0,0,0,0,0.162,0.48,0.375,0.555,0.555,0.577,0,0,0,0.024,0.209,0.029,0.017,0.025,0.222,0.192,0.684,0,0.635,0,0.025,0.629,0.202,0.591,0.585,0.195,0.516,0.174,0.511,0.472,0.585,0.186,0.499,0.022,0.022,0.029,0.032,0.199,0.758,0.399,0.671,0.031,0.023,0.03,0.026,0.412,0.679,0.17,0.172,0.026,0.025,0.026,0.022,0.758,0.165,0.026,0.028,0.026,0.03,0.023,0.2,0.029,0.024,0.033,0,0.23,0.227,0.227,0.03,0.023,0.036,0.33,0.234,0.227,0.204,0,0,0,0,0,0,0,0,0.024,0.158,0.026,0.217,0.211,0.028,0.192,0.219,0.192,0.03,0.174,0.193,0,0.028,0.028,0.199,0.03,0.212,0.166,0.277,0,0.227,0.199,0.174,0.128,0.03,0.028,0.22,0.207,0,0,0.204,0.205,0.179,0.171,0.228,0,0.167,0.128,0.169,0.538,0.169,0.469
GO:2000113,0.168,0.031,0.175,0.042,0.033,0.52,0.578,0.275,0.243,0.17,0.557,0.648,0.728,0.271,0.332,0,0.245,0.204,0.033,0.22,0.221,0.225,0.221,0.249,0.182,0.033,0,0.236,0.447,0.241,0.454,0.247,0.196,0.502,0.226,0.274,0.201,0.505,0.435,0.53,0.506,0.251,0.185,0.175,0.177,0.026,0,0,0.402,0.377,0.158,0.16,0.447,0.404,0.226,0.214,0.25,0.243,0.742,0.845,0.612,0.617,0.217,0.519,0.619,0.225,0.223,0.563,0.178,0.617,0.234,0.216,0.219,0.183,0.561,0.612,0.924,0.612,0.453,0.453,0.029,0.255,0.216,0.24,0,0.029,0,0.031,0,0,0.331,0.312,0.197,0.204,0.826,0.579,0.879,0.885,0.747,0.702,0.189,0.88,0.192,0.857,0.807,0.701,0.797,0.196,0.027,0.026,0.857,0.857,0.998,0.433,0.412,0.025,0.026,0.43,0.026,0.366,0.415,0.445,0.427,0.36,0.339,0.202,0.189,0.433,0.419,0.395,0.43,0.154,0.148,0.401,0.369,0.207,0.183,0.026,0.463,0.531,0.708,0.471,0.457,0.466,0.163,0.621,0.624,0.526,0.537,0.025,0.233,0.029,0.216,0.205,0.209,0,0,0,0,0,0.03,0,0,0.183,0.564,0.566,0.227,0,0,0,0,0.03,0.206,0.205,0.575,0.187,0,0.184,0.391,0.391,0.488,0.454,0.407,0.425,0.027,0.022,0.022,0.022,0,0.028,0.021,0,0.029,0.023,0,0,0,0.208,0.196,0.222,0,0.199,0.204,0.019,0.154,0.156,0.184,0.182,0.185,0.16,0.026,0.022,0.585,0.226,0.545,0.312,0.306,0.191,0.486,0.234,0.147,0.144,0.224,0.607,0.148,0.191,0,0.136,0.191,0.464,0.225,0.184,0.456,0.198,0.494,0.585,0.182,0.189,0.677,0.566,0.463,0.181,0.17,0.181,0.181,0.15,0.173,0.389,0.181,0.184,0.393,0.136,0.42,0,0,0.021,0,0,0.149,0.402,0.503,0.351,0.475,0.345,0.153,0.194,0.14,0,0,0.486,0,0,0,0,0,0,0,0.522,0.137,0.523,0.395,0.595,0.2,0.182,0.144,0.442,0.442,0,0.023,0.202,0.184,0.174,0.161,0.522,0.328,0.138,0.116,0.503,0.411,0.396,0.385,0.123,0,0.4,0.129,0.44,0,0,0.021,0.202,0,0.155,0.027,0.026,0.554,0.603,0.212,0.518,0.573,0.48,0.509,0,0,0,0,0,0.154,0.403,0.32,0.515,0.515,0.478,0,0,0,0.023,0.196,0.026,0.017,0.023,0.207,0.18,0.503,0,0.437,0,0.024,0.586,0.189,0.553,0.518,0.183,0.486,0.164,0.427,0.397,0.518,0.175,0.471,0.021,0.02,0.027,0.029,0.187,0.709,0.375,0.632,0.028,0.021,0.028,0.024,0.386,0.639,0.157,0.159,0.024,0.023,0.024,0.02,0.709,0.154,0.024,0.026,0.024,0.028,0.021,0.188,0.026,0.022,0.03,0,0.21,0.205,0.205,0.028,0.022,0.033,0.298,0.217,0.211,0.191,0,0,0,0,0,0,0,0,0.023,0.147,0.024,0.203,0.192,0.026,0.178,0.201,0.178,0.028,0.164,0.179,0,0.026,0.026,0.186,0.027,0.199,0.154,0.254,0,0.211,0.187,0.164,0.121,0.028,0.026,0.206,0.194,0,0,0.188,0.189,0.166,0.159,0.213,0,0.155,0.121,0.158,0.506,0.16,0.444
GO:0001932,0.268,0.033,0.186,0.045,0.035,0.547,0.607,0.292,0.257,0.241,0.248,0.23,0.275,0.288,0.351,0,0.26,0.217,0.035,0.243,0.233,0.249,0.233,0.263,0.192,0.035,0,0.583,0.467,0.251,0.474,0.258,0.204,0.524,0.238,0.287,0.21,0.599,0.513,0.558,0.596,0.474,0.413,0.183,0.185,0.027,0,0,0.954,0.895,0.164,0.166,0.823,0.741,0.235,0.224,0.264,0.256,0.471,0.499,0.583,0.515,0.225,0.546,0.527,0.233,0.232,0.591,0.185,0.591,0.602,0.224,0.227,0.19,0.589,0.583,0.465,0.583,0.945,0.945,0.031,0.266,0.225,0.25,0,0.03,0,0.032,0,0,0.78,0.735,0.206,0.213,0.448,0.551,0.421,0.43,0.482,0.451,0.482,0.484,0.489,0.466,0.475,0.502,0.469,0.501,0.029,0.028,0.466,0.466,0.433,0.997,0.947,0.026,0.027,0.895,0.027,0.837,0.899,0.967,0.927,0.823,0.774,0.209,0.195,0.94,0.962,0.905,0.895,0.16,0.153,0.92,0.844,0.214,0.189,0.027,0.159,0.252,0.224,0.226,0.229,0.187,0.169,0.233,0.234,0.185,0.189,0.026,0.242,0.03,0.225,0.212,0.217,0,0,0,0,0,0.032,0,0,0.191,0.211,0.212,0.236,0,0,0,0,0.032,0.215,0.214,0.215,0.196,0,0.191,0.171,0.171,0.216,0.2,0.179,0.187,0.028,0.023,0.022,0.023,0,0.029,0.022,0,0.03,0.023,0,0,0,0.216,0.204,0.231,0,0.206,0.211,0.019,0.158,0.379,0.191,0.446,0.192,0.166,0.027,0.023,0.219,0.235,0.203,0.735,0.721,0.197,0.181,0.244,0.152,0.149,0.232,0.227,0.154,0.197,0,0.141,0.197,0.172,0.234,0.19,0.169,0.205,0.184,0.219,0.19,0.197,0.383,0.318,0.258,0.331,0.309,0.188,0.189,0.272,0.271,0.323,0.189,0.202,0.196,0.142,0.355,0,0,0.021,0,0,0.154,0.14,0.238,0.163,0.224,0.161,0.158,0.202,0.353,0,0,0.181,0,0,0,0,0,0,0,0.432,0.345,0.442,0.41,0.223,0.209,0.463,0.364,0.212,0.212,0,0.024,0.209,0.19,0.181,0.167,0.497,0.337,0.142,0.119,0.238,0.385,0.371,0.36,0.311,0,0.375,0.132,0.221,0,0,0.021,0.21,0,0.16,0.028,0.027,0.207,0.226,0.22,0.49,0.214,0.501,0.481,0,0,0,0,0,0.158,0.417,0.328,0.181,0.181,0.498,0,0,0,0.024,0.203,0.027,0.017,0.024,0.214,0.186,0.238,0,0.175,0,0.025,0.219,0.195,0.206,0.49,0.189,0.181,0.169,0.443,0.41,0.49,0.181,0.175,0.022,0.021,0.028,0.031,0.193,0.833,0.776,0.739,0.03,0.022,0.029,0.025,0.799,0.748,0.164,0.165,0.025,0.024,0.025,0.021,0.833,0.159,0.025,0.027,0.025,0.029,0.022,0.194,0.027,0.023,0.031,0,0.765,0.577,0.579,0.029,0.022,0.035,0.314,0.226,0.219,0.198,0,0,0,0,0,0,0,0,0.024,0.153,0.025,0.21,0.691,0.027,0.641,0.515,0.453,0.029,0.169,0.186,0,0.027,0.027,0.192,0.028,0.205,0.16,0.265,0,0.219,0.193,0.169,0.125,0.029,0.027,0.213,0.201,0,0,0.196,0.197,0.173,0.165,0.22,0,0.161,0.125,0.163,0.188,0.165,0.165
GO:0001934,0.247,0.031,0.171,0.041,0.032,0.51,0.567,0.269,0.237,0.222,0.231,0.215,0.258,0.265,0.325,0,0.239,0.199,0.033,0.226,0.216,0.231,0.216,0.245,0.179,0.033,0,0.544,0.741,0.238,0.755,0.244,0.193,0.773,0.586,0.652,0.198,0.56,0.777,0.52,0.557,0.441,0.383,0.172,0.174,0.026,0,0,0.905,0.972,0.156,0.158,0.776,0.899,0.223,0.21,0.245,0.238,0.444,0.471,0.546,0.482,0.518,0.51,0.493,0.536,0.22,0.553,0.461,0.553,0.562,0.213,0.216,0.474,0.551,0.546,0.441,0.546,0.896,0.896,0.029,0.251,0.213,0.236,0,0.028,0,0.03,0,0,0.747,0.806,0.194,0.201,0.426,0.518,0.399,0.407,0.453,0.426,0.456,0.458,0.463,0.442,0.45,0.474,0.445,0.473,0.027,0.026,0.442,0.442,0.412,0.947,0.998,0.025,0.026,0.954,0.025,0.886,0.935,0.918,0.962,0.789,0.822,0.199,0.451,0.894,0.916,0.956,0.954,0.152,0.146,0.878,0.894,0.494,0.181,0.026,0.147,0.235,0.21,0.211,0.214,0.174,0.16,0.221,0.222,0.175,0.179,0.024,0.229,0.028,0.213,0.202,0.206,0,0,0,0,0,0.03,0,0,0.181,0.201,0.202,0.224,0,0,0,0,0.03,0.202,0.201,0.205,0.184,0,0.181,0.163,0.163,0.203,0.189,0.17,0.177,0.026,0.021,0.021,0.022,0,0.028,0.021,0,0.028,0.022,0,0,0,0.498,0.193,0.219,0,0.476,0.486,0.018,0.368,0.363,0.181,0.423,0.182,0.158,0.025,0.022,0.208,0.223,0.194,0.706,0.79,0.189,0.173,0.231,0.145,0.142,0.221,0.216,0.146,0.189,0,0.135,0.189,0.166,0.222,0.182,0.163,0.196,0.176,0.208,0.179,0.187,0.361,0.303,0.248,0.311,0.292,0.178,0.178,0.258,0.258,0.305,0.178,0.19,0.184,0.133,0.332,0,0,0.02,0,0,0.147,0.135,0.223,0.156,0.21,0.154,0.151,0.191,0.339,0,0,0.173,0,0,0,0,0,0,0,0.688,0.331,0.707,0.658,0.212,0.197,0.439,0.349,0.198,0.198,0,0.023,0.199,0.441,0.172,0.159,0.736,0.324,0.136,0.115,0.223,0.369,0.561,0.546,0.3,0,0.36,0.127,0.206,0,0,0.021,0.2,0,0.153,0.026,0.025,0.197,0.214,0.507,0.732,0.204,0.747,0.719,0,0,0,0,0,0.152,0.398,0.499,0.172,0.172,0.743,0,0,0,0.022,0.194,0.026,0.016,0.023,0.494,0.432,0.223,0,0.163,0,0.023,0.208,0.452,0.197,0.732,0.181,0.173,0.394,0.422,0.618,0.732,0.173,0.168,0.021,0.02,0.026,0.029,0.185,0.794,0.742,0.709,0.028,0.021,0.027,0.024,0.764,0.717,0.155,0.157,0.024,0.023,0.024,0.02,0.794,0.152,0.023,0.026,0.024,0.027,0.021,0.186,0.026,0.022,0.029,0,0.719,0.538,0.54,0.027,0.021,0.032,0.293,0.214,0.209,0.189,0,0,0,0,0,0,0,0,0.022,0.145,0.024,0.484,0.648,0.025,0.609,0.486,0.43,0.027,0.163,0.176,0,0.025,0.025,0.184,0.027,0.196,0.152,0.25,0,0.504,0.185,0.394,0.12,0.027,0.025,0.203,0.464,0,0,0.489,0.49,0.164,0.414,0.21,0,0.153,0.12,0.156,0.18,0.159,0.159
GO:0006915,0,0.036,0,0.052,0.039,0,0.036,0,0.045,0,0.037,0,0.032,0,0.043,0,0,0,0.039,0.04,0.04,0.041,0.04,0.039,0,0.039,0,0,0,0.03,0,0.03,0,0.031,0,0.034,0,0,0,0,0,0,0,0,0,0.03,0,0,0,0,0,0,0,0,0.027,0.033,0,0.038,0,0.029,0.035,0,0.026,0,0,0.027,0.869,0.035,0,0.035,0,0.913,0.877,0,0.035,0.035,0.027,0.035,0.028,0.028,0.034,0.031,0.026,0.029,0,0.033,0,0.035,0,0,0,0,0.03,0.031,0.026,0.033,0,0,0,0,0,0.028,0,0.027,0.028,0,0.027,0,0.031,0.03,0.027,0.027,0.025,0.026,0.025,0.992,0.948,0.026,0.965,0.022,0.025,0.027,0.026,0.021,0.02,0.024,0.022,0.026,0.025,0.024,0.026,0,0,0.024,0.022,0.025,0.761,0.03,0,0,0.033,0.039,0.038,0,0,0.027,0.027,0,0,0.028,0.028,0.033,0.026,0.025,0.025,0,0,0,0,0,0.035,0,0,0,0.854,0.813,0.028,0,0,0,0,0.035,0,0,0.801,0,0,0,0.025,0.025,0.032,0.029,0.026,0.027,0.031,0.024,0.024,0.024,0,0.032,0.023,0,0.033,0.025,0,0,0,0.806,0,0.027,0,0.835,0.81,0.02,0.628,0.023,0.028,0.028,0.028,0.024,0.029,0.025,0.025,0.027,0.023,0,0,0.023,0.021,0.029,0,0,0.027,0.026,0,0.023,0,0,0.023,0.02,0.027,0.022,0.019,0.024,0.021,0.025,0.032,0.029,0.031,0.026,0.021,0.032,0.03,0.027,0.032,0.026,0.026,0.031,0.032,0.033,0.032,0,0,0,0,0.023,0,0,0,0,0.035,0.023,0.033,0.023,0.023,0.03,0,0,0,0.021,0,0,0,0,0,0,0,0,0,0,0,0.026,0.031,0,0,0.036,0.036,0,0.026,0.024,0.022,0.026,0.024,0.029,0.019,0,0,0.035,0.022,0.021,0.021,0,0,0.022,0.019,0.036,0,0,0.023,0.024,0,0.023,0.03,0.029,0.024,0.026,0.026,0.029,0.025,0.029,0.028,0,0,0,0,0,0.018,0.024,0.019,0,0,0.029,0,0,0,0.025,0.023,0.03,0.018,0.026,0.025,0.021,0.035,0,0,0,0.026,0.025,0.022,0.024,0.029,0.022,0.021,0.019,0.026,0.024,0.029,0.021,0.02,0.023,0.022,0.03,0.034,0.022,0.024,0.022,0.021,0.032,0.023,0.032,0.027,0.023,0.022,0,0,0.027,0.025,0.027,0.022,0.024,0,0.027,0.03,0.027,0.031,0.023,0.022,0.03,0.025,0.035,0,0.032,0.037,0.037,0.032,0.024,0.038,0.038,0.026,0.025,0.023,0,0,0,0,0,0,0,0,0.025,0.025,0.027,0.024,0.034,0.029,0.027,0,0,0.032,0.019,0,0,0.029,0.029,0.022,0.031,0.024,0.026,0.031,0,0.025,0.022,0.019,0,0.032,0.029,0.025,0.023,0,0,0,0,0,0,0.026,0,0,0,0,0.757,0.658,0.658
GO:0008219,0,0.038,0,0.056,0.041,0,0.038,0,0.048,0,0.039,0,0.034,0,0.045,0,0,0,0.041,0.043,0.043,0.044,0.043,0.042,0,0.041,0,0,0,0.031,0,0.032,0,0.032,0,0.036,0,0,0,0,0,0,0,0,0,0.031,0,0,0,0,0,0,0,0,0.029,0.035,0,0.04,0,0.031,0.037,0,0.027,0,0,0.028,0.903,0.037,0,0.037,0,0.869,0.882,0,0.037,0.037,0.028,0.037,0.029,0.029,0.035,0.033,0.027,0.031,0,0.035,0,0.037,0,0,0,0,0.031,0.033,0.027,0.034,0,0,0,0,0,0.03,0,0.028,0.029,0,0.029,0,0.033,0.031,0.028,0.028,0.026,0.027,0.026,0.948,0.989,0.027,0.974,0.022,0.026,0.028,0.027,0.022,0.021,0.025,0.023,0.027,0.026,0.024,0.027,0,0,0.025,0.023,0.026,0.721,0.031,0,0,0.035,0.041,0.04,0,0,0.028,0.028,0,0,0.029,0.029,0.034,0.027,0.025,0.026,0,0,0,0,0,0.037,0,0,0,0.812,0.815,0.029,0,0,0,0,0.037,0,0,0.83,0,0,0,0.026,0.026,0.033,0.03,0.027,0.028,0.032,0.025,0.025,0.025,0,0.033,0.024,0,0.035,0.026,0,0,0,0.835,0,0.028,0,0.793,0.812,0.021,0.591,0.024,0.029,0.029,0.029,0.025,0.03,0.026,0.026,0.029,0.024,0,0,0.023,0.021,0.03,0,0,0.028,0.027,0,0.023,0,0,0.023,0.02,0.028,0.023,0.02,0.025,0.022,0.026,0.034,0.03,0.033,0.027,0.021,0.034,0.031,0.028,0.034,0.027,0.027,0.033,0.034,0.034,0.033,0,0,0,0,0.023,0,0,0,0,0.037,0.024,0.035,0.024,0.023,0.031,0,0,0,0.021,0,0,0,0,0,0,0,0,0,0,0,0.027,0.032,0,0,0.038,0.038,0,0.027,0.025,0.023,0.027,0.025,0.03,0.02,0,0,0.037,0.023,0.022,0.021,0,0,0.022,0.019,0.038,0,0,0.024,0.025,0,0.024,0.032,0.03,0.025,0.027,0.027,0.03,0.026,0.031,0.029,0,0,0,0,0,0.018,0.025,0.019,0,0,0.031,0,0,0,0.026,0.024,0.031,0.018,0.027,0.026,0.022,0.037,0,0,0,0.027,0.026,0.023,0.025,0.03,0.022,0.021,0.02,0.027,0.025,0.03,0.021,0.021,0.024,0.023,0.032,0.036,0.023,0.025,0.023,0.022,0.034,0.024,0.033,0.028,0.024,0.022,0,0,0.028,0.026,0.029,0.023,0.025,0,0.028,0.031,0.028,0.033,0.024,0.023,0.031,0.025,0.036,0,0.034,0.039,0.039,0.033,0.025,0.041,0.04,0.027,0.026,0.024,0,0,0,0,0,0,0,0,0.026,0.026,0.029,0.025,0.036,0.03,0.028,0,0,0.033,0.02,0,0,0.03,0.03,0.023,0.032,0.025,0.027,0.033,0,0.026,0.023,0.02,0,0.033,0.03,0.026,0.024,0,0,0,0,0,0,0.027,0,0,0,0,0.717,0.62,0.62
GO:0010562,0.177,0.032,0.184,0.045,0.035,0.543,0.602,0.174,0.255,0.179,0.213,0.228,0.272,0.285,0.348,0,0.257,0.181,0.035,0.23,0.231,0.235,0.231,0.226,0.161,0.035,0,0.149,0.781,0.25,0.772,0.256,0.203,0.814,0.621,0.69,0.209,0.526,0.759,0.539,0.527,0.158,0.164,0.181,0.183,0.027,0,0,0.404,0.638,0.163,0.165,0.451,0.684,0.233,0.192,0.158,0.22,0.468,0.495,0.579,0.511,0.542,0.528,0.51,0.561,0.23,0.586,0.483,0.587,0.147,0.223,0.226,0.497,0.584,0.579,0.462,0.579,0.939,0.939,0.031,0.264,0.223,0.248,0,0.03,0,0.032,0,0,0.331,0.525,0.177,0.183,0.446,0.547,0.419,0.417,0.466,0.437,0.118,0.481,0.12,0.463,0.472,0.441,0.466,0.123,0.028,0.027,0.463,0.463,0.43,0.895,0.954,0.026,0.027,0.997,0.027,0.843,0.96,0.921,0.989,0.74,0.78,0.208,0.469,0.895,0.865,0.912,0.997,0.159,0.152,0.827,0.851,0.515,0.188,0.027,0.157,0.151,0.193,0.224,0.217,0.157,0.168,0.231,0.232,0.184,0.188,0.025,0.24,0.03,0.223,0.211,0.215,0,0,0,0,0,0.032,0,0,0.189,0.209,0.21,0.234,0,0,0,0,0.032,0.213,0.212,0.214,0.194,0,0.19,0.148,0.148,0.186,0.172,0.154,0.161,0.028,0.022,0.022,0.023,0,0.029,0.022,0,0.03,0.023,0,0,0,0.52,0.203,0.229,0,0.496,0.507,0.019,0.38,0.139,0.164,0.163,0.166,0.143,0.027,0.023,0.217,0.233,0.202,0.312,0.515,0.196,0.18,0.242,0.151,0.148,0.231,0.226,0.153,0.196,0,0.14,0.196,0.172,0.233,0.189,0.168,0.204,0.183,0.217,0.189,0.17,0.184,0.153,0.124,0.188,0.176,0.162,0.188,0.155,0.155,0.184,0.188,0.191,0.186,0.141,0.141,0,0,0.021,0,0,0.153,0.139,0.205,0.141,0.193,0.139,0.136,0.174,0.087,0,0,0.18,0,0,0,0,0,0,0,0.722,0.085,0.721,0.668,0.221,0.18,0.113,0.089,0.21,0.21,0,0.024,0.207,0.458,0.156,0.144,0.773,0.336,0.142,0.119,0.205,0.383,0.578,0.562,0.076,0,0.373,0.114,0.209,0,0,0.021,0.208,0,0.138,0.028,0.027,0.205,0.224,0.53,0.763,0.213,0.779,0.749,0,0,0,0,0,0.157,0.415,0.512,0.18,0.18,0.775,0,0,0,0.023,0.202,0.027,0.017,0.024,0.515,0.448,0.205,0,0.147,0,0.024,0.218,0.47,0.205,0.763,0.188,0.18,0.407,0.441,0.639,0.763,0.18,0.174,0.022,0.021,0.028,0.031,0.192,0.828,0.771,0.736,0.029,0.022,0.029,0.025,0.795,0.745,0.163,0.164,0.025,0.024,0.025,0.021,0.828,0.158,0.025,0.027,0.025,0.029,0.022,0.193,0.027,0.023,0.031,0,0.506,0.572,0.571,0.029,0.022,0.034,0.311,0.224,0.218,0.197,0,0,0,0,0,0,0,0,0.023,0.152,0.025,0.505,0.533,0.026,0.425,0.126,0.111,0.029,0.168,0.184,0,0.027,0.027,0.191,0.028,0.204,0.159,0.263,0,0.527,0.192,0.407,0.124,0.029,0.027,0.212,0.483,0,0,0.513,0.514,0.172,0.432,0.219,0,0.16,0.124,0.162,0.187,0.164,0.164
GO:0012501,0,0.037,0,0.055,0.04,0,0.038,0,0.047,0,0.038,0,0.033,0,0.044,0,0,0,0.041,0.042,0.042,0.043,0.042,0.041,0,0.04,0,0,0,0.03,0,0.031,0,0.032,0,0.035,0,0,0,0,0,0,0,0,0,0.03,0,0,0,0,0,0,0,0,0.028,0.034,0,0.04,0,0.03,0.036,0,0.027,0,0,0.028,0.89,0.036,0,0.036,0,0.885,0.898,0,0.036,0.036,0.028,0.036,0.028,0.028,0.035,0.032,0.027,0.03,0,0.034,0,0.036,0,0,0,0,0.031,0.032,0.027,0.034,0,0,0,0,0,0.029,0,0.028,0.029,0,0.028,0,0.032,0.031,0.028,0.028,0.026,0.027,0.025,0.965,0.974,0.027,0.99,0.022,0.026,0.028,0.026,0.022,0.02,0.025,0.023,0.027,0.026,0.024,0.027,0,0,0.025,0.022,0.025,0.736,0.031,0,0,0.034,0.04,0.039,0,0,0.028,0.028,0,0,0.028,0.029,0.034,0.027,0.025,0.026,0,0,0,0,0,0.036,0,0,0,0.828,0.831,0.028,0,0,0,0,0.036,0,0,0.819,0,0,0,0.025,0.025,0.033,0.03,0.026,0.028,0.031,0.025,0.025,0.025,0,0.033,0.024,0,0.034,0.026,0,0,0,0.824,0,0.028,0,0.808,0.828,0.021,0.605,0.024,0.028,0.028,0.029,0.024,0.03,0.025,0.026,0.028,0.024,0,0,0.023,0.021,0.029,0,0,0.028,0.027,0,0.023,0,0,0.023,0.02,0.028,0.022,0.02,0.024,0.021,0.026,0.033,0.029,0.032,0.026,0.021,0.033,0.031,0.028,0.033,0.027,0.027,0.032,0.033,0.034,0.033,0,0,0,0,0.023,0,0,0,0,0.036,0.024,0.034,0.024,0.023,0.03,0,0,0,0.021,0,0,0,0,0,0,0,0,0,0,0,0.027,0.031,0,0,0.038,0.037,0,0.027,0.025,0.022,0.027,0.024,0.03,0.02,0,0,0.036,0.023,0.022,0.021,0,0,0.022,0.019,0.037,0,0,0.023,0.025,0,0.023,0.031,0.03,0.024,0.027,0.026,0.03,0.025,0.03,0.029,0,0,0,0,0,0.018,0.025,0.019,0,0,0.03,0,0,0,0.026,0.024,0.031,0.018,0.027,0.025,0.022,0.036,0,0,0,0.027,0.026,0.023,0.024,0.03,0.022,0.021,0.02,0.026,0.024,0.03,0.021,0.02,0.024,0.023,0.031,0.035,0.023,0.025,0.023,0.022,0.033,0.024,0.033,0.028,0.024,0.022,0,0,0.027,0.026,0.028,0.023,0.025,0,0.027,0.03,0.028,0.032,0.024,0.023,0.031,0.025,0.036,0,0.033,0.038,0.038,0.033,0.024,0.04,0.039,0.027,0.026,0.023,0,0,0,0,0,0,0,0,0.026,0.026,0.028,0.025,0.035,0.03,0.027,0,0,0.033,0.02,0,0,0.03,0.03,0.023,0.032,0.024,0.027,0.032,0,0.026,0.023,0.02,0,0.032,0.03,0.025,0.024,0,0,0,0,0,0,0.026,0,0,0,0,0.732,0.634,0.634
GO:0032147,0.204,0.026,0.141,0.034,0.027,0.432,0.482,0.223,0.196,0.183,0.196,0.184,0.223,0.22,0.271,0,0.198,0.164,0.028,0.19,0.182,0.193,0.181,0.206,0.15,0.028,0,0.462,0.64,0.207,0.654,0.212,0.167,0.671,0.499,0.559,0.172,0.476,0.674,0.441,0.473,0.371,0.321,0.685,0.672,0.022,0,0,0.796,0.861,0.802,0.788,0.673,0.79,0.196,0.181,0.206,0.202,0.383,0.411,0.467,0.411,0.457,0.433,0.421,0.471,0.194,0.472,0.406,0.472,0.478,0.188,0.19,0.416,0.471,0.467,0.388,0.467,0.787,0.787,0.025,0.217,0.189,0.206,0,0.024,0,0.026,0,0,0.671,0.728,0.169,0.174,0.377,0.446,0.349,0.357,0.392,0.371,0.399,0.401,0.404,0.389,0.395,0.412,0.391,0.412,0.023,0.023,0.389,0.389,0.366,0.837,0.886,0.022,0.022,0.843,0.022,1,0.88,0.808,0.851,0.762,0.811,0.177,0.404,0.837,0.871,0.929,0.843,0.831,0.873,0.838,0.875,0.439,0.163,0.023,0.124,0.199,0.181,0.178,0.181,0.146,0.642,0.194,0.195,0.154,0.157,0.021,0.201,0.024,0.189,0.18,0.183,0,0,0,0,0,0.025,0,0,0.158,0.179,0.179,0.196,0,0,0,0,0.025,0.175,0.174,0.182,0.158,0,0.159,0.145,0.145,0.176,0.165,0.15,0.156,0.023,0.019,0.019,0.019,0,0.024,0.019,0,0.024,0.02,0,0,0,0.442,0.168,0.193,0,0.425,0.433,0.017,0.336,0.324,0.159,0.371,0.16,0.141,0.022,0.019,0.185,0.196,0.173,0.638,0.715,0.169,0.157,0.202,0.588,0.739,0.194,0.191,0.759,0.169,0,0.705,0.169,0.15,0.195,0.164,0.148,0.175,0.159,0.185,0.154,0.163,0.312,0.268,0.224,0.269,0.254,0.157,0.154,0.228,0.228,0.264,0.154,0.163,0.16,0.114,0.284,0,0,0.018,0,0,0.132,0.122,0.19,0.139,0.181,0.137,0.135,0.167,0.306,0,0,0.157,0,0,0,0,0,0,0,0.6,0.3,0.617,0.58,0.187,0.171,0.386,0.315,0.168,0.168,0,0.02,0.177,0.396,0.152,0.142,0.642,0.295,0.122,0.104,0.19,0.331,0.506,0.493,0.274,0,0.324,0.116,0.176,0,0,0.018,0.178,0,0.137,0.023,0.022,0.176,0.189,0.449,0.64,0.181,0.651,0.63,0,0,0,0,0,0.139,0.354,0.455,0.152,0.152,0.648,0,0,0,0.02,0.173,0.023,0.015,0.02,0.439,0.389,0.19,0,0.139,0,0.021,0.185,0.405,0.175,0.64,0.163,0.157,0.358,0.373,0.551,0.64,0.157,0.152,0.019,0.018,0.023,0.025,0.166,0.708,0.666,0.639,0.024,0.019,0.024,0.021,0.683,0.646,0.625,0.613,0.021,0.02,0.021,0.018,0.708,0.611,0.021,0.022,0.021,0.023,0.019,0.167,0.023,0.019,0.025,0,0.62,0.457,0.459,0.024,0.019,0.027,0.248,0.189,0.185,0.169,0,0,0,0,0,0,0,0,0.02,0.129,0.021,0.431,0.555,0.022,0.536,0.422,0.379,0.024,0.148,0.155,0,0.022,0.022,0.165,0.023,0.175,0.134,0.216,0,0.447,0.166,0.358,0.11,0.024,0.022,0.18,0.415,0,0,0.427,0.428,0.146,0.369,0.186,0,0.135,0.11,0.139,0.162,0.144,0.144
GO:0033674,0.166,0.031,0.173,0.042,0.033,0.515,0.572,0.164,0.24,0.168,0.202,0.217,0.26,0.268,0.328,0,0.242,0.17,0.033,0.218,0.218,0.222,0.218,0.214,0.153,0.033,0,0.141,0.746,0.239,0.739,0.245,0.194,0.779,0.591,0.658,0.2,0.5,0.726,0.512,0.501,0.15,0.155,0.794,0.781,0.026,0,0,0.389,0.615,0.918,0.903,0.432,0.658,0.224,0.184,0.15,0.209,0.447,0.475,0.551,0.486,0.521,0.501,0.485,0.54,0.222,0.558,0.464,0.558,0.14,0.214,0.217,0.477,0.556,0.551,0.444,0.551,0.903,0.903,0.029,0.253,0.215,0.238,0,0.029,0,0.03,0,0,0.32,0.509,0.17,0.175,0.429,0.522,0.402,0.4,0.445,0.419,0.113,0.461,0.115,0.445,0.453,0.423,0.448,0.117,0.027,0.026,0.445,0.445,0.415,0.899,0.935,0.025,0.026,0.96,0.026,0.88,0.998,0.924,0.968,0.793,0.816,0.2,0.453,0.954,0.922,0.95,0.96,0.948,0.991,0.883,0.888,0.497,0.182,0.026,0.149,0.143,0.184,0.213,0.206,0.149,0.737,0.222,0.223,0.177,0.18,0.024,0.231,0.028,0.215,0.204,0.208,0,0,0,0,0,0.03,0,0,0.182,0.202,0.203,0.225,0,0,0,0,0.03,0.204,0.203,0.206,0.185,0,0.182,0.142,0.143,0.178,0.165,0.148,0.155,0.027,0.022,0.022,0.022,0,0.028,0.021,0,0.029,0.022,0,0,0,0.501,0.194,0.221,0,0.479,0.489,0.019,0.37,0.135,0.158,0.157,0.159,0.138,0.026,0.022,0.21,0.224,0.195,0.303,0.5,0.19,0.174,0.232,0.667,0.836,0.222,0.217,0.862,0.19,0,0.793,0.19,0.167,0.224,0.183,0.164,0.197,0.177,0.21,0.18,0.163,0.176,0.147,0.121,0.18,0.169,0.155,0.18,0.149,0.149,0.176,0.18,0.183,0.178,0.134,0.134,0,0,0.02,0,0,0.148,0.135,0.195,0.136,0.184,0.134,0.131,0.167,0.084,0,0,0.174,0,0,0,0,0,0,0,0.693,0.082,0.691,0.643,0.213,0.172,0.109,0.087,0.2,0.2,0,0.023,0.2,0.443,0.15,0.139,0.741,0.326,0.137,0.115,0.195,0.371,0.56,0.545,0.074,0,0.362,0.111,0.199,0,0,0.021,0.201,0,0.134,0.027,0.026,0.198,0.216,0.511,0.732,0.205,0.747,0.719,0,0,0,0,0,0.153,0.4,0.498,0.173,0.173,0.743,0,0,0,0.023,0.195,0.026,0.017,0.023,0.497,0.434,0.195,0,0.14,0,0.023,0.21,0.455,0.198,0.732,0.182,0.174,0.396,0.424,0.618,0.732,0.174,0.169,0.021,0.02,0.027,0.029,0.186,0.799,0.747,0.713,0.028,0.021,0.028,0.024,0.768,0.721,0.714,0.702,0.024,0.023,0.024,0.02,0.799,0.697,0.024,0.026,0.024,0.027,0.021,0.187,0.026,0.022,0.03,0,0.622,0.543,0.545,0.028,0.021,0.033,0.295,0.216,0.21,0.19,0,0,0,0,0,0,0,0,0.023,0.146,0.024,0.487,0.653,0.025,0.526,0.121,0.107,0.028,0.164,0.177,0,0.026,0.025,0.185,0.027,0.197,0.153,0.252,0,0.508,0.186,0.396,0.121,0.027,0.025,0.204,0.467,0,0,0.492,0.493,0.165,0.417,0.211,0,0.154,0.121,0.157,0.181,0.159,0.159
GO:0042325,0.187,0.034,0.196,0.048,0.036,0.569,0.631,0.184,0.27,0.19,0.223,0.238,0.284,0.301,0.367,0,0.272,0.192,0.037,0.242,0.243,0.248,0.243,0.238,0.17,0.037,0,0.156,0.483,0.26,0.478,0.267,0.211,0.541,0.247,0.298,0.217,0.551,0.469,0.566,0.552,0.167,0.172,0.189,0.191,0.028,0,0,0.419,0.392,0.169,0.171,0.47,0.421,0.242,0.201,0.166,0.231,0.488,0.515,0.605,0.534,0.232,0.553,0.533,0.24,0.239,0.614,0.19,0.614,0.154,0.23,0.234,0.196,0.611,0.605,0.479,0.605,0.974,0.974,0.032,0.275,0.231,0.258,0,0.031,0,0.033,0,0,0.341,0.321,0.184,0.191,0.461,0.57,0.434,0.432,0.486,0.454,0.122,0.499,0.124,0.48,0.49,0.459,0.483,0.127,0.03,0.029,0.48,0.48,0.445,0.967,0.918,0.027,0.028,0.921,0.028,0.808,0.924,0.995,0.953,0.795,0.746,0.214,0.199,0.967,0.933,0.876,0.921,0.164,0.157,0.89,0.816,0.22,0.194,0.028,0.165,0.158,0.201,0.236,0.228,0.165,0.174,0.24,0.241,0.19,0.195,0.026,0.249,0.031,0.231,0.218,0.223,0,0,0,0,0,0.033,0,0,0.196,0.216,0.217,0.243,0,0,0,0,0.033,0.222,0.221,0.221,0.203,0,0.197,0.152,0.153,0.194,0.179,0.159,0.167,0.029,0.023,0.023,0.023,0,0.03,0.022,0,0.031,0.024,0,0,0,0.222,0.211,0.238,0,0.212,0.216,0.02,0.161,0.144,0.17,0.169,0.172,0.147,0.028,0.024,0.225,0.242,0.208,0.321,0.314,0.202,0.185,0.251,0.156,0.153,0.239,0.234,0.158,0.202,0,0.144,0.202,0.176,0.241,0.195,0.173,0.21,0.188,0.225,0.197,0.176,0.191,0.158,0.128,0.196,0.183,0.167,0.196,0.16,0.16,0.192,0.196,0.199,0.194,0.147,0.147,0,0,0.022,0,0,0.158,0.143,0.214,0.145,0.201,0.143,0.14,0.181,0.089,0,0,0.185,0,0,0,0,0,0,0,0.446,0.087,0.445,0.411,0.229,0.187,0.118,0.092,0.22,0.22,0,0.025,0.214,0.195,0.161,0.148,0.512,0.344,0.146,0.122,0.214,0.395,0.38,0.369,0.078,0,0.384,0.117,0.219,0,0,0.022,0.215,0,0.142,0.029,0.028,0.212,0.232,0.226,0.506,0.22,0.517,0.496,0,0,0,0,0,0.161,0.428,0.335,0.186,0.186,0.514,0,0,0,0.024,0.208,0.028,0.017,0.025,0.22,0.19,0.214,0,0.154,0,0.025,0.225,0.2,0.212,0.506,0.194,0.185,0.173,0.456,0.421,0.506,0.185,0.179,0.022,0.022,0.029,0.032,0.198,0.855,0.795,0.757,0.031,0.023,0.03,0.026,0.819,0.766,0.168,0.17,0.026,0.024,0.026,0.022,0.855,0.164,0.025,0.028,0.026,0.03,0.022,0.199,0.028,0.024,0.033,0,0.679,0.6,0.602,0.03,0.023,0.036,0.327,0.232,0.225,0.203,0,0,0,0,0,0,0,0,0.024,0.157,0.026,0.215,0.716,0.027,0.566,0.131,0.115,0.03,0.173,0.191,0,0.028,0.028,0.197,0.029,0.211,0.164,0.274,0,0.225,0.198,0.173,0.127,0.03,0.028,0.219,0.206,0,0,0.202,0.203,0.177,0.169,0.227,0,0.165,0.127,0.167,0.193,0.168,0.168
GO:0042327,0.174,0.032,0.182,0.044,0.034,0.536,0.595,0.172,0.252,0.177,0.211,0.226,0.27,0.281,0.344,0,0.254,0.179,0.035,0.227,0.228,0.233,0.228,0.223,0.159,0.034,0,0.147,0.773,0.247,0.765,0.254,0.201,0.807,0.615,0.683,0.207,0.52,0.752,0.533,0.521,0.156,0.162,0.18,0.182,0.027,0,0,0.401,0.633,0.162,0.164,0.447,0.678,0.232,0.19,0.156,0.218,0.463,0.491,0.573,0.505,0.537,0.522,0.504,0.557,0.228,0.58,0.479,0.58,0.145,0.221,0.224,0.493,0.578,0.573,0.458,0.573,0.931,0.931,0.03,0.262,0.221,0.246,0,0.03,0,0.031,0,0,0.329,0.522,0.176,0.181,0.442,0.541,0.415,0.413,0.462,0.433,0.117,0.476,0.119,0.459,0.468,0.437,0.462,0.121,0.028,0.027,0.459,0.459,0.427,0.927,0.962,0.026,0.027,0.989,0.026,0.851,0.968,0.953,0.997,0.767,0.788,0.206,0.465,0.927,0.895,0.92,0.989,0.157,0.151,0.856,0.859,0.511,0.187,0.027,0.155,0.149,0.191,0.222,0.215,0.155,0.167,0.229,0.23,0.182,0.186,0.025,0.238,0.029,0.221,0.21,0.214,0,0,0,0,0,0.031,0,0,0.188,0.208,0.209,0.232,0,0,0,0,0.031,0.211,0.21,0.212,0.192,0,0.188,0.146,0.147,0.184,0.171,0.153,0.16,0.028,0.022,0.022,0.023,0,0.029,0.022,0,0.03,0.023,0,0,0,0.516,0.201,0.227,0,0.492,0.503,0.019,0.378,0.138,0.163,0.162,0.164,0.142,0.026,0.023,0.216,0.231,0.2,0.31,0.511,0.195,0.179,0.24,0.15,0.147,0.229,0.224,0.151,0.195,0,0.139,0.195,0.17,0.231,0.188,0.167,0.202,0.182,0.216,0.187,0.168,0.182,0.152,0.123,0.186,0.174,0.16,0.186,0.154,0.153,0.182,0.186,0.189,0.184,0.14,0.139,0,0,0.021,0,0,0.152,0.139,0.202,0.14,0.191,0.138,0.135,0.173,0.086,0,0,0.179,0,0,0,0,0,0,0,0.716,0.084,0.714,0.663,0.22,0.178,0.112,0.089,0.208,0.208,0,0.024,0.206,0.454,0.154,0.143,0.766,0.333,0.141,0.118,0.203,0.381,0.574,0.558,0.076,0,0.371,0.114,0.207,0,0,0.021,0.207,0,0.137,0.028,0.026,0.204,0.222,0.526,0.756,0.211,0.772,0.743,0,0,0,0,0,0.156,0.412,0.509,0.178,0.178,0.768,0,0,0,0.023,0.2,0.027,0.017,0.024,0.511,0.445,0.202,0,0.145,0,0.024,0.216,0.467,0.204,0.756,0.187,0.179,0.405,0.437,0.635,0.756,0.179,0.173,0.021,0.021,0.028,0.03,0.191,0.822,0.766,0.731,0.029,0.022,0.029,0.025,0.789,0.74,0.161,0.163,0.025,0.023,0.025,0.021,0.822,0.157,0.024,0.027,0.025,0.028,0.022,0.192,0.027,0.023,0.031,0,0.645,0.566,0.568,0.029,0.022,0.034,0.308,0.222,0.216,0.195,0,0,0,0,0,0,0,0,0.023,0.151,0.025,0.501,0.678,0.026,0.542,0.125,0.11,0.029,0.167,0.183,0,0.026,0.026,0.19,0.028,0.203,0.158,0.261,0,0.523,0.191,0.405,0.123,0.028,0.026,0.21,0.48,0,0,0.509,0.51,0.17,0.429,0.217,0,0.158,0.123,0.161,0.186,0.163,0.163
GO:0043405,0.199,0.025,0.137,0.033,0.027,0.423,0.472,0.218,0.191,0.179,0.192,0.181,0.218,0.215,0.264,0,0.193,0.16,0.027,0.185,0.178,0.189,0.177,0.201,0.146,0.027,0,0.453,0.373,0.204,0.379,0.208,0.164,0.42,0.186,0.226,0.168,0.466,0.412,0.431,0.463,0.362,0.313,0.672,0.66,0.022,0,0,0.782,0.742,0.616,0.606,0.661,0.607,0.193,0.177,0.202,0.197,0.376,0.404,0.458,0.403,0.186,0.424,0.413,0.192,0.191,0.463,0.151,0.463,0.468,0.185,0.187,0.155,0.461,0.458,0.382,0.458,0.774,0.774,0.024,0.213,0.186,0.203,0,0.024,0,0.025,0,0,0.661,0.629,0.166,0.171,0.37,0.438,0.343,0.351,0.384,0.365,0.392,0.394,0.397,0.382,0.388,0.405,0.385,0.404,0.023,0.022,0.382,0.382,0.36,0.823,0.789,0.021,0.022,0.74,0.022,0.762,0.793,0.795,0.767,1,0.948,0.175,0.165,0.823,0.857,0.815,0.74,0.817,0.789,0.901,0.838,0.178,0.161,0.022,0.121,0.195,0.178,0.174,0.177,0.143,0.631,0.191,0.192,0.152,0.154,0.021,0.197,0.024,0.186,0.177,0.18,0,0,0,0,0,0.025,0,0,0.155,0.176,0.177,0.193,0,0,0,0,0.025,0.171,0.171,0.179,0.155,0,0.156,0.143,0.143,0.172,0.162,0.148,0.153,0.023,0.019,0.019,0.019,0,0.023,0.018,0,0.024,0.02,0,0,0,0.18,0.165,0.19,0,0.173,0.176,0.016,0.137,0.319,0.156,0.365,0.157,0.139,0.022,0.019,0.182,0.193,0.171,0.629,0.618,0.166,0.155,0.198,0.579,0.568,0.191,0.187,0.583,0.166,0,0.542,0.166,0.148,0.192,0.161,0.146,0.172,0.157,0.182,0.152,0.16,0.307,0.264,0.221,0.263,0.25,0.154,0.151,0.225,0.224,0.259,0.151,0.16,0.157,0.112,0.279,0,0,0.018,0,0,0.13,0.12,0.186,0.137,0.178,0.135,0.133,0.164,0.302,0,0,0.155,0,0,0,0,0,0,0,0.35,0.296,0.359,0.337,0.184,0.168,0.38,0.311,0.165,0.165,0,0.02,0.175,0.161,0.149,0.14,0.403,0.291,0.12,0.103,0.186,0.326,0.316,0.308,0.271,0,0.319,0.115,0.172,0,0,0.018,0.175,0,0.135,0.023,0.022,0.173,0.186,0.183,0.399,0.178,0.405,0.393,0,0,0,0,0,0.137,0.349,0.284,0.149,0.149,0.404,0,0,0,0.02,0.17,0.022,0.015,0.02,0.178,0.158,0.186,0,0.136,0,0.02,0.182,0.165,0.173,0.399,0.161,0.155,0.146,0.367,0.344,0.399,0.155,0.15,0.018,0.018,0.023,0.024,0.164,0.697,0.656,0.63,0.024,0.018,0.023,0.021,0.673,0.637,0.614,0.603,0.02,0.02,0.021,0.018,0.697,0.601,0.02,0.022,0.021,0.023,0.018,0.164,0.022,0.019,0.025,0,0.609,0.447,0.449,0.023,0.019,0.027,0.243,0.186,0.182,0.167,0,0,0,0,0,0,0,0,0.02,0.127,0.021,0.175,0.544,0.022,0.528,0.414,0.373,0.023,0.146,0.152,0,0.022,0.022,0.163,0.023,0.172,0.132,0.212,0,0.182,0.164,0.146,0.109,0.023,0.022,0.178,0.169,0,0,0.159,0.159,0.143,0.138,0.183,0,0.132,0.109,0.137,0.16,0.143,0.143
GO:0043406,0.182,0.024,0.125,0.03,0.025,0.39,0.437,0.199,0.175,0.163,0.178,0.168,0.203,0.196,0.243,0.268,0.177,0.146,0.025,0.171,0.163,0.173,0.163,0.185,0.135,0.351,0,0.418,0.585,0.661,0.598,0.633,0.633,0.614,0.453,0.509,0.6,0.431,0.617,0.398,0.429,0.334,0.288,0.627,0.615,0.021,0.219,0.24,0.734,0.797,0.741,0.726,0.617,0.729,0.732,0.165,0.186,0.182,0.35,0.378,0.425,0.373,0.774,0.392,0.382,0.739,0.179,0.429,0.739,0.429,0.433,0.174,0.176,0.71,0.427,0.425,0.358,0.425,0.726,0.726,0.023,0.199,0.174,0.189,0.243,0.314,0,0.023,0,0,0.627,0.682,0.155,0.159,0.348,0.407,0.322,0.329,0.358,0.341,0.367,0.369,0.371,0.359,0.364,0.378,0.361,0.378,0.302,0.294,0.359,0.359,0.339,0.774,0.822,0.02,0.021,0.78,0.02,0.811,0.816,0.746,0.788,0.948,1,0.846,0.909,0.774,0.808,0.864,0.78,0.768,0.809,0.85,0.926,0.822,0.529,0.021,0.112,0.18,0.165,0.16,0.164,0.132,0.591,0.623,0.587,0.587,0.553,0.02,0.185,0.022,0.174,0.167,0.17,0,0,0,0,0,0.023,0,0,0.146,0.166,0.167,0.181,0,0,0,0,0.023,0.16,0.159,0.169,0.144,0,0.146,0.256,0.256,0.161,0.289,0.264,0.144,0.298,0.018,0.018,0.018,0,0.022,0.017,0,0.022,0.018,0,0,0,0.41,0.154,0.178,0.162,0.395,0.402,0.221,0.581,0.302,0.146,0.342,0.147,0.131,0.02,0.018,0.171,0.181,0.161,0.598,0.671,0.638,0.595,0.186,0.545,0.686,0.179,0.176,0.703,0.157,0.191,0.657,0.157,0.141,0.18,0.153,0.139,0.163,0.149,0.692,0.141,0.15,0.286,0.248,0.21,0.245,0.233,0.144,0.141,0.211,0.211,0.241,0.141,0.149,0.146,0.103,0.258,0,0,0.017,0,0.147,0.123,0.114,0.173,0.13,0.165,0.128,0.126,0.153,0.287,0,0,0.147,0.233,0.219,0.205,0,0,0,0,0.552,0.282,0.568,0.535,0.173,0.157,0.356,0.295,0.153,0.153,0,0.019,0.572,0.677,0.14,0.132,0.59,0.277,0.113,0.098,0.173,0.309,0.473,0.462,0.259,0.16,0.303,0.109,0.159,0,0,0.017,0.165,0.219,0.128,0.021,0.02,0.163,0.175,0.416,0.589,0.168,0.598,0.58,0,0,0,0,0,0.131,0.329,0.428,0.14,0.14,0.596,0.219,0,0,0.018,0.559,0.021,0.201,0.019,0.407,0.666,0.173,0,0.126,0.201,0.269,0.171,0.378,0.163,0.589,0.152,0.147,0.336,0.345,0.513,0.589,0.147,0.143,0.017,0.017,0.021,0.023,0.155,0.658,0.622,0.598,0.022,0.017,0.022,0.019,0.637,0.604,0.577,0.565,0.019,0.019,0.02,0.017,0.658,0.565,0.019,0.021,0.019,0.021,0.017,0.155,0.021,0.018,0.023,0,0.566,0.413,0.415,0.022,0.018,0.372,0.396,0.534,0.522,0.481,0,0,0,0,0,0,0,0,0.018,0.12,0.02,0.4,0.505,0.02,0.496,0.386,0.35,0.022,0.139,0.143,0.375,0.02,0.02,0.154,0.021,0.496,0.124,0.604,0,0.414,0.155,0.336,0.104,0.022,0.02,0.167,0.387,0,0,0.392,0.393,0.135,0.343,0.172,0,0.124,0.104,0.129,0.527,0.473,0.473
GO:0043408,0,0.03,0,0.04,0.031,0.225,0.275,0,0.035,0,0.03,0.209,0.251,0.255,0.313,0.344,0.23,0,0.032,0.032,0.032,0.033,0.032,0.032,0,0.446,0,0,0.195,0.804,0.193,0.773,0.773,0.241,0.215,0.261,0.736,0.219,0.19,0.224,0.219,0,0,0.168,0.169,0.025,0.268,0.3,0.171,0.162,0.152,0.154,0.19,0.172,0.88,0.027,0,0.031,0.196,0.23,0.265,0.213,0.726,0.219,0.212,0.704,0.215,0.269,0.704,0.269,0,0.208,0.21,0.67,0.268,0.265,0.216,0.265,0.218,0.218,0.028,0.244,0.208,0.23,0.304,0.388,0,0.029,0,0,0.142,0.134,0.025,0.026,0.208,0.252,0.177,0.176,0.196,0.184,0,0.224,0,0.216,0.22,0.186,0.217,0,0.37,0.358,0.216,0.216,0.202,0.209,0.199,0.024,0.025,0.208,0.025,0.177,0.2,0.214,0.206,0.175,0.846,0.999,0.935,0.209,0.202,0.191,0.208,0.148,0.142,0.194,0.179,0.807,0.617,0.025,0,0,0.027,0.032,0.031,0,0.156,0.748,0.705,0.705,0.667,0.024,0.223,0.027,0.208,0.198,0.201,0,0,0,0,0,0.029,0,0,0.176,0.196,0.197,0.218,0,0,0,0,0.029,0.196,0.196,0.2,0.178,0,0.176,0.303,0.303,0.027,0.35,0.315,0.023,0.364,0.021,0.021,0.021,0,0.027,0.02,0,0.028,0.022,0,0,0,0.201,0.188,0.214,0.187,0.192,0.196,0.255,0.519,0.02,0.024,0.024,0.024,0.021,0.025,0.021,0.203,0.217,0.19,0.134,0.132,0.747,0.689,0.225,0.142,0.139,0.215,0.211,0.143,0.184,0.227,0.132,0.184,0.163,0.216,0.178,0.16,0.191,0.173,0.823,0.027,0.024,0.026,0.022,0.018,0.027,0.025,0.023,0.027,0.022,0.022,0.026,0.027,0.027,0.027,0,0,0,0,0.02,0,0.167,0.144,0.132,0.029,0.021,0.027,0.02,0.02,0.025,0,0,0,0.17,0.288,0.268,0.247,0,0,0,0,0.181,0,0.181,0.169,0.207,0.026,0,0,0.03,0.03,0,0.022,0.676,0.619,0.023,0.021,0.229,0.16,0.133,0.112,0.029,0.181,0.175,0.17,0,0.184,0.177,0.017,0.03,0,0,0.02,0.195,0.268,0.02,0.026,0.025,0.193,0.209,0.205,0.226,0.199,0.231,0.223,0,0,0,0,0,0.149,0.195,0.156,0.168,0.168,0.23,0.268,0,0,0.022,0.658,0.025,0.228,0.023,0.199,0.607,0.029,0,0,0.241,0.321,0.203,0.183,0.192,0.226,0.177,0.17,0.16,0.206,0.192,0.226,0.17,0.165,0.02,0.02,0.026,0.028,0.181,0.194,0.182,0.174,0.027,0.021,0.027,0.023,0.187,0.176,0.151,0.153,0.023,0.022,0.024,0.02,0.194,0.148,0.023,0.025,0.023,0.026,0.02,0.182,0.025,0.021,0.029,0,0.027,0.03,0.03,0.027,0.021,0.472,0.5,0.638,0.621,0.564,0,0,0,0,0,0,0,0,0.022,0.142,0.023,0.196,0.028,0.024,0.023,0,0,0.027,0.16,0.172,0.475,0.025,0.025,0.18,0.026,0.584,0.148,0.74,0,0.203,0.181,0.16,0.118,0.026,0.025,0.198,0.188,0,0,0.181,0.181,0.16,0.154,0.205,0,0.149,0.118,0.152,0.614,0.541,0.541
GO:0043410,0,0.027,0,0.035,0.028,0.204,0.251,0,0.032,0,0.027,0.191,0.23,0.229,0.282,0.311,0.207,0,0.029,0.029,0.029,0.03,0.029,0.029,0,0.405,0,0,0.472,0.743,0.468,0.713,0.713,0.537,0.518,0.579,0.678,0.199,0.461,0.203,0.2,0,0,0.155,0.156,0.023,0.248,0.274,0.159,0.397,0.141,0.143,0.175,0.422,0.817,0.025,0,0.028,0.181,0.213,0.243,0.194,0.862,0.2,0.194,0.825,0.2,0.246,0.825,0.246,0,0.194,0.196,0.794,0.245,0.243,0.201,0.243,0.203,0.203,0.026,0.224,0.194,0.213,0.278,0.356,0,0.027,0,0,0.134,0.334,0.024,0.024,0.194,0.232,0.164,0.164,0.18,0.17,0,0.207,0,0.201,0.204,0.172,0.202,0,0.341,0.331,0.201,0.201,0.189,0.195,0.451,0.022,0.023,0.469,0.023,0.404,0.453,0.199,0.465,0.165,0.909,0.935,0.999,0.195,0.189,0.433,0.469,0.138,0.133,0.182,0.408,0.911,0.581,0.023,0,0,0.025,0.029,0.028,0,0.145,0.695,0.656,0.656,0.619,0.022,0.207,0.025,0.194,0.185,0.188,0,0,0,0,0,0.026,0,0,0.163,0.184,0.184,0.202,0,0,0,0,0.026,0.181,0.18,0.187,0.164,0,0.163,0.283,0.284,0.024,0.324,0.294,0.022,0.336,0.02,0.02,0.02,0,0.025,0.019,0,0.025,0.02,0,0,0,0.454,0.173,0.199,0.176,0.436,0.444,0.241,0.629,0.019,0.022,0.022,0.022,0.02,0.023,0.02,0.19,0.202,0.178,0.127,0.328,0.702,0.65,0.208,0.132,0.13,0.2,0.196,0.133,0.173,0.212,0.124,0.173,0.154,0.201,0.168,0.151,0.179,0.163,0.768,0.025,0.023,0.024,0.021,0.017,0.025,0.023,0.022,0.025,0.021,0.021,0.024,0.025,0.025,0.024,0,0,0,0,0.019,0,0.159,0.135,0.125,0.027,0.019,0.025,0.019,0.019,0.023,0,0,0,0.16,0.265,0.248,0.229,0,0,0,0,0.442,0,0.441,0.413,0.193,0.024,0,0,0.027,0.027,0,0.021,0.633,0.743,0.021,0.02,0.513,0.151,0.125,0.106,0.027,0.17,0.398,0.388,0,0.174,0.166,0.016,0.027,0,0,0.019,0.183,0.248,0.019,0.024,0.023,0.18,0.195,0.462,0.508,0.186,0.517,0.5,0,0,0,0,0,0.142,0.183,0.357,0.156,0.156,0.514,0.248,0,0,0.021,0.617,0.023,0.217,0.021,0.451,0.729,0.027,0,0,0.224,0.299,0.19,0.416,0.18,0.508,0.167,0.16,0.366,0.192,0.435,0.508,0.16,0.156,0.019,0.019,0.024,0.026,0.17,0.182,0.171,0.164,0.025,0.019,0.024,0.022,0.175,0.165,0.141,0.142,0.021,0.021,0.022,0.019,0.182,0.138,0.021,0.023,0.021,0.024,0.019,0.171,0.023,0.02,0.026,0,0.025,0.028,0.028,0.024,0.02,0.429,0.455,0.594,0.579,0.529,0,0,0,0,0,0,0,0,0.02,0.133,0.022,0.443,0.026,0.023,0.021,0,0,0.024,0.151,0.159,0.431,0.023,0.023,0.17,0.024,0.548,0.138,0.682,0,0.46,0.17,0.366,0.112,0.024,0.023,0.185,0.426,0,0,0.44,0.441,0.15,0.379,0.191,0,0.139,0.112,0.143,0.578,0.513,0.513
GO:0043549,0.178,0.033,0.186,0.045,0.035,0.547,0.607,0.176,0.257,0.181,0.215,0.23,0.275,0.288,0.351,0,0.26,0.183,0.035,0.232,0.233,0.238,0.233,0.228,0.163,0.035,0,0.15,0.467,0.251,0.462,0.258,0.204,0.524,0.238,0.287,0.21,0.531,0.454,0.544,0.532,0.16,0.165,0.835,0.822,0.027,0,0,0.407,0.382,0.75,0.74,0.455,0.409,0.235,0.194,0.159,0.222,0.471,0.499,0.583,0.515,0.225,0.532,0.514,0.233,0.232,0.591,0.185,0.591,0.148,0.224,0.227,0.19,0.589,0.583,0.465,0.583,0.945,0.945,0.031,0.266,0.225,0.25,0,0.03,0,0.032,0,0,0.333,0.314,0.179,0.185,0.448,0.551,0.421,0.419,0.47,0.44,0.119,0.484,0.121,0.466,0.475,0.445,0.469,0.123,0.029,0.028,0.466,0.466,0.433,0.94,0.894,0.026,0.027,0.895,0.027,0.837,0.954,0.967,0.927,0.823,0.774,0.209,0.195,0.997,0.962,0.905,0.895,0.991,0.949,0.92,0.844,0.214,0.189,0.027,0.159,0.152,0.194,0.226,0.219,0.158,0.773,0.233,0.234,0.185,0.189,0.026,0.242,0.03,0.225,0.212,0.217,0,0,0,0,0,0.032,0,0,0.191,0.211,0.212,0.236,0,0,0,0,0.032,0.215,0.214,0.215,0.196,0,0.191,0.148,0.149,0.187,0.174,0.155,0.162,0.028,0.023,0.022,0.023,0,0.029,0.022,0,0.03,0.023,0,0,0,0.216,0.204,0.231,0,0.206,0.211,0.019,0.158,0.14,0.165,0.164,0.167,0.144,0.027,0.023,0.219,0.235,0.203,0.314,0.307,0.197,0.181,0.244,0.696,0.68,0.232,0.227,0.702,0.197,0,0.643,0.197,0.172,0.234,0.19,0.169,0.205,0.184,0.219,0.19,0.171,0.185,0.154,0.125,0.19,0.177,0.163,0.189,0.156,0.156,0.185,0.189,0.193,0.187,0.142,0.142,0,0,0.021,0,0,0.154,0.14,0.206,0.142,0.194,0.139,0.137,0.175,0.087,0,0,0.181,0,0,0,0,0,0,0,0.432,0.085,0.431,0.4,0.223,0.181,0.114,0.09,0.212,0.212,0,0.024,0.209,0.19,0.157,0.144,0.497,0.337,0.142,0.119,0.206,0.385,0.371,0.36,0.077,0,0.375,0.115,0.211,0,0,0.021,0.21,0,0.139,0.028,0.027,0.207,0.226,0.22,0.49,0.214,0.501,0.481,0,0,0,0,0,0.158,0.417,0.328,0.181,0.181,0.498,0,0,0,0.024,0.203,0.027,0.017,0.024,0.214,0.186,0.206,0,0.148,0,0.025,0.219,0.195,0.206,0.49,0.189,0.181,0.169,0.443,0.41,0.49,0.181,0.175,0.022,0.021,0.028,0.031,0.193,0.833,0.776,0.739,0.03,0.022,0.029,0.025,0.799,0.748,0.748,0.735,0.025,0.024,0.025,0.021,0.833,0.729,0.025,0.027,0.025,0.029,0.022,0.194,0.027,0.023,0.031,0,0.656,0.577,0.579,0.029,0.022,0.035,0.314,0.226,0.219,0.198,0,0,0,0,0,0,0,0,0.024,0.153,0.025,0.21,0.691,0.027,0.55,0.127,0.112,0.029,0.169,0.186,0,0.027,0.027,0.192,0.028,0.205,0.16,0.265,0,0.219,0.193,0.169,0.125,0.029,0.027,0.213,0.201,0,0,0.196,0.197,0.173,0.165,0.22,0,0.161,0.125,0.163,0.188,0.165,0.165
GO:0045859,0.253,0.031,0.176,0.043,0.033,0.521,0.579,0.276,0.243,0.228,0.236,0.22,0.263,0.272,0.333,0,0.246,0.204,0.034,0.231,0.221,0.236,0.221,0.25,0.183,0.033,0,0.556,0.448,0.242,0.455,0.248,0.196,0.503,0.227,0.275,0.202,0.572,0.493,0.532,0.569,0.451,0.392,0.803,0.789,0.026,0,0,0.92,0.865,0.723,0.713,0.79,0.714,0.227,0.214,0.251,0.244,0.452,0.48,0.557,0.492,0.217,0.521,0.504,0.225,0.224,0.565,0.178,0.565,0.574,0.216,0.219,0.183,0.562,0.558,0.449,0.558,0.911,0.911,0.029,0.256,0.217,0.24,0,0.029,0,0.031,0,0,0.757,0.715,0.198,0.204,0.433,0.528,0.406,0.414,0.462,0.434,0.464,0.466,0.471,0.449,0.458,0.483,0.452,0.481,0.027,0.027,0.449,0.449,0.419,0.962,0.916,0.025,0.026,0.865,0.026,0.871,0.922,0.933,0.895,0.857,0.808,0.202,0.189,0.962,0.998,0.941,0.865,0.956,0.918,0.955,0.879,0.207,0.184,0.026,0.151,0.24,0.214,0.215,0.219,0.178,0.745,0.224,0.226,0.178,0.182,0.025,0.233,0.029,0.217,0.205,0.21,0,0,0,0,0,0.03,0,0,0.184,0.204,0.205,0.227,0,0,0,0,0.03,0.206,0.205,0.208,0.187,0,0.184,0.166,0.166,0.207,0.193,0.172,0.18,0.027,0.022,0.022,0.022,0,0.028,0.021,0,0.029,0.023,0,0,0,0.209,0.196,0.223,0,0.2,0.204,0.019,0.154,0.368,0.184,0.43,0.185,0.161,0.026,0.022,0.211,0.226,0.197,0.715,0.701,0.191,0.176,0.235,0.673,0.658,0.224,0.219,0.678,0.191,0,0.624,0.191,0.168,0.226,0.184,0.165,0.199,0.178,0.211,0.182,0.19,0.367,0.307,0.251,0.317,0.297,0.181,0.182,0.262,0.262,0.31,0.182,0.193,0.188,0.136,0.339,0,0,0.021,0,0,0.149,0.136,0.227,0.158,0.215,0.156,0.153,0.195,0.343,0,0,0.176,0,0,0,0,0,0,0,0.416,0.335,0.426,0.395,0.215,0.201,0.447,0.354,0.202,0.202,0,0.023,0.202,0.184,0.174,0.161,0.478,0.328,0.138,0.116,0.227,0.374,0.36,0.35,0.303,0,0.364,0.129,0.211,0,0,0.021,0.203,0,0.155,0.027,0.026,0.2,0.218,0.213,0.472,0.207,0.482,0.464,0,0,0,0,0,0.154,0.404,0.32,0.175,0.175,0.479,0,0,0,0.023,0.196,0.026,0.017,0.023,0.207,0.181,0.227,0,0.167,0,0.024,0.212,0.189,0.2,0.472,0.184,0.176,0.165,0.428,0.397,0.472,0.176,0.17,0.021,0.02,0.027,0.03,0.188,0.806,0.752,0.718,0.028,0.021,0.028,0.024,0.775,0.727,0.721,0.709,0.024,0.023,0.025,0.021,0.806,0.704,0.024,0.026,0.024,0.028,0.021,0.188,0.026,0.022,0.03,0,0.733,0.55,0.552,0.028,0.022,0.033,0.299,0.218,0.212,0.192,0,0,0,0,0,0,0,0,0.023,0.148,0.025,0.203,0.661,0.026,0.619,0.495,0.437,0.028,0.165,0.179,0,0.026,0.026,0.187,0.027,0.199,0.154,0.254,0,0.212,0.188,0.165,0.122,0.028,0.026,0.206,0.195,0,0,0.189,0.189,0.167,0.16,0.213,0,0.155,0.122,0.158,0.183,0.16,0.16
GO:0045860,0.23,0.029,0.159,0.038,0.031,0.48,0.534,0.251,0.221,0.207,0.218,0.203,0.245,0.247,0.304,0,0.223,0.185,0.031,0.212,0.203,0.216,0.203,0.229,0.167,0.031,0,0.513,0.702,0.226,0.716,0.231,0.183,0.734,0.552,0.616,0.188,0.527,0.738,0.489,0.524,0.413,0.359,0.749,0.735,0.025,0,0,0.864,0.93,0.87,0.855,0.737,0.858,0.213,0.199,0.23,0.224,0.42,0.449,0.516,0.455,0.495,0.48,0.465,0.512,0.21,0.522,0.44,0.522,0.529,0.204,0.206,0.452,0.52,0.516,0.421,0.516,0.855,0.855,0.027,0.238,0.204,0.225,0,0.027,0,0.028,0,0,0.719,0.776,0.185,0.19,0.407,0.49,0.38,0.388,0.43,0.405,0.434,0.436,0.44,0.422,0.429,0.45,0.425,0.45,0.026,0.025,0.422,0.422,0.395,0.905,0.956,0.024,0.024,0.912,0.024,0.929,0.95,0.876,0.92,0.815,0.864,0.191,0.433,0.905,0.941,0.999,0.912,0.899,0.943,0.903,0.937,0.473,0.174,0.025,0.138,0.221,0.199,0.198,0.201,0.163,0.698,0.211,0.212,0.167,0.171,0.023,0.218,0.027,0.204,0.194,0.198,0,0,0,0,0,0.028,0,0,0.172,0.193,0.193,0.213,0,0,0,0,0.028,0.192,0.191,0.196,0.174,0,0.172,0.156,0.156,0.193,0.18,0.162,0.169,0.025,0.021,0.021,0.021,0,0.026,0.02,0,0.027,0.021,0,0,0,0.477,0.183,0.209,0,0.457,0.466,0.018,0.356,0.348,0.172,0.403,0.174,0.152,0.024,0.021,0.199,0.213,0.186,0.681,0.762,0.181,0.167,0.22,0.634,0.796,0.211,0.206,0.819,0.181,0,0.757,0.181,0.16,0.212,0.175,0.157,0.188,0.17,0.199,0.17,0.178,0.342,0.289,0.239,0.295,0.277,0.17,0.169,0.247,0.247,0.289,0.169,0.18,0.175,0.126,0.314,0,0,0.02,0,0,0.142,0.13,0.21,0.15,0.199,0.147,0.145,0.182,0.327,0,0,0.167,0,0,0,0,0,0,0,0.655,0.32,0.673,0.628,0.203,0.187,0.419,0.337,0.187,0.186,0,0.022,0.191,0.424,0.164,0.152,0.7,0.313,0.131,0.111,0.21,0.355,0.541,0.526,0.29,0,0.346,0.123,0.195,0,0,0.02,0.192,0,0.147,0.025,0.024,0.189,0.205,0.485,0.697,0.195,0.71,0.686,0,0,0,0,0,0.147,0.381,0.483,0.164,0.164,0.707,0,0,0,0.022,0.186,0.025,0.016,0.022,0.473,0.416,0.21,0,0.154,0,0.022,0.199,0.435,0.189,0.697,0.174,0.167,0.38,0.403,0.593,0.697,0.167,0.162,0.02,0.019,0.025,0.027,0.178,0.762,0.714,0.683,0.026,0.02,0.026,0.023,0.734,0.691,0.677,0.665,0.023,0.022,0.023,0.019,0.762,0.662,0.022,0.025,0.023,0.026,0.02,0.178,0.025,0.021,0.028,0,0.681,0.507,0.509,0.026,0.02,0.03,0.275,0.205,0.2,0.182,0,0,0,0,0,0,0,0,0.021,0.139,0.023,0.464,0.612,0.024,0.581,0.461,0.411,0.026,0.157,0.168,0,0.024,0.024,0.177,0.025,0.188,0.145,0.237,0,0.483,0.178,0.38,0.116,0.026,0.024,0.194,0.446,0,0,0.465,0.466,0.157,0.397,0.201,0,0.146,0.116,0.149,0.174,0.153,0.153
GO:0045937,0.177,0.032,0.184,0.045,0.035,0.543,0.602,0.174,0.255,0.179,0.213,0.228,0.272,0.285,0.348,0,0.257,0.181,0.035,0.23,0.231,0.235,0.231,0.226,0.161,0.035,0,0.149,0.781,0.25,0.772,0.256,0.203,0.814,0.621,0.69,0.209,0.526,0.759,0.539,0.527,0.158,0.164,0.181,0.183,0.027,0,0,0.404,0.638,0.163,0.165,0.451,0.684,0.233,0.192,0.158,0.22,0.468,0.495,0.579,0.511,0.542,0.528,0.51,0.561,0.23,0.586,0.483,0.587,0.147,0.223,0.226,0.497,0.584,0.579,0.462,0.579,0.939,0.939,0.031,0.264,0.223,0.248,0,0.03,0,0.032,0,0,0.331,0.525,0.177,0.183,0.446,0.547,0.419,0.417,0.466,0.437,0.118,0.481,0.12,0.463,0.472,0.441,0.466,0.123,0.028,0.027,0.463,0.463,0.43,0.895,0.954,0.026,0.027,0.997,0.027,0.843,0.96,0.921,0.989,0.74,0.78,0.208,0.469,0.895,0.865,0.912,0.997,0.159,0.152,0.827,0.851,0.515,0.188,0.027,0.157,0.151,0.193,0.224,0.217,0.157,0.168,0.231,0.232,0.184,0.188,0.025,0.24,0.03,0.223,0.211,0.215,0,0,0,0,0,0.032,0,0,0.189,0.209,0.21,0.234,0,0,0,0,0.032,0.213,0.212,0.214,0.194,0,0.19,0.148,0.148,0.186,0.172,0.154,0.161,0.028,0.022,0.022,0.023,0,0.029,0.022,0,0.03,0.023,0,0,0,0.52,0.203,0.229,0,0.496,0.507,0.019,0.38,0.139,0.164,0.163,0.166,0.143,0.027,0.023,0.217,0.233,0.202,0.312,0.515,0.196,0.18,0.242,0.151,0.148,0.231,0.226,0.153,0.196,0,0.14,0.196,0.172,0.233,0.189,0.168,0.204,0.183,0.217,0.189,0.17,0.184,0.153,0.124,0.188,0.176,0.162,0.188,0.155,0.155,0.184,0.188,0.191,0.186,0.141,0.141,0,0,0.021,0,0,0.153,0.139,0.205,0.141,0.193,0.139,0.136,0.174,0.087,0,0,0.18,0,0,0,0,0,0,0,0.722,0.085,0.721,0.668,0.221,0.18,0.113,0.089,0.21,0.21,0,0.024,0.207,0.458,0.156,0.144,0.773,0.336,0.142,0.119,0.205,0.383,0.578,0.562,0.076,0,0.373,0.114,0.209,0,0,0.021,0.208,0,0.138,0.028,0.027,0.205,0.224,0.53,0.763,0.213,0.779,0.749,0,0,0,0,0,0.157,0.415,0.512,0.18,0.18,0.775,0,0,0,0.023,0.202,0.027,0.017,0.024,0.515,0.448,0.205,0,0.147,0,0.024,0.218,0.47,0.205,0.763,0.188,0.18,0.407,0.441,0.639,0.763,0.18,0.174,0.022,0.021,0.028,0.031,0.192,0.828,0.771,0.736,0.029,0.022,0.029,0.025,0.795,0.745,0.163,0.164,0.025,0.024,0.025,0.021,0.828,0.158,0.025,0.027,0.025,0.029,0.022,0.193,0.027,0.023,0.031,0,0.508,0.572,0.574,0.029,0.022,0.034,0.311,0.224,0.218,0.197,0,0,0,0,0,0,0,0,0.023,0.152,0.025,0.505,0.535,0.026,0.427,0.126,0.111,0.029,0.168,0.184,0,0.027,0.027,0.191,0.028,0.204,0.159,0.263,0,0.527,0.192,0.407,0.124,0.029,0.027,0.212,0.483,0,0,0.513,0.514,0.172,0.432,0.219,0,0.16,0.124,0.162,0.187,0.164,0.164
GO:0051338,0,0,0,0,0,0.224,0.216,0,0,0,0,0.206,0.195,0.258,0.25,0,0.262,0,0,0,0,0,0,0,0,0,0,0,0.191,0.178,0.189,0.183,0.183,0.186,0.213,0.204,0.189,0.217,0.186,0.223,0.218,0,0,0.841,0.827,0,0,0,0.166,0.156,0.755,0.745,0.186,0.167,0.167,0,0,0,0.193,0.177,0.208,0.211,0.16,0.218,0.21,0.165,0.164,0.21,0.165,0.211,0,0.159,0.161,0.17,0.21,0.208,0.165,0.208,0.168,0.168,0,0.189,0.159,0.177,0,0,0,0,0,0,0.136,0.128,0,0,0.159,0.196,0.172,0.171,0.192,0.18,0,0.172,0,0.166,0.169,0.182,0.167,0,0,0,0.166,0.166,0.154,0.16,0.152,0,0,0.159,0,0.831,0.948,0.164,0.157,0.817,0.768,0.148,0.138,0.991,0.956,0.899,0.159,0.996,0.954,0.914,0.839,0.152,0.134,0,0,0,0,0,0,0,0.778,0.165,0.166,0.166,0.169,0,0.172,0,0.159,0.15,0.154,0,0,0,0,0,0,0,0,0.171,0.149,0.15,0.167,0,0,0,0,0,0.193,0.192,0.152,0.197,0,0.171,0,0,0,0,0,0,0,0,0,0,0,0,0,0,0,0,0,0,0,0.153,0.183,0.164,0,0.146,0.149,0,0.111,0,0,0,0,0,0,0,0.155,0.166,0.144,0.128,0.125,0.14,0.128,0.173,0.699,0.684,0.165,0.161,0.706,0.14,0,0.647,0.14,0.122,0.166,0.135,0.12,0.145,0.13,0.155,0,0,0,0,0,0,0,0,0,0,0,0,0,0,0,0,0,0,0,0,0,0,0.138,0.125,0,0,0,0,0,0,0,0,0,0.128,0,0,0,0,0,0,0,0.177,0,0.176,0.163,0.158,0,0,0,0,0,0,0,0.148,0.135,0,0,0.177,0.12,0.143,0.12,0,0.137,0.132,0.128,0,0,0.133,0,0,0,0,0,0.148,0,0,0,0,0.146,0.16,0.156,0.174,0.152,0.178,0.171,0,0,0,0,0,0.111,0.148,0.116,0.162,0.162,0.177,0,0,0,0,0.143,0,0,0,0.152,0.132,0,0,0,0,0,0.155,0.138,0.146,0.174,0.134,0.128,0.12,0.157,0.146,0.174,0.128,0.124,0,0,0,0,0.137,0.147,0.628,0.598,0,0,0,0,0.142,0.132,0.752,0.739,0,0,0,0,0.147,0.733,0,0,0,0,0,0.137,0,0,0,0,0,0,0,0,0,0,0.223,0.16,0.155,0.14,0,0,0,0,0,0,0,0,0,0.154,0,0.149,0,0,0,0,0,0,0.12,0.166,0,0,0,0.136,0,0.145,0.161,0.188,0,0.155,0.137,0.12,0.111,0,0,0.151,0.142,0,0,0.176,0.176,0.155,0.148,0.156,0,0.162,0.111,0.146,0.133,0.116,0.116
GO:0051347,0,0,0,0,0,0.211,0.204,0,0,0,0,0.195,0.185,0.241,0.234,0,0.245,0,0,0,0,0,0,0,0,0,0,0,0.182,0.17,0.18,0.174,0.174,0.177,0.202,0.193,0.179,0.205,0.177,0.21,0.205,0,0,0.801,0.787,0,0,0,0.159,0.149,0.925,0.91,0.177,0.16,0.159,0,0,0,0.183,0.169,0.196,0.199,0.153,0.206,0.199,0.158,0.157,0.199,0.158,0.199,0,0.152,0.154,0.163,0.198,0.196,0.158,0.196,0.16,0.16,0,0.18,0.152,0.169,0,0,0,0,0,0,0.131,0.124,0,0,0.153,0.186,0.164,0.164,0.182,0.171,0,0.164,0,0.158,0.161,0.173,0.159,0,0,0,0.158,0.158,0.148,0.153,0.146,0,0,0.152,0,0.873,0.991,0.157,0.151,0.789,0.809,0.142,0.133,0.949,0.918,0.943,0.152,0.954,0.998,0.878,0.881,0.146,0.129,0,0,0,0,0,0,0,0.743,0.158,0.159,0.159,0.162,0,0.164,0,0.152,0.144,0.147,0,0,0,0,0,0,0,0,0.163,0.143,0.144,0.16,0,0,0,0,0,0.183,0.182,0.146,0.187,0,0.164,0,0,0,0,0,0,0,0,0,0,0,0,0,0,0,0,0,0,0,0.147,0.175,0.157,0,0.14,0.143,0,0.108,0,0,0,0,0,0,0,0.149,0.159,0.138,0.124,0.121,0.134,0.124,0.165,0.671,0.842,0.158,0.154,0.868,0.134,0,0.798,0.134,0.118,0.159,0.13,0.116,0.14,0.126,0.149,0,0,0,0,0,0,0,0,0,0,0,0,0,0,0,0,0,0,0,0,0,0,0.133,0.121,0,0,0,0,0,0,0,0,0,0.124,0,0,0,0,0,0,0,0.168,0,0.168,0.156,0.151,0,0,0,0,0,0,0,0.142,0.13,0,0,0.168,0.116,0.138,0.116,0,0.132,0.127,0.124,0,0,0.129,0,0,0,0,0,0.143,0,0,0,0,0.141,0.153,0.15,0.166,0.146,0.17,0.163,0,0,0,0,0,0.108,0.142,0.113,0.155,0.155,0.169,0,0,0,0,0.138,0,0,0,0.146,0.127,0,0,0,0,0,0.149,0.133,0.14,0.166,0.129,0.124,0.116,0.151,0.14,0.166,0.124,0.12,0,0,0,0,0.132,0.142,0.605,0.577,0,0,0,0,0.136,0.128,0.72,0.707,0,0,0,0,0.142,0.702,0,0,0,0,0,0.132,0,0,0,0,0,0,0,0,0,0,0.21,0.153,0.149,0.135,0,0,0,0,0,0,0,0,0,0.147,0,0.143,0,0,0,0,0,0,0.116,0.159,0,0,0,0.131,0,0.14,0.154,0.179,0,0.149,0.132,0.116,0.108,0,0,0.145,0.137,0,0,0.168,0.168,0.148,0.142,0.15,0,0.155,0.108,0.14,0.129,0.113,0.113
GO:0071900,0.236,0.029,0.163,0.039,0.031,0.49,0.545,0.257,0.226,0.212,0.222,0.207,0.249,0.253,0.311,0,0.229,0.19,0.031,0.216,0.207,0.221,0.207,0.235,0.171,0.031,0,0.523,0.425,0.23,0.431,0.236,0.186,0.477,0.214,0.26,0.191,0.538,0.468,0.5,0.535,0.422,0.367,0.762,0.749,0.025,0,0,0.878,0.827,0.69,0.68,0.75,0.681,0.216,0.203,0.235,0.229,0.428,0.456,0.526,0.464,0.208,0.49,0.475,0.215,0.213,0.533,0.17,0.533,0.54,0.207,0.209,0.174,0.531,0.526,0.428,0.526,0.869,0.869,0.028,0.242,0.207,0.229,0,0.027,0,0.029,0,0,0.728,0.689,0.188,0.194,0.414,0.5,0.387,0.395,0.438,0.413,0.441,0.444,0.448,0.429,0.437,0.458,0.432,0.458,0.026,0.025,0.429,0.429,0.401,0.92,0.878,0.024,0.025,0.827,0.025,0.838,0.883,0.89,0.856,0.901,0.85,0.194,0.182,0.92,0.955,0.903,0.827,0.914,0.878,0.999,0.922,0.198,0.177,0.025,0.141,0.226,0.203,0.202,0.206,0.167,0.71,0.214,0.215,0.17,0.173,0.024,0.222,0.027,0.207,0.197,0.201,0,0,0,0,0,0.029,0,0,0.175,0.195,0.196,0.217,0,0,0,0,0.029,0.195,0.195,0.199,0.177,0,0.175,0.159,0.159,0.196,0.183,0.165,0.172,0.026,0.021,0.021,0.021,0,0.027,0.02,0,0.027,0.022,0,0,0,0.2,0.187,0.213,0,0.192,0.195,0.018,0.149,0.353,0.175,0.41,0.177,0.154,0.025,0.021,0.202,0.216,0.189,0.689,0.676,0.184,0.169,0.223,0.644,0.631,0.214,0.21,0.649,0.184,0,0.599,0.184,0.162,0.215,0.178,0.159,0.191,0.172,0.202,0.173,0.181,0.348,0.294,0.242,0.3,0.282,0.173,0.172,0.251,0.251,0.294,0.172,0.183,0.178,0.128,0.32,0,0,0.02,0,0,0.144,0.131,0.214,0.152,0.203,0.15,0.147,0.185,0.331,0,0,0.169,0,0,0,0,0,0,0,0.396,0.324,0.405,0.378,0.206,0.191,0.426,0.341,0.19,0.19,0,0.022,0.194,0.178,0.167,0.155,0.455,0.317,0.132,0.112,0.214,0.36,0.347,0.338,0.293,0,0.351,0.125,0.199,0,0,0.02,0.194,0,0.149,0.026,0.025,0.192,0.208,0.204,0.449,0.198,0.458,0.442,0,0,0,0,0,0.149,0.387,0.309,0.167,0.167,0.456,0,0,0,0.022,0.188,0.025,0.016,0.022,0.198,0.174,0.214,0,0.157,0,0.023,0.203,0.182,0.192,0.449,0.177,0.169,0.159,0.409,0.381,0.449,0.169,0.164,0.02,0.02,0.026,0.028,0.18,0.773,0.723,0.692,0.027,0.02,0.026,0.023,0.744,0.7,0.688,0.676,0.023,0.022,0.023,0.02,0.773,0.672,0.023,0.025,0.023,0.026,0.02,0.181,0.025,0.021,0.028,0,0.694,0.518,0.519,0.026,0.021,0.031,0.281,0.208,0.203,0.184,0,0,0,0,0,0,0,0,0.022,0.141,0.023,0.195,0.624,0.024,0.591,0.47,0.417,0.026,0.159,0.171,0,0.025,0.024,0.18,0.026,0.191,0.147,0.241,0,0.203,0.18,0.159,0.118,0.026,0.024,0.197,0.187,0,0,0.18,0.18,0.16,0.153,0.204,0,0.148,0.118,0.151,0.176,0.155,0.155
GO:0071902,0.207,0.026,0.143,0.034,0.028,0.437,0.488,0.226,0.199,0.186,0.199,0.186,0.225,0.223,0.274,0,0.201,0.166,0.028,0.192,0.184,0.195,0.184,0.208,0.152,0.028,0,0.468,0.647,0.209,0.661,0.214,0.169,0.678,0.505,0.566,0.173,0.481,0.681,0.446,0.479,0.375,0.325,0.692,0.679,0.023,0,0,0.803,0.868,0.81,0.795,0.681,0.798,0.198,0.183,0.209,0.204,0.387,0.416,0.473,0.416,0.462,0.438,0.426,0.476,0.196,0.478,0.41,0.478,0.484,0.19,0.192,0.42,0.476,0.473,0.392,0.473,0.795,0.795,0.025,0.22,0.19,0.208,0,0.025,0,0.026,0,0,0.676,0.733,0.171,0.176,0.38,0.451,0.353,0.36,0.396,0.375,0.403,0.405,0.408,0.393,0.399,0.417,0.395,0.416,0.024,0.023,0.393,0.393,0.369,0.844,0.894,0.022,0.023,0.851,0.022,0.875,0.888,0.816,0.859,0.838,0.926,0.179,0.408,0.844,0.879,0.937,0.851,0.839,0.881,0.922,1,0.442,0.164,0.023,0.126,0.201,0.183,0.18,0.183,0.148,0.648,0.196,0.197,0.156,0.159,0.022,0.203,0.024,0.19,0.182,0.185,0,0,0,0,0,0.026,0,0,0.16,0.18,0.181,0.198,0,0,0,0,0.026,0.177,0.176,0.183,0.16,0,0.16,0.146,0.146,0.178,0.167,0.152,0.157,0.023,0.019,0.019,0.02,0,0.024,0.019,0,0.025,0.02,0,0,0,0.446,0.169,0.195,0,0.428,0.436,0.017,0.339,0.327,0.16,0.375,0.161,0.142,0.022,0.02,0.186,0.198,0.175,0.643,0.72,0.17,0.158,0.204,0.593,0.746,0.196,0.192,0.766,0.17,0,0.711,0.17,0.151,0.197,0.165,0.149,0.176,0.16,0.186,0.156,0.165,0.316,0.27,0.226,0.271,0.257,0.158,0.156,0.23,0.23,0.267,0.156,0.165,0.161,0.115,0.288,0,0,0.018,0,0,0.133,0.123,0.192,0.14,0.183,0.139,0.136,0.168,0.309,0,0,0.158,0,0,0,0,0,0,0,0.607,0.302,0.624,0.585,0.189,0.173,0.39,0.317,0.17,0.17,0,0.021,0.179,0.399,0.153,0.143,0.649,0.297,0.123,0.105,0.192,0.334,0.51,0.497,0.276,0,0.326,0.117,0.178,0,0,0.019,0.179,0,0.138,0.023,0.022,0.177,0.191,0.453,0.646,0.183,0.658,0.637,0,0,0,0,0,0.14,0.357,0.458,0.153,0.153,0.655,0,0,0,0.02,0.174,0.023,0.015,0.021,0.442,0.392,0.192,0,0.141,0,0.021,0.186,0.409,0.177,0.646,0.164,0.158,0.36,0.376,0.556,0.646,0.158,0.153,0.019,0.018,0.023,0.025,0.167,0.714,0.671,0.644,0.024,0.019,0.024,0.021,0.689,0.651,0.631,0.619,0.021,0.02,0.021,0.018,0.714,0.617,0.021,0.023,0.021,0.024,0.019,0.168,0.023,0.02,0.026,0,0.627,0.462,0.464,0.024,0.019,0.028,0.251,0.191,0.186,0.171,0,0,0,0,0,0,0,0,0.02,0.13,0.021,0.435,0.561,0.022,0.542,0.426,0.382,0.024,0.149,0.156,0,0.022,0.022,0.167,0.023,0.176,0.135,0.219,0,0.451,0.167,0.36,0.111,0.024,0.022,0.182,0.419,0,0,0.431,0.432,0.147,0.372,0.187,0,0.136,0.111,0.14,0.164,0.145,0.145
GO:1902533,0,0.031,0,0.041,0.032,0.233,0.284,0,0.037,0,0.031,0.215,0.258,0.265,0.325,0.357,0.239,0,0.033,0.033,0.034,0.034,0.034,0.033,0,0.462,0,0,0.528,0.826,0.523,0.795,0.795,0.599,0.586,0.652,0.758,0.226,0.514,0.231,0.226,0,0,0.172,0.174,0.026,0.276,0.31,0.176,0.436,0.156,0.158,0.195,0.466,0.903,0.028,0,0.032,0.202,0.236,0.274,0.22,0.948,0.227,0.219,0.91,0.22,0.277,0.911,0.278,0,0.213,0.216,0.879,0.276,0.274,0.221,0.274,0.224,0.224,0.029,0.251,0.213,0.236,0.314,0.4,0,0.03,0,0,0.145,0.361,0.026,0.027,0.214,0.26,0.182,0.181,0.201,0.189,0,0.23,0,0.222,0.226,0.191,0.223,0,0.381,0.368,0.222,0.222,0.207,0.214,0.494,0.025,0.026,0.515,0.025,0.439,0.497,0.22,0.511,0.178,0.822,0.807,0.911,0.214,0.207,0.473,0.515,0.152,0.146,0.198,0.442,0.998,0.63,0.026,0,0,0.028,0.033,0.032,0,0.16,0.767,0.724,0.724,0.684,0.024,0.229,0.028,0.213,0.202,0.206,0,0,0,0,0,0.03,0,0,0.181,0.201,0.202,0.224,0,0,0,0,0.03,0.202,0.201,0.205,0.184,0,0.181,0.31,0.311,0.027,0.36,0.323,0.024,0.374,0.021,0.021,0.022,0,0.028,0.021,0,0.028,0.022,0,0,0,0.498,0.193,0.219,0.19,0.476,0.486,0.26,0.674,0.021,0.024,0.024,0.025,0.021,0.025,0.022,0.208,0.223,0.194,0.137,0.355,0.764,0.703,0.231,0.145,0.142,0.221,0.216,0.146,0.189,0.233,0.135,0.189,0.166,0.222,0.182,0.163,0.196,0.176,0.843,0.028,0.025,0.027,0.023,0.019,0.028,0.026,0.024,0.028,0.023,0.023,0.027,0.028,0.028,0.027,0,0,0,0,0.02,0,0.17,0.147,0.135,0.03,0.021,0.028,0.021,0.02,0.026,0,0,0,0.173,0.298,0.276,0.254,0,0,0,0,0.491,0,0.49,0.456,0.212,0.027,0,0,0.031,0.031,0,0.023,0.692,0.806,0.023,0.021,0.57,0.163,0.136,0.115,0.03,0.185,0.432,0.42,0,0.188,0.18,0.017,0.031,0,0,0.021,0.2,0.276,0.021,0.026,0.025,0.197,0.214,0.507,0.563,0.204,0.574,0.553,0,0,0,0,0,0.152,0.2,0.384,0.172,0.172,0.571,0.276,0,0,0.022,0.673,0.026,0.232,0.023,0.494,0.79,0.03,0,0,0.248,0.329,0.208,0.452,0.197,0.563,0.181,0.173,0.394,0.211,0.475,0.563,0.173,0.168,0.021,0.02,0.026,0.029,0.185,0.199,0.186,0.177,0.028,0.021,0.027,0.024,0.191,0.179,0.155,0.157,0.024,0.023,0.024,0.02,0.199,0.152,0.023,0.026,0.024,0.027,0.021,0.186,0.026,0.022,0.029,0,0.028,0.031,0.031,0.027,0.021,0.488,0.517,0.654,0.636,0.576,0,0,0,0,0,0,0,0,0.022,0.145,0.024,0.484,0.029,0.025,0.024,0,0,0.027,0.163,0.176,0.491,0.025,0.025,0.184,0.027,0.598,0.152,0.761,0,0.504,0.185,0.394,0.12,0.027,0.025,0.203,0.464,0,0,0.489,0.49,0.164,0.414,0.21,0,0.153,0.12,0.156,0.627,0.551,0.551
GO:2001233,0,0.026,0,0.034,0.027,0.197,0.242,0,0.03,0,0.026,0.184,0.223,0.22,0.271,0.298,0.198,0,0.028,0.028,0.028,0.029,0.028,0.028,0,0.389,0,0,0.173,0.72,0.172,0.691,0.691,0.215,0.189,0.231,0.656,0.192,0.169,0.196,0.192,0,0,0.15,0.151,0.022,0.24,0.265,0.155,0.147,0.137,0.139,0.17,0.155,0.681,0.024,0,0.027,0.175,0.206,0.234,0.187,0.657,0.193,0.187,0.636,0.807,0.237,0.635,0.237,0,0.842,0.829,0.603,0.236,0.234,0.195,0.234,0.197,0.197,0.025,0.217,0.189,0.206,0.268,0.344,0,0.026,0,0,0.13,0.124,0.023,0.023,0.189,0.224,0.159,0.159,0.174,0.165,0,0.201,0,0.195,0.198,0.166,0.196,0,0.33,0.321,0.195,0.195,0.183,0.189,0.181,0.761,0.721,0.188,0.736,0.163,0.182,0.194,0.187,0.161,0.529,0.617,0.581,0.189,0.184,0.174,0.188,0.134,0.129,0.177,0.164,0.63,1,0.023,0,0,0.024,0.028,0.027,0,0.14,0.675,0.637,0.637,0.6,0.021,0.201,0.024,0.189,0.18,0.183,0,0,0,0,0,0.025,0,0,0.158,0.799,0.781,0.196,0,0,0,0,0.025,0.175,0.174,0.757,0.158,0,0.159,0.276,0.276,0.024,0.314,0.286,0.021,0.325,0.019,0.019,0.019,0,0.024,0.019,0,0.024,0.02,0,0,0,0.761,0.168,0.193,0.172,0.785,0.778,0.235,0.853,0.019,0.021,0.021,0.022,0.019,0.022,0.019,0.185,0.196,0.173,0.124,0.122,0.587,0.545,0.202,0.129,0.126,0.194,0.191,0.13,0.169,0.206,0.12,0.169,0.15,0.195,0.164,0.148,0.175,0.159,0.641,0.024,0.022,0.023,0.02,0.017,0.024,0.023,0.021,0.024,0.02,0.02,0.023,0.024,0.024,0.024,0,0,0,0,0.018,0,0.155,0.132,0.122,0.026,0.019,0.024,0.018,0.018,0.022,0,0,0,0.157,0.256,0.24,0.222,0,0,0,0,0.163,0,0.162,0.152,0.187,0.023,0,0,0.026,0.026,0,0.02,0.616,0.569,0.02,0.019,0.206,0.148,0.122,0.104,0.026,0.166,0.161,0.157,0,0.17,0.162,0.016,0.026,0,0,0.018,0.178,0.24,0.018,0.023,0.022,0.176,0.189,0.186,0.203,0.181,0.207,0.2,0,0,0,0,0,0.139,0.178,0.144,0.152,0.152,0.206,0.24,0,0,0.02,0.601,0.023,0.213,0.02,0.181,0.558,0.026,0,0,0.218,0.29,0.185,0.168,0.175,0.203,0.163,0.157,0.148,0.187,0.175,0.203,0.157,0.152,0.019,0.018,0.023,0.025,0.166,0.177,0.167,0.16,0.024,0.019,0.024,0.021,0.171,0.162,0.137,0.138,0.021,0.02,0.021,0.018,0.177,0.134,0.021,0.022,0.021,0.023,0.019,0.167,0.023,0.019,0.025,0,0.024,0.027,0.027,0.024,0.019,0.412,0.438,0.335,0.327,0.299,0,0,0,0,0,0,0,0,0.02,0.129,0.021,0.178,0.025,0.022,0.021,0,0,0.024,0.148,0.155,0.415,0.022,0.022,0.165,0.023,0.309,0.134,0.382,0,0.185,0.166,0.148,0.11,0.024,0.022,0.18,0.172,0,0,0.162,0.162,0.146,0.14,0.186,0,0.135,0.11,0.139,0.995,0.886,0.886
GO:0022613,0,0.535,0,0.057,0.577,0,0.039,0,0.049,0,0.039,0,0.034,0,0.046,0,0,0,0.584,0.043,0.043,0.044,0.043,0.042,0,0.042,0,0,0,0.031,0,0.032,0,0.033,0,0.036,0,0,0,0,0,0,0,0,0,0.434,0,0,0,0,0,0,0,0,0.029,0.035,0,0.041,0,0.031,0.037,0,0.027,0,0,0.029,0.028,0.038,0,0.038,0,0.027,0.028,0,0.037,0.037,0.028,0.037,0.029,0.029,0.824,0.462,0.027,0.031,0,0.035,0,0.037,0,0,0,0,0.032,0.033,0.027,0.035,0,0,0,0,0,0.03,0,0.029,0.029,0,0.029,0,0.033,0.032,0.029,0.029,0.026,0.027,0.026,0.03,0.031,0.027,0.031,0.023,0.026,0.028,0.027,0.022,0.021,0.025,0.023,0.027,0.026,0.025,0.027,0,0,0.025,0.023,0.026,0.023,0.988,0,0,0.035,0.042,0.04,0,0,0.028,0.029,0,0,0.404,0.03,0.796,0.027,0.026,0.366,0,0,0,0,0,0.037,0,0,0,0.025,0.026,0.029,0,0,0,0,0.037,0,0,0.026,0,0,0,0.026,0.026,0.033,0.031,0.027,0.028,0.032,0.349,0.348,0.355,0,0.034,0.024,0,0.035,0.026,0,0,0,0.026,0,0.028,0,0.025,0.025,0.021,0.018,0.762,0.918,0.029,0.029,0.784,0.963,0.812,0.37,0.4,0.34,0,0,0.024,0.021,0.417,0,0,0.653,0.386,0,0.543,0,0,0.543,0.469,0.399,0.522,0.459,0.568,0.503,0.027,0.034,0.03,0.033,0.027,0.021,0.034,0.031,0.028,0.034,0.027,0.027,0.033,0.034,0.035,0.033,0,0,0,0,0.024,0,0,0,0,0.037,0.024,0.035,0.024,0.023,0.031,0,0,0,0.021,0,0,0,0,0,0,0,0,0,0,0,0.027,0.032,0,0,0.039,0.039,0,0.861,0.025,0.023,0.027,0.025,0.031,0.02,0,0,0.037,0.023,0.022,0.021,0,0,0.022,0.612,0.038,0,0,0.024,0.025,0,0.024,0.446,0.031,0.025,0.027,0.027,0.03,0.026,0.031,0.03,0,0,0,0,0,0.018,0.025,0.019,0,0,0.031,0,0,0,0.026,0.024,0.722,0.018,0.381,0.026,0.022,0.037,0,0,0,0.028,0.027,0.023,0.025,0.03,0.023,0.021,0.02,0.027,0.025,0.03,0.021,0.021,0.335,0.023,0.032,0.036,0.023,0.025,0.023,0.022,0.034,0.024,0.465,0.649,0.024,0.022,0,0,0.028,0.027,0.401,0.023,0.025,0,0.641,0.717,0.647,0.461,0.024,0.023,0.031,0.026,0.037,0,0.034,0.04,0.039,0.466,0.346,0.041,0.04,0.027,0.027,0.024,0,0,0,0,0,0,0,0,0.026,0.366,0.4,0.025,0.036,0.03,0.028,0,0,0.033,0.02,0,0,0.031,0.423,0.023,0.033,0.025,0.385,0.033,0,0.027,0.023,0.02,0,0.033,0.03,0.026,0.024,0,0,0,0,0,0,0.027,0,0,0,0,0.022,0.019,0.019
GO:0009058,0.36,0,0.394,0,0,0.27,0.254,0.351,0.364,0.371,0.26,0,0,0,0,0,0,0.381,0,0.298,0.3,0.311,0.3,0.289,0.302,0,0,0.261,0.208,0,0.204,0,0,0.2,0,0,0,0.256,0.199,0.268,0.257,0.292,0.31,0,0,0,0,0,0.168,0.153,0,0,0.199,0.169,0,0.219,0.291,0.275,0.211,0.185,0.732,0.749,0,0.258,0.747,0,0,0.243,0,0.749,0.256,0,0,0,0.241,0.732,0.514,0.732,0.17,0.17,0,0,0,0,0,0,0,0,0,0,0.126,0.117,0.192,0.202,0.487,0.666,0.545,0.541,0.209,0.189,0.179,0.544,0.183,0.515,0.172,0.192,0.169,0.19,0,0,0.515,0.515,0.463,0.159,0.147,0,0,0.157,0,0.124,0.149,0.165,0.155,0.121,0.112,0,0,0.159,0.151,0.138,0.157,0,0,0.141,0.126,0,0,0,0.885,0.823,0.675,0.878,0.828,0.882,0,0,0,0,0,0,0,0,0,0,0,0,0,0,0,0,0,0,0,0,0,0,0,0,0,0,0,0,0,0,0,0,0,0,0.146,0.146,0.207,0.184,0.155,0.166,0,0,0,0,0,0,0,0,0,0,0,0,0,0,0,0,0,0,0,0,0,0.135,0.171,0.17,0.173,0.14,0,0,0,0,0,0.117,0.114,0,0,0,0,0,0,0,0,0,0,0,0,0,0,0,0,0,0,0,0.212,0.18,0.626,0.474,0.355,0.211,0.19,0.167,0.21,0.157,0.156,0.627,0.211,0.216,0.636,0.238,0.73,0,0,0,0,0,0,0,0.745,0.421,0.675,0.412,0.13,0.187,0.115,0,0,0,0,0,0,0,0,0,0,0.566,0.112,0.564,0.164,0,0.197,0.169,0.12,0.781,0.779,0,0,0,0,0.158,0.141,0.566,0.107,0,0,0.746,0.393,0.374,0.36,0.098,0,0.38,0.103,0.775,0,0,0,0,0,0.133,0,0,0,0,0,0.555,0,0.186,0.54,0,0,0,0,0,0,0.143,0.103,0,0,0.185,0,0,0,0,0,0,0,0,0,0,0.746,0,0.784,0,0,0,0,0,0.555,0,0,0,0.155,0.139,0.555,0,0,0,0,0,0,0,0.142,0.128,0.12,0,0,0,0,0.134,0.122,0,0,0,0,0,0,0.142,0,0,0,0,0,0,0,0,0,0,0,0.213,0.262,0.262,0,0,0,0,0,0,0,0,0,0,0,0,0,0,0,0,0,0,0,0.232,0,0.163,0.198,0.163,0,0,0,0,0,0,0,0,0,0,0,0,0,0,0,0,0,0,0,0,0,0,0,0,0,0,0,0,0,0,0,0,0,0
GO:0009059,0.329,0,0.357,0,0,0.252,0.238,0.532,0.332,0.338,0.402,0,0,0,0,0,0,0.409,0,0.327,0.278,0.288,0.278,0.444,0.331,0,0,0.403,0.197,0,0.321,0,0,0.19,0,0,0,0.24,0.189,0.414,0.241,0.448,0.339,0,0,0,0,0,0.266,0.244,0,0,0.313,0.268,0,0.342,0.447,0.425,0.199,0.176,0.822,0.704,0,0.399,0.838,0,0,0.27,0,0.704,0.396,0,0,0,0.375,0.822,0.587,0.822,0.163,0.163,0,0,0,0,0,0,0,0,0,0,0.202,0.188,0.303,0.318,0.558,0.752,0.521,0.617,0.328,0.298,0.282,0.52,0.289,0.588,0.195,0.183,0.268,0.299,0,0,0.588,0.588,0.531,0.252,0.235,0,0,0.151,0,0.199,0.143,0.158,0.149,0.195,0.18,0,0,0.152,0.24,0.221,0.151,0,0,0.226,0.201,0,0,0,0.823,0.917,0.761,0.816,0.773,0.827,0,0,0,0,0,0,0,0,0,0,0,0,0,0,0,0,0,0,0,0,0,0,0,0,0,0,0,0,0,0,0,0,0,0,0.233,0.233,0.324,0.29,0.247,0.263,0,0,0,0,0,0,0,0,0,0,0,0,0,0,0,0,0,0,0,0,0,0.215,0.271,0.269,0.274,0.223,0,0,0,0,0,0.188,0.183,0,0,0,0,0,0,0,0,0,0,0,0,0,0,0,0,0,0,0,0.237,0.284,0.709,0.543,0.411,0.236,0.214,0.264,0.236,0.178,0.249,0.6,0.236,0.205,0.603,0.224,0.692,0,0,0,0,0,0,0,0.836,0.485,0.762,0.475,0.208,0.295,0.185,0,0,0,0,0,0,0,0,0,0,0.54,0.18,0.643,0.26,0,0.31,0.267,0.193,0.732,0.73,0,0,0,0,0.251,0.225,0.54,0.172,0,0,0.837,0.454,0.432,0.416,0.158,0,0.439,0.167,0.732,0,0,0,0,0,0.213,0,0,0,0,0,0.633,0,0.21,0.616,0,0,0,0,0,0,0.227,0.167,0,0,0.291,0,0,0,0,0,0,0,0,0,0,0.837,0,0.741,0,0,0,0,0,0.633,0,0,0,0.247,0.223,0.633,0,0,0,0,0,0,0,0.137,0.124,0.117,0,0,0,0,0.129,0.119,0,0,0,0,0,0,0.137,0,0,0,0,0,0,0,0,0,0,0,0.334,0.245,0.245,0,0,0,0,0,0,0,0,0,0,0,0,0,0,0,0,0,0,0,0.219,0,0.259,0.312,0.259,0,0,0,0,0,0,0,0,0,0,0,0,0,0,0,0,0,0,0,0,0,0,0,0,0,0,0,0,0,0,0,0,0,0
GO:0034645,0.259,0.044,0.276,0.071,0.048,0.209,0.286,0.421,0.375,0.265,0.793,0,0.039,0,0.054,0,0,0.319,0.049,0.324,0.325,0.334,0.325,0.364,0.269,0.049,0,0.336,0.17,0.035,0.277,0.036,0,0.236,0,0.041,0,0.201,0.163,0.343,0.201,0.367,0.274,0,0,0.035,0,0,0.235,0.217,0,0,0.271,0.237,0.032,0.293,0.366,0.351,0.171,0.221,0.694,0.593,0.03,0.333,0.706,0.031,0.031,0.276,0,0.606,0.331,0.03,0.03,0,0.317,0.694,0.774,0.694,0.206,0.206,0.041,0.037,0.03,0.034,0,0.039,0,0.043,0,0,0.184,0.172,0.263,0.274,0.496,0.644,0.458,0.543,0.282,0.26,0.248,0.467,0.253,0.52,0.208,0.159,0.236,0.26,0.037,0.035,0.52,0.52,0.708,0.224,0.21,0.033,0.035,0.193,0.034,0.181,0.184,0.201,0.191,0.178,0.165,0.027,0.025,0.194,0.214,0.199,0.193,0,0,0.203,0.183,0.028,0.024,0.035,0.675,0.761,0.97,0.685,0.655,0.679,0,0.031,0.032,0,0,0.032,0.033,0.039,0.03,0.028,0.029,0,0,0,0,0,0.042,0,0,0,0.028,0.028,0.032,0,0,0,0,0.042,0,0,0.028,0,0,0,0.494,0.494,0.66,0.6,0.52,0.55,0.036,0.027,0.027,0.028,0,0.038,0.026,0,0.04,0.029,0,0,0,0.029,0,0.031,0,0.027,0.028,0.023,0.02,0.195,0.239,0.237,0.241,0.201,0.034,0.028,0.029,0.032,0.027,0.172,0.168,0.026,0.023,0.033,0,0,0.031,0.03,0,0.026,0,0,0.026,0.022,0.032,0.025,0.021,0.027,0.024,0.029,0.248,0.249,0.912,0.722,0.562,0.246,0.226,0.234,0.246,0.192,0.221,0.525,0.246,0.252,0.531,0.189,0.585,0,0,0.026,0,0,0,0,0.705,0.438,0.651,0.429,0.189,0.257,0.17,0,0,0.023,0,0,0,0,0,0,0,0.472,0.165,0.562,0.23,0.03,0.268,0.236,0.176,0.626,0.625,0,0.03,0.027,0.025,0.223,0.202,0.483,0.159,0,0,0.705,0.413,0.394,0.381,0.146,0,0.4,0.154,0.622,0,0,0.026,0.028,0,0.193,0.036,0.034,0.027,0.03,0.029,0.554,0.028,0.222,0.542,0,0,0,0,0,0.02,0.204,0.154,0,0,0.255,0,0,0,0.029,0.026,0.035,0.02,0.03,0.028,0.024,0.705,0,0.62,0,0.03,0.029,0.025,0.027,0.554,0.024,0.023,0.021,0.22,0.2,0.554,0.023,0.022,0.026,0.025,0.036,0.041,0.025,0.176,0.162,0.153,0.039,0.027,0.038,0.031,0.168,0.155,0,0,0.031,0.029,0.032,0.025,0.176,0,0.031,0.035,0.031,0.037,0.026,0.025,0.035,0.028,0.042,0,0.287,0.293,0.293,0.038,0.027,0.047,0.046,0.03,0.029,0.026,0,0,0,0,0,0,0,0,0.029,0.029,0.032,0.028,0.266,0.034,0.229,0.27,0.229,0.038,0.021,0,0,0.034,0.034,0.025,0.037,0.027,0.03,0.037,0,0.029,0.025,0.021,0,0.037,0.034,0.028,0.026,0,0,0,0,0,0,0.029,0,0,0,0,0.024,0.021,0.021
GO:0044249,0.356,0.056,0.39,0.106,0.062,0.268,0.362,0.348,0.517,0.367,0.37,0,0.047,0,0.073,0,0,0.377,0.063,0.425,0.427,0.443,0.427,0.411,0.299,0.063,0,0.259,0.206,0.041,0.203,0.043,0,0.285,0,0.051,0,0.254,0.197,0.265,0.255,0.289,0.307,0,0,0.042,0,0,0.167,0.152,0,0,0.198,0.169,0.037,0.312,0.288,0.392,0.209,0.264,0.742,0.744,0.035,0.256,0.742,0.037,0.037,0.346,0,0.76,0.254,0.035,0.036,0,0.344,0.742,0.522,0.742,0.243,0.243,0.05,0.045,0.035,0.041,0,0.048,0,0.054,0,0,0.126,0.116,0.274,0.288,0.495,0.676,0.542,0.538,0.208,0.188,0.178,0.553,0.182,0.523,0.246,0.191,0.241,0.189,0.045,0.042,0.523,0.523,0.471,0.226,0.211,0.039,0.041,0.224,0.04,0.178,0.213,0.236,0.222,0.174,0.16,0.032,0.029,0.226,0.215,0.198,0.224,0,0,0.202,0.18,0.033,0.028,0.042,0.878,0.816,0.685,0.889,0.84,0.875,0,0.037,0.037,0,0,0.038,0.039,0.048,0.035,0.032,0.033,0,0,0,0,0,0.053,0,0,0,0.032,0.032,0.038,0,0,0,0,0.053,0,0,0.033,0,0,0,0.209,0.209,0.295,0.262,0.222,0.237,0.043,0.031,0.031,0.032,0,0.046,0.03,0,0.049,0.033,0,0,0,0.033,0,0.036,0,0.031,0.032,0.025,0.022,0.193,0.244,0.242,0.247,0.2,0.04,0.032,0.034,0.037,0.03,0.116,0.113,0.029,0.026,0.039,0,0,0.037,0.036,0,0.029,0,0,0.029,0.024,0.037,0.028,0.024,0.031,0.026,0.034,0.302,0.257,0.635,0.482,0.362,0.301,0.271,0.238,0.3,0.224,0.224,0.637,0.3,0.309,0.646,0.236,0.725,0,0,0.029,0,0,0,0,0.756,0.429,0.686,0.419,0.186,0.267,0.115,0,0,0.026,0,0,0,0,0,0,0,0.563,0.111,0.561,0.163,0.035,0.281,0.168,0.12,0.792,0.79,0,0.035,0.032,0.028,0.226,0.201,0.576,0.153,0,0,0.757,0.401,0.381,0.366,0.097,0,0.387,0.148,0.786,0,0,0.029,0.032,0,0.191,0.043,0.04,0.031,0.035,0.034,0.564,0.033,0.266,0.549,0,0,0,0,0,0.022,0.204,0.148,0,0,0.264,0,0,0,0.034,0.03,0.042,0.022,0.035,0.033,0.027,0.757,0,0.779,0,0.035,0.034,0.029,0.031,0.564,0.028,0.026,0.024,0.222,0.199,0.564,0.026,0.025,0.03,0.029,0.043,0.05,0.028,0.203,0.184,0.172,0.047,0.03,0.046,0.037,0.191,0.175,0,0,0.036,0.034,0.037,0.029,0.203,0,0.036,0.042,0.036,0.045,0.03,0.029,0.042,0.032,0.052,0,0.304,0.374,0.373,0.046,0.031,0.061,0.059,0.035,0.034,0.029,0,0,0,0,0,0,0,0,0.033,0.033,0.037,0.032,0.331,0.04,0.233,0.197,0.162,0.046,0.024,0,0,0.041,0.04,0.028,0.044,0.031,0.036,0.045,0,0.034,0.028,0.024,0,0.045,0.04,0.032,0.03,0,0,0,0,0,0,0.034,0,0,0,0,0.027,0.023,0.023
GO:0044271,0.498,0.053,0.36,0.097,0.059,0.254,0.344,0.324,0.481,0.341,0.351,0,0.045,0,0.068,0,0,0.349,0.06,0.688,0.402,0.716,0.402,0.668,0.282,0.059,0,0.245,0.198,0.04,0.195,0.041,0,0.273,0,0.049,0,0.363,0.285,0.251,0.242,0.41,0.434,0,0,0.04,0,0,0.243,0.222,0,0,0.285,0.245,0.036,0.513,0.272,0.638,0.2,0.254,0.814,0.708,0.034,0.243,0.706,0.036,0.035,0.568,0,0.723,0.362,0.034,0.034,0,0.564,0.814,0.505,0.814,0.235,0.235,0.048,0.043,0.034,0.039,0,0.046,0,0.051,0,0,0.184,0.171,0.454,0.476,0.551,0.744,0.523,0.519,0.199,0.181,0.257,0.534,0.263,0.582,0.408,0.276,0.401,0.273,0.043,0.041,0.582,0.582,0.457,0.229,0.214,0.038,0.04,0.217,0.039,0.181,0.206,0.228,0.215,0.177,0.164,0.031,0.028,0.219,0.219,0.201,0.217,0,0,0.206,0.183,0.032,0.027,0.04,0.828,0.773,0.655,0.84,0.915,0.826,0,0.036,0.036,0,0,0.037,0.038,0.046,0.034,0.031,0.032,0,0,0,0,0,0.05,0,0,0,0.031,0.031,0.036,0,0,0,0,0.051,0,0,0.032,0,0,0,0.349,0.35,0.486,0.435,0.37,0.394,0.042,0.03,0.03,0.031,0,0.044,0.029,0,0.047,0.032,0,0,0,0.032,0,0.035,0,0.03,0.031,0.025,0.021,0.323,0.406,0.403,0.411,0.334,0.039,0.031,0.033,0.036,0.03,0.171,0.166,0.028,0.025,0.038,0,0,0.036,0.034,0,0.028,0,0,0.028,0.024,0.036,0.027,0.023,0.03,0.026,0.033,0.29,0.426,0.701,0.537,0.406,0.496,0.273,0.396,0.288,0.227,0.373,0.703,0.288,0.509,0.712,0.225,0.691,0,0,0.028,0,0,0,0,0.828,0.479,0.754,0.469,0.312,0.442,0.169,0,0,0.025,0,0,0,0,0,0,0,0.543,0.164,0.541,0.157,0.034,0.465,0.244,0.176,0.752,0.751,0,0.034,0.031,0.027,0.376,0.337,0.555,0.258,0,0,0.829,0.449,0.427,0.411,0.143,0,0.433,0.249,0.859,0,0,0.029,0.031,0,0.319,0.041,0.039,0.03,0.034,0.033,0.626,0.032,0.441,0.609,0,0,0,0,0,0.021,0.341,0.249,0,0,0.437,0,0,0,0.033,0.029,0.04,0.021,0.034,0.032,0.026,0.829,0,0.739,0,0.034,0.033,0.028,0.03,0.626,0.027,0.025,0.023,0.37,0.333,0.626,0.025,0.024,0.029,0.028,0.041,0.048,0.028,0.197,0.179,0.168,0.045,0.03,0.044,0.035,0.186,0.171,0,0,0.035,0.033,0.036,0.028,0.197,0,0.035,0.04,0.035,0.043,0.029,0.028,0.04,0.031,0.05,0,0.305,0.354,0.354,0.044,0.03,0.058,0.056,0.034,0.033,0.028,0,0,0,0,0,0,0,0,0.032,0.032,0.036,0.031,0.316,0.039,0.236,0.284,0.236,0.044,0.023,0,0,0.039,0.039,0.027,0.042,0.03,0.034,0.043,0,0.033,0.028,0.023,0,0.044,0.039,0.031,0.029,0,0,0,0,0,0,0.033,0,0,0,0,0.027,0.022,0.022
GO:1901576,0.359,0,0.393,0,0,0.27,0.253,0.414,0.363,0.369,0.306,0,0,0,0,0,0,0.448,0,0.351,0.299,0.31,0.299,0.34,0.356,0,0,0.307,0.207,0,0.241,0,0,0.199,0,0,0,0.255,0.198,0.315,0.256,0.344,0.365,0,0,0,0,0,0.198,0.181,0,0,0.235,0.2,0,0.258,0.342,0.324,0.21,0.185,0.735,0.747,0,0.304,0.751,0,0,0.286,0,0.747,0.301,0,0,0,0.284,0.736,0.517,0.736,0.17,0.17,0,0,0,0,0,0,0,0,0,0,0.149,0.138,0.227,0.238,0.49,0.67,0.544,0.544,0.247,0.223,0.211,0.543,0.216,0.518,0.203,0.192,0.199,0.224,0,0,0.518,0.518,0.466,0.187,0.174,0,0,0.157,0,0.146,0.149,0.165,0.155,0.143,0.132,0,0,0.158,0.178,0.163,0.157,0,0,0.167,0.148,0,0,0,0.882,0.827,0.679,0.875,0.826,0.887,0,0,0,0,0,0,0,0,0,0,0,0,0,0,0,0,0,0,0,0,0,0,0,0,0,0,0,0,0,0,0,0,0,0,0.172,0.173,0.244,0.217,0.183,0.196,0,0,0,0,0,0,0,0,0,0,0,0,0,0,0,0,0,0,0,0,0,0.159,0.202,0.2,0.204,0.165,0,0,0,0,0,0.138,0.134,0,0,0,0,0,0,0,0,0,0,0,0,0,0,0,0,0,0,0,0.25,0.212,0.629,0.477,0.358,0.249,0.224,0.197,0.248,0.185,0.185,0.631,0.248,0.216,0.635,0.237,0.734,0,0,0,0,0,0,0,0.749,0.424,0.679,0.415,0.154,0.22,0.136,0,0,0,0,0,0,0,0,0,0,0.565,0.132,0.568,0.193,0,0.232,0.199,0.142,0.779,0.777,0,0,0,0,0.186,0.166,0.565,0.126,0,0,0.75,0.396,0.376,0.362,0.115,0,0.382,0.122,0.779,0,0,0,0,0,0.157,0,0,0,0,0,0.559,0,0.22,0.543,0,0,0,0,0,0,0.168,0.122,0,0,0.218,0,0,0,0,0,0,0,0,0,0,0.75,0,0.789,0,0,0,0,0,0.559,0,0,0,0.183,0.165,0.559,0,0,0,0,0,0,0,0.141,0.128,0.12,0,0,0,0,0.134,0.122,0,0,0,0,0,0,0.141,0,0,0,0,0,0,0,0,0,0,0,0.251,0.262,0.261,0,0,0,0,0,0,0,0,0,0,0,0,0,0,0,0,0,0,0,0.231,0,0.192,0.234,0.192,0,0,0,0,0,0,0,0,0,0,0,0,0,0,0,0,0,0,0,0,0,0,0,0,0,0,0,0,0,0,0,0,0,0
GO:0051336,0,0,0,0,0,0.243,0.234,0,0,0,0,0.222,0.209,0.284,0.274,0,0.289,0,0,0,0,0,0,0,0,0,0,0,0.205,0.19,0.202,0.196,0.196,0.199,0.231,0.22,0.202,0.235,0.199,0.241,0.235,0,0,0.899,0.885,0,0,0,0.176,0.165,0.801,0.791,0.199,0.177,0.177,0,0,0,0.207,0.189,0.224,0.227,0.169,0.236,0.227,0.176,0.174,0.227,0.175,0.227,0,0.168,0.17,0.181,0.226,0.224,0.175,0.224,0.178,0.178,0,0.202,0.168,0.189,0,0,0,0,0,0,0.142,0.134,0,0,0.169,0.21,0.183,0.182,0.206,0.192,0,0.183,0,0.176,0.179,0.194,0.177,0,0,0,0.176,0.176,0.163,0.169,0.16,0,0,0.168,0,0.642,0.737,0.174,0.167,0.631,0.591,0.156,0.145,0.773,0.745,0.698,0.168,0.778,0.743,0.71,0.648,0.16,0.14,0,0,0,0,0,0,0,0.993,0.175,0.176,0.176,0.18,0,0.182,0,0.168,0.159,0.162,0,0,0,0,0,0,0,0,0.182,0.157,0.158,0.177,0,0,0,0,0,0.207,0.206,0.161,0.212,0,0.182,0,0,0,0,0,0,0,0,0,0,0,0,0,0,0,0,0,0,0,0.162,0.196,0.173,0,0.154,0.157,0,0.116,0,0,0,0,0,0,0,0.164,0.177,0.151,0.134,0.131,0.147,0.134,0.184,0.888,0.867,0.175,0.171,0.896,0.147,0,0.817,0.147,0.127,0.176,0.141,0.125,0.153,0.136,0.164,0,0,0,0,0,0,0,0,0,0,0,0,0,0,0,0,0,0,0,0,0,0,0.145,0.131,0,0,0,0,0,0,0,0,0,0.134,0,0,0,0,0,0,0,0.188,0,0.188,0.173,0.167,0,0,0,0,0,0,0,0.156,0.141,0,0,0.188,0.125,0.151,0.125,0,0.144,0.138,0.134,0,0,0.14,0,0,0,0,0,0.157,0,0,0,0,0.154,0.169,0.165,0.186,0.16,0.19,0.182,0,0,0,0,0,0.116,0.156,0.121,0.172,0.172,0.189,0,0,0,0,0.151,0,0,0,0.16,0.138,0,0,0,0,0,0.164,0.145,0.154,0.186,0.14,0.134,0.125,0.167,0.154,0.186,0.134,0.129,0,0,0,0,0.144,0.156,0.792,0.753,0,0,0,0,0.149,0.139,0.798,0.785,0,0,0,0,0.156,0.933,0,0,0,0,0,0.144,0,0,0,0,0,0,0,0,0,0,0.242,0.169,0.164,0.147,0,0,0,0,0,0,0,0,0,0.162,0,0.157,0,0,0,0,0,0,0.125,0.177,0,0,0,0.143,0,0.153,0.17,0.201,0,0.164,0.144,0.125,0.116,0,0,0.159,0.15,0,0,0.187,0.188,0.163,0.156,0.165,0,0.171,0.116,0.154,0.14,0.121,0.121
GO:0009968,0,0.034,0,0.048,0.037,0.261,0.318,0,0.042,0,0.035,0.708,0.792,0.303,0.37,0.406,0.274,0,0.037,0.038,0.038,0.039,0.038,0.037,0,0.52,0,0,0.221,0.906,0.219,0.874,0.874,0.273,0.248,0.299,0.835,0.253,0.215,0.259,0.253,0,0,0.19,0.192,0.028,0.304,0.345,0.192,0.179,0.17,0.172,0.215,0.193,0.845,0.031,0,0.036,0.66,0.718,0.305,0.245,0.808,0.254,0.244,0.787,0.24,0.309,0.787,0.309,0,0.231,0.235,0.752,0.308,0.305,0.241,0.305,0.244,0.244,0.032,0.277,0.232,0.259,0.351,0.443,0,0.033,0,0,0.156,0.147,0.029,0.03,0.644,0.287,0.588,0.585,0.658,0.615,0,0.696,0,0.67,0.683,0.621,0.675,0,0.42,0.405,0.67,0.67,0.621,0.233,0.221,0.027,0.028,0.231,0.028,0.194,0.222,0.24,0.229,0.191,0.623,0.748,0.695,0.233,0.224,0.211,0.231,0.165,0.158,0.214,0.196,0.767,0.675,0.028,0,0,0.031,0.037,0.036,0,0.175,0.995,0.99,0.99,0.967,0.027,0.25,0.031,0.232,0.219,0.223,0,0,0,0,0,0.033,0,0,0.197,0.602,0.604,0.244,0,0,0,0,0.033,0.224,0.223,0.614,0.204,0,0.198,0.335,0.336,0.03,0.394,0.35,0.026,0.411,0.023,0.023,0.024,0,0.03,0.022,0,0.031,0.024,0,0,0,0.223,0.212,0.239,0.203,0.212,0.217,0.278,0.56,0.022,0.027,0.026,0.027,0.023,0.028,0.024,0.626,0.243,0.579,0.147,0.144,0.705,0.767,0.252,0.157,0.153,0.24,0.651,0.158,0.203,0.252,0.145,0.203,0.49,0.242,0.195,0.48,0.211,0.523,0.934,0.031,0.027,0.03,0.025,0.02,0.031,0.029,0.026,0.031,0.025,0.025,0.03,0.031,0.031,0.03,0,0,0,0,0.022,0,0.18,0.158,0.425,0.033,0.023,0.031,0.022,0.022,0.028,0,0,0,0.514,0.33,0.304,0.277,0,0,0,0,0.204,0,0.204,0.188,0.638,0.029,0,0,0.034,0.034,0,0.025,0.747,0.679,0.025,0.023,0.258,0.173,0.147,0.122,0.033,0.199,0.191,0.185,0,0.201,0.193,0.018,0.034,0,0,0.022,0.216,0.304,0.022,0.029,0.028,0.59,0.646,0.227,0.255,0.612,0.26,0.25,0,0,0,0,0,0.161,0.216,0.169,0.553,0.553,0.259,0.304,0,0,0.024,0.725,0.029,0.246,0.025,0.221,0.664,0.033,0,0,0.27,0.358,0.626,0.201,0.589,0.255,0.194,0.514,0.173,0.229,0.212,0.255,0.185,0.497,0.022,0.022,0.029,0.032,0.199,0.595,0.199,0.526,0.031,0.023,0.03,0.026,0.206,0.533,0.169,0.171,0.026,0.025,0.026,0.022,0.595,0.165,0.026,0.028,0.026,0.03,0.023,0.199,0.028,0.024,0.033,0,0.031,0.035,0.035,0.03,0.023,0.549,0.581,0.412,0.4,0.359,0,0,0,0,0,0,0,0,0.024,0.157,0.026,0.216,0.033,0.028,0.026,0,0,0.03,0.173,0.192,0.552,0.028,0.028,0.198,0.029,0.374,0.165,0.487,0,0.226,0.199,0.173,0.127,0.03,0.028,0.219,0.207,0,0,0.203,0.204,0.178,0.17,0.228,0,0.166,0.127,0.168,0.8,0.586,0.697
GO:0010648,0,0.034,0,0.049,0.037,0.263,0.32,0,0.043,0,0.035,0.713,0.797,0.306,0.373,0,0.276,0,0.037,0.038,0.038,0.039,0.038,0.037,0,0.037,0,0,0.223,0.855,0.22,0.879,0.213,0.274,0.25,0.301,0.22,0.254,0.216,0.261,0.255,0,0,0.191,0.193,0.028,0,0,0.193,0.18,0.171,0.173,0.216,0.194,0.797,0.032,0,0.036,0.664,0.723,0.307,0.247,0.762,0.255,0.246,0.792,0.241,0.311,0.192,0.312,0,0.233,0.236,0.198,0.31,0.307,0.242,0.307,0.246,0.246,0.032,0.278,0.233,0.261,0,0.032,0,0.034,0,0,0.156,0.147,0.029,0.03,0.647,0.289,0.591,0.588,0.662,0.618,0,0.7,0,0.673,0.687,0.625,0.678,0,0.03,0.029,0.673,0.673,0.624,0.234,0.222,0.027,0.028,0.232,0.028,0.195,0.223,0.241,0.23,0.192,0.587,0.705,0.656,0.234,0.226,0.212,0.232,0.166,0.159,0.215,0.197,0.724,0.637,0.029,0,0,0.032,0.037,0.036,0,0.176,0.99,0.995,0.568,0.581,0.027,0.252,0.031,0.233,0.22,0.225,0,0,0,0,0,0.033,0,0,0.198,0.605,0.607,0.245,0,0,0,0,0.033,0.225,0.224,0.617,0.205,0,0.199,0.024,0.024,0.03,0.028,0.025,0.026,0.029,0.023,0.023,0.024,0,0.031,0.023,0,0.032,0.024,0,0,0,0.224,0.213,0.24,0,0.213,0.218,0.02,0.528,0.022,0.027,0.027,0.027,0.023,0.028,0.024,0.629,0.244,0.582,0.147,0.144,0.664,0.762,0.254,0.158,0.154,0.242,0.654,0.159,0.204,0,0.145,0.204,0.491,0.243,0.196,0.482,0.212,0.525,0.928,0.031,0.028,0.03,0.025,0.02,0.031,0.029,0.026,0.031,0.025,0.025,0.03,0.031,0.031,0.03,0,0,0,0,0.022,0,0,0.159,0.426,0.034,0.023,0.032,0.022,0.022,0.028,0,0,0,0.516,0,0,0,0,0,0,0,0.205,0,0.205,0.189,0.641,0.029,0,0,0.035,0.035,0,0.025,0.704,0.64,0.025,0.023,0.26,0.174,0.147,0.122,0.034,0.199,0.192,0.186,0,0,0.194,0.018,0.034,0,0,0.022,0.217,0,0.022,0.029,0.028,0.592,0.649,0.228,0.256,0.615,0.262,0.251,0,0,0,0,0,0.162,0.217,0.169,0.556,0.556,0.26,0,0,0,0.025,0.684,0.029,0.018,0.025,0.222,0.626,0.034,0,0,0,0.025,0.629,0.202,0.591,0.256,0.195,0.516,0.174,0.231,0.213,0.256,0.186,0.499,0.022,0.022,0.029,0.032,0.199,0.598,0.2,0.528,0.031,0.023,0.03,0.026,0.207,0.535,0.17,0.172,0.026,0.025,0.026,0.022,0.598,0.166,0.026,0.028,0.026,0.03,0.023,0.2,0.029,0.024,0.033,0,0.031,0.035,0.035,0.03,0.023,0.553,0.543,0.384,0.373,0.335,0,0,0,0,0,0,0,0,0.024,0.158,0.026,0.217,0.033,0.028,0.026,0,0,0.03,0.174,0.193,0,0.028,0.028,0.199,0.03,0.349,0.166,0.454,0,0.227,0.199,0.174,0.128,0.03,0.028,0.221,0.208,0,0,0.204,0.205,0.179,0.171,0.229,0,0.167,0.128,0.169,0.794,0.552,0.692
GO:0023057,0,0,0,0,0,0.263,0.253,0,0,0,0,0.713,0.672,0.306,0.295,0,0.276,0,0,0,0,0,0,0,0,0,0,0,0.223,0.855,0.22,0.213,0.879,0.217,0.25,0.238,0.22,0.254,0.216,0.261,0.255,0,0,0.191,0.193,0,0,0,0.193,0.18,0.171,0.173,0.216,0.194,0.797,0,0,0,0.664,0.609,0.243,0.247,0.762,0.255,0.246,0.192,0.191,0.246,0.791,0.246,0,0.184,0.186,0.198,0.245,0.243,0.192,0.243,0.194,0.194,0,0.22,0.184,0.206,0,0,0,0,0,0,0.156,0.147,0,0,0.546,0.229,0.591,0.588,0.662,0.618,0,0.59,0,0.568,0.579,0.625,0.572,0,0,0,0.568,0.568,0.526,0.185,0.175,0,0,0.184,0,0.154,0.177,0.19,0.182,0.152,0.587,0.705,0.656,0.185,0.178,0.167,0.184,0.166,0.159,0.17,0.156,0.724,0.637,0,0,0,0,0,0,0,0.176,0.99,0.568,0.995,0.581,0,0.199,0,0.184,0.174,0.178,0,0,0,0,0,0,0,0,0.198,0.51,0.512,0.194,0,0,0,0,0,0.225,0.224,0.521,0.205,0,0.199,0,0,0,0,0,0,0,0,0,0,0,0,0,0,0,0,0,0,0,0.177,0.213,0.19,0,0.169,0.173,0,0.528,0,0,0,0,0,0,0,0.53,0.193,0.491,0.147,0.144,0.664,0.762,0.201,0.158,0.154,0.191,0.552,0.159,0.161,0,0.145,0.161,0.414,0.193,0.155,0.406,0.168,0.443,0.928,0,0,0,0,0,0,0,0,0,0,0,0,0,0,0,0,0,0,0,0,0,0,0.159,0.426,0,0,0,0,0,0,0,0,0,0.435,0,0,0,0,0,0,0,0.205,0,0.205,0.189,0.54,0,0,0,0,0,0,0,0.704,0.64,0,0,0.205,0.137,0.147,0.122,0,0.158,0.152,0.147,0,0,0.154,0,0,0,0,0,0.172,0,0,0,0,0.5,0.547,0.181,0.203,0.519,0.207,0.199,0,0,0,0,0,0.128,0.171,0.134,0.556,0.556,0.206,0,0,0,0,0.684,0,0,0,0.175,0.626,0,0,0,0,0,0.531,0.16,0.499,0.203,0.154,0.435,0.137,0.182,0.168,0.203,0.147,0.421,0,0,0,0,0.158,0.504,0.158,0.446,0,0,0,0,0.163,0.451,0.17,0.172,0,0,0,0,0.504,0.166,0,0,0,0,0,0.158,0,0,0,0,0,0,0,0,0,0,0.547,0.387,0.376,0.338,0,0,0,0,0,0,0,0,0,0.158,0,0.172,0,0,0,0,0,0,0.137,0.193,0.556,0,0,0.157,0,0.351,0.166,0.458,0,0.18,0.158,0.137,0.128,0,0,0.174,0.164,0,0,0.204,0.205,0.179,0.171,0.181,0,0.167,0.128,0.169,0.794,0.552,0.692
GO:0048585,0,0,0,0,0,0.271,0.26,0,0,0,0,0.732,0.689,0.316,0.305,0.422,0.286,0,0,0,0,0,0,0,0,0.395,0,0,0.228,0.812,0.226,0.218,0.218,0.222,0.257,0.245,0.861,0.262,0.222,0.269,0.262,0,0,0.195,0.198,0,0.313,0.357,0.197,0.184,0.174,0.177,0.222,0.198,0.755,0,0,0,0.681,0.624,0.25,0.253,0.722,0.263,0.253,0.196,0.195,0.253,0.196,0.253,0,0.188,0.19,0.773,0.252,0.25,0.196,0.25,0.199,0.199,0,0.226,0.188,0.211,0.363,0.334,0,0,0,0,0.159,0.15,0,0,0.557,0.235,0.605,0.601,0.678,0.633,0,0.604,0,0.58,0.592,0.64,0.584,0,0.317,0.305,0.58,0.58,0.537,0.189,0.179,0,0,0.188,0,0.157,0.18,0.195,0.186,0.154,0.553,0.667,0.619,0.189,0.182,0.171,0.188,0.169,0.162,0.173,0.159,0.684,0.6,0,0,0,0,0,0,0,0.18,0.967,0.581,0.581,0.994,0,0.204,0,0.188,0.177,0.181,0,0,0,0,0,0,0,0,0.203,0.52,0.522,0.198,0,0,0,0,0,0.231,0.23,0.531,0.21,0,0.203,0.251,0.252,0,0.297,0.263,0,0.31,0,0,0,0,0,0,0,0,0,0,0,0,0.181,0.219,0.194,0.207,0.172,0.176,0.207,0.496,0,0,0,0,0,0,0,0.541,0.197,0.5,0.15,0.147,0.627,0.741,0.205,0.161,0.157,0.195,0.563,0.162,0.164,0.258,0.148,0.164,0.421,0.197,0.158,0.413,0.171,0.45,0.906,0,0,0,0,0,0,0,0,0,0,0,0,0,0,0,0,0,0,0,0,0,0.183,0.162,0.433,0,0,0,0,0,0,0,0,0,0.443,0.341,0.313,0.285,0,0,0,0,0.21,0,0.21,0.193,0.551,0,0,0,0,0,0,0,0.666,0.603,0,0,0.21,0.14,0.15,0.124,0,0.161,0.154,0.15,0,0.205,0.156,0,0,0,0,0,0.175,0.313,0,0,0,0.509,0.559,0.184,0.207,0.529,0.212,0.203,0,0,0,0,0,0.13,0.175,0.136,0.567,0.568,0.211,0.313,0,0,0,0.646,0,0.183,0,0.179,0.59,0,0,0,0.277,0.268,0.542,0.162,0.508,0.207,0.157,0.443,0.14,0.186,0.172,0.207,0.15,0.428,0,0,0,0,0.161,0.514,0.161,0.453,0,0,0,0,0.166,0.459,0.174,0.176,0,0,0,0,0.514,0.169,0,0,0,0,0,0.161,0,0,0,0,0,0,0,0,0,0,0.381,0.267,0.259,0.233,0,0,0,0,0,0,0,0,0,0.161,0,0.175,0,0,0,0,0,0,0.14,0.197,0,0,0,0.16,0,0.242,0.169,0.317,0,0.183,0.161,0.14,0.13,0,0,0.178,0.167,0,0,0.209,0.21,0.182,0.174,0.185,0,0.171,0.13,0.172,0.773,0.519,0.672
GO:0006325,0,0.511,0,0.05,0.548,0,0.035,0,0.043,0,0.036,0,0.032,0,0.041,0,0,0,0.529,0.039,0.039,0.04,0.039,0.038,0,0.038,0,0,0,0.029,0,0.03,0,0.03,0,0.033,0,0,0,0,0,0,0,0,0,0.422,0,0,0,0,0,0,0,0,0.027,0.032,0,0.037,0,0.029,0.034,0,0.026,0,0,0.027,0.026,0.034,0,0.034,0,0.025,0.026,0,0.034,0.034,0.027,0.034,0.027,0.027,0.458,0.447,0.026,0.029,0,0.032,0,0.034,0,0,0,0,0.029,0.03,0.026,0.032,0,0,0,0,0,0.028,0,0.027,0.027,0,0.027,0,0.03,0.029,0.027,0.027,0.025,0.026,0.024,0.028,0.029,0.025,0.028,0.021,0.024,0.026,0.025,0.021,0.02,0.024,0.022,0.026,0.025,0.023,0.025,0,0,0.024,0.022,0.024,0.021,0.404,0,0,0.032,0.038,0.037,0,0,0.027,0.027,0,0,0.994,0.028,0.464,0.026,0.024,0.359,0,0,0,0,0,0.034,0,0,0,0.024,0.024,0.027,0,0,0,0,0.034,0,0,0.024,0,0,0,0.024,0.024,0.031,0.028,0.025,0.026,0.03,0.344,0.343,0.35,0,0.031,0.023,0,0.032,0.025,0,0,0,0.025,0,0.026,0,0.023,0.024,0.02,0.018,0.317,0.378,0.027,0.027,0.326,0.395,0.336,0.363,0.391,0.336,0,0,0.022,0.02,0.406,0,0,0.369,0.378,0,0.325,0,0,0.325,0.283,0.39,0.313,0.277,0.339,0.302,0.025,0.031,0.028,0.031,0.025,0.02,0.031,0.029,0.027,0.031,0.025,0.025,0.031,0.031,0.032,0.031,0,0,0,0,0.022,0,0,0,0,0.034,0.023,0.032,0.023,0.022,0.029,0,0,0,0.02,0,0,0,0,0,0,0,0,0,0,0,0.025,0.03,0,0,0.035,0.035,0,0.372,0.024,0.021,0.026,0.023,0.029,0.019,0,0,0.034,0.022,0.021,0.02,0,0,0.021,0.27,0.035,0,0,0.022,0.024,0,0.023,0.433,0.028,0.023,0.026,0.025,0.028,0.024,0.029,0.028,0,0,0,0,0,0.018,0.024,0.018,0,0,0.029,0,0,0,0.025,0.023,0.425,0.018,0.373,0.024,0.021,0.034,0,0,0,0.026,0.025,0.022,0.023,0.028,0.021,0.02,0.019,0.025,0.023,0.028,0.02,0.02,0.833,0.022,0.03,0.033,0.022,0.024,0.022,0.021,0.032,0.023,0.45,0.385,0.023,0.021,0,0,0.026,0.025,0.391,0.022,0.024,0,0.38,0.422,0.383,0.446,0.023,0.022,0.029,0.024,0.034,0,0.032,0.036,0.036,0.451,0.341,0.037,0.036,0.026,0.025,0.022,0,0,0,0,0,0,0,0,0.025,0.359,0.391,0.024,0.033,0.028,0.026,0,0,0.031,0.019,0,0,0.028,0.412,0.022,0.03,0.023,0.377,0.03,0,0.025,0.022,0.019,0,0.031,0.028,0.024,0.023,0,0,0,0,0,0,0.025,0,0,0,0,0.021,0.018,0.018
GO:0010564,0,0.036,0,0.052,0.039,0.276,0.336,0,0.045,0,0.037,0.252,0.3,0.323,0.394,0,0.293,0,0.039,0.04,0.04,0.041,0.04,0.039,0,0.039,0,0,0.232,0.272,0.229,0.28,0.222,0.286,0.262,0.315,0.229,0.267,0.225,0.274,0.267,0,0,0.199,0.201,0.03,0,0,0.2,0.186,0.177,0.179,0.225,0.201,0.253,0.033,0,0.038,0.234,0.271,0.321,0.258,0.242,0.268,0.258,0.251,0.25,0.326,0.199,0.326,0,0.241,0.244,0.205,0.325,0.321,0.251,0.321,0.255,0.255,0.034,0.29,0.85,0.954,0,0.033,0,0.035,0,0,0.161,0.151,0.03,0.031,0.241,0.302,0.208,0.206,0.233,0.217,0,0.262,0,0.252,0.257,0.22,0.254,0,0.031,0.03,0.252,0.252,0.233,0.242,0.229,0.028,0.029,0.24,0.029,0.201,0.231,0.249,0.238,0.197,0.185,0.223,0.207,0.242,0.233,0.218,0.24,0.172,0.164,0.222,0.203,0.229,0.201,0.03,0,0,0.033,0.039,0.038,0,0.182,0.25,0.252,0.199,0.204,0.028,0.993,0.033,0.916,0.863,0.232,0,0,0,0,0,0.035,0,0,0.206,0.225,0.226,0.254,0,0,0,0,0.035,0.235,0.233,0.23,0.214,0,0.206,0.025,0.025,0.032,0.029,0.026,0.027,0.03,0.024,0.024,0.024,0,0.032,0.023,0,0.033,0.025,0,0,0,0.231,0.222,0.248,0,0.22,0.225,0.02,0.166,0.023,0.028,0.028,0.028,0.024,0.029,0.025,0.234,0.253,0.217,0.151,0.148,0.21,0.191,0.263,0.163,0.159,0.25,0.244,0.165,0.21,0,0.15,0.21,0.182,0.252,0.202,0.178,0.219,0.195,0.234,0.032,0.029,0.031,0.026,0.021,0.032,0.03,0.027,0.032,0.026,0.026,0.031,0.032,0.033,0.032,0,0,0,0,0.023,0,0,0.164,0.148,0.035,0.023,0.033,0.023,0.023,0.03,0,0,0,0.191,0,0,0,0,0,0,0,0.213,0,0.213,0.196,0.908,0.031,0,0,0.036,0.036,0,0.026,0.223,0.202,0.026,0.024,0.27,0.178,0.152,0.126,0.035,0.205,0.197,0.191,0,0,0.2,0.019,0.036,0,0,0.023,0.224,0,0.023,0.03,0.029,0.22,0.854,0.832,0.266,0.808,0.272,0.261,0,0,0,0,0,0.166,0.224,0.173,0.195,0.195,0.27,0,0,0,0.025,0.216,0.03,0.018,0.026,0.87,0.197,0.035,0,0,0,0.026,0.891,0.789,0.836,0.266,0.762,0.727,0.677,0.238,0.22,0.266,0.727,0.702,0.023,0.577,0.694,0.773,0.78,0.222,0.206,0.196,0.834,0.023,0.032,0.027,0.213,0.199,0.176,0.178,0.69,0.656,0.027,0.579,0.222,0.171,0.027,0.03,0.027,0.031,0.023,0.783,0.767,0.025,0.035,0,0.032,0.037,0.037,0.032,0.024,0.038,0.347,0.242,0.235,0.21,0,0,0,0,0,0,0,0,0.025,0.163,0.027,0.224,0.034,0.029,0.027,0,0,0.032,0.178,0.2,0,0.029,0.029,0.205,0.031,0.219,0.172,0.288,0,0.235,0.205,0.178,0.131,0.031,0.029,0.228,0.214,0,0,0.212,0.213,0.185,0.176,0.236,0,0.173,0.131,0.174,0.2,0.173,0.173
GO:0022607,0,0.634,0,0.069,0.692,0,0.044,0,0.057,0,0.045,0,0.038,0,0.053,0,0,0,0.67,0.05,0.05,0.051,0.05,0.048,0,0.048,0,0,0,0.034,0,0.035,0,0.036,0,0.041,0,0,0,0,0,0,0,0,0,0.502,0,0,0,0,0,0,0,0,0.031,0.039,0,0.047,0,0.034,0.042,0,0.03,0,0,0.031,0.031,0.042,0,0.042,0,0.03,0.03,0,0.042,0.042,0.031,0.042,0.032,0.032,0.925,0.538,0.03,0.034,0,0.039,0,0.042,0,0,0,0,0.035,0.037,0.03,0.039,0,0,0,0,0,0.033,0,0.031,0.032,0,0.032,0,0.037,0.035,0.031,0.031,0.029,0.03,0.028,0.033,0.034,0.03,0.034,0.024,0.028,0.031,0.029,0.024,0.022,0.027,0.025,0.03,0.029,0.027,0.03,0,0,0.027,0.024,0.028,0.024,0.796,0,0,0.039,0.048,0.046,0,0,0.031,0.031,0,0,0.464,0.033,0.972,0.03,0.028,0.416,0,0,0,0,0,0.042,0,0,0,0.028,0.028,0.032,0,0,0,0,0.042,0,0,0.028,0,0,0,0.028,0.028,0.037,0.034,0.029,0.031,0.036,0.396,0.395,0.403,0,0.038,0.026,0,0.039,0.029,0,0,0,0.028,0,0.031,0,0.027,0.028,0.022,0.02,0.599,0.734,0.032,0.032,0.618,0.773,0.641,0.421,0.459,0.385,0,0,0.025,0.023,0.481,0,0,0.715,0.441,0,0.64,0,0,0.64,0.546,0.458,0.613,0.534,0.671,0.589,0.029,0.038,0.033,0.037,0.029,0.023,0.038,0.035,0.031,0.038,0.03,0.03,0.037,0.038,0.039,0.037,0,0,0,0,0.025,0,0,0,0,0.042,0.026,0.039,0.026,0.025,0.034,0,0,0,0.023,0,0,0,0,0,0,0,0,0,0,0,0.029,0.036,0,0,0.044,0.044,0,0.747,0.027,0.024,0.03,0.027,0.034,0.021,0,0,0.042,0.025,0.024,0.023,0,0,0.024,0.518,0.044,0,0,0.026,0.027,0,0.026,0.518,0.034,0.027,0.03,0.029,0.033,0.028,0.034,0.033,0,0,0,0,0,0.02,0.027,0.021,0,0,0.034,0,0,0,0.029,0.026,0.873,0.02,0.435,0.028,0.024,0.042,0,0,0,0.03,0.029,0.025,0.027,0.033,0.024,0.023,0.021,0.029,0.027,0.033,0.023,0.022,0.378,0.025,0.035,0.04,0.025,0.027,0.025,0.024,0.038,0.026,0.542,0.777,0.026,0.024,0,0,0.031,0.029,0.46,0.025,0.027,0,0.766,0.866,0.773,0.537,0.026,0.025,0.035,0.028,0.041,0,0.038,0.045,0.045,0.544,0.392,0.047,0.046,0.03,0.029,0.026,0,0,0,0,0,0,0,0,0.029,0.416,0.459,0.027,0.041,0.033,0.031,0,0,0.037,0.021,0,0,0.034,0.488,0.025,0.036,0.027,0.44,0.037,0,0.029,0.025,0.021,0,0.037,0.034,0.028,0.026,0,0,0,0,0,0,0.029,0,0,0,0,0.024,0.021,0.021
GO:1901987,0,0.033,0,0.045,0.035,0.248,0.303,0,0.04,0,0.033,0.229,0.273,0.286,0.35,0,0.258,0,0.035,0.036,0.036,0.037,0.036,0.035,0,0.035,0,0,0.212,0.251,0.21,0.257,0.203,0.262,0.237,0.286,0.209,0.241,0.206,0.247,0.241,0,0,0.182,0.184,0.027,0,0,0.185,0.173,0.164,0.166,0.206,0.186,0.234,0.03,0,0.034,0.214,0.249,0.291,0.234,0.224,0.242,0.233,0.233,0.231,0.295,0.184,0.295,0,0.223,0.226,0.189,0.294,0.291,0.232,0.291,0.236,0.236,0.031,0.265,0.789,0.878,0,0.03,0,0.032,0,0,0.151,0.143,0.028,0.029,0.224,0.275,0.191,0.19,0.213,0.2,0,0.242,0,0.233,0.237,0.202,0.234,0,0.029,0.028,0.233,0.233,0.216,0.225,0.213,0.026,0.027,0.223,0.027,0.189,0.215,0.231,0.221,0.186,0.174,0.208,0.194,0.225,0.217,0.204,0.223,0.159,0.152,0.207,0.19,0.213,0.189,0.027,0,0,0.03,0.035,0.034,0,0.168,0.232,0.233,0.184,0.188,0.026,0.916,0.03,0.997,0.943,0.216,0,0,0,0,0,0.032,0,0,0.19,0.21,0.211,0.235,0,0,0,0,0.032,0.214,0.213,0.214,0.195,0,0.19,0.023,0.023,0.029,0.027,0.024,0.025,0.028,0.022,0.022,0.023,0,0.029,0.022,0,0.03,0.023,0,0,0,0.215,0.204,0.23,0,0.206,0.21,0.019,0.157,0.022,0.026,0.025,0.026,0.022,0.027,0.023,0.218,0.234,0.202,0.143,0.14,0.197,0.18,0.243,0.152,0.148,0.232,0.227,0.153,0.197,0,0.14,0.197,0.172,0.233,0.189,0.169,0.204,0.183,0.218,0.029,0.026,0.029,0.024,0.019,0.029,0.027,0.025,0.029,0.024,0.024,0.029,0.029,0.03,0.029,0,0,0,0,0.021,0,0,0.153,0.14,0.032,0.022,0.03,0.022,0.021,0.027,0,0,0,0.18,0,0,0,0,0,0,0,0.196,0,0.196,0.182,0.843,0.028,0,0,0.033,0.033,0,0.024,0.208,0.189,0.024,0.022,0.248,0.169,0.142,0.119,0.032,0.193,0.186,0.18,0,0,0.188,0.018,0.033,0,0,0.021,0.209,0,0.022,0.028,0.027,0.206,0.792,0.774,0.245,0.752,0.25,0.24,0,0,0,0,0,0.157,0.209,0.164,0.18,0.18,0.249,0,0,0,0.024,0.202,0.027,0.017,0.024,0.811,0.186,0.032,0,0,0,0.024,0.972,0.867,0.916,0.245,0.84,0.803,0.751,0.222,0.205,0.245,0.803,0.777,0.022,0.823,0.636,0.703,0.858,0.208,0.193,0.184,0.761,0.022,0.029,0.025,0.199,0.187,0.163,0.165,0.972,0.928,0.025,0.826,0.208,0.159,0.025,0.027,0.025,0.029,0.022,0.861,0.705,0.023,0.031,0,0.03,0.033,0.033,0.029,0.022,0.034,0.313,0.225,0.218,0.197,0,0,0,0,0,0,0,0,0.023,0.152,0.025,0.209,0.031,0.027,0.025,0,0,0.029,0.169,0.185,0,0.027,0.027,0.192,0.028,0.205,0.159,0.264,0,0.218,0.193,0.169,0.124,0.029,0.027,0.212,0.2,0,0,0.196,0.196,0.172,0.164,0.22,0,0.16,0.124,0.163,0.188,0.164,0.164
GO:1901990,0,0.03,0,0.041,0.032,0.23,0.281,0,0.036,0,0.031,0.213,0.256,0.262,0.321,0,0.236,0,0.032,0.033,0.033,0.034,0.033,0.033,0,0.032,0,0,0.199,0.235,0.197,0.241,0.191,0.245,0.22,0.267,0.196,0.223,0.193,0.229,0.224,0,0,0.171,0.173,0.026,0,0,0.174,0.164,0.154,0.156,0.194,0.175,0.221,0.028,0,0.032,0.2,0.234,0.271,0.217,0.212,0.224,0.217,0.22,0.218,0.274,0.174,0.275,0,0.211,0.214,0.178,0.273,0.271,0.219,0.271,0.222,0.222,0.029,0.248,0.943,0.825,0,0.028,0,0.03,0,0,0.144,0.136,0.026,0.027,0.212,0.257,0.18,0.179,0.199,0.188,0,0.228,0,0.22,0.224,0.19,0.221,0,0.027,0.026,0.22,0.22,0.205,0.212,0.202,0.025,0.025,0.211,0.025,0.18,0.204,0.218,0.21,0.177,0.167,0.198,0.185,0.212,0.205,0.194,0.211,0.15,0.144,0.197,0.182,0.202,0.18,0.026,0,0,0.028,0.032,0.031,0,0.159,0.219,0.22,0.174,0.177,0.024,0.863,0.028,0.943,0.998,0.205,0,0,0,0,0,0.029,0,0,0.179,0.199,0.2,0.222,0,0,0,0,0.029,0.2,0.199,0.203,0.182,0,0.179,0.022,0.022,0.027,0.025,0.023,0.024,0.026,0.021,0.021,0.022,0,0.027,0.021,0,0.028,0.022,0,0,0,0.204,0.191,0.217,0,0.195,0.199,0.018,0.151,0.021,0.024,0.024,0.024,0.021,0.025,0.022,0.207,0.221,0.192,0.136,0.134,0.187,0.172,0.229,0.144,0.141,0.219,0.214,0.145,0.187,0,0.134,0.187,0.165,0.22,0.181,0.162,0.194,0.175,0.207,0.028,0.025,0.027,0.023,0.018,0.027,0.026,0.024,0.027,0.023,0.023,0.027,0.027,0.028,0.027,0,0,0,0,0.02,0,0,0.146,0.134,0.03,0.021,0.028,0.021,0.02,0.026,0,0,0,0.172,0,0,0,0,0,0,0,0.185,0,0.184,0.171,0.798,0.026,0,0,0.03,0.03,0,0.023,0.197,0.181,0.023,0.021,0.233,0.162,0.135,0.114,0.03,0.184,0.177,0.172,0,0,0.179,0.017,0.03,0,0,0.02,0.198,0,0.02,0.026,0.025,0.196,0.749,0.733,0.23,0.902,0.235,0.227,0,0,0,0,0,0.151,0.198,0.158,0.17,0.171,0.234,0,0,0,0.022,0.192,0.026,0.016,0.023,0.769,0.177,0.03,0,0,0,0.023,0.921,0.826,0.971,0.23,0.801,0.767,0.72,0.21,0.195,0.23,0.857,0.83,0.021,0.861,0.786,0.655,0.913,0.197,0.184,0.176,0.711,0.021,0.027,0.024,0.19,0.178,0.154,0.155,0.918,0.966,0.024,0.787,0.197,0.15,0.023,0.026,0.023,0.027,0.021,0.821,0.808,0.022,0.029,0,0.028,0.031,0.031,0.027,0.021,0.032,0.289,0.213,0.207,0.188,0,0,0,0,0,0,0,0,0.022,0.144,0.024,0.199,0.029,0.025,0.023,0,0,0.027,0.162,0.175,0,0.025,0.025,0.183,0.027,0.195,0.151,0.247,0,0.207,0.184,0.162,0.12,0.027,0.025,0.201,0.19,0,0,0.184,0.184,0.163,0.156,0.208,0,0.151,0.12,0.154,0.179,0.158,0.158
GO:0001558,0,0.453,0,0.042,0.482,0.236,0.289,0,0.038,0,0.032,0.219,0.262,0.27,0.331,0,0.244,0,0.465,0.034,0.034,0.035,0.034,0.033,0,0.033,0,0,0.203,0.241,0.201,0.247,0.195,0.251,0.226,0.274,0.201,0.229,0.198,0.235,0.23,0,0,0.175,0.177,0.381,0,0,0.178,0.167,0.158,0.16,0.198,0.179,0.226,0.029,0,0.033,0.205,0.24,0.278,0.223,0.217,0.23,0.223,0.224,0.223,0.282,0.177,0.282,0,0.216,0.218,0.182,0.281,0.278,0.224,0.278,0.227,0.227,0.409,0.766,0.216,0.239,0,0.029,0,0.03,0,0,0.147,0.139,0.027,0.027,0.216,0.263,0.184,0.183,0.204,0.192,0,0.233,0,0.224,0.229,0.194,0.226,0,0.027,0.026,0.224,0.224,0.209,0.217,0.206,0.025,0.026,0.215,0.026,0.183,0.208,0.223,0.214,0.18,0.17,0.201,0.188,0.217,0.21,0.198,0.215,0.154,0.147,0.201,0.185,0.206,0.183,0.366,0,0,0.029,0.033,0.032,0,0.162,0.223,0.225,0.178,0.181,0.359,0.232,0.416,0.216,0.205,0.998,0,0,0,0,0,0.03,0,0,0.886,0.203,0.204,0.226,0,0,0,0,0.03,0.205,0.204,0.207,0.187,0,0.183,0.022,0.022,0.028,0.026,0.023,0.024,0.027,0.317,0.316,0.322,0,0.028,0.021,0,0.029,0.023,0,0,0,0.208,0.196,0.222,0,0.199,0.203,0.019,0.153,0.293,0.344,0.025,0.025,0.3,0.358,0.309,0.634,0.679,0.59,0.139,0.136,0.191,0.175,0.704,0.147,0.143,0.337,0.658,0.148,0.574,0,0.136,0.574,0.504,0.677,0.554,0.494,0.596,0.536,0.211,0.028,0.025,0.027,0.023,0.019,0.028,0.026,0.024,0.028,0.023,0.023,0.028,0.028,0.029,0.028,0,0,0,0,0.021,0,0,0.149,0.136,0.03,0.021,0.029,0.021,0.02,0.026,0,0,0,0.175,0,0,0,0,0,0,0,0.189,0,0.188,0.175,0.214,0.027,0,0,0.031,0.031,0,0.34,0.201,0.184,0.023,0.022,0.239,0.164,0.138,0.116,0.03,0.187,0.18,0.175,0,0,0.182,0.253,0.031,0,0,0.021,0.202,0,0.021,0.39,0.026,0.199,0.217,0.212,0.236,0.206,0.24,0.231,0,0,0,0,0,0.153,0.202,0.16,0.174,0.174,0.239,0,0,0,0.023,0.196,0.384,0.017,0.341,0.206,0.18,0.03,0,0,0,0.024,0.211,0.189,0.199,0.236,0.183,0.175,0.164,0.214,0.199,0.236,0.175,0.17,0.306,0.02,0.027,0.029,0.187,0.201,0.188,0.179,0.028,0.021,0.404,0.351,0.193,0.181,0.157,0.159,0.024,0.023,0.357,0.02,0.201,0.153,0.347,0.382,0.35,0.401,0.021,0.188,0.026,0.022,0.03,0,0.028,0.032,0.032,0.405,0.314,0.033,0.298,0.217,0.211,0.191,0,0,0,0,0,0,0,0,0.023,0.33,0.356,0.202,0.03,0.025,0.024,0,0,0.028,0.164,0.178,0,0.026,0.373,0.186,0.027,0.198,0.345,0.253,0,0.211,0.187,0.164,0.121,0.028,0.026,0.205,0.194,0,0,0.188,0.188,0.166,0.159,0.212,0,0.155,0.121,0.157,0.182,0.16,0.16
GO:0001654,0,0,0,0,0,0,0,0,0,0,0,0,0,0,0,0,0,0,0,0,0,0,0,0,0,0,0,0,0,0,0,0,0,0,0,0,0,0,0,0,0,0,0,0,0,0,0,0,0,0,0,0,0,0,0,0,0,0,0,0,0,0,0,0,0,0,0,0,0,0,0,0,0,0,0,0,0,0,0,0,0,0,0,0,0,0,0,0,0,0,0,0,0,0,0,0,0,0,0,0,0,0,0,0,0,0,0,0,0,0,0,0,0,0,0,0,0,0,0,0,0,0,0,0,0,0,0,0,0,0,0,0,0,0,0,0,0,0,0,0,0,0,0,0,0,0,0,0,0,0,0,0,0,0,0,1,0.347,0.784,0.284,0.511,0.26,0.251,0.28,0,0,0,0.224,0.548,1,0.464,0.31,0.26,0.247,0.217,0,0,0.769,0.292,0,0,0,0,0,0,0,0,0,0,0,0,0,0,0,0,0,0,0,0,0,0,0,0,0,0,0,0,0,0,0,0,0,0,0,0,0,0,0,0,0,0,0,0,0,0,0,0,0,0,0,0,0,0,0,0,0,0,0,0,0,0,0,0,0,0,0,0,0,0,0,0,0,0,0,0.274,0.254,0.253,0.234,0,0,0,0,0,0,0,0,0,0,0.28,0.228,0,0,0,0,0.313,0.312,0.253,0.256,0,0,0,0,0,0,0,0,0,0,0.187,0,0,0,0,0,0,0,0,0,0,0,0,0,0,0,0,0,0,0.266,0.278,0.254,0,0,0,0,0.232,0.204,0,0,0,0,0,0,0.393,0.511,0.292,0.252,0.246,0,0,0,0.22,0.194,0,0,0.239,0.241,0.273,0,0,0,0,0,0,0,0.187,0,0,0,0,0,0,0,0,0,0,0,0,0,0,0,0,0,0,0,0,0,0,0,0,0,0,0,0,0,0,0,0,0,0,0,0,0,0,0,0,0,0,0,0,0,0,0.217,0,0,0,0,0,0,0,0,0,0,0.455,0.364,0.407,0.218,0.186,0.18,0.176,0.188,0,0,0,0.232,0,0,0,0,0,0.447,0,0.251,0,0,0,0,0.441,0,0,0,0,0.213,0.356,0.322,0.305,0.446,0,0.381,0.366,0.214,0.188,0.232,0.205,0.388,0.376,0.241,0.203,0,0.305,0.464,0,0,0
GO:0007275,0,0,0,0,0,0,0,0,0,0,0,0,0,0,0,0,0,0,0,0,0,0,0,0,0,0,0,0,0,0,0,0,0,0,0,0,0,0,0,0,0,0,0,0,0,0,0,0,0,0,0,0,0,0,0,0,0,0,0,0,0,0,0,0,0,0,0,0,0,0,0,0,0,0,0,0,0,0,0,0,0,0,0,0,0,0,0,0,0,0,0,0,0,0,0,0,0,0,0,0,0,0,0,0,0,0,0,0,0,0,0,0,0,0,0,0,0,0,0,0,0,0,0,0,0,0,0,0,0,0,0,0,0,0,0,0,0,0,0,0,0,0,0,0,0,0,0,0,0,0,0,0,0,0,0,0.347,0.916,0.427,0.676,0.522,0.641,0.721,0.784,0,0,0,0.462,0.605,0.347,0.779,0.845,0.642,0.569,0.498,0,0,0.412,0.613,0,0,0,0,0,0,0,0,0,0,0,0,0,0,0,0,0,0,0,0,0,0,0,0,0,0,0,0,0,0,0,0,0,0,0,0,0,0,0,0,0,0,0,0,0,0,0,0,0,0,0,0,0,0,0,0,0,0,0,0,0,0,0,0,0,0,0,0,0,0,0,0,0,0,0,0.537,0.467,0.461,0.449,0,0,0,0,0,0,0,0,0,0,0.559,0.424,0,0,0,0,0.71,0.703,0.461,0.534,0,0,0,0,0,0,0,0,0,0,0.326,0,0,0,0,0,0,0,0,0,0,0,0,0,0,0,0,0,0,0.507,0.552,0.467,0,0,0,0,0.496,0.384,0,0,0,0,0,0,0.367,0.521,0.611,0.516,0.493,0,0,0,0.442,0.391,0,0,0.466,0.422,0.532,0,0,0,0,0,0,0,0.326,0,0,0,0,0,0,0,0,0,0,0,0,0,0,0,0,0,0,0,0,0,0,0,0,0,0,0,0,0,0,0,0,0,0,0,0,0,0,0,0,0,0,0,0,0,0,0.499,0,0,0,0,0,0,0,0,0,0,0.743,0.47,0.389,0.501,0.36,0.338,0.324,0.365,0,0,0,0.441,0,0,0,0,0,0.714,0,0.515,0,0,0,0,0.692,0,0,0,0,0.416,0.451,0.379,0.347,0.71,0,0.514,0.475,0.482,0.366,0.497,0.439,0.531,0.499,0.472,0.347,0,0.347,0.431,0,0,0
GO:0007423,0,0,0,0,0,0,0,0,0,0,0,0,0,0,0,0,0,0,0,0,0,0,0,0,0,0,0,0,0,0,0,0,0,0,0,0,0,0,0,0,0,0,0,0,0,0,0,0,0,0,0,0,0,0,0,0,0,0,0,0,0,0,0,0,0,0,0,0,0,0,0,0,0,0,0,0,0,0,0,0,0,0,0,0,0,0,0,0,0,0,0,0,0,0,0,0,0,0,0,0,0,0,0,0,0,0,0,0,0,0,0,0,0,0,0,0,0,0,0,0,0,0,0,0,0,0,0,0,0,0,0,0,0,0,0,0,0,0,0,0,0,0,0,0,0,0,0,0,0,0,0,0,0,0,0,0.784,0.427,0.999,0.388,0.671,0.358,0,0.399,0,0,0,0.294,0.736,0.784,0.39,0.438,0.358,0.334,0,0,0,0.975,0.338,0,0,0,0,0,0,0,0,0,0,0,0,0,0,0,0,0,0,0,0,0,0,0,0,0,0,0,0,0,0,0,0,0,0,0,0,0,0,0,0,0,0,0,0,0,0,0,0,0,0,0,0,0,0,0,0,0,0,0,0,0,0,0,0,0,0,0,0,0,0,0,0,0,0,0,0.31,0.282,0.28,0.301,0,0,0,0,0,0,0,0,0,0,0.319,0.29,0,0,0,0,0.37,0.368,0.28,0.337,0,0,0,0,0,0,0,0,0,0,0.232,0,0,0,0,0,0,0,0,0,0,0,0,0,0,0,0,0,0,0.299,0.316,0.282,0,0,0,0,0.308,0.261,0,0,0,0,0,0,0.481,0.671,0.337,0.33,0.32,0,0,0,0.286,0,0,0,0.308,0.263,0.308,0,0,0,0,0,0,0,0.232,0,0,0,0,0,0,0,0,0,0,0,0,0,0,0,0,0,0,0,0,0,0,0,0,0,0,0,0,0,0,0,0,0,0,0,0,0,0,0,0,0,0,0,0,0,0,0,0,0,0,0,0,0,0,0,0,0,0.38,0.284,0.502,0,0,0,0,0,0,0,0,0.297,0,0,0,0,0,0.371,0,0.329,0,0,0,0,0.364,0,0,0,0,0.275,0.276,0.244,0.228,0.37,0,0.301,0.286,0,0,0.308,0,0.308,0.296,0.311,0.251,0,0.228,0.592,0,0,0
GO:0009653,0,0,0,0,0,0,0,0,0,0,0,0,0,0,0,0,0,0,0,0,0,0,0,0,0,0,0,0,0,0,0,0,0,0,0,0,0,0,0,0,0,0,0,0,0,0,0,0,0,0,0,0,0,0,0,0,0,0,0,0,0,0,0,0,0,0,0,0,0,0,0,0,0,0,0,0,0,0,0,0,0,0,0,0,0,0,0,0,0,0,0,0,0,0,0,0,0,0,0,0,0,0,0,0,0,0,0,0,0,0,0,0,0,0,0,0,0,0,0,0,0,0,0,0,0,0,0,0,0,0,0,0,0,0,0,0,0,0,0,0,0,0,0,0,0,0,0,0,0,0,0,0,0,0,0,0.284,0.676,0.388,0.967,0.769,0.549,0,0.651,0,0,0,0.412,0.531,0.47,0.589,0.706,0.55,0.495,0,0,0,0.622,0.477,0,0,0,0,0,0,0,0,0,0,0,0,0,0,0,0,0,0,0,0,0,0,0,0,0,0,0,0,0,0,0,0,0,0,0,0,0,0,0,0,0,0,0,0,0,0,0,0,0,0,0,0,0,0,0,0,0,0,0,0,0,0,0,0,0,0,0,0,0,0,0,0,0,0,0,0.702,0.618,0.611,0.672,0,0,0,0,0,0,0,0,0,0,0.728,0.386,0,0,0,0,0.544,0.539,0.611,0.475,0,0,0,0,0,0,0,0,0,0,0.3,0,0,0,0,0,0,0,0,0,0,0,0,0,0,0,0,0,0,0.667,0.434,0.618,0,0,0,0,0.439,0.349,0,0,0,0,0,0,0.495,0.465,0.788,0.763,0.731,0,0,0,0.397,0,0,0,0.42,0.563,0.696,0,0,0,0,0,0,0,0.3,0,0,0,0,0,0,0,0,0,0,0,0,0,0,0,0,0,0,0,0,0,0,0,0,0,0,0,0,0,0,0,0,0,0,0,0,0,0,0,0,0,0,0,0,0,0,0,0,0,0,0,0,0,0,0,0,0,0.566,0.376,0.316,0,0,0,0,0,0,0,0,0.4,0,0,0,0,0,0.546,0,0.761,0,0,0,0,0.531,0,0,0,0,0.375,0.362,0.309,0.47,0.544,0,0.407,0.379,0,0,0.44,0,0.42,0.397,0.425,0.321,0,0.284,0.648,0,0,0
GO:0009887,0,0,0,0,0,0,0,0,0,0,0,0,0,0,0,0,0,0,0,0,0,0,0,0,0,0,0,0,0,0,0,0,0,0,0,0,0,0,0,0,0,0,0,0,0,0,0,0,0,0,0,0,0,0,0,0,0,0,0,0,0,0,0,0,0,0,0,0,0,0,0,0,0,0,0,0,0,0,0,0,0,0,0,0,0,0,0,0,0,0,0,0,0,0,0,0,0,0,0,0,0,0,0,0,0,0,0,0,0,0,0,0,0,0,0,0,0,0,0,0,0,0,0,0,0,0,0,0,0,0,0,0,0,0,0,0,0,0,0,0,0,0,0,0,0,0,0,0,0,0,0,0,0,0,0,0.511,0.522,0.671,0.769,0.994,0.432,0,0.493,0,0,0,0.342,0.871,0.65,0.468,0.539,0.433,0.398,0,0,0,0.83,0.395,0,0,0,0,0,0,0,0,0,0,0,0,0,0,0,0,0,0,0,0,0,0,0,0,0,0,0,0,0,0,0,0,0,0,0,0,0,0,0,0,0,0,0,0,0,0,0,0,0,0,0,0,0,0,0,0,0,0,0,0,0,0,0,0,0,0,0,0,0,0,0,0,0,0,0,0.592,0.531,0.526,0.57,0,0,0,0,0,0,0,0,0,0,0.61,0.33,0,0,0,0,0.439,0.436,0.526,0.393,0,0,0,0,0,0,0,0,0,0,0.262,0,0,0,0,0,0,0,0,0,0,0,0,0,0,0,0,0,0,0.566,0.365,0.531,0,0,0,0,0.361,0.298,0,0,0,0,0,0,0.681,0.781,0.652,0.634,0.613,0,0,0,0.332,0,0,0,0.355,0.49,0.587,0,0,0,0,0,0,0,0.262,0,0,0,0,0,0,0,0,0,0,0,0,0,0,0,0,0,0,0,0,0,0,0,0,0,0,0,0,0,0,0,0,0,0,0,0,0,0,0,0,0,0,0,0,0,0,0,0,0,0,0,0,0,0,0,0,0,0.453,0.323,0.561,0,0,0,0,0,0,0,0,0.34,0,0,0,0,0,0.44,0,0.633,0,0,0,0,0.431,0,0,0,0,0.317,0.312,0.272,0.418,0.439,0,0.346,0.325,0,0,0.361,0,0.355,0.338,0.359,0.282,0,0.253,0.86,0,0,0
GO:0030154,0,0.048,0,0.08,0.052,0,0.048,0,0.065,0,0.049,0,0.041,0,0.06,0,0,0,0.053,0.055,0.055,0.057,0.055,0.054,0,0.053,0,0,0,0.037,0,0.038,0,0.039,0,0.044,0,0,0,0,0,0,0,0,0,0.037,0,0,0,0,0,0,0,0,0.034,0.042,0,0.051,0,0.037,0.045,0,0.032,0,0,0.033,0.033,0.046,0,0.046,0,0.032,0.032,0,0.046,0.045,0.033,0.045,0.034,0.034,0.044,0.04,0.032,0.036,0,0.042,0,0.046,0,0,0,0,0.038,0.039,0.032,0.042,0,0,0,0,0,0.035,0,0.033,0.034,0,0.034,0,0.039,0.038,0.033,0.033,0.03,0.032,0.03,0.035,0.037,0.032,0.036,0.025,0.03,0.033,0.031,0.025,0.023,0.029,0.026,0.032,0.03,0.028,0.032,0,0,0.029,0.026,0.03,0.025,0.037,0,0,0.042,0.053,0.05,0,0,0.033,0.033,0,0,0.034,0.035,0.042,0.032,0.029,0.03,0.26,0.641,0.358,0.549,0.432,0.952,0,0.697,0,0.029,0.029,0.704,0.496,0.26,0.554,0.671,0.95,0.522,0,0.03,0,0.346,0.444,0.03,0.03,0.04,0.036,0.031,0.033,0.038,0.029,0.029,0.029,0,0.041,0.028,0,0.042,0.03,0,0,0,0.03,0,0.033,0,0.028,0.029,0.023,0.02,0.027,0.034,0.034,0.034,0.028,0.036,0.029,0.031,0.034,0.028,0,0,0.027,0.024,0.035,0,0,0.033,0.032,0,0.027,0,0,0.027,0.023,0.033,0.026,0.022,0.028,0.025,0.031,0.041,0.036,0.04,0.031,0.024,0.041,0.037,0.033,0.041,0.031,0.031,0.04,0.041,0.042,0.04,0,0,0.393,0.344,0.557,0.375,0,0,0,0.046,0.028,0.042,0.027,0.027,0.037,0,0.408,0.356,0.024,0,0,0,0.509,0.504,0.34,0.441,0,0,0,0,0.031,0.039,0,0,0.048,0.048,0.31,0.032,0.029,0.026,0.032,0.029,0.036,0.022,0,0,0.046,0.026,0.025,0.024,0,0,0.025,0.021,0.048,0.372,0.403,0.563,0.029,0,0.027,0.038,0.753,0.593,0.032,0.031,0.036,0.03,0.037,0.035,0.274,0.432,0.443,0.428,0.41,0.02,0.029,0.021,0.413,0,0.036,0,0.389,0.313,0.637,0.028,0.037,0.02,0.032,0.03,0.025,0.046,0.31,0,0,0.032,0.031,0.026,0.028,0.036,0.025,0.024,0.022,0.031,0.028,0.036,0.024,0.023,0.027,0.026,0.038,0.044,0.026,0.029,0.026,0.025,0.041,0.028,0.04,0.033,0.027,0.025,0,0,0.033,0.031,0.034,0.026,0.029,0,0.032,0.037,0.033,0.04,0.028,0.026,0.037,0.029,0.045,0,0.041,0.049,0.049,0.04,0.028,0.052,0.05,0.032,0.031,0.027,0.531,0.346,0.289,0,0,0,0,0,0.03,0.03,0.034,0.605,0.044,0.036,0.033,0,0,0.837,0.022,0.427,0,0.036,0.036,0.026,0.813,0.028,0.032,0.04,0,0.639,0.545,0.462,0.26,0.833,0.036,0.616,0.572,0,0,0.46,0,0.388,0.367,0.645,0.295,0,0.26,0.361,0.025,0.021,0.021
GO:0032501,0,0,0,0,0,0,0,0,0,0,0,0,0,0,0,0,0,0,0,0,0,0,0,0,0,0,0,0,0,0,0,0,0,0,0,0,0,0,0,0,0,0,0,0,0,0,0,0,0,0,0,0,0,0,0,0,0,0,0,0,0,0,0,0,0,0,0,0,0,0,0,0,0,0,0,0,0,0,0,0,0,0,0,0,0,0,0,0,0,0,0,0,0,0,0,0,0,0,0,0,0,0,0,0,0,0,0,0,0,0,0,0,0,0,0,0,0,0,0,0,0,0,0,0,0,0,0,0,0,0,0,0,0,0,0,0,0,0,0,0,0,0,0,0,0,0,0,0,0,0,0,0,0,0,0,0.251,0.721,0,0,0,0,0.843,0,0,0,0,0,0,0.251,0.6,0,0,0,0.554,0,0,0,0.46,0,0,0,0,0,0,0,0,0,0,0,0,0,0,0,0,0,0,0,0,0,0,0,0,0,0,0,0,0,0,0,0,0,0,0,0,0,0,0,0,0,0,0,0,0,0,0,0,0,0,0,0,0,0,0,0,0,0,0,0,0,0,0,0,0,0,0,0,0,0,0,0,0,0,0,0.399,0.343,0.339,0,0,0,0,0,0,0,0,0,0,0,0.417,0,0,0,0,0,0.542,0.536,0.339,0,0,0,0,0,0,0,0,0,0,0,0.305,0,0,0,0,0,0,0,0,0,0,0,0,0,0,0,0,0,0,0.375,0.411,0.343,0,0,0,0,0,0,0,0,0,0,0,0,0.266,0,0.459,0,0,0,0,0,0,0.424,0,0,0,0.308,0.395,0,0,0,0,0,0,0,0,0,0,0,0,0,0,0,0,0,0,0,0,0,0,0,0,0,0,0,0,0,0,0,0,0,0,0,0,0,0,0,0,0,0,0,0,0,0,0,0,0,0,0,0,0,0,0.554,0,0,0,0,0,0,0,0,0,0,0.57,0.346,0.283,0.557,0.389,0.363,0.347,0.394,0,0,0,0,0,0,0,0,0,0.545,0,0,0,0,0,0,0.526,0,0,0,0,0,0.331,0.275,0.251,0.542,0,0.38,0.349,0.533,0.395,0,0.482,0.394,0.369,0,0,0,0.251,0,0,0,0
GO:0032502,0,0,0,0,0,0,0,0,0,0,0,0,0,0,0,0,0,0,0,0,0,0,0,0,0,0,0,0,0,0,0,0,0,0,0,0,0,0,0,0,0,0,0,0,0,0,0,0,0,0,0,0,0,0,0,0,0,0,0,0,0,0,0,0,0,0,0,0,0,0,0,0,0,0,0,0,0,0,0,0,0,0,0,0,0,0,0,0,0,0,0,0,0,0,0,0,0,0,0,0,0,0,0,0,0,0,0,0,0,0,0,0,0,0,0,0,0,0,0,0,0,0,0,0,0,0,0,0,0,0,0,0,0,0,0,0,0,0,0,0,0,0,0,0,0,0,0,0,0,0,0,0,0,0,0,0.28,0.784,0.399,0.651,0.493,0.697,0,0.869,0,0,0,0.49,0.577,0.28,0.657,0.83,0.698,0.612,0,0,0,0.384,0.508,0,0,0,0,0,0,0,0,0,0,0,0,0,0,0,0,0,0,0,0,0,0,0,0,0,0,0,0,0,0,0,0,0,0,0,0,0,0,0,0,0,0,0,0,0,0,0,0,0,0,0,0,0,0,0,0,0,0,0,0,0,0,0,0,0,0,0,0,0,0,0,0,0,0,0,0.442,0.381,0.377,0.42,0,0,0,0,0,0,0,0,0,0,0.461,0.396,0,0,0,0,0.595,0.588,0.377,0.505,0,0,0,0,0,0,0,0,0,0,0.34,0,0,0,0,0,0,0,0,0,0,0,0,0,0,0,0,0,0,0.416,0.455,0.381,0,0,0,0,0.529,0.404,0,0,0,0,0,0,0.297,0.492,0.507,0.487,0.464,0,0,0,0.468,0,0,0,0.437,0.343,0.437,0,0,0,0,0,0,0,0.34,0,0,0,0,0,0,0,0,0,0,0,0,0,0,0,0,0,0,0,0,0,0,0,0,0,0,0,0,0,0,0,0,0,0,0,0,0,0,0,0,0,0,0,0,0,0,0,0,0,0,0,0,0,0,0,0,0,0.625,0.384,0.315,0,0,0,0,0,0,0,0,0.413,0,0,0,0,0,0.598,0,0.486,0,0,0,0,0.579,0,0,0,0,0.439,0.368,0.307,0.28,0.595,0,0.422,0.388,0,0,0.53,0,0.437,0.409,0.443,0.321,0,0.28,0.403,0,0,0
GO:0040008,0,0,0,0,0,0.274,0.264,0,0,0,0,0.251,0.236,0.321,0.309,0,0.291,0,0,0,0,0,0,0,0,0,0,0,0.231,0.214,0.228,0.221,0.221,0.225,0.26,0.248,0.228,0.265,0.224,0.273,0.266,0,0,0.198,0.2,0,0,0,0.199,0.186,0.176,0.179,0.224,0.2,0.199,0,0,0,0.233,0.213,0.253,0.257,0.19,0.266,0.256,0.198,0.196,0.256,0.198,0.256,0,0.189,0.192,0.204,0.255,0.253,0.198,0.253,0.201,0.201,0,0.228,0.19,0.213,0,0,0,0,0,0,0.16,0.151,0,0,0.19,0.237,0.207,0.205,0.232,0.216,0,0.206,0,0.198,0.202,0.219,0.2,0,0,0,0.198,0.198,0.183,0.191,0.181,0,0,0.189,0,0.158,0.182,0.196,0.188,0.155,0.146,0.176,0.163,0.191,0.184,0.172,0.189,0.171,0.163,0.175,0.16,0.181,0.158,0,0,0,0,0,0,0,0.182,0.197,0.198,0.198,0.203,0,0.206,0,0.19,0.179,0.886,0,0,0,0,0,0,0,0,0.993,0.177,0.178,0.2,0,0,0,0,0,0.233,0.232,0.181,0.213,0,0.205,0,0,0,0,0,0,0,0,0,0,0,0,0,0,0,0,0,0,0,0.182,0.221,0.196,0,0.173,0.177,0,0.131,0,0,0,0,0,0,0,0.185,0.199,0.171,0.151,0.148,0.165,0.151,0.207,0.162,0.158,0.197,0.192,0.164,0.165,0,0.149,0.165,0.143,0.199,0.159,0.141,0.172,0.153,0.185,0,0,0,0,0,0,0,0,0,0,0,0,0,0,0,0,0,0,0,0,0,0,0.163,0.148,0,0,0,0,0,0,0,0,0,0.151,0,0,0,0,0,0,0,0.212,0,0.212,0.195,0.188,0,0,0,0,0,0,0,0.176,0.159,0,0,0.212,0.141,0.151,0.125,0,0.162,0.155,0.151,0,0,0.157,0,0,0,0,0,0.176,0,0,0,0,0.174,0.191,0.186,0.209,0.181,0.214,0.205,0,0,0,0,0,0.131,0.176,0.137,0.194,0.194,0.213,0,0,0,0,0.17,0,0,0,0.181,0.155,0,0,0,0,0,0.185,0.164,0.173,0.209,0.158,0.151,0.141,0.188,0.173,0.209,0.151,0.146,0,0,0,0,0.162,0.175,0.162,0.154,0,0,0,0,0.168,0.156,0.175,0.177,0,0,0,0,0.175,0.171,0,0,0,0,0,0.162,0,0,0,0,0,0,0,0,0,0,0.273,0.191,0.185,0.166,0,0,0,0,0,0,0,0,0,0.163,0,0.177,0,0,0,0,0,0,0.141,0.199,0,0,0,0.161,0,0.173,0.171,0.227,0,0.185,0.162,0.141,0.131,0,0,0.179,0.169,0,0,0.211,0.212,0.184,0.176,0.186,0,0.172,0.131,0.173,0.157,0.137,0.137
GO:0043066,0,0.03,0,0.04,0.032,0.227,0.278,0,0.036,0,0.03,0.624,0.702,0.259,0.317,0,0.233,0,0.032,0.033,0.033,0.033,0.033,0.032,0,0.032,0,0,0.197,0.233,0.195,0.239,0.189,0.243,0.218,0.264,0.194,0.221,0.192,0.226,0.221,0,0,0.169,0.171,0.025,0,0,0.173,0.163,0.153,0.155,0.192,0.174,0.219,0.028,0,0.031,0.586,0.644,0.268,0.215,0.211,0.222,0.215,0.218,0.902,0.272,0.172,0.272,0,0.938,0.924,0.177,0.271,0.268,0.218,0.268,0.22,0.22,0.028,0.246,0.21,0.232,0,0.028,0,0.029,0,0,0.143,0.135,0.026,0.026,0.583,0.255,0.528,0.526,0.584,0.55,0,0.626,0,0.604,0.615,0.555,0.608,0,0.026,0.026,0.604,0.604,0.564,0.211,0.201,0.854,0.812,0.209,0.828,0.179,0.202,0.216,0.208,0.176,0.166,0.196,0.184,0.211,0.204,0.193,0.209,0.149,0.143,0.195,0.18,0.201,0.799,0.025,0,0,0.028,0.032,0.031,0,0.157,0.602,0.605,0.51,0.52,0.024,0.225,0.028,0.21,0.199,0.203,0,0,0,0,0,0.029,0,0,0.177,0.998,0.995,0.22,0,0,0,0,0.029,0.198,0.198,0.979,0.18,0,0.178,0.022,0.022,0.027,0.025,0.022,0.023,0.026,0.021,0.021,0.021,0,0.027,0.021,0,0.028,0.022,0,0,0,0.844,0.189,0.215,0,0.867,0.862,0.018,0.672,0.02,0.024,0.024,0.024,0.021,0.025,0.022,0.568,0.219,0.53,0.135,0.133,0.186,0.475,0.227,0.143,0.14,0.217,0.589,0.144,0.186,0,0.133,0.186,0.454,0.218,0.18,0.445,0.193,0.482,0.568,0.027,0.025,0.027,0.022,0.018,0.027,0.026,0.024,0.027,0.023,0.023,0.027,0.027,0.028,0.027,0,0,0,0,0.02,0,0,0.145,0.393,0.029,0.021,0.028,0.02,0.02,0.025,0,0,0,0.475,0,0,0,0,0,0,0,0.183,0,0.183,0.17,0.578,0.026,0,0,0.03,0.03,0,0.023,0.196,0.18,0.023,0.021,0.231,0.161,0.134,0.113,0.029,0.182,0.176,0.171,0,0,0.178,0.017,0.03,0,0,0.02,0.197,0,0.02,0.026,0.025,0.538,0.585,0.206,0.229,0.557,0.233,0.225,0,0,0,0,0,0.15,0.197,0.157,0.5,0.5,0.232,0,0,0,0.022,0.191,0.025,0.016,0.023,0.201,0.176,0.029,0,0,0,0.023,0.569,0.184,0.538,0.229,0.179,0.475,0.161,0.208,0.194,0.229,0.171,0.46,0.02,0.02,0.026,0.028,0.182,0.543,0.183,0.485,0.027,0.021,0.027,0.023,0.188,0.491,0.153,0.154,0.023,0.022,0.024,0.02,0.543,0.149,0.023,0.025,0.023,0.027,0.021,0.183,0.025,0.022,0.029,0,0.027,0.031,0.031,0.027,0.021,0.032,0.286,0.211,0.205,0.186,0,0,0,0,0,0,0,0,0.022,0.143,0.024,0.197,0.029,0.025,0.023,0,0,0.027,0.161,0.173,0,0.025,0.025,0.182,0.026,0.193,0.149,0.245,0,0.205,0.182,0.161,0.119,0.027,0.025,0.2,0.189,0,0,0.182,0.183,0.162,0.155,0.206,0,0.15,0.119,0.153,0.898,0.701,0.791
GO:0043069,0,0.03,0,0.041,0.032,0.229,0.28,0,0.036,0,0.031,0.627,0.705,0.26,0.319,0,0.235,0,0.032,0.033,0.033,0.034,0.033,0.032,0,0.032,0,0,0.198,0.234,0.196,0.24,0.19,0.244,0.219,0.265,0.195,0.222,0.193,0.227,0.223,0,0,0.17,0.172,0.025,0,0,0.174,0.164,0.154,0.156,0.193,0.175,0.22,0.028,0,0.032,0.589,0.647,0.27,0.216,0.211,0.223,0.216,0.219,0.906,0.273,0.173,0.273,0,0.916,0.928,0.178,0.272,0.27,0.219,0.27,0.221,0.221,0.028,0.247,0.211,0.233,0,0.028,0,0.03,0,0,0.144,0.136,0.026,0.027,0.585,0.256,0.531,0.528,0.587,0.553,0,0.629,0,0.607,0.618,0.558,0.611,0,0.027,0.026,0.607,0.607,0.566,0.212,0.202,0.813,0.815,0.21,0.831,0.179,0.203,0.217,0.209,0.177,0.167,0.197,0.184,0.212,0.205,0.193,0.21,0.15,0.144,0.196,0.181,0.202,0.781,0.026,0,0,0.028,0.032,0.031,0,0.158,0.604,0.607,0.512,0.522,0.024,0.226,0.028,0.211,0.2,0.204,0,0,0,0,0,0.029,0,0,0.178,0.995,0.998,0.221,0,0,0,0,0.029,0.199,0.199,0.983,0.181,0,0.179,0.022,0.022,0.027,0.025,0.023,0.024,0.026,0.021,0.021,0.022,0,0.027,0.021,0,0.028,0.022,0,0,0,0.848,0.19,0.216,0,0.847,0.865,0.018,0.656,0.021,0.024,0.024,0.024,0.021,0.025,0.022,0.571,0.22,0.532,0.136,0.133,0.187,0.476,0.228,0.143,0.14,0.218,0.591,0.144,0.187,0,0.133,0.187,0.455,0.219,0.18,0.447,0.194,0.483,0.571,0.027,0.025,0.027,0.022,0.018,0.027,0.026,0.024,0.027,0.023,0.023,0.027,0.027,0.028,0.027,0,0,0,0,0.02,0,0,0.146,0.394,0.029,0.021,0.028,0.02,0.02,0.025,0,0,0,0.476,0,0,0,0,0,0,0,0.184,0,0.183,0.171,0.58,0.026,0,0,0.03,0.03,0,0.023,0.197,0.18,0.023,0.021,0.232,0.161,0.135,0.114,0.03,0.183,0.177,0.172,0,0,0.178,0.017,0.03,0,0,0.02,0.198,0,0.02,0.026,0.025,0.54,0.587,0.207,0.23,0.559,0.234,0.226,0,0,0,0,0,0.151,0.197,0.157,0.502,0.502,0.233,0,0,0,0.022,0.191,0.026,0.016,0.023,0.202,0.177,0.03,0,0,0,0.023,0.571,0.185,0.54,0.23,0.179,0.476,0.161,0.209,0.194,0.23,0.172,0.462,0.02,0.02,0.026,0.029,0.183,0.545,0.184,0.487,0.027,0.021,0.027,0.023,0.189,0.492,0.153,0.155,0.023,0.022,0.024,0.02,0.545,0.15,0.023,0.025,0.023,0.027,0.021,0.184,0.026,0.022,0.029,0,0.027,0.031,0.031,0.027,0.021,0.032,0.288,0.212,0.206,0.187,0,0,0,0,0,0,0,0,0.022,0.144,0.024,0.198,0.029,0.025,0.023,0,0,0.027,0.161,0.174,0,0.025,0.025,0.182,0.026,0.194,0.15,0.246,0,0.206,0.183,0.161,0.119,0.027,0.025,0.201,0.19,0,0,0.183,0.183,0.162,0.156,0.207,0,0.151,0.119,0.154,0.894,0.684,0.787
GO:0045595,0,0.035,0,0.05,0.037,0.266,0.324,0,0.043,0,0.036,0.244,0.29,0.31,0.378,0,0.28,0,0.038,0.039,0.039,0.04,0.039,0.038,0,0.038,0,0,0.225,0.265,0.222,0.272,0.215,0.277,0.253,0.305,0.222,0.257,0.218,0.264,0.258,0,0,0.193,0.195,0.029,0,0,0.194,0.182,0.172,0.175,0.219,0.196,0.246,0.032,0,0.037,0.227,0.263,0.31,0.249,0.236,0.258,0.249,0.245,0.243,0.315,0.193,0.315,0,0.234,0.238,0.199,0.314,0.31,0.245,0.31,0.248,0.248,0.033,0.281,0.235,0.263,0,0.032,0,0.034,0,0,0.158,0.148,0.029,0.03,0.235,0.292,0.202,0.201,0.226,0.211,0,0.255,0,0.245,0.25,0.213,0.247,0,0.03,0.029,0.245,0.245,0.227,0.236,0.224,0.028,0.029,0.234,0.028,0.196,0.225,0.243,0.232,0.193,0.181,0.218,0.202,0.236,0.227,0.213,0.234,0.167,0.16,0.217,0.198,0.224,0.196,0.029,0,0,0.032,0.038,0.036,0,0.177,0.244,0.245,0.194,0.198,0.027,0.254,0.032,0.235,0.222,0.226,0.224,0.462,0.294,0.412,0.342,0.704,0,0.49,0.2,0.22,0.221,0.994,0.381,0.224,0.415,0.477,0.702,0.818,0.226,0.224,0.207,0.286,0.722,0.024,0.024,0.031,0.028,0.025,0.026,0.03,0.023,0.023,0.024,0,0.031,0.023,0,0.032,0.025,0,0,0,0.226,0.215,0.242,0,0.215,0.22,0.02,0.163,0.023,0.027,0.027,0.027,0.023,0.028,0.024,0.229,0.246,0.212,0.148,0.145,0.205,0.187,0.256,0.159,0.155,0.244,0.238,0.16,0.205,0,0.147,0.205,0.178,0.246,0.197,0.175,0.214,0.191,0.229,0.031,0.028,0.03,0.025,0.02,0.031,0.029,0.026,0.031,0.025,0.025,0.03,0.031,0.032,0.031,0,0,0.317,0.285,0.461,0.306,0,0.16,0.145,0.034,0.023,0.032,0.023,0.022,0.029,0,0.327,0.293,0.187,0,0,0,0.389,0.386,0.282,0.348,0.207,0,0.207,0.191,0.233,0.03,0,0,0.035,0.035,0.261,0.025,0.218,0.197,0.025,0.023,0.262,0.175,0.148,0.123,0.034,0.201,0.193,0.187,0,0,0.195,0.018,0.035,0.304,0.324,0.466,0.219,0,0.022,0.029,0.588,0.866,0.236,0.23,0.258,0.224,0.264,0.253,0.235,0.342,0.349,0.34,0.328,0.163,0.218,0.17,0.682,0.19,0.263,0,0.315,0.263,0.515,0.211,0.029,0.018,0.025,0.224,0.193,0.034,0.261,0,0,0.026,0.229,0.203,0.215,0.258,0.196,0.187,0.175,0.232,0.215,0.258,0.187,0.181,0.023,0.022,0.029,0.033,0.201,0.217,0.202,0.192,0.031,0.023,0.031,0.026,0.208,0.194,0.171,0.173,0.026,0.025,0.027,0.022,0.217,0.167,0.026,0.029,0.026,0.03,0.023,0.202,0.029,0.024,0.033,0,0.031,0.036,0.036,0.031,0.023,0.037,0.335,0.236,0.229,0.206,0.402,0.286,0.246,0,0,0,0,0,0.025,0.159,0.027,0.88,0.033,0.028,0.026,0,0,0.639,0.175,0.701,0,0.028,0.028,0.2,0.625,0.214,0.167,0.28,0,0.92,0.808,0.703,0.463,0.637,0.028,0.893,0.841,0,0,0.743,0.207,0.649,0.62,0.927,0.25,0.168,0.463,0.612,0.195,0.17,0.17
GO:0048513,0,0,0,0,0,0,0,0,0,0,0,0,0,0,0,0,0,0,0,0,0,0,0,0,0,0,0,0,0,0,0,0,0,0,0,0,0,0,0,0,0,0,0,0,0,0,0,0,0,0,0,0,0,0,0,0,0,0,0,0,0,0,0,0,0,0,0,0,0,0,0,0,0,0,0,0,0,0,0,0,0,0,0,0,0,0,0,0,0,0,0,0,0,0,0,0,0,0,0,0,0,0,0,0,0,0,0,0,0,0,0,0,0,0,0,0,0,0,0,0,0,0,0,0,0,0,0,0,0,0,0,0,0,0,0,0,0,0,0,0,0,0,0,0,0,0,0,0,0,0,0,0,0,0,0,0.548,0.605,0.736,0.531,0.871,0.496,0,0.577,0,0,0,0.381,0.983,0.548,0.534,0.629,0.497,0.452,0,0,0,0.714,0.441,0,0,0,0,0,0,0,0,0,0,0,0,0,0,0,0,0,0,0,0,0,0,0,0,0,0,0,0,0,0,0,0,0,0,0,0,0,0,0,0,0,0,0,0,0,0,0,0,0,0,0,0,0,0,0,0,0,0,0,0,0,0,0,0,0,0,0,0,0,0,0,0,0,0,0,0.395,0.351,0.347,0.379,0,0,0,0,0,0,0,0,0,0,0.409,0.362,0,0,0,0,0.497,0.493,0.347,0.439,0,0,0,0,0,0,0,0,0,0,0.284,0,0,0,0,0,0,0,0,0,0,0,0,0,0,0,0,0,0,0.377,0.404,0.351,0,0,0,0,0.405,0.327,0,0,0,0,0,0,0.575,0.87,0.44,0.427,0.411,0,0,0,0.368,0,0,0,0.392,0.321,0.392,0,0,0,0,0,0,0,0.284,0,0,0,0,0,0,0,0,0,0,0,0,0,0,0,0,0,0,0,0,0,0,0,0,0,0,0,0,0,0,0,0,0,0,0,0,0,0,0,0,0,0,0,0,0,0,0,0,0,0,0,0,0,0,0,0,0,0.515,0.353,0.605,0,0,0,0,0,0,0,0,0.374,0,0,0,0,0,0.499,0,0.426,0,0,0,0,0.487,0,0,0,0,0.35,0.341,0.293,0.271,0.497,0,0.381,0.356,0,0,0.405,0,0.391,0.372,0.396,0.304,0,0.271,0.742,0,0,0
GO:0048592,0,0,0,0,0,0,0,0,0,0,0,0,0,0,0,0,0,0,0,0,0,0,0,0,0,0,0,0,0,0,0,0,0,0,0,0,0,0,0,0,0,0,0,0,0,0,0,0,0,0,0,0,0,0,0,0,0,0,0,0,0,0,0,0,0,0,0,0,0,0,0,0,0,0,0,0,0,0,0,0,0,0,0,0,0,0,0,0,0,0,0,0,0,0,0,0,0,0,0,0,0,0,0,0,0,0,0,0,0,0,0,0,0,0,0,0,0,0,0,0,0,0,0,0,0,0,0,0,0,0,0,0,0,0,0,0,0,0,0,0,0,0,0,0,0,0,0,0,0,0,0,0,0,0,0,1,0.347,0.784,0.47,0.65,0.26,0.251,0.28,0,0,0,0.224,0.548,1,0.464,0.31,0.26,0.247,0.217,0,0,0.808,0.292,0,0,0,0,0,0,0,0,0,0,0,0,0,0,0,0,0,0,0,0,0,0,0,0,0,0,0,0,0,0,0,0,0,0,0,0,0,0,0,0,0,0,0,0,0,0,0,0,0,0,0,0,0,0,0,0,0,0,0,0,0,0,0,0,0,0,0,0,0,0,0,0,0,0,0,0.397,0.369,0.367,0.388,0,0,0,0,0,0,0,0,0,0,0.406,0.228,0,0,0,0,0.313,0.312,0.367,0.256,0,0,0,0,0,0,0,0,0,0,0.187,0,0,0,0,0,0,0,0,0,0,0,0,0,0,0,0,0,0,0.386,0.278,0.369,0,0,0,0,0.232,0.204,0,0,0,0,0,0,0.5,0.511,0.424,0.416,0.407,0,0,0,0.22,0.194,0,0,0.239,0.349,0.395,0,0,0,0,0,0,0,0.187,0,0,0,0,0,0,0,0,0,0,0,0,0,0,0,0,0,0,0,0,0,0,0,0,0,0,0,0,0,0,0,0,0,0,0,0,0,0,0,0,0,0,0,0,0,0,0.217,0,0,0,0,0,0,0,0,0,0,0.455,0.364,0.407,0.218,0.186,0.18,0.176,0.188,0,0,0,0.232,0,0,0,0,0,0.447,0,0.416,0,0,0,0,0.441,0,0,0,0,0.213,0.356,0.322,0.311,0.446,0,0.381,0.366,0.214,0.188,0.232,0.205,0.388,0.376,0.241,0.203,0,0.305,0.59,0,0,0
GO:0048731,0,0,0,0,0,0,0,0,0,0,0,0,0,0,0,0,0,0,0,0,0,0,0,0,0,0,0,0,0,0,0,0,0,0,0,0,0,0,0,0,0,0,0,0,0,0,0,0,0,0,0,0,0,0,0,0,0,0,0,0,0,0,0,0,0,0,0,0,0,0,0,0,0,0,0,0,0,0,0,0,0,0,0,0,0,0,0,0,0,0,0,0,0,0,0,0,0,0,0,0,0,0,0,0,0,0,0,0,0,0,0,0,0,0,0,0,0,0,0,0,0,0,0,0,0,0,0,0,0,0,0,0,0,0,0,0,0,0,0,0,0,0,0,0,0,0,0,0,0,0,0,0,0,0,0,0.464,0.779,0.39,0.589,0.468,0.554,0.6,0.657,0,0,0,0.415,0.534,0.464,0.965,0.713,0.555,0.499,0.438,0,0,0.378,0.548,0,0,0,0,0,0,0,0,0,0,0,0,0,0,0,0,0,0,0,0,0,0,0,0,0,0,0,0,0,0,0,0,0,0,0,0,0,0,0,0,0,0,0,0,0,0,0,0,0,0,0,0,0,0,0,0,0,0,0,0,0,0,0,0,0,0,0,0,0,0,0,0,0,0,0,0.487,0.428,0.424,0.408,0,0,0,0,0,0,0,0,0,0,0.505,0.388,0,0,0,0,0.625,0.619,0.424,0.478,0,0,0,0,0,0,0,0,0,0,0.302,0,0,0,0,0,0,0,0,0,0,0,0,0,0,0,0,0,0,0.462,0.499,0.428,0,0,0,0,0.442,0.351,0,0,0,0,0,0,0.343,0.468,0.547,0.464,0.445,0,0,0,0.399,0.352,0,0,0.423,0.39,0.483,0,0,0,0,0,0,0,0.302,0,0,0,0,0,0,0,0,0,0,0,0,0,0,0,0,0,0,0,0,0,0,0,0,0,0,0,0,0,0,0,0,0,0,0,0,0,0,0,0,0,0,0,0,0,0,0.438,0,0,0,0,0,0,0,0,0,0,0.926,0.614,0.515,0.439,0.328,0.309,0.298,0.332,0,0,0,0.402,0,0,0,0,0,0.894,0,0.463,0,0,0,0,0.87,0,0,0,0,0.378,0.591,0.503,0.464,0.89,0,0.666,0.619,0.425,0.332,0.443,0.391,0.686,0.649,0.428,0.323,0,0.464,0.394,0,0,0
GO:0048856,0,0,0,0,0,0,0,0,0,0,0,0,0,0,0,0,0,0,0,0,0,0,0,0,0,0,0,0,0,0,0,0,0,0,0,0,0,0,0,0,0,0,0,0,0,0,0,0,0,0,0,0,0,0,0,0,0,0,0,0,0,0,0,0,0,0,0,0,0,0,0,0,0,0,0,0,0,0,0,0,0,0,0,0,0,0,0,0,0,0,0,0,0,0,0,0,0,0,0,0,0,0,0,0,0,0,0,0,0,0,0,0,0,0,0,0,0,0,0,0,0,0,0,0,0,0,0,0,0,0,0,0,0,0,0,0,0,0,0,0,0,0,0,0,0,0,0,0,0,0,0,0,0,0,0,0.31,0.845,0.438,0.706,0.539,0.671,0,0.83,0,0,0,0.477,0.629,0.31,0.713,0.892,0.673,0.592,0,0,0,0.423,0.555,0,0,0,0,0,0,0,0,0,0,0,0,0,0,0,0,0,0,0,0,0,0,0,0,0,0,0,0,0,0,0,0,0,0,0,0,0,0,0,0,0,0,0,0,0,0,0,0,0,0,0,0,0,0,0,0,0,0,0,0,0,0,0,0,0,0,0,0,0,0,0,0,0,0,0,0.485,0.42,0.415,0.461,0,0,0,0,0,0,0,0,0,0,0.506,0.436,0,0,0,0,0.648,0.641,0.415,0.552,0,0,0,0,0,0,0,0,0,0,0.333,0,0,0,0,0,0,0,0,0,0,0,0,0,0,0,0,0,0,0.457,0.498,0.42,0,0,0,0,0.514,0.395,0,0,0,0,0,0,0.328,0.538,0.554,0.534,0.508,0,0,0,0.457,0,0,0,0.48,0.378,0.48,0,0,0,0,0,0,0,0.333,0,0,0,0,0,0,0,0,0,0,0,0,0,0,0,0,0,0,0,0,0,0,0,0,0,0,0,0,0,0,0,0,0,0,0,0,0,0,0,0,0,0,0,0,0,0,0,0,0,0,0,0,0,0,0,0,0,0.679,0.423,0.348,0,0,0,0,0,0,0,0,0.454,0,0,0,0,0,0.651,0,0.532,0,0,0,0,0.63,0,0,0,0,0.429,0.405,0.339,0.31,0.648,0,0.463,0.427,0,0,0.515,0,0.479,0.45,0.487,0.355,0,0.31,0.443,0,0,0
GO:0048869,0,0.048,0,0.081,0.052,0,0.048,0,0.065,0,0.049,0,0.042,0,0.06,0,0,0,0.053,0.055,0.055,0.057,0.055,0.054,0,0.053,0,0,0,0.037,0,0.038,0,0.039,0,0.044,0,0,0,0,0,0,0,0,0,0.037,0,0,0,0,0,0,0,0,0.034,0.042,0,0.051,0,0.037,0.045,0,0.032,0,0,0.033,0.033,0.046,0,0.046,0,0.032,0.032,0,0.046,0.045,0.033,0.045,0.034,0.034,0.044,0.04,0.032,0.037,0,0.042,0,0.046,0,0,0,0,0.038,0.04,0.032,0.042,0,0,0,0,0,0.035,0,0.033,0.034,0,0.034,0,0.039,0.038,0.033,0.033,0.03,0.032,0.03,0.035,0.037,0.032,0.036,0.025,0.03,0.033,0.031,0.025,0.023,0.029,0.026,0.032,0.03,0.028,0.032,0,0,0.029,0.026,0.03,0.025,0.037,0,0,0.042,0.053,0.051,0,0,0.033,0.033,0,0,0.034,0.035,0.042,0.032,0.029,0.03,0.26,0.642,0.358,0.55,0.433,0.95,0,0.698,0,0.029,0.029,0.702,0.497,0.26,0.555,0.673,0.952,0.522,0,0.03,0,0.347,0.444,0.03,0.03,0.04,0.036,0.031,0.033,0.038,0.029,0.029,0.029,0,0.041,0.028,0,0.043,0.03,0,0,0,0.03,0,0.033,0,0.028,0.029,0.023,0.02,0.027,0.034,0.034,0.034,0.028,0.036,0.03,0.031,0.034,0.028,0,0,0.027,0.024,0.035,0,0,0.033,0.032,0,0.027,0,0,0.027,0.023,0.033,0.026,0.022,0.028,0.025,0.031,0.041,0.036,0.04,0.031,0.024,0.041,0.037,0.033,0.041,0.032,0.031,0.04,0.041,0.042,0.04,0,0,0.393,0.344,0.555,0.376,0,0,0,0.046,0.028,0.042,0.027,0.027,0.037,0,0.408,0.357,0.024,0,0,0,0.51,0.505,0.34,0.442,0,0,0,0,0.031,0.039,0,0,0.048,0.048,0.31,0.032,0.029,0.026,0.032,0.029,0.036,0.022,0,0,0.046,0.026,0.025,0.024,0,0,0.025,0.021,0.048,0.373,0.403,0.561,0.029,0,0.027,0.038,0.751,0.591,0.032,0.031,0.036,0.03,0.037,0.035,0.274,0.432,0.443,0.429,0.41,0.02,0.029,0.021,0.414,0,0.036,0,0.389,0.313,0.635,0.028,0.037,0.02,0.032,0.03,0.025,0.046,0.31,0,0,0.032,0.031,0.027,0.028,0.036,0.025,0.024,0.022,0.031,0.028,0.036,0.024,0.023,0.027,0.026,0.038,0.044,0.026,0.029,0.026,0.025,0.041,0.028,0.04,0.033,0.027,0.025,0,0,0.033,0.031,0.034,0.027,0.029,0,0.032,0.037,0.033,0.04,0.028,0.026,0.037,0.029,0.045,0,0.041,0.049,0.049,0.04,0.028,0.052,0.05,0.032,0.031,0.027,0.532,0.347,0.289,0,0,0,0,0,0.03,0.03,0.034,0.603,0.045,0.036,0.033,0,0,0.835,0.022,0.428,0,0.036,0.036,0.026,0.811,0.028,0.032,0.04,0,0.637,0.543,0.461,0.26,0.831,0.036,0.614,0.57,0,0,0.461,0,0.389,0.367,0.643,0.295,0,0.26,0.362,0.025,0.021,0.021
GO:0050793,0,0,0,0,0,0.328,0.313,0,0,0,0,0.295,0.274,0.397,0.379,0,0.361,0,0,0,0,0,0,0,0,0,0,0,0.268,0.246,0.264,0.254,0.254,0.259,0.308,0.291,0.264,0.315,0.259,0.326,0.316,0,0,0.228,0.231,0,0,0,0.226,0.209,0.199,0.203,0.259,0.227,0.226,0,0,0,0.271,0.244,0.298,0.303,0.215,0.316,0.302,0.224,0.223,0.303,0.224,0.303,0,0.214,0.217,0.232,0.301,0.298,0.224,0.298,0.228,0.228,0,0.264,0.214,0.244,0,0,0,0,0,0,0.178,0.166,0,0,0.215,0.277,0.236,0.234,0.269,0.249,0,0.235,0,0.225,0.23,0.252,0.227,0,0,0,0.225,0.225,0.206,0.215,0.202,0,0,0.213,0,0.175,0.204,0.222,0.211,0.171,0.16,0.196,0.181,0.215,0.206,0.192,0.213,0.193,0.183,0.195,0.177,0.202,0.175,0,0,0,0,0,0,0,0.207,0.224,0.225,0.225,0.231,0,0.235,0,0.214,0.2,0.205,0.247,0.569,0.334,0.495,0.398,0.522,0,0.612,0.233,0.198,0.199,0.818,0.452,0.247,0.499,0.592,0.522,0.976,0.27,0.203,0.248,0.324,0.843,0,0,0,0,0,0,0,0,0,0,0,0,0,0,0,0,0,0,0,0.204,0.254,0.221,0,0.193,0.198,0,0.142,0,0,0,0,0,0,0,0.208,0.226,0.19,0.166,0.162,0.183,0.166,0.237,0.182,0.177,0.223,0.217,0.184,0.183,0,0.166,0.183,0.157,0.225,0.176,0.153,0.192,0.169,0.208,0,0,0,0,0,0,0,0,0,0,0,0,0,0,0,0,0,0.364,0.322,0.319,0.349,0,0.181,0.162,0,0,0,0,0,0,0,0.377,0.333,0.166,0,0,0,0.462,0.458,0.319,0.406,0.243,0,0.242,0.221,0.212,0,0,0,0,0,0.292,0,0.196,0.176,0,0,0.243,0.153,0.168,0.137,0,0.179,0.171,0.166,0,0,0.174,0,0,0.347,0.373,0.322,0.197,0,0,0,0.421,0.698,0.215,0.209,0.239,0.202,0.245,0.234,0.26,0.398,0.407,0.395,0.379,0.142,0.197,0.149,0.789,0.219,0.244,0,0.361,0.294,0.361,0.189,0,0,0,0.202,0.171,0,0.292,0,0,0,0.208,0.181,0.193,0.239,0.175,0.166,0.153,0.212,0.193,0.239,0.166,0.16,0,0,0,0,0.179,0.196,0.18,0.17,0,0,0,0,0.186,0.173,0.199,0.201,0,0,0,0,0.196,0.193,0,0,0,0,0,0.18,0,0,0,0,0,0,0,0,0,0,0.326,0.215,0.208,0.184,0.48,0.324,0.273,0,0,0,0,0,0,0.183,0,0.711,0,0,0,0,0,0.464,0.153,0.814,0,0,0,0.178,0.452,0.193,0.193,0.263,0,0.748,0.645,0.552,0.51,0.462,0,0.723,0.675,0,0,0.871,0.242,0.745,0.706,0.754,0.278,0.195,0.51,0.696,0.174,0.149,0.149
GO:0051239,0,0,0,0,0,0.326,0.311,0,0,0,0,0.293,0.273,0.394,0.376,0,0.358,0,0,0,0,0,0,0,0,0,0,0,0.266,0.245,0.263,0.253,0.253,0.258,0.306,0.289,0.262,0.313,0.257,0.323,0.314,0,0,0.226,0.23,0,0,0,0.225,0.208,0.199,0.202,0.257,0.226,0.225,0,0,0,0.269,0.243,0.296,0.301,0.214,0.314,0.3,0.223,0.222,0.301,0.223,0.301,0,0.213,0.216,0.231,0.299,0.296,0.223,0.296,0.227,0.227,0,0.263,0.213,0.243,0,0,0,0,0,0,0.177,0.165,0,0,0.214,0.275,0.234,0.233,0.268,0.247,0,0.234,0,0.224,0.229,0.25,0.226,0,0,0,0.224,0.224,0.205,0.214,0.201,0,0,0.212,0,0.174,0.203,0.221,0.21,0.171,0.159,0.196,0.18,0.214,0.205,0.191,0.212,0.192,0.182,0.195,0.176,0.201,0.174,0,0,0,0,0,0,0,0.206,0.223,0.224,0.224,0.23,0,0.233,0,0.213,0.199,0.204,0.217,0.498,0,0,0,0,0.554,0,0.232,0.198,0.199,0.226,0,0.217,0.438,0,0,0.27,0.977,0.202,0.247,0,0.849,0,0,0,0,0,0,0,0,0,0,0,0,0,0,0,0,0,0,0,0.204,0.253,0.22,0,0.193,0.198,0,0.141,0,0,0,0,0,0,0,0.207,0.225,0.189,0.165,0.161,0.183,0.165,0.235,0.181,0.177,0.222,0.216,0.183,0.183,0,0.165,0.183,0.156,0.224,0.175,0.153,0.191,0.168,0.207,0,0,0,0,0,0,0,0,0,0,0,0,0,0,0,0,0,0.32,0.283,0.28,0,0,0.18,0.161,0,0,0,0,0,0,0,0.331,0,0.165,0,0,0,0.406,0.402,0.28,0,0.242,0,0.241,0.22,0.211,0,0,0,0,0,0.257,0,0.195,0.175,0,0,0.242,0.153,0.168,0.136,0,0.178,0.171,0.165,0,0,0.173,0,0,0.305,0.327,0.283,0.196,0,0,0,0,0.193,0.214,0.208,0.238,0.201,0.244,0.233,0.228,0,0.357,0,0,0.141,0.196,0.148,0.218,0.796,0.243,0,0,0.259,0.317,0.189,0,0,0,0.201,0.171,0,0,0,0,0,0.207,0.181,0.193,0.238,0.174,0.165,0.153,0.211,0.192,0.238,0.165,0.159,0,0,0,0,0.178,0.195,0.179,0.17,0,0,0,0,0.186,0.172,0.198,0.2,0,0,0,0,0.195,0.192,0,0,0,0,0,0.179,0,0,0,0.412,0,0,0,0,0,0,0.324,0.214,0.207,0.183,0.421,0.285,0.24,0.414,0.313,0.296,0.286,0.317,0,0.182,0,0.197,0,0,0,0,0,0.407,0.153,0.225,0,0,0,0.178,0.397,0.192,0.192,0.261,0,0.207,0.275,0.235,0.515,0.406,0,0.729,0.681,0.401,0.317,0.241,0.879,0.751,0.712,0.209,0,0.194,0.515,0.193,0.173,0.148,0.148
GO:0060548,0,0.031,0,0.042,0.033,0.234,0.286,0,0.037,0,0.031,0.639,0.719,0.267,0.327,0,0.241,0,0.033,0.034,0.034,0.034,0.034,0.033,0,0.033,0,0,0.201,0.239,0.199,0.245,0.193,0.249,0.223,0.271,0.199,0.227,0.196,0.232,0.227,0,0,0.173,0.175,0.026,0,0,0.177,0.166,0.156,0.158,0.196,0.177,0.224,0.028,0,0.032,0.6,0.658,0.275,0.221,0.215,0.228,0.22,0.222,0.92,0.279,0.176,0.279,0,0.891,0.902,0.181,0.278,0.275,0.222,0.275,0.225,0.225,0.029,0.252,0.214,0.237,0,0.028,0,0.03,0,0,0.146,0.138,0.026,0.027,0.595,0.261,0.54,0.537,0.598,0.562,0,0.639,0,0.617,0.628,0.568,0.621,0,0.027,0.026,0.617,0.617,0.575,0.215,0.205,0.801,0.83,0.214,0.819,0.182,0.206,0.221,0.212,0.179,0.169,0.2,0.187,0.215,0.208,0.196,0.214,0.152,0.146,0.199,0.183,0.205,0.757,0.026,0,0,0.028,0.033,0.032,0,0.161,0.614,0.617,0.521,0.531,0.024,0.23,0.028,0.214,0.203,0.207,0,0,0,0,0,0.03,0,0,0.181,0.979,0.983,0.224,0,0,0,0,0.03,0.203,0.202,0.998,0.185,0,0.182,0.022,0.022,0.027,0.026,0.023,0.024,0.027,0.022,0.022,0.022,0,0.028,0.021,0,0.028,0.022,0,0,0,0.86,0.194,0.22,0,0.823,0.84,0.018,0.635,0.021,0.024,0.024,0.025,0.021,0.025,0.022,0.579,0.224,0.539,0.138,0.135,0.189,0.482,0.232,0.145,0.142,0.221,0.601,0.147,0.189,0,0.135,0.189,0.461,0.223,0.183,0.452,0.196,0.49,0.579,0.028,0.025,0.027,0.023,0.019,0.028,0.026,0.024,0.028,0.023,0.023,0.027,0.028,0.028,0.027,0,0,0,0,0.02,0,0,0.148,0.399,0.03,0.021,0.028,0.021,0.02,0.026,0,0,0,0.482,0,0,0,0,0,0,0,0.187,0,0.187,0.174,0.589,0.027,0,0,0.031,0.031,0,0.023,0.2,0.183,0.023,0.021,0.236,0.163,0.136,0.115,0.03,0.186,0.179,0.174,0,0,0.181,0.017,0.031,0,0,0.021,0.2,0,0.021,0.026,0.025,0.548,0.596,0.21,0.233,0.568,0.238,0.229,0,0,0,0,0,0.152,0.2,0.159,0.51,0.51,0.237,0,0,0,0.023,0.194,0.026,0.016,0.023,0.205,0.179,0.03,0,0,0,0.023,0.58,0.187,0.547,0.233,0.182,0.482,0.163,0.212,0.197,0.233,0.174,0.467,0.021,0.02,0.026,0.029,0.186,0.553,0.186,0.493,0.028,0.021,0.027,0.024,0.192,0.499,0.156,0.157,0.024,0.023,0.024,0.02,0.553,0.152,0.024,0.026,0.024,0.027,0.021,0.186,0.026,0.022,0.03,0,0.028,0.031,0.031,0.027,0.021,0.032,0.294,0.215,0.209,0.19,0,0,0,0,0,0,0,0,0.022,0.146,0.024,0.201,0.029,0.025,0.024,0,0,0.027,0.163,0.177,0,0.026,0.025,0.185,0.027,0.197,0.152,0.251,0,0.209,0.186,0.163,0.121,0.027,0.025,0.204,0.192,0,0,0.186,0.187,0.165,0.158,0.21,0,0.153,0.121,0.156,0.879,0.663,0.773
GO:0065008,0,0,0,0,0,0.302,0.288,0,0,0,0,0.271,0.251,0.369,0.351,0,0.376,0,0,0,0,0,0,0,0,0,0,0,0.245,0.225,0.242,0.232,0.232,0.237,0.283,0.267,0.241,0.29,0.236,0.3,0.291,0,0,0.234,0.237,0,0,0,0.206,0.19,0.204,0.208,0.237,0.207,0.206,0,0,0,0.248,0.223,0.273,0.278,0.196,0.291,0.278,0.205,0.203,0.278,0.204,0.278,0,0.194,0.198,0.212,0.276,0.273,0.204,0.273,0.208,0.208,0,0.242,0.195,0.223,0,0,0,0,0,0,0.161,0.15,0,0,0.195,0.253,0.215,0.214,0.247,0.227,0,0.215,0,0.205,0.21,0.23,0.207,0,0,0,0.205,0.205,0.187,0.196,0.184,0,0,0.194,0,0.158,0.185,0.203,0.192,0.155,0.144,0.178,0.164,0.196,0.187,0.174,0.194,0.197,0.187,0.177,0.16,0.184,0.158,0,0,0,0,0,0,0,0.212,0.204,0.205,0.205,0.21,0,0.214,0,0.195,0.182,0.187,0,0,0,0,0,0,0,0,0.213,0.18,0.181,0.207,0,0,0,0,0,0.248,0.247,0.185,0.971,0,0.213,0,0,0,0,0,0,0,0,0,0,0,0,0,0,0,0,0,0,0,0.186,0.233,0.202,0,0.176,0.18,0,0.128,0,0,0,0,0,0,0,0.189,0.206,0.172,0.15,0.147,0.166,0.15,0.216,0.186,0.181,0.203,0.198,0.188,0.166,0,0.169,0.166,0.142,0.205,0.159,0.139,0.175,0.153,0.189,0,0,0,0,0,0,0,0,0,0,0,0,0,0,0,0,0,0,0,0,0,0,0.164,0.147,0,0,0,0,0,0,0,0,0,0.15,0,0,0,0,0,0,0,0.222,0,0.221,0.201,0.193,0,0,0,0,0,0,0,0.178,0.159,0,0,0.222,0.139,0.652,0.528,0,0.162,0.155,0.15,0,0,0.157,0,0,0,0,0,0.179,0,0,0,0,0.176,0.196,0.19,0.218,0.184,0.224,0.213,0,0,0,0,0,0.128,0.179,0.135,0.199,0.2,0.223,0,0,0,0,0.172,0,0,0,0.184,0.155,0,0,0,0,0,0.189,0.165,0.176,0.218,0.158,0.15,0.139,0.192,0.175,0.218,0.15,0.144,0,0,0,0,0.162,0.178,0.163,0.154,0,0,0,0,0.169,0.156,0.203,0.206,0,0,0,0,0.178,0.197,0,0,0,0,0,0.163,0,0,0,0,0,0,0,0,0,0,0.3,0.196,0.189,0.167,0,0,0,0,0,0,0,0,0,0.71,0,0.179,0,0,0,0,0,0,0.139,0.206,0,0,0,0.162,0,0.175,0.751,0.24,0,0.189,0.162,0.139,0.128,0,0,0.183,0.17,0,0,0.221,0.221,0.188,0.178,0.191,0,0.756,0.128,0.176,0.157,0.135,0.135
GO:0090596,0,0,0,0,0,0,0,0,0,0,0,0,0,0,0,0,0,0,0,0,0,0,0,0,0,0,0,0,0,0,0,0,0,0,0,0,0,0,0,0,0,0,0,0,0,0,0,0,0,0,0,0,0,0,0,0,0,0,0,0,0,0,0,0,0,0,0,0,0,0,0,0,0,0,0,0,0,0,0,0,0,0,0,0,0,0,0,0,0,0,0,0,0,0,0,0,0,0,0,0,0,0,0,0,0,0,0,0,0,0,0,0,0,0,0,0,0,0,0,0,0,0,0,0,0,0,0,0,0,0,0,0,0,0,0,0,0,0,0,0,0,0,0,0,0,0,0,0,0,0,0,0,0,0,0,0.769,0.412,0.975,0.622,0.83,0.346,0,0.384,0,0,0,0.286,0.714,0.808,0.378,0.423,0.347,0.324,0,0,0,0.999,0.328,0,0,0,0,0,0,0,0,0,0,0,0,0,0,0,0,0,0,0,0,0,0,0,0,0,0,0,0,0,0,0,0,0,0,0,0,0,0,0,0,0,0,0,0,0,0,0,0,0,0,0,0,0,0,0,0,0,0,0,0,0,0,0,0,0,0,0,0,0,0,0,0,0,0,0,0.5,0.456,0.453,0.485,0,0,0,0,0,0,0,0,0,0,0.513,0.283,0,0,0,0,0.359,0.356,0.453,0.327,0,0,0,0,0,0,0,0,0,0,0.227,0,0,0,0,0,0,0,0,0,0,0,0,0,0,0,0,0,0,0.482,0.308,0.456,0,0,0,0,0.299,0.254,0,0,0,0,0,0,0.6,0.652,0.543,0.53,0.515,0,0,0,0.279,0,0,0,0.3,0.426,0.497,0,0,0,0,0,0,0,0.227,0,0,0,0,0,0,0,0,0,0,0,0,0,0,0,0,0,0,0,0,0,0,0,0,0,0,0,0,0,0,0,0,0,0,0,0,0,0,0,0,0,0,0,0,0,0,0,0,0,0,0,0,0,0,0,0,0,0.368,0.277,0.491,0,0,0,0,0,0,0,0,0.29,0,0,0,0,0,0.36,0,0.53,0,0,0,0,0.353,0,0,0,0,0.268,0.269,0.239,0.37,0.359,0,0.294,0.279,0,0,0.299,0,0.3,0.288,0.303,0.246,0,0.224,0.735,0,0,0
GO:2000026,0,0,0,0,0,0.275,0.265,0,0,0,0,0.252,0.236,0.322,0.31,0,0.292,0,0,0,0,0,0,0,0,0,0,0,0.232,0.215,0.229,0.221,0.221,0.225,0.261,0.249,0.228,0.266,0.225,0.273,0.267,0,0,0.198,0.2,0,0,0,0.199,0.186,0.176,0.179,0.225,0.201,0.2,0,0,0,0.234,0.214,0.253,0.257,0.191,0.267,0.257,0.198,0.197,0.257,0.198,0.257,0,0.19,0.193,0.205,0.256,0.253,0.198,0.253,0.201,0.201,0,0.229,0.19,0.214,0,0,0,0,0,0,0.161,0.151,0,0,0.191,0.238,0.207,0.206,0.233,0.217,0,0.207,0,0.199,0.203,0.219,0.2,0,0,0,0.199,0.199,0.184,0.191,0.181,0,0,0.19,0,0.159,0.182,0.197,0.188,0.156,0.146,0.176,0.163,0.191,0.184,0.172,0.19,0.171,0.164,0.175,0.16,0.181,0.159,0,0,0,0,0,0,0,0.182,0.198,0.199,0.199,0.203,0,0.206,0,0.19,0.179,0.183,0.292,0.613,0.338,0.477,0.395,0.444,0.46,0.508,0.205,0.178,0.179,0.722,0.441,0.292,0.548,0.555,0.444,0.843,0.849,0.182,0.213,0.328,0.993,0,0,0,0,0,0,0,0,0,0,0,0,0,0,0,0,0,0,0,0.183,0.221,0.196,0,0.174,0.178,0,0.131,0,0,0,0,0,0,0,0.185,0.2,0.171,0.151,0.148,0.166,0.151,0.208,0.163,0.159,0.197,0.193,0.164,0.166,0,0.15,0.166,0.144,0.199,0.159,0.141,0.173,0.154,0.185,0,0,0,0,0,0,0,0,0,0,0,0,0,0,0,0,0,0.416,0.373,0.369,0.351,0,0.163,0.148,0,0,0,0,0,0,0,0.429,0.336,0.151,0,0,0,0.513,0.509,0.369,0.401,0.213,0,0.212,0.196,0.189,0,0,0,0,0,0.266,0,0.176,0.159,0,0,0.213,0.141,0.152,0.125,0,0.162,0.156,0.151,0,0,0.158,0,0,0.398,0.425,0.373,0.177,0,0,0,0.369,0.627,0.191,0.186,0.21,0.181,0.215,0.206,0.306,0.394,0.459,0.392,0.378,0.131,0.176,0.137,0.699,0.708,0.213,0,0.362,0.344,0.413,0.171,0,0,0,0.181,0.156,0,0.266,0,0,0,0.185,0.164,0.174,0.21,0.159,0.151,0.141,0.188,0.173,0.21,0.151,0.146,0,0,0,0,0.162,0.176,0.163,0.155,0,0,0,0,0.168,0.157,0.176,0.178,0,0,0,0,0.176,0.171,0,0,0,0,0,0.163,0,0,0,0.358,0,0,0,0,0,0,0.274,0.191,0.185,0.166,0.53,0.375,0.321,0.359,0.281,0.267,0.259,0.284,0,0.163,0,0.637,0,0,0,0,0,0.515,0.141,0.719,0,0,0,0.162,0.504,0.173,0.171,0.228,0,0.667,0.584,0.507,0.631,0.513,0,0.867,0.815,0.349,0.284,0.763,0.774,0.89,0.848,0.672,0.286,0.173,0.631,0.626,0.158,0.137,0.137
GO:0000724,0.245,0.03,0.17,0.041,0.032,0.142,0.197,0.267,0.235,0.22,0.543,0,0.028,0,0.035,0.354,0,0.197,0.033,0.416,0.409,0.376,0.411,0.446,0.404,0.458,0,0.23,0.122,0.361,0.2,0.026,0,0.171,0,0.029,0.278,0.207,0.179,0.233,0.184,0.244,0.228,0,0,0.026,0.274,0.307,0.178,0.167,0,0,0.197,0.179,0.339,0.383,0.243,0.435,0.123,0.164,0.402,0.134,0.325,0.228,0.221,0.024,0.024,0.373,0,0.192,0.227,0.023,0.023,0.253,0.405,0.402,0.418,0.402,0.155,0.155,0.029,0.027,0.023,0.025,0.582,0.692,0,0.03,0,0,0.147,0.139,0.355,0.366,0.314,0.381,0.111,0.183,0.203,0.191,0.185,0.159,0.187,0.325,0.304,0.175,0.328,0.192,0.379,0.366,0.325,0.325,0.391,0.171,0.163,0.025,0.026,0.148,0.025,0.145,0.142,0.152,0.146,0.143,0.256,0.303,0.283,0.148,0.166,0.156,0.148,0,0,0.159,0.146,0.31,0.276,0.026,0.146,0.233,0.494,0.209,0.349,0.172,0,0.335,0.024,0,0.251,0.024,0.025,0.028,0.023,0.022,0.022,0,0,0,0,0,0.03,0,0,0,0.022,0.022,0.024,0,0,0,0,0.03,0,0,0.022,0,0,0,0.998,0.997,0.74,0.833,0.956,0.91,0.784,0.021,0.021,0.022,0,0.027,0.021,0,0.028,0.022,0,0,0,0.022,0,0.024,0.189,0.021,0.022,0.259,0.232,0.282,0.33,0.328,0.333,0.289,0.025,0.022,0.022,0.024,0.021,0.139,0.136,0.287,0.264,0.025,0,0,0.024,0.023,0,0.02,0.231,0,0.02,0.018,0.024,0.02,0.018,0.021,0.019,0.317,0.178,0.341,0.472,0.397,0.325,0.305,0.174,0.325,0.177,0.154,0.312,0.299,0.177,0.31,0.301,0.132,0.198,0,0,0.02,0,0.169,0,0,0.406,0.285,0.384,0.281,0.275,0.349,0.138,0,0,0.019,0.295,0.274,0.252,0,0,0,0,0.114,0.135,0.188,0.175,0.023,0.36,0.178,0.142,0.377,0.374,0,0.023,0.303,0.277,0.314,0.291,0.163,0.239,0,0,0.406,0.272,0.262,0.255,0.122,0.187,0.265,0.233,0.38,0,0,0.02,0.022,0.274,0.28,0.026,0.025,0.021,0.023,0.023,0.341,0.022,0.32,0.336,0,0,0,0,0,0.016,0.293,0.233,0,0,0.347,0.274,0,0,0.022,0.294,0.026,0.232,0.023,0.022,0.271,0.406,0,0.37,0.246,0.327,0.022,0.02,0.021,0.341,0.02,0.019,0.018,0.311,0.289,0.341,0.019,0.018,0.021,0.02,0.026,0.029,0.02,0.138,0.129,0.123,0.028,0.021,0.027,0.024,0.132,0.124,0,0,0.023,0.022,0.024,0.02,0.138,0,0.023,0.026,0.024,0.027,0.021,0.02,0.026,0.022,0.029,0,0.206,0.2,0.2,0.027,0.021,0.032,0.444,0.326,0.317,0.288,0,0,0,0,0,0,0,0,0.022,0.022,0.024,0.022,0.187,0.025,0.174,0.197,0.174,0.027,0.018,0,0,0.025,0.025,0.02,0.027,0.52,0.023,0.379,0,0.022,0.02,0.018,0,0.027,0.025,0.022,0.021,0,0,0,0,0,0,0.023,0,0,0,0,0.274,0.241,0.241
GO:0000725,0.245,0.03,0.17,0.041,0.032,0.142,0.197,0.267,0.235,0.22,0.543,0,0.028,0,0.035,0.355,0,0.198,0.033,0.416,0.41,0.377,0.412,0.446,0.405,0.459,0,0.23,0.122,0.361,0.201,0.026,0,0.172,0,0.029,0.279,0.207,0.179,0.233,0.184,0.244,0.229,0,0,0.026,0.275,0.308,0.178,0.167,0,0,0.198,0.179,0.339,0.384,0.244,0.435,0.123,0.164,0.402,0.134,0.326,0.229,0.222,0.024,0.024,0.374,0,0.192,0.228,0.023,0.023,0.253,0.406,0.402,0.419,0.402,0.155,0.155,0.029,0.027,0.023,0.025,0.583,0.694,0,0.03,0,0,0.147,0.139,0.355,0.366,0.314,0.381,0.111,0.183,0.204,0.192,0.185,0.159,0.188,0.326,0.305,0.176,0.328,0.192,0.379,0.366,0.326,0.326,0.391,0.171,0.163,0.025,0.026,0.148,0.025,0.145,0.143,0.153,0.147,0.143,0.256,0.303,0.284,0.149,0.166,0.156,0.148,0,0,0.159,0.146,0.311,0.276,0.026,0.146,0.233,0.494,0.209,0.35,0.173,0,0.336,0.024,0,0.252,0.024,0.025,0.028,0.023,0.022,0.022,0,0,0,0,0,0.03,0,0,0,0.022,0.022,0.024,0,0,0,0,0.03,0,0,0.022,0,0,0,0.997,0.998,0.741,0.834,0.749,0.911,0.785,0.021,0.021,0.022,0,0.027,0.021,0,0.028,0.022,0,0,0,0.022,0,0.024,0.19,0.021,0.022,0.259,0.232,0.282,0.331,0.329,0.333,0.29,0.025,0.022,0.022,0.024,0.021,0.139,0.136,0.287,0.264,0.025,0,0,0.024,0.023,0,0.02,0.232,0,0.02,0.018,0.024,0.02,0.018,0.021,0.019,0.317,0.178,0.341,0.473,0.397,0.326,0.305,0.174,0.325,0.177,0.154,0.312,0.299,0.177,0.31,0.302,0.132,0.198,0,0,0.02,0,0.169,0,0,0.407,0.285,0.385,0.281,0.276,0.35,0.138,0,0,0.019,0.296,0.275,0.252,0,0,0,0,0.114,0.135,0.188,0.175,0.023,0.361,0.178,0.142,0.377,0.375,0,0.023,0.303,0.277,0.314,0.291,0.163,0.239,0,0,0.407,0.272,0.263,0.255,0.122,0.187,0.265,0.234,0.381,0,0,0.02,0.022,0.275,0.28,0.026,0.025,0.021,0.023,0.023,0.342,0.022,0.32,0.336,0,0,0,0,0,0.016,0.294,0.234,0,0,0.347,0.275,0,0,0.022,0.295,0.026,0.232,0.023,0.022,0.272,0.407,0,0.371,0.247,0.327,0.022,0.02,0.021,0.342,0.02,0.019,0.018,0.311,0.289,0.342,0.019,0.018,0.021,0.02,0.026,0.029,0.02,0.138,0.129,0.123,0.028,0.021,0.027,0.024,0.133,0.125,0,0,0.024,0.023,0.024,0.02,0.138,0,0.023,0.026,0.024,0.027,0.021,0.02,0.026,0.022,0.029,0,0.206,0.2,0.2,0.027,0.021,0.032,0.445,0.326,0.317,0.288,0,0,0,0,0,0,0,0,0.022,0.022,0.024,0.022,0.187,0.025,0.174,0.197,0.174,0.027,0.018,0,0,0.025,0.025,0.02,0.027,0.521,0.023,0.38,0,0.022,0.02,0.018,0,0.027,0.025,0.022,0.021,0,0,0,0,0,0,0.023,0,0,0,0,0.275,0.242,0.242
GO:0006259,0.363,0.042,0.257,0.065,0.045,0.198,0.271,0.393,0.349,0.328,0.751,0,0.037,0,0.051,0,0,0.296,0.046,0.592,0.584,0.54,0.586,0.63,0.577,0.046,0,0.318,0.162,0.033,0.264,0.034,0,0.225,0,0.039,0,0.285,0.235,0.325,0.253,0.345,0.328,0,0,0.033,0,0,0.226,0.21,0,0,0.259,0.228,0.031,0.512,0.344,0.609,0.164,0.212,0.546,0.183,0.029,0.316,0.302,0.03,0.03,0.509,0,0.262,0.314,0.029,0.029,0,0.552,0.546,0.532,0.546,0.198,0.198,0.039,0.036,0.029,0.033,0,0.038,0,0.041,0,0,0.178,0.167,0.463,0.482,0.396,0.508,0.143,0.235,0.27,0.249,0.238,0.204,0.242,0.414,0.389,0.229,0.418,0.249,0.035,0.034,0.414,0.414,0.488,0.216,0.203,0.032,0.033,0.186,0.033,0.176,0.178,0.194,0.184,0.172,0.161,0.027,0.024,0.187,0.207,0.193,0.186,0,0,0.196,0.178,0.027,0.024,0.033,0.207,0.324,0.66,0.295,0.486,0.244,0,0.03,0.03,0,0,0.031,0.032,0.037,0.029,0.027,0.028,0,0,0,0,0,0.04,0,0,0,0.027,0.027,0.031,0,0,0,0,0.04,0,0,0.027,0,0,0,0.74,0.741,0.979,0.893,0.778,0.821,0.034,0.026,0.026,0.027,0,0.036,0.025,0,0.038,0.028,0,0,0,0.028,0,0.03,0,0.026,0.027,0.022,0.019,0.346,0.422,0.419,0.426,0.357,0.033,0.027,0.028,0.031,0.026,0.167,0.163,0.025,0.022,0.032,0,0,0.03,0.029,0,0.025,0,0,0.025,0.021,0.03,0.024,0.021,0.026,0.023,0.028,0.236,0.439,0.623,0.498,0.39,0.405,0.227,0.413,0.235,0.194,0.392,0.394,0.235,0.413,0.398,0.18,0.269,0,0,0.025,0,0,0,0,0.554,0.351,0.514,0.344,0.336,0.453,0.165,0,0,0.022,0,0,0,0,0,0,0,0.147,0.161,0.243,0.221,0.029,0.472,0.227,0.171,0.518,0.515,0,0.029,0.027,0.024,0.395,0.359,0.211,0.284,0,0,0.554,0.331,0.317,0.306,0.143,0,0.321,0.276,0.523,0,0,0.025,0.027,0,0.343,0.034,0.033,0.026,0.029,0.028,0.44,0.027,0.414,0.431,0,0,0,0,0,0.019,0.363,0.276,0,0,0.449,0,0,0,0.028,0.026,0.034,0.019,0.029,0.027,0.023,0.554,0,0.51,0,0.029,0.028,0.025,0.026,0.44,0.024,0.022,0.021,0.39,0.356,0.44,0.022,0.022,0.025,0.024,0.034,0.039,0.024,0.17,0.157,0.148,0.037,0.026,0.036,0.03,0.162,0.151,0,0,0.03,0.028,0.031,0.025,0.17,0,0.03,0.033,0.03,0.036,0.026,0.024,0.034,0.027,0.04,0,0.273,0.277,0.277,0.036,0.026,0.045,0.044,0.029,0.028,0.025,0,0,0,0,0,0,0,0,0.028,0.028,0.031,0.027,0.253,0.032,0.221,0.258,0.221,0.036,0.021,0,0,0.033,0.032,0.024,0.035,0.026,0.029,0.035,0,0.028,0.024,0.021,0,0.036,0.032,0.027,0.025,0,0,0,0,0,0,0.028,0,0,0,0,0.024,0.02,0.02
GO:0006281,0.317,0.037,0.222,0.055,0.04,0.177,0.243,0.344,0.305,0.286,0.673,0,0.034,0,0.045,0.451,0,0.258,0.041,0.525,0.517,0.478,0.519,0.561,0.512,0.575,0,0.285,0.148,0.43,0.241,0.031,0,0.206,0,0.035,0.335,0.256,0.215,0.29,0.227,0.307,0.29,0,0,0.031,0.329,0.378,0.209,0.195,0,0,0.237,0.21,0.399,0.465,0.306,0.543,0.149,0.195,0.493,0.165,0.38,0.283,0.272,0.028,0.028,0.459,0,0.236,0.282,0.027,0.027,0.299,0.498,0.493,0.492,0.493,0.183,0.183,0.035,0.032,0.027,0.03,0.718,0.841,0,0.037,0,0,0.168,0.157,0.424,0.44,0.367,0.462,0.131,0.216,0.246,0.228,0.219,0.188,0.223,0.383,0.359,0.21,0.386,0.229,0.455,0.437,0.383,0.383,0.454,0.2,0.189,0.029,0.03,0.172,0.03,0.165,0.165,0.179,0.171,0.162,0.289,0.35,0.324,0.174,0.193,0.18,0.172,0,0,0.183,0.167,0.36,0.314,0.031,0.184,0.29,0.6,0.262,0.435,0.217,0,0.394,0.028,0,0.297,0.028,0.029,0.034,0.027,0.025,0.026,0,0,0,0,0,0.036,0,0,0,0.025,0.025,0.028,0,0,0,0,0.036,0,0,0.026,0,0,0,0.833,0.834,0.893,0.99,0.872,0.76,0.939,0.025,0.025,0.025,0,0.033,0.024,0,0.034,0.026,0,0,0,0.026,0,0.028,0.214,0.024,0.025,0.293,0.258,0.324,0.39,0.387,0.393,0.334,0.03,0.025,0.026,0.028,0.024,0.157,0.154,0.329,0.299,0.029,0,0,0.028,0.027,0,0.023,0.269,0,0.023,0.02,0.028,0.022,0.02,0.024,0.022,0.368,0.215,0.404,0.568,0.462,0.368,0.369,0.208,0.382,0.214,0.18,0.364,0.36,0.214,0.375,0.363,0.162,0.243,0,0,0.023,0,0.189,0,0,0.499,0.328,0.466,0.322,0.315,0.416,0.156,0,0,0.021,0.36,0.329,0.298,0,0,0,0,0.135,0.152,0.223,0.205,0.027,0.432,0.21,0.161,0.466,0.463,0,0.027,0.35,0.316,0.367,0.335,0.194,0.269,0,0,0.5,0.311,0.298,0.289,0.136,0.211,0.302,0.261,0.47,0,0,0.023,0.025,0.329,0.321,0.031,0.03,0.024,0.027,0.026,0.405,0.025,0.381,0.397,0,0,0,0,0,0.018,0.339,0.261,0,0,0.412,0.329,0,0,0.026,0.339,0.031,0.258,0.027,0.025,0.309,0.499,0,0.458,0.29,0.383,0.026,0.023,0.024,0.405,0.022,0.021,0.02,0.362,0.333,0.405,0.021,0.02,0.024,0.023,0.031,0.035,0.023,0.159,0.147,0.14,0.034,0.024,0.033,0.028,0.152,0.142,0,0,0.028,0.026,0.028,0.023,0.159,0,0.027,0.031,0.028,0.032,0.024,0.023,0.031,0.025,0.036,0,0.249,0.249,0.248,0.033,0.024,0.04,0.553,0.381,0.369,0.33,0,0,0,0,0,0,0,0,0.026,0.026,0.028,0.025,0.229,0.03,0.204,0.236,0.204,0.033,0.02,0,0,0.03,0.03,0.023,0.032,0.6,0.027,0.456,0,0.026,0.023,0.02,0,0.033,0.03,0.025,0.024,0,0,0,0,0,0,0.026,0,0,0,0,0.312,0.27,0.27
GO:0006302,0.262,0.032,0.182,0.044,0.034,0.15,0.208,0.285,0.252,0.235,0.575,0,0.029,0,0.037,0.378,0,0.212,0.035,0.442,0.435,0.4,0.437,0.474,0.43,0.486,0,0.243,0.129,0.378,0.211,0.027,0,0.18,0,0.031,0.292,0.219,0.188,0.247,0.194,0.259,0.243,0,0,0.027,0.288,0.325,0.186,0.174,0,0,0.207,0.187,0.354,0.404,0.258,0.461,0.13,0.172,0.424,0.141,0.339,0.242,0.234,0.025,0.025,0.394,0,0.203,0.241,0.024,0.024,0.265,0.428,0.424,0.437,0.424,0.162,0.162,0.03,0.028,0.024,0.027,0.616,0.729,0,0.031,0,0,0.152,0.144,0.372,0.385,0.327,0.401,0.116,0.191,0.214,0.201,0.193,0.167,0.196,0.34,0.318,0.184,0.342,0.201,0.398,0.384,0.34,0.34,0.407,0.179,0.17,0.026,0.027,0.154,0.026,0.15,0.148,0.159,0.153,0.148,0.264,0.315,0.294,0.155,0.172,0.162,0.154,0,0,0.165,0.152,0.323,0.286,0.027,0.155,0.247,0.52,0.222,0.37,0.183,0,0.35,0.025,0,0.263,0.025,0.026,0.029,0.024,0.023,0.023,0,0,0,0,0,0.031,0,0,0,0.022,0.023,0.025,0,0,0,0,0.031,0,0,0.023,0,0,0,0.956,0.749,0.778,0.872,0.997,0.675,0.822,0.022,0.022,0.023,0,0.029,0.022,0,0.03,0.023,0,0,0,0.023,0,0.025,0.196,0.022,0.022,0.268,0.239,0.293,0.345,0.343,0.348,0.301,0.026,0.023,0.023,0.025,0.022,0.144,0.141,0.298,0.273,0.026,0,0,0.025,0.024,0,0.021,0.241,0,0.021,0.018,0.025,0.02,0.018,0.022,0.02,0.33,0.187,0.357,0.496,0.414,0.336,0.321,0.183,0.34,0.186,0.161,0.325,0.314,0.186,0.326,0.317,0.14,0.209,0,0,0.021,0,0.174,0,0,0.429,0.296,0.404,0.292,0.286,0.366,0.142,0,0,0.019,0.311,0.288,0.264,0,0,0,0,0.119,0.139,0.197,0.182,0.024,0.378,0.186,0.147,0.398,0.396,0,0.024,0.315,0.287,0.327,0.302,0.171,0.247,0,0,0.429,0.282,0.272,0.264,0.125,0.193,0.275,0.241,0.402,0,0,0.021,0.022,0.288,0.291,0.028,0.026,0.022,0.024,0.024,0.358,0.023,0.335,0.351,0,0,0,0,0,0.017,0.305,0.241,0,0,0.363,0.288,0,0,0.023,0.306,0.027,0.239,0.024,0.023,0.281,0.429,0,0.392,0.257,0.341,0.023,0.021,0.022,0.358,0.02,0.019,0.018,0.324,0.3,0.358,0.019,0.019,0.021,0.021,0.028,0.03,0.021,0.143,0.134,0.127,0.029,0.022,0.029,0.025,0.138,0.129,0,0,0.025,0.023,0.025,0.021,0.143,0,0.024,0.027,0.025,0.028,0.022,0.021,0.027,0.023,0.031,0,0.216,0.212,0.212,0.029,0.022,0.034,0.471,0.34,0.33,0.298,0,0,0,0,0,0,0,0,0.023,0.023,0.025,0.022,0.197,0.026,0.182,0.207,0.182,0.029,0.018,0,0,0.026,0.026,0.021,0.028,0.541,0.024,0.398,0,0.023,0.021,0.018,0,0.028,0.026,0.023,0.021,0,0,0,0,0,0,0.024,0,0,0,0,0.284,0.249,0.249
GO:0006310,0.282,0.034,0.196,0.048,0.036,0.16,0.221,0.306,0.271,0.254,0.611,0,0.031,0,0.04,0,0,0.228,0.037,0.473,0.465,0.429,0.467,0.506,0.46,0.037,0,0.259,0.136,0.028,0.222,0.029,0,0.19,0,0.032,0,0.233,0.198,0.263,0.207,0.277,0.26,0,0,0.028,0,0,0.195,0.182,0,0,0.218,0.196,0.026,0.427,0.276,0.491,0.137,0.18,0.45,0.15,0.025,0.257,0.248,0.026,0.026,0.418,0,0.215,0.256,0.025,0.025,0,0.454,0.45,0.458,0.45,0.17,0.17,0.032,0.03,0.025,0.028,0,0.031,0,0.033,0,0,0.158,0.149,0.392,0.405,0.342,0.424,0.122,0.201,0.226,0.211,0.203,0.175,0.206,0.356,0.334,0.194,0.359,0.211,0.03,0.029,0.356,0.356,0.425,0.187,0.177,0.027,0.028,0.161,0.028,0.156,0.155,0.167,0.16,0.153,0.144,0.023,0.022,0.162,0.18,0.169,0.161,0,0,0.172,0.157,0.024,0.021,0.028,0.166,0.263,0.55,0.237,0.394,0.196,0,0.026,0.026,0,0,0.026,0.027,0.031,0.025,0.024,0.024,0,0,0,0,0,0.033,0,0,0,0.023,0.024,0.026,0,0,0,0,0.033,0,0,0.024,0,0,0,0.91,0.911,0.821,0.76,0.675,0.995,0.029,0.023,0.023,0.024,0,0.03,0.022,0,0.031,0.024,0,0,0,0.024,0,0.026,0,0.023,0.023,0.02,0.017,0.305,0.362,0.36,0.365,0.313,0.028,0.024,0.024,0.026,0.023,0.149,0.146,0.022,0.02,0.027,0,0,0.026,0.025,0,0.022,0,0,0.022,0.019,0.026,0.021,0.019,0.023,0.02,0.024,0.197,0.375,0.523,0.432,0.349,0.339,0.192,0.356,0.196,0.168,0.34,0.331,0.197,0.344,0.334,0.148,0.222,0,0,0.022,0,0,0,0,0.455,0.308,0.428,0.303,0.297,0.385,0.147,0,0,0.02,0,0,0,0,0,0,0,0.125,0.144,0.207,0.191,0.025,0.398,0.195,0.152,0.423,0.421,0,0.025,0.023,0.021,0.342,0.315,0.18,0.256,0,0,0.455,0.293,0.282,0.274,0.129,0,0.285,0.249,0.427,0,0,0.022,0.023,0,0.303,0.029,0.028,0.023,0.025,0.025,0.376,0.024,0.352,0.368,0,0,0,0,0,0.017,0.318,0.249,0,0,0.382,0,0,0,0.024,0.023,0.028,0.017,0.025,0.024,0.021,0.455,0,0.417,0,0.025,0.024,0.022,0.023,0.376,0.021,0.02,0.019,0.338,0.313,0.376,0.02,0.019,0.022,0.022,0.029,0.032,0.021,0.149,0.139,0.132,0.031,0.023,0.03,0.026,0.143,0.134,0,0,0.026,0.024,0.026,0.022,0.149,0,0.026,0.028,0.026,0.03,0.023,0.022,0.028,0.024,0.033,0,0.229,0.225,0.225,0.03,0.023,0.036,0.035,0.025,0.024,0.022,0,0,0,0,0,0,0,0,0.024,0.024,0.026,0.023,0.209,0.028,0.19,0.218,0.191,0.03,0.019,0,0,0.028,0.028,0.021,0.029,0.023,0.025,0.03,0,0.024,0.021,0.019,0,0.03,0.028,0.024,0.022,0,0,0,0,0,0,0.025,0,0,0,0,0.021,0.018,0.018
GO:0006974,0,0.04,0,0.06,0.043,0,0.04,0,0.051,0,0.041,0,0.035,0,0.048,0.483,0,0,0.044,0.045,0.045,0.046,0.045,0.044,0,0.612,0,0,0,0.45,0,0.033,0,0.034,0,0.037,0.352,0,0,0,0,0,0,0,0,0.032,0.346,0.4,0,0,0,0,0,0,0.416,0.036,0,0.042,0,0.032,0.038,0,0.396,0,0,0.029,0.029,0.039,0,0.039,0,0.028,0.028,0.312,0.039,0.038,0.029,0.038,0.03,0.03,0.037,0.034,0.028,0.032,0.761,0.886,0,0.039,0,0,0,0,0.033,0.034,0.028,0.036,0,0,0,0,0,0.031,0,0.029,0.03,0,0.03,0,0.478,0.458,0.029,0.029,0.027,0.028,0.026,0.031,0.032,0.028,0.031,0.023,0.027,0.029,0.028,0.023,0.298,0.364,0.336,0.028,0.027,0.025,0.028,0,0,0.026,0.023,0.374,0.325,0.032,0,0,0.036,0.043,0.042,0,0,0.411,0.029,0,0.31,0.03,0.03,0.036,0.028,0.026,0.027,0,0,0,0,0,0.038,0,0,0,0.026,0.026,0.03,0,0,0,0,0.038,0,0,0.027,0,0,0,0.784,0.785,0.034,0.939,0.822,0.029,0.985,0.026,0.026,0.026,0,0.035,0.025,0,0.036,0.027,0,0,0,0.027,0,0.029,0.221,0.025,0.026,0.302,0.265,0.025,0.03,0.03,0.03,0.025,0.031,0.026,0.027,0.029,0.025,0,0,0.34,0.309,0.031,0,0,0.029,0.028,0,0.024,0.28,0,0.024,0.021,0.029,0.023,0.02,0.025,0.022,0.383,0.035,0.031,0.034,0.027,0.022,0.035,0.032,0.029,0.035,0.028,0.028,0.034,0.035,0.036,0.034,0,0,0,0,0.024,0,0.194,0,0,0.039,0.025,0.036,0.024,0.024,0.032,0,0,0,0.022,0.38,0.346,0.311,0,0,0,0,0,0,0,0,0.028,0.033,0,0,0.04,0.04,0,0.028,0.363,0.327,0.028,0.026,0.032,0.02,0,0,0.039,0.024,0.023,0.022,0,0.218,0.023,0.02,0.04,0,0,0.024,0.026,0.346,0.024,0.033,0.031,0.025,0.028,0.027,0.031,0.026,0.032,0.03,0,0,0,0,0,0.019,0.026,0.02,0,0,0.032,0.346,0,0,0.027,0.351,0.032,0.265,0.028,0.026,0.319,0.039,0,0,0.302,0.399,0.027,0.024,0.025,0.031,0.023,0.022,0.02,0.028,0.025,0.031,0.022,0.021,0.025,0.024,0.033,0.037,0.024,0.026,0.024,0.022,0.035,0.025,0.034,0.029,0.024,0.023,0,0,0.029,0.027,0.029,0.024,0.026,0,0.029,0.032,0.029,0.034,0.025,0.024,0.032,0.026,0.038,0,0.035,0.041,0.041,0.034,0.025,0.043,0.588,0.397,0.384,0.342,0,0,0,0,0,0,0,0,0.027,0.027,0.029,0.026,0.038,0.031,0.029,0,0,0.034,0.02,0,0,0.031,0.031,0.023,0.034,0.623,0.028,0.479,0,0.027,0.024,0.02,0,0.034,0.031,0.026,0.025,0,0,0,0,0,0,0.027,0,0,0,0,0.323,0.278,0.278
GO:0032392,0,0.556,0,0.039,0.455,0,0.03,0,0.035,0,0.03,0,0.027,0,0.034,0,0,0,0.438,0.032,0.032,0.033,0.032,0.032,0,0.031,0,0,0,0.025,0,0.025,0,0.026,0,0.028,0,0,0,0,0,0,0,0,0,0.796,0,0,0,0,0,0,0,0,0.023,0.027,0,0.031,0,0.025,0.029,0,0.022,0,0,0.023,0.023,0.029,0,0.029,0,0.022,0.023,0,0.029,0.029,0.023,0.029,0.024,0.024,0.389,0.383,0.022,0.025,0,0.027,0,0.029,0,0,0,0,0.025,0.026,0.022,0.027,0,0,0,0,0,0.024,0,0.023,0.024,0,0.023,0,0.026,0.025,0.023,0.023,0.022,0.023,0.021,0.024,0.025,0.022,0.025,0.019,0.022,0.023,0.022,0.019,0.018,0.021,0.02,0.023,0.022,0.021,0.022,0,0,0.021,0.019,0.021,0.019,0.349,0,0,0.027,0.031,0.03,0,0,0.023,0.023,0,0,0.344,0.024,0.396,0.022,0.021,0.317,0,0,0,0,0,0.029,0,0,0,0.021,0.021,0.023,0,0,0,0,0.029,0,0,0.022,0,0,0,0.021,0.021,0.026,0.025,0.022,0.023,0.026,0.999,0.997,0.983,0,0.027,0.02,0,0.027,0.022,0,0,0,0.022,0,0.023,0,0.021,0.021,0.018,0.016,0.282,0.329,0.023,0.024,0.289,0.342,0.297,0.414,0.341,0.298,0,0,0.02,0.018,0.457,0,0,0.323,0.331,0,0.29,0,0,0.29,0.256,0.34,0.363,0.325,0.39,0.352,0.022,0.027,0.024,0.026,0.022,0.018,0.027,0.025,0.023,0.027,0.022,0.022,0.026,0.027,0.027,0.026,0,0,0,0,0.02,0,0,0,0,0.029,0.02,0.027,0.02,0.02,0.025,0,0,0,0.018,0,0,0,0,0,0,0,0,0,0,0,0.022,0.026,0,0,0.03,0.03,0,0.327,0.021,0.019,0.022,0.021,0.025,0.017,0,0,0.029,0.02,0.019,0.018,0,0,0.019,0.245,0.029,0,0,0.02,0.021,0,0.02,0.372,0.025,0.021,0.023,0.022,0.024,0.021,0.025,0.024,0,0,0,0,0,0.016,0.021,0.017,0,0,0.025,0,0,0,0.022,0.02,0.367,0.016,0.328,0.021,0.019,0.029,0,0,0,0.023,0.022,0.02,0.021,0.024,0.019,0.018,0.017,0.022,0.021,0.024,0.018,0.018,0.294,0.02,0.026,0.028,0.02,0.021,0.02,0.019,0.027,0.02,0.385,0.336,0.02,0.019,0,0,0.023,0.022,0.442,0.02,0.021,0,0.431,0.472,0.335,0.382,0.02,0.02,0.025,0.021,0.028,0,0.027,0.03,0.03,0.5,0.392,0.031,0.03,0.023,0.022,0.02,0,0,0,0,0,0,0,0,0.022,0.317,0.341,0.021,0.028,0.024,0.023,0,0,0.026,0.017,0,0,0.025,0.462,0.019,0.026,0.021,0.331,0.026,0,0.022,0.02,0.017,0,0.026,0.024,0.021,0.02,0,0,0,0,0,0,0.022,0,0,0,0,0.019,0.017,0.017
GO:0032508,0,0.555,0,0.039,0.454,0,0.03,0,0.035,0,0.03,0,0.027,0,0.034,0,0,0,0.437,0.032,0.032,0.033,0.032,0.032,0,0.031,0,0,0,0.025,0,0.025,0,0.026,0,0.028,0,0,0,0,0,0,0,0,0,0.794,0,0,0,0,0,0,0,0,0.023,0.027,0,0.031,0,0.025,0.028,0,0.022,0,0,0.023,0.023,0.029,0,0.029,0,0.022,0.023,0,0.029,0.029,0.023,0.029,0.023,0.023,0.388,0.382,0.022,0.025,0,0.027,0,0.029,0,0,0,0,0.025,0.026,0.022,0.027,0,0,0,0,0,0.024,0,0.023,0.024,0,0.023,0,0.026,0.025,0.023,0.023,0.022,0.022,0.021,0.024,0.025,0.022,0.025,0.019,0.022,0.023,0.022,0.019,0.018,0.021,0.02,0.022,0.022,0.021,0.022,0,0,0.021,0.019,0.021,0.019,0.348,0,0,0.027,0.031,0.03,0,0,0.023,0.023,0,0,0.343,0.024,0.395,0.022,0.021,0.316,0,0,0,0,0,0.029,0,0,0,0.021,0.021,0.023,0,0,0,0,0.029,0,0,0.022,0,0,0,0.021,0.021,0.026,0.025,0.022,0.023,0.026,0.997,0.999,0.982,0,0.027,0.02,0,0.027,0.022,0,0,0,0.022,0,0.023,0,0.021,0.021,0.018,0.016,0.282,0.329,0.023,0.024,0.289,0.341,0.297,0.413,0.341,0.298,0,0,0.02,0.018,0.456,0,0,0.322,0.331,0,0.29,0,0,0.29,0.255,0.34,0.363,0.325,0.389,0.351,0.022,0.027,0.024,0.026,0.022,0.018,0.027,0.025,0.023,0.027,0.022,0.022,0.026,0.027,0.027,0.026,0,0,0,0,0.02,0,0,0,0,0.029,0.02,0.027,0.02,0.02,0.025,0,0,0,0.018,0,0,0,0,0,0,0,0,0,0,0,0.022,0.026,0,0,0.03,0.029,0,0.326,0.021,0.019,0.022,0.021,0.025,0.017,0,0,0.029,0.019,0.019,0.018,0,0,0.019,0.245,0.029,0,0,0.02,0.021,0,0.02,0.372,0.025,0.021,0.022,0.022,0.024,0.021,0.025,0.024,0,0,0,0,0,0.016,0.021,0.017,0,0,0.025,0,0,0,0.022,0.02,0.366,0.016,0.327,0.021,0.019,0.029,0,0,0,0.023,0.022,0.02,0.021,0.024,0.019,0.018,0.017,0.022,0.021,0.024,0.018,0.018,0.294,0.02,0.025,0.028,0.019,0.021,0.02,0.019,0.027,0.02,0.384,0.336,0.02,0.019,0,0,0.023,0.022,0.442,0.02,0.021,0,0.43,0.471,0.335,0.382,0.02,0.02,0.025,0.021,0.028,0,0.027,0.03,0.03,0.499,0.391,0.031,0.03,0.022,0.022,0.02,0,0,0,0,0,0,0,0,0.022,0.316,0.341,0.021,0.028,0.024,0.023,0,0,0.026,0.017,0,0,0.025,0.461,0.019,0.026,0.021,0.33,0.026,0,0.022,0.019,0.017,0,0.026,0.024,0.021,0.02,0,0,0,0,0,0,0.022,0,0,0,0,0.019,0.017,0.017
GO:0071103,0,0.568,0,0.04,0.465,0,0.03,0,0.036,0,0.031,0,0.027,0,0.034,0,0,0,0.448,0.033,0.033,0.034,0.033,0.032,0,0.032,0,0,0,0.025,0,0.026,0,0.026,0,0.029,0,0,0,0,0,0,0,0,0,0.81,0,0,0,0,0,0,0,0,0.024,0.028,0,0.032,0,0.025,0.029,0,0.023,0,0,0.024,0.023,0.03,0,0.03,0,0.023,0.023,0,0.029,0.029,0.024,0.029,0.024,0.024,0.396,0.39,0.023,0.025,0,0.028,0,0.029,0,0,0,0,0.026,0.027,0.023,0.028,0,0,0,0,0,0.025,0,0.024,0.024,0,0.024,0,0.027,0.026,0.024,0.024,0.022,0.023,0.022,0.024,0.025,0.023,0.025,0.019,0.022,0.023,0.023,0.019,0.018,0.021,0.02,0.023,0.022,0.021,0.023,0,0,0.021,0.02,0.022,0.019,0.355,0,0,0.028,0.032,0.031,0,0,0.024,0.024,0,0,0.35,0.024,0.403,0.023,0.022,0.322,0,0,0,0,0,0.029,0,0,0,0.021,0.022,0.024,0,0,0,0,0.029,0,0,0.022,0,0,0,0.022,0.022,0.027,0.025,0.023,0.024,0.026,0.983,0.982,0.998,0,0.027,0.021,0,0.028,0.022,0,0,0,0.022,0,0.023,0,0.021,0.021,0.018,0.016,0.286,0.335,0.024,0.024,0.293,0.348,0.302,0.42,0.347,0.303,0,0,0.02,0.019,0.465,0,0,0.328,0.336,0,0.294,0,0,0.294,0.259,0.346,0.368,0.329,0.396,0.356,0.022,0.027,0.025,0.027,0.022,0.018,0.027,0.026,0.024,0.027,0.023,0.023,0.027,0.027,0.028,0.027,0,0,0,0,0.02,0,0,0,0,0.029,0.021,0.028,0.02,0.02,0.025,0,0,0,0.019,0,0,0,0,0,0,0,0,0,0,0,0.023,0.026,0,0,0.03,0.03,0,0.332,0.021,0.019,0.023,0.021,0.025,0.017,0,0,0.029,0.02,0.019,0.019,0,0,0.019,0.248,0.03,0,0,0.02,0.021,0,0.02,0.379,0.025,0.021,0.023,0.022,0.025,0.022,0.025,0.024,0,0,0,0,0,0.016,0.021,0.017,0,0,0.025,0,0,0,0.022,0.021,0.373,0.016,0.333,0.022,0.019,0.029,0,0,0,0.023,0.022,0.02,0.021,0.025,0.019,0.019,0.017,0.023,0.021,0.025,0.019,0.018,0.299,0.02,0.026,0.028,0.02,0.021,0.02,0.019,0.027,0.021,0.392,0.342,0.02,0.019,0,0,0.023,0.022,0.45,0.02,0.021,0,0.438,0.481,0.341,0.389,0.021,0.02,0.026,0.022,0.029,0,0.027,0.031,0.031,0.509,0.398,0.032,0.031,0.023,0.022,0.02,0,0,0,0,0,0,0,0,0.022,0.322,0.347,0.021,0.029,0.025,0.023,0,0,0.027,0.017,0,0,0.025,0.47,0.02,0.026,0.021,0.336,0.027,0,0.022,0.02,0.017,0,0.027,0.025,0.022,0.021,0,0,0,0,0,0,0.022,0,0,0,0,0.019,0.017,0.017
GO:0016192,0,0,0,0,0,0,0,0,0,0,0,0,0,0,0,0,0,0,0,0,0,0,0,0,0,0,0.583,0,0,0,0,0,0,0,0,0,0,0,0,0,0,0,0,0,0,0,0,0,0,0,0,0,0,0,0,0,0,0,0,0,0,0,0,0,0,0,0,0,0,0,0,0,0,0,0,0,0,0,0,0,0,0,0,0,0,0,0.392,0.489,0.628,0.619,0,0,0,0,0,0,0,0,0,0,0,0,0,0,0,0,0,0,0,0,0,0,0,0,0,0,0,0,0,0,0,0,0,0,0,0,0,0,0,0,0,0,0,0,0,0,0,0,0,0,0,0,0,0,0,0,0,0,0,0,0,0,0,0,0,0,0,0,0,0,0,0,0,0,0,0,0,0,0,0,0,0,0,0,0,0,0,0,0,0,0,0,0,0,0,0,0,0,0.974,0.482,0.335,0.334,0.491,0.359,0.408,0.308,0.721,0,0.411,0.357,0,0,0,0,0,0,0,0,0,0,0,0,0,0,0,0,0,0,0,0,0,0,0,0,0,0,0,0,0,0,0,0,0,0,0,0,0,0,0,0,0,0,0,0,0,0,0,0,0,0,0,0,0,0,0,0,0,0,0,0,0,0,0,0,0,0,0,0,0,0,0,0,0,0,0,0,0,0,0,0,0,0,0,0,0,0,0,0,0,0,0,0,0,0,0,0,0,0,0,0,0,0,0,0,0,0,0,0,0,0,0,0,0,0,0,0,0,0,0,0,0,0,0,0,0,0,0,0,0,0,0,0,0,0,0,0,0,0,0,0,0,0,0,0,0,0,0,0,0,0,0,0,0,0,0,0,0,0,0,0,0,0,0,0,0,0,0,0,0,0,0,0,0,0,0,0,0,0,0,0,0,0,0,0,0,0.305,0,0,0.356,0.528,0,0,0,0,0,0,0,0,0,0,0,0,0,0,0,0,0,0,0,0,0,0,0,0,0,0,0,0,0,0,0,0,0,0,0,0,0,0,0,0,0,0,0,0,0,0,0,0,0,0,0,0,0,0,0,0,0,0,0,0,0,0
GO:0046907,0,0.042,0,0.066,0.046,0,0.043,0,0.055,0,0.043,0,0.037,0,0.051,0,0,0,0.047,0.048,0.048,0.049,0.048,0.047,0,0.046,0.569,0,0,0.033,0,0.035,0,0.035,0,0.04,0,0,0,0,0,0,0,0,0,0.034,0,0,0,0,0,0,0,0,0.031,0.038,0,0.045,0,0.033,0.04,0,0.029,0,0,0.031,0.03,0.041,0,0.041,0,0.029,0.03,0,0.041,0.04,0.031,0.04,0.031,0.031,0.039,0.036,0.029,0.033,0,0.038,0.385,0.835,0.613,0.604,0,0,0.034,0.036,0.029,0.038,0,0,0,0,0,0.032,0,0.031,0.031,0,0.031,0,0.036,0.034,0.031,0.031,0.028,0.029,0.028,0.032,0.033,0.029,0.033,0.024,0.028,0.03,0.029,0.023,0.022,0.027,0.025,0.029,0.028,0.026,0.029,0,0,0.027,0.024,0.028,0.024,0.034,0,0,0.038,0.046,0.044,0,0,0.03,0.031,0,0,0.031,0.032,0.038,0.029,0.027,0.028,0,0,0,0,0,0.041,0,0,0,0.027,0.027,0.031,0,0,0,0,0.041,0,0,0.028,0,0,0,0.027,0.027,0.036,0.033,0.029,0.03,0.035,0.027,0.027,0.027,0.482,0.977,0.627,0.329,0.932,0.684,0.401,0.304,0.359,0.028,0.404,0.613,0,0.026,0.027,0.022,0.019,0.026,0.031,0.031,0.031,0.026,0.033,0.027,0.028,0.031,0.026,0,0,0.025,0.023,0.032,0,0,0.03,0.03,0,0.025,0,0,0.025,0.021,0.031,0.024,0.021,0.026,0.023,0.028,0.037,0.032,0.036,0.029,0.022,0.037,0.034,0.031,0.037,0.029,0.029,0.036,0.037,0.038,0.036,0,0,0,0,0.025,0,0,0,0,0.041,0.026,0.038,0.025,0.025,0.034,0,0,0,0.023,0,0,0,0,0,0,0,0,0,0,0,0.029,0.035,0,0,0.042,0.042,0,0.029,0.027,0.024,0.029,0.027,0.033,0.021,0,0,0.041,0.024,0.023,0.023,0,0,0.024,0.02,0.042,0,0,0.025,0.027,0,0.025,0.035,0.033,0.026,0.029,0.029,0.033,0.028,0.033,0.032,0,0,0,0,0,0.019,0.027,0.02,0,0,0.033,0,0,0,0.028,0.026,0.034,0.019,0.029,0.028,0.023,0.041,0,0,0,0.029,0.028,0.025,0.026,0.033,0.024,0.023,0.021,0.029,0.026,0.033,0.023,0.022,0.025,0.025,0.035,0.039,0.024,0.027,0.025,0.023,0.037,0.026,0.036,0.03,0.025,0.024,0,0,0.03,0.028,0.031,0.025,0.027,0,0.03,0.034,0.03,0.036,0.301,0.025,0.034,0.725,0.517,0,0.037,0.044,0.044,0.036,0.026,0.045,0.044,0.029,0.028,0.025,0,0,0,0,0,0,0,0,0.028,0.028,0.031,0.027,0.04,0.033,0.03,0,0,0.036,0.021,0,0,0.033,0.033,0.024,0.035,0.026,0.03,0.036,0,0.028,0.024,0.021,0,0.036,0.033,0.027,0.026,0,0,0,0,0,0,0.029,0,0,0,0,0.024,0.02,0.02
GO:0048489,0,0.028,0,0.037,0.03,0,0.028,0,0.033,0,0.029,0,0.026,0,0.032,0,0,0,0.03,0.031,0.031,0.031,0.031,0.03,0,0.03,0.361,0,0,0.024,0,0.025,0,0.025,0,0.027,0,0,0,0,0,0,0,0,0,0.024,0,0,0,0,0,0,0,0,0.023,0.026,0,0.029,0,0.024,0.027,0,0.022,0,0,0.022,0.022,0.028,0,0.028,0,0.022,0.022,0,0.028,0.027,0.022,0.027,0.023,0.023,0.027,0.025,0.022,0.024,0,0.026,0.783,0.563,0.393,0.387,0,0,0.024,0.025,0.022,0.026,0,0,0,0,0,0.023,0,0.023,0.023,0,0.023,0,0.025,0.024,0.023,0.023,0.021,0.022,0.021,0.023,0.024,0.022,0.024,0.019,0.021,0.022,0.022,0.018,0.017,0.02,0.019,0.022,0.021,0.02,0.022,0,0,0.02,0.019,0.021,0.019,0.024,0,0,0.026,0.03,0.029,0,0,0.022,0.023,0,0,0.023,0.023,0.026,0.022,0.021,0.021,0,0,0,0,0,0.028,0,0,0,0.021,0.021,0.023,0,0,0,0,0.028,0,0,0.021,0,0,0,0.021,0.021,0.025,0.024,0.022,0.022,0.025,0.02,0.02,0.021,0.335,0.627,0.999,0.922,0.643,0.928,0.819,0.985,0.27,0.021,0.287,0.453,0,0.02,0.021,0.018,0.016,0.02,0.023,0.023,0.023,0.02,0.024,0.021,0.021,0.023,0.02,0,0,0.019,0.018,0.023,0,0,0.022,0.022,0,0.019,0,0,0.019,0.017,0.023,0.019,0.017,0.02,0.018,0.021,0.026,0.023,0.025,0.021,0.018,0.026,0.024,0.022,0.026,0.022,0.022,0.025,0.026,0.026,0.025,0,0,0,0,0.019,0,0,0,0,0.028,0.02,0.026,0.02,0.019,0.024,0,0,0,0.018,0,0,0,0,0,0,0,0,0,0,0,0.022,0.025,0,0,0.028,0.028,0,0.022,0.02,0.019,0.022,0.02,0.024,0.017,0,0,0.028,0.019,0.018,0.018,0,0,0.019,0.016,0.028,0,0,0.019,0.02,0,0.02,0.025,0.024,0.02,0.022,0.021,0.024,0.021,0.024,0.023,0,0,0,0,0,0.016,0.02,0.016,0,0,0.024,0,0,0,0.021,0.02,0.024,0.016,0.022,0.021,0.018,0.028,0,0,0,0.022,0.021,0.019,0.02,0.024,0.019,0.018,0.017,0.022,0.02,0.024,0.018,0.017,0.02,0.019,0.025,0.027,0.019,0.02,0.019,0.018,0.026,0.02,0.025,0.022,0.02,0.018,0,0,0.022,0.021,0.023,0.019,0.02,0,0.022,0.024,0.022,0.025,0.652,0.019,0.024,0.504,0.351,0,0.026,0.029,0.029,0.025,0.02,0.03,0.029,0.022,0.021,0.019,0,0,0,0,0,0,0,0,0.021,0.021,0.023,0.02,0.027,0.024,0.022,0,0,0.025,0.017,0,0,0.024,0.024,0.019,0.025,0.02,0.022,0.025,0,0.021,0.019,0.017,0,0.025,0.024,0.021,0.02,0,0,0,0,0,0,0.021,0,0,0,0,0.019,0.016,0.016
GO:0051648,0,0,0,0,0,0,0,0,0,0,0,0,0,0,0,0,0,0,0,0,0,0,0,0,0,0,0.407,0,0,0,0,0,0,0,0,0,0,0,0,0,0,0,0,0,0,0,0,0,0,0,0,0,0,0,0,0,0,0,0,0,0,0,0,0,0,0,0,0,0,0,0,0,0,0,0,0,0,0,0,0,0,0,0,0,0,0,0.856,0.358,0.399,0.401,0,0,0,0,0,0,0,0,0,0,0,0,0,0,0,0,0,0,0,0,0,0,0,0,0,0,0,0,0,0,0,0,0,0,0,0,0,0,0,0,0,0,0,0,0,0,0,0,0,0,0,0,0,0,0,0,0,0,0,0,0,0,0,0,0,0,0,0,0,0,0,0,0,0,0,0,0,0,0,0,0,0,0,0,0,0,0,0,0,0,0,0,0,0,0,0,0,0,0.334,0.329,0.922,0.998,0.339,0.991,0.83,0.935,0.264,0,0.315,0.282,0,0,0,0,0,0,0,0,0,0,0,0,0,0,0,0,0,0,0,0,0,0,0,0,0,0,0,0,0,0,0,0,0,0,0,0,0,0,0,0,0,0,0,0,0,0,0,0,0,0,0,0,0,0,0,0,0,0,0,0,0,0,0,0,0,0,0,0,0,0,0,0,0,0,0,0,0,0,0,0,0,0,0,0,0,0,0,0,0,0,0,0,0,0,0,0,0,0,0,0,0,0,0,0,0,0,0,0,0,0,0,0,0,0,0,0,0,0,0,0,0,0,0,0,0,0,0,0,0,0,0,0,0,0,0,0,0,0,0,0,0,0,0,0,0,0,0,0,0,0,0,0,0,0,0,0,0,0,0,0,0,0,0,0,0,0,0,0,0,0,0,0,0,0,0,0,0,0,0,0,0,0,0,0,0,0.702,0,0,0.26,0.352,0,0,0,0,0,0,0,0,0,0,0,0,0,0,0,0,0,0,0,0,0,0,0,0,0,0,0,0,0,0,0,0,0,0,0,0,0,0,0,0,0,0,0,0,0,0,0,0,0,0,0,0,0,0,0,0,0,0,0,0,0,0
GO:0051649,0,0.044,0,0.071,0.048,0,0.045,0,0.058,0,0.045,0,0.039,0,0.054,0,0,0,0.049,0.05,0.051,0.052,0.051,0.049,0,0.049,0.599,0,0,0.035,0,0.036,0,0.037,0,0.041,0,0,0,0,0,0,0,0,0,0.035,0,0,0,0,0,0,0,0,0.032,0.039,0,0.047,0,0.034,0.042,0,0.03,0,0,0.032,0.031,0.043,0,0.043,0,0.03,0.03,0,0.043,0.042,0.032,0.042,0.032,0.032,0.041,0.037,0.03,0.034,0,0.04,0.399,0.872,0.631,0.635,0,0,0.035,0.037,0.03,0.039,0,0,0,0,0,0.033,0,0.032,0.032,0,0.032,0,0.037,0.035,0.032,0.032,0.029,0.03,0.028,0.033,0.035,0.03,0.034,0.024,0.029,0.031,0.03,0.024,0.022,0.028,0.025,0.03,0.029,0.027,0.03,0,0,0.027,0.025,0.028,0.024,0.035,0,0,0.04,0.049,0.047,0,0,0.031,0.032,0,0,0.032,0.033,0.039,0.03,0.028,0.029,0,0,0,0,0,0.042,0,0,0,0.028,0.028,0.032,0,0,0,0,0.043,0,0,0.028,0,0,0,0.028,0.028,0.038,0.034,0.03,0.031,0.036,0.027,0.027,0.028,0.491,0.932,0.643,0.339,0.97,0.705,0.415,0.312,0.362,0.029,0.419,0.633,0,0.027,0.028,0.023,0.02,0.026,0.032,0.032,0.033,0.027,0.034,0.028,0.029,0.032,0.027,0,0,0.026,0.023,0.033,0,0,0.031,0.031,0,0.026,0,0,0.026,0.022,0.032,0.025,0.021,0.027,0.024,0.029,0.039,0.034,0.037,0.029,0.023,0.038,0.035,0.032,0.038,0.03,0.03,0.037,0.038,0.039,0.038,0,0,0,0,0.026,0,0,0,0,0.043,0.027,0.04,0.026,0.025,0.035,0,0,0,0.023,0,0,0,0,0,0,0,0,0,0,0,0.03,0.036,0,0,0.044,0.044,0,0.03,0.027,0.025,0.03,0.027,0.034,0.021,0,0,0.043,0.025,0.024,0.023,0,0,0.024,0.021,0.044,0,0,0.026,0.028,0,0.026,0.036,0.034,0.027,0.03,0.029,0.034,0.028,0.035,0.033,0,0,0,0,0,0.02,0.028,0.021,0,0,0.034,0,0,0,0.029,0.027,0.035,0.02,0.03,0.028,0.024,0.043,0,0,0,0.03,0.029,0.025,0.027,0.034,0.024,0.023,0.021,0.03,0.027,0.034,0.023,0.022,0.026,0.025,0.036,0.041,0.025,0.027,0.025,0.024,0.039,0.027,0.038,0.031,0.026,0.024,0,0,0.031,0.029,0.032,0.025,0.027,0,0.031,0.035,0.031,0.037,0.309,0.025,0.035,0.685,0.528,0,0.039,0.046,0.046,0.038,0.027,0.048,0.046,0.03,0.029,0.026,0,0,0,0,0,0,0,0,0.029,0.029,0.032,0.028,0.041,0.034,0.031,0,0,0.038,0.021,0,0,0.034,0.034,0.025,0.037,0.027,0.03,0.037,0,0.029,0.025,0.021,0,0.037,0.034,0.028,0.026,0,0,0,0,0,0,0.029,0,0,0,0,0.024,0.021,0.021
GO:0051650,0,0.031,0,0.042,0.033,0,0.031,0,0.038,0,0.032,0,0.028,0,0.036,0,0,0,0.033,0.034,0.034,0.035,0.034,0.034,0,0.033,0.403,0,0,0.026,0,0.027,0,0.027,0,0.03,0,0,0,0,0,0,0,0,0,0.026,0,0,0,0,0,0,0,0,0.024,0.029,0,0.033,0,0.026,0.03,0,0.023,0,0,0.024,0.024,0.031,0,0.031,0,0.023,0.024,0,0.03,0.03,0.024,0.03,0.025,0.025,0.029,0.028,0.023,0.026,0,0.029,0.85,0.62,0.428,0.43,0,0,0.027,0.027,0.023,0.029,0,0,0,0,0,0.025,0,0.024,0.025,0,0.024,0,0.027,0.026,0.024,0.024,0.023,0.023,0.022,0.025,0.026,0.023,0.026,0.02,0.022,0.024,0.023,0.02,0.018,0.022,0.02,0.023,0.023,0.021,0.023,0,0,0.022,0.02,0.022,0.02,0.026,0,0,0.029,0.033,0.032,0,0,0.024,0.024,0,0,0.025,0.025,0.029,0.023,0.022,0.023,0,0,0,0,0,0.03,0,0,0,0.022,0.022,0.025,0,0,0,0,0.03,0,0,0.022,0,0,0,0.022,0.022,0.028,0.026,0.023,0.024,0.027,0.022,0.022,0.022,0.359,0.684,0.928,0.991,0.705,0.998,0.887,0.929,0.285,0.023,0.312,0.489,0,0.022,0.022,0.019,0.017,0.021,0.025,0.025,0.025,0.022,0.026,0.022,0.023,0.024,0.021,0,0,0.021,0.019,0.025,0,0,0.024,0.024,0,0.021,0,0,0.021,0.018,0.024,0.02,0.018,0.021,0.019,0.023,0.028,0.025,0.027,0.023,0.019,0.028,0.026,0.024,0.028,0.023,0.023,0.028,0.028,0.029,0.028,0,0,0,0,0.021,0,0,0,0,0.03,0.021,0.029,0.021,0.021,0.026,0,0,0,0.019,0,0,0,0,0,0,0,0,0,0,0,0.023,0.027,0,0,0.031,0.031,0,0.023,0.022,0.02,0.023,0.022,0.026,0.018,0,0,0.03,0.02,0.02,0.019,0,0,0.02,0.017,0.031,0,0,0.021,0.022,0,0.021,0.027,0.026,0.022,0.024,0.023,0.026,0.022,0.026,0.025,0,0,0,0,0,0.017,0.022,0.017,0,0,0.026,0,0,0,0.023,0.021,0.026,0.017,0.023,0.022,0.02,0.03,0,0,0,0.024,0.023,0.02,0.022,0.026,0.02,0.019,0.018,0.023,0.022,0.026,0.019,0.018,0.021,0.02,0.027,0.029,0.02,0.022,0.02,0.019,0.028,0.021,0.028,0.024,0.021,0.02,0,0,0.024,0.023,0.024,0.02,0.022,0,0.024,0.026,0.024,0.028,0.697,0.02,0.026,0.541,0.378,0,0.028,0.032,0.032,0.028,0.022,0.033,0.032,0.024,0.023,0.021,0,0,0,0,0,0,0,0,0.023,0.023,0.024,0.022,0.03,0.026,0.024,0,0,0.028,0.018,0,0,0.026,0.026,0.02,0.027,0.021,0.024,0.027,0,0.023,0.02,0.018,0,0.028,0.026,0.022,0.021,0,0,0,0,0,0,0.023,0,0,0,0,0.02,0.017,0.017
GO:0051656,0,0,0,0,0,0,0,0,0,0,0,0,0,0,0,0,0,0,0,0,0,0,0,0,0,0,0.472,0,0,0,0,0,0,0,0,0,0,0,0,0,0,0,0,0,0,0,0,0,0,0,0,0,0,0,0,0,0,0,0,0,0,0,0,0,0,0,0,0,0,0,0,0,0,0,0,0,0,0,0,0,0,0,0,0,0,0,0.955,0.408,0.501,0.503,0,0,0,0,0,0,0,0,0,0,0,0,0,0,0,0,0,0,0,0,0,0,0,0,0,0,0,0,0,0,0,0,0,0,0,0,0,0,0,0,0,0,0,0,0,0,0,0,0,0,0,0,0,0,0,0,0,0,0,0,0,0,0,0,0,0,0,0,0,0,0,0,0,0,0,0,0,0,0,0,0,0,0,0,0,0,0,0,0,0,0,0,0,0,0,0,0,0,0.408,0.401,0.819,0.83,0.415,0.887,0.993,0.773,0.315,0,0.352,0.312,0,0,0,0,0,0,0,0,0,0,0,0,0,0,0,0,0,0,0,0,0,0,0,0,0,0,0,0,0,0,0,0,0,0,0,0,0,0,0,0,0,0,0,0,0,0,0,0,0,0,0,0,0,0,0,0,0,0,0,0,0,0,0,0,0,0,0,0,0,0,0,0,0,0,0,0,0,0,0,0,0,0,0,0,0,0,0,0,0,0,0,0,0,0,0,0,0,0,0,0,0,0,0,0,0,0,0,0,0,0,0,0,0,0,0,0,0,0,0,0,0,0,0,0,0,0,0,0,0,0,0,0,0,0,0,0,0,0,0,0,0,0,0,0,0,0,0,0,0,0,0,0,0,0,0,0,0,0,0,0,0,0,0,0,0,0,0,0,0,0,0,0,0,0,0,0,0,0,0,0,0,0,0,0,0,0.766,0,0,0.308,0.433,0,0,0,0,0,0,0,0,0,0,0,0,0,0,0,0,0,0,0,0,0,0,0,0,0,0,0,0,0,0,0,0,0,0,0,0,0,0,0,0,0,0,0,0,0,0,0,0,0,0,0,0,0,0,0,0,0,0,0,0,0,0
GO:0097479,0,0,0,0,0,0,0,0,0,0,0,0,0,0,0,0,0,0,0,0,0,0,0,0,0,0,0.369,0,0,0,0,0,0,0,0,0,0,0,0,0,0,0,0,0,0,0,0,0,0,0,0,0,0,0,0,0,0,0,0,0,0,0,0,0,0,0,0,0,0,0,0,0,0,0,0,0,0,0,0,0,0,0,0,0,0,0,0.796,0.329,0.363,0.364,0,0,0,0,0,0,0,0,0,0,0,0,0,0,0,0,0,0,0,0,0,0,0,0,0,0,0,0,0,0,0,0,0,0,0,0,0,0,0,0,0,0,0,0,0,0,0,0,0,0,0,0,0,0,0,0,0,0,0,0,0,0,0,0,0,0,0,0,0,0,0,0,0,0,0,0,0,0,0,0,0,0,0,0,0,0,0,0,0,0,0,0,0,0,0,0,0,0,0.308,0.304,0.985,0.935,0.312,0.929,0.773,0.999,0.248,0,0.292,0.263,0,0,0,0,0,0,0,0,0,0,0,0,0,0,0,0,0,0,0,0,0,0,0,0,0,0,0,0,0,0,0,0,0,0,0,0,0,0,0,0,0,0,0,0,0,0,0,0,0,0,0,0,0,0,0,0,0,0,0,0,0,0,0,0,0,0,0,0,0,0,0,0,0,0,0,0,0,0,0,0,0,0,0,0,0,0,0,0,0,0,0,0,0,0,0,0,0,0,0,0,0,0,0,0,0,0,0,0,0,0,0,0,0,0,0,0,0,0,0,0,0,0,0,0,0,0,0,0,0,0,0,0,0,0,0,0,0,0,0,0,0,0,0,0,0,0,0,0,0,0,0,0,0,0,0,0,0,0,0,0,0,0,0,0,0,0,0,0,0,0,0,0,0,0,0,0,0,0,0,0,0,0,0,0,0,0.66,0,0,0.244,0.324,0,0,0,0,0,0,0,0,0,0,0,0,0,0,0,0,0,0,0,0,0,0,0,0,0,0,0,0,0,0,0,0,0,0,0,0,0,0,0,0,0,0,0,0,0,0,0,0,0,0,0,0,0,0,0,0,0,0,0,0,0,0
GO:0099003,0,0,0,0,0,0,0,0,0,0,0,0,0,0,0,0,0,0,0,0,0,0,0,0,0,0,0.4,0,0,0,0,0,0,0,0,0,0,0,0,0,0,0,0,0,0,0,0,0,0,0,0,0,0,0,0,0,0,0,0,0,0,0,0,0,0,0,0,0,0,0,0,0,0,0,0,0,0,0,0,0,0,0,0,0,0,0,0.299,0.353,0.434,0.427,0,0,0,0,0,0,0,0,0,0,0,0,0,0,0,0,0,0,0,0,0,0,0,0,0,0,0,0,0,0,0,0,0,0,0,0,0,0,0,0,0,0,0,0,0,0,0,0,0,0,0,0,0,0,0,0,0,0,0,0,0,0,0,0,0,0,0,0,0,0,0,0,0,0,0,0,0,0,0,0,0,0,0,0,0,0,0,0,0,0,0,0,0,0,0,0,0,0,0.721,0.359,0.27,0.264,0.362,0.285,0.315,0.248,0.998,0,0.31,0.279,0,0,0,0,0,0,0,0,0,0,0,0,0,0,0,0,0,0,0,0,0,0,0,0,0,0,0,0,0,0,0,0,0,0,0,0,0,0,0,0,0,0,0,0,0,0,0,0,0,0,0,0,0,0,0,0,0,0,0,0,0,0,0,0,0,0,0,0,0,0,0,0,0,0,0,0,0,0,0,0,0,0,0,0,0,0,0,0,0,0,0,0,0,0,0,0,0,0,0,0,0,0,0,0,0,0,0,0,0,0,0,0,0,0,0,0,0,0,0,0,0,0,0,0,0,0,0,0,0,0,0,0,0,0,0,0,0,0,0,0,0,0,0,0,0,0,0,0,0,0,0,0,0,0,0,0,0,0,0,0,0,0,0,0,0,0,0,0,0,0,0,0,0,0,0,0,0,0,0,0,0,0,0,0,0,0.246,0,0,0.284,0.383,0,0,0,0,0,0,0,0,0,0,0,0,0,0,0,0,0,0,0,0,0,0,0,0,0,0,0,0,0,0,0,0,0,0,0,0,0,0,0,0,0,0,0,0,0,0,0,0,0,0,0,0,0,0,0,0,0,0,0,0,0,0
GO:0010942,0,0.031,0,0.042,0.033,0.235,0.288,0,0.037,0,0.032,0.218,0.261,0.269,0.329,0,0.243,0,0.033,0.034,0.034,0.035,0.034,0.033,0,0.033,0,0,0.534,0.24,0.528,0.246,0.195,0.605,0.592,0.659,0.2,0.229,0.52,0.234,0.229,0,0,0.174,0.176,0.026,0,0,0.178,0.44,0.157,0.159,0.197,0.47,0.225,0.029,0,0.032,0.204,0.239,0.277,0.222,0.522,0.229,0.222,0.541,0.925,0.281,0.465,0.281,0,0.896,0.907,0.478,0.279,0.277,0.223,0.277,0.226,0.226,0.029,0.253,0.215,0.239,0,0.029,0,0.03,0,0,0.146,0.364,0.026,0.027,0.216,0.262,0.184,0.183,0.204,0.191,0,0.232,0,0.224,0.228,0.193,0.225,0,0.027,0.026,0.224,0.224,0.208,0.216,0.498,0.806,0.835,0.52,0.824,0.442,0.501,0.222,0.516,0.18,0.41,0.201,0.454,0.216,0.209,0.477,0.52,0.153,0.147,0.2,0.446,0.498,0.761,0.026,0,0,0.029,0.033,0.032,0,0.162,0.223,0.224,0.177,0.181,0.025,0.231,0.028,0.215,0.204,0.208,0,0,0,0,0,0.03,0,0,0.182,0.844,0.848,0.226,0,0,0,0,0.03,0.204,0.204,0.86,0.186,0,0.183,0.022,0.022,0.028,0.026,0.023,0.024,0.027,0.022,0.022,0.022,0,0.028,0.021,0,0.029,0.023,0,0,0,0.998,0.195,0.221,0,0.954,0.974,0.019,0.736,0.021,0.025,0.024,0.025,0.021,0.026,0.022,0.21,0.225,0.196,0.138,0.357,0.19,0.175,0.233,0.146,0.143,0.223,0.218,0.147,0.19,0,0.136,0.19,0.167,0.224,0.183,0.164,0.197,0.177,0.21,0.028,0.025,0.027,0.023,0.019,0.028,0.026,0.024,0.028,0.023,0.023,0.027,0.028,0.028,0.028,0,0,0,0,0.021,0,0,0.148,0.136,0.03,0.021,0.029,0.021,0.02,0.026,0,0,0,0.175,0,0,0,0,0,0,0,0.495,0,0.494,0.46,0.214,0.027,0,0,0.031,0.031,0,0.023,0.201,0.444,0.023,0.022,0.576,0.164,0.137,0.115,0.03,0.186,0.435,0.423,0,0,0.182,0.017,0.031,0,0,0.021,0.201,0,0.021,0.027,0.026,0.199,0.216,0.512,0.568,0.206,0.58,0.558,0,0,0,0,0,0.153,0.201,0.386,0.173,0.173,0.577,0,0,0,0.023,0.195,0.026,0.017,0.023,0.498,0.435,0.03,0,0,0,0.023,0.21,0.456,0.198,0.568,0.183,0.175,0.396,0.213,0.479,0.568,0.175,0.169,0.021,0.02,0.027,0.029,0.186,0.2,0.187,0.179,0.028,0.021,0.028,0.024,0.193,0.181,0.157,0.158,0.024,0.023,0.024,0.02,0.2,0.153,0.024,0.026,0.024,0.027,0.021,0.187,0.026,0.022,0.03,0,0.028,0.032,0.032,0.028,0.021,0.033,0.296,0.216,0.21,0.191,0,0,0,0,0,0,0,0,0.023,0.147,0.024,0.488,0.03,0.025,0.024,0,0,0.028,0.164,0.178,0,0.026,0.025,0.186,0.027,0.198,0.153,0.252,0,0.509,0.186,0.396,0.121,0.028,0.026,0.205,0.468,0,0,0.494,0.494,0.166,0.418,0.212,0,0.154,0.121,0.157,0.757,0.665,0.665
GO:0032879,0,0,0,0,0,0.304,0.291,0,0,0,0,0.275,0.257,0.363,0.348,0,0.329,0,0,0,0,0,0,0,0,0,0.528,0,0.252,0.232,0.248,0.239,0.239,0.244,0.287,0.272,0.248,0.293,0.243,0.302,0.294,0,0,0.214,0.217,0,0,0,0.214,0.199,0.189,0.192,0.244,0.215,0.215,0,0,0,0.254,0.231,0.278,0.282,0.204,0.294,0.282,0.213,0.211,0.282,0.213,0.282,0,0.203,0.206,0.22,0.281,0.278,0.213,0.278,0.216,0.216,0,0.248,0.204,0.231,0,0,0.366,0.449,0.515,0.518,0.17,0.159,0,0,0.204,0.259,0.223,0.222,0.253,0.234,0,0.223,0,0.213,0.218,0.237,0.215,0,0,0,0.213,0.213,0.196,0.204,0.193,0,0,0.203,0,0.168,0.194,0.211,0.201,0.165,0.154,0.188,0.173,0.204,0.196,0.183,0.203,0.183,0.175,0.187,0.169,0.193,0.168,0,0,0,0,0,0,0,0.196,0.212,0.213,0.213,0.219,0,0.222,0,0.204,0.191,0.196,0,0,0,0,0,0,0,0,0.221,0.189,0.19,0.215,0,0,0,0,0,0.254,0.253,0.194,0.233,0,0.221,0,0,0,0,0,0,0,0,0,0,0.411,0.404,0.287,0.315,0.419,0.312,0.352,0.292,0.31,0.195,0.985,0.864,0,0.185,0.189,0,0.137,0,0,0,0,0,0,0,0.198,0.214,0.182,0.159,0.156,0.176,0.159,0.224,0.174,0.169,0.212,0.207,0.175,0.176,0,0.159,0.176,0.151,0.214,0.169,0.148,0.184,0.162,0.198,0,0,0,0,0,0,0,0,0,0,0,0,0,0,0,0,0,0,0,0,0,0,0.173,0.156,0,0,0,0,0,0,0,0,0,0.159,0,0,0,0,0,0,0,0.23,0,0.229,0.21,0.202,0,0,0,0,0,0,0,0.187,0.169,0,0,0.23,0.148,0.161,0.132,0,0.172,0.165,0.159,0,0,0.167,0,0,0,0,0,0.188,0,0,0,0,0.185,0.205,0.199,0.226,0.193,0.232,0.221,0,0,0,0,0,0.137,0.188,0.144,0.208,0.208,0.23,0,0,0,0,0.181,0,0,0,0.193,0.165,0,0,0,0,0,0.198,0.174,0.185,0.226,0.168,0.159,0.148,0.201,0.184,0.226,0.159,0.154,0,0,0,0,0.172,0.187,0.172,0.163,0,0,0,0,0.178,0.166,0.189,0.191,0,0,0,0,0.187,0.183,0,0,0,0,0.289,0.172,0,0.304,0.439,0,0,0,0,0,0,0,0.302,0.205,0.198,0.176,0,0,0,0,0,0,0,0,0,0.174,0,0.188,0,0,0,0,0,0,0.148,0.214,0,0,0,0.171,0,0.184,0.184,0.247,0,0.198,0.172,0.148,0.137,0,0,0.192,0.179,0,0,0.229,0.229,0.197,0.187,0.199,0,0.185,0.137,0.185,0.167,0.144,0.144
GO:0032880,0,0.034,0,0.048,0.036,0.258,0.314,0,0.042,0,0.034,0.237,0.283,0.299,0.365,0,0.27,0,0.037,0.037,0.038,0.038,0.037,0.037,0,0.036,0.442,0,0.219,0.258,0.217,0.265,0.21,0.27,0.246,0.296,0.216,0.25,0.213,0.256,0.25,0,0,0.188,0.19,0.028,0,0,0.19,0.178,0.168,0.171,0.213,0.191,0.241,0.031,0,0.036,0.221,0.257,0.302,0.242,0.231,0.251,0.242,0.239,0.238,0.306,0.189,0.306,0,0.23,0.233,0.195,0.305,0.302,0.239,0.302,0.242,0.242,0.032,0.274,0.23,0.257,0,0.031,0.323,0.673,0.433,0.435,0.155,0.146,0.028,0.029,0.23,0.285,0.197,0.196,0.22,0.206,0,0.249,0,0.24,0.244,0.208,0.241,0,0.029,0.028,0.24,0.24,0.222,0.231,0.219,0.027,0.028,0.229,0.028,0.193,0.221,0.238,0.227,0.19,0.178,0.214,0.199,0.231,0.223,0.209,0.229,0.164,0.157,0.213,0.195,0.219,0.193,0.028,0,0,0.031,0.036,0.035,0,0.173,0.239,0.24,0.19,0.194,0.026,0.248,0.031,0.23,0.217,0.222,0,0,0,0,0,0.033,0,0,0.196,0.215,0.216,0.242,0,0,0,0,0.033,0.221,0.22,0.22,0.202,0,0.196,0.024,0.024,0.03,0.028,0.025,0.026,0.029,0.023,0.023,0.023,0.357,0.613,0.453,0.282,0.633,0.489,0.312,0.263,0.279,0.221,0.864,0.996,0,0.211,0.215,0.02,0.16,0.022,0.026,0.026,0.027,0.023,0.028,0.024,0.224,0.241,0.208,0.146,0.143,0.201,0.184,0.25,0.156,0.152,0.238,0.233,0.157,0.201,0,0.144,0.201,0.176,0.24,0.194,0.172,0.21,0.187,0.224,0.03,0.027,0.03,0.024,0.02,0.03,0.028,0.026,0.03,0.025,0.025,0.03,0.03,0.031,0.03,0,0,0,0,0.022,0,0,0.157,0.143,0.033,0.022,0.031,0.022,0.022,0.028,0,0,0,0.184,0,0,0,0,0,0,0,0.202,0,0.202,0.187,0.228,0.029,0,0,0.034,0.034,0,0.025,0.213,0.194,0.025,0.023,0.256,0.172,0.146,0.121,0.033,0.197,0.19,0.184,0,0,0.192,0.018,0.034,0,0,0.022,0.214,0,0.022,0.029,0.028,0.211,0.231,0.226,0.252,0.219,0.258,0.248,0,0,0,0,0,0.16,0.214,0.168,0.185,0.186,0.256,0,0,0,0.024,0.207,0.028,0.017,0.025,0.219,0.19,0.033,0,0,0,0.025,0.224,0.199,0.211,0.252,0.193,0.184,0.172,0.228,0.21,0.252,0.184,0.178,0.022,0.022,0.029,0.032,0.197,0.213,0.198,0.189,0.031,0.022,0.03,0.026,0.204,0.191,0.168,0.17,0.026,0.024,0.026,0.022,0.213,0.163,0.025,0.028,0.026,0.03,0.261,0.198,0.028,0.477,0.378,0,0.031,0.035,0.035,0.03,0.023,0.036,0.325,0.231,0.224,0.202,0,0,0,0,0,0,0,0,0.024,0.156,0.026,0.215,0.032,0.027,0.025,0,0,0.03,0.172,0.19,0,0.028,0.027,0.196,0.029,0.21,0.164,0.273,0,0.224,0.197,0.172,0.127,0.03,0.027,0.218,0.205,0,0,0.202,0.202,0.177,0.169,0.226,0,0.165,0.127,0.167,0.192,0.168,0.168
GO:0034097,0,0,0,0,0,0,0,0,0,0,0,0,0,0,0,0.272,0,0,0,0,0,0,0,0,0,0.261,0,0,0,0.216,0,0,0,0,0,0,0.225,0,0,0,0,0,0,0,0,0,0.626,0.479,0,0,0,0,0,0,0.205,0,0,0,0,0,0,0,0.198,0,0,0,0,0,0,0,0,0,0,0.208,0,0,0,0,0,0,0,0,0,0,0.247,0.233,0,0,0,0,0,0,0,0,0,0,0,0,0,0,0,0,0,0,0,0,0,0,0.441,0.614,0,0,0,0,0,0,0,0,0,0,0,0,0,0,0.162,0.187,0.176,0,0,0,0,0,0,0,0,0.19,0.172,0,0,0,0,0,0,0,0,0.203,0,0,0.207,0,0,0,0,0,0,0,0,0,0,0,0,0,0,0,0,0,0,0,0,0,0,0,0,0,0,0,0,0,0.189,0.19,0,0.214,0.196,0,0.221,0,0,0,0,0,0,0,0,0,0,0,0,0,0,0,1,0,0,1,0.148,0,0,0,0,0,0,0,0,0,0,0,0,0.178,0.166,0,0,0,0,0,0,0,0.544,0,0,0,0,0,0,0,0,0.194,0,0,0,0,0,0,0,0,0,0,0,0,0,0,0,0,0,0,0,0,0,0.416,0,0,0,0,0,0,0,0,0,0,0,0,0.236,0.223,0.208,0,0,0,0,0,0,0,0,0,0,0,0,0,0,0,0,0.186,0.173,0,0,0,0,0,0,0,0,0,0,0,0.454,0,0,0,0,0,0,0,0.223,0,0,0,0,0,0,0,0,0,0,0,0,0,0,0,0,0,0,0,0,0,0.223,0,0,0,0.182,0,0.416,0,0,0.17,0,0,0,0.4,0.391,0,0,0,0,0,0,0,0,0,0,0,0,0,0,0,0,0,0,0,0,0,0,0,0,0,0,0,0,0,0,0,0,0,0,0,0,0,0,0,0,0,0,0,0,0,0,0,0,0,0,0.255,0.198,0.194,0.179,0,0,0,0,0,0,0,0,0,0,0,0,0,0,0,0,0,0,0,0,0,0,0,0,0,0.184,0,0.225,0,0,0,0,0,0,0,0,0,0,0,0,0,0,0,0,0,0,0,0,0.171,0.154,0.154
GO:0043065,0,0.029,0,0.039,0.031,0.221,0.27,0,0.035,0,0.03,0.205,0.247,0.25,0.307,0,0.226,0,0.031,0.032,0.032,0.032,0.032,0.031,0,0.031,0,0,0.505,0.228,0.5,0.233,0.185,0.573,0.557,0.622,0.19,0.215,0.492,0.22,0.215,0,0,0.165,0.167,0.025,0,0,0.169,0.42,0.15,0.152,0.187,0.448,0.214,0.027,0,0.03,0.193,0.227,0.261,0.209,0.499,0.215,0.209,0.515,0.882,0.264,0.443,0.264,0,0.918,0.904,0.455,0.263,0.261,0.213,0.261,0.215,0.215,0.028,0.24,0.206,0.227,0,0.027,0,0.029,0,0,0.141,0.35,0.025,0.026,0.206,0.248,0.175,0.174,0.193,0.182,0,0.221,0,0.213,0.217,0.183,0.215,0,0.026,0.025,0.213,0.213,0.199,0.206,0.476,0.835,0.793,0.496,0.808,0.425,0.479,0.212,0.492,0.173,0.395,0.192,0.436,0.206,0.2,0.457,0.496,0.146,0.14,0.192,0.428,0.476,0.785,0.025,0,0,0.027,0.031,0.03,0,0.154,0.212,0.213,0.169,0.172,0.023,0.22,0.027,0.206,0.195,0.199,0,0,0,0,0,0.028,0,0,0.173,0.867,0.847,0.215,0,0,0,0,0.028,0.193,0.193,0.823,0.176,0,0.174,0.021,0.021,0.026,0.024,0.022,0.023,0.025,0.021,0.021,0.021,0,0.026,0.02,0,0.027,0.022,0,0,0,0.954,0.185,0.211,0,0.999,0.978,0.018,0.778,0.02,0.023,0.023,0.024,0.021,0.024,0.021,0.201,0.214,0.187,0.133,0.344,0.182,0.168,0.221,0.14,0.137,0.212,0.208,0.141,0.182,0,0.13,0.182,0.161,0.214,0.176,0.158,0.189,0.171,0.201,0.027,0.024,0.026,0.022,0.018,0.026,0.025,0.023,0.026,0.022,0.022,0.026,0.026,0.027,0.026,0,0,0,0,0.02,0,0,0.143,0.131,0.029,0.02,0.027,0.02,0.02,0.025,0,0,0,0.168,0,0,0,0,0,0,0,0.471,0,0.47,0.438,0.204,0.025,0,0,0.029,0.029,0,0.022,0.192,0.427,0.022,0.021,0.547,0.158,0.131,0.111,0.029,0.179,0.418,0.407,0,0,0.175,0.017,0.029,0,0,0.02,0.193,0,0.02,0.025,0.024,0.19,0.206,0.489,0.54,0.197,0.551,0.531,0,0,0,0,0,0.148,0.193,0.373,0.165,0.165,0.548,0,0,0,0.022,0.187,0.025,0.016,0.022,0.476,0.418,0.029,0,0,0,0.022,0.201,0.437,0.19,0.54,0.175,0.168,0.383,0.204,0.459,0.54,0.168,0.163,0.02,0.02,0.025,0.028,0.179,0.192,0.18,0.172,0.027,0.02,0.026,0.023,0.185,0.174,0.149,0.151,0.023,0.022,0.023,0.02,0.192,0.146,0.023,0.025,0.023,0.026,0.02,0.18,0.025,0.021,0.028,0,0.027,0.03,0.03,0.026,0.021,0.031,0.278,0.206,0.201,0.183,0,0,0,0,0,0,0,0,0.022,0.14,0.023,0.467,0.028,0.024,0.023,0,0,0.026,0.158,0.169,0,0.024,0.024,0.178,0.026,0.189,0.146,0.239,0,0.486,0.179,0.383,0.117,0.026,0.024,0.196,0.449,0,0,0.469,0.47,0.158,0.4,0.202,0,0.147,0.117,0.15,0.781,0.69,0.69
GO:0043068,0,0.03,0,0.04,0.032,0.227,0.278,0,0.036,0,0.03,0.211,0.253,0.259,0.317,0,0.233,0,0.032,0.033,0.033,0.033,0.033,0.032,0,0.032,0,0,0.518,0.233,0.513,0.239,0.189,0.588,0.573,0.639,0.194,0.221,0.505,0.226,0.221,0,0,0.169,0.171,0.025,0,0,0.173,0.429,0.153,0.155,0.192,0.458,0.219,0.028,0,0.031,0.198,0.232,0.268,0.215,0.51,0.222,0.215,0.527,0.902,0.272,0.453,0.272,0,0.913,0.924,0.466,0.271,0.268,0.218,0.268,0.22,0.22,0.028,0.246,0.21,0.232,0,0.028,0,0.029,0,0,0.143,0.357,0.026,0.026,0.21,0.255,0.179,0.178,0.198,0.186,0,0.226,0,0.218,0.222,0.188,0.219,0,0.026,0.026,0.218,0.218,0.204,0.211,0.486,0.81,0.812,0.507,0.828,0.433,0.489,0.216,0.503,0.176,0.402,0.196,0.444,0.211,0.204,0.466,0.507,0.149,0.143,0.195,0.436,0.486,0.778,0.025,0,0,0.028,0.032,0.031,0,0.157,0.217,0.218,0.173,0.176,0.024,0.225,0.028,0.21,0.199,0.203,0,0,0,0,0,0.029,0,0,0.177,0.862,0.865,0.22,0,0,0,0,0.029,0.198,0.198,0.84,0.18,0,0.178,0.022,0.022,0.027,0.025,0.022,0.023,0.026,0.021,0.021,0.021,0,0.027,0.021,0,0.028,0.022,0,0,0,0.974,0.189,0.215,0,0.978,0.998,0.018,0.759,0.02,0.024,0.024,0.024,0.021,0.025,0.022,0.205,0.219,0.191,0.135,0.35,0.186,0.171,0.227,0.143,0.14,0.217,0.212,0.144,0.186,0,0.133,0.186,0.164,0.218,0.18,0.161,0.193,0.174,0.205,0.027,0.025,0.027,0.022,0.018,0.027,0.026,0.024,0.027,0.023,0.023,0.027,0.027,0.028,0.027,0,0,0,0,0.02,0,0,0.145,0.133,0.029,0.021,0.028,0.02,0.02,0.025,0,0,0,0.171,0,0,0,0,0,0,0,0.482,0,0.481,0.448,0.208,0.026,0,0,0.03,0.03,0,0.023,0.196,0.434,0.023,0.021,0.56,0.161,0.134,0.113,0.029,0.182,0.426,0.414,0,0,0.178,0.017,0.03,0,0,0.02,0.197,0,0.02,0.026,0.025,0.194,0.211,0.499,0.553,0.201,0.564,0.544,0,0,0,0,0,0.15,0.197,0.379,0.169,0.169,0.561,0,0,0,0.022,0.191,0.025,0.016,0.023,0.486,0.426,0.029,0,0,0,0.023,0.205,0.446,0.194,0.553,0.179,0.171,0.389,0.208,0.468,0.553,0.171,0.166,0.02,0.02,0.026,0.028,0.182,0.196,0.183,0.175,0.027,0.021,0.027,0.023,0.188,0.177,0.153,0.154,0.023,0.022,0.024,0.02,0.196,0.149,0.023,0.025,0.023,0.027,0.021,0.183,0.025,0.022,0.029,0,0.027,0.031,0.031,0.027,0.021,0.032,0.286,0.211,0.205,0.186,0,0,0,0,0,0,0,0,0.022,0.143,0.024,0.477,0.029,0.025,0.023,0,0,0.027,0.161,0.173,0,0.025,0.025,0.182,0.026,0.193,0.149,0.245,0,0.496,0.182,0.389,0.119,0.027,0.025,0.2,0.458,0,0,0.48,0.481,0.162,0.408,0.206,0,0.15,0.119,0.153,0.775,0.682,0.682
GO:0071345,0,0.024,0,0.03,0.025,0,0.024,0,0.028,0,0.024,0,0.022,0,0.027,0.272,0,0,0.025,0.026,0.026,0.026,0.026,0.025,0,0.357,0,0,0,0.295,0,0.021,0,0.022,0,0.023,0.225,0,0,0,0,0,0,0,0,0.021,0.626,0.479,0,0,0,0,0,0,0.28,0.023,0,0.025,0,0.021,0.023,0,0.271,0,0,0.02,0.02,0.024,0,0.024,0,0.019,0.019,0.208,0.024,0.023,0.02,0.023,0.02,0.02,0.023,0.022,0.019,0.021,0.247,0.318,0,0.024,0,0,0,0,0.021,0.022,0.019,0.022,0,0,0,0,0,0.02,0,0.02,0.02,0,0.02,0,0.615,0.655,0.02,0.02,0.019,0.019,0.018,0.02,0.021,0.019,0.021,0.017,0.019,0.02,0.019,0.016,0.221,0.255,0.241,0.019,0.019,0.018,0.019,0,0,0.018,0.017,0.26,0.235,0.021,0,0,0.023,0.025,0.025,0,0,0.278,0.02,0,0.207,0.02,0.02,0.022,0.019,0.018,0.019,0,0,0,0,0,0.023,0,0,0,0.018,0.018,0.02,0,0,0,0,0.023,0,0,0.018,0,0,0,0.259,0.259,0.022,0.293,0.268,0.02,0.302,0.018,0.018,0.018,0,0.022,0.018,0,0.023,0.019,0,0,0,0.019,0,0.02,1,0.018,0.018,1,0.202,0.017,0.02,0.02,0.02,0.018,0.021,0.018,0.019,0.02,0.018,0,0,0.243,0.227,0.02,0,0,0.02,0.019,0,0.017,0.544,0,0.017,0.015,0.02,0.017,0.015,0.018,0.016,0.265,0.022,0.02,0.022,0.019,0.016,0.022,0.021,0.02,0.022,0.019,0.019,0.022,0.022,0.022,0.022,0,0,0,0,0.017,0,0.416,0,0,0.024,0.018,0.023,0.017,0.017,0.021,0,0,0,0.016,0.236,0.223,0.208,0,0,0,0,0,0,0,0,0.019,0.021,0,0,0.024,0.024,0,0.019,0.255,0.236,0.019,0.018,0.021,0.015,0,0,0.024,0.017,0.016,0.016,0,0.454,0.017,0.015,0.024,0,0,0.017,0.018,0.223,0.017,0.021,0.021,0.018,0.019,0.019,0.021,0.018,0.021,0.02,0,0,0,0,0,0.014,0.018,0.015,0,0,0.021,0.223,0,0,0.019,0.249,0.021,0.444,0.019,0.018,0.232,0.024,0,0,0.4,0.545,0.019,0.017,0.018,0.021,0.017,0.016,0.015,0.019,0.018,0.021,0.016,0.016,0.017,0.017,0.021,0.023,0.017,0.018,0.017,0.016,0.022,0.018,0.022,0.02,0.017,0.017,0,0,0.019,0.019,0.02,0.017,0.018,0,0.019,0.021,0.02,0.022,0.018,0.017,0.021,0.018,0.023,0,0.022,0.024,0.024,0.022,0.018,0.025,0.348,0.271,0.265,0.244,0,0,0,0,0,0,0,0,0.019,0.019,0.02,0.018,0.023,0.021,0.019,0,0,0.022,0.015,0,0,0.021,0.021,0.017,0.022,0.252,0.019,0.307,0,0.019,0.017,0.015,0,0.022,0.021,0.018,0.017,0,0,0,0,0,0,0.019,0,0,0,0,0.234,0.21,0.21
GO:2001235,0,0.021,0,0.025,0.022,0.156,0.193,0,0.023,0,0.021,0.148,0.18,0.17,0.21,0.233,0.153,0,0.022,0.022,0.022,0.022,0.022,0.022,0,0.307,0,0,0.371,0.591,0.368,0.564,0.564,0.424,0.398,0.449,0.534,0.153,0.364,0.155,0.153,0,0,0.122,0.123,0.018,0.195,0.212,0.128,0.323,0.114,0.115,0.138,0.339,0.564,0.02,0,0.021,0.142,0.169,0.188,0.15,0.698,0.153,0.15,0.664,0.67,0.189,0.664,0.189,0,0.702,0.69,0.636,0.189,0.188,0.162,0.188,0.163,0.163,0.02,0.177,0.157,0.169,0.214,0.278,0,0.02,0,0,0.111,0.28,0.019,0.019,0.157,0.181,0.131,0.131,0.141,0.135,0,0.166,0,0.162,0.164,0.136,0.162,0,0.269,0.262,0.162,0.162,0.154,0.158,0.368,0.628,0.591,0.38,0.605,0.336,0.37,0.161,0.378,0.137,0.581,0.519,0.629,0.158,0.154,0.356,0.38,0.111,0.108,0.149,0.339,0.674,0.853,0.018,0,0,0.02,0.022,0.021,0,0.116,0.56,0.528,0.528,0.496,0.018,0.166,0.02,0.157,0.151,0.153,0,0,0,0,0,0.02,0,0,0.131,0.672,0.656,0.163,0,0,0,0,0.02,0.142,0.141,0.635,0.128,0,0.131,0.232,0.232,0.019,0.258,0.239,0.017,0.265,0.016,0.016,0.016,0,0.019,0.016,0,0.02,0.017,0,0,0,0.736,0.137,0.16,0.148,0.778,0.759,0.202,1,0.016,0.018,0.018,0.018,0.016,0.018,0.016,0.154,0.162,0.146,0.106,0.276,0.498,0.467,0.166,0.108,0.106,0.161,0.159,0.108,0.143,0.173,0.102,0.143,0.13,0.162,0.14,0.128,0.147,0.136,0.537,0.019,0.018,0.019,0.017,0.014,0.019,0.019,0.017,0.019,0.017,0.017,0.019,0.019,0.02,0.019,0,0,0,0,0.015,0,0.136,0.112,0.105,0.02,0.016,0.02,0.016,0.015,0.018,0,0,0,0.134,0.206,0.195,0.184,0,0,0,0,0.352,0,0.351,0.333,0.156,0.019,0,0,0.021,0.021,0,0.017,0.519,0.618,0.017,0.016,0.409,0.128,0.103,0.09,0.02,0.141,0.332,0.325,0,0.147,0.139,0.014,0.021,0,0,0.016,0.15,0.195,0.016,0.019,0.018,0.148,0.158,0.375,0.405,0.152,0.411,0.4,0,0,0,0,0,0.121,0.15,0.303,0.126,0.126,0.409,0.195,0,0,0.017,0.508,0.019,0.185,0.017,0.368,0.608,0.02,0,0,0.181,0.242,0.154,0.344,0.148,0.405,0.139,0.134,0.309,0.156,0.358,0.405,0.134,0.131,0.016,0.015,0.019,0.02,0.141,0.149,0.142,0.137,0.019,0.016,0.019,0.017,0.145,0.138,0.113,0.114,0.017,0.017,0.018,0.015,0.149,0.111,0.017,0.018,0.017,0.019,0.016,0.142,0.019,0.016,0.02,0,0.019,0.021,0.021,0.019,0.016,0.326,0.347,0.279,0.273,0.254,0,0,0,0,0,0,0,0,0.017,0.108,0.018,0.363,0.02,0.018,0.017,0,0,0.019,0.128,0.128,0.328,0.018,0.018,0.141,0.019,0.261,0.112,0.311,0,0.374,0.141,0.309,0.096,0.019,0.018,0.151,0.351,0,0,0.351,0.351,0.122,0.311,0.155,0,0.112,0.096,0.117,0.85,0.769,0.769
GO:0000154,0.224,0.392,0.154,0.037,0.414,0.131,0.182,0.244,0.215,0.2,0.212,0,0.026,0,0.032,0,0,0.18,0.418,0.383,0.376,0.345,0.378,0.411,0.372,0.03,0,0.5,0.114,0.024,0.187,0.025,0,0.16,0,0.027,0,0.191,0.167,0.215,0.17,0.224,0.21,0,0,0.335,0,0,0.393,0.371,0,0,0.184,0.168,0.023,0.646,0.406,0.453,0.115,0.154,0.421,0.124,0.022,0.383,0.205,0.022,0.022,0.346,0,0.178,0.495,0.022,0.022,0,0.424,0.421,0.167,0.421,0.146,0.146,0.615,0.351,0.022,0.024,0,0.026,0,0.028,0,0,0.328,0.311,0.748,0.708,0.334,0.401,0.104,0.172,0.19,0.324,0.408,0.15,0.413,0.346,0.286,0.164,0.348,0.422,0.025,0.024,0.346,0.346,0.156,0.379,0.363,0.023,0.024,0.139,0.024,0.324,0.135,0.144,0.138,0.319,0.302,0.02,0.019,0.14,0.368,0.348,0.139,0,0,0.353,0.327,0.021,0.019,0.762,0.135,0.215,0.195,0.193,0.323,0.159,0,0.022,0.022,0,0,0.317,0.023,0.599,0.022,0.021,0.293,0,0,0,0,0,0.027,0,0,0,0.02,0.021,0.023,0,0,0,0,0.027,0,0,0.021,0,0,0,0.282,0.282,0.346,0.324,0.293,0.305,0.025,0.282,0.282,0.286,0,0.026,0.02,0,0.026,0.021,0,0,0,0.021,0,0.022,0,0.02,0.02,0.017,0.016,0.999,0.834,0.84,0.825,0.735,0.788,0.688,0.295,0.314,0.276,0.311,0.305,0.019,0.018,0.325,0,0,0.514,0.305,0,0.444,0,0,0.444,0.393,0.314,0.429,0.386,0.46,0.416,0.021,0.166,0.663,0.338,0.603,0.499,0.285,0.163,0.688,0.165,0.146,0.61,0.279,0.165,0.289,0.281,0.123,0.184,0,0,0.019,0,0,0,0,0.425,0.305,0.404,0.301,0.474,0.592,0.308,0,0,0.018,0,0,0,0,0,0,0,0.107,0.302,0.176,0.298,0.022,0.38,0.394,0.318,0.349,0.347,0,0.684,0.02,0.019,0.536,0.498,0.153,0.414,0,0,0.425,0.292,0.282,0.274,0.274,0,0.285,0.517,0.352,0,0,0.019,0.02,0,0.3,0.342,0.024,0.02,0.022,0.021,0.362,0.021,0.3,0.356,0,0,0,0,0,0.016,0.502,0.404,0,0,0.367,0,0,0,0.021,0.02,0.556,0.016,0.302,0.021,0.018,0.425,0,0.343,0,0.022,0.021,0.019,0.02,0.362,0.019,0.018,0.017,0.331,0.309,0.362,0.018,0.017,0.273,0.019,0.025,0.027,0.019,0.13,0.122,0.117,0.026,0.02,0.353,0.512,0.126,0.118,0,0,0.022,0.021,0.315,0.019,0.13,0,0.507,0.553,0.51,0.351,0.02,0.019,0.024,0.021,0.027,0,0.451,0.185,0.185,0.354,0.28,0.029,0.029,0.022,0.021,0.019,0,0,0,0,0,0,0,0,0.021,0.293,0.314,0.02,0.174,0.023,0.386,0.433,0.386,0.025,0.017,0,0,0.024,0.328,0.019,0.025,0.02,0.305,0.025,0,0.021,0.019,0.017,0,0.025,0.024,0.021,0.02,0,0,0,0,0,0,0.021,0,0,0,0,0.018,0.016,0.016
GO:0006364,0.292,0.489,0.204,0.05,0.525,0.165,0.228,0.318,0.281,0.263,0.266,0,0.032,0,0.041,0,0,0.237,0.53,0.488,0.481,0.443,0.483,0.522,0.475,0.038,0,0.267,0.139,0.029,0.228,0.03,0,0.195,0,0.033,0,0.24,0.203,0.271,0.213,0.286,0.269,0,0,0.403,0,0,0.199,0.186,0,0,0.224,0.2,0.027,0.793,0.516,0.572,0.141,0.185,0.522,0.154,0.026,0.479,0.255,0.027,0.026,0.431,0,0.222,0.264,0.026,0.026,0,0.527,0.522,0.198,0.522,0.174,0.174,0.758,0.427,0.026,0.029,0,0.032,0,0.034,0,0,0.161,0.151,0.903,0.861,0.395,0.491,0.125,0.205,0.232,0.391,0.208,0.179,0.211,0.411,0.341,0.198,0.414,0.217,0.03,0.029,0.411,0.411,0.184,0.191,0.181,0.028,0.029,0.164,0.028,0.159,0.158,0.17,0.163,0.156,0.146,0.024,0.022,0.165,0.184,0.172,0.164,0,0,0.175,0.16,0.024,0.021,0.918,0.171,0.271,0.239,0.244,0.406,0.202,0,0.027,0.027,0,0,0.378,0.028,0.734,0.026,0.024,0.344,0,0,0,0,0,0.034,0,0,0,0.024,0.024,0.027,0,0,0,0,0.034,0,0,0.024,0,0,0,0.33,0.331,0.422,0.39,0.345,0.362,0.03,0.329,0.329,0.335,0,0.031,0.023,0,0.032,0.025,0,0,0,0.025,0,0.026,0,0.023,0.024,0.02,0.018,0.834,0.994,0.415,0.985,0.857,0.946,0.806,0.347,0.374,0.321,0.151,0.148,0.022,0.02,0.389,0,0,0.611,0.361,0,0.514,0,0,0.514,0.447,0.373,0.495,0.438,0.536,0.477,0.025,0.203,0.794,0.411,0.711,0.571,0.348,0.197,0.818,0.202,0.172,0.719,0.34,0.202,0.354,0.343,0.152,0.228,0,0,0.022,0,0,0,0,0.528,0.355,0.496,0.349,0.548,0.713,0.15,0,0,0.02,0,0,0,0,0,0,0,0.128,0.146,0.212,0.353,0.025,0.461,0.2,0.155,0.436,0.433,0,0.807,0.024,0.021,0.633,0.581,0.184,0.47,0,0,0.529,0.337,0.324,0.314,0.131,0,0.328,0.585,0.44,0,0,0.022,0.024,0,0.348,0.414,0.028,0.023,0.026,0.025,0.434,0.024,0.361,0.425,0,0,0,0,0,0.018,0.587,0.457,0,0,0.441,0,0,0,0.025,0.023,0.671,0.018,0.357,0.024,0.021,0.529,0,0.429,0,0.026,0.025,0.022,0.023,0.434,0.021,0.02,0.019,0.39,0.36,0.434,0.02,0.02,0.317,0.022,0.03,0.033,0.022,0.152,0.141,0.135,0.032,0.023,0.43,0.608,0.146,0.136,0,0,0.026,0.025,0.374,0.022,0.152,0,0.6,0.667,0.605,0.427,0.023,0.022,0.029,0.024,0.034,0,0.235,0.232,0.232,0.431,0.326,0.037,0.037,0.026,0.025,0.022,0,0,0,0,0,0,0,0,0.025,0.344,0.374,0.024,0.215,0.028,0.195,0.223,0.195,0.031,0.019,0,0,0.029,0.394,0.022,0.03,0.023,0.361,0.031,0,0.025,0.022,0.019,0,0.031,0.028,0.024,0.023,0,0,0,0,0,0,0.025,0,0,0,0,0.021,0.019,0.019
GO:0009451,0.289,0.035,0.202,0.05,0.037,0.163,0.226,0.314,0.278,0.26,0.264,0,0.031,0,0.041,0,0,0.234,0.038,0.484,0.476,0.439,0.478,0.517,0.471,0.038,0,0.622,0.138,0.029,0.226,0.029,0,0.193,0,0.033,0,0.238,0.202,0.269,0.211,0.283,0.266,0,0,0.029,0,0,0.465,0.435,0,0,0.222,0.199,0.027,0.491,0.282,0.567,0.139,0.183,0.518,0.153,0.026,0.263,0.253,0.026,0.026,0.427,0,0.22,0.614,0.025,0.026,0,0.523,0.518,0.197,0.518,0.173,0.173,0.033,0.03,0.025,0.028,0,0.032,0,0.034,0,0,0.377,0.354,0.45,0.466,0.392,0.487,0.124,0.204,0.23,0.215,0.485,0.178,0.493,0.409,0.339,0.197,0.412,0.506,0.03,0.029,0.409,0.409,0.182,0.446,0.423,0.028,0.029,0.163,0.028,0.371,0.157,0.169,0.162,0.365,0.342,0.024,0.022,0.164,0.43,0.403,0.163,0,0,0.41,0.375,0.024,0.021,0.029,0.17,0.269,0.237,0.242,0.403,0.2,0,0.026,0.027,0,0,0.027,0.028,0.032,0.025,0.024,0.025,0,0,0,0,0,0.034,0,0,0,0.024,0.024,0.027,0,0,0,0,0.034,0,0,0.024,0,0,0,0.328,0.329,0.419,0.387,0.343,0.36,0.03,0.023,0.023,0.024,0,0.031,0.023,0,0.032,0.025,0,0,0,0.024,0,0.026,0,0.023,0.024,0.02,0.018,0.84,0.415,0.994,0.419,0.358,0.028,0.024,0.025,0.027,0.023,0.354,0.347,0.022,0.02,0.028,0,0,0.026,0.026,0,0.022,0,0,0.022,0.019,0.027,0.021,0.019,0.023,0.021,0.025,0.201,0.43,0.337,0.385,0.31,0.345,0.195,0.408,0.2,0.171,0.39,0.337,0.2,0.351,0.34,0.151,0.226,0,0,0.022,0,0,0,0,0.524,0.353,0.492,0.347,0.34,0.442,0.351,0,0,0.02,0,0,0,0,0,0,0,0.127,0.342,0.21,0.194,0.025,0.458,0.466,0.363,0.432,0.43,0,0.025,0.024,0.021,0.392,0.36,0.183,0.292,0,0,0.524,0.335,0.322,0.313,0.307,0,0.326,0.284,0.437,0,0,0.022,0.024,0,0.346,0.029,0.028,0.023,0.026,0.025,0.431,0.024,0.358,0.423,0,0,0,0,0,0.018,0.364,0.284,0,0,0.438,0,0,0,0.025,0.023,0.029,0.018,0.025,0.024,0.021,0.524,0,0.425,0,0.026,0.025,0.022,0.023,0.431,0.021,0.02,0.019,0.388,0.358,0.431,0.02,0.02,0.023,0.022,0.029,0.033,0.022,0.151,0.141,0.134,0.031,0.023,0.031,0.026,0.145,0.136,0,0,0.026,0.025,0.027,0.022,0.151,0,0.026,0.029,0.026,0.03,0.023,0.022,0.029,0.024,0.033,0,0.547,0.23,0.23,0.031,0.023,0.037,0.036,0.026,0.025,0.022,0,0,0,0,0,0,0,0,0.025,0.025,0.027,0.024,0.213,0.028,0.454,0.521,0.455,0.031,0.019,0,0,0.028,0.028,0.022,0.03,0.023,0.026,0.03,0,0.025,0.022,0.019,0,0.031,0.028,0.024,0.023,0,0,0,0,0,0,0.025,0,0,0,0,0.021,0.018,0.018
GO:0016072,0.296,0.035,0.207,0.051,0.038,0.167,0.23,0.322,0.285,0.267,0.269,0,0.032,0,0.042,0,0,0.24,0.038,0.494,0.487,0.449,0.489,0.528,0.481,0.038,0,0.27,0.141,0.029,0.23,0.03,0,0.196,0,0.034,0,0.242,0.205,0.274,0.215,0.289,0.272,0,0,0.029,0,0,0.201,0.187,0,0,0.226,0.202,0.027,0.5,0.288,0.579,0.142,0.186,0.528,0.156,0.026,0.268,0.258,0.027,0.027,0.435,0,0.224,0.266,0.026,0.026,0,0.533,0.528,0.2,0.528,0.176,0.176,0.033,0.031,0.026,0.029,0,0.032,0,0.035,0,0,0.162,0.152,0.84,0.869,0.398,0.496,0.126,0.207,0.234,0.218,0.21,0.18,0.213,0.415,0.344,0.2,0.418,0.219,0.031,0.03,0.415,0.415,0.185,0.192,0.182,0.028,0.029,0.166,0.029,0.16,0.159,0.172,0.164,0.157,0.147,0.024,0.022,0.167,0.185,0.174,0.166,0,0,0.177,0.161,0.025,0.022,0.029,0.173,0.274,0.241,0.247,0.411,0.204,0,0.027,0.027,0,0,0.027,0.028,0.032,0.026,0.024,0.025,0,0,0,0,0,0.034,0,0,0,0.024,0.024,0.027,0,0,0,0,0.034,0,0,0.025,0,0,0,0.333,0.333,0.426,0.393,0.348,0.365,0.03,0.024,0.024,0.024,0,0.031,0.023,0,0.033,0.025,0,0,0,0.025,0,0.027,0,0.024,0.024,0.02,0.018,0.825,0.985,0.419,0.993,0.848,0.029,0.024,0.025,0.027,0.023,0.152,0.149,0.022,0.021,0.028,0,0,0.027,0.026,0,0.022,0,0,0.022,0.02,0.027,0.022,0.019,0.023,0.021,0.025,0.205,0.801,0.342,0.716,0.574,0.351,0.199,0.76,0.204,0.173,0.725,0.343,0.204,0.357,0.346,0.154,0.231,0,0,0.022,0,0,0,0,0.534,0.357,0.501,0.351,0.344,0.449,0.151,0,0,0.021,0,0,0,0,0,0,0,0.129,0.147,0.214,0.197,0.026,0.465,0.201,0.156,0.441,0.438,0,0.026,0.024,0.022,0.398,0.365,0.186,0.295,0,0,0.534,0.339,0.326,0.316,0.132,0,0.33,0.287,0.445,0,0,0.023,0.024,0,0.35,0.03,0.029,0.024,0.026,0.025,0.438,0.025,0.364,0.429,0,0,0,0,0,0.018,0.369,0.287,0,0,0.445,0,0,0,0.025,0.023,0.029,0.018,0.026,0.025,0.021,0.534,0,0.434,0,0.026,0.025,0.022,0.024,0.438,0.022,0.021,0.019,0.393,0.362,0.438,0.021,0.02,0.023,0.022,0.03,0.033,0.022,0.153,0.142,0.135,0.032,0.023,0.031,0.027,0.147,0.137,0,0,0.026,0.025,0.027,0.022,0.153,0,0.026,0.029,0.027,0.031,0.023,0.022,0.029,0.024,0.034,0,0.237,0.235,0.235,0.031,0.024,0.038,0.037,0.026,0.025,0.023,0,0,0,0,0,0,0,0,0.025,0.025,0.027,0.024,0.217,0.028,0.196,0.225,0.196,0.031,0.019,0,0,0.029,0.029,0.022,0.03,0.023,0.026,0.031,0,0.025,0.022,0.019,0,0.031,0.029,0.024,0.023,0,0,0,0,0,0,0.025,0,0,0,0,0.021,0.019,0.019
GO:0030490,0.233,0.406,0.161,0.039,0.43,0.136,0.189,0.254,0.224,0.209,0.22,0,0.027,0,0.033,0,0,0.188,0.433,0.397,0.391,0.359,0.392,0.426,0.386,0.031,0,0.22,0.118,0.025,0.193,0.025,0,0.165,0,0.028,0,0.198,0.173,0.223,0.176,0.233,0.218,0,0,0.345,0,0,0.172,0.162,0,0,0.19,0.173,0.023,0.667,0.421,0.469,0.119,0.158,0.435,0.128,0.022,0.396,0.212,0.023,0.023,0.358,0,0.184,0.218,0.022,0.022,0,0.439,0.435,0.171,0.435,0.15,0.15,0.635,0.362,0.022,0.025,0,0.027,0,0.029,0,0,0.143,0.135,0.77,0.73,0.343,0.414,0.107,0.177,0.196,0.334,0.178,0.154,0.181,0.355,0.294,0.169,0.358,0.185,0.026,0.025,0.355,0.355,0.16,0.166,0.158,0.024,0.025,0.143,0.024,0.141,0.138,0.147,0.142,0.139,0.131,0.021,0.02,0.144,0.161,0.152,0.143,0,0,0.154,0.142,0.021,0.019,0.784,0.14,0.223,0.201,0.2,0.334,0.165,0,0.023,0.023,0,0,0.326,0.024,0.618,0.022,0.021,0.3,0,0,0,0,0,0.028,0,0,0,0.021,0.021,0.023,0,0,0,0,0.028,0,0,0.021,0,0,0,0.289,0.29,0.357,0.334,0.301,0.313,0.025,0.289,0.289,0.293,0,0.026,0.02,0,0.027,0.022,0,0,0,0.021,0,0.023,0,0.021,0.021,0.018,0.016,0.735,0.857,0.358,0.848,0.999,0.81,0.97,0.303,0.323,0.283,0.135,0.133,0.02,0.018,0.334,0,0,0.528,0.314,0,0.454,0,0,0.454,0.401,0.322,0.439,0.394,0.471,0.425,0.022,0.171,0.682,0.348,0.619,0.51,0.294,0.168,0.707,0.17,0.149,0.626,0.288,0.17,0.298,0.29,0.127,0.19,0,0,0.02,0,0,0,0,0.44,0.312,0.417,0.308,0.485,0.61,0.134,0,0,0.018,0,0,0,0,0,0,0,0.11,0.131,0.181,0.306,0.022,0.392,0.172,0.138,0.361,0.359,0,0.702,0.021,0.019,0.55,0.51,0.158,0.422,0,0,0.44,0.298,0.288,0.28,0.119,0,0.291,0.528,0.365,0,0,0.02,0.021,0,0.307,0.352,0.024,0.021,0.022,0.022,0.372,0.021,0.308,0.366,0,0,0,0,0,0.016,0.515,0.412,0,0,0.378,0,0,0,0.022,0.02,0.573,0.016,0.31,0.021,0.019,0.44,0,0.355,0,0.022,0.022,0.02,0.021,0.372,0.019,0.018,0.017,0.34,0.316,0.372,0.018,0.018,0.279,0.02,0.025,0.028,0.019,0.134,0.125,0.12,0.027,0.02,0.364,0.526,0.129,0.121,0,0,0.023,0.022,0.323,0.02,0.134,0,0.52,0.57,0.524,0.362,0.02,0.019,0.025,0.021,0.028,0,0.198,0.192,0.191,0.365,0.287,0.031,0.03,0.022,0.022,0.02,0,0,0,0,0,0,0,0,0.022,0.3,0.323,0.021,0.18,0.024,0.169,0.19,0.169,0.026,0.017,0,0,0.024,0.338,0.019,0.026,0.021,0.313,0.026,0,0.022,0.019,0.017,0,0.026,0.024,0.021,0.02,0,0,0,0,0,0,0.022,0,0,0,0,0.019,0.017,0.017
GO:0042254,0,0.518,0,0.055,0.558,0,0.037,0,0.047,0,0.038,0,0.033,0,0.044,0,0,0,0.565,0.042,0.042,0.043,0.042,0.041,0,0.04,0,0,0,0.03,0,0.031,0,0.032,0,0.035,0,0,0,0,0,0,0,0,0,0.423,0,0,0,0,0,0,0,0,0.028,0.034,0,0.039,0,0.03,0.036,0,0.027,0,0,0.028,0.028,0.036,0,0.036,0,0.027,0.027,0,0.036,0.036,0.028,0.036,0.028,0.028,0.8,0.449,0.027,0.03,0,0.034,0,0.036,0,0,0,0,0.031,0.032,0.027,0.034,0,0,0,0,0,0.029,0,0.028,0.028,0,0.028,0,0.032,0.031,0.028,0.028,0.026,0.027,0.025,0.029,0.03,0.027,0.03,0.022,0.026,0.028,0.026,0.022,0.02,0.025,0.023,0.027,0.026,0.024,0.027,0,0,0.025,0.022,0.025,0.022,0.963,0,0,0.034,0.04,0.039,0,0,0.028,0.028,0,0,0.395,0.029,0.773,0.027,0.025,0.358,0,0,0,0,0,0.036,0,0,0,0.025,0.025,0.028,0,0,0,0,0.036,0,0,0.025,0,0,0,0.025,0.025,0.033,0.03,0.026,0.028,0.031,0.342,0.341,0.348,0,0.033,0.024,0,0.034,0.026,0,0,0,0.026,0,0.028,0,0.024,0.025,0.021,0.018,0.788,0.946,0.028,0.029,0.81,0.991,0.838,0.362,0.391,0.333,0,0,0.023,0.021,0.407,0,0,0.638,0.377,0,0.533,0,0,0.533,0.461,0.39,0.512,0.452,0.556,0.494,0.026,0.033,0.029,0.032,0.026,0.021,0.033,0.031,0.028,0.033,0.027,0.027,0.032,0.033,0.034,0.033,0,0,0,0,0.023,0,0,0,0,0.036,0.024,0.034,0.023,0.023,0.03,0,0,0,0.021,0,0,0,0,0,0,0,0,0,0,0,0.026,0.031,0,0,0.037,0.037,0,0.842,0.025,0.022,0.027,0.024,0.03,0.02,0,0,0.036,0.023,0.022,0.021,0,0,0.022,0.603,0.037,0,0,0.023,0.025,0,0.023,0.435,0.03,0.024,0.027,0.026,0.029,0.025,0.03,0.029,0,0,0,0,0,0.018,0.025,0.019,0,0,0.03,0,0,0,0.026,0.024,0.704,0.018,0.372,0.025,0.022,0.036,0,0,0,0.027,0.026,0.023,0.024,0.029,0.022,0.021,0.02,0.026,0.024,0.029,0.021,0.02,0.328,0.023,0.031,0.035,0.023,0.025,0.023,0.022,0.033,0.024,0.453,0.635,0.023,0.022,0,0,0.027,0.026,0.391,0.023,0.025,0,0.626,0.699,0.632,0.449,0.024,0.023,0.031,0.025,0.036,0,0.033,0.038,0.038,0.454,0.339,0.04,0.039,0.027,0.026,0.023,0,0,0,0,0,0,0,0,0.026,0.358,0.391,0.025,0.035,0.029,0.027,0,0,0.032,0.02,0,0,0.03,0.412,0.023,0.032,0.024,0.376,0.032,0,0.026,0.023,0.02,0,0.032,0.03,0.025,0.024,0,0,0,0,0,0,0.026,0,0,0,0,0.022,0.019,0.019
GO:0042274,0,0.422,0,0.041,0.448,0,0.03,0,0.036,0,0.031,0,0.028,0,0.035,0,0,0,0.452,0.033,0.033,0.034,0.033,0.033,0,0.032,0,0,0,0.026,0,0.026,0,0.027,0,0.029,0,0,0,0,0,0,0,0,0,0.357,0,0,0,0,0,0,0,0,0.024,0.028,0,0.032,0,0.025,0.029,0,0.023,0,0,0.024,0.024,0.03,0,0.03,0,0.023,0.023,0,0.03,0.029,0.024,0.029,0.024,0.024,0.66,0.375,0.023,0.025,0,0.028,0,0.03,0,0,0,0,0.026,0.027,0.023,0.028,0,0,0,0,0,0.025,0,0.024,0.024,0,0.024,0,0.027,0.026,0.024,0.024,0.022,0.023,0.022,0.025,0.026,0.023,0.025,0.019,0.022,0.024,0.023,0.019,0.018,0.021,0.02,0.023,0.022,0.021,0.023,0,0,0.021,0.02,0.022,0.019,0.812,0,0,0.028,0.032,0.031,0,0,0.024,0.024,0,0,0.336,0.025,0.641,0.023,0.022,0.309,0,0,0,0,0,0.029,0,0,0,0.022,0.022,0.024,0,0,0,0,0.03,0,0,0.022,0,0,0,0.022,0.022,0.027,0.025,0.023,0.024,0.026,0.297,0.297,0.302,0,0.027,0.021,0,0.028,0.022,0,0,0,0.022,0,0.024,0,0.021,0.022,0.018,0.016,0.688,0.806,0.024,0.024,0.97,0.838,0.998,0.312,0.334,0.291,0,0,0.02,0.019,0.345,0,0,0.545,0.323,0,0.467,0,0,0.467,0.411,0.333,0.451,0.403,0.485,0.436,0.022,0.028,0.025,0.027,0.023,0.019,0.027,0.026,0.024,0.027,0.023,0.023,0.027,0.027,0.028,0.027,0,0,0,0,0.02,0,0,0,0,0.03,0.021,0.028,0.021,0.02,0.026,0,0,0,0.019,0,0,0,0,0,0,0,0,0,0,0,0.023,0.026,0,0,0.03,0.03,0,0.724,0.021,0.02,0.023,0.021,0.025,0.018,0,0,0.03,0.02,0.019,0.019,0,0,0.019,0.54,0.03,0,0,0.02,0.021,0,0.02,0.365,0.025,0.021,0.023,0.023,0.025,0.022,0.025,0.025,0,0,0,0,0,0.016,0.021,0.017,0,0,0.025,0,0,0,0.022,0.021,0.593,0.016,0.32,0.022,0.019,0.03,0,0,0,0.023,0.022,0.02,0.021,0.025,0.019,0.019,0.018,0.023,0.021,0.025,0.019,0.018,0.287,0.02,0.026,0.029,0.02,0.021,0.02,0.019,0.028,0.021,0.378,0.543,0.021,0.019,0,0,0.023,0.022,0.334,0.02,0.021,0,0.537,0.589,0.541,0.375,0.021,0.02,0.026,0.022,0.029,0,0.028,0.031,0.031,0.378,0.295,0.032,0.031,0.023,0.022,0.02,0,0,0,0,0,0,0,0,0.022,0.309,0.334,0.022,0.029,0.025,0.023,0,0,0.027,0.018,0,0,0.025,0.349,0.02,0.027,0.021,0.323,0.027,0,0.022,0.02,0.018,0,0.027,0.025,0.022,0.021,0,0,0,0,0,0,0.023,0,0,0,0,0.019,0.017,0.017
GO:0010639,0,0.594,0,0.043,0.488,0.239,0.293,0,0.038,0,0.032,0.654,0.734,0.274,0.336,0,0.248,0,0.471,0.035,0.035,0.035,0.035,0.034,0,0.034,0,0,0.206,0.243,0.204,0.25,0.197,0.254,0.229,0.277,0.203,0.232,0.2,0.238,0.233,0,0,0.177,0.179,0.499,0,0,0.18,0.169,0.159,0.161,0.2,0.181,0.228,0.029,0,0.033,0.613,0.671,0.282,0.226,0.219,0.233,0.225,0.226,0.225,0.285,0.179,0.285,0,0.218,0.22,0.184,0.284,0.282,0.226,0.282,0.229,0.229,0.414,0.775,0.218,0.242,0,0.029,0,0.031,0,0,0.148,0.14,0.027,0.028,0.605,0.266,0.55,0.547,0.611,0.574,0,0.652,0,0.628,0.64,0.579,0.633,0,0.028,0.027,0.628,0.628,0.585,0.219,0.208,0.025,0.026,0.217,0.026,0.185,0.21,0.225,0.216,0.182,0.171,0.203,0.19,0.219,0.211,0.199,0.217,0.155,0.149,0.202,0.186,0.208,0.185,0.37,0,0,0.029,0.034,0.033,0,0.164,0.626,0.629,0.53,0.541,0.363,0.234,0.421,0.218,0.207,0.634,0,0,0,0,0,0.031,0,0,0.185,0.568,0.571,0.229,0,0,0,0,0.031,0.208,0.207,0.579,0.189,0,0.185,0.022,0.022,0.028,0.026,0.023,0.024,0.027,0.414,0.413,0.42,0,0.028,0.021,0,0.029,0.023,0,0,0,0.21,0.198,0.224,0,0.201,0.205,0.019,0.154,0.295,0.347,0.025,0.025,0.303,0.362,0.312,0.998,0.686,0.859,0.14,0.137,0.192,0.489,0.883,0.148,0.145,0.34,0.958,0.149,0.579,0,0.137,0.579,0.732,0.684,0.693,0.776,0.747,0.841,0.589,0.029,0.026,0.028,0.023,0.019,0.028,0.027,0.024,0.028,0.024,0.023,0.028,0.028,0.029,0.028,0,0,0,0,0.021,0,0,0.15,0.405,0.031,0.021,0.029,0.021,0.021,0.026,0,0,0,0.489,0,0,0,0,0,0,0,0.191,0,0.19,0.177,0.6,0.027,0,0,0.032,0.032,0,0.344,0.203,0.185,0.024,0.022,0.241,0.165,0.139,0.116,0.031,0.188,0.182,0.177,0,0,0.184,0.254,0.031,0,0,0.021,0.204,0,0.021,0.395,0.026,0.557,0.607,0.214,0.238,0.577,0.243,0.234,0,0,0,0,0,0.154,0.204,0.161,0.519,0.519,0.242,0,0,0,0.023,0.197,0.388,0.017,0.345,0.208,0.182,0.031,0,0,0,0.024,0.59,0.19,0.556,0.238,0.185,0.489,0.165,0.216,0.2,0.238,0.177,0.474,0.308,0.021,0.027,0.03,0.188,0.562,0.189,0.5,0.029,0.021,0.409,0.354,0.195,0.506,0.159,0.16,0.024,0.023,0.466,0.021,0.562,0.155,0.454,0.5,0.353,0.406,0.021,0.189,0.027,0.022,0.03,0,0.029,0.032,0.032,0.53,0.411,0.033,0.301,0.219,0.213,0.193,0,0,0,0,0,0,0,0,0.023,0.333,0.36,0.204,0.03,0.026,0.024,0,0,0.028,0.165,0.18,0,0.026,0.488,0.188,0.027,0.2,0.348,0.256,0,0.213,0.188,0.165,0.122,0.028,0.026,0.207,0.196,0,0,0.19,0.19,0.168,0.161,0.214,0,0.156,0.122,0.159,0.509,0.161,0.447
GO:0031344,0,0.505,0,0.049,0.541,0.265,0.322,0,0.043,0,0.035,0.243,0.289,0.308,0.375,0,0.278,0,0.522,0.038,0.039,0.039,0.038,0.038,0,0.037,0,0,0.224,0.263,0.221,0.271,0.214,0.276,0.252,0.303,0.221,0.256,0.217,0.263,0.257,0,0,0.192,0.194,0.417,0,0,0.194,0.181,0.171,0.174,0.218,0.195,0.245,0.032,0,0.037,0.226,0.262,0.309,0.248,0.235,0.257,0.248,0.244,0.242,0.313,0.193,0.313,0,0.234,0.237,0.199,0.312,0.309,0.244,0.309,0.247,0.247,0.453,0.843,0.234,0.262,0,0.032,0,0.034,0,0,0.157,0.148,0.029,0.03,0.234,0.291,0.201,0.2,0.225,0.21,0,0.254,0,0.244,0.249,0.213,0.246,0,0.03,0.029,0.244,0.244,0.226,0.235,0.223,0.027,0.029,0.233,0.028,0.196,0.224,0.242,0.231,0.193,0.181,0.217,0.202,0.235,0.226,0.213,0.233,0.166,0.159,0.216,0.198,0.223,0.196,0.4,0,0,0.032,0.037,0.036,0,0.177,0.243,0.244,0.193,0.197,0.391,0.253,0.459,0.234,0.221,0.679,0,0,0,0,0,0.034,0,0,0.199,0.219,0.22,0.246,0,0,0,0,0.034,0.226,0.225,0.224,0.206,0,0.2,0.024,0.024,0.031,0.028,0.025,0.026,0.029,0.341,0.341,0.347,0,0.031,0.023,0,0.032,0.024,0,0,0,0.225,0.214,0.241,0,0.214,0.219,0.02,0.162,0.314,0.374,0.027,0.027,0.323,0.391,0.334,0.686,0.995,0.855,0.148,0.145,0.204,0.187,0.768,0.158,0.155,0.366,0.714,0.16,0.829,0,0.146,0.829,0.721,0.991,0.798,0.707,0.641,0.572,0.228,0.031,0.028,0.03,0.025,0.02,0.031,0.029,0.026,0.031,0.025,0.025,0.03,0.031,0.031,0.031,0,0,0,0,0.022,0,0,0.16,0.145,0.034,0.023,0.032,0.022,0.022,0.029,0,0,0,0.187,0,0,0,0,0,0,0,0.206,0,0.206,0.19,0.232,0.03,0,0,0.035,0.035,0,0.369,0.217,0.197,0.025,0.023,0.261,0.174,0.148,0.123,0.034,0.2,0.193,0.187,0,0,0.195,0.268,0.035,0,0,0.022,0.218,0,0.022,0.428,0.028,0.215,0.235,0.229,0.257,0.223,0.263,0.252,0,0,0,0,0,0.162,0.217,0.17,0.189,0.189,0.262,0,0,0,0.025,0.21,0.421,0.018,0.37,0.223,0.193,0.034,0,0,0,0.026,0.228,0.202,0.214,0.257,0.196,0.187,0.174,0.232,0.214,0.257,0.187,0.181,0.328,0.022,0.029,0.033,0.2,0.216,0.201,0.191,0.031,0.023,0.834,0.715,0.207,0.194,0.171,0.173,0.026,0.025,0.727,0.022,0.216,0.166,0.706,0.418,0.712,0.827,0.023,0.201,0.029,0.024,0.033,0,0.031,0.036,0.035,0.446,0.338,0.037,0.333,0.235,0.228,0.205,0,0,0,0,0,0,0,0,0.025,0.356,0.387,0.218,0.033,0.028,0.026,0,0,0.03,0.174,0.194,0,0.028,0.408,0.199,0.03,0.213,0.374,0.278,0,0.228,0.2,0.174,0.128,0.03,0.028,0.221,0.208,0,0,0.206,0.206,0.18,0.171,0.23,0,0.168,0.128,0.169,0.195,0.17,0.17
GO:0031345,0,0.416,0,0.038,0.44,0.216,0.265,0,0.034,0,0.029,0.595,0.672,0.244,0.3,0,0.22,0,0.424,0.031,0.031,0.032,0.031,0.031,0,0.03,0,0,0.188,0.224,0.187,0.229,0.181,0.233,0.207,0.252,0.186,0.211,0.184,0.215,0.211,0,0,0.162,0.164,0.355,0,0,0.166,0.157,0.147,0.149,0.184,0.167,0.211,0.027,0,0.03,0.561,0.618,0.256,0.205,0.203,0.211,0.205,0.21,0.208,0.259,0.166,0.259,0,0.202,0.204,0.17,0.258,0.256,0.21,0.256,0.212,0.212,0.377,0.71,0.202,0.223,0,0.027,0,0.028,0,0,0.139,0.131,0.025,0.025,0.562,0.244,0.508,0.506,0.559,0.528,0,0.602,0,0.582,0.592,0.533,0.585,0,0.025,0.025,0.582,0.582,0.545,0.203,0.194,0.023,0.024,0.202,0.024,0.173,0.195,0.208,0.2,0.171,0.161,0.19,0.178,0.203,0.197,0.186,0.202,0.144,0.138,0.189,0.175,0.194,0.173,0.34,0,0,0.027,0.03,0.03,0,0.151,0.579,0.582,0.491,0.5,0.336,0.217,0.385,0.202,0.192,0.59,0,0,0,0,0,0.028,0,0,0.171,0.53,0.532,0.212,0,0,0,0,0.028,0.19,0.189,0.539,0.172,0,0.171,0.021,0.021,0.026,0.024,0.022,0.023,0.025,0.298,0.298,0.303,0,0.026,0.02,0,0.027,0.021,0,0,0,0.196,0.182,0.208,0,0.187,0.191,0.018,0.146,0.276,0.321,0.023,0.023,0.283,0.333,0.291,0.859,0.855,0.999,0.131,0.129,0.18,0.461,0.656,0.138,0.135,0.315,0.889,0.139,0.729,0,0.128,0.729,0.859,0.852,0.705,0.844,0.562,0.732,0.548,0.026,0.024,0.025,0.022,0.018,0.026,0.024,0.023,0.026,0.022,0.022,0.025,0.026,0.026,0.026,0,0,0,0,0.019,0,0,0.141,0.381,0.028,0.02,0.027,0.02,0.019,0.024,0,0,0,0.461,0,0,0,0,0,0,0,0.176,0,0.175,0.164,0.557,0.025,0,0,0.029,0.029,0,0.319,0.189,0.174,0.022,0.02,0.222,0.156,0.13,0.11,0.028,0.177,0.171,0.166,0,0,0.172,0.241,0.029,0,0,0.02,0.19,0,0.02,0.363,0.024,0.52,0.564,0.199,0.22,0.538,0.224,0.216,0,0,0,0,0,0.146,0.19,0.152,0.481,0.482,0.223,0,0,0,0.021,0.184,0.357,0.016,0.32,0.194,0.171,0.028,0,0,0,0.022,0.549,0.178,0.52,0.22,0.173,0.461,0.156,0.201,0.187,0.22,0.166,0.447,0.288,0.019,0.025,0.027,0.177,0.524,0.177,0.47,0.026,0.02,0.702,0.616,0.182,0.476,0.147,0.148,0.022,0.021,0.625,0.019,0.524,0.144,0.609,0.355,0.614,0.697,0.02,0.177,0.024,0.021,0.028,0,0.026,0.029,0.029,0.375,0.296,0.03,0.272,0.203,0.198,0.18,0,0,0,0,0,0,0,0,0.021,0.31,0.333,0.19,0.027,0.024,0.022,0,0,0.026,0.156,0.167,0,0.024,0.348,0.176,0.025,0.187,0.323,0.235,0,0.198,0.177,0.156,0.116,0.026,0.024,0.193,0.183,0,0,0.175,0.175,0.156,0.15,0.199,0,0.145,0.116,0.148,0.478,0.152,0.423
GO:0031396,0.191,0,0.131,0,0,0.407,0.396,0.209,0.128,0.171,0.185,0.174,0.167,0.206,0.201,0,0.185,0.153,0,0.178,0.119,0.181,0.119,0.194,0.141,0,0,0.436,0.361,0.156,0.367,0.159,0.159,0.354,0.179,0.173,0.163,0.449,0.399,0.415,0.447,0.349,0.301,0.142,0.144,0,0,0,0.759,0.721,0.131,0.132,0.64,0.589,0.148,0.171,0.194,0.19,0.363,0.341,0.434,0.389,0.143,0.409,0.398,0.147,0.146,0.439,0.147,0.389,0.451,0.142,0.144,0.15,0.437,0.434,0.331,0.434,0.326,0.326,0,0.163,0.143,0.155,0,0,0,0,0,0,0.949,0.904,0.161,0.165,0.354,0.416,0.333,0.34,0.372,0.353,0.716,0.333,0.7,0.365,0.37,0.392,0.367,0.674,0,0,0.365,0.365,0.312,0.735,0.706,0,0,0.312,0,0.638,0.303,0.321,0.31,0.629,0.598,0.134,0.127,0.314,0.715,0.681,0.312,0.128,0.124,0.689,0.643,0.137,0.124,0,0.117,0.188,0.172,0.116,0.171,0.138,0.134,0.147,0.147,0.147,0.15,0,0.151,0,0.143,0.136,0.139,0,0,0,0,0,0,0,0,0.151,0.135,0.136,0.148,0,0,0,0,0,0.166,0.165,0.138,0.15,0,0.151,0.139,0.139,0.167,0.157,0.144,0.149,0,0,0,0,0,0,0,0,0,0,0,0,0,0.138,0.159,0.146,0,0.133,0.135,0,0.106,0.311,0.151,0.354,0.152,0.135,0,0,0.14,0.148,0.131,1,0.983,0.128,0.119,0.152,0.123,0.121,0.147,0.144,0.124,0.128,0,0.116,0.128,0.115,0.147,0.124,0.113,0.132,0.121,0.14,0.121,0.155,0.297,0.256,0.216,0.255,0.242,0.149,0.12,0.218,0.218,0.25,0.12,0.155,0.151,0.108,0.269,0,0,0,0,0,0.127,0.117,0.18,0.134,0.172,0.132,0.13,0.159,0.556,0,0,0.119,0,0,0,0,0,0,0,0.34,0.546,0.348,0.327,0.142,0.163,0.369,0.572,0.111,0.111,0,0,0.134,0.124,0.145,0.136,0.34,0.28,0.117,0.1,0.18,0.313,0.303,0.296,0.5,0,0.306,0.112,0.166,0,0,0,0.135,0,0.132,0,0,0.133,0.143,0.14,0.38,0.137,0.386,0.374,0,0,0,0,0,0.106,0.334,0.273,0.145,0.145,0.384,0,0,0,0,0.131,0,0,0,0.137,0.122,0.18,0,0.131,0,0,0.14,0.127,0.133,0.38,0.124,0.119,0.113,0.35,0.329,0.38,0.119,0.116,0,0,0,0,0.126,0.294,0.278,0.267,0,0,0,0,0.285,0.27,0.13,0.132,0,0,0,0,0.294,0.128,0,0,0,0,0,0.127,0,0,0,0,0.415,0.112,0.112,0,0,0,0.185,0.143,0.14,0.129,0,0,0,0,0,0,0,0,0,0.123,0,0.135,0.106,0,0.362,0.401,0.362,0,0.113,0.148,0,0,0,0.126,0,0.133,0.128,0.163,0,0.14,0.126,0.113,0.106,0,0,0.137,0.13,0,0,0.154,0.155,0.139,0.134,0.14,0,0.129,0.106,0.133,0.123,0.11,0.11
GO:0031398,0.186,0,0.127,0,0,0.396,0.386,0.203,0.124,0.166,0.181,0.17,0.163,0.2,0.195,0,0.18,0.149,0,0.173,0.116,0.176,0.116,0.189,0.137,0,0,0.425,0.594,0.153,0.607,0.156,0.156,0.582,0.46,0.445,0.159,0.438,0.626,0.405,0.435,0.339,0.293,0.139,0.14,0,0,0,0.744,0.807,0.128,0.13,0.625,0.738,0.145,0.167,0.189,0.185,0.355,0.333,0.424,0.379,0.369,0.398,0.388,0.379,0.143,0.428,0.379,0.379,0.44,0.14,0.141,0.388,0.427,0.424,0.324,0.424,0.319,0.319,0,0.159,0.14,0.152,0,0,0,0,0,0,0.933,0.983,0.157,0.161,0.347,0.406,0.326,0.333,0.363,0.346,0.701,0.326,0.685,0.357,0.363,0.384,0.359,0.66,0,0,0.357,0.357,0.306,0.721,0.79,0,0,0.515,0,0.715,0.5,0.314,0.511,0.618,0.671,0.132,0.328,0.307,0.701,0.762,0.515,0.125,0.121,0.676,0.72,0.355,0.122,0,0.114,0.183,0.168,0.113,0.166,0.134,0.131,0.144,0.144,0.144,0.147,0,0.148,0,0.14,0.134,0.136,0,0,0,0,0,0,0,0,0.148,0.133,0.133,0.145,0,0,0,0,0,0.162,0.161,0.135,0.147,0,0.148,0.136,0.136,0.163,0.154,0.141,0.146,0,0,0,0,0,0,0,0,0,0,0,0,0,0.357,0.156,0.143,0,0.344,0.35,0,0.276,0.305,0.148,0.347,0.149,0.133,0,0,0.137,0.145,0.129,0.983,1,0.126,0.117,0.149,0.121,0.119,0.144,0.141,0.122,0.126,0,0.113,0.126,0.113,0.144,0.122,0.111,0.13,0.119,0.137,0.118,0.152,0.29,0.251,0.212,0.249,0.236,0.146,0.117,0.214,0.214,0.245,0.117,0.151,0.148,0.105,0.262,0,0,0,0,0,0.125,0.115,0.175,0.131,0.168,0.129,0.127,0.155,0.547,0,0,0.117,0,0,0,0,0,0,0,0.559,0.537,0.575,0.542,0.139,0.159,0.361,0.562,0.108,0.108,0,0,0.132,0.322,0.142,0.133,0.559,0.275,0.115,0.099,0.175,0.307,0.478,0.467,0.492,0,0.3,0.11,0.162,0,0,0,0.132,0,0.129,0,0,0.131,0.14,0.363,0.597,0.135,0.606,0.588,0,0,0,0,0,0.105,0.327,0.432,0.142,0.142,0.604,0,0,0,0,0.129,0,0,0,0.355,0.317,0.175,0,0.128,0,0,0.137,0.329,0.131,0.597,0.122,0.117,0.292,0.343,0.519,0.597,0.117,0.114,0,0,0,0,0.124,0.289,0.273,0.262,0,0,0,0,0.279,0.265,0.128,0.129,0,0,0,0,0.289,0.125,0,0,0,0,0,0.124,0,0,0,0,0.406,0.11,0.109,0,0,0,0.18,0.14,0.137,0.126,0,0,0,0,0,0,0,0,0,0.121,0,0.349,0.104,0,0.354,0.392,0.354,0,0.111,0.145,0,0,0,0.124,0,0.13,0.125,0.159,0,0.361,0.124,0.292,0.105,0,0,0.134,0.337,0,0,0.398,0.398,0.137,0.347,0.138,0,0.126,0.105,0.131,0.121,0.109,0.109
GO:0032006,0,0.027,0,0.036,0.029,0.208,0.255,0,0.032,0,0.028,0.194,0.234,0.234,0.287,0.317,0.211,0,0.029,0.03,0.03,0.03,0.03,0.029,0,0.412,0,0,0.182,0.754,0.18,0.724,0.724,0.225,0.2,0.243,0.688,0.203,0.178,0.207,0.203,0,0,0.157,0.158,0.024,0.251,0.279,0.161,0.153,0.143,0.145,0.178,0.162,0.828,0.026,0,0.029,0.183,0.216,0.247,0.198,0.685,0.203,0.197,0.663,0.202,0.25,0.663,0.25,0,0.196,0.198,0.631,0.249,0.247,0.203,0.247,0.206,0.206,0.026,0.228,0.197,0.216,0.282,0.362,0,0.027,0,0,0.135,0.128,0.024,0.025,0.197,0.235,0.166,0.166,0.183,0.173,0,0.21,0,0.203,0.207,0.174,0.205,0,0.346,0.336,0.203,0.203,0.191,0.197,0.189,0.023,0.023,0.196,0.023,0.169,0.19,0.202,0.195,0.166,0.638,0.747,0.702,0.197,0.191,0.181,0.196,0.14,0.134,0.184,0.17,0.764,0.587,0.024,0,0,0.026,0.029,0.028,0,0.147,0.705,0.664,0.664,0.627,0.022,0.21,0.025,0.197,0.187,0.191,0,0,0,0,0,0.027,0,0,0.165,0.186,0.187,0.205,0,0,0,0,0.027,0.183,0.183,0.189,0.166,0,0.166,0.287,0.287,0.025,0.329,0.298,0.022,0.34,0.02,0.02,0.02,0,0.025,0.019,0,0.026,0.021,0,0,0,0.19,0.176,0.201,0.178,0.182,0.186,0.243,0.498,0.019,0.022,0.022,0.022,0.02,0.023,0.02,0.192,0.204,0.18,0.128,0.126,0.999,0.925,0.211,0.134,0.131,0.203,0.199,0.135,0.175,0.215,0.125,0.175,0.155,0.204,0.17,0.153,0.181,0.164,0.778,0.025,0.023,0.025,0.021,0.017,0.025,0.024,0.022,0.025,0.021,0.021,0.025,0.025,0.025,0.025,0,0,0,0,0.019,0,0.16,0.137,0.126,0.027,0.019,0.026,0.019,0.019,0.023,0,0,0,0.162,0.269,0.251,0.232,0,0,0,0,0.17,0,0.17,0.159,0.195,0.024,0,0,0.028,0.028,0,0.021,0.64,0.589,0.021,0.02,0.215,0.153,0.126,0.108,0.027,0.172,0.166,0.162,0,0.176,0.168,0.016,0.027,0,0,0.019,0.185,0.251,0.019,0.024,0.023,0.183,0.197,0.193,0.213,0.189,0.217,0.209,0,0,0,0,0,0.143,0.185,0.149,0.158,0.158,0.216,0.251,0,0,0.021,0.624,0.024,0.219,0.021,0.189,0.578,0.027,0,0,0.227,0.303,0.192,0.174,0.182,0.213,0.169,0.162,0.153,0.195,0.182,0.213,0.162,0.157,0.019,0.019,0.024,0.026,0.172,0.184,0.173,0.165,0.025,0.019,0.025,0.022,0.177,0.167,0.143,0.144,0.022,0.021,0.022,0.019,0.184,0.139,0.022,0.024,0.022,0.025,0.019,0.173,0.024,0.02,0.027,0,0.025,0.028,0.028,0.025,0.02,0.436,0.463,0.602,0.587,0.536,0,0,0,0,0,0,0,0,0.021,0.134,0.022,0.185,0.026,0.023,0.022,0,0,0.025,0.153,0.162,0.439,0.023,0.023,0.172,0.024,0.554,0.14,0.692,0,0.192,0.172,0.153,0.113,0.025,0.023,0.188,0.178,0,0,0.17,0.17,0.152,0.146,0.193,0,0.14,0.113,0.144,0.584,0.518,0.518
GO:0032007,0,0.025,0,0.031,0.026,0.185,0.228,0,0.028,0,0.025,0.515,0.585,0.206,0.254,0.28,0.185,0,0.026,0.026,0.026,0.027,0.026,0.026,0,0.366,0,0,0.165,0.685,0.163,0.657,0.657,0.204,0.179,0.219,0.623,0.181,0.161,0.185,0.181,0,0,0.142,0.144,0.021,0.228,0.25,0.148,0.14,0.131,0.132,0.161,0.148,0.757,0.023,0,0.026,0.49,0.544,0.222,0.177,0.628,0.182,0.177,0.607,0.185,0.224,0.606,0.224,0,0.18,0.182,0.575,0.223,0.222,0.186,0.222,0.188,0.188,0.023,0.206,0.18,0.196,0.253,0.326,0,0.024,0,0,0.125,0.119,0.022,0.022,0.5,0.212,0.449,0.447,0.488,0.464,0,0.532,0,0.516,0.524,0.468,0.519,0,0.314,0.305,0.516,0.516,0.486,0.181,0.173,0.021,0.021,0.18,0.021,0.157,0.174,0.185,0.179,0.155,0.595,0.689,0.65,0.181,0.176,0.167,0.18,0.128,0.124,0.169,0.158,0.703,0.545,0.021,0,0,0.023,0.026,0.025,0,0.134,0.767,0.762,0.762,0.741,0.02,0.191,0.023,0.18,0.172,0.175,0,0,0,0,0,0.024,0,0,0.151,0.475,0.476,0.187,0,0,0,0,0.024,0.166,0.165,0.482,0.15,0,0.151,0.264,0.264,0.022,0.299,0.273,0.02,0.309,0.018,0.018,0.019,0,0.023,0.018,0,0.023,0.019,0,0,0,0.175,0.159,0.184,0.166,0.168,0.171,0.227,0.467,0.018,0.02,0.02,0.021,0.018,0.021,0.019,0.489,0.187,0.461,0.119,0.117,0.925,1,0.192,0.123,0.121,0.185,0.505,0.124,0.162,0.197,0.116,0.162,0.402,0.186,0.157,0.396,0.167,0.424,0.828,0.023,0.021,0.022,0.019,0.016,0.023,0.022,0.02,0.023,0.019,0.019,0.022,0.023,0.023,0.022,0,0,0,0,0.018,0,0.15,0.127,0.347,0.024,0.018,0.023,0.018,0.017,0.021,0,0,0,0.418,0.242,0.228,0.212,0,0,0,0,0.155,0,0.155,0.145,0.497,0.022,0,0,0.025,0.025,0,0.019,0.59,0.547,0.02,0.018,0.196,0.143,0.117,0.1,0.024,0.16,0.155,0.151,0,0.164,0.156,0.015,0.025,0,0,0.018,0.17,0.228,0.018,0.022,0.021,0.467,0.502,0.178,0.194,0.481,0.197,0.191,0,0,0,0,0,0.134,0.17,0.14,0.428,0.428,0.196,0.228,0,0,0.019,0.576,0.022,0.206,0.02,0.173,0.537,0.024,0,0,0.208,0.277,0.49,0.161,0.466,0.194,0.157,0.418,0.143,0.179,0.168,0.194,0.151,0.407,0.018,0.017,0.022,0.024,0.16,0.47,0.16,0.426,0.023,0.018,0.022,0.02,0.164,0.431,0.13,0.132,0.02,0.019,0.02,0.017,0.47,0.128,0.02,0.021,0.02,0.022,0.018,0.16,0.021,0.019,0.024,0,0.023,0.025,0.025,0.022,0.018,0.388,0.413,0.552,0.539,0.496,0,0,0,0,0,0,0,0,0.019,0.123,0.02,0.171,0.024,0.021,0.02,0,0,0.022,0.143,0.148,0.391,0.021,0.021,0.159,0.022,0.511,0.128,0.626,0,0.177,0.16,0.143,0.106,0.022,0.021,0.173,0.165,0,0,0.154,0.155,0.139,0.134,0.178,0,0.129,0.106,0.133,0.646,0.485,0.577
GO:0033043,0,0.688,0,0.053,0.571,0.279,0.339,0,0.046,0,0.037,0.255,0.302,0.327,0.398,0,0.296,0,0.552,0.041,0.041,0.042,0.041,0.04,0,0.039,0,0,0.234,0.275,0.231,0.283,0.223,0.288,0.264,0.318,0.231,0.269,0.227,0.277,0.27,0,0,0.2,0.203,0.564,0,0,0.201,0.188,0.178,0.181,0.227,0.202,0.255,0.033,0,0.039,0.236,0.273,0.324,0.261,0.243,0.27,0.26,0.253,0.251,0.329,0.2,0.329,0,0.242,0.246,0.207,0.328,0.324,0.253,0.324,0.257,0.257,0.475,0.88,0.243,0.273,0,0.033,0,0.036,0,0,0.162,0.152,0.03,0.031,0.243,0.304,0.209,0.208,0.235,0.219,0,0.264,0,0.253,0.259,0.222,0.255,0,0.031,0.03,0.253,0.253,0.234,0.244,0.231,0.029,0.03,0.242,0.029,0.202,0.232,0.251,0.24,0.198,0.186,0.225,0.208,0.244,0.235,0.22,0.242,0.173,0.165,0.223,0.204,0.231,0.202,0.417,0,0,0.033,0.039,0.038,0,0.184,0.252,0.254,0.201,0.205,0.406,0.263,0.481,0.243,0.229,0.704,0,0,0,0,0,0.035,0,0,0.207,0.227,0.228,0.256,0,0,0,0,0.035,0.237,0.235,0.232,0.216,0,0.208,0.025,0.025,0.032,0.029,0.026,0.027,0.031,0.457,0.456,0.465,0,0.032,0.023,0,0.033,0.025,0,0,0,0.233,0.224,0.25,0,0.221,0.227,0.02,0.166,0.325,0.389,0.028,0.028,0.334,0.407,0.345,0.883,0.768,0.656,0.152,0.149,0.211,0.192,0.992,0.164,0.16,0.38,0.741,0.166,0.636,0,0.151,0.636,0.551,0.765,0.759,0.67,0.823,0.732,0.236,0.032,0.029,0.032,0.026,0.021,0.032,0.03,0.027,0.032,0.026,0.026,0.032,0.032,0.033,0.032,0,0,0,0,0.023,0,0,0.165,0.149,0.036,0.024,0.033,0.023,0.023,0.03,0,0,0,0.192,0,0,0,0,0,0,0,0.215,0,0.214,0.197,0.241,0.031,0,0,0.037,0.037,0,0.383,0.224,0.203,0.026,0.024,0.272,0.179,0.153,0.126,0.036,0.207,0.198,0.192,0,0,0.201,0.275,0.036,0,0,0.023,0.225,0,0.023,0.447,0.029,0.222,0.244,0.238,0.268,0.231,0.274,0.263,0,0,0,0,0,0.166,0.225,0.174,0.196,0.196,0.272,0,0,0,0.025,0.217,0.438,0.018,0.384,0.231,0.198,0.036,0,0,0,0.027,0.236,0.209,0.221,0.268,0.202,0.192,0.179,0.24,0.221,0.268,0.192,0.186,0.339,0.023,0.031,0.034,0.207,0.224,0.207,0.197,0.033,0.024,0.465,0.396,0.214,0.2,0.177,0.179,0.027,0.026,0.522,0.023,0.224,0.172,0.506,0.564,0.394,0.461,0.024,0.207,0.03,0.025,0.035,0,0.033,0.037,0.037,0.604,0.453,0.039,0.351,0.244,0.237,0.212,0,0,0,0,0,0,0,0,0.025,0.369,0.403,0.226,0.035,0.029,0.027,0,0,0.032,0.179,0.201,0,0.029,0.55,0.206,0.031,0.221,0.388,0.291,0,0.236,0.207,0.179,0.132,0.032,0.029,0.229,0.215,0,0,0.214,0.214,0.186,0.177,0.238,0,0.174,0.132,0.175,0.201,0.174,0.174
GO:0043087,0,0,0,0,0,0.21,0.203,0,0,0,0,0.194,0.184,0.239,0.232,0,0.243,0,0,0,0,0,0,0,0,0,0,0,0.181,0.169,0.179,0.173,0.173,0.176,0.2,0.192,0.178,0.204,0.176,0.208,0.204,0,0,0.796,0.782,0,0,0,0.158,0.149,0.718,0.708,0.176,0.159,0.158,0,0,0,0.182,0.168,0.195,0.198,0.152,0.204,0.198,0.157,0.156,0.198,0.157,0.198,0,0.151,0.153,0.162,0.197,0.195,0.157,0.195,0.159,0.159,0,0.179,0.152,0.168,0,0,0,0,0,0,0.13,0.123,0,0,0.152,0.185,0.164,0.163,0.181,0.17,0,0.163,0,0.158,0.161,0.172,0.159,0,0,0,0.158,0.158,0.147,0.152,0.145,0,0,0.151,0,0.588,0.667,0.156,0.15,0.579,0.545,0.142,0.132,0.696,0.673,0.634,0.151,0.699,0.671,0.644,0.593,0.145,0.129,0,0,0,0,0,0,0,0.888,0.157,0.158,0.158,0.161,0,0.163,0,0.152,0.144,0.147,0,0,0,0,0,0,0,0,0.162,0.143,0.143,0.159,0,0,0,0,0,0.182,0.181,0.145,0.186,0,0.163,0,0,0,0,0,0,0,0,0,0,0,0,0,0,0,0,0,0,0,0.146,0.174,0.156,0,0.14,0.143,0,0.108,0,0,0,0,0,0,0,0.148,0.158,0.138,0.123,0.121,0.134,0.123,0.164,0.998,0.977,0.157,0.153,0.809,0.134,0,0.926,0.134,0.118,0.158,0.129,0.115,0.139,0.125,0.148,0,0,0,0,0,0,0,0,0,0,0,0,0,0,0,0,0,0,0,0,0,0,0.132,0.121,0,0,0,0,0,0,0,0,0,0.123,0,0,0,0,0,0,0,0.168,0,0.167,0.155,0.151,0,0,0,0,0,0,0,0.141,0.129,0,0,0.168,0.115,0.137,0.115,0,0.131,0.127,0.123,0,0,0.128,0,0,0,0,0,0.142,0,0,0,0,0.14,0.152,0.149,0.165,0.145,0.169,0.163,0,0,0,0,0,0.108,0.142,0.112,0.154,0.155,0.168,0,0,0,0,0.137,0,0,0,0.145,0.127,0,0,0,0,0,0.148,0.133,0.14,0.165,0.129,0.123,0.115,0.15,0.14,0.165,0.123,0.119,0,0,0,0,0.131,0.141,0.723,0.691,0,0,0,0,0.136,0.127,0.716,0.704,0,0,0,0,0.141,0.839,0,0,0,0,0,0.132,0,0,0,0,0,0,0,0,0,0,0.209,0.152,0.148,0.134,0,0,0,0,0,0,0,0,0,0.147,0,0.142,0,0,0,0,0,0,0.115,0.158,0,0,0,0.131,0,0.139,0.153,0.178,0,0.148,0.131,0.115,0.108,0,0,0.144,0.136,0,0,0.167,0.167,0.148,0.141,0.149,0,0.154,0.108,0.14,0.128,0.112,0.112
GO:0043547,0,0,0,0,0,0.203,0.197,0,0,0,0,0.189,0.179,0.231,0.224,0,0.234,0,0,0,0,0,0,0,0,0,0,0,0.176,0.165,0.174,0.169,0.169,0.172,0.195,0.187,0.174,0.198,0.171,0.202,0.198,0,0,0.776,0.763,0,0,0,0.154,0.145,0.899,0.884,0.171,0.155,0.155,0,0,0,0.177,0.164,0.19,0.192,0.149,0.198,0.192,0.154,0.153,0.192,0.154,0.192,0,0.148,0.15,0.158,0.191,0.19,0.154,0.19,0.156,0.156,0,0.174,0.148,0.164,0,0,0,0,0,0,0.128,0.121,0,0,0.149,0.18,0.16,0.159,0.177,0.166,0,0.159,0,0.154,0.157,0.168,0.155,0,0,0,0.154,0.154,0.144,0.149,0.142,0,0,0.148,0,0.739,0.836,0.153,0.147,0.568,0.686,0.139,0.13,0.68,0.658,0.796,0.148,0.684,0.842,0.631,0.746,0.142,0.126,0,0,0,0,0,0,0,0.867,0.153,0.154,0.154,0.157,0,0.159,0,0.148,0.141,0.143,0,0,0,0,0,0,0,0,0.158,0.14,0.14,0.155,0,0,0,0,0,0.177,0.177,0.142,0.181,0,0.159,0,0,0,0,0,0,0,0,0,0,0,0,0,0,0,0,0,0,0,0.143,0.169,0.152,0,0.137,0.14,0,0.106,0,0,0,0,0,0,0,0.145,0.155,0.135,0.121,0.119,0.131,0.121,0.16,0.977,0.998,0.153,0.15,0.968,0.131,0,0.947,0.131,0.116,0.154,0.127,0.113,0.136,0.123,0.145,0,0,0,0,0,0,0,0,0,0,0,0,0,0,0,0,0,0,0,0,0,0,0.13,0.119,0,0,0,0,0,0,0,0,0,0.121,0,0,0,0,0,0,0,0.163,0,0.163,0.152,0.147,0,0,0,0,0,0,0,0.138,0.127,0,0,0.163,0.113,0.134,0.113,0,0.129,0.124,0.121,0,0,0.126,0,0,0,0,0,0.139,0,0,0,0,0.137,0.149,0.146,0.161,0.142,0.165,0.159,0,0,0,0,0,0.106,0.139,0.111,0.151,0.151,0.164,0,0,0,0,0.135,0,0,0,0.142,0.124,0,0,0,0,0,0.145,0.13,0.137,0.161,0.126,0.121,0.113,0.147,0.137,0.161,0.121,0.117,0,0,0,0,0.129,0.138,0.71,0.678,0,0,0,0,0.133,0.125,0.7,0.687,0,0,0,0,0.138,0.821,0,0,0,0,0,0.129,0,0,0,0,0,0,0,0,0,0,0.202,0.149,0.145,0.132,0,0,0,0,0,0,0,0,0,0.143,0,0.139,0,0,0,0,0,0,0.113,0.155,0,0,0,0.128,0,0.136,0.15,0.173,0,0.145,0.129,0.113,0.106,0,0,0.141,0.134,0,0,0.163,0.163,0.144,0.138,0.146,0,0.151,0.106,0.137,0.126,0.111,0.111
GO:0044087,0,0.475,0,0.048,0.509,0.261,0.317,0,0.042,0,0.035,0.239,0.285,0.302,0.369,0,0.274,0,0.514,0.038,0.038,0.039,0.038,0.037,0,0.037,0,0,0.221,0.26,0.219,0.268,0.212,0.272,0.248,0.299,0.218,0.252,0.215,0.259,0.253,0,0,0.189,0.192,0.394,0,0,0.192,0.179,0.169,0.172,0.215,0.193,0.243,0.031,0,0.036,0.223,0.259,0.305,0.245,0.232,0.253,0.244,0.241,0.239,0.309,0.191,0.309,0,0.231,0.234,0.196,0.308,0.305,0.241,0.305,0.244,0.244,0.738,0.417,0.232,0.259,0,0.031,0,0.033,0,0,0.156,0.147,0.029,0.03,0.232,0.287,0.199,0.198,0.222,0.208,0,0.251,0,0.241,0.246,0.21,0.243,0,0.03,0.029,0.241,0.241,0.224,0.232,0.221,0.027,0.028,0.231,0.028,0.194,0.222,0.239,0.229,0.191,0.179,0.215,0.2,0.232,0.224,0.211,0.231,0.165,0.158,0.214,0.196,0.221,0.194,0.653,0,0,0.031,0.037,0.036,0,0.175,0.24,0.242,0.191,0.195,0.369,0.25,0.715,0.232,0.219,0.337,0,0,0,0,0,0.033,0,0,0.197,0.217,0.218,0.244,0,0,0,0,0.033,0.223,0.222,0.221,0.203,0,0.197,0.024,0.024,0.03,0.028,0.025,0.026,0.029,0.323,0.322,0.328,0,0.03,0.022,0,0.031,0.024,0,0,0,0.223,0.212,0.238,0,0.212,0.217,0.02,0.161,0.514,0.611,0.026,0.027,0.528,0.638,0.545,0.34,0.366,0.315,0.147,0.144,0.203,0.185,0.38,0.157,0.153,0.995,0.354,0.158,0.84,0,0.145,0.84,0.732,0.365,0.809,0.717,0.875,0.781,0.225,0.031,0.027,0.03,0.025,0.02,0.031,0.028,0.026,0.031,0.025,0.025,0.03,0.031,0.031,0.03,0,0,0,0,0.022,0,0,0.158,0.144,0.033,0.023,0.031,0.022,0.022,0.028,0,0,0,0.185,0,0,0,0,0,0,0,0.204,0,0.203,0.188,0.23,0.029,0,0,0.034,0.034,0,0.576,0.215,0.195,0.025,0.023,0.258,0.173,0.146,0.122,0.033,0.198,0.191,0.185,0,0,0.193,0.42,0.034,0,0,0.022,0.216,0,0.022,0.404,0.028,0.213,0.233,0.227,0.254,0.221,0.26,0.25,0,0,0,0,0,0.161,0.215,0.168,0.187,0.187,0.258,0,0,0,0.024,0.208,0.655,0.017,0.35,0.221,0.191,0.033,0,0,0,0.025,0.226,0.201,0.212,0.254,0.194,0.185,0.173,0.229,0.212,0.254,0.185,0.179,0.311,0.022,0.029,0.032,0.198,0.214,0.199,0.19,0.031,0.023,0.42,0.595,0.205,0.192,0.169,0.171,0.026,0.024,0.366,0.022,0.214,0.164,0.588,0.651,0.593,0.416,0.023,0.199,0.028,0.024,0.033,0,0.031,0.035,0.035,0.42,0.32,0.036,0.328,0.233,0.226,0.203,0,0,0,0,0,0,0,0,0.024,0.337,0.366,0.216,0.032,0.028,0.026,0,0,0.03,0.173,0.192,0,0.028,0.385,0.198,0.029,0.211,0.353,0.275,0,0.226,0.198,0.173,0.127,0.03,0.028,0.219,0.206,0,0,0.203,0.203,0.178,0.17,0.227,0,0.166,0.127,0.168,0.193,0.168,0.168
GO:0051129,0,0.483,0,0.046,0.516,0.253,0.308,0,0.041,0,0.034,0.687,0.769,0.292,0.356,0,0.264,0,0.498,0.037,0.037,0.037,0.037,0.036,0,0.036,0,0,0.215,0.254,0.213,0.261,0.206,0.265,0.241,0.291,0.213,0.245,0.209,0.251,0.245,0,0,0.185,0.187,0.402,0,0,0.187,0.175,0.166,0.168,0.209,0.188,0.237,0.03,0,0.035,0.642,0.7,0.296,0.237,0.227,0.246,0.237,0.236,0.234,0.3,0.186,0.3,0,0.226,0.229,0.192,0.299,0.296,0.235,0.296,0.239,0.239,0.434,0.811,0.227,0.252,0,0.03,0,0.032,0,0,0.153,0.144,0.028,0.029,0.629,0.279,0.573,0.57,0.64,0.599,0,0.679,0,0.654,0.667,0.605,0.658,0,0.029,0.028,0.654,0.654,0.607,0.227,0.216,0.026,0.027,0.226,0.027,0.191,0.217,0.234,0.224,0.187,0.176,0.211,0.196,0.227,0.219,0.206,0.226,0.161,0.154,0.21,0.192,0.216,0.191,0.386,0,0,0.03,0.036,0.034,0,0.171,0.651,0.654,0.552,0.563,0.378,0.244,0.441,0.227,0.214,0.658,0,0,0,0,0,0.032,0,0,0.192,0.589,0.591,0.238,0,0,0,0,0.032,0.217,0.216,0.601,0.198,0,0.193,0.023,0.023,0.029,0.027,0.024,0.025,0.028,0.331,0.331,0.336,0,0.03,0.022,0,0.031,0.024,0,0,0,0.218,0.207,0.233,0,0.208,0.212,0.019,0.159,0.305,0.361,0.026,0.026,0.314,0.377,0.323,0.958,0.714,0.889,0.144,0.141,0.199,0.505,0.741,0.153,0.15,0.354,0.996,0.155,0.598,0,0.142,0.598,0.754,0.712,0.577,0.739,0.623,0.803,0.612,0.03,0.027,0.029,0.024,0.02,0.03,0.028,0.025,0.03,0.024,0.024,0.029,0.03,0.03,0.029,0,0,0,0,0.021,0,0,0.155,0.417,0.032,0.022,0.03,0.022,0.021,0.028,0,0,0,0.505,0,0,0,0,0,0,0,0.199,0,0.199,0.184,0.623,0.028,0,0,0.033,0.033,0,0.357,0.21,0.191,0.025,0.023,0.252,0.17,0.144,0.12,0.032,0.195,0.187,0.182,0,0,0.19,0.262,0.033,0,0,0.022,0.211,0,0.022,0.412,0.027,0.577,0.631,0.222,0.248,0.599,0.254,0.244,0,0,0,0,0,0.159,0.211,0.166,0.54,0.54,0.252,0,0,0,0.024,0.204,0.405,0.017,0.358,0.216,0.187,0.032,0,0,0,0.025,0.612,0.197,0.576,0.248,0.191,0.505,0.17,0.224,0.208,0.248,0.182,0.488,0.319,0.021,0.028,0.031,0.195,0.582,0.195,0.516,0.03,0.022,0.428,0.369,0.201,0.523,0.165,0.167,0.025,0.024,0.375,0.021,0.582,0.161,0.364,0.403,0.367,0.424,0.022,0.195,0.028,0.023,0.032,0,0.03,0.034,0.034,0.429,0.328,0.035,0.318,0.228,0.221,0.199,0,0,0,0,0,0,0,0,0.024,0.345,0.374,0.212,0.032,0.027,0.025,0,0,0.029,0.17,0.187,0,0.027,0.393,0.194,0.029,0.207,0.362,0.268,0,0.221,0.195,0.17,0.125,0.029,0.027,0.215,0.202,0,0,0.198,0.199,0.174,0.166,0.222,0,0.162,0.125,0.164,0.526,0.166,0.459
GO:0051345,0,0,0,0,0,0.212,0.205,0,0,0,0,0.196,0.186,0.243,0.235,0,0.246,0,0,0,0,0,0,0,0,0,0,0,0.182,0.171,0.18,0.175,0.175,0.178,0.203,0.194,0.18,0.206,0.177,0.211,0.206,0,0,0.804,0.791,0,0,0,0.16,0.15,0.929,0.913,0.178,0.16,0.16,0,0,0,0.184,0.17,0.197,0.2,0.153,0.207,0.2,0.159,0.158,0.2,0.159,0.2,0,0.153,0.155,0.163,0.199,0.197,0.159,0.197,0.161,0.161,0,0.18,0.153,0.17,0,0,0,0,0,0,0.131,0.124,0,0,0.153,0.187,0.165,0.164,0.183,0.172,0,0.165,0,0.159,0.162,0.174,0.16,0,0,0,0.159,0.159,0.148,0.154,0.146,0,0,0.153,0,0.759,0.862,0.158,0.151,0.583,0.703,0.143,0.133,0.702,0.678,0.819,0.153,0.706,0.868,0.649,0.766,0.146,0.13,0,0,0,0,0,0,0,0.896,0.158,0.159,0.159,0.162,0,0.165,0,0.153,0.145,0.148,0,0,0,0,0,0,0,0,0.164,0.144,0.144,0.16,0,0,0,0,0,0.184,0.183,0.147,0.188,0,0.164,0,0,0,0,0,0,0,0,0,0,0,0,0,0,0,0,0,0,0,0.147,0.175,0.157,0,0.141,0.144,0,0.108,0,0,0,0,0,0,0,0.149,0.16,0.139,0.124,0.122,0.135,0.124,0.166,0.809,0.968,0.158,0.155,0.998,0.135,0,0.917,0.135,0.118,0.159,0.13,0.116,0.14,0.126,0.149,0,0,0,0,0,0,0,0,0,0,0,0,0,0,0,0,0,0,0,0,0,0,0.133,0.122,0,0,0,0,0,0,0,0,0,0.124,0,0,0,0,0,0,0,0.169,0,0.169,0.157,0.152,0,0,0,0,0,0,0,0.142,0.13,0,0,0.169,0.116,0.138,0.116,0,0.132,0.128,0.124,0,0,0.129,0,0,0,0,0,0.143,0,0,0,0,0.141,0.154,0.15,0.167,0.146,0.17,0.164,0,0,0,0,0,0.108,0.143,0.113,0.156,0.156,0.17,0,0,0,0,0.139,0,0,0,0.146,0.128,0,0,0,0,0,0.149,0.134,0.141,0.167,0.13,0.124,0.116,0.152,0.141,0.167,0.124,0.12,0,0,0,0,0.132,0.142,0.729,0.696,0,0,0,0,0.137,0.128,0.723,0.71,0,0,0,0,0.142,0.847,0,0,0,0,0,0.133,0,0,0,0,0,0,0,0,0,0,0.211,0.154,0.149,0.135,0,0,0,0,0,0,0,0,0,0.148,0,0.143,0,0,0,0,0,0,0.116,0.16,0,0,0,0.132,0,0.14,0.155,0.18,0,0.149,0.132,0.116,0.108,0,0,0.145,0.137,0,0,0.169,0.169,0.149,0.142,0.15,0,0.155,0.108,0.141,0.129,0.113,0.113
GO:0060491,0,0.401,0,0.036,0.423,0.208,0.255,0,0.032,0,0.028,0.194,0.234,0.234,0.287,0,0.211,0,0.407,0.03,0.03,0.03,0.03,0.029,0,0.029,0,0,0.182,0.217,0.18,0.222,0.175,0.225,0.2,0.243,0.18,0.203,0.178,0.207,0.203,0,0,0.157,0.158,0.343,0,0,0.161,0.153,0.143,0.145,0.178,0.162,0.205,0.026,0,0.029,0.183,0.216,0.247,0.198,0.197,0.203,0.197,0.203,0.202,0.25,0.161,0.25,0,0.196,0.198,0.165,0.249,0.247,0.203,0.247,0.206,0.206,0.601,0.686,0.197,0.216,0,0.026,0,0.027,0,0,0.135,0.128,0.024,0.025,0.197,0.235,0.166,0.166,0.183,0.173,0,0.21,0,0.203,0.207,0.174,0.205,0,0.025,0.024,0.203,0.203,0.191,0.197,0.189,0.023,0.023,0.196,0.023,0.169,0.19,0.202,0.195,0.166,0.157,0.184,0.173,0.197,0.191,0.181,0.196,0.14,0.134,0.184,0.17,0.189,0.169,0.543,0,0,0.026,0.029,0.028,0,0.147,0.203,0.204,0.161,0.164,0.325,0.21,0.64,0.197,0.187,0.574,0,0,0,0,0,0.027,0,0,0.165,0.186,0.187,0.205,0,0,0,0,0.027,0.183,0.183,0.189,0.166,0,0.166,0.02,0.02,0.025,0.023,0.021,0.022,0.024,0.29,0.29,0.294,0,0.025,0.019,0,0.026,0.021,0,0,0,0.19,0.176,0.201,0,0.182,0.186,0.017,0.143,0.444,0.514,0.022,0.022,0.454,0.533,0.467,0.579,0.829,0.729,0.128,0.126,0.175,0.162,0.636,0.134,0.131,0.84,0.598,0.135,0.999,0,0.125,0.999,0.886,0.827,0.967,0.871,0.752,0.682,0.192,0.025,0.023,0.025,0.021,0.017,0.025,0.024,0.022,0.025,0.021,0.021,0.025,0.025,0.025,0.025,0,0,0,0,0.019,0,0,0.137,0.126,0.027,0.019,0.026,0.019,0.019,0.023,0,0,0,0.162,0,0,0,0,0,0,0,0.17,0,0.17,0.159,0.195,0.024,0,0,0.028,0.028,0,0.534,0.184,0.17,0.021,0.02,0.215,0.153,0.126,0.108,0.027,0.172,0.166,0.162,0,0,0.168,0.406,0.027,0,0,0.019,0.185,0,0.019,0.351,0.023,0.183,0.197,0.193,0.213,0.189,0.217,0.209,0,0,0,0,0,0.143,0.185,0.149,0.158,0.158,0.216,0,0,0,0.021,0.18,0.596,0.016,0.311,0.189,0.166,0.027,0,0,0,0.021,0.192,0.174,0.182,0.213,0.169,0.162,0.153,0.195,0.182,0.213,0.162,0.157,0.281,0.019,0.024,0.026,0.172,0.184,0.173,0.165,0.025,0.019,0.678,0.845,0.177,0.167,0.143,0.144,0.022,0.021,0.606,0.019,0.184,0.139,0.836,0.592,0.842,0.674,0.019,0.173,0.024,0.02,0.027,0,0.025,0.028,0.028,0.362,0.288,0.029,0.262,0.197,0.192,0.176,0,0,0,0,0,0,0,0,0.021,0.301,0.323,0.185,0.026,0.023,0.022,0,0,0.025,0.153,0.162,0,0.023,0.337,0.172,0.024,0.182,0.313,0.227,0,0.192,0.172,0.153,0.113,0.025,0.023,0.188,0.178,0,0,0.17,0.17,0.152,0.146,0.193,0,0.14,0.113,0.144,0.168,0.149,0.149
GO:0070848,0,0,0,0,0,0,0,0,0,0,0,0,0,0,0,0.369,0,0,0,0,0,0,0,0,0,0.348,0,0,0,0.272,0,0,0,0,0,0,0.287,0,0,0,0,0,0,0,0,0,0.795,0.625,0,0,0,0,0,0,0.255,0,0,0,0,0,0,0,0.244,0,0,0,0,0,0,0,0,0,0,0.26,0,0,0,0,0,0,0,0,0,0,0.323,0.3,0,0,0,0,0,0,0,0,0,0,0,0,0,0,0,0,0,0,0,0,0,0,0.561,0.775,0,0,0,0,0,0,0,0,0,0,0,0,0,0,0.191,0.227,0.212,0,0,0,0,0,0,0,0,0.233,0.206,0,0,0,0,0,0,0,0,0.252,0,0,0.258,0,0,0,0,0,0,0,0,0,0,0,0,0,0,0,0,0,0,0,0,0,0,0,0,0,0,0,0,0,0.231,0.232,0,0.269,0.241,0,0.28,0,0,0,0,0,0,0,0,0,0,0,0,0,0,0,0.544,0,0,0.544,0.173,0,0,0,0,0,0,0,0,0,0,0,0,0.215,0.197,0,0,0,0,0,0,0,0.998,0,0,0,0,0,0,0,0,0.238,0,0,0,0,0,0,0,0,0,0,0,0,0,0,0,0,0,0,0,0,0,0.485,0,0,0,0,0,0,0,0,0,0,0,0,0.305,0.283,0.259,0,0,0,0,0,0,0,0,0,0,0,0,0,0,0,0,0.227,0.207,0,0,0,0,0,0,0,0,0,0,0,0.537,0,0,0,0,0,0,0,0.283,0,0,0,0,0,0,0,0,0,0,0,0,0,0,0,0,0,0,0,0,0,0.283,0,0,0,0.22,0,0.485,0,0,0.203,0,0,0,0.497,0.483,0,0,0,0,0,0,0,0,0,0,0,0,0,0,0,0,0,0,0,0,0,0,0,0,0,0,0,0,0,0,0,0,0,0,0,0,0,0,0,0,0,0,0,0,0,0,0,0,0,0,0.337,0.245,0.238,0.215,0,0,0,0,0,0,0,0,0,0,0,0,0,0,0,0,0,0,0,0,0,0,0,0,0,0.223,0,0.286,0,0,0,0,0,0,0,0,0,0,0,0,0,0,0,0,0,0,0,0,0.205,0.18,0.18
GO:0090630,0,0,0,0,0,0.189,0.183,0,0,0,0,0.176,0.167,0.212,0.207,0,0.215,0,0,0,0,0,0,0,0,0,0,0,0.165,0.155,0.163,0.159,0.159,0.161,0.181,0.174,0.163,0.184,0.161,0.188,0.184,0,0,0.729,0.715,0,0,0,0.146,0.138,0.849,0.834,0.161,0.147,0.146,0,0,0,0.166,0.154,0.177,0.179,0.141,0.184,0.179,0.145,0.144,0.179,0.145,0.179,0,0.14,0.142,0.149,0.178,0.177,0.145,0.177,0.147,0.147,0,0.163,0.14,0.154,0,0,0,0,0,0,0.122,0.116,0,0,0.141,0.168,0.15,0.15,0.165,0.156,0,0.15,0,0.145,0.148,0.158,0.146,0,0,0,0.145,0.145,0.136,0.141,0.135,0,0,0.14,0,0.705,0.793,0.144,0.139,0.542,0.657,0.132,0.124,0.643,0.624,0.757,0.14,0.647,0.798,0.599,0.711,0.135,0.12,0,0,0,0,0,0,0,0.817,0.145,0.145,0.145,0.148,0,0.15,0,0.14,0.134,0.136,0,0,0,0,0,0,0,0,0.149,0.133,0.133,0.147,0,0,0,0,0,0.166,0.165,0.135,0.169,0,0.15,0,0,0,0,0,0,0,0,0,0,0,0,0,0,0,0,0,0,0,0.136,0.159,0.144,0,0.13,0.133,0,0.102,0,0,0,0,0,0,0,0.137,0.146,0.128,0.116,0.113,0.125,0.116,0.151,0.926,0.947,0.145,0.142,0.917,0.125,0,0.999,0.125,0.111,0.146,0.121,0.109,0.129,0.117,0.137,0,0,0,0,0,0,0,0,0,0,0,0,0,0,0,0,0,0,0,0,0,0,0.124,0.113,0,0,0,0,0,0,0,0,0,0.116,0,0,0,0,0,0,0,0.154,0,0.153,0.144,0.139,0,0,0,0,0,0,0,0.131,0.121,0,0,0.154,0.109,0.128,0.109,0,0.123,0.119,0.116,0,0,0.12,0,0,0,0,0,0.132,0,0,0,0,0.13,0.141,0.138,0.152,0.135,0.155,0.15,0,0,0,0,0,0.102,0.132,0.106,0.143,0.143,0.154,0,0,0,0,0.128,0,0,0,0.135,0.119,0,0,0,0,0,0.137,0.124,0.13,0.152,0.12,0.116,0.109,0.139,0.13,0.152,0.116,0.112,0,0,0,0,0.123,0.131,0.676,0.647,0,0,0,0,0.126,0.119,0.661,0.649,0,0,0,0,0.131,0.776,0,0,0,0,0,0.123,0,0,0,0,0,0,0,0,0,0,0.188,0.141,0.137,0.125,0,0,0,0,0,0,0,0,0,0.136,0,0.132,0,0,0,0,0,0,0.109,0.146,0,0,0,0.122,0,0.13,0.142,0.162,0,0.137,0.123,0.109,0.102,0,0,0.134,0.127,0,0,0.153,0.153,0.137,0.131,0.138,0,0.142,0.102,0.13,0.12,0.106,0.106
GO:0120032,0,0.401,0,0.036,0.423,0.208,0.255,0,0.032,0,0.028,0.194,0.234,0.234,0.287,0,0.211,0,0.407,0.03,0.03,0.03,0.03,0.029,0,0.029,0,0,0.182,0.217,0.18,0.222,0.175,0.225,0.2,0.243,0.18,0.203,0.178,0.207,0.203,0,0,0.157,0.158,0.343,0,0,0.161,0.153,0.143,0.145,0.178,0.162,0.205,0.026,0,0.029,0.183,0.216,0.247,0.198,0.197,0.203,0.197,0.203,0.202,0.25,0.161,0.25,0,0.196,0.198,0.165,0.249,0.247,0.203,0.247,0.206,0.206,0.601,0.686,0.197,0.216,0,0.026,0,0.027,0,0,0.135,0.128,0.024,0.025,0.197,0.235,0.166,0.166,0.183,0.173,0,0.21,0,0.203,0.207,0.174,0.205,0,0.025,0.024,0.203,0.203,0.191,0.197,0.189,0.023,0.023,0.196,0.023,0.169,0.19,0.202,0.195,0.166,0.157,0.184,0.173,0.197,0.191,0.181,0.196,0.14,0.134,0.184,0.17,0.189,0.169,0.543,0,0,0.026,0.029,0.028,0,0.147,0.203,0.204,0.161,0.164,0.325,0.21,0.64,0.197,0.187,0.574,0,0,0,0,0,0.027,0,0,0.165,0.186,0.187,0.205,0,0,0,0,0.027,0.183,0.183,0.189,0.166,0,0.166,0.02,0.02,0.025,0.023,0.021,0.022,0.024,0.29,0.29,0.294,0,0.025,0.019,0,0.026,0.021,0,0,0,0.19,0.176,0.201,0,0.182,0.186,0.017,0.143,0.444,0.514,0.022,0.022,0.454,0.533,0.467,0.579,0.829,0.729,0.128,0.126,0.175,0.162,0.636,0.134,0.131,0.84,0.598,0.135,0.999,0,0.125,0.999,0.886,0.832,0.967,0.871,0.752,0.682,0.192,0.025,0.023,0.025,0.021,0.017,0.025,0.024,0.022,0.025,0.021,0.021,0.025,0.025,0.025,0.025,0,0,0,0,0.019,0,0,0.137,0.126,0.027,0.019,0.026,0.019,0.019,0.023,0,0,0,0.162,0,0,0,0,0,0,0,0.17,0,0.17,0.159,0.195,0.024,0,0,0.028,0.028,0,0.534,0.184,0.17,0.021,0.02,0.215,0.153,0.126,0.108,0.027,0.172,0.166,0.162,0,0,0.168,0.406,0.027,0,0,0.019,0.185,0,0.019,0.351,0.023,0.183,0.197,0.193,0.213,0.189,0.217,0.209,0,0,0,0,0,0.143,0.185,0.149,0.158,0.158,0.216,0,0,0,0.021,0.18,0.596,0.016,0.311,0.189,0.166,0.027,0,0,0,0.021,0.192,0.174,0.182,0.213,0.169,0.162,0.153,0.195,0.182,0.213,0.162,0.157,0.281,0.019,0.024,0.026,0.172,0.184,0.173,0.165,0.025,0.019,0.678,0.845,0.177,0.167,0.143,0.144,0.022,0.021,0.618,0.019,0.184,0.139,0.843,0.592,0.849,0.688,0.019,0.173,0.024,0.02,0.027,0,0.025,0.028,0.028,0.362,0.288,0.029,0.262,0.197,0.192,0.176,0,0,0,0,0,0,0,0,0.021,0.301,0.323,0.185,0.026,0.023,0.022,0,0,0.025,0.153,0.162,0,0.023,0.337,0.172,0.024,0.182,0.313,0.227,0,0.192,0.172,0.153,0.113,0.025,0.023,0.188,0.178,0,0,0.17,0.17,0.152,0.146,0.193,0,0.14,0.113,0.144,0.168,0.149,0.149
GO:0120033,0,0.338,0,0.029,0.354,0.174,0.215,0,0.027,0,0.023,0.486,0.554,0.192,0.238,0,0.173,0,0.34,0.025,0.025,0.025,0.025,0.024,0,0.024,0,0,0.156,0.187,0.155,0.191,0.151,0.193,0.169,0.206,0.154,0.171,0.153,0.174,0.171,0,0,0.135,0.136,0.296,0,0,0.14,0.134,0.125,0.126,0.153,0.141,0.178,0.022,0,0.024,0.463,0.517,0.209,0.167,0.172,0.171,0.167,0.177,0.176,0.211,0.14,0.211,0,0.172,0.173,0.143,0.21,0.209,0.177,0.209,0.179,0.179,0.511,0.588,0.172,0.186,0,0.022,0,0.023,0,0,0.12,0.115,0.021,0.021,0.477,0.201,0.427,0.425,0.462,0.441,0,0.505,0,0.491,0.498,0.444,0.494,0,0.021,0.02,0.491,0.491,0.464,0.172,0.166,0.02,0.02,0.172,0.02,0.15,0.167,0.176,0.17,0.148,0.141,0.163,0.154,0.172,0.168,0.16,0.172,0.122,0.118,0.162,0.151,0.166,0.15,0.469,0,0,0.022,0.024,0.024,0,0.127,0.49,0.491,0.414,0.421,0.283,0.182,0.546,0.172,0.165,0.504,0,0,0,0,0,0.023,0,0,0.143,0.454,0.455,0.178,0,0,0,0,0.023,0.157,0.156,0.461,0.142,0,0.144,0.018,0.018,0.021,0.02,0.018,0.019,0.021,0.256,0.255,0.259,0,0.021,0.017,0,0.022,0.018,0,0,0,0.167,0.151,0.176,0,0.161,0.164,0.015,0.13,0.393,0.447,0.019,0.02,0.401,0.461,0.411,0.732,0.721,0.859,0.115,0.113,0.155,0.402,0.551,0.118,0.116,0.732,0.754,0.118,0.886,0,0.111,0.886,1,0.724,0.861,0.984,0.664,0.638,0.467,0.022,0.02,0.021,0.018,0.016,0.021,0.02,0.019,0.021,0.019,0.019,0.021,0.021,0.022,0.021,0,0,0,0,0.017,0,0,0.122,0.334,0.023,0.017,0.022,0.017,0.017,0.02,0,0,0,0.402,0,0,0,0,0,0,0,0.147,0,0.147,0.139,0.474,0.021,0,0,0.023,0.023,0,0.467,0.162,0.151,0.019,0.017,0.186,0.137,0.112,0.097,0.023,0.153,0.148,0.145,0,0,0.15,0.366,0.023,0,0,0.017,0.163,0,0.017,0.302,0.02,0.447,0.478,0.169,0.184,0.459,0.187,0.182,0,0,0,0,0,0.13,0.163,0.134,0.408,0.408,0.186,0,0,0,0.018,0.159,0.514,0.014,0.272,0.166,0.148,0.023,0,0,0,0.019,0.467,0.154,0.446,0.184,0.15,0.402,0.137,0.171,0.161,0.184,0.145,0.392,0.248,0.017,0.021,0.022,0.153,0.45,0.153,0.409,0.022,0.017,0.581,0.737,0.157,0.413,0.124,0.125,0.019,0.018,0.538,0.017,0.45,0.122,0.736,0.511,0.74,0.59,0.017,0.153,0.02,0.018,0.023,0,0.022,0.024,0.024,0.31,0.254,0.024,0.22,0.172,0.169,0.156,0,0,0,0,0,0,0,0,0.018,0.264,0.281,0.163,0.022,0.02,0.019,0,0,0.021,0.137,0.141,0,0.02,0.291,0.152,0.021,0.16,0.274,0.195,0,0.169,0.153,0.137,0.103,0.021,0.02,0.165,0.158,0,0,0.147,0.147,0.133,0.128,0.169,0,0.123,0.103,0.127,0.415,0.134,0.373
GO:0120035,0,0.503,0,0.049,0.538,0.263,0.321,0,0.043,0,0.035,0.242,0.288,0.306,0.374,0,0.277,0,0.52,0.038,0.038,0.039,0.038,0.037,0,0.037,0,0,0.223,0.263,0.221,0.27,0.213,0.275,0.25,0.302,0.22,0.255,0.217,0.262,0.255,0,0,0.191,0.193,0.416,0,0,0.193,0.181,0.171,0.173,0.217,0.194,0.245,0.032,0,0.036,0.225,0.261,0.308,0.247,0.234,0.256,0.247,0.243,0.241,0.312,0.192,0.312,0,0.233,0.236,0.198,0.311,0.308,0.243,0.308,0.246,0.246,0.451,0.84,0.233,0.261,0,0.032,0,0.034,0,0,0.157,0.147,0.029,0.03,0.234,0.29,0.2,0.199,0.224,0.21,0,0.253,0,0.243,0.248,0.212,0.245,0,0.03,0.029,0.243,0.243,0.225,0.234,0.222,0.027,0.028,0.233,0.028,0.195,0.224,0.241,0.231,0.192,0.18,0.216,0.201,0.234,0.226,0.212,0.233,0.166,0.159,0.215,0.197,0.222,0.195,0.399,0,0,0.032,0.037,0.036,0,0.176,0.242,0.243,0.193,0.197,0.39,0.252,0.458,0.233,0.22,0.677,0,0,0,0,0,0.033,0,0,0.199,0.218,0.219,0.246,0,0,0,0,0.033,0.225,0.224,0.223,0.205,0,0.199,0.024,0.024,0.03,0.028,0.025,0.026,0.029,0.34,0.34,0.346,0,0.031,0.023,0,0.032,0.024,0,0,0,0.224,0.214,0.24,0,0.214,0.218,0.02,0.162,0.314,0.373,0.027,0.027,0.322,0.39,0.333,0.684,0.991,0.852,0.147,0.144,0.204,0.186,0.765,0.158,0.154,0.365,0.712,0.159,0.827,0,0.146,0.832,0.724,0.995,0.801,0.71,0.64,0.571,0.227,0.031,0.028,0.03,0.025,0.02,0.031,0.029,0.026,0.031,0.025,0.025,0.03,0.031,0.031,0.03,0,0,0,0,0.022,0,0,0.159,0.144,0.034,0.023,0.032,0.022,0.022,0.028,0,0,0,0.186,0,0,0,0,0,0,0,0.206,0,0.205,0.189,0.231,0.029,0,0,0.035,0.035,0,0.368,0.216,0.196,0.025,0.023,0.26,0.174,0.147,0.123,0.034,0.2,0.192,0.186,0,0,0.194,0.267,0.035,0,0,0.022,0.217,0,0.022,0.427,0.028,0.214,0.234,0.229,0.256,0.222,0.262,0.252,0,0,0,0,0,0.162,0.217,0.169,0.188,0.188,0.261,0,0,0,0.025,0.21,0.419,0.018,0.369,0.222,0.192,0.034,0,0,0,0.025,0.227,0.202,0.214,0.256,0.195,0.186,0.174,0.231,0.213,0.256,0.186,0.18,0.327,0.022,0.029,0.032,0.2,0.216,0.2,0.191,0.031,0.023,0.831,0.713,0.207,0.193,0.17,0.172,0.026,0.025,0.74,0.022,0.216,0.166,0.718,0.416,0.724,0.841,0.023,0.2,0.029,0.024,0.033,0,0.031,0.035,0.035,0.444,0.337,0.037,0.332,0.234,0.228,0.205,0,0,0,0,0,0,0,0,0.024,0.355,0.386,0.217,0.033,0.028,0.026,0,0,0.03,0.174,0.193,0,0.028,0.406,0.199,0.03,0.213,0.373,0.277,0,0.227,0.2,0.174,0.128,0.03,0.028,0.221,0.208,0,0,0.205,0.205,0.179,0.171,0.229,0,0.167,0.128,0.169,0.194,0.169,0.169
GO:1902017,0,0.495,0,0.034,0.402,0.198,0.243,0,0.031,0,0.027,0.185,0.224,0.221,0.273,0,0.199,0,0.387,0.028,0.028,0.029,0.028,0.028,0,0.028,0,0,0.174,0.208,0.173,0.213,0.168,0.216,0.191,0.232,0.173,0.193,0.17,0.197,0.193,0,0,0.151,0.152,0.427,0,0,0.155,0.147,0.138,0.139,0.17,0.156,0.197,0.024,0,0.027,0.176,0.207,0.236,0.189,0.19,0.194,0.188,0.196,0.195,0.238,0.155,0.238,0,0.189,0.191,0.159,0.237,0.236,0.196,0.236,0.198,0.198,0.575,0.658,0.189,0.207,0,0.025,0,0.026,0,0,0.131,0.124,0.023,0.024,0.19,0.225,0.16,0.159,0.175,0.166,0,0.202,0,0.196,0.199,0.167,0.197,0,0.024,0.023,0.196,0.196,0.184,0.19,0.182,0.022,0.023,0.189,0.022,0.164,0.183,0.195,0.188,0.161,0.153,0.178,0.168,0.19,0.184,0.175,0.189,0.135,0.13,0.178,0.165,0.182,0.164,0.522,0,0,0.025,0.028,0.027,0,0.141,0.195,0.196,0.155,0.158,0.313,0.202,0.613,0.189,0.181,0.554,0,0,0,0,0,0.026,0,0,0.159,0.18,0.18,0.197,0,0,0,0,0.026,0.176,0.175,0.183,0.159,0,0.159,0.02,0.02,0.024,0.022,0.02,0.021,0.023,0.363,0.363,0.368,0,0.024,0.019,0,0.025,0.02,0,0,0,0.183,0.169,0.194,0,0.176,0.18,0.017,0.14,0.429,0.495,0.021,0.022,0.439,0.512,0.451,0.693,0.798,0.705,0.124,0.122,0.17,0.157,0.759,0.129,0.127,0.809,0.577,0.13,0.967,0,0.121,0.967,0.861,0.801,1,0.903,0.931,0.847,0.185,0.024,0.022,0.024,0.02,0.017,0.024,0.023,0.021,0.024,0.02,0.02,0.024,0.024,0.024,0.024,0,0,0,0,0.018,0,0,0.133,0.122,0.026,0.019,0.025,0.019,0.018,0.023,0,0,0,0.157,0,0,0,0,0,0,0,0.163,0,0.163,0.153,0.188,0.023,0,0,0.026,0.026,0,0.515,0.178,0.164,0.021,0.019,0.207,0.148,0.122,0.105,0.026,0.167,0.161,0.157,0,0,0.163,0.395,0.026,0,0,0.018,0.179,0,0.019,0.337,0.022,0.177,0.19,0.186,0.204,0.182,0.208,0.201,0,0,0,0,0,0.14,0.178,0.145,0.152,0.152,0.207,0,0,0,0.02,0.174,0.572,0.015,0.299,0.182,0.161,0.026,0,0,0,0.021,0.186,0.168,0.176,0.204,0.164,0.157,0.148,0.188,0.176,0.204,0.157,0.153,0.272,0.018,0.023,0.025,0.167,0.178,0.167,0.16,0.024,0.019,0.65,0.814,0.172,0.162,0.137,0.139,0.021,0.02,0.797,0.018,0.178,0.134,0.826,0.72,0.818,0.659,0.019,0.167,0.023,0.02,0.025,0,0.024,0.027,0.027,0.45,0.361,0.027,0.25,0.19,0.186,0.17,0,0,0,0,0,0,0,0,0.02,0.29,0.311,0.179,0.025,0.022,0.021,0,0,0.024,0.148,0.156,0,0.022,0.419,0.166,0.023,0.176,0.302,0.218,0,0.186,0.167,0.148,0.11,0.024,0.022,0.181,0.172,0,0,0.163,0.163,0.146,0.141,0.187,0,0.135,0.11,0.139,0.163,0.145,0.145
GO:1902018,0,0.427,0,0.028,0.345,0.17,0.21,0,0.026,0,0.023,0.475,0.542,0.187,0.231,0,0.168,0,0.332,0.024,0.024,0.025,0.024,0.024,0,0.024,0,0,0.152,0.183,0.151,0.187,0.148,0.189,0.165,0.202,0.151,0.167,0.149,0.169,0.167,0,0,0.132,0.133,0.376,0,0,0.138,0.131,0.122,0.123,0.149,0.138,0.174,0.021,0,0.023,0.453,0.506,0.204,0.163,0.169,0.167,0.163,0.174,0.173,0.206,0.137,0.206,0,0.168,0.17,0.14,0.206,0.204,0.174,0.204,0.175,0.175,0.499,0.576,0.169,0.183,0,0.021,0,0.022,0,0,0.118,0.113,0.02,0.021,0.468,0.196,0.418,0.416,0.452,0.431,0,0.495,0,0.482,0.489,0.435,0.484,0,0.021,0.02,0.482,0.482,0.456,0.169,0.163,0.019,0.02,0.168,0.02,0.148,0.164,0.173,0.167,0.146,0.139,0.16,0.151,0.169,0.165,0.157,0.168,0.12,0.116,0.159,0.149,0.163,0.148,0.459,0,0,0.021,0.024,0.023,0,0.125,0.48,0.482,0.406,0.413,0.277,0.178,0.534,0.169,0.162,0.494,0,0,0,0,0,0.022,0,0,0.141,0.445,0.447,0.175,0,0,0,0,0.022,0.153,0.153,0.452,0.139,0,0.141,0.018,0.018,0.021,0.02,0.018,0.019,0.02,0.325,0.325,0.329,0,0.021,0.017,0,0.021,0.018,0,0,0,0.164,0.148,0.172,0,0.158,0.161,0.015,0.128,0.386,0.438,0.019,0.019,0.394,0.452,0.403,0.776,0.707,0.844,0.113,0.111,0.153,0.396,0.67,0.115,0.113,0.717,0.739,0.116,0.871,0,0.109,0.871,0.984,0.71,0.903,1,0.835,0.932,0.458,0.021,0.019,0.021,0.018,0.015,0.021,0.02,0.019,0.021,0.018,0.018,0.021,0.021,0.021,0.021,0,0,0,0,0.016,0,0,0.12,0.328,0.022,0.017,0.021,0.017,0.016,0.02,0,0,0,0.396,0,0,0,0,0,0,0,0.144,0,0.144,0.136,0.465,0.02,0,0,0.023,0.023,0,0.458,0.159,0.148,0.018,0.017,0.182,0.135,0.11,0.095,0.022,0.15,0.146,0.143,0,0,0.147,0.361,0.023,0,0,0.017,0.16,0,0.017,0.295,0.02,0.439,0.469,0.166,0.18,0.451,0.183,0.178,0,0,0,0,0,0.128,0.16,0.132,0.4,0.4,0.182,0,0,0,0.018,0.156,0.503,0.014,0.266,0.163,0.146,0.022,0,0,0,0.018,0.459,0.152,0.438,0.18,0.148,0.396,0.135,0.167,0.158,0.18,0.143,0.385,0.244,0.016,0.02,0.022,0.15,0.442,0.151,0.403,0.021,0.017,0.569,0.722,0.154,0.407,0.122,0.123,0.019,0.018,0.706,0.016,0.442,0.119,0.734,0.634,0.726,0.577,0.017,0.151,0.02,0.017,0.022,0,0.021,0.023,0.023,0.393,0.323,0.024,0.215,0.169,0.166,0.153,0,0,0,0,0,0,0,0,0.018,0.259,0.275,0.16,0.022,0.02,0.019,0,0,0.021,0.135,0.138,0,0.02,0.37,0.15,0.02,0.158,0.268,0.19,0,0.165,0.15,0.135,0.101,0.021,0.02,0.162,0.155,0,0,0.144,0.144,0.131,0.126,0.166,0,0.12,0.101,0.125,0.408,0.132,0.367
GO:1902115,0,0.546,0,0.038,0.446,0.219,0.269,0,0.034,0,0.029,0.204,0.245,0.248,0.305,0,0.224,0,0.43,0.031,0.032,0.032,0.032,0.031,0,0.031,0,0,0.191,0.227,0.189,0.232,0.183,0.236,0.21,0.255,0.188,0.213,0.186,0.218,0.214,0,0,0.164,0.166,0.465,0,0,0.168,0.159,0.149,0.151,0.186,0.169,0.213,0.027,0,0.03,0.192,0.225,0.259,0.208,0.205,0.214,0.207,0.212,0.21,0.262,0.167,0.263,0,0.204,0.207,0.172,0.261,0.259,0.212,0.259,0.214,0.214,0.631,0.718,0.204,0.225,0,0.027,0,0.028,0,0,0.14,0.132,0.025,0.026,0.205,0.246,0.174,0.173,0.191,0.181,0,0.219,0,0.212,0.216,0.182,0.213,0,0.026,0.025,0.212,0.212,0.198,0.205,0.196,0.024,0.025,0.204,0.024,0.175,0.197,0.21,0.202,0.172,0.163,0.191,0.179,0.205,0.199,0.188,0.204,0.145,0.14,0.191,0.176,0.196,0.175,0.568,0,0,0.027,0.031,0.03,0,0.153,0.211,0.212,0.168,0.171,0.339,0.219,0.671,0.204,0.194,0.596,0,0,0,0,0,0.028,0,0,0.172,0.193,0.194,0.214,0,0,0,0,0.028,0.192,0.191,0.196,0.175,0,0.173,0.021,0.021,0.026,0.024,0.022,0.023,0.025,0.39,0.389,0.396,0,0.026,0.02,0,0.027,0.021,0,0,0,0.197,0.184,0.21,0,0.189,0.193,0.018,0.147,0.46,0.536,0.023,0.023,0.471,0.556,0.485,0.747,0.641,0.562,0.132,0.13,0.181,0.167,0.823,0.139,0.136,0.875,0.623,0.14,0.752,0,0.129,0.752,0.664,0.64,0.931,0.835,0.999,0.902,0.2,0.026,0.024,0.026,0.022,0.018,0.026,0.025,0.023,0.026,0.022,0.022,0.026,0.026,0.027,0.026,0,0,0,0,0.02,0,0,0.142,0.13,0.028,0.02,0.027,0.02,0.02,0.025,0,0,0,0.167,0,0,0,0,0,0,0,0.178,0,0.177,0.165,0.203,0.025,0,0,0.029,0.029,0,0.556,0.191,0.175,0.022,0.021,0.225,0.157,0.131,0.111,0.028,0.178,0.172,0.167,0,0,0.174,0.418,0.029,0,0,0.02,0.192,0,0.02,0.367,0.024,0.189,0.205,0.201,0.222,0.196,0.226,0.218,0,0,0,0,0,0.147,0.192,0.154,0.164,0.165,0.225,0,0,0,0.022,0.186,0.622,0.016,0.323,0.196,0.172,0.028,0,0,0,0.022,0.2,0.18,0.189,0.222,0.175,0.167,0.157,0.203,0.189,0.222,0.167,0.163,0.291,0.019,0.025,0.027,0.178,0.191,0.179,0.171,0.026,0.02,0.379,0.572,0.184,0.173,0.148,0.15,0.023,0.022,0.436,0.019,0.191,0.145,0.716,0.783,0.57,0.376,0.02,0.179,0.025,0.021,0.028,0,0.026,0.03,0.03,0.492,0.387,0.03,0.276,0.205,0.2,0.182,0,0,0,0,0,0,0,0,0.021,0.313,0.336,0.192,0.028,0.024,0.023,0,0,0.026,0.157,0.168,0,0.024,0.455,0.178,0.025,0.189,0.326,0.238,0,0.2,0.178,0.157,0.117,0.026,0.024,0.195,0.185,0,0,0.177,0.177,0.158,0.151,0.201,0,0.146,0.117,0.15,0.174,0.154,0.154
GO:1902116,0,0.474,0,0.032,0.384,0.189,0.233,0,0.029,0,0.025,0.526,0.596,0.21,0.26,0,0.189,0,0.37,0.027,0.027,0.027,0.027,0.027,0,0.026,0,0,0.168,0.201,0.166,0.205,0.162,0.208,0.183,0.223,0.166,0.185,0.164,0.188,0.185,0,0,0.145,0.146,0.412,0,0,0.15,0.142,0.133,0.134,0.164,0.151,0.19,0.024,0,0.026,0.499,0.554,0.226,0.181,0.184,0.185,0.18,0.189,0.188,0.228,0.149,0.228,0,0.183,0.185,0.153,0.228,0.226,0.189,0.226,0.191,0.191,0.551,0.632,0.183,0.2,0,0.024,0,0.025,0,0,0.127,0.121,0.022,0.023,0.508,0.216,0.456,0.454,0.497,0.472,0,0.541,0,0.524,0.533,0.476,0.527,0,0.023,0.022,0.524,0.524,0.494,0.184,0.176,0.021,0.022,0.183,0.021,0.159,0.177,0.188,0.182,0.157,0.149,0.173,0.163,0.184,0.178,0.17,0.183,0.13,0.126,0.172,0.16,0.176,0.159,0.503,0,0,0.024,0.026,0.026,0,0.136,0.523,0.525,0.443,0.45,0.302,0.195,0.589,0.183,0.175,0.536,0,0,0,0,0,0.025,0,0,0.153,0.482,0.483,0.191,0,0,0,0,0.025,0.169,0.168,0.49,0.153,0,0.154,0.019,0.019,0.023,0.022,0.02,0.02,0.022,0.352,0.351,0.356,0,0.023,0.018,0,0.024,0.019,0,0,0,0.177,0.162,0.187,0,0.171,0.174,0.016,0.136,0.416,0.477,0.021,0.021,0.425,0.494,0.436,0.841,0.572,0.732,0.121,0.119,0.164,0.424,0.732,0.125,0.123,0.781,0.803,0.126,0.682,0,0.117,0.682,0.638,0.571,0.847,0.932,0.902,1,0.497,0.023,0.021,0.023,0.02,0.016,0.023,0.022,0.02,0.023,0.02,0.02,0.023,0.023,0.023,0.023,0,0,0,0,0.018,0,0,0.129,0.351,0.025,0.018,0.024,0.018,0.018,0.022,0,0,0,0.424,0,0,0,0,0,0,0,0.158,0,0.157,0.148,0.504,0.022,0,0,0.025,0.025,0,0.498,0.172,0.16,0.02,0.019,0.199,0.144,0.118,0.102,0.025,0.162,0.157,0.153,0,0,0.158,0.385,0.025,0,0,0.018,0.173,0,0.018,0.324,0.021,0.474,0.51,0.18,0.197,0.488,0.2,0.194,0,0,0,0,0,0.136,0.173,0.141,0.435,0.435,0.2,0,0,0,0.019,0.168,0.551,0.015,0.289,0.176,0.157,0.025,0,0,0,0.02,0.497,0.163,0.473,0.197,0.159,0.424,0.144,0.182,0.17,0.197,0.153,0.412,0.263,0.018,0.022,0.024,0.162,0.477,0.162,0.432,0.023,0.018,0.333,0.511,0.166,0.437,0.133,0.134,0.02,0.019,0.389,0.018,0.477,0.13,0.64,0.693,0.509,0.331,0.018,0.162,0.022,0.019,0.024,0,0.023,0.026,0.026,0.432,0.349,0.026,0.239,0.184,0.18,0.165,0,0,0,0,0,0,0,0,0.019,0.281,0.3,0.173,0.024,0.021,0.02,0,0,0.023,0.144,0.15,0,0.022,0.404,0.161,0.022,0.17,0.292,0.209,0,0.179,0.162,0.144,0.108,0.023,0.021,0.175,0.167,0,0,0.157,0.157,0.141,0.136,0.18,0,0.131,0.108,0.135,0.439,0.141,0.392
GO:1902532,0,0.031,0,0.043,0.033,0.239,0.293,0,0.038,0,0.032,0.654,0.734,0.274,0.336,0.369,0.248,0,0.034,0.035,0.035,0.035,0.035,0.034,0,0.476,0,0,0.206,0.846,0.204,0.814,0.814,0.254,0.229,0.277,0.777,0.232,0.2,0.238,0.233,0,0,0.177,0.179,0.026,0.283,0.319,0.18,0.169,0.159,0.161,0.2,0.181,0.923,0.029,0,0.033,0.613,0.671,0.282,0.226,0.76,0.233,0.225,0.739,0.225,0.285,0.738,0.285,0,0.218,0.22,0.704,0.284,0.282,0.226,0.282,0.229,0.229,0.03,0.257,0.218,0.242,0.323,0.41,0,0.031,0,0,0.148,0.14,0.027,0.028,0.605,0.266,0.55,0.547,0.611,0.574,0,0.652,0,0.628,0.64,0.579,0.633,0,0.391,0.377,0.628,0.628,0.585,0.219,0.208,0.025,0.026,0.217,0.026,0.185,0.21,0.225,0.216,0.182,0.692,0.823,0.768,0.219,0.211,0.199,0.217,0.155,0.149,0.202,0.186,0.843,0.641,0.027,0,0,0.029,0.034,0.033,0,0.164,0.934,0.928,0.928,0.906,0.025,0.234,0.029,0.218,0.207,0.211,0,0,0,0,0,0.031,0,0,0.185,0.568,0.571,0.229,0,0,0,0,0.031,0.208,0.207,0.579,0.189,0,0.185,0.317,0.317,0.028,0.368,0.33,0.024,0.383,0.022,0.022,0.022,0,0.028,0.021,0,0.029,0.023,0,0,0,0.21,0.198,0.224,0.194,0.201,0.205,0.265,0.537,0.021,0.025,0.025,0.025,0.022,0.026,0.022,0.589,0.228,0.548,0.14,0.137,0.778,0.828,0.236,0.148,0.145,0.225,0.612,0.149,0.192,0.238,0.137,0.192,0.467,0.227,0.185,0.458,0.2,0.497,0.998,0.029,0.026,0.028,0.023,0.019,0.028,0.027,0.024,0.028,0.024,0.023,0.028,0.028,0.029,0.028,0,0,0,0,0.021,0,0.173,0.15,0.405,0.031,0.021,0.029,0.021,0.021,0.026,0,0,0,0.489,0.306,0.283,0.259,0,0,0,0,0.191,0,0.19,0.177,0.6,0.027,0,0,0.032,0.032,0,0.024,0.705,0.644,0.024,0.022,0.241,0.165,0.139,0.116,0.031,0.188,0.182,0.177,0,0.191,0.184,0.017,0.031,0,0,0.021,0.204,0.283,0.021,0.027,0.026,0.557,0.607,0.214,0.238,0.577,0.243,0.234,0,0,0,0,0,0.154,0.204,0.161,0.519,0.519,0.242,0.283,0,0,0.023,0.686,0.027,0.236,0.024,0.208,0.631,0.031,0,0,0.253,0.336,0.59,0.19,0.556,0.238,0.185,0.489,0.165,0.216,0.2,0.238,0.177,0.474,0.021,0.021,0.027,0.03,0.188,0.562,0.189,0.5,0.029,0.021,0.028,0.024,0.195,0.506,0.159,0.16,0.024,0.023,0.025,0.021,0.562,0.155,0.024,0.026,0.024,0.028,0.021,0.189,0.027,0.022,0.03,0,0.029,0.032,0.032,0.028,0.022,0.503,0.533,0.668,0.649,0.587,0,0,0,0,0,0,0,0,0.023,0.148,0.025,0.204,0.03,0.026,0.024,0,0,0.028,0.165,0.18,0.506,0.026,0.026,0.188,0.027,0.61,0.155,0.781,0,0.213,0.188,0.165,0.122,0.028,0.026,0.207,0.196,0,0,0.19,0.19,0.168,0.161,0.214,0,0.156,0.122,0.159,0.76,0.56,0.667
GO:0006082,0.249,0.043,0.265,0.067,0.047,0.203,0.278,0.289,0.361,0.254,0.282,0,0.038,0,0.052,0,0,0.306,0.047,0.313,0.314,0.323,0.314,0.305,0.26,0.047,0,0.233,0.165,0.034,0.193,0.035,0,0.23,0,0.04,0,0.195,0.159,0.238,0.195,0.253,0.265,0,0,0.034,0,0,0.164,0.152,0,0,0.189,0.166,0.031,0.247,0.253,0.295,0.167,0.216,0.264,0.187,0.03,0.231,0.221,0.031,0.031,0.268,0,0.268,0.229,0.029,0.03,0,0.267,0.264,0.198,0.264,0.202,0.202,0.04,0.036,0.029,0.034,0,0.038,0,0.042,0,0,0.129,0.121,0.223,0.232,0.19,0.245,0.145,0.171,0.196,0.181,0.173,0.208,0.176,0.199,0.204,0.155,0.201,0.182,0.036,0.034,0.199,0.199,0.182,0.19,0.179,0.032,0.034,0.189,0.033,0.154,0.18,0.197,0.187,0.152,0.141,0.027,0.025,0.19,0.182,0.17,0.189,0,0,0.173,0.156,0.028,0.024,0.034,0.212,0.237,0.248,0.302,0.29,0.25,0,0.031,0.031,0,0,0.031,0.032,0.038,0.029,0.028,0.028,0,0,0,0,0,0.041,0,0,0,0.027,0.027,0.031,0,0,0,0,0.041,0,0,0.028,0,0,0,0.178,0.178,0.236,0.215,0.187,0.197,0.035,0.027,0.027,0.027,0,0.037,0.026,0,0.039,0.028,0,0,0,0.028,0,0.03,0,0.027,0.027,0.022,0.019,0.166,0.203,0.201,0.205,0.171,0.033,0.028,0.029,0.031,0.026,0.121,0.118,0.025,0.023,0.032,0,0,0.031,0.03,0,0.025,0,0,0.025,0.022,0.031,0.024,0.021,0.026,0.023,0.029,0.975,0.211,0.233,0.75,0.586,0.24,0.892,0.198,0.969,0.762,0.761,0.234,0.97,0.245,0.236,0.864,0.217,0,0,0.025,0,0,0,0,0.267,0.168,0.248,0.165,0.161,0.218,0.119,0,0,0.023,0,0,0,0,0,0,0,0.15,0.116,0.177,0.161,0.029,0.227,0.165,0.124,0.277,0.277,0,0.029,0.027,0.024,0.19,0.172,0.215,0.136,0,0,0.268,0.158,0.152,0.146,0.103,0,0.154,0.132,0.275,0,0,0.025,0.027,0,0.164,0.035,0.033,0.027,0.03,0.029,0.212,0.028,0.217,0.207,0,0,0,0,0,0.019,0.174,0.132,0,0,0.216,0,0,0,0.028,0.026,0.034,0.019,0.029,0.028,0.024,0.268,0,0.229,0,0.03,0.029,0.025,0.027,0.212,0.024,0.023,0.021,0.187,0.171,0.212,0.023,0.022,0.026,0.025,0.035,0.04,0.025,0.173,0.159,0.15,0.038,0.026,0.037,0.03,0.165,0.153,0,0,0.03,0.029,0.031,0.025,0.173,0,0.03,0.034,0.03,0.036,0.026,0.025,0.034,0.027,0.041,0,0.242,0.284,0.284,0.037,0.027,0.046,0.045,0.03,0.029,0.025,0,0,0,0,0,0,0,0,0.028,0.028,0.031,0.027,0.259,0.033,0.195,0.188,0.16,0.037,0.021,0,0,0.033,0.033,0.024,0.036,0.026,0.03,0.036,0,0.029,0.025,0.021,0,0.036,0.033,0.028,0.026,0,0,0,0,0,0,0.029,0,0,0,0,0.024,0.02,0.02
GO:0006399,0.309,0.037,0.216,0.054,0.04,0.173,0.238,0.336,0.297,0.278,0.279,0,0.033,0,0.044,0,0,0.251,0.04,0.513,0.506,0.467,0.508,0.548,0.5,0.04,0,0.279,0.145,0.03,0.237,0.031,0,0.202,0,0.035,0,0.251,0.211,0.284,0.223,0.3,0.283,0,0,0.03,0,0,0.206,0.192,0,0,0.233,0.207,0.028,0.515,0.299,0.6,0.146,0.192,0.545,0.161,0.027,0.277,0.267,0.028,0.027,0.45,0,0.232,0.276,0.026,0.027,0,0.551,0.545,0.205,0.545,0.18,0.18,0.034,0.032,0.026,0.03,0,0.033,0,0.036,0,0,0.166,0.155,0.864,0.896,0.408,0.512,0.129,0.213,0.241,0.224,0.215,0.185,0.219,0.425,0.353,0.206,0.429,0.225,0.032,0.03,0.425,0.425,0.189,0.197,0.187,0.029,0.03,0.17,0.029,0.163,0.163,0.176,0.168,0.16,0.15,0.024,0.023,0.171,0.19,0.178,0.17,0,0,0.181,0.165,0.025,0.022,0.03,0.18,0.284,0.249,0.257,0.426,0.212,0,0.027,0.028,0,0,0.028,0.029,0.033,0.026,0.025,0.025,0,0,0,0,0,0.036,0,0,0,0.025,0.025,0.028,0,0,0,0,0.036,0,0,0.025,0,0,0,0.341,0.341,0.439,0.404,0.357,0.375,0.031,0.024,0.024,0.025,0,0.032,0.023,0,0.034,0.025,0,0,0,0.025,0,0.027,0,0.024,0.025,0.02,0.018,0.663,0.794,0.43,0.801,0.682,0.029,0.025,0.026,0.028,0.024,0.155,0.152,0.023,0.021,0.029,0,0,0.027,0.027,0,0.023,0,0,0.023,0.02,0.028,0.022,0.019,0.024,0.021,0.026,0.211,0.991,0.353,0.883,0.705,0.362,0.204,0.939,0.21,0.178,0.895,0.353,0.21,0.369,0.357,0.159,0.238,0,0,0.023,0,0,0,0,0.552,0.365,0.516,0.359,0.352,0.462,0.154,0,0,0.021,0,0,0,0,0,0,0,0.133,0.15,0.219,0.202,0.026,0.479,0.207,0.159,0.456,0.453,0,0.026,0.024,0.022,0.408,0.373,0.191,0.3,0,0,0.553,0.346,0.333,0.322,0.134,0,0.337,0.292,0.461,0,0,0.023,0.025,0,0.358,0.031,0.029,0.024,0.027,0.026,0.45,0.025,0.374,0.441,0,0,0,0,0,0.018,0.377,0.292,0,0,0.458,0,0,0,0.026,0.024,0.03,0.018,0.026,0.025,0.022,0.552,0,0.449,0,0.027,0.026,0.023,0.024,0.45,0.022,0.021,0.019,0.403,0.371,0.45,0.021,0.02,0.023,0.023,0.031,0.034,0.022,0.157,0.145,0.138,0.033,0.024,0.032,0.027,0.15,0.14,0,0,0.027,0.026,0.028,0.023,0.157,0,0.027,0.03,0.027,0.032,0.024,0.023,0.03,0.025,0.035,0,0.244,0.243,0.243,0.032,0.024,0.039,0.038,0.027,0.026,0.023,0,0,0,0,0,0,0,0,0.026,0.025,0.028,0.025,0.224,0.029,0.201,0.232,0.201,0.032,0.019,0,0,0.03,0.029,0.022,0.031,0.024,0.027,0.032,0,0.026,0.022,0.019,0,0.032,0.029,0.025,0.023,0,0,0,0,0,0,0.026,0,0,0,0,0.022,0.019,0.019
GO:0006412,0.356,0.041,0.251,0.063,0.045,0.195,0.267,0.386,0.343,0.322,0.739,0,0.036,0,0.05,0,0,0.291,0.045,0.515,0.301,0.531,0.3,0.504,0.249,0.045,0,0.313,0.16,0.033,0.261,0.034,0,0.222,0,0.039,0,0.281,0.232,0.319,0.25,0.609,0.536,0,0,0.033,0,0,0.401,0.372,0,0,0.458,0.404,0.03,0.498,0.613,0.487,0.161,0.21,0.65,0.555,0.029,0.562,0.66,0.03,0.03,0.445,0,0.566,0.554,0.029,0.029,0,0.442,0.65,0.736,0.65,0.196,0.196,0.038,0.035,0.029,0.033,0,0.037,0,0.04,0,0,0.317,0.297,0.45,0.387,0.473,0.606,0.434,0.515,0.266,0.445,0.421,0.443,0.429,0.495,0.341,0.226,0.336,0.442,0.035,0.033,0.495,0.495,0.677,0.383,0.361,0.031,0.033,0.184,0.032,0.312,0.176,0.191,0.182,0.307,0.286,0.026,0.024,0.185,0.367,0.342,0.184,0,0,0.348,0.316,0.027,0.023,0.033,0.626,0.709,0.912,0.635,0.701,0.629,0,0.03,0.03,0,0,0.031,0.031,0.037,0.029,0.027,0.027,0,0,0,0,0,0.04,0,0,0,0.027,0.027,0.03,0,0,0,0,0.04,0,0,0.027,0,0,0,0.472,0.473,0.623,0.568,0.496,0.523,0.034,0.026,0.026,0.027,0,0.036,0.025,0,0.037,0.027,0,0,0,0.027,0,0.03,0,0.026,0.027,0.022,0.019,0.338,0.411,0.337,0.342,0.348,0.032,0.027,0.028,0.03,0.025,0.297,0.29,0.025,0.022,0.032,0,0,0.03,0.029,0,0.025,0,0,0.025,0.021,0.03,0.024,0.021,0.026,0.023,0.028,0.233,0.353,0.981,0.786,0.617,0.947,0.373,0.403,0.232,0.32,0.319,0.979,0.232,0.924,0.966,0.177,0.836,0,0,0.025,0,0,0,0,0.659,0.42,0.612,0.412,0.328,0.441,0.293,0,0,0.022,0,0,0,0,0,0,0,0.448,0.286,0.533,0.397,0.028,0.379,0.403,0.304,0.584,0.583,0,0.029,0.026,0.024,0.385,0.35,0.457,0.278,0,0,0.66,0.397,0.38,0.367,0.254,0,0.385,0.269,0.668,0,0,0.025,0.026,0,0.276,0.034,0.032,0.026,0.029,0.028,0.526,0.027,0.363,0.514,0,0,0,0,0,0.019,0.354,0.269,0,0,0.36,0,0,0,0.028,0.025,0.033,0.019,0.029,0.027,0.023,0.66,0,0.578,0,0.029,0.028,0.024,0.026,0.526,0.023,0.022,0.021,0.314,0.287,0.526,0.022,0.021,0.025,0.024,0.034,0.038,0.024,0.169,0.156,0.147,0.036,0.025,0.035,0.03,0.161,0.149,0,0,0.029,0.028,0.03,0.024,0.169,0,0.029,0.033,0.03,0.035,0.025,0.024,0.033,0.027,0.039,0,0.484,0.273,0.273,0.035,0.026,0.044,0.043,0.029,0.028,0.025,0,0,0,0,0,0,0,0,0.028,0.027,0.03,0.026,0.249,0.032,0.391,0.457,0.392,0.035,0.021,0,0,0.032,0.032,0.024,0.035,0.026,0.029,0.035,0,0.028,0.024,0.021,0,0.035,0.032,0.027,0.025,0,0,0,0,0,0,0.028,0,0,0,0,0.023,0.02,0.02
GO:0006418,0.259,0.032,0.18,0.044,0.034,0.149,0.206,0.282,0.249,0.233,0.57,0,0.029,0,0.037,0,0,0.209,0.034,0.438,0.431,0.397,0.433,0.469,0.426,0.034,0,0.241,0.128,0.027,0.209,0.027,0,0.179,0,0.03,0,0.217,0.187,0.245,0.193,0.46,0.401,0,0,0.027,0,0,0.331,0.311,0,0,0.369,0.333,0.025,0.452,0.463,0.516,0.129,0.17,0.508,0.432,0.024,0.434,0.515,0.025,0.025,0.391,0,0.441,0.428,0.024,0.024,0,0.479,0.508,0.608,0.508,0.161,0.161,0.03,0.028,0.024,0.026,0,0.029,0,0.031,0,0,0.271,0.256,0.766,0.79,0.393,0.481,0.355,0.422,0.212,0.36,0.344,0.363,0.35,0.408,0.316,0.183,0.384,0.358,0.028,0.027,0.408,0.408,0.566,0.318,0.303,0.026,0.027,0.153,0.026,0.268,0.147,0.158,0.152,0.264,0.248,0.022,0.021,0.154,0.307,0.289,0.153,0,0,0.294,0.27,0.023,0.02,0.027,0.474,0.543,0.722,0.482,0.537,0.477,0,0.025,0.025,0,0,0.025,0.026,0.029,0.024,0.023,0.023,0,0,0,0,0,0.031,0,0,0,0.022,0.022,0.025,0,0,0,0,0.031,0,0,0.023,0,0,0,0.397,0.397,0.498,0.462,0.414,0.432,0.027,0.022,0.022,0.022,0,0.029,0.021,0,0.029,0.023,0,0,0,0.023,0,0.024,0,0.022,0.022,0.019,0.017,0.603,0.711,0.385,0.716,0.619,0.026,0.023,0.023,0.025,0.022,0.256,0.251,0.021,0.019,0.026,0,0,0.025,0.024,0,0.021,0,0,0.021,0.018,0.025,0.02,0.018,0.022,0.02,0.023,0.75,0.883,0.786,0.997,0.812,0.755,0.841,0.841,0.757,0.984,0.985,0.784,0.756,0.733,0.772,0.651,0.654,0,0,0.021,0,0,0,0,0.514,0.356,0.485,0.35,0.321,0.41,0.254,0,0,0.019,0,0,0,0,0,0,0,0.364,0.248,0.434,0.328,0.024,0.424,0.332,0.262,0.452,0.451,0,0.024,0.022,0.02,0.367,0.339,0.372,0.277,0,0,0.514,0.339,0.326,0.317,0.224,0,0.33,0.27,0.517,0,0,0.021,0.022,0,0.326,0.027,0.026,0.022,0.024,0.023,0.429,0.023,0.333,0.421,0,0,0,0,0,0.017,0.342,0.27,0,0,0.407,0,0,0,0.023,0.022,0.027,0.017,0.024,0.023,0.02,0.514,0,0.447,0,0.024,0.023,0.021,0.022,0.429,0.02,0.019,0.018,0.363,0.337,0.429,0.019,0.019,0.021,0.021,0.027,0.03,0.021,0.142,0.133,0.127,0.029,0.022,0.028,0.025,0.137,0.128,0,0,0.024,0.023,0.025,0.021,0.142,0,0.024,0.027,0.024,0.028,0.022,0.021,0.027,0.022,0.031,0,0.385,0.21,0.21,0.028,0.022,0.034,0.033,0.024,0.023,0.021,0,0,0,0,0,0,0,0,0.023,0.023,0.025,0.022,0.196,0.026,0.324,0.368,0.324,0.028,0.018,0,0,0.026,0.026,0.02,0.028,0.022,0.024,0.028,0,0.023,0.021,0.018,0,0.028,0.026,0.023,0.021,0,0,0,0,0,0,0.023,0,0,0,0,0.02,0.018,0.018
GO:0006432,0.189,0.024,0.129,0.031,0.025,0.113,0.157,0.206,0.181,0.169,0.433,0,0.023,0,0.027,0,0,0.151,0.026,0.327,0.321,0.294,0.323,0.352,0.317,0.026,0,0.183,0.1,0.021,0.164,0.022,0,0.141,0,0.023,0,0.165,0.147,0.185,0.147,0.344,0.297,0,0,0.021,0,0,0.266,0.253,0,0,0.29,0.268,0.02,0.352,0.347,0.389,0.101,0.135,0.391,0.331,0.019,0.33,0.395,0.02,0.02,0.3,0,0.338,0.326,0.019,0.019,0,0.368,0.391,0.49,0.391,0.13,0.13,0.023,0.022,0.019,0.021,0,0.023,0,0.024,0,0,0.227,0.216,0.606,0.621,0.319,0.374,0.284,0.338,0.166,0.286,0.275,0.29,0.278,0.329,0.254,0.145,0.309,0.284,0.022,0.021,0.329,0.329,0.463,0.258,0.248,0.021,0.021,0.124,0.021,0.224,0.121,0.128,0.123,0.221,0.21,0.018,0.017,0.125,0.251,0.239,0.124,0,0,0.242,0.226,0.019,0.017,0.021,0.355,0.411,0.562,0.362,0.406,0.358,0,0.02,0.02,0,0,0.02,0.021,0.023,0.019,0.018,0.019,0,0,0,0,0,0.024,0,0,0,0.018,0.018,0.02,0,0,0,0,0.024,0,0,0.019,0,0,0,0.325,0.326,0.39,0.368,0.336,0.349,0.022,0.018,0.018,0.018,0,0.022,0.018,0,0.023,0.019,0,0,0,0.019,0,0.02,0,0.018,0.018,0.016,0.014,0.499,0.571,0.31,0.574,0.51,0.021,0.019,0.019,0.02,0.018,0.216,0.212,0.017,0.016,0.021,0,0,0.02,0.02,0,0.017,0,0,0.017,0.016,0.02,0.017,0.015,0.018,0.016,0.019,0.586,0.705,0.617,0.812,1,0.59,0.667,0.678,0.592,0.8,0.801,0.616,0.591,0.571,0.605,0.5,0.503,0,0,0.017,0,0,0,0,0.394,0.294,0.377,0.29,0.267,0.326,0.214,0,0,0.016,0,0,0,0,0,0,0,0.29,0.21,0.345,0.265,0.019,0.334,0.267,0.22,0.345,0.344,0,0.019,0.018,0.017,0.298,0.279,0.296,0.236,0,0,0.395,0.282,0.274,0.267,0.192,0,0.276,0.231,0.395,0,0,0.017,0.018,0,0.271,0.022,0.021,0.018,0.019,0.019,0.342,0.019,0.264,0.337,0,0,0,0,0,0.014,0.281,0.231,0,0,0.324,0,0,0,0.019,0.018,0.021,0.014,0.019,0.019,0.017,0.394,0,0.34,0,0.019,0.019,0.017,0.018,0.342,0.017,0.016,0.015,0.295,0.278,0.342,0.016,0.016,0.018,0.017,0.022,0.023,0.017,0.117,0.111,0.106,0.023,0.018,0.022,0.02,0.113,0.107,0,0,0.02,0.019,0.02,0.017,0.117,0,0.02,0.021,0.02,0.022,0.018,0.017,0.021,0.018,0.024,0,0.3,0.159,0.159,0.022,0.018,0.025,0.025,0.019,0.019,0.017,0,0,0,0,0,0,0,0,0.019,0.019,0.02,0.018,0.151,0.021,0.262,0.29,0.262,0.022,0.015,0,0,0.021,0.021,0.017,0.022,0.018,0.019,0.022,0,0.019,0.017,0.015,0,0.022,0.021,0.019,0.018,0,0,0,0,0,0,0.019,0,0,0,0,0.017,0.015,0.015
GO:0006518,0.372,0.042,0.263,0.067,0.046,0.202,0.276,0.288,0.358,0.253,0.281,0,0.038,0,0.052,0,0,0.304,0.047,0.536,0.313,0.553,0.312,0.523,0.259,0.047,0,0.232,0.165,0.034,0.192,0.035,0,0.229,0,0.04,0,0.291,0.239,0.236,0.194,0.533,0.558,0,0,0.034,0,0,0.347,0.321,0,0,0.398,0.349,0.031,0.424,0.251,0.505,0.166,0.215,0.452,0.186,0.029,0.23,0.22,0.031,0.03,0.46,0,0.267,0.484,0.029,0.03,0,0.457,0.452,0.198,0.452,0.201,0.201,0.039,0.036,0.029,0.033,0,0.038,0,0.041,0,0,0.273,0.255,0.382,0.398,0.326,0.42,0.145,0.17,0.196,0.18,0.365,0.208,0.372,0.341,0.349,0.232,0.344,0.383,0.036,0.034,0.341,0.341,0.181,0.331,0.311,0.032,0.034,0.188,0.033,0.269,0.18,0.196,0.186,0.263,0.245,0.027,0.025,0.19,0.317,0.295,0.188,0,0,0.3,0.271,0.028,0.024,0.034,0.211,0.236,0.246,0.301,0.496,0.249,0,0.031,0.031,0,0,0.031,0.032,0.038,0.029,0.027,0.028,0,0,0,0,0,0.041,0,0,0,0.027,0.027,0.031,0,0,0,0,0.041,0,0,0.028,0,0,0,0.305,0.305,0.405,0.369,0.321,0.339,0.035,0.027,0.027,0.027,0,0.037,0.026,0,0.038,0.028,0,0,0,0.028,0,0.03,0,0.026,0.027,0.022,0.019,0.285,0.348,0.345,0.351,0.294,0.033,0.027,0.028,0.031,0.026,0.255,0.249,0.025,0.023,0.032,0,0,0.031,0.03,0,0.025,0,0,0.025,0.021,0.031,0.024,0.021,0.026,0.023,0.028,0.24,0.362,0.947,0.755,0.59,0.976,0.383,0.341,0.239,0.328,0.327,0.949,0.239,0.952,0.918,0.183,0.457,0,0,0.025,0,0,0,0,0.458,0.288,0.425,0.283,0.276,0.374,0.252,0,0,0.023,0,0,0,0,0,0,0,0.149,0.245,0.176,0.16,0.029,0.39,0.348,0.262,0.276,0.275,0,0.029,0.027,0.024,0.325,0.295,0.214,0.233,0,0,0.459,0.272,0.26,0.252,0.218,0,0.264,0.226,0.472,0,0,0.025,0.027,0,0.282,0.035,0.033,0.027,0.029,0.029,0.363,0.028,0.373,0.355,0,0,0,0,0,0.019,0.299,0.226,0,0,0.37,0,0,0,0.028,0.026,0.034,0.019,0.029,0.028,0.023,0.459,0,0.228,0,0.03,0.028,0.025,0.026,0.363,0.024,0.023,0.021,0.321,0.293,0.363,0.023,0.022,0.026,0.025,0.035,0.039,0.025,0.173,0.159,0.15,0.037,0.026,0.036,0.03,0.164,0.152,0,0,0.03,0.029,0.031,0.025,0.173,0,0.03,0.034,0.03,0.036,0.026,0.025,0.034,0.027,0.04,0,0.421,0.283,0.282,0.037,0.026,0.046,0.045,0.029,0.028,0.025,0,0,0,0,0,0,0,0,0.028,0.028,0.031,0.027,0.258,0.033,0.338,0.397,0.338,0.036,0.021,0,0,0.033,0.033,0.024,0.036,0.026,0.03,0.036,0,0.028,0.025,0.021,0,0.036,0.033,0.028,0.026,0,0,0,0,0,0,0.029,0,0,0,0,0.024,0.02,0.02
GO:0006520,0.329,0.039,0.231,0.058,0.042,0.182,0.251,0.255,0.316,0.297,0.254,0,0.034,0,0.046,0,0,0.268,0.042,0.292,0.28,0.3,0.28,0.286,0.232,0.042,0,0.21,0.151,0.031,0.177,0.032,0,0.211,0,0.036,0,0.264,0.22,0.214,0.234,0.479,0.499,0,0,0.031,0,0,0.323,0.301,0,0,0.367,0.325,0.029,0.236,0.226,0.277,0.153,0.199,0.25,0.169,0.027,0.208,0.2,0.029,0.028,0.254,0,0.243,0.439,0.027,0.028,0,0.253,0.25,0.184,0.25,0.187,0.187,0.036,0.033,0.027,0.031,0,0.035,0,0.038,0,0,0.258,0.242,0.215,0.223,0.185,0.234,0.134,0.158,0.18,0.167,0.339,0.193,0.345,0.193,0.198,0.215,0.195,0.354,0.033,0.032,0.193,0.193,0.17,0.309,0.292,0.03,0.031,0.176,0.031,0.254,0.169,0.183,0.174,0.25,0.233,0.025,0.023,0.177,0.297,0.277,0.176,0,0,0.282,0.257,0.026,0.023,0.031,0.19,0.214,0.226,0.271,0.273,0.224,0,0.029,0.029,0,0,0.029,0.03,0.035,0.027,0.026,0.026,0,0,0,0,0,0.037,0,0,0,0.026,0.026,0.029,0,0,0,0,0.037,0,0,0.026,0,0,0,0.174,0.174,0.227,0.208,0.183,0.192,0.032,0.025,0.025,0.026,0,0.034,0.024,0,0.035,0.026,0,0,0,0.026,0,0.028,0,0.025,0.026,0.021,0.019,0.163,0.197,0.195,0.199,0.168,0.031,0.026,0.027,0.029,0.024,0.242,0.236,0.024,0.022,0.03,0,0,0.028,0.028,0,0.024,0,0,0.024,0.02,0.029,0.023,0.02,0.025,0.022,0.027,0.892,0.204,0.373,0.841,0.667,0.383,0.988,0.193,0.899,0.854,0.852,0.373,0.899,0.234,0.227,0.784,0.416,0,0,0.024,0,0,0,0,0.254,0.165,0.237,0.162,0.159,0.21,0.239,0,0,0.022,0,0,0,0,0,0,0,0.138,0.233,0.163,0.15,0.027,0.219,0.324,0.248,0.25,0.25,0,0.027,0.025,0.023,0.185,0.169,0.199,0.135,0,0,0.254,0.156,0.15,0.145,0.208,0,0.152,0.131,0.261,0,0,0.024,0.025,0,0.162,0.032,0.031,0.025,0.028,0.027,0.205,0.026,0.21,0.201,0,0,0,0,0,0.019,0.171,0.131,0,0,0.208,0,0,0,0.027,0.024,0.032,0.019,0.027,0.026,0.022,0.254,0,0.207,0,0.028,0.027,0.023,0.025,0.205,0.023,0.022,0.02,0.183,0.168,0.205,0.022,0.021,0.024,0.023,0.032,0.036,0.023,0.162,0.15,0.142,0.034,0.024,0.034,0.028,0.155,0.144,0,0,0.028,0.027,0.029,0.023,0.162,0,0.028,0.031,0.028,0.033,0.024,0.023,0.031,0.026,0.037,0,0.386,0.256,0.256,0.034,0.025,0.041,0.04,0.028,0.027,0.024,0,0,0,0,0,0,0,0,0.026,0.026,0.029,0.025,0.235,0.03,0.315,0.366,0.316,0.034,0.02,0,0,0.031,0.03,0.023,0.033,0.025,0.028,0.033,0,0.027,0.023,0.02,0,0.033,0.031,0.026,0.024,0,0,0,0,0,0,0.027,0,0,0,0,0.022,0.019,0.019
GO:0008033,0.284,0.034,0.198,0.049,0.037,0.161,0.223,0.309,0.273,0.255,0.26,0,0.031,0,0.04,0,0,0.23,0.037,0.476,0.468,0.432,0.47,0.509,0.463,0.037,0,0.26,0.136,0.028,0.223,0.029,0,0.191,0,0.033,0,0.234,0.199,0.265,0.208,0.278,0.262,0,0,0.028,0,0,0.195,0.183,0,0,0.219,0.197,0.026,0.776,0.503,0.558,0.138,0.181,0.51,0.151,0.025,0.468,0.249,0.026,0.026,0.421,0,0.217,0.257,0.025,0.025,0,0.515,0.51,0.194,0.51,0.171,0.171,0.032,0.03,0.025,0.028,0,0.031,0,0.034,0,0,0.159,0.149,0.886,0.844,0.388,0.481,0.123,0.202,0.227,0.384,0.204,0.176,0.207,0.404,0.335,0.195,0.407,0.212,0.03,0.029,0.404,0.404,0.181,0.188,0.178,0.027,0.028,0.162,0.028,0.157,0.155,0.167,0.16,0.154,0.144,0.023,0.022,0.163,0.181,0.17,0.162,0,0,0.173,0.158,0.024,0.021,0.028,0.167,0.264,0.234,0.238,0.396,0.197,0,0.026,0.026,0,0,0.027,0.027,0.031,0.025,0.024,0.024,0,0,0,0,0,0.033,0,0,0,0.024,0.024,0.026,0,0,0,0,0.033,0,0,0.024,0,0,0,0.325,0.325,0.413,0.382,0.34,0.356,0.029,0.023,0.023,0.024,0,0.031,0.022,0,0.032,0.024,0,0,0,0.024,0,0.026,0,0.023,0.024,0.02,0.017,0.688,0.818,0.408,0.76,0.707,0.028,0.024,0.024,0.026,0.023,0.149,0.146,0.022,0.02,0.027,0,0,0.026,0.025,0,0.022,0,0,0.022,0.019,0.026,0.021,0.019,0.023,0.02,0.024,0.198,0.939,0.403,0.841,0.678,0.341,0.193,0.995,0.198,0.169,0.852,0.333,0.198,0.346,0.336,0.149,0.223,0,0,0.022,0,0,0,0,0.516,0.349,0.485,0.344,0.54,0.7,0.148,0,0,0.02,0,0,0,0,0,0,0,0.126,0.144,0.208,0.347,0.025,0.452,0.196,0.153,0.426,0.423,0,0.025,0.023,0.021,0.622,0.572,0.181,0.464,0,0,0.517,0.332,0.319,0.31,0.13,0,0.323,0.451,0.43,0,0,0.022,0.023,0,0.343,0.029,0.028,0.023,0.025,0.025,0.426,0.024,0.354,0.418,0,0,0,0,0,0.017,0.578,0.451,0,0,0.433,0,0,0,0.024,0.023,0.029,0.017,0.025,0.024,0.021,0.517,0,0.419,0,0.025,0.025,0.022,0.023,0.426,0.021,0.02,0.019,0.384,0.354,0.426,0.02,0.019,0.022,0.022,0.029,0.032,0.022,0.15,0.139,0.133,0.031,0.023,0.03,0.026,0.144,0.134,0,0,0.026,0.025,0.026,0.022,0.15,0,0.026,0.028,0.026,0.03,0.023,0.022,0.029,0.024,0.033,0,0.23,0.227,0.227,0.03,0.023,0.036,0.036,0.025,0.025,0.022,0,0,0,0,0,0,0,0,0.024,0.024,0.026,0.023,0.21,0.028,0.191,0.219,0.191,0.03,0.019,0,0,0.028,0.028,0.021,0.03,0.023,0.025,0.03,0,0.025,0.022,0.019,0,0.03,0.028,0.024,0.022,0,0,0,0,0,0,0.025,0,0,0,0,0.021,0.018,0.018
GO:0019752,0.247,0.042,0.263,0.067,0.046,0.201,0.276,0.287,0.357,0.252,0.28,0,0.037,0,0.052,0,0,0.303,0.047,0.31,0.312,0.32,0.312,0.303,0.258,0.047,0,0.231,0.164,0.034,0.191,0.035,0,0.228,0,0.04,0,0.193,0.159,0.236,0.194,0.251,0.263,0,0,0.034,0,0,0.164,0.151,0,0,0.188,0.165,0.031,0.245,0.251,0.292,0.166,0.215,0.262,0.186,0.029,0.229,0.219,0.031,0.03,0.266,0,0.267,0.228,0.029,0.03,0,0.265,0.262,0.198,0.262,0.201,0.201,0.039,0.036,0.029,0.033,0,0.038,0,0.041,0,0,0.129,0.12,0.222,0.231,0.189,0.243,0.145,0.17,0.195,0.18,0.172,0.207,0.175,0.198,0.203,0.154,0.2,0.181,0.036,0.034,0.198,0.198,0.181,0.189,0.178,0.032,0.034,0.188,0.033,0.154,0.18,0.196,0.186,0.151,0.141,0.027,0.025,0.189,0.182,0.169,0.188,0,0,0.172,0.156,0.028,0.024,0.034,0.21,0.236,0.246,0.3,0.288,0.248,0,0.031,0.031,0,0,0.031,0.032,0.038,0.029,0.027,0.028,0,0,0,0,0,0.041,0,0,0,0.027,0.027,0.031,0,0,0,0,0.041,0,0,0.028,0,0,0,0.177,0.177,0.235,0.214,0.186,0.196,0.035,0.027,0.027,0.027,0,0.037,0.026,0,0.038,0.028,0,0,0,0.028,0,0.03,0,0.026,0.027,0.022,0.019,0.165,0.202,0.2,0.204,0.17,0.033,0.027,0.028,0.031,0.026,0.12,0.117,0.025,0.023,0.032,0,0,0.031,0.03,0,0.025,0,0,0.025,0.021,0.031,0.024,0.021,0.026,0.023,0.028,0.969,0.21,0.232,0.757,0.592,0.239,0.899,0.198,0.976,0.769,0.767,0.232,0.976,0.244,0.235,0.858,0.215,0,0,0.025,0,0,0,0,0.266,0.167,0.246,0.164,0.16,0.217,0.119,0,0,0.023,0,0,0,0,0,0,0,0.149,0.116,0.176,0.16,0.029,0.226,0.164,0.123,0.275,0.275,0,0.029,0.027,0.024,0.189,0.171,0.214,0.135,0,0,0.266,0.158,0.151,0.146,0.103,0,0.153,0.131,0.274,0,0,0.025,0.027,0,0.164,0.035,0.033,0.026,0.029,0.029,0.211,0.028,0.216,0.206,0,0,0,0,0,0.019,0.173,0.131,0,0,0.215,0,0,0,0.028,0.026,0.034,0.019,0.029,0.028,0.023,0.266,0,0.227,0,0.03,0.028,0.025,0.026,0.211,0.024,0.023,0.021,0.186,0.17,0.211,0.023,0.022,0.026,0.025,0.035,0.039,0.024,0.172,0.158,0.15,0.037,0.026,0.036,0.03,0.164,0.152,0,0,0.03,0.028,0.031,0.025,0.172,0,0.03,0.034,0.03,0.036,0.026,0.025,0.034,0.027,0.04,0,0.241,0.282,0.282,0.036,0.026,0.046,0.045,0.029,0.028,0.025,0,0,0,0,0,0,0,0,0.028,0.028,0.031,0.027,0.257,0.033,0.194,0.187,0.16,0.036,0.021,0,0,0.033,0.033,0.024,0.035,0.026,0.03,0.036,0,0.028,0.024,0.021,0,0.036,0.033,0.027,0.026,0,0,0,0,0,0,0.029,0,0,0,0,0.024,0.02,0.02
GO:0043038,0.265,0.032,0.184,0.045,0.035,0.152,0.21,0.206,0.254,0.238,0.213,0,0.029,0,0.038,0,0,0.214,0.035,0.24,0.23,0.246,0.23,0.236,0.19,0.035,0,0.175,0.13,0.027,0.152,0.028,0,0.181,0,0.031,0,0.221,0.189,0.178,0.196,0.395,0.409,0,0,0.027,0,0,0.283,0.265,0,0,0.316,0.284,0.025,0.201,0.186,0.23,0.131,0.173,0.211,0.143,0.024,0.174,0.168,0.025,0.025,0.214,0,0.205,0.367,0.024,0.024,0,0.213,0.211,0.161,0.211,0.163,0.163,0.031,0.029,0.024,0.027,0,0.03,0,0.032,0,0,0.231,0.218,0.185,0.191,0.163,0.2,0.117,0.138,0.154,0.144,0.294,0.168,0.299,0.169,0.172,0.185,0.17,0.306,0.028,0.027,0.169,0.169,0.15,0.272,0.258,0.026,0.027,0.155,0.027,0.228,0.149,0.16,0.154,0.225,0.211,0.022,0.021,0.156,0.262,0.247,0.155,0,0,0.251,0.23,0.023,0.02,0.027,0.157,0.178,0.192,0.224,0.227,0.185,0,0.025,0.025,0,0,0.025,0.026,0.03,0.024,0.023,0.023,0,0,0,0,0,0.031,0,0,0,0.023,0.023,0.025,0,0,0,0,0.032,0,0,0.023,0,0,0,0.154,0.154,0.194,0.18,0.161,0.168,0.028,0.022,0.022,0.023,0,0.029,0.022,0,0.03,0.023,0,0,0,0.023,0,0.025,0,0.022,0.023,0.019,0.017,0.146,0.172,0.171,0.173,0.149,0.027,0.023,0.024,0.025,0.022,0.218,0.214,0.021,0.019,0.026,0,0,0.025,0.024,0,0.021,0,0,0.021,0.019,0.025,0.02,0.018,0.022,0.02,0.024,0.762,0.178,0.32,0.984,0.8,0.328,0.854,0.169,0.769,0.997,0.995,0.32,0.769,0.2,0.194,0.662,0.351,0,0,0.021,0,0,0,0,0.214,0.147,0.201,0.145,0.142,0.182,0.216,0,0,0.019,0,0,0,0,0,0,0,0.12,0.211,0.141,0.131,0.024,0.188,0.283,0.223,0.21,0.21,0,0.024,0.022,0.02,0.163,0.15,0.172,0.123,0,0,0.214,0.14,0.135,0.131,0.191,0,0.136,0.119,0.219,0,0,0.021,0.023,0,0.144,0.028,0.027,0.022,0.024,0.024,0.178,0.023,0.182,0.175,0,0,0,0,0,0.017,0.152,0.119,0,0,0.181,0,0,0,0.023,0.022,0.027,0.017,0.024,0.023,0.02,0.214,0,0.173,0,0.024,0.024,0.021,0.022,0.178,0.02,0.019,0.018,0.161,0.149,0.178,0.019,0.019,0.022,0.021,0.028,0.031,0.021,0.144,0.134,0.128,0.029,0.022,0.029,0.025,0.138,0.13,0,0,0.025,0.024,0.025,0.021,0.144,0,0.025,0.027,0.025,0.029,0.022,0.021,0.027,0.023,0.031,0,0.33,0.214,0.214,0.029,0.022,0.034,0.034,0.024,0.024,0.021,0,0,0,0,0,0,0,0,0.023,0.023,0.025,0.023,0.199,0.026,0.277,0.315,0.277,0.029,0.018,0,0,0.027,0.026,0.021,0.028,0.022,0.024,0.028,0,0.024,0.021,0.018,0,0.029,0.027,0.023,0.022,0,0,0,0,0,0,0.024,0,0,0,0,0.02,0.018,0.018
GO:0043039,0.264,0.032,0.184,0.045,0.034,0.151,0.21,0.287,0.254,0.237,0.245,0,0.029,0,0.038,0,0,0.213,0.035,0.445,0.439,0.404,0.44,0.477,0.434,0.035,0,0.245,0.129,0.027,0.212,0.028,0,0.181,0,0.031,0,0.22,0.189,0.249,0.196,0.394,0.408,0,0,0.027,0,0,0.282,0.265,0,0,0.315,0.284,0.025,0.458,0.26,0.524,0.131,0.173,0.482,0.142,0.024,0.244,0.235,0.025,0.025,0.397,0,0.204,0.367,0.024,0.024,0,0.486,0.482,0.186,0.482,0.163,0.163,0.03,0.029,0.024,0.027,0,0.03,0,0.032,0,0,0.231,0.218,0.776,0.801,0.371,0.455,0.117,0.192,0.215,0.202,0.294,0.167,0.299,0.386,0.32,0.185,0.389,0.306,0.028,0.027,0.386,0.386,0.173,0.271,0.258,0.026,0.027,0.155,0.027,0.228,0.149,0.16,0.153,0.224,0.211,0.022,0.021,0.156,0.262,0.247,0.155,0,0,0.251,0.23,0.023,0.02,0.027,0.156,0.249,0.221,0.224,0.373,0.185,0,0.025,0.025,0,0,0.025,0.026,0.03,0.024,0.023,0.023,0,0,0,0,0,0.031,0,0,0,0.023,0.023,0.025,0,0,0,0,0.031,0,0,0.023,0,0,0,0.312,0.312,0.392,0.364,0.325,0.34,0.028,0.022,0.022,0.023,0,0.029,0.022,0,0.03,0.023,0,0,0,0.023,0,0.025,0,0.022,0.023,0.019,0.017,0.61,0.719,0.39,0.725,0.626,0.027,0.023,0.023,0.025,0.022,0.218,0.214,0.021,0.019,0.026,0,0,0.025,0.024,0,0.021,0,0,0.021,0.019,0.025,0.02,0.018,0.022,0.02,0.023,0.761,0.895,0.319,0.985,0.801,0.327,0.852,0.852,0.767,0.995,0.997,0.32,0.767,0.328,0.319,0.661,0.351,0,0,0.021,0,0,0,0,0.487,0.336,0.459,0.33,0.324,0.415,0.216,0,0,0.019,0,0,0,0,0,0,0,0.12,0.211,0.198,0.183,0.024,0.429,0.283,0.223,0.401,0.399,0,0.024,0.022,0.02,0.371,0.343,0.172,0.28,0,0,0.488,0.32,0.308,0.299,0.19,0,0.311,0.273,0.405,0,0,0.021,0.022,0,0.33,0.028,0.027,0.022,0.024,0.024,0.406,0.023,0.337,0.398,0,0,0,0,0,0.017,0.346,0.273,0,0,0.412,0,0,0,0.023,0.022,0.027,0.017,0.024,0.023,0.02,0.487,0,0.395,0,0.024,0.023,0.021,0.022,0.406,0.02,0.019,0.018,0.367,0.34,0.406,0.019,0.019,0.022,0.021,0.028,0.031,0.021,0.144,0.134,0.128,0.029,0.022,0.029,0.025,0.138,0.129,0,0,0.025,0.024,0.025,0.021,0.144,0,0.025,0.027,0.025,0.028,0.022,0.021,0.027,0.023,0.031,0,0.329,0.213,0.213,0.029,0.022,0.034,0.034,0.024,0.024,0.021,0,0,0,0,0,0,0,0,0.023,0.023,0.025,0.023,0.199,0.026,0.276,0.314,0.277,0.029,0.018,0,0,0.027,0.026,0.021,0.028,0.022,0.024,0.028,0,0.023,0.021,0.018,0,0.029,0.026,0.023,0.022,0,0,0,0,0,0,0.024,0,0,0,0,0.02,0.018,0.018
GO:0043043,0.357,0.041,0.252,0.064,0.045,0.195,0.268,0.276,0.344,0.242,0.272,0,0.037,0,0.05,0,0,0.291,0.045,0.517,0.302,0.532,0.301,0.505,0.249,0.045,0,0.224,0.16,0.033,0.187,0.034,0,0.223,0,0.039,0,0.282,0.232,0.229,0.188,0.515,0.538,0,0,0.033,0,0,0.339,0.314,0,0,0.387,0.341,0.03,0.412,0.243,0.488,0.162,0.21,0.642,0.556,0.029,0.222,0.559,0.03,0.03,0.446,0,0.568,0.468,0.029,0.029,0,0.443,0.642,0.424,0.642,0.196,0.196,0.038,0.035,0.029,0.033,0,0.037,0,0.04,0,0,0.268,0.25,0.372,0.387,0.467,0.598,0.435,0.436,0.19,0.176,0.356,0.444,0.363,0.488,0.341,0.226,0.336,0.373,0.035,0.033,0.488,0.488,0.389,0.323,0.305,0.031,0.033,0.184,0.032,0.264,0.176,0.192,0.182,0.259,0.241,0.026,0.024,0.185,0.31,0.289,0.184,0,0,0.294,0.267,0.027,0.023,0.033,0.627,0.6,0.525,0.637,0.703,0.631,0,0.03,0.03,0,0,0.031,0.031,0.037,0.029,0.027,0.028,0,0,0,0,0,0.04,0,0,0,0.027,0.027,0.03,0,0,0,0,0.04,0,0,0.027,0,0,0,0.299,0.299,0.394,0.36,0.314,0.331,0.034,0.026,0.026,0.027,0,0.036,0.025,0,0.037,0.028,0,0,0,0.027,0,0.03,0,0.026,0.027,0.022,0.019,0.279,0.34,0.337,0.343,0.288,0.032,0.027,0.028,0.03,0.025,0.25,0.245,0.025,0.022,0.032,0,0,0.03,0.029,0,0.025,0,0,0.025,0.021,0.03,0.024,0.021,0.026,0.023,0.028,0.234,0.353,0.979,0.784,0.616,0.949,0.373,0.333,0.232,0.32,0.32,0.981,0.232,0.926,0.968,0.177,0.838,0,0,0.025,0,0,0,0,0.651,0.414,0.604,0.407,0.271,0.364,0.248,0,0,0.022,0,0,0,0,0,0,0,0.448,0.241,0.451,0.157,0.028,0.38,0.34,0.257,0.586,0.585,0,0.029,0.026,0.024,0.318,0.29,0.458,0.229,0,0,0.651,0.391,0.374,0.362,0.215,0,0.379,0.223,0.67,0,0,0.025,0.026,0,0.277,0.034,0.032,0.026,0.029,0.028,0.519,0.027,0.363,0.507,0,0,0,0,0,0.019,0.293,0.223,0,0,0.361,0,0,0,0.028,0.025,0.033,0.019,0.029,0.027,0.023,0.651,0,0.58,0,0.029,0.028,0.024,0.026,0.519,0.023,0.022,0.021,0.314,0.287,0.519,0.022,0.021,0.025,0.024,0.034,0.038,0.024,0.169,0.156,0.147,0.036,0.025,0.035,0.03,0.161,0.149,0,0,0.029,0.028,0.03,0.024,0.169,0,0.029,0.033,0.03,0.035,0.025,0.024,0.033,0.027,0.039,0,0.409,0.274,0.273,0.036,0.026,0.044,0.043,0.029,0.028,0.025,0,0,0,0,0,0,0,0,0.028,0.028,0.03,0.026,0.25,0.032,0.331,0.386,0.331,0.035,0.021,0,0,0.032,0.032,0.024,0.035,0.026,0.029,0.035,0,0.028,0.024,0.021,0,0.035,0.032,0.027,0.025,0,0,0,0,0,0,0.028,0,0,0,0,0.023,0.02,0.02
GO:0043436,0.247,0.042,0.263,0.067,0.046,0.201,0.276,0.287,0.357,0.252,0.28,0,0.038,0,0.052,0,0,0.303,0.047,0.311,0.312,0.32,0.312,0.303,0.258,0.047,0,0.231,0.164,0.034,0.192,0.035,0,0.228,0,0.04,0,0.193,0.159,0.236,0.194,0.251,0.263,0,0,0.034,0,0,0.164,0.151,0,0,0.188,0.165,0.031,0.246,0.251,0.293,0.166,0.215,0.262,0.186,0.029,0.229,0.219,0.031,0.03,0.266,0,0.267,0.228,0.029,0.03,0,0.265,0.262,0.198,0.262,0.201,0.201,0.039,0.036,0.029,0.033,0,0.038,0,0.041,0,0,0.129,0.12,0.222,0.231,0.189,0.244,0.145,0.17,0.195,0.18,0.172,0.207,0.175,0.198,0.203,0.154,0.2,0.181,0.036,0.034,0.198,0.198,0.181,0.189,0.178,0.032,0.034,0.188,0.033,0.154,0.18,0.196,0.186,0.151,0.141,0.027,0.025,0.189,0.182,0.169,0.188,0,0,0.172,0.156,0.028,0.024,0.034,0.211,0.236,0.246,0.3,0.288,0.248,0,0.031,0.031,0,0,0.031,0.032,0.038,0.029,0.027,0.028,0,0,0,0,0,0.041,0,0,0,0.027,0.027,0.031,0,0,0,0,0.041,0,0,0.028,0,0,0,0.177,0.177,0.235,0.214,0.186,0.197,0.035,0.027,0.027,0.027,0,0.037,0.026,0,0.038,0.028,0,0,0,0.028,0,0.03,0,0.026,0.027,0.022,0.019,0.165,0.202,0.2,0.204,0.17,0.033,0.027,0.028,0.031,0.026,0.12,0.117,0.025,0.023,0.032,0,0,0.031,0.03,0,0.025,0,0,0.025,0.021,0.031,0.024,0.021,0.026,0.023,0.028,0.97,0.21,0.232,0.756,0.591,0.239,0.899,0.198,0.976,0.769,0.767,0.232,0.976,0.244,0.235,0.859,0.215,0,0,0.025,0,0,0,0,0.266,0.167,0.246,0.164,0.16,0.217,0.119,0,0,0.023,0,0,0,0,0,0,0,0.149,0.116,0.176,0.16,0.029,0.226,0.164,0.123,0.275,0.275,0,0.029,0.027,0.024,0.189,0.171,0.214,0.135,0,0,0.266,0.158,0.151,0.146,0.103,0,0.153,0.131,0.274,0,0,0.025,0.027,0,0.164,0.035,0.033,0.026,0.029,0.029,0.211,0.028,0.216,0.206,0,0,0,0,0,0.019,0.173,0.131,0,0,0.215,0,0,0,0.028,0.026,0.034,0.019,0.029,0.028,0.023,0.266,0,0.227,0,0.03,0.028,0.025,0.026,0.211,0.024,0.023,0.021,0.186,0.17,0.211,0.023,0.022,0.026,0.025,0.035,0.039,0.024,0.172,0.158,0.15,0.037,0.026,0.036,0.03,0.164,0.152,0,0,0.03,0.028,0.031,0.025,0.172,0,0.03,0.034,0.03,0.036,0.026,0.025,0.034,0.027,0.04,0,0.241,0.282,0.282,0.036,0.026,0.046,0.045,0.029,0.028,0.025,0,0,0,0,0,0,0,0,0.028,0.028,0.031,0.027,0.257,0.033,0.194,0.187,0.16,0.036,0.021,0,0,0.033,0.033,0.024,0.035,0.026,0.03,0.036,0,0.028,0.024,0.021,0,0.036,0.033,0.027,0.026,0,0,0,0,0,0,0.029,0,0,0,0,0.024,0.02,0.02
GO:0043603,0.384,0.043,0.272,0.069,0.047,0.207,0.283,0.251,0.369,0.261,0.288,0,0.038,0,0.053,0,0,0.266,0.048,0.55,0.321,0.568,0.321,0.537,0.225,0.048,0,0.201,0.168,0.034,0.166,0.035,0,0.233,0,0.041,0,0.298,0.243,0.205,0.199,0.329,0.344,0,0,0.034,0,0,0.212,0.196,0,0,0.244,0.213,0.032,0.432,0.218,0.517,0.17,0.219,0.462,0.19,0.03,0.199,0.19,0.031,0.031,0.47,0,0.273,0.297,0.03,0.03,0,0.468,0.462,0.201,0.462,0.204,0.204,0.04,0.037,0.03,0.034,0,0.039,0,0.042,0,0,0.166,0.155,0.389,0.406,0.331,0.429,0.147,0.146,0.169,0.156,0.223,0.211,0.227,0.347,0.355,0.237,0.35,0.234,0.037,0.035,0.347,0.347,0.184,0.202,0.19,0.033,0.034,0.191,0.034,0.163,0.183,0.199,0.189,0.16,0.149,0.027,0.025,0.193,0.193,0.18,0.191,0,0,0.183,0.165,0.028,0.024,0.035,0.216,0.205,0.252,0.309,0.509,0.216,0,0.031,0.031,0,0,0.032,0.033,0.039,0.03,0.028,0.029,0,0,0,0,0,0.042,0,0,0,0.028,0.028,0.032,0,0,0,0,0.042,0,0,0.028,0,0,0,0.31,0.31,0.413,0.375,0.326,0.344,0.036,0.027,0.027,0.028,0,0.038,0.026,0,0.039,0.029,0,0,0,0.028,0,0.031,0,0.027,0.028,0.022,0.02,0.289,0.354,0.351,0.357,0.298,0.034,0.028,0.029,0.031,0.026,0.155,0.151,0.025,0.023,0.033,0,0,0.031,0.03,0,0.025,0,0,0.025,0.022,0.031,0.024,0.021,0.027,0.023,0.029,0.245,0.369,0.924,0.733,0.571,0.952,0.234,0.346,0.244,0.2,0.328,0.926,0.244,0.972,0.936,0.187,0.28,0,0,0.025,0,0,0,0,0.469,0.292,0.434,0.287,0.28,0.381,0.153,0,0,0.023,0,0,0,0,0,0,0,0.152,0.149,0.152,0.138,0.03,0.397,0.213,0.159,0.282,0.282,0,0.03,0.027,0.024,0.331,0.3,0.218,0.236,0,0,0.469,0.276,0.264,0.255,0.132,0,0.267,0.228,0.483,0,0,0.026,0.027,0,0.286,0.035,0.034,0.027,0.03,0.029,0.37,0.028,0.38,0.361,0,0,0,0,0,0.02,0.303,0.228,0,0,0.377,0,0,0,0.029,0.026,0.035,0.02,0.03,0.028,0.024,0.469,0,0.197,0,0.03,0.029,0.025,0.027,0.37,0.024,0.023,0.021,0.326,0.297,0.37,0.023,0.022,0.026,0.025,0.035,0.04,0.025,0.175,0.161,0.152,0.038,0.026,0.037,0.031,0.167,0.154,0,0,0.031,0.029,0.032,0.025,0.175,0,0.03,0.034,0.031,0.037,0.026,0.025,0.035,0.028,0.041,0,0.258,0.29,0.289,0.037,0.027,0.047,0.046,0.03,0.029,0.026,0,0,0,0,0,0,0,0,0.029,0.029,0.031,0.027,0.263,0.033,0.206,0.243,0.207,0.037,0.021,0,0,0.034,0.033,0.025,0.036,0.027,0.03,0.037,0,0.029,0.025,0.021,0,0.037,0.034,0.028,0.026,0,0,0,0,0,0,0.029,0,0,0,0,0.024,0.021,0.021
GO:0043604,0.363,0.042,0.257,0.065,0.045,0.198,0.271,0.238,0.349,0.246,0.275,0,0.037,0,0.051,0,0,0.251,0.046,0.524,0.306,0.54,0.306,0.512,0.214,0.046,0,0.192,0.162,0.033,0.16,0.034,0,0.225,0,0.039,0,0.285,0.235,0.196,0.19,0.314,0.328,0,0,0.033,0,0,0.205,0.19,0,0,0.235,0.207,0.031,0.416,0.208,0.495,0.164,0.212,0.65,0.563,0.029,0.191,0.561,0.03,0.03,0.451,0,0.575,0.285,0.029,0.029,0,0.449,0.65,0.428,0.65,0.198,0.198,0.039,0.036,0.029,0.033,0,0.038,0,0.041,0,0,0.162,0.151,0.376,0.392,0.471,0.605,0.439,0.437,0.163,0.15,0.216,0.448,0.22,0.493,0.344,0.229,0.339,0.226,0.035,0.034,0.493,0.493,0.393,0.196,0.184,0.032,0.033,0.186,0.033,0.16,0.178,0.194,0.184,0.157,0.146,0.027,0.024,0.187,0.188,0.175,0.186,0,0,0.178,0.161,0.027,0.024,0.033,0.636,0.603,0.531,0.646,0.712,0.635,0,0.03,0.03,0,0,0.031,0.032,0.037,0.029,0.027,0.028,0,0,0,0,0,0.04,0,0,0,0.027,0.027,0.031,0,0,0,0,0.04,0,0,0.027,0,0,0,0.301,0.302,0.398,0.363,0.317,0.334,0.034,0.026,0.026,0.027,0,0.036,0.025,0,0.038,0.028,0,0,0,0.028,0,0.03,0,0.026,0.027,0.022,0.019,0.281,0.343,0.34,0.346,0.29,0.033,0.027,0.028,0.031,0.026,0.151,0.148,0.025,0.022,0.032,0,0,0.03,0.029,0,0.025,0,0,0.025,0.021,0.03,0.024,0.021,0.026,0.023,0.028,0.236,0.357,0.966,0.772,0.605,0.918,0.227,0.336,0.235,0.194,0.319,0.968,0.235,0.936,0.979,0.18,0.552,0,0,0.025,0,0,0,0,0.659,0.417,0.611,0.41,0.273,0.368,0.15,0,0,0.022,0,0,0,0,0,0,0,0.453,0.146,0.452,0.134,0.029,0.384,0.206,0.155,0.593,0.592,0,0.029,0.027,0.024,0.321,0.292,0.463,0.231,0,0,0.659,0.394,0.377,0.365,0.13,0,0.382,0.224,0.678,0,0,0.025,0.027,0,0.279,0.034,0.033,0.026,0.029,0.028,0.524,0.027,0.367,0.512,0,0,0,0,0,0.019,0.295,0.224,0,0,0.365,0,0,0,0.028,0.026,0.034,0.019,0.029,0.027,0.023,0.659,0,0.582,0,0.029,0.028,0.025,0.026,0.524,0.024,0.022,0.021,0.317,0.29,0.524,0.022,0.022,0.025,0.024,0.034,0.039,0.024,0.17,0.157,0.148,0.037,0.026,0.036,0.03,0.162,0.151,0,0,0.03,0.028,0.031,0.025,0.17,0,0.03,0.033,0.03,0.036,0.026,0.024,0.034,0.027,0.04,0,0.248,0.277,0.277,0.036,0.026,0.045,0.044,0.029,0.028,0.025,0,0,0,0,0,0,0,0,0.028,0.028,0.031,0.027,0.253,0.032,0.2,0.234,0.2,0.036,0.021,0,0,0.033,0.032,0.024,0.035,0.026,0.029,0.035,0,0.028,0.024,0.021,0,0.036,0.032,0.027,0.025,0,0,0,0,0,0,0.028,0,0,0,0,0.024,0.02,0.02
GO:0044281,0.285,0,0.307,0,0,0.226,0.215,0.28,0.288,0.292,0.219,0,0,0,0,0,0,0.298,0,0.245,0.247,0.254,0.246,0.239,0.248,0,0,0.219,0.181,0,0.178,0,0,0.174,0,0,0,0.216,0.174,0.224,0.217,0.241,0.253,0,0,0,0,0,0.15,0.138,0,0,0.174,0.151,0,0.189,0.24,0.229,0.183,0.163,0.203,0.207,0,0.217,0.206,0,0,0.207,0,0.207,0.216,0,0,0,0.205,0.203,0.149,0.203,0.151,0.151,0,0,0,0,0,0,0,0,0,0,0.116,0.108,0.169,0.176,0.142,0.187,0.157,0.156,0.182,0.166,0.158,0.157,0.161,0.149,0.153,0.169,0.15,0.167,0,0,0.149,0.149,0.136,0.142,0.133,0,0,0.141,0,0.114,0.134,0.147,0.14,0.112,0.103,0,0,0.142,0.136,0.126,0.141,0,0,0.128,0.115,0,0,0,0.238,0.224,0.189,0.236,0.225,0.237,0,0,0,0,0,0,0,0,0,0,0,0,0,0,0,0,0,0,0,0,0,0,0,0,0,0,0,0,0,0,0,0,0,0,0.132,0.132,0.18,0.162,0.14,0.148,0,0,0,0,0,0,0,0,0,0,0,0,0,0,0,0,0,0,0,0,0,0.123,0.152,0.151,0.154,0.127,0,0,0,0,0,0.108,0.105,0,0,0,0,0,0,0,0,0,0,0,0,0,0,0,0,0,0,0,0.864,0.159,0.177,0.651,0.5,0.183,0.784,0.149,0.858,0.662,0.661,0.177,0.859,0.187,0.18,0.953,0.202,0,0,0,0,0,0,0,0.206,0.124,0.189,0.122,0.119,0.165,0.106,0,0,0,0,0,0,0,0,0,0,0.162,0.103,0.162,0.146,0,0.172,0.15,0.111,0.214,0.214,0,0,0,0,0.142,0.128,0.162,0.099,0,0,0.206,0.117,0.112,0.108,0.091,0,0.113,0.096,0.213,0,0,0,0,0,0.122,0,0,0,0,0,0.159,0,0.164,0.156,0,0,0,0,0,0,0.129,0.096,0,0,0.163,0,0,0,0,0,0,0,0,0,0,0.206,0,0.215,0,0,0,0,0,0.159,0,0,0,0.14,0.127,0.159,0,0,0,0,0,0,0,0.128,0.117,0.111,0,0,0,0,0.122,0.112,0,0,0,0,0,0,0.128,0,0,0,0,0,0,0,0,0,0,0,0.185,0.22,0.22,0,0,0,0,0,0,0,0,0,0,0,0,0,0,0,0,0,0,0,0.199,0,0.146,0.173,0.146,0,0,0,0,0,0,0,0,0,0,0,0,0,0,0,0,0,0,0,0,0,0,0,0,0,0,0,0,0,0,0,0,0,0
GO:1901566,0.427,0,0.305,0,0,0.225,0.214,0.329,0.287,0.291,0.258,0,0,0,0,0,0,0.351,0,0.367,0.246,0.38,0.245,0.358,0.292,0,0,0.258,0.18,0,0.21,0,0,0.174,0,0,0,0.324,0.26,0.264,0.216,0.6,0.631,0,0,0,0,0,0.374,0.344,0,0,0.434,0.377,0,0.283,0.283,0.343,0.182,0.163,0.627,0.635,0,0.256,0.638,0,0,0.309,0,0.634,0.538,0,0,0,0.308,0.627,0.461,0.627,0.151,0.151,0,0,0,0,0,0,0,0,0,0,0.289,0.269,0.253,0.264,0.439,0.579,0.482,0.483,0.214,0.196,0.395,0.481,0.403,0.462,0.229,0.253,0.226,0.416,0,0,0.462,0.462,0.42,0.355,0.332,0,0,0.141,0,0.284,0.134,0.147,0.139,0.279,0.258,0,0,0.142,0.339,0.314,0.141,0,0,0.32,0.288,0,0,0,0.73,0.692,0.585,0.725,0.691,0.734,0,0,0,0,0,0,0,0,0,0,0,0,0,0,0,0,0,0,0,0,0,0,0,0,0,0,0,0,0,0,0,0,0,0,0.198,0.198,0.269,0.243,0.209,0.222,0,0,0,0,0,0,0,0,0,0,0,0,0,0,0,0,0,0,0,0,0,0.184,0.228,0.226,0.231,0.19,0,0,0,0,0,0.269,0.262,0,0,0,0,0,0,0,0,0,0,0,0,0,0,0,0,0,0,0,0.217,0.238,0.836,0.654,0.503,0.457,0.416,0.223,0.215,0.351,0.351,0.838,0.215,0.28,0.552,0.202,0.954,0,0,0,0,0,0,0,0.637,0.386,0.586,0.378,0.178,0.247,0.266,0,0,0,0,0,0,0,0,0,0,0.498,0.258,0.501,0.173,0,0.258,0.375,0.277,0.657,0.656,0,0,0,0,0.212,0.192,0.498,0.149,0,0,0.638,0.362,0.346,0.334,0.228,0,0.351,0.144,0.658,0,0,0,0,0,0.182,0,0,0,0,0,0.494,0,0.246,0.482,0,0,0,0,0,0,0.194,0.144,0,0,0.244,0,0,0,0,0,0,0,0,0,0,0.637,0,0.665,0,0,0,0,0,0.494,0,0,0,0.209,0.19,0.494,0,0,0,0,0,0,0,0.128,0.117,0.111,0,0,0,0,0.122,0.112,0,0,0,0,0,0,0.128,0,0,0,0,0,0,0,0,0,0,0,0.461,0.22,0.219,0,0,0,0,0,0,0,0,0,0,0,0,0,0,0,0,0,0,0,0.198,0,0.364,0.432,0.364,0,0,0,0,0,0,0,0,0,0,0,0,0,0,0,0,0,0,0,0,0,0,0,0,0,0,0,0,0,0,0,0,0,0
GO:0001704,0,0,0,0,0,0,0,0,0,0,0,0,0,0,0,0,0,0,0,0,0,0,0,0,0,0,0,0,0,0,0,0,0,0,0,0,0,0,0,0,0,0,0,0,0,0,0,0,0,0,0,0,0,0,0,0,0,0,0,0,0,0,0,0,0,0,0,0,0,0,0,0,0,0,0,0,0,0,0,0,0,0,0,0,0,0,0,0,0,0,0,0,0,0,0,0,0,0,0,0,0,0,0,0,0,0,0,0,0,0,0,0,0,0,0,0,0,0,0,0,0,0,0,0,0,0,0,0,0,0,0,0,0,0,0,0,0,0,0,0,0,0,0,0,0,0,0,0,0,0,0,0,0,0,0,0.274,0.537,0.31,0.702,0.592,0.393,0.399,0.442,0,0,0,0.317,0.395,0.397,0.487,0.485,0.393,0.364,0.32,0,0,0.5,0.416,0,0,0,0,0,0,0,0,0,0,0,0,0,0,0,0,0,0,0,0,0,0,0,0,0,0,0,0,0,0,0,0,0,0,0,0,0,0,0,0,0,0,0,0,0,0,0,0,0,0,0,0,0,0,0,0,0,0,0,0,0,0,0,0,0,0,0,0,0,0,0,0,0,0,0,0.997,0.901,0.894,0.532,0,0,0,0,0,0,0,0,0,0,0.967,0.309,0,0,0,0,0.776,0.456,0.493,0.363,0,0,0,0,0,0,0,0,0,0,0.246,0,0,0,0,0,0,0,0,0,0,0,0,0,0,0,0,0,0,0.529,0.387,0.901,0,0,0,0,0.333,0.279,0,0,0,0,0,0,0.415,0.357,0.9,0.928,0.569,0,0,0,0.308,0.272,0,0,0.331,0.462,0.991,0,0,0,0,0,0,0,0.246,0,0,0,0,0,0,0,0,0,0,0,0,0,0,0,0,0,0,0,0,0,0,0,0,0,0,0,0,0,0,0,0,0,0,0,0,0,0,0,0,0,0,0,0,0,0,0.32,0,0,0,0,0,0,0,0,0,0,0.473,0.345,0.299,0.321,0.257,0.245,0.238,0.259,0,0,0,0.318,0,0,0,0,0,0.461,0,0.587,0,0,0,0,0.451,0,0,0,0,0.295,0.335,0.294,0.628,0.459,0,0.368,0.348,0.313,0.26,0.333,0.294,0.377,0.361,0.334,0.266,0,0.274,0.517,0,0,0
GO:0001706,0,0,0,0,0,0,0,0,0,0,0,0,0,0,0,0,0,0,0,0,0,0,0,0,0,0,0,0,0,0,0,0,0,0,0,0,0,0,0,0,0,0,0,0,0,0,0,0,0,0,0,0,0,0,0,0,0,0,0,0,0,0,0,0,0,0,0,0,0,0,0,0,0,0,0,0,0,0,0,0,0,0,0,0,0,0,0,0,0,0,0,0,0,0,0,0,0,0,0,0,0,0,0,0,0,0,0,0,0,0,0,0,0,0,0,0,0,0,0,0,0,0,0,0,0,0,0,0,0,0,0,0,0,0,0,0,0,0,0,0,0,0,0,0,0,0,0,0,0,0,0,0,0,0,0,0.254,0.467,0.282,0.618,0.531,0.344,0.343,0.381,0,0,0,0.285,0.351,0.369,0.428,0.42,0.344,0.322,0.283,0,0,0.456,0.373,0,0,0,0,0,0,0,0,0,0,0,0,0,0,0,0,0,0,0,0,0,0,0,0,0,0,0,0,0,0,0,0,0,0,0,0,0,0,0,0,0,0,0,0,0,0,0,0,0,0,0,0,0,0,0,0,0,0,0,0,0,0,0,0,0,0,0,0,0,0,0,0,0,0,0,0.901,0.999,0.992,0.724,0,0,0,0,0,0,0,0,0,0,0.872,0.974,0,0,0,0,0.687,0.404,0.45,0.808,0,0,0,0,0,0,0,0,0,0,0.226,0,0,0,0,0,0,0,0,0,0,0,0,0,0,0,0,0,0,0.48,0.349,0.999,0,0,0,0,0.297,0.253,0,0,0,0,0,0,0.384,0.321,0.806,0.833,0.769,0,0,0,0.277,0.245,0,0,0.743,0.636,0.896,0,0,0,0,0,0,0,0.226,0,0,0,0,0,0,0,0,0,0,0,0,0,0,0,0,0,0,0,0,0,0,0,0,0,0,0,0,0,0,0,0,0,0,0,0,0,0,0,0,0,0,0,0,0,0,0.283,0,0,0,0,0,0,0,0,0,0,0.417,0.315,0.276,0.284,0.232,0.223,0.217,0.235,0,0,0,0.289,0,0,0,0,0,0.408,0,0.527,0,0,0,0,0.401,0,0,0,0,0.267,0.306,0.271,0.583,0.407,0,0.334,0.317,0.278,0.235,0.298,0.263,0.341,0.328,0.301,0.245,0,0.254,0.47,0,0,0
GO:0001711,0,0.027,0,0.036,0.029,0,0.028,0,0.032,0,0.028,0,0.025,0,0.031,0,0,0,0.029,0.03,0.03,0.03,0.03,0.029,0,0.029,0,0,0,0.023,0,0.024,0,0.024,0,0.026,0,0,0,0,0,0,0,0,0,0.023,0,0,0,0,0,0,0,0,0.022,0.025,0,0.029,0,0.023,0.027,0,0.021,0,0,0.022,0.022,0.027,0,0.027,0,0.021,0.021,0,0.027,0.027,0.022,0.027,0.022,0.022,0.026,0.025,0.021,0.023,0,0.026,0,0.027,0,0,0,0,0.024,0.024,0.021,0.025,0,0,0,0,0,0.023,0,0.022,0.022,0,0.022,0,0.024,0.024,0.022,0.022,0.021,0.021,0.02,0.023,0.023,0.021,0.023,0.018,0.02,0.022,0.021,0.018,0.017,0.02,0.019,0.021,0.021,0.02,0.021,0,0,0.02,0.018,0.02,0.018,0.024,0,0,0.026,0.029,0.028,0,0,0.022,0.022,0,0,0.022,0.023,0.025,0.021,0.02,0.021,0.253,0.461,0.28,0.611,0.526,0.557,0.339,0.377,0,0.02,0.02,0.461,0.347,0.367,0.424,0.415,0.555,0.319,0.28,0.02,0,0.453,0.369,0.02,0.02,0.025,0.023,0.021,0.022,0.024,0.02,0.02,0.02,0,0.025,0.019,0,0.026,0.021,0,0,0,0.021,0,0.022,0,0.02,0.02,0.017,0.015,0.019,0.022,0.022,0.022,0.02,0.023,0.02,0.021,0.022,0.019,0,0,0.019,0.018,0.023,0,0,0.022,0.021,0,0.019,0,0,0.019,0.017,0.022,0.018,0.016,0.02,0.018,0.021,0.025,0.023,0.025,0.021,0.017,0.025,0.024,0.022,0.025,0.021,0.021,0.025,0.025,0.025,0.025,0,0,0.894,0.992,0.999,0.718,0,0,0,0.027,0.019,0.026,0.019,0.019,0.023,0,0.864,0.966,0.018,0,0,0,0.68,0.4,0.447,0.801,0,0,0,0,0.021,0.024,0,0,0.027,0.027,0.225,0.021,0.02,0.018,0.021,0.02,0.023,0.016,0,0,0.027,0.019,0.018,0.018,0,0,0.018,0.016,0.027,0.476,0.346,0.992,0.02,0,0.019,0.024,0.767,0.411,0.021,0.021,0.023,0.02,0.023,0.023,0.381,0.318,0.798,0.826,0.763,0.015,0.02,0.016,0.275,0.243,0.023,0,0.736,0.632,0.901,0.019,0.024,0.015,0.021,0.02,0.018,0.027,0.225,0,0,0.021,0.021,0.019,0.02,0.023,0.018,0.018,0.016,0.021,0.02,0.023,0.018,0.017,0.019,0.019,0.024,0.026,0.019,0.02,0.019,0.018,0.025,0.019,0.025,0.022,0.019,0.018,0,0,0.022,0.021,0.022,0.019,0.02,0,0.022,0.023,0.022,0.025,0.019,0.019,0.024,0.02,0.026,0.28,0.025,0.028,0.028,0.025,0.02,0.029,0.028,0.021,0.021,0.019,0.413,0.312,0.274,0.281,0.231,0.221,0.215,0.233,0.021,0.021,0.022,0.417,0.026,0.023,0.022,0,0,0.515,0.016,0.522,0,0.023,0.023,0.019,0.506,0.02,0.021,0.024,0,0.433,0.387,0.344,0.579,0.514,0.023,0.422,0.401,0.275,0.233,0.295,0.26,0.338,0.325,0.435,0.243,0,0.253,0.466,0.018,0.016,0.016
GO:0002009,0,0,0,0,0,0,0,0,0,0,0,0,0,0,0,0,0,0,0,0,0,0,0,0,0,0,0,0,0,0,0,0,0,0,0,0,0,0,0,0,0,0,0,0,0,0,0,0,0,0,0,0,0,0,0,0,0,0,0,0,0,0,0,0,0,0,0,0,0,0,0,0,0,0,0,0,0,0,0,0,0,0,0,0,0,0,0,0,0,0,0,0,0,0,0,0,0,0,0,0,0,0,0,0,0,0,0,0,0,0,0,0,0,0,0,0,0,0,0,0,0,0,0,0,0,0,0,0,0,0,0,0,0,0,0,0,0,0,0,0,0,0,0,0,0,0,0,0,0,0,0,0,0,0,0,0.234,0.449,0.301,0.672,0.57,0.375,0,0.42,0,0,0,0.306,0.379,0.388,0.408,0.461,0.376,0.349,0,0,0,0.485,0.351,0,0,0,0,0,0,0,0,0,0,0,0,0,0,0,0,0,0,0,0,0,0,0,0,0,0,0,0,0,0,0,0,0,0,0,0,0,0,0,0,0,0,0,0,0,0,0,0,0,0,0,0,0,0,0,0,0,0,0,0,0,0,0,0,0,0,0,0,0,0,0,0,0,0,0,0.532,0.724,0.718,0.998,0,0,0,0,0,0,0,0,0,0,0.547,0.744,0,0,0,0,0.386,0.384,0.479,0.869,0,0,0,0,0,0,0,0,0,0,0.24,0,0,0,0,0,0,0,0,0,0,0,0,0,0,0,0,0,0,0.512,0.328,0.724,0,0,0,0,0.32,0.27,0,0,0,0,0,0,0.404,0.344,0.58,0.567,0.93,0,0,0,0.297,0,0,0,0.971,0.87,0.529,0,0,0,0,0,0,0,0.24,0,0,0,0,0,0,0,0,0,0,0,0,0,0,0,0,0,0,0,0,0,0,0,0,0,0,0,0,0,0,0,0,0,0,0,0,0,0,0,0,0,0,0,0,0,0,0,0,0,0,0,0,0,0,0,0,0,0.397,0.293,0.255,0,0,0,0,0,0,0,0,0.308,0,0,0,0,0,0.387,0,0.566,0,0,0,0,0.38,0,0,0,0,0.285,0.285,0.251,0.388,0.386,0,0.312,0.295,0,0,0.321,0,0.319,0.306,0.322,0.259,0,0.234,0.501,0,0,0
GO:0002237,0,0,0,0,0,0,0,0,0,0,0,0,0,0,0,0.233,0,0,0,0,0,0,0,0,0,0.224,0,0,0,0.19,0,0,0,0,0,0,0.197,0,0,0,0,0,0,0,0,0,0.549,0.416,0,0,0,0,0,0,0.181,0,0,0,0,0,0,0,0.176,0,0,0,0,0,0,0,0,0,0,0.184,0,0,0,0,0,0,0,0,0,0,0.214,0.203,0,0,0,0,0,0,0,0,0,0,0,0,0,0,0,0,0,0,0,0,0,0,0.387,0.54,0,0,0,0,0,0,0,0,0,0,0,0,0,0,0.147,0.167,0.159,0,0,0,0,0,0,0,0,0.17,0.155,0,0,0,0,0,0,0,0,0.18,0,0,0.183,0,0,0,0,0,0,0,0,0,0,0,0,0,0,0,0,0,0,0,0,0,0,0,0,0,0,0,0,0,0.169,0.169,0,0.189,0.174,0,0.194,0,0,0,0,0,0,0,0,0,0,0,0,0,0,0,0.416,0,0,0.416,0.136,0,0,0,0,0,0,0,0,0,0,0,0,0.16,0.15,0,0,0,0,0,0,0,0.485,0,0,0,0,0,0,0,0,0.173,0,0,0,0,0,0,0,0,0,0,0,0,0,0,0,0,0,0,0,0,0,1,0,0,0,0,0,0,0,0,0,0,0,0,0.465,0.549,0.639,0,0,0,0,0,0,0,0,0,0,0,0,0,0,0,0,0.167,0.156,0,0,0,0,0,0,0,0,0,0,0,0.413,0,0,0,0,0,0,0,0.549,0,0,0,0,0,0,0,0,0,0,0,0,0,0,0,0,0,0,0,0,0,0.549,0,0,0,0.163,0,0.381,0,0,0.154,0,0,0,0.355,0.348,0,0,0,0,0,0,0,0,0,0,0,0,0,0,0,0,0,0,0,0,0,0,0,0,0,0,0,0,0,0,0,0,0,0,0,0,0,0,0,0,0,0,0,0,0,0,0,0,0,0,0.22,0.176,0.173,0.161,0,0,0,0,0,0,0,0,0,0,0,0,0,0,0,0,0,0,0,0,0,0,0,0,0,0.165,0,0.197,0,0,0,0,0,0,0,0,0,0,0,0,0,0,0,0,0,0,0,0,0.155,0.14,0.14
GO:0002682,0,0,0,0,0,0.204,0.198,0,0,0,0,0.191,0.182,0.229,0.223,0,0.207,0,0,0,0,0,0,0,0,0,0,0,0.179,0.169,0.178,0.173,0.173,0.175,0.196,0.189,0.177,0.199,0.175,0.203,0.2,0,0,0.155,0.156,0,0,0,0.159,0.151,0.141,0.143,0.175,0.16,0.16,0,0,0,0.181,0.168,0.192,0.194,0.154,0.2,0.194,0.159,0.158,0.194,0.159,0.194,0,0.153,0.155,0.163,0.194,0.192,0.159,0.192,0.16,0.16,0,0.178,0.153,0.168,0,0,0,0,0,0,0.134,0.127,0,0,0.154,0.183,0.164,0.164,0.18,0.17,0,0.164,0,0.159,0.162,0.172,0.16,0,0,0,0.159,0.159,0.149,0.154,0.147,0,0,0.153,0,0.132,0.148,0.158,0.152,0.13,0.123,0.144,0.135,0.154,0.149,0.142,0.153,0.138,0.133,0.144,0.133,0.147,0.132,0,0,0,0,0,0,0,0.145,0.158,0.159,0.159,0.162,0,0.164,0,0.153,0.146,0.149,0,0,0,0,0,0,0,0,0.163,0.145,0.146,0.16,0,0,0,0,0,0.181,0.18,0.148,0.164,0,0.163,0,0,0,0,0,0,0,0,0,0,0,0,0,0,0,0,0,0,0,0.148,0.173,0.157,0,0.143,0.145,0,0.112,0,0,0,0,0,0,0,0.15,0.16,0.141,0.127,0.125,0.137,0.127,0.165,0.132,0.13,0.158,0.155,0.133,0.137,0,0.124,0.137,0.122,0.159,0.133,0.12,0.142,0.129,0.15,0,0,0,0,0,0,0,0,0,0,0,0,0,0,0,0,0,0,0,0,0,0,0.999,0.92,0,0,0,0,0,0,0,0,0,0.127,0,0,0,0,0,0,0,0.168,0,0.167,0.157,0.152,0,0,0,0,0,0,0,0.144,0.133,0,0,0.168,0.12,0.125,0.106,0,0.135,0.13,0.127,0,0,0.132,0,0,0,0,0,0.145,0,0,0,0,0.143,0.154,0.151,0.166,0.147,0.169,0.163,0,0,0,0,0,0.112,0.144,0.117,0.156,0.156,0.168,0,0,0,0,0.14,0,0,0,0.147,0.13,0,0,0,0,0,0.15,0.136,0.143,0.166,0.132,0.127,0.12,0.152,0.142,0.166,0.127,0.123,0,0,0,0,0.135,0.144,0.135,0.129,0,0,0,0,0.139,0.131,0.141,0.142,0,0,0,0,0.144,0.138,0,0,0,0,0,0.135,0,0,0,0,0,0,0,0,0,0,0.204,0.154,0.15,0.137,0,0,0,0,0,0,0,0,0,0.133,0,0.145,0,0,0,0,0,0,0.12,0.159,0,0,0,0.134,0,0.142,0.138,0.177,0,0.15,0.135,0.12,0.112,0,0,0.147,0.139,0,0,0.167,0.167,0.15,0.144,0.151,0,0.139,0.112,0.143,0.132,0.117,0.117
GO:0002683,0,0,0,0,0,0.181,0.176,0,0,0,0,0.503,0.482,0.2,0.195,0,0.18,0,0,0,0,0,0,0,0,0,0,0,0.161,0.153,0.159,0.156,0.156,0.158,0.175,0.169,0.159,0.177,0.157,0.18,0.177,0,0,0.139,0.14,0,0,0,0.145,0.137,0.128,0.13,0.157,0.145,0.145,0,0,0,0.478,0.449,0.171,0.173,0.14,0.177,0.173,0.144,0.143,0.173,0.144,0.173,0,0.14,0.141,0.147,0.172,0.171,0.144,0.171,0.145,0.145,0,0.159,0.14,0.152,0,0,0,0,0,0,0.123,0.117,0,0,0.414,0.164,0.439,0.437,0.477,0.454,0,0.439,0,0.426,0.433,0.458,0.428,0,0,0,0.426,0.426,0.402,0.14,0.135,0,0,0.139,0,0.122,0.135,0.143,0.139,0.12,0.114,0.132,0.125,0.14,0.136,0.13,0.139,0.125,0.121,0.131,0.123,0.135,0.122,0,0,0,0,0,0,0,0.131,0.425,0.426,0.426,0.433,0,0.148,0,0.14,0.134,0.136,0,0,0,0,0,0,0,0,0.148,0.393,0.394,0.145,0,0,0,0,0,0.162,0.161,0.399,0.147,0,0.148,0,0,0,0,0,0,0,0,0,0,0,0,0,0,0,0,0,0,0,0.136,0.156,0.143,0,0.131,0.133,0,0.105,0,0,0,0,0,0,0,0.405,0.145,0.381,0.117,0.115,0.126,0.347,0.149,0.121,0.119,0.144,0.417,0.122,0.126,0,0.113,0.126,0.334,0.144,0.122,0.328,0.13,0.351,0.405,0,0,0,0,0,0,0,0,0,0,0,0,0,0,0,0,0,0,0,0,0,0,0.92,1,0,0,0,0,0,0,0,0,0,0.347,0,0,0,0,0,0,0,0.151,0,0.151,0.143,0.411,0,0,0,0,0,0,0,0.132,0.122,0,0,0.151,0.111,0.115,0.099,0,0.124,0.12,0.117,0,0,0.121,0,0,0,0,0,0.132,0,0,0,0,0.387,0.415,0.138,0.15,0.398,0.152,0.148,0,0,0,0,0,0.105,0.132,0.109,0.419,0.419,0.152,0,0,0,0,0.129,0,0,0,0.135,0.12,0,0,0,0,0,0.405,0.125,0.386,0.15,0.122,0.347,0.111,0.139,0.13,0.15,0.117,0.338,0,0,0,0,0.124,0.389,0.124,0.353,0,0,0,0,0.127,0.357,0.128,0.129,0,0,0,0,0.389,0.125,0,0,0,0,0,0.124,0,0,0,0,0,0,0,0,0,0,0.18,0.14,0.137,0.126,0,0,0,0,0,0,0,0,0,0.121,0,0.132,0,0,0,0,0,0,0.111,0.145,0,0,0,0.124,0,0.13,0.125,0.159,0,0.137,0.124,0.111,0.105,0,0,0.134,0.128,0,0,0.151,0.151,0.137,0.132,0.138,0,0.126,0.105,0.131,0.359,0.109,0.321
GO:0006351,0.438,0.048,0.314,0.082,0.053,0.23,0.313,0.473,0.423,0.398,0.368,0,0.042,0,0.061,0,0,0.361,0.054,0.697,0.688,0.64,0.69,0.739,0.681,0.054,0,0.369,0.183,0.037,0.298,0.038,0,0.253,0,0.045,0,0.33,0.264,0.377,0.293,0.406,0.388,0,0,0.037,0,0,0.251,0.23,0,0,0.291,0.253,0.034,0.657,0.732,0.801,0.185,0.237,0.934,0.647,0.032,0.661,0.77,0.034,0.033,0.585,0,0.661,0.363,0.032,0.032,0,0.716,0.933,0.553,0.932,0.22,0.22,0.044,0.04,0.032,0.037,0,0.043,0,0.047,0,0,0.193,0.18,0.586,0.613,0.65,0.86,0.489,0.58,0.305,0.504,0.265,0.499,0.27,0.684,0.432,0.257,0.522,0.279,0.04,0.038,0.682,0.683,0.503,0.238,0.223,0.035,0.037,0.205,0.036,0.19,0.195,0.214,0.202,0.186,0.173,0.029,0.027,0.206,0.227,0.21,0.205,0,0,0.214,0.192,0.03,0.026,0.037,0.745,0.836,0.705,0.756,0.828,0.749,0,0.033,0.034,0,0,0.034,0.035,0.042,0.032,0.03,0.03,0,0,0,0,0,0.046,0,0,0,0.029,0.029,0.034,0,0,0,0,0.046,0,0,0.03,0,0,0,0.406,0.407,0.554,0.499,0.429,0.455,0.039,0.029,0.029,0.029,0,0.041,0.028,0,0.043,0.03,0,0,0,0.03,0,0.033,0,0.029,0.029,0.024,0.02,0.425,0.528,0.524,0.534,0.44,0.036,0.03,0.031,0.034,0.028,0.18,0.175,0.027,0.024,0.036,0,0,0.033,0.032,0,0.027,0,0,0.027,0.023,0.034,0.026,0.022,0.028,0.025,0.031,0.267,0.552,0.659,0.514,0.394,0.458,0.254,0.516,0.266,0.214,0.487,0.651,0.266,0.469,0.659,0.206,0.637,0,0,0.027,0,0,0,0,0.949,0.57,0.871,0.559,0.412,0.572,0.178,0,0,0.024,0,0,0,0,0,0,0,0.506,0.173,0.602,0.443,0.032,0.599,0.252,0.185,0.898,0.9,0,0.032,0.029,0.026,0.491,0.443,0.517,0.343,0,0,0.948,0.535,0.511,0.493,0.152,0,0.518,0.332,0.906,0,0,0.027,0.029,0,0.421,0.038,0.036,0.029,0.032,0.031,0.732,0.03,0.463,0.714,0,0,0,0,0,0.02,0.448,0.332,0,0,0.566,0,0,0,0.031,0.028,0.038,0.02,0.032,0.03,0.025,0.948,0,0.892,0,0.032,0.031,0.027,0.029,0.731,0.026,0.024,0.022,0.484,0.439,0.732,0.024,0.023,0.028,0.027,0.038,0.044,0.026,0.186,0.17,0.16,0.042,0.028,0.04,0.033,0.177,0.163,0,0,0.033,0.031,0.034,0.027,0.186,0,0.033,0.037,0.033,0.04,0.028,0.026,0.038,0.03,0.045,0,0.31,0.321,0.321,0.041,0.029,0.052,0.051,0.032,0.031,0.027,0,0,0,0,0,0,0,0,0.031,0.03,0.034,0.029,0.289,0.036,0.244,0.29,0.244,0.04,0.022,0,0,0.037,0.036,0.026,0.039,0.028,0.032,0.04,0,0.031,0.026,0.022,0,0.04,0.036,0.03,0.028,0,0,0,0,0,0,0.031,0,0,0,0,0.025,0.022,0.022
GO:0006354,0.227,0.029,0.157,0.038,0.03,0.133,0.185,0.248,0.218,0.204,0.216,0,0.026,0,0.032,0,0,0.183,0.03,0.389,0.382,0.351,0.384,0.417,0.378,0.03,0,0.216,0.116,0.024,0.19,0.025,0,0.162,0,0.027,0,0.194,0.17,0.219,0.172,0.228,0.213,0,0,0.024,0,0,0.169,0.16,0,0,0.187,0.17,0.023,0.408,0.412,0.46,0.117,0.155,0.564,0.388,0.022,0.388,0.462,0.023,0.023,0.351,0,0.396,0.214,0.022,0.022,0,0.43,0.564,0.374,0.563,0.148,0.148,0.027,0.026,0.022,0.024,0,0.027,0,0.028,0,0,0.141,0.134,0.38,0.391,0.447,0.537,0.325,0.386,0.192,0.328,0.176,0.332,0.178,0.462,0.289,0.166,0.352,0.182,0.025,0.025,0.461,0.462,0.351,0.163,0.156,0.023,0.024,0.141,0.024,0.139,0.136,0.145,0.14,0.137,0.13,0.021,0.019,0.142,0.158,0.15,0.141,0,0,0.152,0.14,0.021,0.019,0.024,0.421,0.485,0.438,0.429,0.479,0.424,0,0.023,0.023,0,0,0.023,0.023,0.026,0.022,0.021,0.021,0,0,0,0,0,0.028,0,0,0,0.021,0.021,0.023,0,0,0,0,0.028,0,0,0.021,0,0,0,0.285,0.285,0.351,0.328,0.296,0.308,0.025,0.02,0.02,0.021,0,0.026,0.02,0,0.027,0.021,0,0,0,0.021,0,0.022,0,0.02,0.021,0.018,0.016,0.305,0.355,0.353,0.357,0.312,0.024,0.021,0.021,0.023,0.02,0.134,0.131,0.019,0.018,0.024,0,0,0.023,0.022,0,0.019,0,0,0.019,0.017,0.023,0.019,0.017,0.02,0.018,0.021,0.168,0.365,0.42,0.356,0.294,0.288,0.165,0.349,0.167,0.147,0.336,0.414,0.167,0.292,0.417,0.124,0.386,0,0,0.019,0,0,0,0,0.57,0.999,0.541,0.985,0.298,0.374,0.132,0,0,0.018,0,0,0,0,0,0,0,0.332,0.13,0.396,0.301,0.022,0.385,0.17,0.136,0.531,0.532,0,0.022,0.02,0.019,0.338,0.314,0.34,0.26,0,0,0.569,0.955,0.922,0.898,0.118,0,0.932,0.254,0.537,0,0,0.02,0.021,0,0.303,0.025,0.024,0.02,0.022,0.022,0.484,0.021,0.303,0.476,0,0,0,0,0,0.016,0.317,0.254,0,0,0.371,0,0,0,0.021,0.02,0.024,0.016,0.022,0.021,0.018,0.57,0,0.526,0,0.022,0.021,0.019,0.02,0.483,0.019,0.018,0.017,0.334,0.312,0.484,0.018,0.017,0.02,0.019,0.025,0.027,0.019,0.132,0.124,0.118,0.026,0.02,0.026,0.023,0.127,0.12,0,0,0.022,0.021,0.023,0.019,0.132,0,0.022,0.024,0.022,0.025,0.02,0.019,0.024,0.021,0.028,0,0.194,0.188,0.188,0.026,0.02,0.03,0.029,0.022,0.021,0.02,0,0,0,0,0,0,0,0,0.021,0.021,0.023,0.021,0.176,0.024,0.166,0.186,0.166,0.026,0.017,0,0,0.024,0.024,0.019,0.025,0.02,0.022,0.025,0,0.021,0.019,0.017,0,0.026,0.024,0.021,0.02,0,0,0,0,0,0,0.022,0,0,0,0,0.019,0.016,0.016
GO:0006366,0.39,0.044,0.277,0.071,0.048,0.209,0.286,0.421,0.375,0.352,0.336,0,0.039,0,0.054,0,0,0.319,0.049,0.63,0.621,0.576,0.623,0.67,0.614,0.049,0,0.336,0.17,0.035,0.277,0.036,0,0.236,0,0.041,0,0.301,0.246,0.343,0.268,0.367,0.349,0,0,0.035,0,0,0.235,0.217,0,0,0.271,0.237,0.032,0.607,0.662,0.728,0.172,0.221,0.858,0.593,0.03,0.604,0.706,0.032,0.031,0.537,0,0.606,0.331,0.03,0.03,0,0.657,0.857,0.519,0.856,0.206,0.206,0.041,0.037,0.03,0.034,0,0.039,0,0.043,0,0,0.184,0.172,0.546,0.569,0.739,0.959,0.458,0.543,0.282,0.47,0.248,0.467,0.253,0.642,0.405,0.239,0.49,0.26,0.037,0.035,0.641,0.642,0.475,0.224,0.21,0.033,0.035,0.193,0.034,0.181,0.184,0.201,0.191,0.178,0.165,0.027,0.025,0.194,0.215,0.199,0.193,0,0,0.203,0.183,0.028,0.024,0.035,0.675,0.762,0.651,0.686,0.754,0.679,0,0.031,0.032,0,0,0.032,0.033,0.039,0.03,0.028,0.029,0,0,0,0,0,0.042,0,0,0,0.028,0.028,0.032,0,0,0,0,0.042,0,0,0.028,0,0,0,0.384,0.385,0.514,0.466,0.404,0.428,0.036,0.027,0.027,0.028,0,0.038,0.026,0,0.04,0.029,0,0,0,0.029,0,0.031,0,0.027,0.028,0.023,0.02,0.404,0.496,0.492,0.501,0.417,0.034,0.028,0.029,0.032,0.027,0.172,0.168,0.026,0.023,0.033,0,0,0.031,0.03,0,0.026,0,0,0.026,0.022,0.032,0.025,0.021,0.027,0.024,0.029,0.248,0.516,0.612,0.485,0.377,0.425,0.237,0.485,0.246,0.201,0.459,0.604,0.246,0.434,0.611,0.189,0.586,0,0,0.026,0,0,0,0,0.871,0.541,0.97,0.64,0.392,0.534,0.17,0,0,0.023,0,0,0,0,0,0,0,0.472,0.165,0.562,0.417,0.03,0.557,0.236,0.176,0.821,0.823,0,0.03,0.027,0.025,0.463,0.419,0.483,0.329,0,0,0.87,0.51,0.487,0.567,0.146,0,0.595,0.319,0.829,0,0,0.026,0.028,0,0.4,0.036,0.034,0.027,0.03,0.029,0.685,0.028,0.433,0.807,0,0,0,0,0,0.02,0.424,0.319,0,0,0.528,0,0,0,0.029,0.026,0.035,0.02,0.03,0.028,0.024,0.87,0,0.816,0,0.03,0.029,0.025,0.027,0.683,0.024,0.023,0.021,0.457,0.416,0.684,0.023,0.022,0.026,0.025,0.036,0.041,0.025,0.176,0.162,0.153,0.039,0.027,0.038,0.031,0.168,0.155,0,0,0.031,0.029,0.032,0.025,0.176,0,0.031,0.035,0.031,0.037,0.026,0.025,0.035,0.028,0.042,0,0.287,0.293,0.293,0.038,0.027,0.047,0.046,0.03,0.029,0.026,0,0,0,0,0,0,0,0,0.029,0.029,0.032,0.028,0.266,0.034,0.229,0.27,0.229,0.038,0.021,0,0,0.034,0.034,0.025,0.037,0.027,0.03,0.037,0,0.029,0.025,0.021,0,0.037,0.034,0.028,0.026,0,0,0,0,0,0,0.029,0,0,0,0,0.024,0.021,0.021
GO:0006368,0.222,0.028,0.153,0.037,0.03,0.13,0.181,0.242,0.213,0.199,0.211,0,0.026,0,0.032,0,0,0.179,0.03,0.38,0.374,0.343,0.375,0.408,0.369,0.03,0,0.211,0.114,0.024,0.186,0.024,0,0.159,0,0.027,0,0.19,0.166,0.214,0.169,0.223,0.208,0,0,0.024,0,0,0.166,0.157,0,0,0.183,0.167,0.022,0.401,0.403,0.45,0.114,0.153,0.553,0.38,0.022,0.38,0.453,0.022,0.022,0.344,0,0.388,0.209,0.022,0.022,0,0.422,0.553,0.368,0.552,0.145,0.145,0.027,0.025,0.022,0.024,0,0.026,0,0.027,0,0,0.139,0.132,0.373,0.384,0.53,0.635,0.319,0.379,0.189,0.323,0.173,0.326,0.175,0.455,0.285,0.163,0.346,0.179,0.025,0.024,0.454,0.454,0.345,0.161,0.154,0.023,0.024,0.139,0.024,0.137,0.134,0.143,0.138,0.135,0.128,0.02,0.019,0.139,0.156,0.147,0.139,0,0,0.15,0.139,0.021,0.018,0.024,0.412,0.475,0.429,0.419,0.469,0.415,0,0.022,0.022,0,0,0.023,0.023,0.026,0.022,0.021,0.021,0,0,0,0,0,0.027,0,0,0,0.02,0.02,0.023,0,0,0,0,0.027,0,0,0.021,0,0,0,0.281,0.281,0.344,0.322,0.292,0.303,0.024,0.02,0.02,0.02,0,0.025,0.02,0,0.026,0.021,0,0,0,0.021,0,0.022,0,0.02,0.02,0.017,0.016,0.301,0.349,0.347,0.351,0.308,0.023,0.021,0.021,0.022,0.02,0.132,0.129,0.019,0.018,0.023,0,0,0.022,0.022,0,0.019,0,0,0.019,0.017,0.022,0.019,0.017,0.02,0.018,0.021,0.165,0.359,0.412,0.35,0.29,0.283,0.162,0.344,0.164,0.145,0.33,0.407,0.164,0.287,0.41,0.122,0.378,0,0,0.019,0,0,0,0,0.559,0.985,0.64,0.999,0.294,0.367,0.131,0,0,0.018,0,0,0,0,0,0,0,0.327,0.128,0.389,0.296,0.021,0.378,0.167,0.135,0.52,0.521,0,0.022,0.02,0.019,0.332,0.309,0.334,0.257,0,0,0.558,0.942,0.91,0.913,0.116,0,0.946,0.251,0.526,0,0,0.019,0.02,0,0.299,0.024,0.024,0.02,0.022,0.021,0.476,0.021,0.298,0.564,0,0,0,0,0,0.016,0.312,0.251,0,0,0.365,0,0,0,0.021,0.02,0.024,0.016,0.022,0.021,0.018,0.558,0,0.516,0,0.022,0.021,0.019,0.02,0.475,0.018,0.018,0.017,0.329,0.307,0.475,0.018,0.017,0.019,0.019,0.024,0.027,0.019,0.13,0.122,0.117,0.026,0.02,0.025,0.022,0.125,0.118,0,0,0.022,0.021,0.022,0.019,0.13,0,0.022,0.024,0.022,0.025,0.02,0.019,0.024,0.02,0.027,0,0.191,0.184,0.184,0.025,0.02,0.029,0.029,0.022,0.021,0.019,0,0,0,0,0,0,0,0,0.021,0.021,0.022,0.02,0.173,0.023,0.163,0.183,0.163,0.025,0.017,0,0,0.024,0.023,0.019,0.025,0.02,0.022,0.025,0,0.021,0.019,0.017,0,0.025,0.023,0.021,0.02,0,0,0,0,0,0,0.021,0,0,0,0,0.018,0.016,0.016
GO:0006378,0.215,0.027,0.148,0.036,0.029,0.127,0.176,0.235,0.207,0.193,0.206,0,0.025,0,0.031,0,0,0.173,0.029,0.37,0.364,0.333,0.365,0.397,0.359,0.029,0,0.206,0.111,0.023,0.182,0.024,0,0.156,0,0.026,0,0.185,0.163,0.209,0.165,0.217,0.202,0,0,0.023,0,0,0.163,0.154,0,0,0.179,0.164,0.022,0.627,0.392,0.438,0.112,0.149,0.408,0.12,0.021,0.371,0.199,0.022,0.022,0.336,0,0.173,0.204,0.021,0.021,0,0.411,0.408,0.162,0.408,0.142,0.142,0.026,0.024,0.021,0.023,0,0.025,0,0.027,0,0,0.137,0.13,0.585,0.375,0.326,0.389,0.102,0.167,0.184,0.316,0.169,0.146,0.171,0.337,0.279,0.16,0.339,0.175,0.024,0.024,0.337,0.337,0.153,0.158,0.151,0.023,0.023,0.136,0.023,0.135,0.131,0.14,0.135,0.133,0.126,0.02,0.019,0.137,0.153,0.145,0.136,0,0,0.147,0.136,0.02,0.018,0.023,0.13,0.208,0.189,0.186,0.312,0.154,0,0.022,0.022,0,0,0.022,0.023,0.025,0.021,0.02,0.02,0,0,0,0,0,0.027,0,0,0,0.02,0.02,0.022,0,0,0,0,0.027,0,0,0.02,0,0,0,0.275,0.276,0.336,0.315,0.286,0.297,0.024,0.02,0.02,0.02,0,0.025,0.019,0,0.025,0.021,0,0,0,0.02,0,0.022,0,0.02,0.02,0.017,0.015,0.474,0.548,0.34,0.344,0.485,0.023,0.02,0.021,0.022,0.019,0.13,0.127,0.019,0.017,0.023,0,0,0.022,0.021,0,0.019,0,0,0.019,0.017,0.022,0.018,0.016,0.02,0.018,0.021,0.161,0.352,0.328,0.321,0.267,0.276,0.159,0.54,0.16,0.142,0.324,0.271,0.16,0.28,0.273,0.119,0.178,0,0,0.019,0,0,0,0,0.412,0.298,0.392,0.294,0.999,0.748,0.129,0,0,0.017,0,0,0,0,0,0,0,0.104,0.126,0.171,0.291,0.021,0.709,0.163,0.132,0.338,0.336,0,0.021,0.02,0.018,0.869,0.948,0.149,0.791,0,0,0.412,0.285,0.276,0.269,0.115,0,0.279,0.772,0.341,0,0,0.019,0.02,0,0.984,0.024,0.023,0.02,0.021,0.021,0.352,0.02,0.292,0.347,0,0,0,0,0,0.015,0.637,0.515,0,0,0.357,0,0,0,0.021,0.019,0.024,0.015,0.021,0.02,0.018,0.412,0,0.332,0,0.021,0.021,0.019,0.02,0.352,0.018,0.017,0.016,0.619,0.578,0.352,0.017,0.017,0.019,0.019,0.024,0.026,0.019,0.128,0.12,0.115,0.025,0.019,0.025,0.022,0.123,0.116,0,0,0.022,0.021,0.022,0.019,0.128,0,0.021,0.023,0.022,0.024,0.019,0.019,0.023,0.02,0.026,0,0.186,0.179,0.179,0.025,0.02,0.029,0.028,0.021,0.021,0.019,0,0,0,0,0,0,0,0,0.021,0.02,0.022,0.02,0.169,0.023,0.16,0.179,0.16,0.025,0.016,0,0,0.023,0.023,0.018,0.024,0.02,0.021,0.024,0,0.021,0.019,0.016,0,0.025,0.023,0.02,0.019,0,0,0,0,0,0,0.021,0,0,0,0,0.018,0.016,0.016
GO:0006397,0.323,0.038,0.227,0.057,0.041,0.18,0.247,0.351,0.311,0.291,0.289,0,0.034,0,0.045,0,0,0.263,0.042,0.534,0.527,0.486,0.529,0.57,0.521,0.041,0,0.29,0.15,0.031,0.244,0.032,0,0.209,0,0.036,0,0.26,0.218,0.295,0.231,0.312,0.295,0,0,0.031,0,0,0.212,0.197,0,0,0.24,0.213,0.029,0.854,0.564,0.623,0.151,0.197,0.565,0.167,0.027,0.521,0.276,0.028,0.028,0.466,0,0.24,0.286,0.027,0.027,0,0.571,0.565,0.21,0.565,0.185,0.185,0.036,0.033,0.027,0.031,0,0.035,0,0.037,0,0,0.169,0.159,0.778,0.503,0.419,0.528,0.133,0.219,0.249,0.418,0.222,0.191,0.226,0.437,0.363,0.212,0.441,0.232,0.033,0.031,0.437,0.437,0.194,0.202,0.191,0.03,0.031,0.174,0.03,0.167,0.167,0.181,0.173,0.164,0.153,0.025,0.023,0.175,0.195,0.182,0.174,0,0,0.185,0.168,0.026,0.022,0.031,0.187,0.295,0.257,0.267,0.442,0.22,0,0.028,0.028,0,0,0.029,0.03,0.034,0.027,0.026,0.026,0,0,0,0,0,0.037,0,0,0,0.025,0.025,0.029,0,0,0,0,0.037,0,0,0.026,0,0,0,0.349,0.35,0.453,0.416,0.366,0.385,0.032,0.025,0.025,0.025,0,0.034,0.024,0,0.035,0.026,0,0,0,0.026,0,0.028,0,0.025,0.025,0.021,0.018,0.592,0.713,0.442,0.449,0.61,0.03,0.026,0.026,0.029,0.024,0.159,0.155,0.023,0.021,0.03,0,0,0.028,0.028,0,0.023,0,0,0.023,0.02,0.028,0.023,0.02,0.025,0.022,0.026,0.218,0.462,0.441,0.41,0.326,0.374,0.21,0.7,0.217,0.182,0.415,0.364,0.217,0.381,0.368,0.165,0.247,0,0,0.023,0,0,0,0,0.572,0.374,0.534,0.367,0.748,0.989,0.157,0,0,0.021,0,0,0,0,0,0,0,0.137,0.153,0.226,0.375,0.027,0.946,0.212,0.163,0.473,0.47,0,0.027,0.025,0.023,0.671,0.796,0.196,0.636,0,0,0.572,0.354,0.34,0.329,0.137,0,0.344,0.618,0.477,0,0,0.024,0.025,0,0.366,0.032,0.03,0.025,0.027,0.027,0.463,0.026,0.385,0.453,0,0,0,0,0,0.018,0.804,0.618,0,0,0.471,0,0,0,0.026,0.024,0.031,0.018,0.027,0.026,0.022,0.572,0,0.466,0,0.027,0.026,0.023,0.025,0.463,0.022,0.021,0.02,0.792,0.727,0.463,0.021,0.021,0.024,0.023,0.032,0.036,0.023,0.161,0.149,0.141,0.034,0.024,0.033,0.028,0.154,0.143,0,0,0.028,0.026,0.029,0.023,0.161,0,0.028,0.031,0.028,0.033,0.024,0.023,0.031,0.025,0.036,0,0.252,0.253,0.252,0.033,0.025,0.041,0.04,0.027,0.026,0.024,0,0,0,0,0,0,0,0,0.026,0.026,0.029,0.025,0.232,0.03,0.207,0.239,0.207,0.033,0.02,0,0,0.03,0.03,0.023,0.032,0.025,0.027,0.033,0,0.026,0.023,0.02,0,0.033,0.03,0.026,0.024,0,0,0,0,0,0,0.027,0,0,0,0,0.022,0.019,0.019
GO:0006513,0.189,0,0.129,0,0,0.113,0.11,0.206,0.126,0.169,0.183,0,0,0,0,0,0,0.151,0,0.176,0.117,0.179,0.117,0.191,0.139,0,0,0.431,0.1,0,0.164,0,0,0.098,0,0,0,0.165,0.147,0.185,0.147,0.344,0.297,0,0,0,0,0,0.364,0.346,0,0,0.29,0.268,0,0.17,0.192,0.188,0.101,0.094,0.176,0.108,0,0.182,0.178,0,0,0.161,0,0.107,0.446,0,0,0,0.177,0.176,0.148,0.176,0.09,0.09,0,0,0,0,0,0,0,0,0,0,0.533,0.508,0.159,0.163,0.144,0.169,0.092,0.152,0.166,0.158,0.709,0.092,0.693,0.148,0.137,0.145,0.149,0.667,0,0,0.148,0.148,0.14,0.353,0.339,0,0,0.087,0,0.306,0.084,0.089,0.086,0.302,0.287,0,0,0.087,0.343,0.327,0.087,0,0,0.331,0.309,0,0,0,0.115,0.185,0.17,0.115,0.169,0.136,0,0,0,0,0,0,0,0,0,0,0,0,0,0,0,0,0,0,0,0,0,0,0,0,0,0,0,0,0,0,0,0,0,0,0.138,0.138,0.165,0.156,0.142,0.147,0,0,0,0,0,0,0,0,0,0,0,0,0,0,0,0,0,0,0,0,0,0.308,0.15,0.351,0.151,0.134,0,0,0,0,0,0.556,0.547,0,0,0,0,0,0,0,0,0,0,0,0,0,0,0,0,0,0,0,0.119,0.154,0.293,0.254,0.214,0.252,0.239,0.148,0.119,0.216,0.216,0.248,0.119,0.153,0.15,0.106,0.266,0,0,0,0,0,0,0,0.178,0.132,0.17,0.131,0.129,0.157,1,0,0,0,0,0,0,0,0,0,0,0.094,0.981,0.155,0.146,0,0.161,0.365,0.567,0.109,0.109,0,0,0,0,0.144,0.135,0.094,0.114,0,0,0.178,0.127,0.123,0.12,0.496,0,0.124,0.111,0.164,0,0,0,0,0,0.13,0,0,0,0,0,0.154,0,0.142,0.152,0,0,0,0,0,0,0.136,0.111,0,0,0.156,0,0,0,0,0,0,0,0,0,0,0.178,0,0.13,0,0,0,0,0,0.154,0,0,0,0.142,0.134,0.154,0,0,0,0,0,0,0,0.082,0.077,0.074,0,0,0,0,0.079,0.075,0,0,0,0,0,0,0.082,0,0,0,0,0,0,0,0,0,0,0,0.411,0.111,0.111,0,0,0,0,0,0,0,0,0,0,0,0,0,0,0,0,0,0,0,0.105,0,0.358,0.396,0.358,0,0,0,0,0,0,0,0,0,0,0,0,0,0,0,0,0,0,0,0,0,0,0,0,0,0,0,0,0,0,0,0,0,0
GO:0007369,0,0,0,0,0,0,0,0,0,0,0,0,0,0,0,0,0,0,0,0,0,0,0,0,0,0,0,0,0,0,0,0,0,0,0,0,0,0,0,0,0,0,0,0,0,0,0,0,0,0,0,0,0,0,0,0,0,0,0,0,0,0,0,0,0,0,0,0,0,0,0,0,0,0,0,0,0,0,0,0,0,0,0,0,0,0,0,0,0,0,0,0,0,0,0,0,0,0,0,0,0,0,0,0,0,0,0,0,0,0,0,0,0,0,0,0,0,0,0,0,0,0,0,0,0,0,0,0,0,0,0,0,0,0,0,0,0,0,0,0,0,0,0,0,0,0,0,0,0,0,0,0,0,0,0,0.28,0.559,0.319,0.728,0.61,0.408,0.417,0.461,0,0,0,0.327,0.409,0.406,0.505,0.506,0.408,0.377,0.331,0,0,0.513,0.429,0,0,0,0,0,0,0,0,0,0,0,0,0,0,0,0,0,0,0,0,0,0,0,0,0,0,0,0,0,0,0,0,0,0,0,0,0,0,0,0,0,0,0,0,0,0,0,0,0,0,0,0,0,0,0,0,0,0,0,0,0,0,0,0,0,0,0,0,0,0,0,0,0,0,0,0.967,0.872,0.864,0.547,0,0,0,0,0,0,0,0,0,0,0.996,0.317,0,0,0,0,0.803,0.472,0.506,0.375,0,0,0,0,0,0,0,0,0,0,0.252,0,0,0,0,0,0,0,0,0,0,0,0,0,0,0,0,0,0,0.544,0.399,0.872,0,0,0,0,0.344,0.286,0,0,0,0,0,0,0.424,0.369,0.928,0.606,0.586,0,0,0,0.317,0.28,0,0,0.34,0.473,0.961,0,0,0,0,0,0,0,0.252,0,0,0,0,0,0,0,0,0,0,0,0,0,0,0,0,0,0,0,0,0,0,0,0,0,0,0,0,0,0,0,0,0,0,0,0,0,0,0,0,0,0,0,0,0,0,0.331,0,0,0,0,0,0,0,0,0,0,0.49,0.354,0.306,0.332,0.264,0.252,0.244,0.267,0,0,0,0.327,0,0,0,0,0,0.477,0,0.605,0,0,0,0,0.467,0,0,0,0,0.303,0.343,0.3,0.406,0.475,0,0.378,0.357,0.324,0.267,0.344,0.304,0.388,0.371,0.343,0.272,0,0.28,0.531,0,0,0
GO:0007492,0,0,0,0,0,0,0,0,0,0,0,0,0,0,0,0,0,0,0,0,0,0,0,0,0,0,0,0,0,0,0,0,0,0,0,0,0,0,0,0,0,0,0,0,0,0,0,0,0,0,0,0,0,0,0,0,0,0,0,0,0,0,0,0,0,0,0,0,0,0,0,0,0,0,0,0,0,0,0,0,0,0,0,0,0,0,0,0,0,0,0,0,0,0,0,0,0,0,0,0,0,0,0,0,0,0,0,0,0,0,0,0,0,0,0,0,0,0,0,0,0,0,0,0,0,0,0,0,0,0,0,0,0,0,0,0,0,0,0,0,0,0,0,0,0,0,0,0,0,0,0,0,0,0,0,0.228,0.424,0.29,0.386,0.33,0.356,0,0.396,0,0,0,0.293,0.362,0.228,0.388,0.436,0.357,0.333,0,0,0,0.283,0.336,0,0,0,0,0,0,0,0,0,0,0,0,0,0,0,0,0,0,0,0,0,0,0,0,0,0,0,0,0,0,0,0,0,0,0,0,0,0,0,0,0,0,0,0,0,0,0,0,0,0,0,0,0,0,0,0,0,0,0,0,0,0,0,0,0,0,0,0,0,0,0,0,0,0,0,0.309,0.974,0.966,0.744,0,0,0,0,0,0,0,0,0,0,0.317,0.999,0,0,0,0,0.368,0.366,0.279,0.833,0,0,0,0,0,0,0,0,0,0,0.232,0,0,0,0,0,0,0,0,0,0,0,0,0,0,0,0,0,0,0.298,0.315,0.974,0,0,0,0,0.307,0.26,0,0,0,0,0,0,0.237,0.33,0.336,0.328,0.791,0,0,0,0.285,0,0,0,0.763,0.651,0.307,0,0,0,0,0,0,0,0.232,0,0,0,0,0,0,0,0,0,0,0,0,0,0,0,0,0,0,0,0,0,0,0,0,0,0,0,0,0,0,0,0,0,0,0,0,0,0,0,0,0,0,0,0,0,0,0,0,0,0,0,0,0,0,0,0,0,0.378,0.283,0.247,0,0,0,0,0,0,0,0,0.296,0,0,0,0,0,0.369,0,0.328,0,0,0,0,0.363,0,0,0,0,0.274,0.275,0.243,0.228,0.368,0,0.3,0.285,0,0,0.307,0,0.307,0.295,0.31,0.251,0,0.228,0.292,0,0,0
GO:0008285,0,0.025,0,0.031,0.026,0.185,0.228,0,0.028,0,0.025,0.515,0.585,0.206,0.254,0,0.185,0,0.026,0.026,0.026,0.027,0.026,0.026,0,0.026,0,0,0.165,0.197,0.163,0.201,0.159,0.204,0.179,0.219,0.163,0.181,0.161,0.185,0.181,0,0,0.142,0.144,0.021,0,0,0.148,0.14,0.131,0.132,0.161,0.148,0.187,0.023,0,0.026,0.49,0.544,0.222,0.177,0.181,0.182,0.177,0.186,0.185,0.224,0.147,0.224,0,0.18,0.182,0.15,0.223,0.222,0.186,0.222,0.188,0.188,0.023,0.206,0.18,0.196,0,0.023,0,0.024,0,0,0.125,0.119,0.022,0.022,0.5,0.212,0.449,0.447,0.488,0.464,0,0.532,0,0.516,0.524,0.468,0.519,0,0.022,0.022,0.516,0.516,0.486,0.181,0.173,0.021,0.021,0.18,0.021,0.157,0.174,0.185,0.179,0.155,0.147,0.17,0.16,0.181,0.176,0.167,0.18,0.128,0.124,0.169,0.158,0.173,0.157,0.021,0,0,0.023,0.026,0.025,0,0.134,0.514,0.516,0.435,0.443,0.02,0.191,0.023,0.18,0.172,0.175,0,0,0,0,0,0.024,0,0,0.151,0.475,0.476,0.187,0,0,0,0,0.024,0.166,0.165,0.482,0.15,0,0.151,0.019,0.019,0.022,0.021,0.019,0.02,0.022,0.018,0.018,0.019,0,0.023,0.018,0,0.023,0.019,0,0,0,0.175,0.159,0.184,0,0.168,0.171,0.016,0.134,0.018,0.02,0.02,0.021,0.018,0.021,0.019,0.489,0.187,0.461,0.119,0.117,0.162,0.418,0.192,0.123,0.121,0.185,0.505,0.124,0.162,0,0.116,0.162,0.402,0.186,0.157,0.396,0.167,0.424,0.489,0.023,0.021,0.022,0.019,0.016,0.023,0.022,0.02,0.023,0.019,0.019,0.022,0.023,0.023,0.022,0,0,0,0,0.018,0,0,0.127,0.347,0.024,0.018,0.023,0.018,0.017,0.021,0,0,0,1,0,0,0,0,0,0,0,0.155,0,0.155,0.145,0.497,0.022,0,0,0.025,0.025,0,0.019,0.17,0.157,0.02,0.018,0.196,0.143,0.117,0.1,0.024,0.16,0.155,0.151,0,0,0.156,0.015,0.025,0,0,0.018,0.869,0,0.018,0.022,0.021,0.467,0.502,0.178,0.194,0.481,0.197,0.191,0,0,0,0,0,0.686,0.17,0.14,0.428,0.428,0.196,0,0,0,0.019,0.166,0.022,0.015,0.02,0.173,0.155,0.024,0,0,0,0.02,0.49,0.161,0.466,0.194,0.157,0.418,0.143,0.179,0.168,0.194,0.151,0.407,0.018,0.017,0.022,0.024,0.16,0.47,0.16,0.426,0.023,0.018,0.022,0.02,0.164,0.431,0.13,0.132,0.02,0.019,0.02,0.017,0.47,0.128,0.02,0.021,0.02,0.022,0.018,0.16,0.021,0.019,0.024,0,0.023,0.025,0.025,0.022,0.018,0.026,0.234,0.181,0.177,0.163,0,0,0,0,0,0,0,0,0.834,0.123,0.02,0.171,0.024,0.021,0.02,0,0,0.022,0.143,0.148,0,0.021,0.021,0.159,0.022,0.168,0.128,0.205,0,0.177,0.16,0.143,0.106,0.022,0.021,0.173,0.165,0,0,0.154,0.155,0.139,0.134,0.178,0,0.129,0.106,0.133,0.433,0.14,0.387
GO:0009605,0,0,0,0,0,0,0,0,0,0,0,0,0,0,0,0.563,0,0,0,0,0,0,0,0,0,0.516,0,0,0,0.365,0,0,0,0,0,0,0.392,0,0,0,0,0,0,0,0,0,0.385,0.453,0,0,0,0,0,0,0.334,0,0,0,0,0,0,0,0.317,0,0,0,0,0,0,0,0,0,0,0.344,0,0,0,0,0,0,0,0,0,0,0.463,0.417,0,0,0,0,0,0,0,0,0,0,0,0,0,0,0,0,0,0,0,0,0,0,0.39,0.372,0,0,0,0,0,0,0,0,0,0,0,0,0,0,0.233,0.288,0.265,0,0,0,0,0,0,0,0,0.298,0.256,0,0,0,0,0,0,0,0,0.33,0,0,0.341,0,0,0,0,0,0,0,0,0,0,0,0,0,0,0,0,0,0,0,0,0,0,0,0,0,0,0,0,0,0.295,0.296,0,0.36,0.311,0,0.38,0,0,0,0,0,0,0,0,0,0,0,0,0,0,0,0.236,0,0,0.236,0.206,0,0,0,0,0,0,0,0,0,0,0,0,0.269,0.242,0,0,0,0,0,0,0,0.305,0,0,0,0,0,0,0,0,0.306,0,0,0,0,0,0,0,0,0,0,0,0,0,0,0,0,0,0,0,0,0,0.465,0,0,0,0,0,0,0,0,0,0,0,0,0.965,0.385,0.773,0,0,0,0,0,0,0,0,0,0,0,0,0,0,0,0,0.288,0.257,0,0,0,0,0,0,0,0,0,0,0,0.233,0,0,0,0,0,0,0,0.869,0,0,0,0,0,0,0,0,0,0,0,0,0,0,0,0,0,0,0,0,0,0.869,0,0,0,0.278,0,0.206,0,0,0.251,0,0,0,0.332,0.319,0,0,0,0,0,0,0,0,0,0,0,0,0,0,0,0,0,0,0,0,0,0,0,0,0,0,0,0,0,0,0,0,0,0,0,0,0,0,0,0,0,0,0,0,0,0,0,0,0,0,0.492,0.318,0.306,0.27,0,0,0,0,0,0,0,0,0,0,0,0,0,0,0,0,0,0,0,0,0,0,0,0,0,0.283,0,0.391,0,0,0,0,0,0,0,0,0,0,0,0,0,0,0,0,0,0,0,0,0.254,0.217,0.217
GO:0009607,0,0,0,0,0,0,0,0,0,0,0,0,0,0,0,0.491,0,0,0,0,0,0,0,0,0,0.455,0,0,0,0.333,0,0,0,0,0,0,0.356,0,0,0,0,0,0,0,0,0,0.35,0.406,0,0,0,0,0,0,0.308,0,0,0,0,0,0,0,0.293,0,0,0,0,0,0,0,0,0,0,0.316,0,0,0,0,0,0,0,0,0,0,0.413,0.376,0,0,0,0,0,0,0,0,0,0,0,0,0,0,0,0,0,0,0,0,0,0,0.354,0.339,0,0,0,0,0,0,0,0,0,0,0,0,0,0,0.219,0.268,0.248,0,0,0,0,0,0,0,0,0.276,0.24,0,0,0,0,0,0,0,0,0.304,0,0,0.313,0,0,0,0,0,0,0,0,0,0,0,0,0,0,0,0,0,0,0,0,0,0,0,0,0,0,0,0,0,0.274,0.275,0,0.329,0.288,0,0.346,0,0,0,0,0,0,0,0,0,0,0,0,0,0,0,0.223,0,0,0.223,0.195,0,0,0,0,0,0,0,0,0,0,0,0,0.251,0.228,0,0,0,0,0,0,0,0.283,0,0,0,0,0,0,0,0,0.283,0,0,0,0,0,0,0,0,0,0,0,0,0,0,0,0,0,0,0,0,0,0.549,0,0,0,0,0,0,0,0,0,0,0,0,0.385,0.983,0.884,0,0,0,0,0,0,0,0,0,0,0,0,0,0,0,0,0.268,0.241,0,0,0,0,0,0,0,0,0,0,0,0.219,0,0,0,0,0,0,0,0.983,0,0,0,0,0,0,0,0,0,0,0,0,0,0,0,0,0,0,0,0,0,0.983,0,0,0,0.259,0,0.195,0,0,0.235,0,0,0,0.305,0.295,0,0,0,0,0,0,0,0,0,0,0,0,0,0,0,0,0,0,0,0,0,0,0,0,0,0,0,0,0,0,0,0,0,0,0,0,0,0,0,0,0,0,0,0,0,0,0,0,0,0,0.436,0.293,0.284,0.252,0,0,0,0,0,0,0,0,0,0,0,0,0,0,0,0,0,0,0,0,0,0,0,0,0,0.263,0,0.355,0,0,0,0,0,0,0,0,0,0,0,0,0,0,0,0,0,0,0,0,0.238,0.205,0.205
GO:0009617,0,0,0,0,0,0,0,0,0,0,0,0,0,0,0,0.424,0,0,0,0,0,0,0,0,0,0.397,0,0,0,0.301,0,0,0,0,0,0,0.32,0,0,0,0,0,0,0,0,0,0.314,0.359,0,0,0,0,0,0,0.28,0,0,0,0,0,0,0,0.268,0,0,0,0,0,0,0,0,0,0,0.287,0,0,0,0,0,0,0,0,0,0,0.365,0.336,0,0,0,0,0,0,0,0,0,0,0,0,0,0,0,0,0,0,0,0,0,0,0.318,0.306,0,0,0,0,0,0,0,0,0,0,0,0,0,0,0.205,0.247,0.229,0,0,0,0,0,0,0,0,0.254,0.222,0,0,0,0,0,0,0,0,0.277,0,0,0.285,0,0,0,0,0,0,0,0,0,0,0,0,0,0,0,0,0,0,0,0,0,0,0,0,0,0,0,0,0,0.252,0.252,0,0.298,0.264,0,0.311,0,0,0,0,0,0,0,0,0,0,0,0,0,0,0,0.208,0,0,0.208,0.184,0,0,0,0,0,0,0,0,0,0,0,0,0.232,0.212,0,0,0,0,0,0,0,0.259,0,0,0,0,0,0,0,0,0.259,0,0,0,0,0,0,0,0,0,0,0,0,0,0,0,0,0,0,0,0,0,0.639,0,0,0,0,0,0,0,0,0,0,0,0,0.773,0.884,0.993,0,0,0,0,0,0,0,0,0,0,0,0,0,0,0,0,0.247,0.224,0,0,0,0,0,0,0,0,0,0,0,0.205,0,0,0,0,0,0,0,0.884,0,0,0,0,0,0,0,0,0,0,0,0,0,0,0,0,0,0,0,0,0,0.884,0,0,0,0.239,0,0.184,0,0,0.219,0,0,0,0.278,0.269,0,0,0,0,0,0,0,0,0,0,0,0,0,0,0,0,0,0,0,0,0,0,0,0,0,0,0,0,0,0,0,0,0,0,0,0,0,0,0,0,0,0,0,0,0,0,0,0,0,0,0.383,0.268,0.26,0.233,0,0,0,0,0,0,0,0,0,0,0,0,0,0,0,0,0,0,0,0,0,0,0,0,0,0.243,0,0.319,0,0,0,0,0,0,0,0,0,0,0,0,0,0,0,0,0,0,0,0,0.221,0.192,0.192
GO:0009790,0,0,0,0,0,0,0,0,0,0,0,0,0,0,0,0,0,0,0,0,0,0,0,0,0,0,0,0,0,0,0,0,0,0,0,0,0,0,0,0,0,0,0,0,0,0,0,0,0,0,0,0,0,0,0,0,0,0,0,0,0,0,0,0,0,0,0,0,0,0,0,0,0,0,0,0,0,0,0,0,0,0,0,0,0,0,0,0,0,0,0,0,0,0,0,0,0,0,0,0,0,0,0,0,0,0,0,0,0,0,0,0,0,0,0,0,0,0,0,0,0,0,0,0,0,0,0,0,0,0,0,0,0,0,0,0,0,0,0,0,0,0,0,0,0,0,0,0,0,0,0,0,0,0,0,0.313,0.71,0.37,0.544,0.439,0.509,0.542,0.595,0,0,0,0.389,0.497,0.313,0.625,0.648,0.51,0.462,0.406,0,0,0.359,0.513,0,0,0,0,0,0,0,0,0,0,0,0,0,0,0,0,0,0,0,0,0,0,0,0,0,0,0,0,0,0,0,0,0,0,0,0,0,0,0,0,0,0,0,0,0,0,0,0,0,0,0,0,0,0,0,0,0,0,0,0,0,0,0,0,0,0,0,0,0,0,0,0,0,0,0,0.776,0.687,0.68,0.386,0,0,0,0,0,0,0,0,0,0,0.803,0.368,0,0,0,0,0.98,0.575,0.403,0.448,0,0,0,0,0,0,0,0,0,0,0.288,0,0,0,0,0,0,0,0,0,0,0,0,0,0,0,0,0,0,0.437,0.47,0.687,0,0,0,0,0.413,0.333,0,0,0,0,0,0,0.329,0.439,0.865,0.435,0.418,0,0,0,0.375,0.331,0,0,0.399,0.372,0.769,0,0,0,0,0,0,0,0.288,0,0,0,0,0,0,0,0,0,0,0,0,0,0,0,0,0,0,0,0,0,0,0,0,0,0,0,0,0,0,0,0,0,0,0,0,0,0,0,0,0,0,0,0,0,0,0.406,0,0,0,0,0,0,0,0,0,0,0.602,0.409,0.346,0.407,0.309,0.293,0.282,0.313,0,0,0,0.381,0,0,0,0,0,0.582,0,0.435,0,0,0,0,0.568,0,0,0,0,0.356,0.395,0.339,0.313,0.58,0,0.442,0.413,0.394,0.313,0.414,0.366,0.455,0.431,0.404,0.309,0,0.313,0.373,0,0,0
GO:0009791,0,0,0,0,0,0,0,0,0,0,0,0,0,0,0,0,0,0,0,0,0,0,0,0,0,0,0,0,0,0,0,0,0,0,0,0,0,0,0,0,0,0,0,0,0,0,0,0,0,0,0,0,0,0,0,0,0,0,0,0,0,0,0,0,0,0,0,0,0,0,0,0,0,0,0,0,0,0,0,0,0,0,0,0,0,0,0,0,0,0,0,0,0,0,0,0,0,0,0,0,0,0,0,0,0,0,0,0,0,0,0,0,0,0,0,0,0,0,0,0,0,0,0,0,0,0,0,0,0,0,0,0,0,0,0,0,0,0,0,0,0,0,0,0,0,0,0,0,0,0,0,0,0,0,0,0.312,0.703,0.368,0.539,0.436,0.504,0.536,0.588,0,0,0,0.386,0.493,0.312,0.619,0.641,0.505,0.458,0.402,0,0,0.356,0.509,0,0,0,0,0,0,0,0,0,0,0,0,0,0,0,0,0,0,0,0,0,0,0,0,0,0,0,0,0,0,0,0,0,0,0,0,0,0,0,0,0,0,0,0,0,0,0,0,0,0,0,0,0,0,0,0,0,0,0,0,0,0,0,0,0,0,0,0,0,0,0,0,0,0,0,0.456,0.404,0.4,0.384,0,0,0,0,0,0,0,0,0,0,0.472,0.366,0,0,0,0,0.575,0.981,0.688,0.444,0,0,0,0,0,0,0,0,0,0,0.286,0,0,0,0,0,0,0,0,0,0,0,0,0,0,0,0,0,0,0.434,0.467,0.404,0,0,0,0,0.41,0.331,0,0,0,0,0,0,0.563,0.435,0.508,0.432,0.415,0,0,0,0.373,0.329,0,0,0.396,0.37,0.452,0,0,0,0,0,0,0,0.286,0,0,0,0,0,0,0,0,0,0,0,0,0,0,0,0,0,0,0,0,0,0,0,0,0,0,0,0,0,0,0,0,0,0,0,0,0,0,0,0,0,0,0,0,0,0,0.402,0,0,0,0,0,0,0,0,0,0,0.597,0.407,0.344,0.404,0.307,0.291,0.281,0.311,0,0,0,0.378,0,0,0,0,0,0.577,0,0.431,0,0,0,0,0.563,0,0,0,0,0.354,0.392,0.337,0.312,0.575,0,0.439,0.41,0.391,0.311,0.41,0.363,0.452,0.429,0.401,0.307,0,0.312,0.371,0,0,0
GO:0009886,0,0,0,0,0,0,0,0,0,0,0,0,0,0,0,0,0,0,0,0,0,0,0,0,0,0,0,0,0,0,0,0,0,0,0,0,0,0,0,0,0,0,0,0,0,0,0,0,0,0,0,0,0,0,0,0,0,0,0,0,0,0,0,0,0,0,0,0,0,0,0,0,0,0,0,0,0,0,0,0,0,0,0,0,0,0,0,0,0,0,0,0,0,0,0,0,0,0,0,0,0,0,0,0,0,0,0,0,0,0,0,0,0,0,0,0,0,0,0,0,0,0,0,0,0,0,0,0,0,0,0,0,0,0,0,0,0,0,0,0,0,0,0,0,0,0,0,0,0,0,0,0,0,0,0,0.253,0.461,0.28,0.611,0.526,0.34,0.339,0.377,0,0,0,0.282,0.347,0.367,0.424,0.415,0.34,0.319,0.28,0,0,0.453,0.369,0,0,0,0,0,0,0,0,0,0,0,0,0,0,0,0,0,0,0,0,0,0,0,0,0,0,0,0,0,0,0,0,0,0,0,0,0,0,0,0,0,0,0,0,0,0,0,0,0,0,0,0,0,0,0,0,0,0,0,0,0,0,0,0,0,0,0,0,0,0,0,0,0,0,0,0.493,0.45,0.447,0.479,0,0,0,0,0,0,0,0,0,0,0.506,0.279,0,0,0,0,0.403,0.688,0.999,0.322,0,0,0,0,0,0,0,0,0,0,0.225,0,0,0,0,0,0,0,0,0,0,0,0,0,0,0,0,0,0,0.476,0.346,0.45,0,0,0,0,0.295,0.251,0,0,0,0,0,0,0.853,0.318,0.534,0.523,0.508,0,0,0,0.275,0.243,0,0,0.296,0.421,0.49,0,0,0,0,0,0,0,0.225,0,0,0,0,0,0,0,0,0,0,0,0,0,0,0,0,0,0,0,0,0,0,0,0,0,0,0,0,0,0,0,0,0,0,0,0,0,0,0,0,0,0,0,0,0,0,0.28,0,0,0,0,0,0,0,0,0,0,0.413,0.312,0.274,0.281,0.231,0.221,0.215,0.233,0,0,0,0.286,0,0,0,0,0,0.404,0,0.522,0,0,0,0,0.397,0,0,0,0,0.264,0.304,0.269,0.367,0.403,0,0.331,0.314,0.275,0.233,0.295,0.26,0.338,0.325,0.299,0.243,0,0.253,0.466,0,0,0
GO:0009888,0,0,0,0,0,0,0,0,0,0,0,0,0,0,0,0,0,0,0,0,0,0,0,0,0,0,0,0,0,0,0,0,0,0,0,0,0,0,0,0,0,0,0,0,0,0,0,0,0,0,0,0,0,0,0,0,0,0,0,0,0,0,0,0,0,0,0,0,0,0,0,0,0,0,0,0,0,0,0,0,0,0,0,0,0,0,0,0,0,0,0,0,0,0,0,0,0,0,0,0,0,0,0,0,0,0,0,0,0,0,0,0,0,0,0,0,0,0,0,0,0,0,0,0,0,0,0,0,0,0,0,0,0,0,0,0,0,0,0,0,0,0,0,0,0,0,0,0,0,0,0,0,0,0,0,0.256,0.534,0.337,0.475,0.393,0.441,0,0.505,0,0,0,0.348,0.439,0.256,0.478,0.552,0.442,0.406,0,0,0,0.327,0.401,0,0,0,0,0,0,0,0,0,0,0,0,0,0,0,0,0,0,0,0,0,0,0,0,0,0,0,0,0,0,0,0,0,0,0,0,0,0,0,0,0,0,0,0,0,0,0,0,0,0,0,0,0,0,0,0,0,0,0,0,0,0,0,0,0,0,0,0,0,0,0,0,0,0,0,0.363,0.808,0.801,0.869,0,0,0,0,0,0,0,0,0,0,0.375,0.833,0,0,0,0,0.448,0.444,0.322,0.993,0,0,0,0,0,0,0,0,0,0,0.265,0,0,0,0,0,0,0,0,0,0,0,0,0,0,0,0,0,0,0.348,0.371,0.808,0,0,0,0,0.368,0.302,0,0,0,0,0,0,0.268,0.393,0.401,0.39,0.935,0,0,0,0.337,0,0,0,0.896,0.745,0.361,0,0,0,0,0,0,0,0.265,0,0,0,0,0,0,0,0,0,0,0,0,0,0,0,0,0,0,0,0,0,0,0,0,0,0,0,0,0,0,0,0,0,0,0,0,0,0,0,0,0,0,0,0,0,0,0,0,0,0,0,0,0,0,0,0,0,0.462,0.327,0.281,0,0,0,0,0,0,0,0,0.346,0,0,0,0,0,0.449,0,0.389,0,0,0,0,0.439,0,0,0,0,0.322,0.317,0.275,0.256,0.448,0,0.351,0.33,0,0,0.368,0,0.36,0.343,0.364,0.285,0,0.256,0.339,0,0,0
GO:0009891,0.211,0,0.223,0,0,0.632,0.606,0.208,0.213,0.215,0.172,0.262,0.246,0.34,0.327,0,0.308,0.218,0,0.188,0.189,0.193,0.189,0.185,0.19,0,0,0.173,0.888,0.223,0.877,0.229,0.229,0.863,0.718,0.682,0.237,0.61,0.86,0.627,0.611,0.186,0.193,0.205,0.208,0,0,0,0.452,0.708,0.182,0.185,0.511,0.765,0.206,0.153,0.185,0.179,0.533,0.485,0.728,0.74,0.519,0.612,0.739,0.54,0.203,0.588,0.539,0.74,0.17,0.196,0.199,0.557,0.585,0.728,0.565,0.729,0.456,0.456,0,0.237,0.196,0.221,0,0,0,0,0,0,0.362,0.572,0.14,0.145,0.542,0.683,0.591,0.587,0.53,0.493,0.132,0.59,0.135,0.566,0.46,0.499,0.454,0.138,0,0,0.566,0.566,0.522,0.432,0.688,0,0,0.722,0,0.6,0.693,0.446,0.716,0.35,0.552,0.181,0.442,0.432,0.416,0.655,0.722,0.177,0.168,0.396,0.607,0.491,0.163,0,0.566,0.54,0.472,0.563,0.543,0.565,0.188,0.204,0.205,0.205,0.21,0,0.213,0,0.196,0.185,0.189,0,0,0,0,0,0,0,0,0.212,0.183,0.184,0.207,0,0,0,0,0,0.243,0.242,0.187,0.222,0,0.213,0.114,0.114,0.147,0.135,0.119,0.125,0,0,0,0,0,0,0,0,0,0,0,0,0,0.495,0.23,0.202,0,0.471,0.482,0,0.352,0.107,0.128,0.127,0.129,0.11,0,0,0.191,0.206,0.176,0.34,0.559,0.17,0.155,0.215,0.168,0.163,0.204,0.199,0.169,0.17,0,0.154,0.17,0.147,0.206,0.163,0.144,0.178,0.158,0.191,0.15,0.133,0.448,0.364,0.29,0.149,0.138,0.126,0.149,0.12,0.12,0.448,0.149,0.152,0.453,0.162,0.498,0,0,0,0,0,0.168,0.151,0.506,0.332,0.472,0.327,0.104,0.137,0.094,0,0,0.155,0,0,0,0,0,0,0,0.99,0.092,0.987,0.745,0.195,0.142,0.127,0.097,0.522,0.521,0,0,0.181,0.431,0.121,0.11,0.99,0.316,0.156,0.128,0.506,0.459,0.718,0.696,0.082,0,0.446,0.086,0.519,0,0,0,0.182,0,0.106,0,0,0.179,0.197,0.506,0.975,0.186,0.82,0.956,0,0,0,0,0,0.134,0.398,0.517,0.2,0.201,0.816,0,0,0,0,0.175,0,0,0,0.491,0.421,0.506,0,0.523,0,0,0.191,0.444,0.179,0.975,0.163,0.155,0.379,0.426,0.658,0.975,0.155,0.149,0,0,0,0,0.166,0.396,0.367,0.348,0,0,0,0,0.379,0.353,0.181,0.184,0,0,0,0,0.396,0.176,0,0,0,0,0,0.167,0,0,0,0,0.15,0.173,0.173,0,0,0,0.287,0.197,0.191,0.171,0,0,0,0,0,0,0,0,0,0.168,0,0.48,0.16,0,0.124,0.143,0.124,0,0.144,0.206,0,0,0,0.166,0,0.178,0.177,0.236,0,0.503,0.166,0.379,0.134,0,0,0.185,0.457,0,0,0.578,0.579,0.19,0.477,0.192,0,0.178,0.134,0.179,0.162,0.14,0.14
GO:0010390,0.182,0,0.125,0,0,0.109,0.106,0.199,0.122,0.163,0.178,0,0,0,0,0,0,0.146,0,0.171,0.114,0.173,0.114,0.185,0.135,0,0,0.418,0.097,0,0.16,0,0,0.095,0,0,0,0.16,0.143,0.18,0.142,0.334,0.288,0,0,0,0,0,0.356,0.338,0,0,0.283,0.261,0,0.165,0.186,0.182,0.098,0.092,0.171,0.104,0,0.177,0.173,0,0,0.157,0,0.104,0.433,0,0,0,0.172,0.171,0.144,0.171,0.088,0.088,0,0,0,0,0,0,0,0,0,0,0.522,0.498,0.155,0.159,0.14,0.164,0.09,0.148,0.162,0.154,0.692,0.09,0.676,0.145,0.133,0.141,0.145,0.651,0,0,0.145,0.145,0.137,0.345,0.331,0,0,0.085,0,0.3,0.082,0.087,0.084,0.296,0.282,0,0,0.085,0.335,0.32,0.085,0,0,0.324,0.302,0,0,0,0.112,0.18,0.165,0.111,0.164,0.132,0,0,0,0,0,0,0,0,0,0,0,0,0,0,0,0,0,0,0,0,0,0,0,0,0,0,0,0,0,0,0,0,0,0,0.135,0.135,0.161,0.152,0.139,0.144,0,0,0,0,0,0,0,0,0,0,0,0,0,0,0,0,0,0,0,0,0,0.302,0.146,0.342,0.147,0.131,0,0,0,0,0,0.546,0.537,0,0,0,0,0,0,0,0,0,0,0,0,0,0,0,0,0,0,0,0.116,0.15,0.286,0.248,0.21,0.245,0.233,0.144,0.116,0.211,0.211,0.241,0.116,0.149,0.146,0.103,0.258,0,0,0,0,0,0,0,0.173,0.13,0.165,0.128,0.126,0.153,0.981,0,0,0,0,0,0,0,0,0,0,0.092,1,0.152,0.143,0,0.157,0.732,0.954,0.106,0.106,0,0,0,0,0.14,0.132,0.092,0.112,0,0,0.173,0.125,0.121,0.118,0.837,0,0.122,0.109,0.159,0,0,0,0,0,0.128,0,0,0,0,0,0.15,0,0.139,0.148,0,0,0,0,0,0,0.133,0.109,0,0,0.152,0,0,0,0,0,0,0,0,0,0,0.173,0,0.126,0,0,0,0,0,0.15,0,0,0,0.139,0.131,0.15,0,0,0,0,0,0,0,0.08,0.075,0.073,0,0,0,0,0.077,0.073,0,0,0,0,0,0,0.08,0,0,0,0,0,0,0,0,0,0,0,0.4,0.108,0.108,0,0,0,0,0,0,0,0,0,0,0,0,0,0,0,0,0,0,0,0.102,0,0.35,0.386,0.35,0,0,0,0,0,0,0,0,0,0,0,0,0,0,0,0,0,0,0,0,0,0,0,0,0,0,0,0,0,0,0,0,0,0
GO:0010557,0.21,0,0.222,0,0,0.63,0.604,0.343,0.212,0.214,0.284,0.261,0.245,0.339,0.325,0,0.307,0.257,0,0.222,0.189,0.193,0.188,0.304,0.224,0,0,0.285,0.886,0.222,0.901,0.229,0.229,0.86,0.716,0.68,0.236,0.608,0.858,0.641,0.609,0.306,0.227,0.205,0.207,0,0,0,0.462,0.728,0.182,0.185,0.523,0.786,0.206,0.253,0.306,0.295,0.531,0.484,0.73,0.738,0.517,0.626,0.741,0.538,0.203,0.586,0.538,0.738,0.281,0.195,0.198,0.556,0.599,0.73,0.567,0.73,0.455,0.455,0,0.237,0.196,0.221,0,0,0,0,0,0,0.371,0.588,0.23,0.239,0.544,0.684,0.589,0.589,0.542,0.504,0.219,0.588,0.222,0.568,0.459,0.497,0.464,0.228,0,0,0.568,0.568,0.523,0.442,0.707,0,0,0.721,0,0.617,0.691,0.445,0.714,0.359,0.568,0.181,0.441,0.431,0.426,0.673,0.721,0.176,0.168,0.405,0.624,0.49,0.162,0,0.564,0.643,0.562,0.561,0.541,0.568,0.188,0.204,0.205,0.205,0.21,0,0.213,0,0.196,0.184,0.188,0,0,0,0,0,0,0,0,0.212,0.183,0.183,0.207,0,0,0,0,0,0.242,0.241,0.187,0.221,0,0.212,0.188,0.188,0.243,0.223,0.197,0.207,0,0,0,0,0,0,0,0,0,0,0,0,0,0.494,0.229,0.202,0,0.47,0.481,0,0.351,0.176,0.212,0.21,0.214,0.181,0,0,0.19,0.206,0.175,0.348,0.575,0.17,0.155,0.214,0.167,0.163,0.203,0.199,0.169,0.17,0,0.153,0.17,0.147,0.205,0.163,0.144,0.177,0.157,0.19,0.177,0.219,0.533,0.434,0.345,0.176,0.163,0.208,0.176,0.141,0.198,0.451,0.176,0.152,0.452,0.162,0.501,0,0,0,0,0,0.167,0.151,0.602,0.396,0.562,0.389,0.171,0.226,0.155,0,0,0.155,0,0,0,0,0,0,0,0.987,0.152,0.99,0.766,0.194,0.235,0.209,0.161,0.52,0.519,0,0,0.181,0.43,0.199,0.182,0.987,0.324,0.155,0.128,0.602,0.461,0.72,0.698,0.136,0,0.448,0.142,0.522,0,0,0,0.181,0,0.175,0,0,0.179,0.197,0.505,0.978,0.186,0.818,0.958,0,0,0,0,0,0.133,0.408,0.532,0.2,0.2,0.838,0,0,0,0,0.175,0,0,0,0.49,0.42,0.602,0,0.526,0,0,0.19,0.443,0.178,0.978,0.162,0.155,0.379,0.436,0.677,0.978,0.155,0.149,0,0,0,0,0.166,0.395,0.366,0.347,0,0,0,0,0.378,0.352,0.181,0.183,0,0,0,0,0.395,0.176,0,0,0,0,0,0.167,0,0,0,0,0.248,0.173,0.172,0,0,0,0.286,0.197,0.191,0.17,0,0,0,0,0,0,0,0,0,0.168,0,0.479,0.159,0,0.204,0.236,0.204,0,0.144,0.206,0,0,0,0.165,0,0.178,0.176,0.236,0,0.502,0.166,0.379,0.133,0,0,0.185,0.456,0,0,0.576,0.577,0.19,0.476,0.192,0,0.178,0.133,0.178,0.161,0.14,0.14
GO:0010628,0.185,0,0.194,0,0,0.565,0.544,0.302,0.186,0.188,0.255,0.236,0.223,0.298,0.288,0,0.269,0.225,0,0.198,0.168,0.171,0.168,0.272,0.199,0,0,0.256,0.808,0.204,0.823,0.209,0.209,0.787,0.645,0.616,0.216,0.547,0.784,0.575,0.548,0.273,0.202,0.187,0.19,0,0,0,0.427,0.676,0.168,0.17,0.478,0.726,0.19,0.416,0.493,0.264,0.484,0.445,0.583,0.53,0.479,0.612,0.543,0.497,0.188,0.53,0.497,0.53,0.253,0.181,0.184,0.512,0.541,0.536,0.425,0.536,0.42,0.42,0,0.216,0.182,0.203,0,0,0,0,0,0,0.348,0.553,0.382,0.218,0.445,0.55,0.432,0.44,0.494,0.503,0.201,0.431,0.204,0.463,0.423,0.456,0.428,0.209,0,0,0.425,0.425,0.395,0.41,0.658,0,0,0.668,0,0.58,0.643,0.411,0.663,0.337,0.535,0.169,0.413,0.4,0.395,0.628,0.668,0.163,0.156,0.378,0.585,0.456,0.152,0,0.164,0.26,0.23,0.163,0.157,0.193,0.173,0.188,0.189,0.189,0.193,0,0.196,0,0.182,0.171,0.175,0,0,0,0,0,0,0,0,0.195,0.17,0.171,0.191,0,0,0,0,0,0.221,0.22,0.174,0.201,0,0.196,0.175,0.175,0.221,0.205,0.182,0.191,0,0,0,0,0,0,0,0,0,0,0,0,0,0.46,0.21,0.187,0,0.438,0.448,0,0.333,0.298,0.353,0.194,0.197,0.306,0,0,0.177,0.19,0.164,0.327,0.542,0.159,0.145,0.197,0.155,0.152,0.188,0.184,0.157,0.159,0,0.144,0.159,0.139,0.189,0.153,0.136,0.165,0.148,0.177,0.161,0.202,0.397,0.328,0.265,0.16,0.15,0.347,0.16,0.131,0.183,0.157,0.16,0.138,0.134,0.146,0.173,0,0,0,0,0,0.157,0.143,0.443,0.301,0.417,0.296,0.291,0.375,0.146,0,0,0.145,0,0,0,0,0,0,0,0.745,0.143,0.766,0.996,0.18,0.215,0.193,0.151,0.152,0.152,0,0,0.168,0.403,0.334,0.308,0.745,0.306,0.145,0.121,0.245,0.381,0.57,0.553,0.129,0,0.371,0.243,0.179,0,0,0,0.169,0,0.163,0,0,0.167,0.182,0.469,0.758,0.173,0.751,0.743,0,0,0,0,0,0.127,0.38,0.503,0.185,0.185,0.77,0,0,0,0,0.163,0,0,0,0.456,0.395,0.443,0,0.18,0,0,0.177,0.415,0.166,0.758,0.152,0.145,0.358,0.404,0.632,0.758,0.145,0.141,0,0,0,0,0.156,0.369,0.343,0.327,0,0,0,0,0.354,0.331,0.167,0.169,0,0,0,0,0.369,0.163,0,0,0,0,0,0.156,0,0,0,0,0.226,0.155,0.155,0,0,0,0.256,0.182,0.177,0.159,0,0,0,0,0,0,0,0,0,0.156,0,0.446,0.144,0,0.189,0.216,0.189,0,0.136,0.19,0,0,0,0.155,0,0.166,0.163,0.215,0,0.466,0.156,0.358,0.127,0,0,0.172,0.427,0,0,0.53,0.53,0.176,0.443,0.178,0,0.164,0.127,0.166,0.152,0.132,0.132
GO:0010948,0,0.032,0,0.045,0.034,0.246,0.3,0,0.039,0,0.033,0.67,0.751,0.282,0.345,0,0.255,0,0.035,0.035,0.036,0.036,0.036,0.035,0,0.035,0,0,0.21,0.248,0.208,0.255,0.202,0.259,0.234,0.283,0.207,0.238,0.204,0.244,0.239,0,0,0.18,0.182,0.027,0,0,0.183,0.172,0.162,0.164,0.205,0.184,0.232,0.03,0,0.034,0.627,0.685,0.288,0.231,0.223,0.239,0.231,0.231,0.229,0.292,0.182,0.292,0,0.222,0.224,0.188,0.291,0.288,0.231,0.288,0.234,0.234,0.03,0.263,0.782,0.87,0,0.03,0,0.032,0,0,0.15,0.142,0.027,0.028,0.616,0.272,0.561,0.558,0.624,0.586,0,0.664,0,0.64,0.653,0.591,0.645,0,0.028,0.027,0.64,0.64,0.595,0.223,0.212,0.026,0.027,0.221,0.027,0.187,0.213,0.229,0.22,0.184,0.173,0.207,0.193,0.223,0.215,0.203,0.221,0.158,0.151,0.206,0.189,0.212,0.187,0.027,0,0,0.03,0.035,0.034,0,0.167,0.638,0.641,0.54,0.551,0.025,0.908,0.029,0.843,0.798,0.214,0,0,0,0,0,0.031,0,0,0.188,0.578,0.58,0.233,0,0,0,0,0.031,0.212,0.211,0.589,0.193,0,0.189,0.023,0.023,0.029,0.027,0.024,0.025,0.028,0.022,0.022,0.023,0,0.029,0.022,0,0.03,0.023,0,0,0,0.214,0.202,0.228,0,0.204,0.208,0.019,0.156,0.022,0.025,0.025,0.026,0.022,0.026,0.023,0.6,0.232,0.557,0.142,0.139,0.195,0.497,0.241,0.151,0.147,0.23,0.623,0.152,0.195,0,0.139,0.195,0.474,0.231,0.188,0.465,0.203,0.504,0.6,0.029,0.026,0.028,0.024,0.019,0.029,0.027,0.025,0.029,0.024,0.024,0.028,0.029,0.03,0.029,0,0,0,0,0.021,0,0,0.152,0.411,0.032,0.022,0.03,0.021,0.021,0.027,0,0,0,0.497,0,0,0,0,0,0,0,0.195,0,0.194,0.18,0.997,0.028,0,0,0.032,0.032,0,0.024,0.206,0.188,0.024,0.022,0.246,0.168,0.141,0.118,0.032,0.191,0.184,0.179,0,0,0.186,0.018,0.032,0,0,0.021,0.207,0,0.021,0.028,0.027,0.567,0.984,0.768,0.243,0.935,0.248,0.238,0,0,0,0,0,0.156,0.207,0.163,0.529,0.529,0.247,0,0,0,0.023,0.201,0.027,0.017,0.024,0.805,0.184,0.032,0,0,0,0.024,0.98,0.735,0.924,0.243,0.712,0.811,0.637,0.22,0.204,0.243,0.68,0.785,0.021,0.537,0.631,0.696,0.727,0.571,0.192,0.508,0.754,0.022,0.029,0.025,0.198,0.514,0.162,0.163,0.634,0.605,0.025,0.539,0.571,0.158,0.024,0.027,0.025,0.028,0.022,0.73,0.698,0.023,0.031,0,0.029,0.033,0.033,0.029,0.022,0.034,0.309,0.223,0.217,0.196,0,0,0,0,0,0,0,0,0.023,0.151,0.025,0.208,0.031,0.026,0.025,0,0,0.029,0.168,0.183,0,0.027,0.026,0.191,0.028,0.203,0.158,0.262,0,0.217,0.191,0.168,0.124,0.029,0.026,0.211,0.199,0,0,0.194,0.194,0.171,0.163,0.218,0,0.159,0.124,0.161,0.517,0.163,0.453
GO:0016071,0.343,0.04,0.242,0.061,0.043,0.189,0.259,0.372,0.33,0.31,0.304,0,0.036,0,0.048,0,0,0.28,0.044,0.563,0.555,0.513,0.557,0.601,0.549,0.044,0,0.304,0.156,0.032,0.255,0.033,0,0.217,0,0.038,0,0.273,0.226,0.31,0.242,0.329,0.311,0,0,0.032,0,0,0.219,0.203,0,0,0.25,0.221,0.03,0.556,0.328,0.655,0.157,0.205,0.591,0.175,0.028,0.302,0.289,0.029,0.029,0.488,0,0.251,0.3,0.028,0.028,0,0.597,0.591,0.218,0.591,0.192,0.192,0.037,0.034,0.028,0.032,0,0.036,0,0.039,0,0,0.174,0.163,0.504,0.524,0.433,0.551,0.138,0.227,0.259,0.24,0.23,0.198,0.234,0.453,0.376,0.221,0.456,0.241,0.034,0.033,0.453,0.453,0.2,0.209,0.197,0.031,0.032,0.18,0.031,0.171,0.172,0.187,0.178,0.168,0.157,0.026,0.024,0.181,0.201,0.187,0.18,0,0,0.191,0.173,0.027,0.023,0.032,0.197,0.31,0.268,0.281,0.465,0.232,0,0.029,0.029,0,0,0.03,0.031,0.036,0.028,0.026,0.027,0,0,0,0,0,0.039,0,0,0,0.026,0.026,0.03,0,0,0,0,0.039,0,0,0.027,0,0,0,0.36,0.361,0.472,0.432,0.378,0.398,0.033,0.026,0.026,0.026,0,0.035,0.025,0,0.036,0.027,0,0,0,0.027,0,0.029,0,0.025,0.026,0.021,0.019,0.38,0.461,0.458,0.465,0.392,0.031,0.026,0.027,0.03,0.025,0.163,0.159,0.024,0.022,0.031,0,0,0.029,0.028,0,0.024,0,0,0.024,0.021,0.029,0.023,0.02,0.025,0.022,0.027,0.227,0.479,0.379,0.424,0.334,0.39,0.219,0.452,0.226,0.188,0.429,0.38,0.226,0.397,0.384,0.172,0.258,0,0,0.024,0,0,0,0,0.599,0.385,0.557,0.378,0.709,0.946,0.161,0,0,0.022,0,0,0,0,0,0,0,0.142,0.157,0.235,0.215,0.028,0.984,0.22,0.167,0.496,0.493,0,0.028,0.026,0.023,0.433,0.756,0.204,0.601,0,0,0.599,0.364,0.349,0.338,0.14,0,0.353,0.583,0.5,0,0,0.024,0.026,0,0.377,0.033,0.031,0.025,0.028,0.027,0.48,0.027,0.4,0.47,0,0,0,0,0,0.019,0.764,0.583,0,0,0.489,0,0,0,0.027,0.025,0.032,0.019,0.028,0.027,0.023,0.599,0,0.488,0,0.028,0.027,0.024,0.025,0.48,0.023,0.022,0.02,0.819,0.75,0.48,0.022,0.021,0.025,0.024,0.033,0.037,0.024,0.166,0.153,0.145,0.035,0.025,0.035,0.029,0.158,0.147,0,0,0.029,0.027,0.03,0.024,0.166,0,0.029,0.032,0.029,0.034,0.025,0.024,0.032,0.026,0.038,0,0.263,0.265,0.265,0.035,0.025,0.043,0.042,0.028,0.027,0.024,0,0,0,0,0,0,0,0,0.027,0.027,0.03,0.026,0.243,0.031,0.214,0.249,0.214,0.035,0.02,0,0,0.032,0.031,0.024,0.034,0.025,0.028,0.034,0,0.027,0.024,0.02,0,0.034,0.031,0.026,0.025,0,0,0,0,0,0,0.027,0,0,0,0,0.023,0.02,0.02
GO:0016570,0.288,0,0.201,0,0,0.163,0.157,0.313,0.193,0.259,0.263,0,0,0,0,0,0,0.233,0,0.259,0.173,0.265,0.173,0.28,0.205,0,0,0.619,0.138,0,0.225,0,0,0.134,0,0,0,0.237,0.201,0.268,0.21,0.505,0.441,0,0,0,0,0,0.483,0.452,0,0,0.397,0.355,0,0.236,0.281,0.272,0.139,0.127,0.249,0.152,0,0.261,0.252,0,0,0.229,0,0.152,0.638,0,0,0,0.251,0.249,0.196,0.249,0.12,0.12,0,0,0,0,0,0,0,0,0,0,0.392,0.369,0.216,0.224,0.189,0.234,0.124,0.203,0.229,0.214,0.504,0.123,0.513,0.196,0.182,0.196,0.198,0.525,0,0,0.196,0.196,0.182,0.463,0.439,0,0,0.113,0,0.386,0.109,0.118,0.112,0.38,0.356,0,0,0.114,0.447,0.419,0.113,0,0,0.426,0.39,0,0,0,0.169,0.267,0.236,0.168,0.244,0.199,0,0,0,0,0,0,0,0,0,0,0,0,0,0,0,0,0,0,0,0,0,0,0,0,0,0,0,0,0,0,0,0,0,0,0.178,0.178,0.227,0.21,0.186,0.195,0,0,0,0,0,0,0,0,0,0,0,0,0,0,0,0,0,0,0,0,0,0.394,0.2,0.466,0.201,0.172,0,0,0,0,0,0.369,0.361,0,0,0,0,0,0,0,0,0,0,0,0,0,0,0,0,0,0,0,0.165,0.207,0.403,0.332,0.267,0.348,0.324,0.196,0.164,0.283,0.283,0.34,0.164,0.213,0.206,0.15,0.375,0,0,0,0,0,0,0,0.252,0.17,0.236,0.167,0.163,0.212,0.365,0,0,0,0,0,0,0,0,0,0,0.127,0.732,0.209,0.193,0,0.22,0.995,0.775,0.156,0.156,0,0,0,0,0.188,0.173,0.127,0.14,0,0,0.252,0.161,0.155,0.15,0.657,0,0.157,0.137,0.234,0,0,0,0,0,0.166,0,0,0,0,0,0.207,0,0.192,0.203,0,0,0,0,0,0,0.175,0.137,0,0,0.21,0,0,0,0,0,0,0,0,0,0,0.252,0,0.185,0,0,0,0,0,0.207,0,0,0,0.186,0.172,0.207,0,0,0,0,0,0,0,0.105,0.098,0.093,0,0,0,0,0.101,0.094,0,0,0,0,0,0,0.105,0,0,0,0,0,0,0,0,0,0,0,0.568,0.16,0.159,0,0,0,0,0,0,0,0,0,0,0,0,0,0,0,0,0,0,0,0.148,0,0.472,0.541,0.473,0,0,0,0,0,0,0,0,0,0,0,0,0,0,0,0,0,0,0,0,0,0,0,0,0,0,0,0,0,0,0,0,0,0
GO:0016574,0.198,0,0.136,0,0,0.117,0.114,0.216,0.132,0.177,0.191,0,0,0,0,0,0,0.159,0,0.184,0.123,0.187,0.123,0.2,0.145,0,0,0.449,0.104,0,0.17,0,0,0.102,0,0,0,0.172,0.152,0.193,0.153,0.359,0.311,0,0,0,0,0,0.376,0.357,0,0,0.301,0.277,0,0.176,0.2,0.196,0.104,0.098,0.183,0.112,0,0.19,0.185,0,0,0.168,0,0.112,0.464,0,0,0,0.184,0.183,0.153,0.183,0.093,0.093,0,0,0,0,0,0,0,0,0,0,0.548,0.522,0.165,0.169,0.148,0.175,0.095,0.157,0.172,0.164,0.734,0.095,0.717,0.153,0.141,0.15,0.154,0.691,0,0,0.153,0.153,0.144,0.364,0.349,0,0,0.089,0,0.315,0.087,0.092,0.089,0.311,0.295,0,0,0.09,0.354,0.337,0.089,0,0,0.341,0.317,0,0,0,0.12,0.193,0.176,0.12,0.176,0.142,0,0,0,0,0,0,0,0,0,0,0,0,0,0,0,0,0,0,0,0,0,0,0,0,0,0,0,0,0,0,0,0,0,0,0.142,0.142,0.171,0.161,0.147,0.152,0,0,0,0,0,0,0,0,0,0,0,0,0,0,0,0,0,0,0,0,0,0.318,0.155,0.363,0.156,0.138,0,0,0,0,0,0.572,0.562,0,0,0,0,0,0,0,0,0,0,0,0,0,0,0,0,0,0,0,0.124,0.159,0.304,0.262,0.22,0.262,0.248,0.153,0.123,0.223,0.223,0.257,0.123,0.159,0.155,0.111,0.277,0,0,0,0,0,0,0,0.185,0.136,0.176,0.135,0.132,0.163,0.567,0,0,0,0,0,0,0,0,0,0,0.097,0.954,0.161,0.151,0,0.167,0.775,1,0.114,0.114,0,0,0,0,0.148,0.139,0.097,0.117,0,0,0.185,0.131,0.127,0.124,0.872,0,0.128,0.114,0.171,0,0,0,0,0,0.134,0,0,0,0,0,0.16,0,0.147,0.157,0,0,0,0,0,0,0.14,0.114,0,0,0.162,0,0,0,0,0,0,0,0,0,0,0.185,0,0.135,0,0,0,0,0,0.16,0,0,0,0.147,0.138,0.16,0,0,0,0,0,0,0,0.084,0.079,0.076,0,0,0,0,0.081,0.077,0,0,0,0,0,0,0.084,0,0,0,0,0,0,0,0,0,0,0,0.426,0.116,0.116,0,0,0,0,0,0,0,0,0,0,0,0,0,0,0,0,0,0,0,0.109,0,0.37,0.411,0.37,0,0,0,0,0,0,0,0,0,0,0,0,0,0,0,0,0,0,0,0,0,0,0,0,0,0,0,0,0,0,0,0,0,0
GO:0018130,0.309,0.05,0.333,0.088,0.055,0.24,0.326,0.302,0.447,0.316,0.333,0,0.043,0,0.064,0,0,0.324,0.056,0.721,0.378,0.39,0.724,0.701,0.265,0.056,0,0.232,0.189,0.038,0.186,0.04,0,0.262,0,0.046,0,0.229,0.182,0.238,0.23,0.257,0.271,0,0,0.038,0,0,0.156,0.143,0,0,0.182,0.157,0.035,0.546,0.256,0.671,0.192,0.245,0.882,0.673,0.033,0.23,0.671,0.035,0.034,0.601,0,0.687,0.228,0.033,0.033,0,0.597,0.883,0.487,0.883,0.226,0.226,0.046,0.042,0.033,0.038,0,0.044,0,0.049,0,0,0.119,0.111,0.485,0.508,0.607,0.811,0.504,0.5,0.191,0.174,0.165,0.514,0.169,0.64,0.438,0.176,0.431,0.174,0.041,0.039,0.64,0.64,0.442,0.212,0.198,0.036,0.038,0.21,0.038,0.168,0.2,0.22,0.208,0.165,0.153,0.03,0.027,0.212,0.202,0.187,0.21,0,0,0.19,0.17,0.031,0.026,0.039,0.781,0.732,0.626,0.792,0.752,0.779,0,0.034,0.035,0,0,0.035,0.036,0.044,0.033,0.03,0.031,0,0,0,0,0,0.048,0,0,0,0.03,0.03,0.035,0,0,0,0,0.048,0,0,0.031,0,0,0,0.377,0.377,0.518,0.466,0.398,0.423,0.04,0.03,0.03,0.03,0,0.042,0.028,0,0.044,0.031,0,0,0,0.031,0,0.034,0,0.029,0.03,0.024,0.021,0.349,0.436,0.432,0.441,0.361,0.037,0.03,0.032,0.035,0.029,0.111,0.108,0.028,0.025,0.037,0,0,0.034,0.033,0,0.028,0,0,0.028,0.023,0.035,0.026,0.023,0.029,0.025,0.032,0.277,0.456,0.584,0.452,0.345,0.276,0.25,0.426,0.275,0.21,0.401,0.586,0.275,0.282,0.593,0.214,0.657,0,0,0.027,0,0,0,0,0.898,0.531,0.821,0.52,0.338,0.473,0.109,0,0,0.025,0,0,0,0,0,0,0,0.522,0.106,0.52,0.152,0.032,0.496,0.156,0.114,0.936,0.713,0,0.033,0.03,0.026,0.405,0.363,0.533,0.28,0,0,0.899,0.498,0.474,0.457,0.093,0,0.481,0.271,0.929,0,0,0.028,0.03,0,0.345,0.04,0.038,0.029,0.033,0.032,0.686,0.031,0.471,0.669,0,0,0,0,0,0.021,0.368,0.271,0,0,0.468,0,0,0,0.032,0.029,0.039,0.021,0.033,0.031,0.026,0.898,0,0.701,0,0.033,0.032,0.027,0.029,0.686,0.026,0.025,0.023,0.399,0.36,0.686,0.025,0.024,0.028,0.027,0.04,0.046,0.027,0.191,0.174,0.164,0.043,0.029,0.042,0.034,0.181,0.166,0,0,0.034,0.032,0.035,0.027,0.191,0,0.034,0.038,0.034,0.041,0.029,0.027,0.039,0.03,0.047,0,0.278,0.336,0.335,0.042,0.029,0.055,0.053,0.033,0.032,0.028,0,0,0,0,0,0,0,0,0.031,0.031,0.035,0.03,0.301,0.037,0.217,0.181,0.152,0.042,0.023,0,0,0.038,0.037,0.027,0.041,0.029,0.033,0.041,0,0.032,0.027,0.023,0,0.042,0.037,0.03,0.028,0,0,0,0,0,0,0.032,0,0,0,0,0.026,0.022,0.022
GO:0019438,0.308,0.05,0.332,0.088,0.055,0.24,0.326,0.301,0.446,0.316,0.332,0,0.043,0,0.064,0,0,0.323,0.056,0.716,0.72,0.39,0.377,0.696,0.264,0.056,0,0.232,0.189,0.038,0.186,0.04,0,0.262,0,0.046,0,0.229,0.182,0.238,0.229,0.256,0.27,0,0,0.038,0,0,0.156,0.143,0,0,0.182,0.157,0.035,0.542,0.255,0.667,0.192,0.244,0.885,0.672,0.033,0.23,0.67,0.034,0.034,0.597,0,0.686,0.228,0.033,0.033,0,0.593,0.885,0.487,0.885,0.226,0.226,0.046,0.041,0.033,0.038,0,0.044,0,0.048,0,0,0.119,0.111,0.482,0.505,0.609,0.813,0.503,0.5,0.19,0.174,0.165,0.513,0.168,0.642,0.436,0.176,0.428,0.174,0.041,0.039,0.642,0.642,0.442,0.212,0.198,0.036,0.038,0.21,0.037,0.168,0.2,0.22,0.208,0.165,0.153,0.03,0.027,0.212,0.202,0.186,0.21,0,0,0.19,0.17,0.031,0.026,0.039,0.779,0.73,0.625,0.79,0.751,0.777,0,0.034,0.035,0,0,0.035,0.036,0.044,0.033,0.03,0.031,0,0,0,0,0,0.048,0,0,0,0.03,0.03,0.035,0,0,0,0,0.048,0,0,0.031,0,0,0,0.374,0.375,0.515,0.463,0.396,0.421,0.04,0.03,0.029,0.03,0,0.042,0.028,0,0.044,0.031,0,0,0,0.031,0,0.034,0,0.029,0.03,0.024,0.021,0.347,0.433,0.43,0.438,0.359,0.037,0.03,0.032,0.035,0.029,0.111,0.108,0.028,0.025,0.037,0,0,0.034,0.033,0,0.028,0,0,0.028,0.023,0.035,0.026,0.023,0.029,0.025,0.032,0.277,0.453,0.583,0.451,0.344,0.275,0.25,0.423,0.275,0.21,0.399,0.585,0.275,0.282,0.592,0.214,0.656,0,0,0.027,0,0,0,0,0.9,0.532,0.823,0.521,0.336,0.47,0.109,0,0,0.025,0,0,0,0,0,0,0,0.521,0.106,0.519,0.152,0.032,0.493,0.156,0.114,0.713,0.936,0,0.033,0.03,0.026,0.402,0.361,0.533,0.279,0,0,0.901,0.499,0.476,0.458,0.093,0,0.482,0.27,0.931,0,0,0.028,0.03,0,0.343,0.04,0.037,0.029,0.033,0.032,0.688,0.031,0.469,0.671,0,0,0,0,0,0.021,0.366,0.27,0,0,0.465,0,0,0,0.032,0.029,0.039,0.021,0.033,0.031,0.026,0.9,0,0.7,0,0.033,0.032,0.027,0.029,0.688,0.026,0.025,0.023,0.396,0.358,0.688,0.025,0.024,0.028,0.027,0.04,0.046,0.027,0.191,0.174,0.164,0.043,0.029,0.042,0.034,0.181,0.166,0,0,0.034,0.032,0.035,0.027,0.191,0,0.034,0.038,0.034,0.041,0.029,0.027,0.039,0.03,0.047,0,0.278,0.335,0.334,0.042,0.029,0.055,0.053,0.033,0.032,0.028,0,0,0,0,0,0,0,0,0.031,0.031,0.035,0.03,0.3,0.037,0.217,0.181,0.151,0.042,0.023,0,0,0.038,0.037,0.027,0.041,0.029,0.033,0.041,0,0.032,0.027,0.023,0,0.042,0.037,0.03,0.028,0,0,0,0,0,0,0.032,0,0,0,0,0.026,0.022,0.022
GO:0019827,0,0,0,0,0,0,0,0,0,0,0,0,0,0,0,0,0,0,0,0,0,0,0,0,0,0,0,0,0,0,0,0,0,0,0,0,0,0,0,0,0,0,0,0,0,0,0,0,0,0,0,0,0,0,0,0,0,0,0,0,0,0,0,0,0,0,0,0,0,0,0,0,0,0,0,0,0,0,0,0,0,0,0,0,0,0,0,0,0,0,0,0,0,0,0,0,0,0,0,0,0,0,0,0,0,0,0,0,0,0,0,0,0,0,0,0,0,0,0,0,0,0,0,0,0,0,0,0,0,0,0,0,0,0,0,0,0,0,0,0,0,0,0,0,0,0,0,0,0,0,0,0,0,0,0,0.187,0.326,0.232,0.3,0.262,0.31,0.305,0.34,0,0,0,0.261,0.284,0.187,0.302,0.333,0.31,0.292,0.257,0,0,0.227,0.266,0,0,0,0,0,0,0,0,0,0,0,0,0,0,0,0,0,0,0,0,0,0,0,0,0,0,0,0,0,0,0,0,0,0,0,0,0,0,0,0,0,0,0,0,0,0,0,0,0,0,0,0,0,0,0,0,0,0,0,0,0,0,0,0,0,0,0,0,0,0,0,0,0,0,0,0.246,0.226,0.225,0.24,0,0,0,0,0,0,0,0,0,0,0.252,0.232,0,0,0,0,0.288,0.286,0.225,0.265,0,0,0,0,0,0,0,0,0,0,1,0,0,0,0,0,0,0,0,0,0,0,0,0,0,0,0,0,0,0.238,0.25,0.226,0,0,0,0,0.271,0.234,0,0,0,0,0,0,0.194,0.261,0.265,0.26,0.253,0,0,0,0.254,0.225,0,0,0.245,0.212,0.245,0,0,0,0,0,0,0,1,0,0,0,0,0,0,0,0,0,0,0,0,0,0,0,0,0,0,0,0,0,0,0,0,0,0,0,0,0,0,0,0,0,0,0,0,0,0,0,0,0,0,0,0,0,0,0.257,0,0,0,0,0,0,0,0,0,0,0.295,0.227,0.201,0.257,0.214,0.206,0.201,0.216,0,0,0,0.237,0,0,0,0,0,0.289,0,0.26,0,0,0,0,0.284,0,0,0,0,0.246,0.222,0.198,0.187,0.288,0,0.24,0.229,0.252,0.216,0.272,0.24,0.245,0.236,0.247,0.204,0,0.187,0.234,0,0,0
GO:0022618,0,0.474,0,0.045,0.505,0,0.033,0,0.04,0,0.033,0,0.03,0,0.038,0,0,0,0.488,0.036,0.036,0.037,0.036,0.035,0,0.035,0,0,0,0.027,0,0.028,0,0.028,0,0.031,0,0,0,0,0,0,0,0,0,0.396,0,0,0,0,0,0,0,0,0.025,0.03,0,0.034,0,0.027,0.031,0,0.024,0,0,0.025,0.025,0.032,0,0.032,0,0.024,0.024,0,0.032,0.031,0.025,0.031,0.025,0.025,0.704,0.418,0.024,0.027,0,0.03,0,0.032,0,0,0,0,0.028,0.028,0.024,0.03,0,0,0,0,0,0.026,0,0.025,0.026,0,0.025,0,0.028,0.027,0.025,0.025,0.023,0.024,0.023,0.026,0.027,0.024,0.027,0.02,0.023,0.025,0.024,0.02,0.019,0.022,0.021,0.024,0.023,0.022,0.024,0,0,0.022,0.021,0.023,0.02,0.861,0,0,0.03,0.035,0.034,0,0,0.025,0.025,0,0,0.372,0.026,0.747,0.024,0.023,0.34,0,0,0,0,0,0.032,0,0,0,0.023,0.023,0.025,0,0,0,0,0.032,0,0,0.023,0,0,0,0.023,0.023,0.029,0.027,0.024,0.025,0.028,0.327,0.326,0.332,0,0.029,0.022,0,0.03,0.023,0,0,0,0.023,0,0.025,0,0.022,0.023,0.019,0.017,0.684,0.807,0.025,0.026,0.702,0.842,0.724,0.344,0.369,0.319,0,0,0.021,0.019,0.383,0,0,0.576,0.357,0,0.534,0,0,0.534,0.467,0.368,0.515,0.458,0.556,0.498,0.024,0.029,0.026,0.029,0.024,0.019,0.029,0.027,0.025,0.029,0.024,0.024,0.029,0.029,0.03,0.029,0,0,0,0,0.021,0,0,0,0,0.032,0.022,0.03,0.022,0.021,0.027,0,0,0,0.019,0,0,0,0,0,0,0,0,0,0,0,0.024,0.028,0,0,0.033,0.033,0,0.997,0.022,0.02,0.024,0.022,0.027,0.018,0,0,0.032,0.021,0.02,0.019,0,0,0.02,0.733,0.033,0,0,0.021,0.023,0,0.021,0.835,0.027,0.022,0.024,0.024,0.026,0.023,0.027,0.026,0,0,0,0,0,0.017,0.023,0.018,0,0,0.027,0,0,0,0.024,0.022,0.857,0.017,0.994,0.023,0.02,0.032,0,0,0,0.024,0.024,0.021,0.022,0.026,0.02,0.019,0.018,0.024,0.022,0.026,0.019,0.019,0.315,0.021,0.028,0.031,0.021,0.022,0.021,0.02,0.029,0.022,0.421,0.626,0.022,0.02,0,0,0.025,0.024,0.369,0.021,0.022,0,0.619,0.683,0.624,0.417,0.022,0.021,0.027,0.023,0.031,0,0.029,0.033,0.033,0.421,0.324,0.034,0.034,0.024,0.024,0.021,0,0,0,0,0,0,0,0,0.023,0.34,0.369,0.023,0.031,0.026,0.025,0,0,0.029,0.018,0,0,0.027,0.387,0.021,0.028,0.022,0.356,0.029,0,0.024,0.021,0.018,0,0.029,0.027,0.023,0.022,0,0,0,0,0,0,0.024,0,0,0,0,0.02,0.018,0.018
GO:0030111,0,0.03,0,0.04,0.031,0.224,0.275,0,0.035,0,0.03,0.208,0.25,0.255,0.312,0.344,0.23,0,0.032,0.032,0.032,0.033,0.032,0.032,0,0.445,0,0,0.194,0.802,0.192,0.771,0.771,0.24,0.215,0.261,0.735,0.218,0.189,0.223,0.218,0,0,0.167,0.169,0.025,0.268,0.299,0.171,0.161,0.152,0.154,0.19,0.172,0.754,0.027,0,0.031,0.196,0.23,0.265,0.212,0.724,0.219,0.212,0.703,0.214,0.268,0.703,0.268,0,0.208,0.21,0.669,0.267,0.265,0.215,0.265,0.218,0.218,0.028,0.243,0.208,0.23,0.303,0.387,0,0.029,0,0,0.142,0.134,0.025,0.026,0.208,0.251,0.177,0.176,0.195,0.184,0,0.223,0,0.216,0.22,0.186,0.217,0,0.37,0.358,0.216,0.216,0.202,0.209,0.199,0.024,0.025,0.207,0.025,0.177,0.2,0.214,0.206,0.175,0.572,0.676,0.633,0.209,0.202,0.191,0.207,0.148,0.142,0.194,0.179,0.692,0.616,0.025,0,0,0.027,0.032,0.031,0,0.156,0.747,0.704,0.704,0.666,0.024,0.223,0.027,0.208,0.197,0.201,0,0,0,0,0,0.029,0,0,0.176,0.196,0.197,0.218,0,0,0,0,0.029,0.196,0.195,0.2,0.178,0,0.176,0.303,0.303,0.027,0.35,0.315,0.023,0.363,0.021,0.021,0.021,0,0.027,0.02,0,0.027,0.022,0,0,0,0.201,0.187,0.213,0.186,0.192,0.196,0.255,0.519,0.02,0.024,0.024,0.024,0.021,0.025,0.021,0.203,0.217,0.189,0.134,0.132,0.64,0.59,0.224,0.141,0.138,0.215,0.21,0.142,0.184,0.227,0.131,0.184,0.162,0.216,0.178,0.159,0.191,0.172,0.705,0.027,0.024,0.026,0.022,0.018,0.027,0.025,0.023,0.027,0.022,0.022,0.026,0.027,0.027,0.027,0,0,0,0,0.02,0,0.167,0.144,0.132,0.029,0.02,0.027,0.02,0.02,0.025,0,0,0,0.17,0.288,0.268,0.247,0,0,0,0,0.181,0,0.181,0.168,0.206,0.026,0,0,0.03,0.03,0,0.022,0.999,0.916,0.023,0.021,0.229,0.159,0.133,0.112,0.029,0.181,0.175,0.17,0,0.184,0.176,0.017,0.03,0,0,0.02,0.195,0.268,0.02,0.026,0.025,0.192,0.209,0.204,0.226,0.199,0.23,0.222,0,0,0,0,0,0.149,0.195,0.156,0.167,0.167,0.229,0.268,0,0,0.022,0.972,0.025,0.228,0.023,0.199,0.898,0.029,0,0,0.241,0.32,0.203,0.183,0.192,0.226,0.177,0.17,0.159,0.206,0.192,0.226,0.17,0.165,0.02,0.02,0.026,0.028,0.181,0.194,0.181,0.173,0.027,0.02,0.026,0.023,0.187,0.175,0.151,0.153,0.023,0.022,0.023,0.02,0.194,0.148,0.023,0.025,0.023,0.026,0.02,0.181,0.025,0.021,0.028,0,0.027,0.03,0.03,0.027,0.021,0.471,0.499,0.369,0.359,0.326,0,0,0,0,0,0,0,0,0.022,0.142,0.023,0.195,0.028,0.024,0.023,0,0,0.026,0.159,0.171,0.474,0.025,0.025,0.18,0.026,0.338,0.148,0.428,0,0.203,0.181,0.159,0.118,0.026,0.025,0.198,0.187,0,0,0.18,0.181,0.16,0.154,0.204,0,0.149,0.118,0.152,0.613,0.541,0.541
GO:0030177,0,0.026,0,0.034,0.028,0.198,0.243,0,0.031,0,0.027,0.185,0.224,0.221,0.273,0.3,0.199,0,0.028,0.028,0.028,0.029,0.028,0.028,0,0.392,0,0,0.459,0.724,0.455,0.694,0.694,0.522,0.502,0.562,0.66,0.193,0.449,0.197,0.193,0,0,0.151,0.152,0.023,0.241,0.266,0.155,0.388,0.138,0.139,0.17,0.411,0.684,0.024,0,0.027,0.176,0.207,0.236,0.189,0.841,0.194,0.188,0.804,0.195,0.238,0.805,0.238,0,0.189,0.191,0.774,0.237,0.236,0.196,0.236,0.198,0.198,0.025,0.218,0.189,0.207,0.269,0.346,0,0.026,0,0,0.131,0.328,0.023,0.024,0.19,0.225,0.16,0.159,0.175,0.166,0,0.202,0,0.196,0.199,0.167,0.197,0,0.332,0.322,0.196,0.196,0.184,0.19,0.441,0.022,0.023,0.458,0.022,0.396,0.443,0.195,0.454,0.161,0.677,0.619,0.743,0.19,0.184,0.424,0.458,0.135,0.13,0.178,0.399,0.806,0.569,0.023,0,0,0.025,0.028,0.027,0,0.141,0.679,0.64,0.64,0.603,0.021,0.202,0.024,0.189,0.181,0.184,0,0,0,0,0,0.026,0,0,0.159,0.18,0.18,0.197,0,0,0,0,0.026,0.176,0.175,0.183,0.159,0,0.159,0.277,0.277,0.024,0.316,0.287,0.021,0.327,0.019,0.019,0.019,0,0.024,0.019,0,0.025,0.02,0,0,0,0.444,0.169,0.194,0.173,0.427,0.434,0.236,0.618,0.019,0.021,0.021,0.022,0.019,0.022,0.02,0.185,0.197,0.174,0.124,0.322,0.589,0.547,0.203,0.129,0.127,0.195,0.191,0.13,0.17,0.207,0.121,0.17,0.151,0.196,0.164,0.148,0.175,0.16,0.644,0.024,0.022,0.024,0.02,0.017,0.024,0.023,0.021,0.024,0.02,0.02,0.024,0.024,0.024,0.024,0,0,0,0,0.018,0,0.156,0.133,0.122,0.026,0.019,0.025,0.019,0.018,0.023,0,0,0,0.157,0.257,0.241,0.224,0,0,0,0,0.431,0,0.43,0.403,0.188,0.023,0,0,0.026,0.026,0,0.02,0.916,1,0.021,0.019,0.5,0.148,0.122,0.105,0.026,0.167,0.39,0.381,0,0.171,0.163,0.016,0.026,0,0,0.018,0.179,0.241,0.019,0.023,0.022,0.177,0.19,0.451,0.495,0.182,0.503,0.487,0,0,0,0,0,0.14,0.178,0.351,0.152,0.152,0.501,0.241,0,0,0.02,0.893,0.023,0.213,0.021,0.441,0.981,0.026,0,0,0.219,0.292,0.186,0.407,0.176,0.495,0.164,0.157,0.359,0.188,0.426,0.495,0.157,0.153,0.019,0.018,0.023,0.025,0.167,0.178,0.167,0.16,0.024,0.019,0.024,0.021,0.172,0.162,0.137,0.139,0.021,0.02,0.021,0.018,0.178,0.134,0.021,0.023,0.021,0.024,0.019,0.167,0.023,0.02,0.025,0,0.024,0.027,0.027,0.024,0.019,0.415,0.441,0.336,0.328,0.3,0,0,0,0,0,0,0,0,0.02,0.13,0.021,0.433,0.025,0.022,0.021,0,0,0.024,0.148,0.156,0.418,0.022,0.022,0.166,0.023,0.311,0.135,0.385,0,0.449,0.167,0.359,0.11,0.024,0.022,0.181,0.417,0,0,0.429,0.43,0.146,0.371,0.187,0,0.135,0.11,0.139,0.566,0.504,0.504
GO:0031123,0.267,0.033,0.186,0.045,0.035,0.153,0.211,0.29,0.256,0.24,0.247,0,0.03,0,0.038,0,0,0.216,0.035,0.45,0.443,0.407,0.445,0.482,0.438,0.035,0,0.247,0.13,0.027,0.213,0.028,0,0.182,0,0.031,0,0.222,0.19,0.251,0.197,0.263,0.247,0,0,0.027,0,0,0.188,0.176,0,0,0.21,0.189,0.025,0.741,0.476,0.529,0.132,0.174,0.486,0.144,0.024,0.445,0.237,0.025,0.025,0.4,0,0.206,0.245,0.024,0.025,0,0.49,0.486,0.187,0.486,0.164,0.164,0.031,0.029,0.024,0.027,0,0.03,0,0.032,0,0,0.154,0.145,0.683,0.44,0.374,0.459,0.118,0.194,0.217,0.368,0.196,0.169,0.199,0.388,0.322,0.186,0.391,0.204,0.029,0.028,0.388,0.388,0.174,0.181,0.172,0.026,0.027,0.156,0.027,0.152,0.15,0.161,0.154,0.149,0.14,0.023,0.021,0.157,0.174,0.164,0.156,0,0,0.167,0.153,0.023,0.02,0.027,0.158,0.251,0.223,0.226,0.376,0.186,0,0.025,0.025,0,0,0.026,0.026,0.03,0.024,0.023,0.023,0,0,0,0,0,0.032,0,0,0,0.023,0.023,0.025,0,0,0,0,0.032,0,0,0.023,0,0,0,0.314,0.314,0.395,0.367,0.327,0.342,0.028,0.022,0.022,0.023,0,0.029,0.022,0,0.03,0.023,0,0,0,0.023,0,0.025,0,0.022,0.023,0.019,0.017,0.536,0.633,0.392,0.398,0.55,0.027,0.023,0.024,0.025,0.022,0.145,0.142,0.021,0.02,0.026,0,0,0.025,0.025,0,0.021,0,0,0.021,0.019,0.025,0.021,0.018,0.022,0.02,0.024,0.19,0.408,0.385,0.367,0.298,0.325,0.185,0.622,0.189,0.163,0.371,0.318,0.189,0.331,0.321,0.142,0.212,0,0,0.021,0,0,0,0,0.491,0.338,0.463,0.332,0.869,0.671,0.144,0,0,0.02,0,0,0,0,0,0,0,0.121,0.14,0.199,0.334,0.024,0.433,0.188,0.148,0.405,0.402,0,0.024,0.023,0.021,0.997,0.919,0.173,0.75,0,0,0.492,0.321,0.31,0.301,0.126,0,0.313,0.731,0.409,0,0,0.021,0.023,0,0.332,0.028,0.027,0.022,0.024,0.024,0.409,0.023,0.339,0.401,0,0,0,0,0,0.017,0.558,0.439,0,0,0.415,0,0,0,0.024,0.022,0.027,0.017,0.024,0.023,0.02,0.492,0,0.398,0,0.024,0.024,0.021,0.022,0.409,0.02,0.02,0.018,0.37,0.342,0.409,0.02,0.019,0.022,0.021,0.028,0.031,0.021,0.145,0.135,0.129,0.03,0.022,0.029,0.025,0.139,0.13,0,0,0.025,0.024,0.025,0.021,0.145,0,0.025,0.027,0.025,0.029,0.022,0.021,0.027,0.023,0.031,0,0.219,0.215,0.215,0.029,0.022,0.034,0.034,0.024,0.024,0.021,0,0,0,0,0,0,0,0,0.023,0.023,0.025,0.023,0.2,0.027,0.184,0.209,0.184,0.029,0.018,0,0,0.027,0.027,0.021,0.028,0.022,0.024,0.029,0,0.024,0.021,0.018,0,0.029,0.027,0.023,0.022,0,0,0,0,0,0,0.024,0,0,0,0,0.02,0.018,0.018
GO:0031124,0.235,0.029,0.162,0.039,0.031,0.137,0.19,0.256,0.225,0.211,0.221,0,0.027,0,0.033,0,0,0.189,0.031,0.4,0.394,0.361,0.395,0.429,0.389,0.031,0,0.222,0.118,0.025,0.194,0.025,0,0.166,0,0.028,0,0.2,0.174,0.225,0.177,0.235,0.219,0,0,0.025,0,0,0.173,0.163,0,0,0.191,0.174,0.023,0.671,0.424,0.473,0.119,0.159,0.438,0.129,0.022,0.399,0.214,0.023,0.023,0.361,0,0.185,0.22,0.022,0.023,0,0.442,0.438,0.172,0.438,0.151,0.151,0.028,0.026,0.022,0.025,0,0.027,0,0.029,0,0,0.143,0.136,0.623,0.4,0.345,0.416,0.108,0.178,0.197,0.336,0.179,0.155,0.182,0.357,0.296,0.17,0.36,0.186,0.026,0.025,0.357,0.357,0.161,0.167,0.159,0.024,0.025,0.144,0.024,0.142,0.139,0.148,0.143,0.14,0.132,0.021,0.02,0.144,0.161,0.152,0.144,0,0,0.155,0.143,0.021,0.019,0.025,0.141,0.225,0.202,0.201,0.337,0.166,0,0.023,0.023,0,0,0.023,0.024,0.027,0.022,0.021,0.022,0,0,0,0,0,0.029,0,0,0,0.021,0.021,0.023,0,0,0,0,0.029,0,0,0.021,0,0,0,0.291,0.291,0.359,0.335,0.302,0.315,0.026,0.021,0.021,0.021,0,0.027,0.02,0,0.027,0.022,0,0,0,0.022,0,0.023,0,0.021,0.021,0.018,0.016,0.498,0.581,0.36,0.365,0.51,0.024,0.021,0.022,0.023,0.02,0.136,0.133,0.02,0.018,0.024,0,0,0.023,0.023,0,0.02,0,0,0.02,0.017,0.023,0.019,0.017,0.021,0.019,0.022,0.172,0.373,0.35,0.339,0.279,0.295,0.169,0.572,0.171,0.15,0.343,0.29,0.171,0.3,0.292,0.128,0.192,0,0,0.02,0,0,0,0,0.443,0.314,0.419,0.309,0.948,0.796,0.135,0,0,0.018,0,0,0,0,0,0,0,0.11,0.132,0.182,0.308,0.022,0.756,0.173,0.139,0.363,0.361,0,0.022,0.021,0.019,0.919,0.999,0.158,0.826,0,0,0.443,0.3,0.289,0.282,0.119,0,0.292,0.806,0.367,0,0,0.02,0.021,0,0.309,0.025,0.024,0.021,0.022,0.022,0.374,0.021,0.31,0.368,0,0,0,0,0,0.016,0.671,0.537,0,0,0.38,0,0,0,0.022,0.02,0.025,0.016,0.022,0.021,0.019,0.443,0,0.357,0,0.023,0.022,0.02,0.021,0.374,0.019,0.018,0.017,0.654,0.609,0.374,0.018,0.018,0.02,0.02,0.025,0.028,0.019,0.134,0.126,0.12,0.027,0.02,0.026,0.023,0.129,0.122,0,0,0.023,0.022,0.023,0.02,0.134,0,0.023,0.025,0.023,0.026,0.02,0.02,0.025,0.021,0.028,0,0.199,0.193,0.193,0.026,0.021,0.031,0.03,0.022,0.022,0.02,0,0,0,0,0,0,0,0,0.022,0.022,0.023,0.021,0.181,0.024,0.169,0.191,0.17,0.026,0.017,0,0,0.025,0.024,0.019,0.026,0.021,0.023,0.026,0,0.022,0.019,0.017,0,0.026,0.024,0.021,0.02,0,0,0,0,0,0,0.022,0,0,0,0,0.019,0.017,0.017
GO:0031328,0.211,0.038,0.223,0.055,0.04,0.632,0.697,0.208,0.305,0.215,0.247,0.262,0.311,0.34,0.413,0,0.308,0.218,0.041,0.27,0.272,0.278,0.271,0.265,0.19,0.041,0,0.173,0.888,0.281,0.877,0.29,0.229,0.923,0.718,0.792,0.237,0.61,0.86,0.627,0.611,0.186,0.193,0.205,0.208,0.031,0,0,0.452,0.708,0.182,0.185,0.511,0.765,0.261,0.22,0.185,0.257,0.533,0.558,0.729,0.74,0.602,0.612,0.739,0.627,0.257,0.676,0.539,0.741,0.17,0.248,0.251,0.557,0.673,0.729,0.566,0.73,0.524,0.524,0.035,0.3,0.248,0.28,0,0.034,0,0.037,0,0,0.362,0.572,0.2,0.208,0.543,0.683,0.591,0.587,0.53,0.493,0.132,0.591,0.135,0.566,0.529,0.499,0.521,0.138,0.032,0.031,0.566,0.566,0.522,0.497,0.736,0.029,0.03,0.773,0.03,0.642,0.741,0.512,0.766,0.403,0.59,0.229,0.513,0.497,0.478,0.7,0.773,0.177,0.168,0.455,0.649,0.57,0.206,0.031,0.566,0.54,0.483,0.576,0.555,0.565,0.188,0.258,0.26,0.205,0.21,0.029,0.27,0.034,0.248,0.233,0.239,0,0,0,0,0,0.036,0,0,0.212,0.231,0.232,0.262,0,0,0,0,0.036,0.243,0.242,0.236,0.222,0,0.213,0.163,0.163,0.211,0.194,0.171,0.18,0.032,0.025,0.025,0.025,0,0.033,0.024,0,0.034,0.026,0,0,0,0.576,0.23,0.256,0,0.547,0.56,0.021,0.409,0.153,0.184,0.183,0.186,0.158,0.03,0.025,0.241,0.261,0.222,0.34,0.559,0.215,0.196,0.272,0.168,0.163,0.258,0.252,0.169,0.215,0,0.154,0.215,0.186,0.26,0.207,0.182,0.225,0.199,0.241,0.215,0.191,0.457,0.372,0.296,0.214,0.199,0.181,0.214,0.172,0.172,0.458,0.214,0.218,0.463,0.162,0.498,0,0,0.023,0,0,0.168,0.151,0.517,0.34,0.483,0.334,0.149,0.196,0.094,0,0,0.196,0,0,0,0,0,0,0,0.99,0.092,0.987,0.745,0.246,0.204,0.127,0.097,0.533,0.533,0,0.027,0.229,0.5,0.173,0.158,0.99,0.363,0.156,0.128,0.517,0.46,0.718,0.696,0.082,0,0.447,0.123,0.531,0,0,0.023,0.23,0,0.152,0.031,0.03,0.226,0.249,0.588,0.975,0.236,0.878,0.956,0,0,0,0,0,0.169,0.458,0.553,0.2,0.201,0.872,0,0,0,0.026,0.222,0.031,0.018,0.027,0.57,0.489,0.517,0,0.523,0,0.027,0.241,0.515,0.226,0.975,0.206,0.196,0.441,0.489,0.705,0.975,0.196,0.189,0.024,0.023,0.031,0.035,0.21,0.455,0.421,0.4,0.034,0.024,0.033,0.028,0.435,0.405,0.181,0.184,0.028,0.026,0.028,0.023,0.455,0.176,0.027,0.031,0.028,0.032,0.024,0.211,0.031,0.025,0.036,0,0.216,0.249,0.248,0.033,0.024,0.04,0.362,0.249,0.242,0.216,0,0,0,0,0,0,0,0,0.026,0.168,0.028,0.557,0.229,0.03,0.177,0.143,0.124,0.033,0.182,0.206,0,0.03,0.03,0.21,0.032,0.225,0.177,0.299,0,0.584,0.21,0.441,0.134,0.033,0.03,0.234,0.531,0,0,0.578,0.579,0.19,0.477,0.243,0,0.178,0.134,0.179,0.204,0.177,0.177
GO:0031440,0.174,0.023,0.119,0.028,0.024,0.373,0.419,0.19,0.167,0.155,0.17,0.161,0.195,0.187,0.231,0,0.168,0.139,0.024,0.303,0.298,0.272,0.299,0.326,0.294,0.024,0,0.17,0.334,0.183,0.34,0.187,0.148,0.377,0.165,0.202,0.151,0.413,0.37,0.381,0.41,0.178,0.165,0.132,0.133,0.02,0,0,0.341,0.325,0.122,0.123,0.37,0.343,0.174,0.527,0.322,0.361,0.336,0.364,0.453,0.358,0.169,0.376,0.367,0.174,0.173,0.451,0.137,0.411,0.169,0.168,0.17,0.14,0.456,0.453,0.346,0.453,0.349,0.349,0.022,0.191,0.169,0.183,0,0.021,0,0.022,0,0,0.293,0.28,0.497,0.317,0.375,0.435,0.31,0.317,0.344,0.328,0.144,0.356,0.146,0.385,0.386,0.364,0.387,0.149,0.021,0.02,0.385,0.385,0.328,0.337,0.324,0.019,0.02,0.336,0.02,0.295,0.326,0.344,0.333,0.291,0.277,0.16,0.151,0.337,0.328,0.313,0.336,0.12,0.116,0.317,0.297,0.163,0.148,0.02,0.107,0.172,0.159,0.153,0.258,0.126,0.125,0.173,0.174,0.137,0.14,0.019,0.178,0.021,0.169,0.162,0.164,0,0,0,0,0,0.022,0,0,0.141,0.161,0.161,0.175,0,0,0,0,0.022,0.153,0.153,0.163,0.139,0,0.141,0.239,0.239,0.284,0.269,0.247,0.256,0.02,0.017,0.017,0.017,0,0.021,0.017,0,0.021,0.018,0,0,0,0.164,0.148,0.172,0,0.158,0.161,0.015,0.128,0.414,0.47,0.292,0.295,0.422,0.02,0.018,0.165,0.174,0.156,0.28,0.275,0.153,0.143,0.179,0.115,0.113,0.173,0.17,0.116,0.153,0,0.109,0.153,0.137,0.174,0.148,0.135,0.157,0.144,0.165,0.136,0.3,0.278,0.277,0.236,0.233,0.135,0.464,0.135,0.123,0.28,0.229,0.135,0.236,0.231,0.099,0.149,0,0,0.016,0,0,0.12,0.111,0.343,0.26,0.329,0.257,0.791,0.636,0.114,0,0,0.143,0,0,0,0,0,0,0,0.316,0.112,0.324,0.306,0.168,0.601,0.14,0.117,0.28,0.279,0,0.018,0.159,0.148,0.75,0.826,0.363,1,0.11,0.095,0.343,0.334,0.324,0.317,0.103,0,0.327,0.689,0.283,0,0,0.017,0.16,0,0.257,0.02,0.02,0.158,0.169,0.166,0.4,0.163,0.401,0.395,0,0,0,0,0,0.128,0.817,0.677,0.135,0.135,0.405,0,0,0,0.018,0.156,0.02,0.014,0.018,0.163,0.146,0.343,0,0.275,0,0.018,0.165,0.152,0.158,0.4,0.148,0.143,0.135,0.761,0.718,0.4,0.143,0.139,0.017,0.016,0.02,0.022,0.15,0.318,0.301,0.29,0.021,0.017,0.021,0.019,0.308,0.292,0.122,0.123,0.019,0.018,0.019,0.016,0.318,0.119,0.018,0.02,0.019,0.021,0.017,0.151,0.02,0.017,0.022,0,0.157,0.148,0.148,0.021,0.017,0.024,0.215,0.169,0.166,0.153,0,0,0,0,0,0,0,0,0.018,0.116,0.019,0.16,0.141,0.02,0.138,0.152,0.138,0.021,0.135,0.138,0,0.02,0.02,0.15,0.02,0.158,0.12,0.19,0,0.165,0.15,0.135,0.101,0.021,0.02,0.162,0.155,0,0,0.144,0.144,0.131,0.126,0.166,0,0.12,0.101,0.125,0.147,0.132,0.132
GO:0031647,0,0,0,0,0,0.192,0.186,0,0,0,0,0.178,0.17,0.216,0.21,0,0.219,0,0,0,0,0,0,0,0,0,0,0,0.167,0.157,0.165,0.161,0.161,0.163,0.184,0.177,0.165,0.186,0.163,0.191,0.187,0,0,0.162,0.163,0,0,0,0.148,0.139,0.147,0.149,0.163,0.148,0.148,0,0,0,0.168,0.156,0.179,0.182,0.142,0.187,0.181,0.147,0.146,0.182,0.147,0.182,0,0.142,0.143,0.151,0.181,0.179,0.147,0.179,0.149,0.149,0,0.165,0.142,0.156,0,0,0,0,0,0,0.123,0.117,0,0,0.142,0.171,0.152,0.152,0.168,0.158,0,0.152,0,0.147,0.15,0.16,0.148,0,0,0,0.147,0.147,0.138,0.142,0.136,0,0,0.142,0,0.122,0.137,0.146,0.141,0.12,0.113,0.133,0.125,0.142,0.138,0.131,0.142,0.143,0.138,0.132,0.123,0.136,0.122,0,0,0,0,0,0,0,0.151,0.147,0.147,0.147,0.15,0,0.152,0,0.142,0.135,0.138,0,0,0,0,0,0,0,0,0.151,0.134,0.135,0.148,0,0,0,0,0,0.168,0.168,0.136,0.652,0,0.152,0,0,0,0,0,0,0,0,0,0,0,0,0,0,0,0,0,0,0,0.137,0.161,0.146,0,0.131,0.134,0,0.103,0,0,0,0,0,0,0,0.139,0.148,0.13,0.117,0.115,0.126,0.117,0.153,0.137,0.134,0.146,0.144,0.138,0.126,0,0.128,0.126,0.112,0.147,0.122,0.11,0.131,0.118,0.139,0,0,0,0,0,0,0,0,0,0,0,0,0,0,0,0,0,0,0,0,0,0,0.125,0.115,0,0,0,0,0,0,0,0,0,0.117,0,0,0,0,0,0,0,0.156,0,0.155,0.145,0.141,0,0,0,0,0,0,0,0.133,0.122,0,0,0.156,0.11,0.999,0.848,0,0.124,0.12,0.117,0,0,0.121,0,0,0,0,0,0.133,0,0,0,0,0.132,0.143,0.14,0.154,0.136,0.157,0.151,0,0,0,0,0,0.103,0.133,0.107,0.144,0.144,0.156,0,0,0,0,0.129,0,0,0,0.136,0.12,0,0,0,0,0,0.139,0.125,0.131,0.154,0.122,0.117,0.11,0.141,0.131,0.154,0.117,0.113,0,0,0,0,0.124,0.133,0.124,0.119,0,0,0,0,0.128,0.12,0.146,0.148,0,0,0,0,0.133,0.143,0,0,0,0,0,0.124,0,0,0,0,0,0,0,0,0,0,0.191,0.143,0.139,0.127,0,0,0,0,0,0,0,0,0,0.523,0,0.134,0,0,0,0,0,0,0.11,0.148,0,0,0,0.124,0,0.131,0.545,0.165,0,0.139,0.124,0.11,0.103,0,0,0.135,0.128,0,0,0.155,0.155,0.138,0.133,0.14,0,0.548,0.103,0.131,0.121,0.107,0.107
GO:0031648,0,0,0,0,0,0.152,0.148,0,0,0,0,0.143,0.138,0.167,0.163,0,0.168,0,0,0,0,0,0,0,0,0,0,0,0.136,0.129,0.135,0.132,0.132,0.133,0.147,0.142,0.134,0.148,0.133,0.151,0.149,0,0,0.132,0.133,0,0,0,0.123,0.117,0.122,0.123,0.133,0.123,0.123,0,0,0,0.137,0.129,0.144,0.145,0.119,0.149,0.145,0.122,0.122,0.145,0.122,0.145,0,0.119,0.12,0.125,0.145,0.144,0.122,0.144,0.123,0.123,0,0.135,0.119,0.129,0,0,0,0,0,0,0.105,0.1,0,0,0.119,0.138,0.126,0.125,0.136,0.13,0,0.126,0,0.122,0.124,0.131,0.123,0,0,0,0.122,0.122,0.116,0.119,0.115,0,0,0.119,0,0.104,0.115,0.122,0.118,0.103,0.098,0.112,0.106,0.119,0.116,0.111,0.119,0.12,0.116,0.112,0.105,0.115,0.104,0,0,0,0,0,0,0,0.125,0.122,0.122,0.122,0.124,0,0.126,0,0.119,0.114,0.116,0,0,0,0,0,0,0,0,0.125,0.113,0.114,0.123,0,0,0,0,0,0.137,0.136,0.115,0.528,0,0.125,0,0,0,0,0,0,0,0,0,0,0,0,0,0,0,0,0,0,0,0.115,0.132,0.121,0,0.111,0.113,0,0.09,0,0,0,0,0,0,0,0.116,0.123,0.11,0.1,0.099,0.108,0.1,0.126,0.115,0.113,0.122,0.12,0.116,0.108,0,0.109,0.108,0.097,0.123,0.105,0.095,0.111,0.102,0.116,0,0,0,0,0,0,0,0,0,0,0,0,0,0,0,0,0,0,0,0,0,0,0.106,0.099,0,0,0,0,0,0,0,0,0,0.1,0,0,0,0,0,0,0,0.128,0,0.128,0.121,0.118,0,0,0,0,0,0,0,0.112,0.105,0,0,0.128,0.095,0.848,1,0,0.106,0.103,0.1,0,0,0.104,0,0,0,0,0,0.113,0,0,0,0,0.111,0.119,0.117,0.127,0.115,0.129,0.125,0,0,0,0,0,0.09,0.113,0.093,0.12,0.121,0.129,0,0,0,0,0.11,0,0,0,0.115,0.103,0,0,0,0,0,0.117,0.107,0.111,0.127,0.104,0.1,0.095,0.118,0.111,0.127,0.1,0.098,0,0,0,0,0.106,0.112,0.106,0.102,0,0,0,0,0.109,0.103,0.122,0.123,0,0,0,0,0.112,0.119,0,0,0,0,0,0.106,0,0,0,0,0,0,0,0,0,0,0.151,0.119,0.117,0.108,0,0,0,0,0,0,0,0,0,0.44,0,0.113,0,0,0,0,0,0,0.095,0.123,0,0,0,0.106,0,0.111,0.455,0.134,0,0.117,0.106,0.095,0.09,0,0,0.114,0.109,0,0,0.128,0.128,0.116,0.112,0.117,0,0.457,0.09,0.111,0.104,0.093,0.093
GO:0032774,0.439,0.048,0.314,0.082,0.053,0.23,0.313,0.474,0.423,0.398,0.368,0,0.042,0,0.061,0,0,0.361,0.054,0.698,0.689,0.641,0.691,0.74,0.682,0.054,0,0.369,0.183,0.037,0.298,0.038,0,0.254,0,0.045,0,0.33,0.265,0.377,0.293,0.406,0.388,0,0,0.037,0,0,0.251,0.231,0,0,0.292,0.253,0.034,0.657,0.405,0.802,0.185,0.237,0.932,0.647,0.032,0.365,0.771,0.034,0.033,0.586,0,0.661,0.363,0.032,0.032,0,0.716,0.932,0.553,0.933,0.22,0.22,0.044,0.04,0.032,0.037,0,0.043,0,0.047,0,0,0.193,0.18,0.586,0.613,0.649,0.859,0.489,0.58,0.305,0.279,0.265,0.499,0.271,0.683,0.432,0.257,0.523,0.28,0.04,0.038,0.683,0.683,0.503,0.238,0.223,0.035,0.037,0.205,0.036,0.19,0.195,0.214,0.203,0.186,0.173,0.029,0.027,0.206,0.227,0.21,0.205,0,0,0.214,0.192,0.03,0.026,0.037,0.746,0.837,0.705,0.757,0.829,0.75,0,0.033,0.034,0,0,0.034,0.035,0.042,0.032,0.03,0.03,0,0,0,0,0,0.046,0,0,0,0.029,0.03,0.034,0,0,0,0,0.046,0,0,0.03,0,0,0,0.406,0.407,0.554,0.5,0.429,0.455,0.039,0.029,0.029,0.029,0,0.041,0.028,0,0.043,0.03,0,0,0,0.03,0,0.033,0,0.029,0.029,0.024,0.02,0.425,0.529,0.524,0.534,0.44,0.036,0.03,0.031,0.034,0.028,0.18,0.175,0.027,0.024,0.036,0,0,0.033,0.032,0,0.027,0,0,0.027,0.023,0.034,0.026,0.022,0.028,0.025,0.031,0.268,0.553,0.66,0.514,0.395,0.459,0.254,0.517,0.266,0.214,0.488,0.651,0.266,0.469,0.659,0.206,0.638,0,0,0.027,0,0,0,0,0.948,0.569,0.87,0.558,0.412,0.572,0.178,0,0,0.024,0,0,0,0,0,0,0,0.506,0.173,0.602,0.245,0.032,0.599,0.252,0.185,0.899,0.901,0,0.032,0.029,0.026,0.492,0.443,0.517,0.343,0,0,0.949,0.534,0.51,0.492,0.152,0,0.517,0.333,0.907,0,0,0.027,0.029,0,0.421,0.039,0.036,0.029,0.032,0.031,0.731,0.03,0.464,0.713,0,0,0,0,0,0.02,0.448,0.333,0,0,0.566,0,0,0,0.031,0.028,0.038,0.02,0.032,0.03,0.025,0.948,0,0.893,0,0.032,0.031,0.027,0.029,0.731,0.026,0.024,0.022,0.485,0.439,0.731,0.024,0.023,0.028,0.027,0.039,0.044,0.026,0.186,0.17,0.16,0.042,0.028,0.041,0.033,0.177,0.163,0,0,0.033,0.031,0.034,0.027,0.186,0,0.033,0.037,0.033,0.04,0.028,0.026,0.038,0.03,0.045,0,0.31,0.322,0.321,0.041,0.029,0.052,0.051,0.032,0.031,0.027,0,0,0,0,0,0,0,0,0.031,0.03,0.034,0.029,0.29,0.036,0.244,0.291,0.244,0.041,0.022,0,0,0.037,0.036,0.026,0.039,0.028,0.032,0.04,0,0.031,0.026,0.022,0,0.04,0.036,0.03,0.028,0,0,0,0,0,0,0.031,0,0,0,0,0.025,0.022,0.022
GO:0032784,0.211,0.027,0.145,0.035,0.028,0.444,0.496,0.23,0.202,0.189,0.202,0.189,0.228,0.227,0.279,0,0.204,0.17,0.028,0.363,0.357,0.327,0.358,0.39,0.352,0.028,0,0.202,0.39,0.212,0.396,0.217,0.172,0.439,0.195,0.237,0.176,0.489,0.43,0.453,0.486,0.213,0.198,0.153,0.155,0.023,0,0,0.392,0.371,0.14,0.142,0.43,0.394,0.2,0.385,0.385,0.43,0.393,0.421,0.551,0.531,0.193,0.485,0.533,0.199,0.198,0.532,0.157,0.532,0.2,0.192,0.195,0.161,0.538,0.551,0.437,0.55,0.401,0.401,0.025,0.223,0.193,0.211,0,0.025,0,0.026,0,0,0.329,0.313,0.359,0.369,0.441,0.525,0.449,0.45,0.402,0.414,0.166,0.45,0.169,0.456,0.443,0.422,0.445,0.172,0.024,0.023,0.456,0.456,0.411,0.385,0.369,0.022,0.023,0.383,0.023,0.331,0.371,0.395,0.381,0.326,0.309,0.181,0.17,0.385,0.374,0.355,0.383,0.137,0.132,0.36,0.334,0.185,0.166,0.023,0.393,0.454,0.413,0.401,0.449,0.396,0.144,0.199,0.199,0.158,0.161,0.022,0.205,0.025,0.193,0.184,0.187,0,0,0,0,0,0.026,0,0,0.162,0.182,0.183,0.201,0,0,0,0,0.026,0.179,0.178,0.186,0.162,0,0.162,0.272,0.272,0.331,0.311,0.282,0.293,0.024,0.02,0.019,0.02,0,0.024,0.019,0,0.025,0.02,0,0,0,0.186,0.172,0.197,0,0.179,0.182,0.017,0.141,0.292,0.337,0.335,0.339,0.298,0.023,0.02,0.188,0.2,0.177,0.313,0.307,0.172,0.16,0.207,0.131,0.129,0.198,0.195,0.132,0.172,0,0.123,0.172,0.153,0.2,0.167,0.15,0.178,0.162,0.188,0.158,0.346,0.397,0.339,0.282,0.272,0.156,0.332,0.158,0.14,0.32,0.391,0.158,0.276,0.394,0.117,0.362,0,0,0.019,0,0,0.135,0.124,0.535,0.955,0.51,0.942,0.285,0.354,0.127,0,0,0.16,0,0,0,0,0,0,0,0.459,0.125,0.461,0.381,0.191,0.364,0.161,0.131,0.498,0.499,0,0.021,0.181,0.167,0.321,0.3,0.46,0.334,0.124,0.106,0.534,0.999,0.967,0.942,0.114,0,0.976,0.245,0.504,0,0,0.019,0.182,0,0.29,0.023,0.023,0.179,0.193,0.19,0.476,0.185,0.464,0.469,0,0,0,0,0,0.141,0.402,0.326,0.155,0.155,0.468,0,0,0,0.02,0.176,0.023,0.015,0.021,0.185,0.164,0.535,0,0.494,0,0.021,0.189,0.171,0.179,0.476,0.166,0.16,0.15,0.424,0.397,0.476,0.16,0.155,0.019,0.018,0.023,0.026,0.169,0.36,0.338,0.325,0.025,0.019,0.024,0.021,0.347,0.328,0.14,0.141,0.021,0.02,0.022,0.018,0.36,0.137,0.021,0.023,0.021,0.024,0.019,0.17,0.023,0.02,0.026,0,0.183,0.176,0.176,0.024,0.019,0.028,0.255,0.193,0.189,0.173,0,0,0,0,0,0,0,0,0.02,0.132,0.022,0.182,0.166,0.023,0.158,0.176,0.158,0.024,0.15,0.158,0,0.023,0.023,0.169,0.024,0.178,0.137,0.222,0,0.189,0.169,0.15,0.112,0.024,0.023,0.184,0.175,0,0,0.166,0.166,0.149,0.143,0.19,0,0.138,0.112,0.142,0.165,0.147,0.147
GO:0032786,0.199,0.025,0.137,0.033,0.027,0.423,0.472,0.218,0.191,0.179,0.192,0.181,0.218,0.215,0.264,0,0.193,0.16,0.027,0.344,0.339,0.31,0.34,0.37,0.334,0.027,0,0.193,0.628,0.204,0.642,0.208,0.164,0.659,0.489,0.548,0.168,0.466,0.662,0.431,0.463,0.202,0.188,0.147,0.148,0.022,0,0,0.377,0.574,0.135,0.136,0.412,0.608,0.193,0.368,0.365,0.409,0.376,0.404,0.525,0.507,0.45,0.461,0.509,0.464,0.191,0.508,0.399,0.507,0.191,0.185,0.187,0.409,0.513,0.525,0.42,0.525,0.386,0.386,0.024,0.213,0.186,0.203,0,0.024,0,0.025,0,0,0.318,0.486,0.345,0.354,0.425,0.502,0.432,0.432,0.384,0.397,0.16,0.432,0.162,0.439,0.426,0.405,0.428,0.165,0.023,0.022,0.438,0.439,0.396,0.371,0.561,0.021,0.022,0.578,0.022,0.506,0.56,0.38,0.574,0.316,0.473,0.175,0.398,0.371,0.36,0.541,0.578,0.132,0.127,0.347,0.51,0.432,0.161,0.022,0.374,0.432,0.394,0.381,0.427,0.376,0.138,0.191,0.192,0.152,0.154,0.021,0.197,0.024,0.186,0.177,0.18,0,0,0,0,0,0.025,0,0,0.155,0.176,0.177,0.193,0,0,0,0,0.025,0.171,0.171,0.179,0.155,0,0.156,0.262,0.263,0.317,0.298,0.272,0.282,0.023,0.019,0.019,0.019,0,0.023,0.018,0,0.024,0.02,0,0,0,0.435,0.165,0.19,0,0.418,0.426,0.016,0.332,0.282,0.324,0.322,0.326,0.288,0.022,0.019,0.182,0.193,0.171,0.303,0.478,0.166,0.155,0.198,0.127,0.124,0.191,0.187,0.128,0.166,0,0.119,0.166,0.148,0.192,0.161,0.146,0.172,0.157,0.182,0.152,0.333,0.38,0.326,0.274,0.26,0.15,0.319,0.151,0.135,0.308,0.374,0.151,0.264,0.377,0.112,0.346,0,0,0.018,0,0,0.13,0.12,0.511,0.922,0.487,0.91,0.276,0.34,0.123,0,0,0.155,0,0,0,0,0,0,0,0.718,0.121,0.72,0.57,0.184,0.349,0.155,0.127,0.474,0.476,0,0.02,0.175,0.39,0.31,0.289,0.718,0.324,0.12,0.103,0.51,0.967,1,0.975,0.11,0,0.945,0.238,0.48,0,0,0.018,0.175,0,0.28,0.023,0.022,0.173,0.186,0.442,0.732,0.178,0.709,0.722,0,0,0,0,0,0.137,0.388,0.504,0.149,0.149,0.715,0,0,0,0.02,0.17,0.022,0.015,0.02,0.432,0.384,0.51,0,0.47,0,0.02,0.182,0.4,0.173,0.732,0.161,0.155,0.353,0.408,0.61,0.732,0.155,0.15,0.018,0.018,0.023,0.024,0.164,0.348,0.327,0.314,0.024,0.018,0.023,0.021,0.336,0.318,0.134,0.136,0.02,0.02,0.021,0.018,0.348,0.132,0.02,0.022,0.021,0.023,0.018,0.164,0.022,0.019,0.025,0,0.175,0.167,0.167,0.023,0.019,0.027,0.243,0.186,0.182,0.167,0,0,0,0,0,0,0,0,0.02,0.127,0.021,0.424,0.158,0.022,0.152,0.169,0.152,0.023,0.146,0.152,0,0.022,0.022,0.163,0.023,0.172,0.132,0.212,0,0.44,0.164,0.353,0.109,0.023,0.022,0.178,0.409,0,0,0.42,0.42,0.143,0.364,0.183,0,0.132,0.109,0.137,0.16,0.143,0.143
GO:0032968,0.191,0.025,0.131,0.031,0.026,0.407,0.455,0.209,0.183,0.171,0.185,0.174,0.211,0.206,0.254,0,0.185,0.153,0.026,0.331,0.326,0.298,0.327,0.356,0.322,0.026,0,0.186,0.608,0.197,0.621,0.201,0.159,0.637,0.471,0.529,0.163,0.449,0.64,0.415,0.447,0.194,0.181,0.142,0.144,0.021,0,0,0.366,0.558,0.131,0.132,0.399,0.59,0.187,0.355,0.351,0.394,0.363,0.392,0.507,0.489,0.437,0.445,0.491,0.45,0.185,0.49,0.387,0.489,0.184,0.18,0.182,0.396,0.495,0.507,0.408,0.507,0.375,0.375,0.023,0.206,0.18,0.196,0,0.023,0,0.024,0,0,0.311,0.475,0.334,0.342,0.492,0.578,0.419,0.419,0.372,0.384,0.155,0.419,0.157,0.426,0.413,0.392,0.415,0.16,0.022,0.022,0.426,0.426,0.385,0.36,0.546,0.021,0.021,0.562,0.021,0.493,0.545,0.369,0.558,0.308,0.462,0.17,0.388,0.36,0.35,0.526,0.562,0.128,0.124,0.338,0.497,0.42,0.157,0.021,0.36,0.416,0.381,0.366,0.411,0.362,0.134,0.185,0.186,0.147,0.15,0.02,0.191,0.023,0.18,0.172,0.175,0,0,0,0,0,0.024,0,0,0.151,0.171,0.172,0.187,0,0,0,0,0.024,0.166,0.165,0.174,0.15,0,0.151,0.255,0.255,0.306,0.289,0.264,0.274,0.022,0.018,0.018,0.019,0,0.023,0.018,0,0.023,0.019,0,0,0,0.423,0.159,0.184,0,0.407,0.414,0.016,0.325,0.274,0.314,0.313,0.316,0.28,0.021,0.019,0.177,0.187,0.166,0.296,0.467,0.162,0.151,0.192,0.123,0.121,0.185,0.182,0.124,0.162,0,0.116,0.162,0.145,0.186,0.157,0.143,0.167,0.153,0.177,0.146,0.322,0.367,0.317,0.267,0.252,0.145,0.31,0.146,0.131,0.299,0.362,0.146,0.255,0.365,0.108,0.334,0,0,0.018,0,0,0.127,0.117,0.493,0.898,0.567,0.913,0.269,0.329,0.12,0,0,0.151,0,0,0,0,0,0,0,0.696,0.118,0.698,0.553,0.179,0.338,0.15,0.124,0.457,0.458,0,0.019,0.17,0.381,0.301,0.282,0.696,0.317,0.117,0.1,0.492,0.942,0.975,1,0.108,0,0.966,0.233,0.463,0,0,0.018,0.17,0,0.273,0.022,0.021,0.168,0.181,0.43,0.71,0.173,0.687,0.729,0,0,0,0,0,0.134,0.378,0.493,0.145,0.145,0.693,0,0,0,0.019,0.166,0.022,0.015,0.02,0.42,0.374,0.492,0,0.453,0,0.02,0.177,0.389,0.168,0.71,0.157,0.151,0.345,0.397,0.594,0.71,0.151,0.147,0.018,0.017,0.022,0.024,0.16,0.338,0.319,0.307,0.023,0.018,0.022,0.02,0.327,0.31,0.13,0.132,0.02,0.019,0.02,0.017,0.338,0.128,0.02,0.021,0.02,0.022,0.018,0.16,0.021,0.019,0.024,0,0.169,0.161,0.161,0.022,0.018,0.026,0.234,0.181,0.177,0.163,0,0,0,0,0,0,0,0,0.019,0.123,0.02,0.413,0.153,0.021,0.147,0.163,0.148,0.022,0.143,0.148,0,0.021,0.021,0.159,0.022,0.168,0.128,0.205,0,0.427,0.16,0.345,0.106,0.022,0.021,0.173,0.398,0,0,0.407,0.407,0.139,0.354,0.178,0,0.129,0.106,0.133,0.156,0.14,0.14
GO:0033523,0.158,0,0.108,0,0,0.096,0.094,0.172,0.105,0.141,0.156,0,0,0,0,0,0,0.126,0,0.149,0.099,0.151,0.099,0.162,0.117,0,0,0.367,0.086,0,0.142,0,0,0.085,0,0,0,0.141,0.127,0.158,0.125,0.291,0.251,0,0,0,0,0,0.319,0.305,0,0,0.252,0.234,0,0.146,0.162,0.159,0.087,0.082,0.151,0.092,0,0.156,0.152,0,0,0.138,0,0.092,0.38,0,0,0,0.152,0.151,0.13,0.151,0.079,0.079,0,0,0,0,0,0,0,0,0,0,0.476,0.456,0.138,0.141,0.127,0.145,0.081,0.133,0.144,0.137,0.62,0.081,0.604,0.13,0.12,0.126,0.131,0.581,0,0,0.13,0.13,0.123,0.311,0.3,0,0,0.076,0,0.274,0.074,0.078,0.076,0.271,0.259,0,0,0.077,0.303,0.29,0.076,0,0,0.293,0.276,0,0,0,0.098,0.158,0.146,0.097,0.143,0.115,0,0,0,0,0,0,0,0,0,0,0,0,0,0,0,0,0,0,0,0,0,0,0,0,0,0,0,0,0,0,0,0,0,0,0.122,0.122,0.143,0.136,0.125,0.129,0,0,0,0,0,0,0,0,0,0,0,0,0,0,0,0,0,0,0,0,0,0.274,0.131,0.307,0.132,0.119,0,0,0,0,0,0.5,0.492,0,0,0,0,0,0,0,0,0,0,0,0,0,0,0,0,0,0,0,0.103,0.134,0.254,0.224,0.192,0.218,0.208,0.13,0.103,0.191,0.19,0.215,0.103,0.132,0.13,0.091,0.228,0,0,0,0,0,0,0,0.152,0.118,0.146,0.116,0.115,0.137,0.496,0,0,0,0,0,0,0,0,0,0,0.082,0.837,0.136,0.129,0,0.14,0.657,0.872,0.093,0.093,0,0,0,0,0.126,0.119,0.082,0.103,0,0,0.152,0.114,0.11,0.108,1,0,0.111,0.101,0.14,0,0,0,0,0,0.116,0,0,0,0,0,0.135,0,0.124,0.133,0,0,0,0,0,0,0.12,0.101,0,0,0.136,0,0,0,0,0,0,0,0,0,0,0.152,0,0.111,0,0,0,0,0,0.135,0,0,0,0.126,0.119,0.135,0,0,0,0,0,0,0,0.072,0.069,0.066,0,0,0,0,0.07,0.067,0,0,0,0,0,0,0.072,0,0,0,0,0,0,0,0,0,0,0,0.355,0.095,0.095,0,0,0,0,0,0,0,0,0,0,0,0,0,0,0,0,0,0,0,0.09,0,0.315,0.344,0.315,0,0,0,0,0,0,0,0,0,0,0,0,0,0,0,0,0,0,0,0,0,0,0,0,0,0,0,0,0,0,0,0,0,0
GO:0033993,0,0,0,0,0,0,0,0,0,0,0,0,0,0,0,0.268,0,0,0,0,0,0,0,0,0,0.257,0,0,0,0.213,0,0,0,0,0,0,0.222,0,0,0,0,0,0,0,0,0,0.617,0.472,0,0,0,0,0,0,0.202,0,0,0,0,0,0,0,0.196,0,0,0,0,0,0,0,0,0,0,0.206,0,0,0,0,0,0,0,0,0,0,0.243,0.23,0,0,0,0,0,0,0,0,0,0,0,0,0,0,0,0,0,0,0,0,0,0,0.435,0.605,0,0,0,0,0,0,0,0,0,0,0,0,0,0,0.16,0.184,0.174,0,0,0,0,0,0,0,0,0.188,0.17,0,0,0,0,0,0,0,0,0.201,0,0,0.205,0,0,0,0,0,0,0,0,0,0,0,0,0,0,0,0,0,0,0,0,0,0,0,0,0,0,0,0,0,0.187,0.187,0,0.211,0.193,0,0.218,0,0,0,0,0,0,0,0,0,0,0,0,0,0,0,0.454,0,0,0.454,0.147,0,0,0,0,0,0,0,0,0,0,0,0,0.176,0.164,0,0,0,0,0,0,0,0.537,0,0,0,0,0,0,0,0,0.191,0,0,0,0,0,0,0,0,0,0,0,0,0,0,0,0,0,0,0,0,0,0.413,0,0,0,0,0,0,0,0,0,0,0,0,0.233,0.219,0.205,0,0,0,0,0,0,0,0,0,0,0,0,0,0,0,0,0.184,0.171,0,0,0,0,0,0,0,0,0,0,0,1,0,0,0,0,0,0,0,0.219,0,0,0,0,0,0,0,0,0,0,0,0,0,0,0,0,0,0,0,0,0,0.219,0,0,0,0.18,0,0.917,0,0,0.168,0,0,0,0.395,0.386,0,0,0,0,0,0,0,0,0,0,0,0,0,0,0,0,0,0,0,0,0,0,0,0,0,0,0,0,0,0,0,0,0,0,0,0,0,0,0,0,0,0,0,0,0,0,0,0,0,0,0.251,0.196,0.191,0.176,0,0,0,0,0,0,0,0,0,0,0,0,0,0,0,0,0,0,0,0,0,0,0,0,0,0.182,0,0.221,0,0,0,0,0,0,0,0,0,0,0,0,0,0,0,0,0,0,0,0,0.17,0.152,0.152
GO:0034243,0.203,0.026,0.139,0.033,0.027,0.429,0.479,0.221,0.195,0.182,0.195,0.183,0.221,0.218,0.269,0,0.196,0.163,0.027,0.35,0.344,0.315,0.345,0.376,0.34,0.027,0,0.195,0.378,0.206,0.384,0.211,0.167,0.426,0.188,0.23,0.171,0.473,0.417,0.438,0.47,0.205,0.191,0.149,0.15,0.022,0,0,0.381,0.361,0.136,0.138,0.418,0.383,0.195,0.373,0.371,0.415,0.381,0.409,0.533,0.514,0.188,0.468,0.516,0.194,0.193,0.515,0.153,0.514,0.194,0.187,0.189,0.157,0.521,0.533,0.425,0.533,0.391,0.391,0.025,0.216,0.188,0.205,0,0.024,0,0.025,0,0,0.322,0.306,0.349,0.358,0.499,0.591,0.437,0.438,0.389,0.402,0.162,0.437,0.164,0.444,0.431,0.41,0.433,0.167,0.023,0.023,0.444,0.444,0.4,0.375,0.36,0.022,0.022,0.373,0.022,0.324,0.362,0.384,0.371,0.319,0.303,0.177,0.166,0.375,0.364,0.346,0.373,0.133,0.129,0.351,0.326,0.18,0.162,0.022,0.38,0.439,0.4,0.387,0.433,0.382,0.14,0.193,0.194,0.154,0.156,0.021,0.2,0.024,0.188,0.179,0.182,0,0,0,0,0,0.025,0,0,0.157,0.178,0.178,0.195,0,0,0,0,0.025,0.174,0.173,0.181,0.157,0,0.158,0.265,0.265,0.321,0.302,0.275,0.285,0.023,0.019,0.019,0.019,0,0.024,0.019,0,0.024,0.02,0,0,0,0.182,0.167,0.192,0,0.175,0.178,0.017,0.139,0.285,0.328,0.326,0.33,0.291,0.022,0.019,0.184,0.195,0.172,0.306,0.3,0.168,0.156,0.201,0.128,0.126,0.193,0.19,0.129,0.168,0,0.12,0.168,0.15,0.194,0.163,0.147,0.174,0.158,0.184,0.154,0.337,0.385,0.33,0.276,0.264,0.152,0.323,0.153,0.136,0.311,0.379,0.153,0.267,0.382,0.113,0.351,0,0,0.018,0,0,0.132,0.121,0.518,0.932,0.595,0.946,0.279,0.344,0.124,0,0,0.156,0,0,0,0,0,0,0,0.446,0.122,0.448,0.371,0.186,0.353,0.157,0.128,0.481,0.482,0,0.02,0.176,0.163,0.313,0.292,0.447,0.327,0.121,0.104,0.517,0.976,0.945,0.966,0.111,0,1,0.24,0.487,0,0,0.018,0.177,0,0.283,0.023,0.022,0.175,0.188,0.185,0.463,0.18,0.45,0.53,0,0,0,0,0,0.139,0.392,0.319,0.151,0.151,0.455,0,0,0,0.02,0.172,0.022,0.015,0.02,0.18,0.16,0.517,0,0.477,0,0.02,0.184,0.167,0.175,0.463,0.162,0.156,0.147,0.413,0.387,0.463,0.156,0.152,0.018,0.018,0.023,0.025,0.165,0.351,0.331,0.317,0.024,0.019,0.023,0.021,0.339,0.321,0.136,0.137,0.021,0.02,0.021,0.018,0.351,0.133,0.021,0.022,0.021,0.023,0.019,0.166,0.022,0.019,0.025,0,0.178,0.17,0.17,0.024,0.019,0.027,0.246,0.188,0.184,0.169,0,0,0,0,0,0,0,0,0.02,0.128,0.021,0.177,0.161,0.022,0.154,0.171,0.154,0.023,0.147,0.154,0,0.022,0.022,0.165,0.023,0.174,0.133,0.215,0,0.184,0.165,0.147,0.11,0.023,0.022,0.179,0.171,0,0,0.161,0.161,0.145,0.139,0.185,0,0.134,0.11,0.138,0.162,0.144,0.144
GO:0034402,0.167,0.319,0.115,0.027,0.333,0.101,0.142,0.183,0.161,0.15,0.165,0,0.021,0,0.024,0,0,0.134,0.321,0.292,0.287,0.263,0.289,0.315,0.284,0.023,0,0.165,0.091,0.019,0.149,0.02,0,0.128,0,0.021,0,0.149,0.134,0.167,0.132,0.172,0.159,0,0,0.282,0,0,0.136,0.13,0,0,0.147,0.137,0.018,0.511,0.311,0.349,0.091,0.124,0.33,0.097,0.018,0.297,0.16,0.018,0.018,0.271,0,0.139,0.164,0.018,0.018,0,0.332,0.33,0.136,0.33,0.119,0.119,0.484,0.293,0.018,0.019,0,0.021,0,0.022,0,0,0.117,0.112,0.483,0.308,0.274,0.317,0.084,0.139,0.151,0.261,0.14,0.121,0.142,0.282,0.232,0.132,0.283,0.144,0.02,0.019,0.282,0.282,0.129,0.132,0.127,0.019,0.019,0.114,0.019,0.116,0.111,0.117,0.114,0.115,0.109,0.017,0.016,0.115,0.129,0.123,0.114,0,0,0.125,0.117,0.017,0.016,0.612,0.103,0.167,0.154,0.148,0.249,0.122,0,0.018,0.018,0,0,0.27,0.019,0.518,0.018,0.017,0.253,0,0,0,0,0,0.021,0,0,0,0.017,0.017,0.018,0,0,0,0,0.021,0,0,0.017,0,0,0,0.233,0.234,0.276,0.261,0.241,0.249,0.02,0.245,0.245,0.248,0,0.02,0.016,0,0.021,0.017,0,0,0,0.017,0,0.018,0,0.017,0.017,0.015,0.014,0.517,0.585,0.284,0.287,0.528,0.603,0.54,0.254,0.268,0.241,0.112,0.11,0.016,0.015,0.275,0,0,0.42,0.262,0,0.406,0,0,0.406,0.366,0.267,0.395,0.361,0.418,0.385,0.017,0.132,0.292,0.269,0.27,0.231,0.226,0.131,0.451,0.131,0.119,0.273,0.223,0.131,0.228,0.224,0.096,0.144,0,0,0.016,0,0,0,0,0.332,0.254,0.319,0.251,0.772,0.618,0.111,0,0,0.015,0,0,0,0,0,0,0,0.086,0.109,0.142,0.243,0.018,0.583,0.137,0.114,0.271,0.27,0,0.733,0.017,0.016,0.731,0.806,0.123,0.689,0,0,0.333,0.245,0.238,0.233,0.101,0,0.24,1,0.274,0,0,0.016,0.017,0,0.251,0.591,0.019,0.017,0.018,0.018,0.292,0.017,0.241,0.288,0,0,0,0,0,0.014,0.541,0.45,0,0,0.296,0,0,0,0.017,0.016,0.609,0.014,0.731,0.017,0.015,0.332,0,0.267,0,0.018,0.017,0.016,0.017,0.292,0.016,0.015,0.014,0.521,0.492,0.292,0.015,0.015,0.238,0.016,0.02,0.021,0.016,0.108,0.103,0.099,0.02,0.016,0.294,0.457,0.105,0.1,0,0,0.018,0.017,0.268,0.016,0.108,0,0.453,0.486,0.456,0.293,0.016,0.016,0.019,0.017,0.021,0,0.152,0.143,0.143,0.295,0.244,0.023,0.022,0.018,0.017,0.016,0,0,0,0,0,0,0,0,0.017,0.253,0.268,0.017,0.137,0.019,0.134,0.147,0.134,0.02,0.014,0,0,0.019,0.278,0.016,0.02,0.017,0.261,0.02,0,0.017,0.016,0.014,0,0.02,0.019,0.017,0.016,0,0,0,0,0,0,0.018,0,0,0,0,0.016,0.014,0.014
GO:0034654,0.459,0.05,0.33,0.087,0.055,0.239,0.324,0.354,0.443,0.417,0.33,0,0.043,0,0.063,0,0,0.379,0.056,0.725,0.716,0.667,0.718,0.705,0.709,0.056,0,0.273,0.188,0.038,0.219,0.039,0,0.261,0,0.046,0,0.342,0.272,0.279,0.303,0.383,0.404,0,0,0.038,0,0,0.233,0.214,0,0,0.272,0.235,0.035,0.55,0.3,0.676,0.191,0.243,0.891,0.669,0.033,0.27,0.672,0.034,0.034,0.605,0,0.683,0.341,0.033,0.033,0,0.602,0.891,0.485,0.891,0.225,0.225,0.046,0.041,0.033,0.038,0,0.044,0,0.048,0,0,0.179,0.166,0.489,0.513,0.615,0.819,0.501,0.502,0.224,0.204,0.247,0.511,0.252,0.647,0.443,0.264,0.435,0.26,0.041,0.039,0.647,0.647,0.44,0.221,0.206,0.036,0.038,0.209,0.037,0.176,0.199,0.219,0.207,0.172,0.159,0.03,0.027,0.211,0.211,0.195,0.209,0,0,0.199,0.178,0.031,0.026,0.038,0.775,0.732,0.622,0.786,0.859,0.779,0,0.034,0.034,0,0,0.035,0.036,0.044,0.033,0.03,0.031,0,0,0,0,0,0.048,0,0,0,0.03,0.03,0.035,0,0,0,0,0.048,0,0,0.031,0,0,0,0.38,0.381,0.523,0.47,0.402,0.427,0.04,0.029,0.029,0.03,0,0.042,0.028,0,0.044,0.031,0,0,0,0.031,0,0.034,0,0.029,0.03,0.024,0.021,0.352,0.44,0.437,0.445,0.365,0.037,0.03,0.031,0.035,0.029,0.166,0.162,0.027,0.025,0.036,0,0,0.034,0.033,0,0.027,0,0,0.027,0.023,0.035,0.026,0.023,0.029,0.025,0.031,0.275,0.461,0.668,0.517,0.395,0.472,0.261,0.43,0.274,0.219,0.405,0.67,0.274,0.483,0.678,0.213,0.658,0,0,0.027,0,0,0,0,0.906,0.537,0.829,0.526,0.341,0.477,0.164,0,0,0.025,0,0,0,0,0,0,0,0.519,0.159,0.522,0.179,0.032,0.5,0.234,0.171,0.929,0.931,0,0.033,0.03,0.026,0.409,0.367,0.531,0.283,0,0,0.907,0.504,0.48,0.463,0.14,0,0.487,0.274,0.938,0,0,0.028,0.03,0,0.349,0.04,0.037,0.029,0.033,0.032,0.694,0.031,0.476,0.677,0,0,0,0,0,0.021,0.372,0.274,0,0,0.472,0,0,0,0.031,0.028,0.039,0.021,0.033,0.031,0.026,0.907,0,0.924,0,0.033,0.032,0.027,0.029,0.694,0.026,0.025,0.023,0.403,0.364,0.694,0.025,0.024,0.028,0.027,0.04,0.046,0.027,0.19,0.173,0.163,0.043,0.029,0.042,0.034,0.18,0.166,0,0,0.034,0.032,0.035,0.027,0.19,0,0.033,0.038,0.034,0.041,0.028,0.027,0.039,0.03,0.047,0,0.29,0.333,0.333,0.042,0.029,0.054,0.053,0.033,0.032,0.028,0,0,0,0,0,0,0,0,0.031,0.031,0.035,0.03,0.299,0.037,0.226,0.271,0.227,0.042,0.023,0,0,0.037,0.037,0.027,0.04,0.029,0.033,0.041,0,0.032,0.027,0.023,0,0.041,0.037,0.03,0.028,0,0,0,0,0,0,0.032,0,0,0,0,0.026,0.022,0.022
GO:0035239,0,0,0,0,0,0,0,0,0,0,0,0,0,0,0,0,0,0,0,0,0,0,0,0,0,0,0,0,0,0,0,0,0,0,0,0,0,0,0,0,0,0,0,0,0,0,0,0,0,0,0,0,0,0,0,0,0,0,0,0,0,0,0,0,0,0,0,0,0,0,0,0,0,0,0,0,0,0,0,0,0,0,0,0,0,0,0,0,0,0,0,0,0,0,0,0,0,0,0,0,0,0,0,0,0,0,0,0,0,0,0,0,0,0,0,0,0,0,0,0,0,0,0,0,0,0,0,0,0,0,0,0,0,0,0,0,0,0,0,0,0,0,0,0,0,0,0,0,0,0,0,0,0,0,0,0.266,0.507,0.299,0.667,0.566,0.372,0.375,0.416,0,0,0,0.304,0.377,0.386,0.462,0.457,0.373,0.347,0.305,0,0,0.482,0.398,0,0,0,0,0,0,0,0,0,0,0,0,0,0,0,0,0,0,0,0,0,0,0,0,0,0,0,0,0,0,0,0,0,0,0,0,0,0,0,0,0,0,0,0,0,0,0,0,0,0,0,0,0,0,0,0,0,0,0,0,0,0,0,0,0,0,0,0,0,0,0,0,0,0,0,0.529,0.48,0.476,0.512,0,0,0,0,0,0,0,0,0,0,0.544,0.298,0,0,0,0,0.437,0.434,0.476,0.348,0,0,0,0,0,0,0,0,0,0,0.238,0,0,0,0,0,0,0,0,0,0,0,0,0,0,0,0,0,0,0.998,0.938,0.48,0,0,0,0,0.318,0.268,0,0,0,0,0,0,0.402,0.342,0.576,0.563,0.545,0,0,0,0.295,0.261,0,0,0.318,0.876,0.525,0,0,0,0,0,0,0,0.238,0,0,0,0,0,0,0,0,0,0,0,0,0,0,0,0,0,0,0,0,0,0,0,0,0,0,0,0,0,0,0,0,0,0,0,0,0,0,0,0,0,0,0,0,0,0,0.305,0,0,0,0,0,0,0,0,0,0,0.45,0.333,0.29,0.305,0.247,0.236,0.229,0.249,0,0,0,0.306,0,0,0,0,0,0.438,0,0.562,0,0,0,0,0.43,0,0,0,0,0.283,0.323,0.284,0.757,0.437,0,0.354,0.335,0.298,0.249,0.318,0.281,0.362,0.347,0.32,0.258,0,0.266,0.498,0,0,0
GO:0035295,0,0,0,0,0,0,0,0,0,0,0,0,0,0,0,0,0,0,0,0,0,0,0,0,0,0,0,0,0,0,0,0,0,0,0,0,0,0,0,0,0,0,0,0,0,0,0,0,0,0,0,0,0,0,0,0,0,0,0,0,0,0,0,0,0,0,0,0,0,0,0,0,0,0,0,0,0,0,0,0,0,0,0,0,0,0,0,0,0,0,0,0,0,0,0,0,0,0,0,0,0,0,0,0,0,0,0,0,0,0,0,0,0,0,0,0,0,0,0,0,0,0,0,0,0,0,0,0,0,0,0,0,0,0,0,0,0,0,0,0,0,0,0,0,0,0,0,0,0,0,0,0,0,0,0,0.278,0.552,0.316,0.434,0.365,0.403,0.411,0.455,0,0,0,0.324,0.404,0.278,0.499,0.498,0.403,0.373,0.327,0,0,0.308,0.425,0,0,0,0,0,0,0,0,0,0,0,0,0,0,0,0,0,0,0,0,0,0,0,0,0,0,0,0,0,0,0,0,0,0,0,0,0,0,0,0,0,0,0,0,0,0,0,0,0,0,0,0,0,0,0,0,0,0,0,0,0,0,0,0,0,0,0,0,0,0,0,0,0,0,0,0.387,0.349,0.346,0.328,0,0,0,0,0,0,0,0,0,0,0.399,0.315,0,0,0,0,0.47,0.467,0.346,0.371,0,0,0,0,0,0,0,0,0,0,0.25,0,0,0,0,0,0,0,0,0,0,0,0,0,0,0,0,0,0,0.938,0.997,0.349,0,0,0,0,0.34,0.284,0,0,0,0,0,0,0.29,0.365,0.424,0.362,0.351,0,0,0,0.314,0.277,0,0,0.337,0.817,0.384,0,0,0,0,0,0,0,0.25,0,0,0,0,0,0,0,0,0,0,0,0,0,0,0,0,0,0,0,0,0,0,0,0,0,0,0,0,0,0,0,0,0,0,0,0,0,0,0,0,0,0,0,0,0,0,0.328,0,0,0,0,0,0,0,0,0,0,0.484,0.351,0.304,0.328,0.262,0.25,0.242,0.264,0,0,0,0.324,0,0,0,0,0,0.471,0,0.362,0,0,0,0,0.462,0,0,0,0,0.301,0.34,0.298,0.702,0.47,0,0.375,0.354,0.32,0.264,0.34,0.301,0.384,0.367,0.34,0.27,0,0.278,0.318,0,0,0
GO:0035987,0,0.028,0,0.036,0.029,0,0.028,0,0.033,0,0.028,0,0.025,0,0.031,0,0,0,0.029,0.03,0.03,0.031,0.03,0.03,0,0.029,0,0,0,0.024,0,0.024,0,0.025,0,0.026,0,0,0,0,0,0,0,0,0,0.024,0,0,0,0,0,0,0,0,0.022,0.026,0,0.029,0,0.024,0.027,0,0.021,0,0,0.022,0.022,0.027,0,0.027,0,0.021,0.022,0,0.027,0.027,0.022,0.027,0.022,0.022,0.026,0.025,0.021,0.024,0,0.026,0,0.027,0,0,0,0,0.024,0.025,0.021,0.026,0,0,0,0,0,0.023,0,0.022,0.023,0,0.022,0,0.025,0.024,0.022,0.022,0.021,0.021,0.021,0.023,0.024,0.021,0.023,0.018,0.021,0.022,0.021,0.018,0.017,0.02,0.019,0.021,0.021,0.02,0.021,0,0,0.02,0.019,0.021,0.018,0.024,0,0,0.026,0.029,0.029,0,0,0.022,0.022,0,0,0.022,0.023,0.026,0.021,0.02,0.021,0.254,0.467,0.282,0.618,0.531,0.563,0.343,0.381,0,0.02,0.02,0.466,0.351,0.369,0.428,0.42,0.561,0.322,0.283,0.021,0,0.456,0.373,0.02,0.02,0.025,0.023,0.021,0.022,0.024,0.02,0.02,0.02,0,0.025,0.019,0,0.026,0.021,0,0,0,0.021,0,0.022,0,0.02,0.02,0.017,0.016,0.019,0.022,0.022,0.023,0.02,0.023,0.02,0.021,0.022,0.02,0,0,0.019,0.018,0.023,0,0,0.022,0.022,0,0.019,0,0,0.019,0.017,0.022,0.018,0.017,0.02,0.018,0.021,0.025,0.023,0.025,0.021,0.017,0.025,0.024,0.022,0.025,0.021,0.021,0.025,0.025,0.026,0.025,0,0,0.901,0.999,0.992,0.724,0,0,0,0.027,0.02,0.026,0.019,0.019,0.024,0,0.872,0.974,0.018,0,0,0,0.687,0.404,0.45,0.808,0,0,0,0,0.021,0.024,0,0,0.028,0.028,0.226,0.021,0.02,0.018,0.021,0.02,0.023,0.017,0,0,0.027,0.019,0.018,0.018,0,0,0.018,0.016,0.028,0.48,0.349,0.999,0.02,0,0.019,0.024,0.487,0.414,0.021,0.021,0.023,0.021,0.024,0.023,0.384,0.321,0.806,0.833,0.769,0.016,0.02,0.016,0.277,0.245,0.023,0,0.743,0.636,0.896,0.02,0.024,0.016,0.021,0.021,0.018,0.027,0.226,0,0,0.022,0.021,0.019,0.02,0.023,0.018,0.018,0.017,0.021,0.02,0.023,0.018,0.017,0.019,0.019,0.024,0.026,0.019,0.02,0.019,0.018,0.025,0.02,0.025,0.022,0.019,0.018,0,0,0.022,0.021,0.022,0.019,0.02,0,0.022,0.024,0.022,0.025,0.02,0.019,0.024,0.02,0.027,0.283,0.025,0.028,0.028,0.025,0.02,0.029,0.029,0.021,0.021,0.019,0.417,0.315,0.276,0.284,0.232,0.223,0.217,0.235,0.021,0.021,0.022,0.42,0.027,0.023,0.022,0,0,0.52,0.017,0.527,0,0.023,0.023,0.019,0.511,0.02,0.022,0.025,0,0.436,0.39,0.346,0.583,0.519,0.023,0.426,0.404,0.278,0.235,0.298,0.263,0.341,0.328,0.439,0.245,0,0.254,0.47,0.018,0.016,0.016
GO:0042127,0,0.03,0,0.04,0.032,0.226,0.276,0,0.036,0,0.03,0.209,0.251,0.256,0.314,0,0.231,0,0.032,0.032,0.033,0.033,0.033,0.032,0,0.032,0,0,0.195,0.232,0.193,0.238,0.188,0.241,0.216,0.262,0.193,0.219,0.19,0.224,0.22,0,0,0.168,0.17,0.025,0,0,0.172,0.162,0.152,0.154,0.191,0.173,0.218,0.028,0,0.031,0.197,0.231,0.266,0.213,0.209,0.22,0.213,0.217,0.215,0.27,0.171,0.27,0,0.208,0.211,0.176,0.269,0.266,0.216,0.266,0.219,0.219,0.028,0.245,0.209,0.231,0,0.028,0,0.029,0,0,0.142,0.135,0.026,0.026,0.209,0.253,0.178,0.177,0.196,0.185,0,0.224,0,0.217,0.221,0.187,0.218,0,0.026,0.025,0.217,0.217,0.202,0.21,0.2,0.024,0.025,0.208,0.025,0.178,0.201,0.215,0.207,0.175,0.165,0.195,0.183,0.21,0.203,0.192,0.208,0.148,0.143,0.194,0.179,0.2,0.178,0.025,0,0,0.028,0.032,0.031,0,0.157,0.216,0.217,0.172,0.175,0.024,0.224,0.027,0.209,0.198,0.202,0,0,0,0,0,0.029,0,0,0.176,0.197,0.198,0.219,0,0,0,0,0.029,0.197,0.196,0.2,0.179,0,0.177,0.022,0.022,0.027,0.025,0.022,0.023,0.026,0.021,0.021,0.021,0,0.027,0.02,0,0.028,0.022,0,0,0,0.201,0.188,0.214,0,0.193,0.197,0.018,0.15,0.02,0.024,0.024,0.024,0.021,0.025,0.021,0.204,0.218,0.19,0.135,0.132,0.185,0.17,0.225,0.142,0.139,0.216,0.211,0.143,0.185,0,0.132,0.185,0.163,0.217,0.179,0.16,0.192,0.173,0.204,0.027,0.025,0.026,0.022,0.018,0.027,0.025,0.023,0.027,0.023,0.022,0.026,0.027,0.027,0.027,0,0,0,0,0.02,0,0,0.145,0.132,0.029,0.021,0.028,0.02,0.02,0.025,0,0,0,0.869,0,0,0,0,0,0,0,0.182,0,0.181,0.169,0.207,0.026,0,0,0.03,0.03,0,0.023,0.195,0.179,0.023,0.021,0.23,0.16,0.133,0.113,0.029,0.182,0.175,0.17,0,0,0.177,0.017,0.03,0,0,0.02,0.999,0,0.02,0.026,0.025,0.193,0.21,0.205,0.227,0.2,0.232,0.223,0,0,0,0,0,0.764,0.196,0.156,0.168,0.168,0.23,0,0,0,0.022,0.19,0.025,0.016,0.023,0.2,0.175,0.029,0,0,0,0.023,0.204,0.183,0.193,0.227,0.178,0.17,0.16,0.207,0.193,0.227,0.17,0.165,0.02,0.02,0.026,0.028,0.182,0.195,0.182,0.174,0.027,0.021,0.027,0.023,0.187,0.176,0.152,0.153,0.023,0.022,0.024,0.02,0.195,0.148,0.023,0.025,0.023,0.026,0.021,0.182,0.025,0.021,0.029,0,0.027,0.03,0.03,0.027,0.021,0.031,0.284,0.21,0.204,0.185,0,0,0,0,0,0,0,0,0.962,0.142,0.024,0.196,0.028,0.025,0.023,0,0,0.027,0.16,0.172,0,0.025,0.025,0.181,0.026,0.192,0.149,0.243,0,0.204,0.182,0.16,0.118,0.027,0.025,0.199,0.188,0,0,0.181,0.181,0.161,0.154,0.205,0,0.149,0.118,0.153,0.177,0.156,0.156
GO:0043207,0,0,0,0,0,0,0,0,0,0,0,0,0,0,0,0.491,0,0,0,0,0,0,0,0,0,0.455,0,0,0,0.333,0,0,0,0,0,0,0.356,0,0,0,0,0,0,0,0,0,0.35,0.406,0,0,0,0,0,0,0.308,0,0,0,0,0,0,0,0.293,0,0,0,0,0,0,0,0,0,0,0.316,0,0,0,0,0,0,0,0,0,0,0.413,0.376,0,0,0,0,0,0,0,0,0,0,0,0,0,0,0,0,0,0,0,0,0,0,0.354,0.339,0,0,0,0,0,0,0,0,0,0,0,0,0,0,0.219,0.268,0.248,0,0,0,0,0,0,0,0,0.276,0.24,0,0,0,0,0,0,0,0,0.304,0,0,0.313,0,0,0,0,0,0,0,0,0,0,0,0,0,0,0,0,0,0,0,0,0,0,0,0,0,0,0,0,0,0.274,0.275,0,0.329,0.288,0,0.346,0,0,0,0,0,0,0,0,0,0,0,0,0,0,0,0.223,0,0,0.223,0.195,0,0,0,0,0,0,0,0,0,0,0,0,0.251,0.228,0,0,0,0,0,0,0,0.283,0,0,0,0,0,0,0,0,0.283,0,0,0,0,0,0,0,0,0,0,0,0,0,0,0,0,0,0,0,0,0,0.549,0,0,0,0,0,0,0,0,0,0,0,0,0.869,0.983,0.884,0,0,0,0,0,0,0,0,0,0,0,0,0,0,0,0,0.268,0.241,0,0,0,0,0,0,0,0,0,0,0,0.219,0,0,0,0,0,0,0,0.983,0,0,0,0,0,0,0,0,0,0,0,0,0,0,0,0,0,0,0,0,0,0.983,0,0,0,0.259,0,0.195,0,0,0.235,0,0,0,0.305,0.295,0,0,0,0,0,0,0,0,0,0,0,0,0,0,0,0,0,0,0,0,0,0,0,0,0,0,0,0,0,0,0,0,0,0,0,0,0,0,0,0,0,0,0,0,0,0,0,0,0,0,0.436,0.293,0.284,0.252,0,0,0,0,0,0,0,0,0,0,0,0,0,0,0,0,0,0,0,0,0,0,0,0,0,0.263,0,0.355,0,0,0,0,0,0,0,0,0,0,0,0,0,0,0,0,0,0,0,0,0.238,0.205,0.205
GO:0043631,0.221,0.028,0.153,0.037,0.029,0.13,0.18,0.241,0.212,0.198,0.21,0,0.026,0,0.032,0,0,0.178,0.03,0.379,0.373,0.342,0.374,0.407,0.368,0.03,0,0.211,0.113,0.024,0.186,0.024,0,0.159,0,0.027,0,0.19,0.166,0.213,0.168,0.222,0.207,0,0,0.024,0,0,0.166,0.157,0,0,0.183,0.167,0.022,0.399,0.222,0.448,0.114,0.152,0.417,0.123,0.022,0.209,0.203,0.022,0.022,0.343,0,0.177,0.209,0.021,0.022,0,0.42,0.417,0.165,0.417,0.145,0.145,0.026,0.025,0.022,0.024,0,0.026,0,0.027,0,0,0.139,0.132,0.372,0.383,0.332,0.397,0.103,0.17,0.188,0.178,0.172,0.148,0.174,0.343,0.284,0.163,0.345,0.178,0.025,0.024,0.343,0.343,0.155,0.16,0.153,0.023,0.024,0.138,0.023,0.137,0.134,0.142,0.137,0.135,0.128,0.02,0.019,0.139,0.155,0.147,0.138,0,0,0.149,0.138,0.021,0.018,0.024,0.133,0.213,0.193,0.191,0.319,0.157,0,0.022,0.022,0,0,0.023,0.023,0.026,0.022,0.02,0.021,0,0,0,0,0,0.027,0,0,0,0.02,0.02,0.022,0,0,0,0,0.027,0,0,0.021,0,0,0,0.28,0.28,0.343,0.321,0.291,0.303,0.024,0.02,0.02,0.02,0,0.025,0.02,0,0.026,0.021,0,0,0,0.021,0,0.022,0,0.02,0.02,0.017,0.016,0.3,0.348,0.346,0.35,0.307,0.023,0.02,0.021,0.022,0.02,0.132,0.129,0.019,0.018,0.023,0,0,0.022,0.022,0,0.019,0,0,0.019,0.017,0.022,0.019,0.017,0.02,0.018,0.021,0.164,0.358,0.276,0.326,0.271,0.282,0.162,0.343,0.164,0.144,0.33,0.277,0.164,0.286,0.279,0.122,0.182,0,0,0.019,0,0,0,0,0.421,0.303,0.4,0.299,0.984,0.366,0.13,0,0,0.018,0,0,0,0,0,0,0,0.106,0.128,0.175,0.163,0.021,0.377,0.166,0.134,0.345,0.343,0,0.021,0.02,0.019,0.332,0.309,0.152,0.257,0,0,0.421,0.29,0.28,0.273,0.116,0,0.283,0.251,0.349,0,0,0.019,0.02,0,0.999,0.024,0.023,0.02,0.022,0.021,0.359,0.021,0.297,0.353,0,0,0,0,0,0.016,0.311,0.251,0,0,0.364,0,0,0,0.021,0.02,0.024,0.016,0.022,0.021,0.018,0.421,0,0.34,0,0.022,0.021,0.019,0.02,0.359,0.018,0.018,0.017,0.328,0.307,0.359,0.018,0.017,0.019,0.019,0.024,0.027,0.019,0.13,0.122,0.116,0.026,0.02,0.025,0.022,0.125,0.118,0,0,0.022,0.021,0.022,0.019,0.13,0,0.022,0.024,0.022,0.025,0.02,0.019,0.024,0.02,0.027,0,0.19,0.183,0.183,0.025,0.02,0.029,0.029,0.022,0.021,0.019,0,0,0,0,0,0,0,0,0.021,0.021,0.022,0.02,0.172,0.023,0.163,0.183,0.163,0.025,0.017,0,0,0.024,0.023,0.019,0.025,0.02,0.022,0.025,0,0.021,0.019,0.017,0,0.025,0.023,0.021,0.019,0,0,0,0,0,0,0.021,0,0,0,0,0.018,0.016,0.016
GO:0043933,0,0.576,0,0.06,0.624,0,0.04,0,0.051,0,0.04,0,0.035,0,0.048,0,0,0,0.603,0.044,0.045,0.046,0.045,0.044,0,0.043,0,0,0,0.032,0,0.033,0,0.033,0,0.037,0,0,0,0,0,0,0,0,0,0.465,0,0,0,0,0,0,0,0,0.029,0.036,0,0.042,0,0.032,0.038,0,0.028,0,0,0.029,0.029,0.039,0,0.039,0,0.028,0.028,0,0.038,0.038,0.029,0.038,0.03,0.03,0.513,0.496,0.028,0.032,0,0.036,0,0.039,0,0,0,0,0.032,0.034,0.028,0.035,0,0,0,0,0,0.03,0,0.029,0.03,0,0.029,0,0.034,0.032,0.029,0.029,0.027,0.028,0.026,0.03,0.032,0.028,0.031,0.023,0.027,0.029,0.028,0.023,0.021,0.026,0.024,0.028,0.027,0.025,0.028,0,0,0.026,0.023,0.026,0.023,0.446,0,0,0.036,0.043,0.041,0,0,0.029,0.029,0,0,0.433,0.03,0.518,0.028,0.026,0.39,0,0,0,0,0,0.038,0,0,0,0.026,0.026,0.029,0,0,0,0,0.038,0,0,0.026,0,0,0,0.026,0.026,0.034,0.031,0.028,0.029,0.033,0.372,0.372,0.379,0,0.035,0.025,0,0.036,0.027,0,0,0,0.027,0,0.029,0,0.025,0.026,0.021,0.019,0.342,0.414,0.029,0.03,0.352,0.435,0.365,0.395,0.428,0.363,0,0,0.024,0.022,0.447,0,0,0.404,0.412,0,0.351,0,0,0.351,0.302,0.427,0.337,0.295,0.367,0.324,0.027,0.035,0.031,0.034,0.027,0.022,0.035,0.032,0.029,0.035,0.028,0.028,0.034,0.035,0.035,0.034,0,0,0,0,0.024,0,0,0,0,0.038,0.025,0.036,0.024,0.024,0.032,0,0,0,0.022,0,0,0,0,0,0,0,0,0,0,0,0.028,0.033,0,0,0.04,0.04,0,0.835,0.026,0.023,0.028,0.025,0.031,0.02,0,0,0.039,0.023,0.023,0.022,0,0,0.023,0.591,0.04,0,0,0.024,0.026,0,0.024,0.985,0.031,0.025,0.028,0.027,0.031,0.026,0.032,0.03,0,0,0,0,0,0.019,0.026,0.02,0,0,0.032,0,0,0,0.027,0.025,0.966,0.019,0.838,0.026,0.023,0.039,0,0,0,0.028,0.027,0.024,0.025,0.031,0.023,0.022,0.02,0.028,0.025,0.031,0.022,0.021,0.357,0.024,0.033,0.037,0.023,0.026,0.024,0.022,0.035,0.025,0.499,0.421,0.024,0.023,0,0,0.029,0.027,0.429,0.024,0.026,0,0.415,0.465,0.419,0.495,0.025,0.024,0.032,0.026,0.038,0,0.035,0.041,0.041,0.501,0.369,0.042,0.041,0.028,0.027,0.024,0,0,0,0,0,0,0,0,0.027,0.39,0.428,0.026,0.037,0.031,0.029,0,0,0.034,0.02,0,0,0.031,0.453,0.023,0.033,0.025,0.411,0.034,0,0.027,0.023,0.02,0,0.034,0.031,0.026,0.025,0,0,0,0,0,0,0.027,0,0,0,0,0.023,0.02,0.02
GO:0045165,0,0.037,0,0.055,0.04,0,0.038,0,0.047,0,0.038,0,0.033,0,0.044,0,0,0,0.041,0.042,0.042,0.043,0.042,0.041,0,0.04,0,0,0,0.03,0,0.031,0,0.032,0,0.035,0,0,0,0,0,0,0,0,0,0.03,0,0,0,0,0,0,0,0,0.028,0.034,0,0.04,0,0.03,0.036,0,0.027,0,0,0.028,0.028,0.036,0,0.036,0,0.027,0.027,0,0.036,0.036,0.028,0.036,0.028,0.028,0.035,0.032,0.027,0.03,0,0.034,0,0.036,0,0,0,0,0.031,0.032,0.027,0.034,0,0,0,0,0,0.029,0,0.028,0.029,0,0.028,0,0.032,0.031,0.028,0.028,0.026,0.027,0.025,0.029,0.03,0.027,0.03,0.022,0.026,0.028,0.026,0.022,0.02,0.025,0.023,0.027,0.026,0.024,0.027,0,0,0.025,0.022,0.025,0.022,0.031,0,0,0.034,0.04,0.039,0,0,0.028,0.028,0,0,0.028,0.029,0.034,0.027,0.025,0.026,0.232,0.496,0.308,0.439,0.361,0.753,0,0.529,0,0.025,0.025,0.588,0.405,0.232,0.442,0.514,0.751,0.421,0,0.025,0,0.299,0.369,0.025,0.025,0.033,0.03,0.026,0.028,0.031,0.025,0.025,0.025,0,0.033,0.024,0,0.034,0.026,0,0,0,0.026,0,0.028,0,0.024,0.025,0.021,0.018,0.024,0.028,0.028,0.029,0.024,0.03,0.025,0.026,0.028,0.024,0,0,0.023,0.021,0.029,0,0,0.028,0.027,0,0.023,0,0,0.023,0.02,0.028,0.022,0.02,0.024,0.021,0.026,0.033,0.029,0.032,0.026,0.021,0.033,0.031,0.028,0.033,0.027,0.027,0.032,0.033,0.034,0.033,0,0,0.333,0.297,0.767,0.32,0,0,0,0.036,0.024,0.034,0.024,0.023,0.03,0,0.344,0.307,0.021,0,0,0,0.413,0.41,0.295,0.368,0,0,0,0,0.027,0.031,0,0,0.038,0.037,0.271,0.027,0.025,0.022,0.027,0.024,0.03,0.02,0,0,0.036,0.023,0.022,0.021,0,0,0.022,0.019,0.037,0.318,0.34,0.487,0.025,0,0.023,0.031,0.99,0.509,0.027,0.026,0.03,0.025,0.03,0.029,0.243,0.361,0.369,0.358,0.345,0.018,0.025,0.019,0.348,0,0.03,0,0.33,0.274,0.861,0.024,0.031,0.018,0.027,0.025,0.022,0.036,0.271,0,0,0.027,0.026,0.023,0.024,0.03,0.022,0.021,0.02,0.026,0.024,0.03,0.021,0.02,0.024,0.023,0.031,0.035,0.023,0.025,0.023,0.022,0.033,0.024,0.033,0.028,0.024,0.022,0,0,0.027,0.026,0.028,0.023,0.025,0,0.027,0.03,0.028,0.032,0.024,0.023,0.031,0.025,0.036,0,0.033,0.038,0.038,0.033,0.024,0.04,0.039,0.027,0.026,0.023,0.427,0.299,0.255,0,0,0,0,0,0.026,0.026,0.028,0.518,0.035,0.03,0.027,0,0,0.678,0.02,0.358,0,0.03,0.03,0.023,0.663,0.024,0.027,0.032,0,0.542,0.473,0.41,0.232,0.676,0.03,0.526,0.493,0,0,0.38,0,0.33,0.314,0.546,0.26,0,0.232,0.31,0.022,0.019,0.019
GO:0045596,0,0.029,0,0.039,0.031,0.221,0.271,0,0.035,0,0.03,0.608,0.685,0.251,0.308,0,0.226,0,0.031,0.032,0.032,0.032,0.032,0.031,0,0.031,0,0,0.192,0.228,0.19,0.234,0.185,0.237,0.212,0.258,0.19,0.215,0.187,0.22,0.216,0,0,0.165,0.167,0.025,0,0,0.169,0.16,0.15,0.152,0.187,0.17,0.215,0.027,0,0.031,0.572,0.63,0.262,0.21,0.206,0.216,0.209,0.213,0.212,0.265,0.169,0.265,0,0.206,0.208,0.173,0.264,0.262,0.213,0.262,0.216,0.216,0.028,0.24,0.206,0.227,0,0.027,0,0.029,0,0,0.141,0.133,0.025,0.026,0.572,0.249,0.517,0.515,0.57,0.538,0,0.613,0,0.592,0.603,0.543,0.596,0,0.026,0.025,0.592,0.592,0.554,0.207,0.197,0.024,0.025,0.205,0.024,0.176,0.198,0.212,0.204,0.173,0.163,0.193,0.18,0.207,0.2,0.189,0.205,0.146,0.141,0.192,0.177,0.197,0.176,0.025,0,0,0.027,0.031,0.03,0,0.154,0.59,0.592,0.5,0.509,0.023,0.22,0.027,0.206,0.196,0.199,0.204,0.384,0.261,0.349,0.298,0.593,0,0.404,0.174,0.538,0.54,0.866,0.327,0.204,0.351,0.395,0.591,0.698,0.193,0.548,0.176,0.254,0.627,0.021,0.021,0.026,0.024,0.022,0.023,0.025,0.021,0.021,0.021,0,0.026,0.02,0,0.027,0.022,0,0,0,0.199,0.185,0.211,0,0.19,0.194,0.018,0.148,0.02,0.023,0.023,0.024,0.021,0.024,0.021,0.557,0.215,0.52,0.133,0.131,0.183,0.467,0.222,0.14,0.137,0.213,0.577,0.141,0.183,0,0.13,0.183,0.447,0.214,0.177,0.439,0.189,0.474,0.557,0.027,0.024,0.026,0.022,0.018,0.027,0.025,0.023,0.026,0.022,0.022,0.026,0.026,0.027,0.026,0,0,0.279,0.253,0.411,0.27,0,0.143,0.387,0.029,0.02,0.027,0.02,0.02,0.025,0,0.286,0.26,0.467,0,0,0,0.333,0.331,0.251,0.302,0.179,0,0.179,0.167,0.567,0.025,0,0,0.029,0.029,0.234,0.022,0.192,0.177,0.022,0.021,0.226,0.158,0.132,0.111,0.029,0.179,0.173,0.168,0,0,0.175,0.017,0.029,0.268,0.284,0.414,0.193,0,0.02,0.025,0.509,0.999,0.573,0.202,0.224,0.547,0.228,0.22,0.213,0.298,0.303,0.296,0.287,0.148,0.193,0.154,0.898,0.49,0.227,0,0.277,0.236,0.453,0.187,0.025,0.016,0.022,0.197,0.173,0.029,0.234,0,0,0.022,0.558,0.181,0.528,0.224,0.176,0.467,0.158,0.204,0.19,0.224,0.168,0.453,0.02,0.02,0.025,0.028,0.179,0.533,0.18,0.477,0.027,0.02,0.026,0.023,0.185,0.482,0.15,0.151,0.023,0.022,0.023,0.02,0.533,0.146,0.023,0.025,0.023,0.026,0.02,0.18,0.025,0.021,0.028,0,0.027,0.03,0.03,0.026,0.021,0.031,0.279,0.207,0.201,0.183,0.342,0.254,0.222,0,0,0,0,0,0.022,0.14,0.023,0.778,0.028,0.024,0.023,0,0,0.546,0.158,0.611,0,0.024,0.024,0.179,0.536,0.19,0.146,0.239,0,0.809,0.721,0.636,0.422,0.544,0.024,0.788,0.747,0,0,0.642,0.179,0.571,0.548,0.814,0.225,0.147,0.422,0.542,0.485,0.154,0.428
GO:0045786,0,0.033,0,0.046,0.035,0.25,0.305,0,0.04,0,0.033,0.681,0.762,0.288,0.352,0,0.26,0,0.035,0.036,0.036,0.037,0.036,0.035,0,0.035,0,0,0.213,0.252,0.211,0.259,0.204,0.263,0.238,0.288,0.211,0.242,0.207,0.248,0.243,0,0,0.183,0.185,0.027,0,0,0.186,0.174,0.164,0.167,0.208,0.187,0.235,0.03,0,0.035,0.636,0.694,0.293,0.235,0.225,0.243,0.235,0.234,0.232,0.297,0.185,0.297,0,0.224,0.227,0.19,0.296,0.293,0.234,0.293,0.237,0.237,0.031,0.267,0.792,0.882,0,0.03,0,0.032,0,0,0.152,0.143,0.028,0.029,0.624,0.277,0.569,0.566,0.634,0.594,0,0.674,0,0.649,0.662,0.6,0.653,0,0.029,0.028,0.649,0.649,0.603,0.226,0.214,0.026,0.027,0.224,0.027,0.189,0.216,0.232,0.222,0.186,0.175,0.209,0.195,0.226,0.218,0.205,0.224,0.16,0.153,0.208,0.191,0.214,0.189,0.027,0,0,0.03,0.035,0.034,0,0.169,0.646,0.649,0.547,0.559,0.026,0.854,0.03,0.792,0.749,0.217,0,0,0,0,0,0.032,0,0,0.191,0.585,0.587,0.236,0,0,0,0,0.032,0.215,0.214,0.596,0.196,0,0.191,0.023,0.023,0.029,0.027,0.024,0.025,0.028,0.023,0.022,0.023,0,0.029,0.022,0,0.03,0.024,0,0,0,0.216,0.205,0.231,0,0.206,0.211,0.019,0.158,0.022,0.026,0.026,0.026,0.022,0.027,0.023,0.607,0.235,0.564,0.143,0.14,0.197,0.502,0.244,0.152,0.149,0.233,0.631,0.154,0.197,0,0.141,0.197,0.478,0.234,0.19,0.469,0.205,0.51,0.607,0.03,0.027,0.029,0.024,0.019,0.029,0.028,0.025,0.029,0.024,0.024,0.029,0.029,0.03,0.029,0,0,0,0,0.021,0,0,0.154,0.415,0.032,0.022,0.03,0.022,0.021,0.027,0,0,0,0.502,0,0,0,0,0,0,0,0.197,0,0.197,0.182,0.984,0.028,0,0,0.033,0.033,0,0.024,0.209,0.19,0.024,0.022,0.249,0.169,0.143,0.119,0.032,0.193,0.186,0.181,0,0,0.188,0.018,0.033,0,0,0.021,0.21,0,0.022,0.028,0.027,0.573,0.997,0.777,0.246,0.946,0.251,0.242,0,0,0,0,0,0.158,0.209,0.165,0.536,0.536,0.25,0,0,0,0.024,0.203,0.028,0.017,0.024,0.756,0.186,0.032,0,0,0,0.025,0.967,0.689,0.911,0.246,0.667,0.798,0.596,0.223,0.206,0.246,0.638,0.773,0.022,0.482,0.64,0.707,0.682,0.578,0.194,0.513,0.678,0.022,0.029,0.025,0.2,0.519,0.164,0.166,0.569,0.544,0.025,0.483,0.578,0.16,0.025,0.027,0.025,0.029,0.022,0.684,0.628,0.023,0.031,0,0.03,0.034,0.034,0.029,0.022,0.035,0.315,0.226,0.219,0.198,0,0,0,0,0,0,0,0,0.024,0.153,0.025,0.21,0.031,0.027,0.025,0,0,0.029,0.169,0.186,0,0.027,0.027,0.193,0.028,0.206,0.16,0.265,0,0.219,0.193,0.169,0.125,0.029,0.027,0.213,0.201,0,0,0.197,0.197,0.173,0.165,0.221,0,0.161,0.125,0.163,0.522,0.165,0.457
GO:0045787,0,0.032,0,0.044,0.034,0.242,0.295,0,0.039,0,0.032,0.223,0.267,0.277,0.339,0,0.251,0,0.034,0.035,0.035,0.036,0.035,0.034,0,0.034,0,0,0.546,0.245,0.54,0.252,0.199,0.619,0.608,0.676,0.205,0.235,0.531,0.24,0.235,0,0,0.178,0.18,0.027,0,0,0.181,0.448,0.16,0.163,0.202,0.48,0.23,0.029,0,0.033,0.209,0.244,0.284,0.228,0.533,0.235,0.228,0.552,0.227,0.288,0.475,0.288,0,0.219,0.222,0.489,0.287,0.284,0.228,0.284,0.231,0.231,0.03,0.259,0.774,0.859,0,0.029,0,0.031,0,0,0.149,0.37,0.027,0.028,0.22,0.269,0.188,0.187,0.208,0.196,0,0.237,0,0.228,0.233,0.198,0.23,0,0.028,0.027,0.228,0.228,0.212,0.22,0.507,0.026,0.027,0.53,0.026,0.449,0.511,0.226,0.526,0.183,0.416,0.205,0.462,0.22,0.213,0.485,0.53,0.156,0.15,0.204,0.453,0.507,0.186,0.027,0,0,0.029,0.034,0.033,0,0.165,0.227,0.228,0.181,0.184,0.025,0.832,0.029,0.774,0.733,0.212,0,0,0,0,0,0.031,0,0,0.186,0.206,0.207,0.23,0,0,0,0,0.031,0.209,0.208,0.21,0.19,0,0.186,0.023,0.023,0.028,0.026,0.024,0.025,0.027,0.022,0.022,0.022,0,0.029,0.021,0,0.029,0.023,0,0,0,0.512,0.199,0.226,0,0.489,0.499,0.019,0.375,0.021,0.025,0.025,0.025,0.022,0.026,0.023,0.214,0.229,0.199,0.14,0.363,0.193,0.178,0.238,0.149,0.146,0.227,0.222,0.15,0.193,0,0.138,0.193,0.169,0.229,0.186,0.166,0.201,0.18,0.214,0.029,0.026,0.028,0.023,0.019,0.029,0.027,0.025,0.029,0.024,0.024,0.028,0.029,0.029,0.028,0,0,0,0,0.021,0,0,0.151,0.138,0.031,0.022,0.029,0.021,0.021,0.027,0,0,0,0.178,0,0,0,0,0,0,0,0.506,0,0.505,0.469,0.768,0.027,0,0,0.032,0.032,0,0.024,0.204,0.451,0.024,0.022,0.588,0.166,0.14,0.117,0.031,0.19,0.442,0.43,0,0,0.185,0.018,0.032,0,0,0.021,0.205,0,0.021,0.027,0.026,0.202,0.777,0.997,0.581,0.739,0.593,0.57,0,0,0,0,0,0.155,0.205,0.392,0.177,0.177,0.59,0,0,0,0.023,0.199,0.027,0.017,0.024,0.97,0.442,0.031,0,0,0,0.024,0.755,0.886,0.712,0.581,0.654,0.626,0.769,0.217,0.488,0.581,0.626,0.606,0.021,0.472,0.623,0.686,0.668,0.204,0.19,0.182,0.659,0.022,0.028,0.024,0.196,0.184,0.16,0.162,0.556,0.531,0.025,0.474,0.204,0.156,0.024,0.027,0.024,0.028,0.021,0.67,0.612,0.022,0.031,0,0.029,0.033,0.032,0.028,0.022,0.034,0.304,0.221,0.214,0.194,0,0,0,0,0,0,0,0,0.023,0.149,0.025,0.497,0.03,0.026,0.024,0,0,0.028,0.166,0.181,0,0.026,0.026,0.189,0.028,0.201,0.156,0.258,0,0.519,0.19,0.402,0.123,0.028,0.026,0.208,0.476,0,0,0.504,0.505,0.169,0.426,0.216,0,0.157,0.123,0.16,0.185,0.162,0.162
GO:0045893,0.31,0.037,0.217,0.054,0.04,0.62,0.684,0.337,0.298,0.28,0.28,0.258,0.306,0.332,0.404,0,0.301,0.252,0.04,0.515,0.507,0.468,0.509,0.55,0.502,0.04,0,0.28,0.874,0.277,0.889,0.285,0.226,0.909,0.705,0.778,0.233,0.676,0.912,0.631,0.673,0.301,0.284,0.202,0.205,0.03,0,0,0.503,0.753,0.18,0.182,0.569,0.813,0.257,0.517,0.544,0.602,0.524,0.55,0.751,0.727,0.594,0.67,0.73,0.618,0.254,0.729,0.532,0.728,0.277,0.244,0.248,0.549,0.736,0.751,0.56,0.75,0.517,0.517,0.034,0.295,0.245,0.276,0,0.034,0,0.036,0,0,0.404,0.61,0.472,0.489,0.561,0.704,0.582,0.582,0.535,0.542,0.216,0.582,0.22,0.585,0.572,0.555,0.572,0.225,0.032,0.031,0.585,0.585,0.518,0.49,0.732,0.029,0.03,0.763,0.03,0.64,0.732,0.506,0.756,0.399,0.589,0.226,0.508,0.49,0.472,0.697,0.763,0.174,0.166,0.449,0.646,0.563,0.203,0.03,0.555,0.633,0.554,0.564,0.626,0.559,0.186,0.255,0.256,0.203,0.207,0.028,0.266,0.033,0.245,0.23,0.236,0,0,0,0,0,0.036,0,0,0.209,0.229,0.23,0.258,0,0,0,0,0.036,0.239,0.238,0.233,0.218,0,0.21,0.341,0.342,0.44,0.405,0.358,0.376,0.031,0.024,0.024,0.025,0,0.033,0.024,0,0.034,0.026,0,0,0,0.568,0.226,0.252,0,0.54,0.553,0.021,0.405,0.362,0.434,0.431,0.438,0.372,0.029,0.025,0.238,0.257,0.22,0.38,0.597,0.213,0.194,0.268,0.165,0.161,0.254,0.248,0.167,0.213,0,0.152,0.213,0.184,0.256,0.204,0.18,0.222,0.197,0.238,0.212,0.45,0.526,0.429,0.342,0.363,0.205,0.426,0.211,0.178,0.406,0.519,0.211,0.37,0.524,0.159,0.494,0,0,0.023,0,0,0.166,0.15,0.732,0.484,0.685,0.476,0.352,0.463,0.154,0,0,0.194,0,0,0,0,0,0,0,0.975,0.15,0.978,0.758,0.243,0.48,0.207,0.16,0.686,0.688,0,0.026,0.226,0.495,0.409,0.374,0.975,0.4,0.154,0.127,0.731,0.476,0.732,0.71,0.135,0,0.463,0.292,0.694,0,0,0.023,0.227,0,0.359,0.031,0.03,0.224,0.246,0.581,0.991,0.233,0.966,0.971,0,0,0,0,0,0.167,0.503,0.62,0.198,0.198,0.972,0,0,0,0.026,0.219,0.03,0.018,0.027,0.563,0.484,0.732,0,0.681,0,0.027,0.238,0.509,0.223,0.991,0.203,0.194,0.436,0.537,0.787,0.991,0.194,0.187,0.023,0.023,0.031,0.035,0.208,0.45,0.417,0.396,0.033,0.024,0.032,0.027,0.43,0.401,0.179,0.181,0.027,0.026,0.028,0.023,0.45,0.174,0.027,0.03,0.027,0.032,0.024,0.209,0.03,0.025,0.035,0,0.245,0.244,0.244,0.032,0.024,0.039,0.355,0.246,0.239,0.213,0,0,0,0,0,0,0,0,0.026,0.166,0.028,0.551,0.225,0.029,0.202,0.233,0.202,0.032,0.18,0.203,0,0.03,0.029,0.207,0.031,0.222,0.175,0.294,0,0.577,0.208,0.436,0.132,0.032,0.029,0.231,0.525,0,0,0.569,0.57,0.188,0.471,0.24,0,0.176,0.132,0.177,0.202,0.175,0.175
GO:0045930,0,0.031,0,0.041,0.032,0.233,0.284,0,0.037,0,0.031,0.637,0.716,0.265,0.325,0,0.239,0,0.033,0.033,0.034,0.034,0.034,0.033,0,0.033,0,0,0.201,0.238,0.198,0.244,0.193,0.248,0.222,0.27,0.198,0.226,0.195,0.231,0.226,0,0,0.172,0.174,0.026,0,0,0.176,0.166,0.156,0.158,0.195,0.177,0.223,0.028,0,0.032,0.598,0.655,0.274,0.22,0.214,0.227,0.219,0.221,0.22,0.277,0.175,0.278,0,0.213,0.216,0.18,0.276,0.274,0.221,0.274,0.224,0.224,0.029,0.251,0.951,0.833,0,0.028,0,0.03,0,0,0.145,0.137,0.026,0.027,0.593,0.26,0.538,0.535,0.595,0.56,0,0.637,0,0.615,0.626,0.566,0.619,0,0.027,0.026,0.615,0.615,0.573,0.214,0.204,0.025,0.026,0.213,0.025,0.181,0.205,0.22,0.211,0.178,0.168,0.199,0.186,0.214,0.207,0.195,0.213,0.152,0.146,0.198,0.183,0.204,0.181,0.026,0,0,0.028,0.033,0.032,0,0.16,0.612,0.615,0.519,0.529,0.024,0.808,0.028,0.752,0.902,0.206,0,0,0,0,0,0.03,0,0,0.181,0.557,0.559,0.224,0,0,0,0,0.03,0.202,0.201,0.568,0.184,0,0.181,0.022,0.022,0.027,0.025,0.023,0.024,0.026,0.021,0.021,0.022,0,0.028,0.021,0,0.028,0.022,0,0,0,0.206,0.193,0.219,0,0.197,0.201,0.018,0.152,0.021,0.024,0.024,0.025,0.021,0.025,0.022,0.577,0.223,0.538,0.137,0.135,0.189,0.481,0.231,0.145,0.142,0.221,0.599,0.146,0.189,0,0.135,0.189,0.459,0.222,0.182,0.451,0.196,0.488,0.577,0.028,0.025,0.027,0.023,0.019,0.028,0.026,0.024,0.028,0.023,0.023,0.027,0.028,0.028,0.027,0,0,0,0,0.02,0,0,0.147,0.398,0.03,0.021,0.028,0.021,0.02,0.026,0,0,0,0.481,0,0,0,0,0,0,0,0.186,0,0.186,0.173,0.935,0.027,0,0,0.031,0.031,0,0.023,0.199,0.182,0.023,0.021,0.236,0.163,0.136,0.115,0.03,0.185,0.178,0.173,0,0,0.18,0.017,0.031,0,0,0.021,0.2,0,0.021,0.026,0.025,0.547,0.946,0.739,0.233,0.998,0.237,0.229,0,0,0,0,0,0.152,0.2,0.159,0.508,0.508,0.236,0,0,0,0.022,0.194,0.026,0.016,0.023,0.719,0.178,0.03,0,0,0,0.023,0.919,0.659,0.963,0.233,0.639,0.765,0.573,0.211,0.196,0.233,0.773,0.822,0.021,0.606,0.793,0.662,0.824,0.551,0.186,0.492,0.637,0.021,0.027,0.024,0.191,0.497,0.155,0.157,0.54,0.68,0.024,0.462,0.551,0.152,0.023,0.026,0.024,0.027,0.021,0.654,0.779,0.022,0.029,0,0.028,0.031,0.031,0.027,0.021,0.032,0.293,0.214,0.209,0.189,0,0,0,0,0,0,0,0,0.022,0.145,0.024,0.2,0.029,0.025,0.024,0,0,0.027,0.163,0.176,0,0.025,0.025,0.184,0.027,0.196,0.152,0.25,0,0.208,0.185,0.163,0.12,0.027,0.025,0.203,0.192,0,0,0.186,0.186,0.164,0.157,0.21,0,0.153,0.12,0.156,0.5,0.159,0.44
GO:0045935,0.322,0.038,0.226,0.056,0.041,0.639,0.705,0.249,0.31,0.29,0.25,0.265,0.314,0.345,0.418,0,0.312,0.262,0.041,0.532,0.524,0.484,0.526,0.521,0.519,0.041,0,0.206,0.897,0.284,0.885,0.293,0.231,0.932,0.726,0.8,0.239,0.696,0.936,0.635,0.693,0.282,0.294,0.207,0.21,0.031,0,0,0.514,0.769,0.184,0.187,0.583,0.831,0.263,0.432,0.222,0.505,0.538,0.563,0.738,0.595,0.607,0.619,0.594,0.632,0.259,0.75,0.544,0.684,0.259,0.25,0.253,0.562,0.746,0.738,0.521,0.738,0.528,0.528,0.035,0.303,0.25,0.282,0,0.034,0,0.037,0,0,0.412,0.62,0.393,0.408,0.548,0.691,0.474,0.471,0.536,0.498,0.201,0.544,0.204,0.572,0.585,0.568,0.577,0.21,0.033,0.031,0.572,0.572,0.48,0.501,0.747,0.029,0.031,0.779,0.03,0.651,0.747,0.517,0.772,0.405,0.598,0.231,0.517,0.501,0.482,0.71,0.779,0.178,0.17,0.458,0.658,0.574,0.207,0.031,0.186,0.21,0.222,0.266,0.441,0.22,0.19,0.26,0.262,0.207,0.212,0.029,0.272,0.034,0.25,0.235,0.24,0,0,0,0,0,0.037,0,0,0.214,0.233,0.234,0.264,0,0,0,0,0.037,0.245,0.244,0.238,0.224,0,0.215,0.32,0.32,0.414,0.381,0.335,0.352,0.032,0.025,0.025,0.025,0,0.033,0.024,0,0.035,0.026,0,0,0,0.58,0.232,0.258,0,0.551,0.564,0.021,0.411,0.3,0.361,0.358,0.364,0.308,0.03,0.025,0.243,0.263,0.224,0.386,0.606,0.217,0.197,0.274,0.169,0.165,0.26,0.254,0.17,0.217,0,0.155,0.217,0.187,0.262,0.208,0.183,0.226,0.2,0.243,0.217,0.374,0.363,0.333,0.264,0.373,0.21,0.354,0.216,0.182,0.337,0.363,0.216,0.38,0.367,0.164,0.246,0,0,0.023,0,0,0.169,0.152,0.463,0.303,0.433,0.298,0.292,0.385,0.142,0,0,0.197,0,0,0,0,0,0,0,0.82,0.139,0.818,0.751,0.248,0.4,0.192,0.147,0.471,0.469,0,0.027,0.23,0.503,0.339,0.31,0.878,0.401,0.157,0.129,0.464,0.464,0.709,0.687,0.124,0,0.45,0.241,0.476,0,0,0.024,0.232,0,0.297,0.032,0.03,0.228,0.251,0.593,0.966,0.237,0.989,0.946,0,0,0,0,0,0.17,0.506,0.621,0.202,0.202,0.983,0,0,0,0.026,0.223,0.031,0.018,0.027,0.574,0.492,0.464,0,0.464,0,0.027,0.243,0.519,0.228,0.966,0.207,0.197,0.443,0.541,0.792,0.966,0.197,0.19,0.024,0.023,0.032,0.036,0.212,0.459,0.424,0.403,0.034,0.024,0.033,0.028,0.438,0.408,0.183,0.185,0.028,0.026,0.028,0.023,0.459,0.178,0.028,0.031,0.028,0.033,0.024,0.213,0.031,0.025,0.036,0,0.228,0.252,0.251,0.033,0.025,0.04,0.366,0.251,0.243,0.217,0,0,0,0,0,0,0,0,0.026,0.169,0.028,0.561,0.231,0.03,0.187,0.217,0.187,0.033,0.183,0.208,0,0.03,0.03,0.211,0.032,0.227,0.178,0.301,0,0.589,0.212,0.443,0.134,0.033,0.03,0.236,0.535,0,0,0.583,0.584,0.192,0.48,0.245,0,0.179,0.134,0.18,0.206,0.178,0.178
GO:0045944,0.301,0.036,0.21,0.052,0.039,0.603,0.667,0.327,0.289,0.271,0.273,0.251,0.299,0.322,0.392,0,0.292,0.244,0.039,0.501,0.493,0.455,0.495,0.535,0.488,0.039,0,0.273,0.855,0.272,0.87,0.279,0.221,0.889,0.687,0.76,0.228,0.659,0.893,0.615,0.655,0.293,0.276,0.198,0.2,0.029,0,0,0.494,0.74,0.176,0.179,0.556,0.797,0.253,0.505,0.529,0.586,0.512,0.538,0.732,0.709,0.584,0.653,0.712,0.607,0.249,0.711,0.522,0.71,0.27,0.24,0.243,0.538,0.718,0.732,0.55,0.732,0.507,0.507,0.034,0.289,0.24,0.27,0,0.033,0,0.035,0,0,0.398,0.601,0.462,0.479,0.656,0.819,0.571,0.571,0.523,0.531,0.212,0.571,0.215,0.574,0.561,0.543,0.561,0.221,0.031,0.03,0.574,0.574,0.509,0.481,0.719,0.028,0.029,0.749,0.029,0.63,0.719,0.496,0.743,0.393,0.58,0.223,0.5,0.481,0.464,0.686,0.749,0.171,0.163,0.442,0.637,0.553,0.2,0.03,0.54,0.616,0.542,0.549,0.609,0.543,0.182,0.25,0.251,0.199,0.203,0.028,0.261,0.033,0.24,0.227,0.231,0,0,0,0,0,0.035,0,0,0.205,0.225,0.226,0.253,0,0,0,0,0.035,0.234,0.233,0.229,0.213,0,0.206,0.336,0.336,0.431,0.397,0.351,0.368,0.03,0.024,0.024,0.024,0,0.032,0.023,0,0.033,0.025,0,0,0,0.558,0.221,0.248,0,0.531,0.544,0.02,0.4,0.356,0.425,0.423,0.429,0.366,0.029,0.025,0.234,0.252,0.216,0.374,0.588,0.209,0.191,0.263,0.163,0.159,0.25,0.244,0.164,0.209,0,0.15,0.209,0.182,0.252,0.201,0.178,0.218,0.194,0.234,0.207,0.441,0.514,0.421,0.337,0.355,0.201,0.418,0.206,0.175,0.398,0.507,0.206,0.361,0.512,0.156,0.482,0,0,0.023,0,0,0.163,0.148,0.714,0.476,0.807,0.564,0.347,0.453,0.152,0,0,0.191,0,0,0,0,0,0,0,0.956,0.148,0.958,0.743,0.238,0.47,0.203,0.157,0.669,0.671,0,0.026,0.222,0.487,0.401,0.368,0.956,0.395,0.151,0.125,0.713,0.469,0.722,0.729,0.133,0,0.53,0.288,0.677,0,0,0.023,0.223,0,0.353,0.03,0.029,0.22,0.242,0.57,0.971,0.229,0.946,0.993,0,0,0,0,0,0.165,0.495,0.612,0.194,0.194,0.953,0,0,0,0.025,0.216,0.03,0.018,0.026,0.553,0.476,0.714,0,0.664,0,0.026,0.234,0.502,0.22,0.971,0.2,0.191,0.431,0.528,0.774,0.971,0.191,0.184,0.023,0.022,0.03,0.034,0.205,0.442,0.41,0.39,0.032,0.023,0.031,0.027,0.423,0.395,0.176,0.178,0.027,0.025,0.027,0.022,0.442,0.171,0.027,0.03,0.027,0.031,0.023,0.206,0.03,0.024,0.034,0,0.239,0.238,0.238,0.032,0.024,0.038,0.346,0.242,0.234,0.21,0,0,0,0,0,0,0,0,0.025,0.163,0.027,0.541,0.22,0.029,0.198,0.228,0.198,0.031,0.178,0.199,0,0.029,0.029,0.204,0.031,0.219,0.171,0.288,0,0.567,0.205,0.431,0.131,0.031,0.029,0.227,0.517,0,0,0.558,0.559,0.184,0.463,0.236,0,0.172,0.131,0.174,0.199,0.173,0.173
GO:0048563,0,0,0,0,0,0,0,0,0,0,0,0,0,0,0,0,0,0,0,0,0,0,0,0,0,0,0,0,0,0,0,0,0,0,0,0,0,0,0,0,0,0,0,0,0,0,0,0,0,0,0,0,0,0,0,0,0,0,0,0,0,0,0,0,0,0,0,0,0,0,0,0,0,0,0,0,0,0,0,0,0,0,0,0,0,0,0,0,0,0,0,0,0,0,0,0,0,0,0,0,0,0,0,0,0,0,0,0,0,0,0,0,0,0,0,0,0,0,0,0,0,0,0,0,0,0,0,0,0,0,0,0,0,0,0,0,0,0,0,0,0,0,0,0,0,0,0,0,0,0,0,0,0,0,0,0.393,0.367,0.481,0.495,0.681,0.274,0.266,0.297,0,0,0,0.235,0.575,0.5,0.343,0.328,0.274,0.26,0.228,0,0,0.6,0.306,0,0,0,0,0,0,0,0,0,0,0,0,0,0,0,0,0,0,0,0,0,0,0,0,0,0,0,0,0,0,0,0,0,0,0,0,0,0,0,0,0,0,0,0,0,0,0,0,0,0,0,0,0,0,0,0,0,0,0,0,0,0,0,0,0,0,0,0,0,0,0,0,0,0,0,0.415,0.384,0.381,0.404,0,0,0,0,0,0,0,0,0,0,0.424,0.237,0,0,0,0,0.329,0.563,0.853,0.268,0,0,0,0,0,0,0,0,0,0,0.194,0,0,0,0,0,0,0,0,0,0,0,0,0,0,0,0,0,0,0.402,0.29,0.384,0,0,0,0,0.243,0.213,0,0,0,0,0,0,1,0.681,0.443,0.435,0.425,0,0,0,0.23,0.203,0,0,0.249,0.362,0.413,0,0,0,0,0,0,0,0.194,0,0,0,0,0,0,0,0,0,0,0,0,0,0,0,0,0,0,0,0,0,0,0,0,0,0,0,0,0,0,0,0,0,0,0,0,0,0,0,0,0,0,0,0,0,0,0.228,0,0,0,0,0,0,0,0,0,0,0.336,0.266,0.422,0.229,0.194,0.188,0.183,0.196,0,0,0,0.242,0,0,0,0,0,0.33,0,0.435,0,0,0,0,0.325,0,0,0,0,0.222,0.26,0.234,0.321,0.329,0,0.279,0.267,0.225,0.196,0.243,0.215,0.284,0.275,0.251,0.211,0,0.222,0.615,0,0,0
GO:0048569,0,0,0,0,0,0,0,0,0,0,0,0,0,0,0,0,0,0,0,0,0,0,0,0,0,0,0,0,0,0,0,0,0,0,0,0,0,0,0,0,0,0,0,0,0,0,0,0,0,0,0,0,0,0,0,0,0,0,0,0,0,0,0,0,0,0,0,0,0,0,0,0,0,0,0,0,0,0,0,0,0,0,0,0,0,0,0,0,0,0,0,0,0,0,0,0,0,0,0,0,0,0,0,0,0,0,0,0,0,0,0,0,0,0,0,0,0,0,0,0,0,0,0,0,0,0,0,0,0,0,0,0,0,0,0,0,0,0,0,0,0,0,0,0,0,0,0,0,0,0,0,0,0,0,0,0.511,0.521,0.671,0.465,0.781,0.432,0,0.492,0,0,0,0.342,0.87,0.511,0.468,0.538,0.432,0.398,0,0,0,0.652,0.394,0,0,0,0,0,0,0,0,0,0,0,0,0,0,0,0,0,0,0,0,0,0,0,0,0,0,0,0,0,0,0,0,0,0,0,0,0,0,0,0,0,0,0,0,0,0,0,0,0,0,0,0,0,0,0,0,0,0,0,0,0,0,0,0,0,0,0,0,0,0,0,0,0,0,0,0.357,0.321,0.318,0.344,0,0,0,0,0,0,0,0,0,0,0.369,0.33,0,0,0,0,0.439,0.435,0.318,0.393,0,0,0,0,0,0,0,0,0,0,0.261,0,0,0,0,0,0,0,0,0,0,0,0,0,0,0,0,0,0,0.342,0.365,0.321,0,0,0,0,0.361,0.298,0,0,0,0,0,0,0.681,0.994,0.394,0.383,0.37,0,0,0,0.331,0,0,0,0.355,0.296,0.355,0,0,0,0,0,0,0,0.261,0,0,0,0,0,0,0,0,0,0,0,0,0,0,0,0,0,0,0,0,0,0,0,0,0,0,0,0,0,0,0,0,0,0,0,0,0,0,0,0,0,0,0,0,0,0,0,0,0,0,0,0,0,0,0,0,0,0.453,0.322,0.561,0,0,0,0,0,0,0,0,0.34,0,0,0,0,0,0.44,0,0.383,0,0,0,0,0.431,0,0,0,0,0.317,0.312,0.272,0.253,0.439,0,0.345,0.325,0,0,0.361,0,0.354,0.338,0.358,0.281,0,0.253,0.676,0,0,0
GO:0048598,0,0,0,0,0,0,0,0,0,0,0,0,0,0,0,0,0,0,0,0,0,0,0,0,0,0,0,0,0,0,0,0,0,0,0,0,0,0,0,0,0,0,0,0,0,0,0,0,0,0,0,0,0,0,0,0,0,0,0,0,0,0,0,0,0,0,0,0,0,0,0,0,0,0,0,0,0,0,0,0,0,0,0,0,0,0,0,0,0,0,0,0,0,0,0,0,0,0,0,0,0,0,0,0,0,0,0,0,0,0,0,0,0,0,0,0,0,0,0,0,0,0,0,0,0,0,0,0,0,0,0,0,0,0,0,0,0,0,0,0,0,0,0,0,0,0,0,0,0,0,0,0,0,0,0,0.292,0.611,0.337,0.788,0.652,0.443,0.459,0.507,0,0,0,0.349,0.44,0.424,0.547,0.554,0.443,0.407,0.357,0,0,0.543,0.459,0,0,0,0,0,0,0,0,0,0,0,0,0,0,0,0,0,0,0,0,0,0,0,0,0,0,0,0,0,0,0,0,0,0,0,0,0,0,0,0,0,0,0,0,0,0,0,0,0,0,0,0,0,0,0,0,0,0,0,0,0,0,0,0,0,0,0,0,0,0,0,0,0,0,0,0.9,0.806,0.798,0.58,0,0,0,0,0,0,0,0,0,0,0.928,0.336,0,0,0,0,0.865,0.508,0.534,0.401,0,0,0,0,0,0,0,0,0,0,0.265,0,0,0,0,0,0,0,0,0,0,0,0,0,0,0,0,0,0,0.576,0.424,0.806,0,0,0,0,0.369,0.303,0,0,0,0,0,0,0.443,0.394,0.993,0.647,0.624,0,0,0,0.338,0.298,0,0,0.361,0.497,0.893,0,0,0,0,0,0,0,0.265,0,0,0,0,0,0,0,0,0,0,0,0,0,0,0,0,0,0,0,0,0,0,0,0,0,0,0,0,0,0,0,0,0,0,0,0,0,0,0,0,0,0,0,0,0,0,0.358,0,0,0,0,0,0,0,0,0,0,0.529,0.374,0.321,0.359,0.28,0.267,0.258,0.283,0,0,0,0.346,0,0,0,0,0,0.514,0,0.646,0,0,0,0,0.503,0,0,0,0,0.323,0.362,0.314,0.424,0.512,0,0.401,0.377,0.349,0.284,0.369,0.326,0.412,0.393,0.365,0.286,0,0.292,0.562,0,0,0
GO:0048646,0,0,0,0,0,0,0,0,0,0,0,0,0,0,0,0,0,0,0,0,0,0,0,0,0,0,0,0,0,0,0,0,0,0,0,0,0,0,0,0,0,0,0,0,0,0,0,0,0,0,0,0,0,0,0,0,0,0,0,0,0,0,0,0,0,0,0,0,0,0,0,0,0,0,0,0,0,0,0,0,0,0,0,0,0,0,0,0,0,0,0,0,0,0,0,0,0,0,0,0,0,0,0,0,0,0,0,0,0,0,0,0,0,0,0,0,0,0,0,0,0,0,0,0,0,0,0,0,0,0,0,0,0,0,0,0,0,0,0,0,0,0,0,0,0,0,0,0,0,0,0,0,0,0,0,0.252,0.516,0.33,0.763,0.634,0.428,0,0.487,0,0,0,0.34,0.427,0.416,0.464,0.534,0.429,0.395,0,0,0,0.53,0.392,0,0,0,0,0,0,0,0,0,0,0,0,0,0,0,0,0,0,0,0,0,0,0,0,0,0,0,0,0,0,0,0,0,0,0,0,0,0,0,0,0,0,0,0,0,0,0,0,0,0,0,0,0,0,0,0,0,0,0,0,0,0,0,0,0,0,0,0,0,0,0,0,0,0,0,0.928,0.833,0.826,0.567,0,0,0,0,0,0,0,0,0,0,0.606,0.328,0,0,0,0,0.435,0.432,0.523,0.39,0,0,0,0,0,0,0,0,0,0,0.26,0,0,0,0,0,0,0,0,0,0,0,0,0,0,0,0,0,0,0.563,0.362,0.833,0,0,0,0,0.358,0.296,0,0,0,0,0,0,0.435,0.383,0.647,0.995,0.608,0,0,0,0.329,0,0,0,0.353,0.487,0.921,0,0,0,0,0,0,0,0.26,0,0,0,0,0,0,0,0,0,0,0,0,0,0,0,0,0,0,0,0,0,0,0,0,0,0,0,0,0,0,0,0,0,0,0,0,0,0,0,0,0,0,0,0,0,0,0,0,0,0,0,0,0,0,0,0,0,0.449,0.321,0.276,0,0,0,0,0,0,0,0,0.338,0,0,0,0,0,0.437,0,0.629,0,0,0,0,0.427,0,0,0,0,0.315,0.31,0.27,0.657,0.435,0,0.343,0.323,0,0,0.358,0,0.352,0.336,0.356,0.28,0,0.252,0.549,0,0,0
GO:0048729,0,0,0,0,0,0,0,0,0,0,0,0,0,0,0,0,0,0,0,0,0,0,0,0,0,0,0,0,0,0,0,0,0,0,0,0,0,0,0,0,0,0,0,0,0,0,0,0,0,0,0,0,0,0,0,0,0,0,0,0,0,0,0,0,0,0,0,0,0,0,0,0,0,0,0,0,0,0,0,0,0,0,0,0,0,0,0,0,0,0,0,0,0,0,0,0,0,0,0,0,0,0,0,0,0,0,0,0,0,0,0,0,0,0,0,0,0,0,0,0,0,0,0,0,0,0,0,0,0,0,0,0,0,0,0,0,0,0,0,0,0,0,0,0,0,0,0,0,0,0,0,0,0,0,0,0.246,0.493,0.32,0.731,0.613,0.41,0,0.464,0,0,0,0.328,0.411,0.407,0.445,0.508,0.41,0.379,0,0,0,0.515,0.378,0,0,0,0,0,0,0,0,0,0,0,0,0,0,0,0,0,0,0,0,0,0,0,0,0,0,0,0,0,0,0,0,0,0,0,0,0,0,0,0,0,0,0,0,0,0,0,0,0,0,0,0,0,0,0,0,0,0,0,0,0,0,0,0,0,0,0,0,0,0,0,0,0,0,0,0.569,0.769,0.763,0.93,0,0,0,0,0,0,0,0,0,0,0.586,0.791,0,0,0,0,0.418,0.415,0.508,0.935,0,0,0,0,0,0,0,0,0,0,0.253,0,0,0,0,0,0,0,0,0,0,0,0,0,0,0,0,0,0,0.545,0.351,0.769,0,0,0,0,0.345,0.287,0,0,0,0,0,0,0.425,0.37,0.624,0.608,0.996,0,0,0,0.318,0,0,0,0.848,0.803,0.565,0,0,0,0,0,0,0,0.253,0,0,0,0,0,0,0,0,0,0,0,0,0,0,0,0,0,0,0,0,0,0,0,0,0,0,0,0,0,0,0,0,0,0,0,0,0,0,0,0,0,0,0,0,0,0,0,0,0,0,0,0,0,0,0,0,0,0.431,0.311,0.269,0,0,0,0,0,0,0,0,0.328,0,0,0,0,0,0.42,0,0.607,0,0,0,0,0.411,0,0,0,0,0.305,0.302,0.264,0.407,0.418,0,0.333,0.314,0,0,0.346,0,0.341,0.326,0.345,0.273,0,0.246,0.533,0,0,0
GO:0050678,0,0.021,0,0.025,0.022,0.156,0.193,0,0.023,0,0.021,0.148,0.18,0.17,0.21,0,0.153,0,0.022,0.022,0.022,0.022,0.022,0.022,0,0.022,0,0,0.141,0.17,0.14,0.173,0.137,0.175,0.151,0.186,0.14,0.153,0.138,0.155,0.153,0,0,0.122,0.123,0.018,0,0,0.128,0.123,0.114,0.115,0.138,0.129,0.162,0.02,0,0.021,0.142,0.169,0.188,0.15,0.158,0.153,0.15,0.162,0.161,0.189,0.128,0.189,0,0.157,0.158,0.13,0.189,0.188,0.162,0.188,0.163,0.163,0.02,0.177,0.157,0.169,0,0.02,0,0.02,0,0,0.111,0.106,0.019,0.019,0.157,0.181,0.131,0.131,0.141,0.135,0,0.166,0,0.162,0.164,0.136,0.162,0,0.019,0.019,0.162,0.162,0.154,0.158,0.152,0.018,0.018,0.157,0.018,0.139,0.153,0.161,0.156,0.137,0.131,0.149,0.142,0.158,0.154,0.147,0.157,0.111,0.108,0.149,0.14,0.152,0.139,0.018,0,0,0.02,0.022,0.021,0,0.116,0.161,0.162,0.128,0.13,0.018,0.166,0.02,0.157,0.151,0.153,0,0,0,0,0,0.02,0,0,0.131,0.15,0.151,0.163,0,0,0,0,0.02,0.142,0.141,0.152,0.128,0,0.131,0.016,0.016,0.019,0.018,0.017,0.017,0.019,0.016,0.016,0.016,0,0.019,0.016,0,0.02,0.017,0,0,0,0.153,0.137,0.16,0,0.148,0.15,0.014,0.121,0.016,0.018,0.018,0.018,0.016,0.018,0.016,0.154,0.162,0.146,0.106,0.105,0.143,0.134,0.166,0.108,0.106,0.161,0.159,0.108,0.143,0,0.102,0.143,0.13,0.162,0.14,0.128,0.147,0.136,0.154,0.019,0.018,0.019,0.017,0.014,0.019,0.019,0.017,0.019,0.017,0.017,0.019,0.019,0.02,0.019,0,0,0,0,0.015,0,0,0.112,0.105,0.02,0.016,0.02,0.016,0.015,0.018,0,0,0,0.686,0,0,0,0,0,0,0,0.134,0,0.133,0.127,0.156,0.019,0,0,0.021,0.021,0,0.017,0.149,0.14,0.017,0.016,0.169,0.128,0.103,0.09,0.02,0.141,0.137,0.134,0,0,0.139,0.014,0.021,0,0,0.016,0.764,0,0.016,0.019,0.018,0.148,0.158,0.155,0.167,0.152,0.17,0.165,0,0,0,0,0,1,0.15,0.125,0.126,0.126,0.169,0,0,0,0.017,0.146,0.019,0.013,0.017,0.152,0.137,0.02,0,0,0,0.017,0.154,0.142,0.148,0.167,0.139,0.134,0.128,0.156,0.148,0.167,0.134,0.131,0.016,0.015,0.019,0.02,0.141,0.149,0.142,0.137,0.019,0.016,0.019,0.017,0.145,0.138,0.113,0.114,0.017,0.017,0.018,0.015,0.149,0.111,0.017,0.018,0.017,0.019,0.016,0.142,0.019,0.016,0.02,0,0.019,0.021,0.021,0.019,0.016,0.022,0.196,0.158,0.155,0.144,0,0,0,0,0,0,0,0,0.73,0.108,0.018,0.15,0.02,0.018,0.017,0,0,0.019,0.128,0.128,0,0.018,0.018,0.141,0.019,0.148,0.112,0.176,0,0.154,0.141,0.128,0.096,0.019,0.018,0.151,0.145,0,0,0.133,0.133,0.122,0.118,0.155,0,0.112,0.096,0.117,0.139,0.125,0.125
GO:0050684,0.238,0.03,0.165,0.04,0.031,0.494,0.55,0.259,0.229,0.214,0.224,0.209,0.251,0.256,0.314,0,0.231,0.192,0.032,0.405,0.399,0.366,0.401,0.435,0.394,0.032,0,0.225,0.428,0.232,0.435,0.237,0.188,0.48,0.216,0.262,0.193,0.543,0.471,0.504,0.54,0.238,0.222,0.168,0.17,0.025,0,0,0.425,0.401,0.152,0.154,0.471,0.428,0.218,0.679,0.429,0.479,0.431,0.459,0.59,0.467,0.209,0.494,0.479,0.216,0.215,0.589,0.171,0.537,0.222,0.208,0.211,0.176,0.595,0.59,0.431,0.59,0.436,0.436,0.028,0.244,0.209,0.23,0,0.028,0,0.029,0,0,0.353,0.334,0.63,0.405,0.463,0.56,0.389,0.397,0.441,0.415,0.181,0.447,0.184,0.48,0.482,0.462,0.483,0.188,0.026,0.025,0.48,0.48,0.403,0.417,0.398,0.024,0.025,0.415,0.025,0.354,0.4,0.428,0.412,0.349,0.329,0.195,0.183,0.417,0.404,0.381,0.415,0.148,0.142,0.387,0.357,0.2,0.178,0.025,0.143,0.227,0.204,0.204,0.341,0.168,0.156,0.216,0.217,0.171,0.175,0.024,0.224,0.027,0.209,0.198,0.202,0,0,0,0,0,0.029,0,0,0.176,0.197,0.197,0.218,0,0,0,0,0.029,0.197,0.196,0.2,0.179,0,0.176,0.293,0.294,0.363,0.339,0.305,0.318,0.026,0.021,0.021,0.021,0,0.027,0.02,0,0.028,0.022,0,0,0,0.201,0.188,0.214,0,0.193,0.197,0.018,0.15,0.502,0.587,0.364,0.369,0.515,0.025,0.021,0.204,0.217,0.19,0.334,0.327,0.185,0.17,0.225,0.142,0.139,0.215,0.211,0.143,0.185,0,0.132,0.185,0.163,0.217,0.178,0.16,0.192,0.173,0.204,0.174,0.377,0.354,0.342,0.281,0.299,0.171,0.578,0.173,0.152,0.346,0.293,0.173,0.303,0.295,0.129,0.194,0,0,0.02,0,0,0.144,0.132,0.448,0.317,0.424,0.312,0.637,0.804,0.136,0,0,0.17,0,0,0,0,0,0,0,0.398,0.133,0.408,0.38,0.207,0.764,0.175,0.14,0.368,0.366,0,0.023,0.195,0.178,0.558,0.671,0.458,0.817,0.133,0.113,0.448,0.402,0.388,0.378,0.12,0,0.392,0.541,0.372,0,0,0.02,0.196,0,0.311,0.026,0.025,0.193,0.209,0.205,0.503,0.2,0.506,0.495,0,0,0,0,0,0.15,0.999,0.797,0.168,0.168,0.511,0,0,0,0.022,0.19,0.025,0.016,0.023,0.2,0.175,0.448,0,0.362,0,0.023,0.204,0.183,0.193,0.503,0.178,0.17,0.16,0.939,0.874,0.503,0.17,0.165,0.02,0.02,0.026,0.028,0.181,0.388,0.363,0.347,0.027,0.021,0.027,0.023,0.373,0.351,0.152,0.153,0.023,0.022,0.024,0.02,0.388,0.148,0.023,0.025,0.023,0.026,0.021,0.182,0.025,0.021,0.029,0,0.201,0.195,0.195,0.027,0.021,0.031,0.284,0.209,0.204,0.185,0,0,0,0,0,0,0,0,0.022,0.142,0.024,0.196,0.183,0.025,0.171,0.193,0.171,0.027,0.16,0.172,0,0.025,0.025,0.181,0.026,0.192,0.148,0.243,0,0.204,0.181,0.16,0.118,0.026,0.025,0.198,0.188,0,0,0.181,0.181,0.161,0.154,0.205,0,0.149,0.118,0.152,0.177,0.156,0.156
GO:0050685,0.167,0.022,0.115,0.027,0.023,0.361,0.405,0.183,0.161,0.15,0.165,0.156,0.189,0.18,0.223,0,0.162,0.134,0.023,0.292,0.287,0.263,0.289,0.315,0.284,0.023,0,0.165,0.546,0.178,0.558,0.182,0.144,0.574,0.42,0.473,0.147,0.399,0.577,0.369,0.397,0.172,0.159,0.128,0.129,0.019,0,0,0.332,0.509,0.119,0.12,0.359,0.536,0.17,0.511,0.311,0.349,0.326,0.354,0.439,0.347,0.398,0.364,0.355,0.409,0.168,0.437,0.352,0.398,0.164,0.164,0.166,0.359,0.442,0.439,0.337,0.439,0.34,0.34,0.021,0.186,0.164,0.177,0,0.021,0,0.022,0,0,0.286,0.439,0.483,0.308,0.365,0.422,0.302,0.308,0.334,0.319,0.14,0.346,0.142,0.375,0.375,0.354,0.377,0.144,0.02,0.019,0.375,0.375,0.32,0.328,0.499,0.019,0.019,0.512,0.019,0.455,0.498,0.335,0.509,0.284,0.428,0.156,0.357,0.328,0.32,0.483,0.512,0.116,0.113,0.309,0.458,0.384,0.144,0.019,0.103,0.167,0.154,0.148,0.249,0.122,0.121,0.169,0.169,0.134,0.136,0.018,0.173,0.021,0.164,0.158,0.16,0,0,0,0,0,0.021,0,0,0.137,0.157,0.157,0.17,0,0,0,0,0.021,0.149,0.148,0.159,0.135,0,0.137,0.233,0.234,0.276,0.261,0.241,0.249,0.02,0.017,0.017,0.017,0,0.02,0.016,0,0.021,0.017,0,0,0,0.386,0.144,0.168,0,0.373,0.379,0.015,0.303,0.404,0.457,0.284,0.287,0.412,0.019,0.017,0.161,0.17,0.152,0.273,0.432,0.149,0.14,0.174,0.112,0.111,0.168,0.166,0.113,0.149,0,0.106,0.149,0.134,0.169,0.145,0.132,0.154,0.141,0.161,0.132,0.292,0.269,0.27,0.231,0.226,0.131,0.451,0.131,0.119,0.273,0.223,0.131,0.228,0.224,0.096,0.144,0,0,0.016,0,0,0.117,0.109,0.332,0.254,0.319,0.251,0.515,0.618,0.111,0,0,0.14,0,0,0,0,0,0,0,0.517,0.109,0.532,0.503,0.163,0.583,0.137,0.114,0.271,0.27,0,0.018,0.156,0.351,0.439,0.537,0.553,0.677,0.107,0.093,0.333,0.326,0.504,0.493,0.101,0,0.319,0.45,0.274,0,0,0.016,0.156,0,0.251,0.02,0.019,0.154,0.165,0.392,0.62,0.159,0.621,0.612,0,0,0,0,0,0.125,0.797,1,0.132,0.132,0.627,0,0,0,0.017,0.152,0.019,0.014,0.018,0.384,0.345,0.332,0,0.267,0,0.018,0.161,0.358,0.154,0.62,0.144,0.14,0.321,0.741,0.812,0.62,0.14,0.136,0.016,0.016,0.02,0.021,0.147,0.31,0.294,0.283,0.02,0.016,0.02,0.018,0.3,0.286,0.119,0.119,0.018,0.017,0.018,0.016,0.31,0.116,0.018,0.019,0.018,0.02,0.016,0.147,0.019,0.017,0.021,0,0.152,0.143,0.143,0.02,0.017,0.023,0.207,0.165,0.161,0.149,0,0,0,0,0,0,0,0,0.017,0.113,0.018,0.378,0.137,0.019,0.134,0.147,0.134,0.02,0.132,0.134,0,0.019,0.019,0.146,0.02,0.154,0.117,0.185,0,0.39,0.147,0.321,0.099,0.02,0.019,0.158,0.366,0,0,0.368,0.368,0.127,0.324,0.162,0,0.117,0.099,0.122,0.144,0.13,0.13
GO:0051093,0,0,0,0,0,0.255,0.246,0,0,0,0,0.693,0.654,0.295,0.285,0,0.267,0,0,0,0,0,0,0,0,0,0,0,0.217,0.202,0.215,0.208,0.208,0.211,0.243,0.232,0.214,0.247,0.211,0.253,0.247,0,0,0.186,0.188,0,0,0,0.188,0.177,0.167,0.169,0.211,0.19,0.189,0,0,0,0.647,0.595,0.236,0.239,0.181,0.248,0.239,0.188,0.186,0.239,0.187,0.239,0,0.18,0.182,0.193,0.238,0.236,0.187,0.236,0.19,0.19,0,0.214,0.18,0.201,0,0,0,0,0,0,0.154,0.145,0,0,0.534,0.223,0.577,0.574,0.645,0.603,0,0.577,0,0.555,0.566,0.61,0.559,0,0,0,0.555,0.555,0.515,0.181,0.172,0,0,0.18,0,0.152,0.173,0.186,0.178,0.149,0.14,0.168,0.156,0.181,0.175,0.164,0.18,0.162,0.155,0.167,0.153,0.172,0.152,0,0,0,0,0,0,0,0.172,0.553,0.556,0.556,0.567,0,0.195,0,0.18,0.17,0.174,0.22,0.442,0.286,0.397,0.332,0.413,0,0.468,0.194,0.5,0.502,0.682,0.368,0.22,0.399,0.457,0.414,0.789,0.218,0.51,0.199,0.279,0.699,0,0,0,0,0,0,0,0,0,0,0,0,0,0,0,0,0,0,0,0.173,0.208,0.185,0,0.165,0.169,0,0.126,0,0,0,0,0,0,0,0.519,0.189,0.481,0.145,0.142,0.158,0.428,0.196,0.154,0.151,0.187,0.54,0.156,0.158,0,0.143,0.158,0.408,0.188,0.152,0.4,0.164,0.435,0.519,0,0,0,0,0,0,0,0,0,0,0,0,0,0,0,0,0,0.308,0.277,0.275,0.297,0,0.156,0.419,0,0,0,0,0,0,0,0.317,0.285,0.428,0,0,0,0.375,0.373,0.275,0.337,0.2,0,0.2,0.185,0.529,0,0,0,0,0,0.254,0,0.167,0.152,0,0,0.2,0.135,0.144,0.12,0,0.155,0.149,0.145,0,0,0.151,0,0,0.295,0.314,0.277,0.168,0,0,0,0.348,0.898,0.536,0.177,0.198,0.508,0.202,0.194,0.23,0.331,0.338,0.329,0.318,0.126,0.168,0.132,0.996,0.544,0.201,0,0.306,0.256,0.306,0.163,0,0,0,0.172,0.149,0,0.254,0,0,0,0.52,0.157,0.489,0.198,0.152,0.428,0.135,0.178,0.165,0.198,0.145,0.414,0,0,0,0,0.155,0.494,0.155,0.438,0,0,0,0,0.16,0.443,0.166,0.168,0,0,0,0,0.494,0.162,0,0,0,0,0,0.155,0,0,0,0,0,0,0,0,0,0,0.254,0.181,0.176,0.158,0.387,0.279,0.24,0,0,0,0,0,0,0.155,0,0.606,0,0,0,0,0,0.376,0.135,0.679,0,0,0,0.154,0.369,0.165,0.162,0.213,0,0.633,0.558,0.487,0.454,0.375,0,0.615,0.58,0,0,0.719,0.2,0.631,0.603,0.638,0.244,0.163,0.454,0.596,0.446,0.132,0.389
GO:0051241,0,0,0,0,0,0.255,0.246,0,0,0,0,0.693,0.654,0.295,0.285,0,0.267,0,0,0,0,0,0,0,0,0,0,0,0.217,0.202,0.215,0.208,0.208,0.212,0.243,0.232,0.214,0.247,0.211,0.254,0.248,0,0,0.186,0.188,0,0,0,0.189,0.177,0.167,0.169,0.211,0.19,0.189,0,0,0,0.648,0.595,0.236,0.24,0.181,0.248,0.239,0.188,0.186,0.239,0.188,0.24,0,0.18,0.182,0.193,0.238,0.236,0.188,0.236,0.19,0.19,0,0.215,0.18,0.201,0,0,0,0,0,0,0.154,0.145,0,0,0.534,0.223,0.578,0.575,0.645,0.604,0,0.577,0,0.555,0.567,0.61,0.559,0,0,0,0.555,0.555,0.515,0.181,0.172,0,0,0.18,0,0.152,0.173,0.186,0.178,0.149,0.14,0.168,0.156,0.181,0.175,0.164,0.18,0.162,0.155,0.167,0.153,0.172,0.152,0,0,0,0,0,0,0,0.172,0.553,0.556,0.556,0.568,0,0.195,0,0.18,0.171,0.174,0.194,0.391,0,0,0,0,0.424,0,0.194,0.5,0.502,0.19,0,0.194,0.352,0,0,0.219,0.796,0.51,0.2,0,0.708,0,0,0,0,0,0,0,0,0,0,0,0,0,0,0,0,0,0,0,0.173,0.208,0.186,0,0.165,0.169,0,0.126,0,0,0,0,0,0,0,0.519,0.189,0.482,0.145,0.142,0.158,0.428,0.196,0.155,0.151,0.187,0.54,0.156,0.158,0,0.143,0.158,0.408,0.188,0.152,0.4,0.165,0.435,0.519,0,0,0,0,0,0,0,0,0,0,0,0,0,0,0,0,0,0.272,0.245,0.243,0,0,0.156,0.419,0,0,0,0,0,0,0,0.28,0,0.428,0,0,0,0.331,0.329,0.243,0,0.201,0,0.2,0.185,0.529,0,0,0,0,0,0.225,0,0.167,0.152,0,0,0.201,0.135,0.144,0.121,0,0.155,0.149,0.145,0,0,0.151,0,0,0.261,0.277,0.245,0.168,0,0,0,0,0.49,0.536,0.177,0.198,0.508,0.202,0.194,0.203,0,0.298,0,0,0.126,0.168,0.132,0.544,0.996,0.201,0,0,0.226,0.27,0.163,0,0,0,0.172,0.149,0,0,0,0,0,0.52,0.157,0.489,0.198,0.152,0.428,0.135,0.179,0.165,0.198,0.145,0.414,0,0,0,0,0.155,0.494,0.156,0.438,0,0,0,0,0.16,0.443,0.166,0.168,0,0,0,0,0.494,0.162,0,0,0,0,0,0.156,0,0,0,0.336,0,0,0,0,0,0,0.254,0.181,0.176,0.159,0.342,0.246,0.212,0.337,0.267,0.255,0.247,0.27,0,0.155,0,0.168,0,0,0,0,0,0.332,0.135,0.189,0,0,0,0.154,0.325,0.165,0.162,0.214,0,0.176,0.238,0.208,0.46,0.331,0,0.623,0.587,0.328,0.27,0.2,0.729,0.639,0.61,0.177,0,0.163,0.46,0.165,0.446,0.132,0.389
GO:0051254,0.319,0.038,0.224,0.056,0.041,0.634,0.699,0.346,0.307,0.287,0.286,0.263,0.312,0.341,0.415,0,0.309,0.259,0.041,0.528,0.52,0.48,0.522,0.563,0.514,0.041,0,0.287,0.891,0.282,0.906,0.291,0.23,0.926,0.72,0.795,0.238,0.691,0.93,0.646,0.688,0.308,0.291,0.206,0.209,0.031,0,0,0.511,0.765,0.183,0.185,0.579,0.827,0.262,0.527,0.308,0.616,0.534,0.559,0.743,0.591,0.604,0.63,0.605,0.629,0.258,0.744,0.541,0.679,0.283,0.248,0.252,0.559,0.751,0.743,0.518,0.743,0.525,0.525,0.035,0.301,0.249,0.28,0,0.034,0,0.037,0,0,0.41,0.617,0.481,0.499,0.553,0.696,0.471,0.48,0.546,0.507,0.22,0.541,0.224,0.577,0.581,0.565,0.581,0.23,0.032,0.031,0.577,0.577,0.478,0.498,0.743,0.029,0.031,0.775,0.03,0.648,0.743,0.514,0.768,0.404,0.596,0.23,0.514,0.498,0.479,0.707,0.775,0.177,0.169,0.456,0.655,0.571,0.206,0.031,0.185,0.291,0.255,0.264,0.437,0.218,0.189,0.259,0.26,0.206,0.211,0.029,0.27,0.034,0.249,0.234,0.239,0,0,0,0,0,0.036,0,0,0.213,0.232,0.233,0.263,0,0,0,0,0.036,0.244,0.243,0.237,0.223,0,0.213,0.347,0.347,0.449,0.412,0.363,0.382,0.032,0.025,0.025,0.025,0,0.033,0.024,0,0.034,0.026,0,0,0,0.577,0.23,0.256,0,0.548,0.561,0.021,0.409,0.367,0.441,0.438,0.445,0.378,0.03,0.025,0.242,0.262,0.223,0.384,0.604,0.216,0.196,0.272,0.168,0.164,0.258,0.252,0.17,0.216,0,0.154,0.216,0.186,0.261,0.207,0.182,0.225,0.2,0.242,0.216,0.458,0.36,0.407,0.324,0.37,0.208,0.433,0.215,0.181,0.412,0.361,0.215,0.377,0.365,0.163,0.244,0,0,0.023,0,0,0.168,0.152,0.566,0.371,0.528,0.365,0.357,0.471,0.156,0,0,0.196,0,0,0,0,0,0,0,0.816,0.152,0.838,0.77,0.247,0.489,0.21,0.162,0.468,0.465,0,0.027,0.229,0.501,0.415,0.38,0.872,0.405,0.156,0.129,0.566,0.468,0.715,0.693,0.136,0,0.455,0.296,0.472,0,0,0.023,0.23,0,0.364,0.032,0.03,0.227,0.25,0.59,0.972,0.236,0.983,0.953,0,0,0,0,0,0.169,0.511,0.627,0.201,0.201,0.99,0,0,0,0.026,0.222,0.031,0.018,0.027,0.571,0.49,0.566,0,0.46,0,0.027,0.242,0.516,0.226,0.972,0.206,0.196,0.441,0.546,0.799,0.972,0.196,0.189,0.024,0.023,0.032,0.035,0.211,0.456,0.422,0.401,0.034,0.024,0.033,0.028,0.436,0.406,0.182,0.184,0.028,0.026,0.028,0.023,0.456,0.177,0.027,0.031,0.028,0.033,0.024,0.212,0.031,0.025,0.036,0,0.25,0.25,0.249,0.033,0.025,0.04,0.364,0.25,0.242,0.216,0,0,0,0,0,0,0,0,0.026,0.168,0.028,0.559,0.23,0.03,0.205,0.237,0.205,0.033,0.182,0.207,0,0.03,0.03,0.21,0.032,0.226,0.177,0.3,0,0.586,0.211,0.441,0.134,0.033,0.03,0.235,0.532,0,0,0.579,0.58,0.191,0.478,0.244,0,0.178,0.134,0.179,0.205,0.177,0.177
GO:0051707,0,0,0,0,0,0,0,0,0,0,0,0,0,0,0,0.491,0,0,0,0,0,0,0,0,0,0.455,0,0,0,0.333,0,0,0,0,0,0,0.356,0,0,0,0,0,0,0,0,0,0.35,0.406,0,0,0,0,0,0,0.308,0,0,0,0,0,0,0,0.293,0,0,0,0,0,0,0,0,0,0,0.316,0,0,0,0,0,0,0,0,0,0,0.413,0.376,0,0,0,0,0,0,0,0,0,0,0,0,0,0,0,0,0,0,0,0,0,0,0.354,0.339,0,0,0,0,0,0,0,0,0,0,0,0,0,0,0.219,0.268,0.248,0,0,0,0,0,0,0,0,0.276,0.24,0,0,0,0,0,0,0,0,0.304,0,0,0.313,0,0,0,0,0,0,0,0,0,0,0,0,0,0,0,0,0,0,0,0,0,0,0,0,0,0,0,0,0,0.274,0.275,0,0.329,0.288,0,0.346,0,0,0,0,0,0,0,0,0,0,0,0,0,0,0,0.223,0,0,0.223,0.195,0,0,0,0,0,0,0,0,0,0,0,0,0.251,0.228,0,0,0,0,0,0,0,0.283,0,0,0,0,0,0,0,0,0.283,0,0,0,0,0,0,0,0,0,0,0,0,0,0,0,0,0,0,0,0,0,0.549,0,0,0,0,0,0,0,0,0,0,0,0,0.869,0.983,0.884,0,0,0,0,0,0,0,0,0,0,0,0,0,0,0,0,0.268,0.241,0,0,0,0,0,0,0,0,0,0,0,0.219,0,0,0,0,0,0,0,0.983,0,0,0,0,0,0,0,0,0,0,0,0,0,0,0,0,0,0,0,0,0,0.983,0,0,0,0.259,0,0.195,0,0,0.235,0,0,0,0.305,0.295,0,0,0,0,0,0,0,0,0,0,0,0,0,0,0,0,0,0,0,0,0,0,0,0,0,0,0,0,0,0,0,0,0,0,0,0,0,0,0,0,0,0,0,0,0,0,0,0,0,0,0.436,0.293,0.284,0.252,0,0,0,0,0,0,0,0,0,0,0,0,0,0,0,0,0,0,0,0,0,0,0,0,0,0.263,0,0.355,0,0,0,0,0,0,0,0,0,0,0,0,0,0,0,0,0,0,0,0,0.238,0.205,0.205
GO:0060429,0,0,0,0,0,0,0,0,0,0,0,0,0,0,0,0,0,0,0,0,0,0,0,0,0,0,0,0,0,0,0,0,0,0,0,0,0,0,0,0,0,0,0,0,0,0,0,0,0,0,0,0,0,0,0,0,0,0,0,0,0,0,0,0,0,0,0,0,0,0,0,0,0,0,0,0,0,0,0,0,0,0,0,0,0,0,0,0,0,0,0,0,0,0,0,0,0,0,0,0,0,0,0,0,0,0,0,0,0,0,0,0,0,0,0,0,0,0,0,0,0,0,0,0,0,0,0,0,0,0,0,0,0,0,0,0,0,0,0,0,0,0,0,0,0,0,0,0,0,0,0,0,0,0,0,0.239,0.466,0.308,0.42,0.355,0.389,0,0.437,0,0,0,0.315,0.392,0.239,0.423,0.48,0.389,0.361,0,0,0,0.3,0.362,0,0,0,0,0,0,0,0,0,0,0,0,0,0,0,0,0,0,0,0,0,0,0,0,0,0,0,0,0,0,0,0,0,0,0,0,0,0,0,0,0,0,0,0,0,0,0,0,0,0,0,0,0,0,0,0,0,0,0,0,0,0,0,0,0,0,0,0,0,0,0,0,0,0,0,0.331,0.743,0.736,0.971,0,0,0,0,0,0,0,0,0,0,0.34,0.763,0,0,0,0,0.399,0.396,0.296,0.896,0,0,0,0,0,0,0,0,0,0,0.245,0,0,0,0,0,0,0,0,0,0,0,0,0,0,0,0,0,0,0.318,0.337,0.743,0,0,0,0,0.33,0.277,0,0,0,0,0,0,0.249,0.355,0.361,0.353,0.848,0,0,0,0.306,0,0,0,0.998,0.843,0.328,0,0,0,0,0,0,0,0.245,0,0,0,0,0,0,0,0,0,0,0,0,0,0,0,0,0,0,0,0,0,0,0,0,0,0,0,0,0,0,0,0,0,0,0,0,0,0,0,0,0,0,0,0,0,0,0,0,0,0,0,0,0,0,0,0,0,0.411,0.3,0.261,0,0,0,0,0,0,0,0,0.316,0,0,0,0,0,0.4,0,0.352,0,0,0,0,0.392,0,0,0,0,0.293,0.292,0.256,0.239,0.399,0,0.32,0.303,0,0,0.331,0,0.328,0.314,0.331,0.265,0,0.239,0.311,0,0,0
GO:0060562,0,0,0,0,0,0,0,0,0,0,0,0,0,0,0,0,0,0,0,0,0,0,0,0,0,0,0,0,0,0,0,0,0,0,0,0,0,0,0,0,0,0,0,0,0,0,0,0,0,0,0,0,0,0,0,0,0,0,0,0,0,0,0,0,0,0,0,0,0,0,0,0,0,0,0,0,0,0,0,0,0,0,0,0,0,0,0,0,0,0,0,0,0,0,0,0,0,0,0,0,0,0,0,0,0,0,0,0,0,0,0,0,0,0,0,0,0,0,0,0,0,0,0,0,0,0,0,0,0,0,0,0,0,0,0,0,0,0,0,0,0,0,0,0,0,0,0,0,0,0,0,0,0,0,0,0.241,0.422,0.263,0.563,0.49,0.313,0.308,0.343,0,0,0,0.263,0.321,0.349,0.39,0.378,0.313,0.294,0.259,0,0,0.426,0.344,0,0,0,0,0,0,0,0,0,0,0,0,0,0,0,0,0,0,0,0,0,0,0,0,0,0,0,0,0,0,0,0,0,0,0,0,0,0,0,0,0,0,0,0,0,0,0,0,0,0,0,0,0,0,0,0,0,0,0,0,0,0,0,0,0,0,0,0,0,0,0,0,0,0,0,0.462,0.636,0.632,0.87,0,0,0,0,0,0,0,0,0,0,0.473,0.651,0,0,0,0,0.372,0.37,0.421,0.745,0,0,0,0,0,0,0,0,0,0,0.212,0,0,0,0,0,0,0,0,0,0,0,0,0,0,0,0,0,0,0.876,0.817,0.636,0,0,0,0,0.274,0.236,0,0,0,0,0,0,0.362,0.296,0.497,0.487,0.803,0,0,0,0.256,0.226,0,0,0.843,1,0.459,0,0,0,0,0,0,0,0.212,0,0,0,0,0,0,0,0,0,0,0,0,0,0,0,0,0,0,0,0,0,0,0,0,0,0,0,0,0,0,0,0,0,0,0,0,0,0,0,0,0,0,0,0,0,0,0.259,0,0,0,0,0,0,0,0,0,0,0.381,0.294,0.26,0.259,0.216,0.208,0.202,0.218,0,0,0,0.268,0,0,0,0,0,0.373,0,0.487,0,0,0,0,0.367,0,0,0,0,0.247,0.286,0.255,0.685,0.372,0,0.31,0.295,0.254,0.218,0.274,0.242,0.316,0.305,0.28,0.231,0,0.241,0.438,0,0,0
GO:0060795,0,0.031,0,0.043,0.033,0,0.032,0,0.038,0,0.032,0,0.029,0,0.036,0,0,0,0.034,0.034,0.035,0.035,0.035,0.034,0,0.034,0,0,0,0.026,0,0.027,0,0.027,0,0.03,0,0,0,0,0,0,0,0,0,0.026,0,0,0,0,0,0,0,0,0.025,0.029,0,0.033,0,0.026,0.03,0,0.024,0,0,0.024,0.024,0.031,0,0.031,0,0.024,0.024,0,0.031,0.03,0.024,0.03,0.025,0.025,0.03,0.028,0.024,0.026,0,0.029,0,0.031,0,0,0,0,0.027,0.028,0.024,0.029,0,0,0,0,0,0.025,0,0.024,0.025,0,0.025,0,0.028,0.027,0.024,0.024,0.023,0.024,0.022,0.025,0.026,0.023,0.026,0.02,0.023,0.024,0.023,0.02,0.018,0.022,0.021,0.024,0.023,0.022,0.023,0,0,0.022,0.02,0.022,0.02,0.026,0,0,0.029,0.034,0.033,0,0,0.024,0.025,0,0,0.025,0.025,0.029,0.024,0.022,0.023,0.273,0.532,0.308,0.696,0.587,0.637,0.395,0.437,0,0.022,0.022,0.515,0.392,0.395,0.483,0.48,0.635,0.361,0.317,0.023,0,0.497,0.413,0.022,0.022,0.028,0.026,0.023,0.024,0.027,0.022,0.022,0.022,0,0.028,0.021,0,0.029,0.023,0,0,0,0.023,0,0.024,0,0.022,0.022,0.019,0.017,0.021,0.025,0.025,0.025,0.022,0.026,0.022,0.023,0.025,0.021,0,0,0.021,0.019,0.025,0,0,0.024,0.024,0,0.021,0,0,0.021,0.018,0.025,0.02,0.018,0.022,0.019,0.023,0.028,0.026,0.028,0.023,0.019,0.028,0.027,0.024,0.028,0.023,0.023,0.028,0.028,0.029,0.028,0,0,0.991,0.896,0.901,0.529,0,0,0,0.031,0.021,0.029,0.021,0.021,0.026,0,0.961,0.307,0.019,0,0,0,0.769,0.452,0.49,0.361,0,0,0,0,0.023,0.027,0,0,0.032,0.032,0.245,0.024,0.022,0.02,0.024,0.022,0.026,0.018,0,0,0.031,0.02,0.02,0.019,0,0,0.02,0.017,0.031,0.525,0.384,0.896,0.022,0,0.021,0.027,0.861,0.453,0.024,0.023,0.026,0.022,0.026,0.025,0.413,0.355,0.893,0.921,0.565,0.017,0.022,0.017,0.306,0.27,0.026,0,0.328,0.459,0.998,0.021,0.027,0.017,0.024,0.022,0.02,0.031,0.245,0,0,0.024,0.023,0.021,0.022,0.026,0.02,0.019,0.018,0.023,0.022,0.026,0.019,0.018,0.021,0.021,0.027,0.03,0.02,0.022,0.02,0.02,0.029,0.021,0.028,0.024,0.021,0.02,0,0,0.024,0.023,0.025,0.021,0.022,0,0.024,0.026,0.024,0.028,0.021,0.02,0.027,0.022,0.03,0.317,0.029,0.032,0.032,0.028,0.022,0.033,0.033,0.024,0.023,0.021,0.469,0.343,0.298,0.318,0.255,0.244,0.237,0.258,0.023,0.023,0.025,0.46,0.03,0.026,0.024,0,0,0.583,0.018,0.582,0,0.026,0.026,0.02,0.571,0.022,0.024,0.028,0,0.479,0.425,0.373,0.625,0.581,0.026,0.466,0.441,0.31,0.258,0.331,0.292,0.374,0.358,0.483,0.265,0,0.273,0.514,0.02,0.017,0.017
GO:0060828,0,0.028,0,0.038,0.03,0.216,0.264,0,0.034,0,0.029,0.201,0.242,0.244,0.299,0.329,0.22,0,0.03,0.031,0.031,0.032,0.031,0.03,0,0.428,0,0,0.188,0.777,0.186,0.746,0.746,0.232,0.207,0.252,0.71,0.21,0.183,0.215,0.21,0,0,0.162,0.164,0.024,0.259,0.289,0.166,0.157,0.147,0.149,0.183,0.167,0.731,0.026,0,0.03,0.189,0.222,0.255,0.205,0.704,0.211,0.204,0.682,0.208,0.258,0.682,0.259,0,0.202,0.204,0.649,0.257,0.255,0.209,0.255,0.212,0.212,0.027,0.235,0.202,0.222,0.292,0.374,0,0.028,0,0,0.138,0.131,0.025,0.025,0.202,0.243,0.171,0.171,0.189,0.178,0,0.217,0,0.209,0.213,0.18,0.211,0,0.357,0.346,0.209,0.209,0.196,0.203,0.194,0.023,0.024,0.202,0.024,0.173,0.195,0.208,0.2,0.17,0.559,0.658,0.617,0.203,0.196,0.186,0.202,0.143,0.138,0.188,0.174,0.673,0.601,0.024,0,0,0.026,0.03,0.029,0,0.151,0.725,0.684,0.684,0.646,0.023,0.216,0.026,0.202,0.192,0.196,0,0,0,0,0,0.028,0,0,0.17,0.191,0.191,0.211,0,0,0,0,0.028,0.189,0.189,0.194,0.172,0,0.171,0.294,0.295,0.026,0.339,0.306,0.023,0.351,0.02,0.02,0.021,0,0.026,0.02,0,0.027,0.021,0,0,0,0.195,0.181,0.207,0.182,0.187,0.191,0.249,0.508,0.02,0.023,0.023,0.023,0.02,0.024,0.021,0.197,0.21,0.184,0.131,0.129,0.624,0.576,0.217,0.137,0.135,0.208,0.204,0.139,0.18,0.22,0.128,0.18,0.159,0.21,0.174,0.156,0.186,0.168,0.686,0.026,0.024,0.025,0.022,0.018,0.026,0.024,0.023,0.026,0.022,0.022,0.025,0.026,0.026,0.026,0,0,0,0,0.019,0,0.163,0.14,0.129,0.028,0.02,0.026,0.02,0.019,0.024,0,0,0,0.166,0.278,0.259,0.239,0,0,0,0,0.175,0,0.175,0.163,0.201,0.025,0,0,0.029,0.029,0,0.022,0.972,0.893,0.022,0.02,0.222,0.156,0.129,0.11,0.028,0.176,0.17,0.166,0,0.18,0.172,0.016,0.028,0,0,0.02,0.19,0.259,0.02,0.025,0.024,0.187,0.203,0.199,0.219,0.194,0.223,0.216,0,0,0,0,0,0.146,0.19,0.152,0.163,0.163,0.222,0.259,0,0,0.021,0.999,0.024,0.223,0.022,0.194,0.924,0.028,0,0,0.234,0.311,0.198,0.178,0.187,0.219,0.173,0.166,0.156,0.2,0.187,0.219,0.166,0.161,0.02,0.019,0.025,0.027,0.176,0.189,0.177,0.169,0.026,0.02,0.026,0.022,0.182,0.171,0.147,0.148,0.022,0.021,0.023,0.019,0.189,0.143,0.022,0.024,0.022,0.025,0.02,0.177,0.024,0.021,0.027,0,0.026,0.029,0.029,0.026,0.02,0.453,0.48,0.359,0.349,0.318,0,0,0,0,0,0,0,0,0.021,0.138,0.023,0.19,0.027,0.024,0.022,0,0,0.026,0.156,0.166,0.455,0.024,0.024,0.176,0.025,0.33,0.144,0.414,0,0.198,0.176,0.156,0.116,0.026,0.024,0.193,0.183,0,0,0.175,0.175,0.156,0.149,0.199,0,0.144,0.116,0.148,0.598,0.529,0.529
GO:0065003,0,0.563,0,0.058,0.608,0,0.039,0,0.049,0,0.039,0,0.034,0,0.046,0,0,0,0.587,0.043,0.043,0.044,0.043,0.042,0,0.042,0,0,0,0.031,0,0.032,0,0.033,0,0.036,0,0,0,0,0,0,0,0,0,0.456,0,0,0,0,0,0,0,0,0.029,0.035,0,0.041,0,0.031,0.037,0,0.027,0,0,0.029,0.028,0.038,0,0.038,0,0.027,0.028,0,0.038,0.037,0.029,0.037,0.029,0.029,0.828,0.485,0.027,0.031,0,0.035,0,0.038,0,0,0,0,0.032,0.033,0.027,0.035,0,0,0,0,0,0.03,0,0.029,0.029,0,0.029,0,0.033,0.032,0.029,0.029,0.026,0.027,0.026,0.03,0.031,0.027,0.031,0.023,0.026,0.028,0.027,0.022,0.021,0.025,0.023,0.027,0.026,0.025,0.027,0,0,0.025,0.023,0.026,0.023,0.722,0,0,0.035,0.042,0.04,0,0,0.029,0.029,0,0,0.425,0.03,0.873,0.027,0.026,0.384,0,0,0,0,0,0.037,0,0,0,0.025,0.026,0.029,0,0,0,0,0.037,0,0,0.026,0,0,0,0.026,0.026,0.034,0.031,0.027,0.028,0.032,0.367,0.366,0.373,0,0.034,0.024,0,0.035,0.026,0,0,0,0.026,0,0.028,0,0.025,0.025,0.021,0.019,0.556,0.671,0.029,0.029,0.573,0.704,0.593,0.388,0.421,0.357,0,0,0.024,0.022,0.438,0,0,0.655,0.405,0,0.596,0,0,0.596,0.514,0.419,0.572,0.503,0.622,0.551,0.027,0.034,0.03,0.033,0.027,0.021,0.034,0.032,0.029,0.034,0.027,0.027,0.033,0.034,0.035,0.034,0,0,0,0,0.024,0,0,0,0,0.038,0.024,0.035,0.024,0.024,0.031,0,0,0,0.022,0,0,0,0,0,0,0,0,0,0,0,0.027,0.032,0,0,0.039,0.039,0,0.857,0.025,0.023,0.027,0.025,0.031,0.02,0,0,0.038,0.023,0.022,0.022,0,0,0.022,0.609,0.039,0,0,0.024,0.025,0,0.024,0.966,0.031,0.025,0.028,0.027,0.03,0.026,0.031,0.03,0,0,0,0,0,0.019,0.025,0.019,0,0,0.031,0,0,0,0.027,0.024,0.988,0.019,0.824,0.026,0.022,0.038,0,0,0,0.028,0.027,0.023,0.025,0.03,0.023,0.022,0.02,0.027,0.025,0.03,0.022,0.021,0.352,0.023,0.032,0.036,0.023,0.025,0.023,0.022,0.034,0.024,0.489,0.712,0.024,0.022,0,0,0.028,0.027,0.421,0.023,0.025,0,0.703,0.787,0.709,0.485,0.024,0.023,0.031,0.026,0.037,0,0.034,0.04,0.04,0.49,0.363,0.041,0.04,0.028,0.027,0.024,0,0,0,0,0,0,0,0,0.026,0.384,0.421,0.025,0.036,0.03,0.028,0,0,0.034,0.02,0,0,0.031,0.444,0.023,0.033,0.025,0.404,0.033,0,0.027,0.023,0.02,0,0.033,0.031,0.026,0.024,0,0,0,0,0,0,0.027,0,0,0,0,0.022,0.019,0.019
GO:0071396,0,0.021,0,0.025,0.022,0,0.021,0,0.023,0,0.021,0,0.02,0,0.023,0.233,0,0,0.022,0.022,0.022,0.022,0.022,0.022,0,0.307,0,0,0,0.26,0,0.019,0,0.019,0,0.02,0.197,0,0,0,0,0,0,0,0,0.018,0.549,0.416,0,0,0,0,0,0,0.248,0.02,0,0.021,0,0.018,0.02,0,0.241,0,0,0.017,0.017,0.021,0,0.021,0,0.017,0.017,0.184,0.02,0.02,0.017,0.02,0.018,0.018,0.02,0.019,0.017,0.018,0.214,0.278,0,0.02,0,0,0,0,0.019,0.019,0.017,0.02,0,0,0,0,0,0.018,0,0.017,0.018,0,0.018,0,0.539,0.576,0.017,0.017,0.017,0.017,0.016,0.018,0.018,0.017,0.018,0.015,0.017,0.017,0.017,0.015,0.201,0.228,0.217,0.017,0.017,0.016,0.017,0,0,0.016,0.015,0.232,0.213,0.018,0,0,0.02,0.022,0.021,0,0,0.246,0.018,0,0.183,0.018,0.018,0.02,0.017,0.016,0.017,0,0,0,0,0,0.02,0,0,0,0.016,0.016,0.018,0,0,0,0,0.02,0,0,0.016,0,0,0,0.232,0.232,0.019,0.258,0.239,0.017,0.265,0.016,0.016,0.016,0,0.019,0.016,0,0.02,0.017,0,0,0,0.017,0,0.017,0.416,0.016,0.016,0.444,0.185,0.016,0.018,0.018,0.018,0.016,0.018,0.016,0.017,0.018,0.016,0,0,0.219,0.206,0.018,0,0,0.017,0.017,0,0.016,0.485,0,0.016,0.014,0.018,0.015,0.014,0.016,0.015,0.236,0.019,0.018,0.019,0.017,0.014,0.019,0.019,0.017,0.019,0.017,0.017,0.019,0.019,0.02,0.019,0,0,0,0,0.015,0,0.381,0,0,0.02,0.016,0.02,0.016,0.015,0.018,0,0,0,0.015,0.206,0.195,0.184,0,0,0,0,0,0,0,0,0.017,0.019,0,0,0.021,0.021,0,0.017,0.228,0.213,0.017,0.016,0.018,0.014,0,0,0.02,0.015,0.015,0.015,0,0.917,0.015,0.014,0.021,0,0,0.016,0.016,0.195,0.016,0.019,0.018,0.016,0.017,0.017,0.018,0.016,0.018,0.018,0,0,0,0,0,0.013,0.016,0.014,0,0,0.018,0.195,0,0,0.017,0.223,0.019,1,0.017,0.016,0.21,0.02,0,0,0.355,0.485,0.017,0.015,0.016,0.018,0.015,0.015,0.014,0.017,0.016,0.018,0.015,0.014,0.016,0.015,0.019,0.02,0.015,0.016,0.015,0.015,0.019,0.016,0.019,0.017,0.016,0.015,0,0,0.017,0.017,0.018,0.015,0.016,0,0.017,0.018,0.017,0.019,0.016,0.015,0.019,0.016,0.02,0,0.019,0.021,0.021,0.019,0.016,0.022,0.3,0.241,0.236,0.22,0,0,0,0,0,0,0,0,0.017,0.017,0.018,0.016,0.02,0.018,0.017,0,0,0.019,0.014,0,0,0.018,0.018,0.015,0.019,0.226,0.017,0.269,0,0.017,0.015,0.014,0,0.019,0.018,0.016,0.016,0,0,0,0,0,0,0.017,0,0,0,0,0.212,0.192,0.192
GO:0071826,0,0.476,0,0.045,0.507,0,0.033,0,0.04,0,0.033,0,0.03,0,0.038,0,0,0,0.49,0.036,0.036,0.037,0.036,0.035,0,0.035,0,0,0,0.027,0,0.028,0,0.028,0,0.031,0,0,0,0,0,0,0,0,0,0.397,0,0,0,0,0,0,0,0,0.025,0.03,0,0.034,0,0.027,0.032,0,0.024,0,0,0.025,0.025,0.032,0,0.032,0,0.024,0.025,0,0.032,0.032,0.025,0.032,0.026,0.026,0.428,0.419,0.024,0.027,0,0.03,0,0.032,0,0,0,0,0.028,0.029,0.024,0.03,0,0,0,0,0,0.026,0,0.025,0.026,0,0.025,0,0.029,0.028,0.025,0.025,0.023,0.024,0.023,0.026,0.027,0.024,0.027,0.02,0.023,0.025,0.024,0.02,0.019,0.023,0.021,0.024,0.023,0.022,0.024,0,0,0.022,0.021,0.023,0.02,0.381,0,0,0.03,0.035,0.034,0,0,0.025,0.025,0,0,0.373,0.026,0.435,0.024,0.023,0.341,0,0,0,0,0,0.032,0,0,0,0.023,0.023,0.025,0,0,0,0,0.032,0,0,0.023,0,0,0,0.023,0.023,0.029,0.027,0.024,0.025,0.028,0.328,0.327,0.333,0,0.029,0.022,0,0.03,0.023,0,0,0,0.023,0,0.025,0,0.022,0.023,0.019,0.017,0.302,0.357,0.025,0.026,0.31,0.372,0.32,0.345,0.37,0.32,0,0,0.021,0.02,0.384,0,0,0.35,0.358,0,0.311,0,0,0.311,0.272,0.369,0.299,0.266,0.323,0.289,0.024,0.029,0.026,0.029,0.024,0.019,0.029,0.027,0.025,0.029,0.024,0.024,0.029,0.029,0.03,0.029,0,0,0,0,0.021,0,0,0,0,0.032,0.022,0.03,0.022,0.021,0.027,0,0,0,0.02,0,0,0,0,0,0,0,0,0,0,0,0.024,0.028,0,0,0.033,0.033,0,0.994,0.023,0.021,0.024,0.022,0.027,0.018,0,0,0.032,0.021,0.02,0.02,0,0,0.02,0.731,0.033,0,0,0.021,0.023,0,0.022,0.838,0.027,0.022,0.024,0.024,0.027,0.023,0.027,0.026,0,0,0,0,0,0.017,0.023,0.018,0,0,0.027,0,0,0,0.024,0.022,0.824,0.017,0.997,0.023,0.02,0.032,0,0,0,0.024,0.024,0.021,0.022,0.027,0.02,0.02,0.018,0.024,0.022,0.027,0.02,0.019,0.316,0.021,0.028,0.031,0.021,0.022,0.021,0.02,0.03,0.022,0.422,0.364,0.022,0.02,0,0,0.025,0.024,0.37,0.021,0.022,0,0.36,0.397,0.363,0.419,0.022,0.021,0.027,0.023,0.031,0,0.03,0.033,0.033,0.423,0.325,0.034,0.034,0.024,0.024,0.021,0,0,0,0,0,0,0,0,0.023,0.341,0.37,0.023,0.031,0.027,0.025,0,0,0.029,0.018,0,0,0.027,0.388,0.021,0.028,0.022,0.357,0.029,0,0.024,0.021,0.018,0,0.029,0.027,0.023,0.022,0,0,0,0,0,0,0.024,0,0,0,0,0.02,0.018,0.018
GO:0090068,0,0.031,0,0.041,0.032,0.233,0.284,0,0.037,0,0.031,0.215,0.258,0.265,0.325,0,0.239,0,0.033,0.033,0.034,0.034,0.034,0.033,0,0.033,0,0,0.528,0.238,0.523,0.244,0.193,0.599,0.586,0.652,0.198,0.226,0.514,0.231,0.226,0,0,0.172,0.174,0.026,0,0,0.176,0.436,0.156,0.158,0.195,0.466,0.223,0.028,0,0.032,0.202,0.236,0.274,0.22,0.518,0.227,0.219,0.536,0.22,0.277,0.461,0.278,0,0.213,0.216,0.474,0.276,0.274,0.221,0.274,0.224,0.224,0.029,0.251,0.752,0.833,0,0.028,0,0.03,0,0,0.145,0.361,0.026,0.027,0.214,0.26,0.182,0.181,0.201,0.189,0,0.23,0,0.222,0.226,0.191,0.223,0,0.027,0.026,0.222,0.222,0.207,0.214,0.494,0.025,0.026,0.515,0.025,0.439,0.497,0.22,0.511,0.178,0.407,0.199,0.451,0.214,0.207,0.473,0.515,0.152,0.146,0.198,0.442,0.494,0.181,0.026,0,0,0.028,0.033,0.032,0,0.16,0.221,0.222,0.175,0.179,0.024,0.87,0.028,0.811,0.769,0.206,0,0,0,0,0,0.03,0,0,0.181,0.201,0.202,0.224,0,0,0,0,0.03,0.202,0.201,0.205,0.184,0,0.181,0.022,0.022,0.027,0.025,0.023,0.024,0.026,0.021,0.021,0.022,0,0.028,0.021,0,0.028,0.022,0,0,0,0.498,0.193,0.219,0,0.476,0.486,0.018,0.368,0.021,0.024,0.024,0.025,0.021,0.025,0.022,0.208,0.223,0.194,0.137,0.355,0.189,0.173,0.231,0.145,0.142,0.221,0.216,0.146,0.189,0,0.135,0.189,0.166,0.222,0.182,0.163,0.196,0.176,0.208,0.028,0.025,0.027,0.023,0.019,0.028,0.026,0.024,0.028,0.023,0.023,0.027,0.028,0.028,0.027,0,0,0,0,0.02,0,0,0.147,0.135,0.03,0.021,0.028,0.021,0.02,0.026,0,0,0,0.173,0,0,0,0,0,0,0,0.491,0,0.49,0.456,0.805,0.027,0,0,0.031,0.031,0,0.023,0.199,0.441,0.023,0.021,0.57,0.163,0.136,0.115,0.03,0.185,0.432,0.42,0,0,0.18,0.017,0.031,0,0,0.021,0.2,0,0.021,0.026,0.025,0.197,0.756,0.97,0.563,0.719,0.574,0.553,0,0,0,0,0,0.152,0.2,0.384,0.172,0.172,0.571,0,0,0,0.022,0.194,0.026,0.016,0.023,0.998,0.432,0.03,0,0,0,0.023,0.792,0.914,0.748,0.563,0.688,0.659,0.796,0.211,0.475,0.563,0.659,0.639,0.021,0.519,0.603,0.662,0.703,0.199,0.186,0.177,0.718,0.021,0.027,0.024,0.191,0.179,0.155,0.157,0.609,0.583,0.024,0.521,0.199,0.152,0.023,0.026,0.024,0.027,0.021,0.705,0.668,0.022,0.029,0,0.028,0.031,0.031,0.027,0.021,0.032,0.293,0.214,0.209,0.189,0,0,0,0,0,0,0,0,0.022,0.145,0.024,0.484,0.029,0.025,0.024,0,0,0.027,0.163,0.176,0,0.025,0.025,0.184,0.027,0.196,0.152,0.25,0,0.504,0.185,0.394,0.12,0.027,0.025,0.203,0.464,0,0,0.489,0.49,0.164,0.414,0.21,0,0.153,0.12,0.156,0.18,0.159,0.159
GO:0090263,0,0.025,0,0.033,0.027,0.193,0.237,0,0.03,0,0.026,0.181,0.218,0.215,0.264,0.292,0.193,0,0.027,0.027,0.028,0.028,0.028,0.027,0,0.381,0,0,0.448,0.708,0.444,0.678,0.678,0.51,0.489,0.548,0.644,0.188,0.438,0.192,0.188,0,0,0.147,0.148,0.022,0.235,0.259,0.152,0.38,0.135,0.136,0.166,0.402,0.67,0.024,0,0.027,0.171,0.203,0.23,0.184,0.824,0.189,0.183,0.787,0.191,0.232,0.788,0.232,0,0.185,0.187,0.757,0.231,0.23,0.191,0.23,0.194,0.194,0.024,0.213,0.186,0.203,0.262,0.337,0,0.025,0,0,0.129,0.322,0.022,0.023,0.186,0.219,0.157,0.156,0.171,0.162,0,0.198,0,0.192,0.195,0.163,0.193,0,0.324,0.315,0.192,0.192,0.18,0.186,0.432,0.021,0.022,0.448,0.022,0.389,0.434,0.19,0.445,0.158,0.666,0.607,0.729,0.186,0.181,0.416,0.448,0.132,0.127,0.174,0.392,0.79,0.558,0.022,0,0,0.024,0.027,0.026,0,0.138,0.664,0.626,0.626,0.59,0.021,0.197,0.024,0.186,0.177,0.18,0,0,0,0,0,0.025,0,0,0.155,0.176,0.177,0.193,0,0,0,0,0.025,0.171,0.171,0.179,0.155,0,0.156,0.271,0.272,0.023,0.309,0.281,0.021,0.319,0.019,0.019,0.019,0,0.023,0.018,0,0.024,0.02,0,0,0,0.435,0.165,0.19,0.17,0.418,0.426,0.232,0.608,0.018,0.021,0.021,0.021,0.019,0.022,0.019,0.182,0.193,0.171,0.122,0.317,0.578,0.537,0.198,0.127,0.124,0.191,0.187,0.128,0.166,0.203,0.119,0.166,0.148,0.192,0.161,0.146,0.172,0.157,0.631,0.024,0.022,0.023,0.02,0.017,0.023,0.022,0.021,0.023,0.02,0.02,0.023,0.023,0.024,0.023,0,0,0,0,0.018,0,0.154,0.13,0.12,0.025,0.018,0.024,0.018,0.018,0.022,0,0,0,0.155,0.251,0.235,0.219,0,0,0,0,0.421,0,0.42,0.395,0.184,0.023,0,0,0.026,0.026,0,0.02,0.898,0.981,0.02,0.019,0.489,0.146,0.12,0.103,0.025,0.164,0.384,0.374,0,0.168,0.16,0.015,0.026,0,0,0.018,0.175,0.235,0.018,0.023,0.022,0.173,0.186,0.442,0.484,0.178,0.492,0.476,0,0,0,0,0,0.137,0.175,0.345,0.149,0.149,0.49,0.235,0,0,0.02,0.924,0.022,0.21,0.02,0.432,1,0.025,0,0,0.214,0.286,0.182,0.4,0.173,0.484,0.161,0.155,0.353,0.184,0.418,0.484,0.155,0.15,0.018,0.018,0.023,0.024,0.164,0.174,0.164,0.158,0.024,0.018,0.023,0.021,0.168,0.159,0.134,0.136,0.02,0.02,0.021,0.018,0.174,0.132,0.02,0.022,0.021,0.023,0.018,0.164,0.022,0.019,0.025,0,0.024,0.026,0.026,0.023,0.019,0.404,0.429,0.329,0.321,0.295,0,0,0,0,0,0,0,0,0.02,0.127,0.021,0.424,0.025,0.022,0.02,0,0,0.023,0.146,0.152,0.406,0.022,0.022,0.163,0.023,0.305,0.132,0.375,0,0.44,0.164,0.353,0.109,0.023,0.022,0.178,0.409,0,0,0.42,0.42,0.143,0.364,0.183,0,0.132,0.109,0.137,0.556,0.496,0.496
GO:0097659,0.439,0.048,0.314,0.082,0.053,0.23,0.313,0.473,0.423,0.398,0.368,0,0.042,0,0.061,0,0,0.361,0.054,0.697,0.688,0.64,0.691,0.74,0.681,0.054,0,0.369,0.183,0.037,0.298,0.038,0,0.254,0,0.045,0,0.33,0.264,0.377,0.293,0.406,0.388,0,0,0.037,0,0,0.251,0.23,0,0,0.291,0.253,0.034,0.657,0.732,0.801,0.185,0.237,0.933,0.647,0.032,0.661,0.77,0.034,0.033,0.586,0,0.661,0.363,0.032,0.032,0,0.716,0.933,0.553,0.932,0.22,0.22,0.044,0.04,0.032,0.037,0,0.043,0,0.047,0,0,0.193,0.18,0.586,0.613,0.65,0.86,0.489,0.58,0.305,0.504,0.265,0.499,0.271,0.684,0.432,0.257,0.522,0.279,0.04,0.038,0.683,0.684,0.503,0.238,0.223,0.035,0.037,0.205,0.036,0.19,0.195,0.214,0.202,0.186,0.173,0.029,0.027,0.206,0.227,0.21,0.205,0,0,0.214,0.192,0.03,0.026,0.037,0.746,0.837,0.705,0.757,0.829,0.75,0,0.033,0.034,0,0,0.034,0.035,0.042,0.032,0.03,0.03,0,0,0,0,0,0.046,0,0,0,0.029,0.03,0.034,0,0,0,0,0.046,0,0,0.03,0,0,0,0.406,0.407,0.554,0.499,0.429,0.455,0.039,0.029,0.029,0.029,0,0.041,0.028,0,0.043,0.03,0,0,0,0.03,0,0.033,0,0.029,0.029,0.024,0.02,0.425,0.529,0.524,0.534,0.44,0.036,0.03,0.031,0.034,0.028,0.18,0.175,0.027,0.024,0.036,0,0,0.033,0.032,0,0.027,0,0,0.027,0.023,0.034,0.026,0.022,0.028,0.025,0.031,0.268,0.552,0.66,0.514,0.394,0.459,0.254,0.517,0.266,0.214,0.487,0.651,0.266,0.469,0.659,0.206,0.637,0,0,0.027,0,0,0,0,0.948,0.57,0.87,0.558,0.412,0.572,0.178,0,0,0.024,0,0,0,0,0,0,0,0.506,0.173,0.602,0.443,0.032,0.599,0.252,0.185,0.898,0.9,0,0.032,0.029,0.026,0.492,0.443,0.517,0.343,0,0,0.948,0.535,0.51,0.492,0.152,0,0.517,0.332,0.907,0,0,0.027,0.029,0,0.421,0.039,0.036,0.029,0.032,0.031,0.732,0.03,0.464,0.714,0,0,0,0,0,0.02,0.448,0.332,0,0,0.566,0,0,0,0.031,0.028,0.038,0.02,0.032,0.03,0.025,0.949,0,0.893,0,0.032,0.031,0.027,0.029,0.731,0.026,0.024,0.022,0.485,0.439,0.732,0.024,0.023,0.028,0.027,0.039,0.044,0.026,0.186,0.17,0.16,0.042,0.028,0.04,0.033,0.177,0.163,0,0,0.033,0.031,0.034,0.027,0.186,0,0.033,0.037,0.033,0.04,0.028,0.026,0.038,0.03,0.045,0,0.31,0.322,0.321,0.041,0.029,0.052,0.051,0.032,0.031,0.027,0,0,0,0,0,0,0,0,0.031,0.03,0.034,0.029,0.289,0.036,0.244,0.291,0.244,0.04,0.022,0,0,0.037,0.036,0.026,0.039,0.028,0.032,0.04,0,0.031,0.026,0.022,0,0.04,0.036,0.03,0.028,0,0,0,0,0,0,0.031,0,0,0,0,0.025,0.022,0.022
GO:0098727,0,0,0,0,0,0,0,0,0,0,0,0,0,0,0,0,0,0,0,0,0,0,0,0,0,0,0,0,0,0,0,0,0,0,0,0,0,0,0,0,0,0,0,0,0,0,0,0,0,0,0,0,0,0,0,0,0,0,0,0,0,0,0,0,0,0,0,0,0,0,0,0,0,0,0,0,0,0,0,0,0,0,0,0,0,0,0,0,0,0,0,0,0,0,0,0,0,0,0,0,0,0,0,0,0,0,0,0,0,0,0,0,0,0,0,0,0,0,0,0,0,0,0,0,0,0,0,0,0,0,0,0,0,0,0,0,0,0,0,0,0,0,0,0,0,0,0,0,0,0,0,0,0,0,0,0.187,0.326,0.232,0.3,0.262,0.31,0,0.34,0,0,0,0.261,0.284,0.187,0.302,0.333,0.31,0.292,0,0,0,0.227,0.266,0,0,0,0,0,0,0,0,0,0,0,0,0,0,0,0,0,0,0,0,0,0,0,0,0,0,0,0,0,0,0,0,0,0,0,0,0,0,0,0,0,0,0,0,0,0,0,0,0,0,0,0,0,0,0,0,0,0,0,0,0,0,0,0,0,0,0,0,0,0,0,0,0,0,0,0.246,0.226,0.225,0.24,0,0,0,0,0,0,0,0,0,0,0.252,0.232,0,0,0,0,0.288,0.286,0.225,0.265,0,0,0,0,0,0,0,0,0,0,1,0,0,0,0,0,0,0,0,0,0,0,0,0,0,0,0,0,0,0.238,0.25,0.226,0,0,0,0,0.271,0.234,0,0,0,0,0,0,0.194,0.261,0.265,0.26,0.253,0,0,0,0.254,0,0,0,0.245,0.212,0.245,0,0,0,0,0,0,0,1,0,0,0,0,0,0,0,0,0,0,0,0,0,0,0,0,0,0,0,0,0,0,0,0,0,0,0,0,0,0,0,0,0,0,0,0,0,0,0,0,0,0,0,0,0,0,0,0,0,0,0,0,0,0,0,0,0,0.295,0.227,0.201,0,0,0,0,0,0,0,0,0.237,0,0,0,0,0,0.289,0,0.26,0,0,0,0,0.284,0,0,0,0,0.246,0.222,0.198,0.187,0.288,0,0.24,0.229,0,0,0.272,0,0.245,0.236,0.247,0.204,0,0.187,0.234,0,0,0
GO:1901362,0.31,0,0.335,0,0,0.241,0.228,0.359,0.313,0.318,0.275,0,0,0,0,0,0,0.385,0,0.711,0.265,0.273,0.264,0.69,0.718,0,0,0.276,0.19,0,0.221,0,0,0.183,0,0,0,0.23,0.182,0.282,0.231,0.305,0.322,0,0,0,0,0,0.185,0.169,0,0,0.216,0.186,0,0.538,0.304,0.661,0.192,0.171,0.877,0.676,0,0.273,0.68,0,0,0.592,0,0.675,0.271,0,0,0,0.588,0.877,0.482,0.877,0.158,0.158,0,0,0,0,0,0,0,0,0,0,0.141,0.131,0.477,0.5,0.603,0.805,0.505,0.506,0.226,0.206,0.196,0.504,0.2,0.635,0.431,0.177,0.424,0.207,0,0,0.635,0.635,0.437,0.175,0.163,0,0,0.147,0,0.139,0.14,0.154,0.145,0.136,0.126,0,0,0.148,0.167,0.154,0.147,0,0,0.157,0.141,0,0,0,0.784,0.741,0.62,0.779,0.739,0.789,0,0,0,0,0,0,0,0,0,0,0,0,0,0,0,0,0,0,0,0,0,0,0,0,0,0,0,0,0,0,0,0,0,0,0.37,0.371,0.51,0.458,0.392,0.417,0,0,0,0,0,0,0,0,0,0,0,0,0,0,0,0,0,0,0,0,0,0.343,0.429,0.425,0.434,0.355,0,0,0,0,0,0.131,0.128,0,0,0,0,0,0,0,0,0,0,0,0,0,0,0,0,0,0,0,0.229,0.449,0.578,0.447,0.34,0.228,0.207,0.419,0.227,0.173,0.395,0.58,0.227,0.197,0.582,0.215,0.665,0,0,0,0,0,0,0,0.892,0.526,0.816,0.516,0.332,0.466,0.13,0,0,0,0,0,0,0,0,0,0,0.523,0.126,0.526,0.18,0,0.488,0.185,0.135,0.701,0.7,0,0,0,0,0.398,0.357,0.523,0.275,0,0,0.893,0.494,0.47,0.453,0.111,0,0.477,0.267,0.924,0,0,0,0,0,0.34,0,0,0,0,0,0.681,0,0.464,0.664,0,0,0,0,0,0,0.362,0.267,0,0,0.46,0,0,0,0,0,0,0,0,0,0,0.893,0,0.934,0,0,0,0,0,0.681,0,0,0,0.392,0.354,0.681,0,0,0,0,0,0,0,0.133,0.121,0.114,0,0,0,0,0.126,0.116,0,0,0,0,0,0,0.133,0,0,0,0,0,0,0,0,0,0,0,0.23,0.235,0.234,0,0,0,0,0,0,0,0,0,0,0,0,0,0,0,0,0,0,0,0.21,0,0.179,0.215,0.18,0,0,0,0,0,0,0,0,0,0,0,0,0,0,0,0,0,0,0,0,0,0,0,0,0,0,0,0,0,0,0,0,0,0
GO:1901700,0,0,0,0,0,0,0,0,0,0,0,0,0,0,0,0.408,0,0,0,0,0,0,0,0,0,0.383,0,0,0,0.293,0,0,0,0,0,0,0.31,0,0,0,0,0,0,0,0,0,0.6,0.682,0,0,0,0,0,0,0.273,0,0,0,0,0,0,0,0.261,0,0,0,0,0,0,0,0,0,0,0.279,0,0,0,0,0,0,0,0,0,0,0.353,0.325,0,0,0,0,0,0,0,0,0,0,0,0,0,0,0,0,0,0,0,0,0,0,0.606,0.584,0,0,0,0,0,0,0,0,0,0,0,0,0,0,0.201,0.241,0.224,0,0,0,0,0,0,0,0,0.248,0.218,0,0,0,0,0,0,0,0,0.27,0,0,0.277,0,0,0,0,0,0,0,0,0,0,0,0,0,0,0,0,0,0,0,0,0,0,0,0,0,0,0,0,0,0.246,0.247,0,0.29,0.257,0,0.302,0,0,0,0,0,0,0,0,0,0,0,0,0,0,0,0.4,0,0,0.4,0.181,0,0,0,0,0,0,0,0,0,0,0,0,0.227,0.208,0,0,0,0,0,0,0,0.497,0,0,0,0,0,0,0,0,0.253,0,0,0,0,0,0,0,0,0,0,0,0,0,0,0,0,0,0,0,0,0,0.355,0,0,0,0,0,0,0,0,0,0,0,0,0.332,0.305,0.278,0,0,0,0,0,0,0,0,0,0,0,0,0,0,0,0,0.241,0.219,0,0,0,0,0,0,0,0,0,0,0,0.395,0,0,0,0,0,0,0,0.305,0,0,0,0,0,0,0,0,0,0,0,0,0,0,0,0,0,0,0,0,0,0.305,0,0,0,0.234,0,0.355,0,0,0.214,0,0,0,0.995,0.964,0,0,0,0,0,0,0,0,0,0,0,0,0,0,0,0,0,0,0,0,0,0,0,0,0,0,0,0,0,0,0,0,0,0,0,0,0,0,0,0,0,0,0,0,0,0,0,0,0,0,0.369,0.261,0.254,0.228,0,0,0,0,0,0,0,0,0,0,0,0,0,0,0,0,0,0,0,0,0,0,0,0,0,0.237,0,0.309,0,0,0,0,0,0,0,0,0,0,0,0,0,0,0,0,0,0,0,0,0.217,0.189,0.189
GO:1901701,0,0.033,0,0.046,0.035,0,0.033,0,0.04,0,0.034,0,0.03,0,0.038,0.389,0,0,0.036,0.036,0.036,0.037,0.036,0.036,0,0.5,0,0,0,0.387,0,0.028,0,0.029,0,0.031,0.299,0,0,0,0,0,0,0,0,0.027,0.579,0.655,0,0,0,0,0,0,0.361,0.03,0,0.035,0,0.027,0.032,0,0.346,0,0,0.025,0.025,0.032,0,0.032,0,0.024,0.025,0.27,0.032,0.032,0.025,0.032,0.026,0.026,0.031,0.029,0.024,0.027,0.338,0.428,0,0.032,0,0,0,0,0.028,0.029,0.024,0.03,0,0,0,0,0,0.026,0,0.025,0.026,0,0.026,0,0.816,0.787,0.025,0.025,0.024,0.025,0.023,0.026,0.027,0.024,0.027,0.021,0.023,0.025,0.024,0.02,0.269,0.321,0.299,0.025,0.024,0.022,0.024,0,0,0.023,0.021,0.329,0.29,0.028,0,0,0.03,0.035,0.034,0,0,0.358,0.025,0,0.268,0.026,0.026,0.03,0.024,0.023,0.024,0,0,0,0,0,0.032,0,0,0,0.023,0.023,0.026,0,0,0,0,0.032,0,0,0.023,0,0,0,0.327,0.327,0.029,0.383,0.341,0.025,0.399,0.023,0.023,0.023,0,0.029,0.022,0,0.03,0.024,0,0,0,0.023,0,0.025,0.391,0.022,0.023,0.545,0.242,0.022,0.026,0.026,0.026,0.022,0.027,0.023,0.024,0.026,0.022,0,0,0.303,0.277,0.027,0,0,0.025,0.025,0,0.021,0.483,0,0.021,0.019,0.025,0.021,0.018,0.022,0.02,0.336,0.03,0.027,0.029,0.024,0.019,0.03,0.028,0.025,0.03,0.024,0.024,0.029,0.03,0.03,0.029,0,0,0,0,0.021,0,0.348,0,0,0.032,0.022,0.03,0.022,0.021,0.027,0,0,0,0.02,0.319,0.295,0.269,0,0,0,0,0,0,0,0,0.024,0.028,0,0,0.033,0.033,0,0.024,0.32,0.292,0.024,0.023,0.027,0.018,0,0,0.032,0.021,0.02,0.02,0,0.386,0.02,0.018,0.033,0,0,0.022,0.023,0.295,0.022,0.028,0.027,0.022,0.025,0.024,0.027,0.023,0.027,0.026,0,0,0,0,0,0.017,0.023,0.018,0,0,0.027,0.295,0,0,0.024,0.311,0.028,0.485,0.024,0.023,0.286,0.032,0,0,0.964,0.996,0.024,0.021,0.022,0.027,0.021,0.02,0.018,0.024,0.022,0.027,0.02,0.019,0.022,0.021,0.028,0.031,0.021,0.023,0.021,0.02,0.03,0.022,0.029,0.025,0.022,0.02,0,0,0.025,0.024,0.026,0.021,0.023,0,0.025,0.027,0.025,0.029,0.022,0.021,0.028,0.023,0.032,0,0.03,0.034,0.034,0.029,0.022,0.035,0.484,0.347,0.337,0.304,0,0,0,0,0,0,0,0,0.024,0.024,0.026,0.023,0.031,0.027,0.025,0,0,0.029,0.018,0,0,0.027,0.027,0.021,0.029,0.316,0.025,0.408,0,0.024,0.021,0.018,0,0.029,0.027,0.023,0.022,0,0,0,0,0,0,0.024,0,0,0,0,0.289,0.253,0.253
GO:1901988,0,0.031,0,0.043,0.034,0.24,0.293,0,0.038,0,0.032,0.655,0.735,0.275,0.336,0,0.248,0,0.034,0.035,0.035,0.035,0.035,0.034,0,0.034,0,0,0.206,0.244,0.204,0.25,0.198,0.254,0.229,0.277,0.203,0.233,0.2,0.238,0.233,0,0,0.177,0.179,0.026,0,0,0.18,0.169,0.159,0.162,0.2,0.181,0.228,0.029,0,0.033,0.614,0.672,0.282,0.226,0.219,0.233,0.226,0.227,0.225,0.286,0.179,0.286,0,0.218,0.221,0.184,0.284,0.282,0.227,0.282,0.229,0.229,0.03,0.258,0.769,0.854,0,0.029,0,0.031,0,0,0.148,0.14,0.027,0.028,0.606,0.267,0.551,0.548,0.611,0.574,0,0.652,0,0.629,0.641,0.58,0.633,0,0.028,0.027,0.629,0.629,0.586,0.219,0.208,0.025,0.026,0.218,0.026,0.185,0.21,0.225,0.216,0.182,0.171,0.203,0.19,0.219,0.212,0.199,0.218,0.155,0.149,0.203,0.186,0.208,0.185,0.027,0,0,0.029,0.034,0.033,0,0.164,0.626,0.629,0.531,0.542,0.025,0.891,0.029,0.972,0.921,0.211,0,0,0,0,0,0.031,0,0,0.185,0.569,0.571,0.229,0,0,0,0,0.031,0.208,0.207,0.58,0.189,0,0.185,0.022,0.022,0.028,0.026,0.023,0.024,0.027,0.022,0.022,0.022,0,0.028,0.021,0,0.029,0.023,0,0,0,0.21,0.198,0.224,0,0.201,0.205,0.019,0.154,0.021,0.025,0.025,0.025,0.022,0.026,0.022,0.59,0.228,0.549,0.14,0.137,0.192,0.49,0.236,0.148,0.145,0.226,0.612,0.149,0.192,0,0.137,0.192,0.467,0.227,0.186,0.459,0.2,0.497,0.59,0.029,0.026,0.028,0.023,0.019,0.028,0.027,0.025,0.028,0.024,0.023,0.028,0.028,0.029,0.028,0,0,0,0,0.021,0,0,0.15,0.405,0.031,0.021,0.029,0.021,0.021,0.026,0,0,0,0.49,0,0,0,0,0,0,0,0.191,0,0.19,0.177,0.98,0.027,0,0,0.032,0.032,0,0.024,0.203,0.186,0.024,0.022,0.241,0.165,0.139,0.117,0.031,0.189,0.182,0.177,0,0,0.184,0.017,0.032,0,0,0.021,0.204,0,0.021,0.027,0.026,0.558,0.967,0.755,0.238,0.919,0.243,0.234,0,0,0,0,0,0.154,0.204,0.161,0.52,0.52,0.242,0,0,0,0.023,0.198,0.027,0.017,0.024,0.792,0.182,0.031,0,0,0,0.024,0.998,0.849,0.941,0.238,0.822,0.827,0.737,0.216,0.201,0.238,0.787,0.801,0.021,0.805,0.618,0.681,0.84,0.562,0.189,0.501,0.738,0.021,0.028,0.024,0.195,0.507,0.159,0.16,0.947,0.906,0.025,0.808,0.562,0.155,0.024,0.026,0.024,0.028,0.021,0.843,0.685,0.022,0.03,0,0.029,0.032,0.032,0.028,0.022,0.033,0.302,0.219,0.213,0.193,0,0,0,0,0,0,0,0,0.023,0.149,0.025,0.204,0.03,0.026,0.024,0,0,0.028,0.165,0.18,0,0.026,0.026,0.188,0.027,0.2,0.155,0.256,0,0.213,0.189,0.165,0.122,0.028,0.026,0.207,0.196,0,0,0.19,0.19,0.168,0.161,0.214,0,0.156,0.122,0.159,0.509,0.161,0.447
GO:1901989,0,0.027,0,0.035,0.029,0.205,0.252,0,0.032,0,0.028,0.192,0.231,0.23,0.284,0,0.208,0,0.029,0.029,0.029,0.03,0.029,0.029,0,0.029,0,0,0.474,0.215,0.47,0.219,0.174,0.539,0.52,0.582,0.178,0.2,0.463,0.204,0.2,0,0,0.155,0.157,0.023,0,0,0.16,0.398,0.142,0.143,0.176,0.423,0.203,0.025,0,0.028,0.181,0.214,0.244,0.195,0.472,0.201,0.195,0.487,0.2,0.247,0.419,0.247,0,0.194,0.197,0.43,0.246,0.244,0.201,0.244,0.204,0.204,0.026,0.225,0.686,0.753,0,0.025,0,0.027,0,0,0.134,0.335,0.024,0.024,0.195,0.232,0.165,0.164,0.181,0.171,0,0.208,0,0.202,0.205,0.173,0.203,0,0.024,0.024,0.202,0.202,0.189,0.195,0.452,0.022,0.023,0.47,0.023,0.405,0.455,0.2,0.467,0.165,0.378,0.183,0.416,0.195,0.189,0.435,0.47,0.138,0.133,0.182,0.409,0.452,0.168,0.023,0,0,0.025,0.029,0.028,0,0.145,0.201,0.202,0.16,0.162,0.022,0.789,0.025,0.867,0.826,0.189,0,0,0,0,0,0.026,0,0,0.164,0.184,0.185,0.203,0,0,0,0,0.027,0.181,0.181,0.187,0.165,0,0.164,0.02,0.02,0.025,0.023,0.021,0.022,0.024,0.02,0.02,0.02,0,0.025,0.019,0,0.025,0.02,0,0,0,0.456,0.174,0.199,0,0.437,0.446,0.017,0.344,0.019,0.022,0.022,0.022,0.02,0.023,0.02,0.19,0.202,0.178,0.127,0.329,0.174,0.161,0.209,0.133,0.13,0.201,0.197,0.134,0.174,0,0.124,0.174,0.154,0.202,0.168,0.152,0.18,0.163,0.19,0.025,0.023,0.024,0.021,0.017,0.025,0.023,0.022,0.025,0.021,0.021,0.024,0.025,0.025,0.025,0,0,0,0,0.019,0,0,0.136,0.125,0.027,0.019,0.025,0.019,0.019,0.023,0,0,0,0.161,0,0,0,0,0,0,0,0.444,0,0.443,0.415,0.735,0.024,0,0,0.027,0.027,0,0.021,0.183,0.407,0.021,0.02,0.515,0.152,0.125,0.107,0.027,0.171,0.4,0.389,0,0,0.167,0.016,0.027,0,0,0.019,0.183,0,0.019,0.024,0.023,0.181,0.689,0.886,0.509,0.659,0.519,0.502,0,0,0,0,0,0.142,0.183,0.358,0.157,0.157,0.516,0,0,0,0.021,0.178,0.023,0.015,0.021,0.914,0.4,0.027,0,0,0,0.021,0.849,0.999,0.805,0.509,0.746,0.717,0.879,0.193,0.437,0.509,0.717,0.696,0.019,0.729,0.543,0.591,0.76,0.182,0.171,0.164,0.644,0.019,0.025,0.022,0.176,0.166,0.141,0.143,0.843,0.81,0.022,0.731,0.182,0.138,0.021,0.023,0.022,0.024,0.019,0.763,0.603,0.02,0.026,0,0.025,0.028,0.028,0.025,0.02,0.028,0.259,0.196,0.191,0.174,0,0,0,0,0,0,0,0,0.021,0.133,0.022,0.444,0.026,0.023,0.021,0,0,0.025,0.152,0.16,0,0.023,0.023,0.17,0.024,0.18,0.138,0.224,0,0.461,0.171,0.367,0.113,0.024,0.023,0.186,0.427,0,0,0.442,0.443,0.15,0.38,0.192,0,0.139,0.113,0.143,0.167,0.148,0.148
GO:1901991,0,0.029,0,0.039,0.031,0.221,0.27,0,0.035,0,0.03,0.607,0.684,0.25,0.307,0,0.226,0,0.031,0.032,0.032,0.032,0.032,0.031,0,0.031,0,0,0.192,0.228,0.19,0.233,0.185,0.237,0.212,0.257,0.19,0.215,0.187,0.22,0.215,0,0,0.165,0.167,0.025,0,0,0.169,0.16,0.15,0.152,0.187,0.17,0.214,0.027,0,0.03,0.571,0.629,0.261,0.209,0.206,0.215,0.209,0.213,0.212,0.264,0.168,0.264,0,0.205,0.208,0.173,0.263,0.261,0.213,0.261,0.215,0.215,0.028,0.24,0.916,0.799,0,0.027,0,0.029,0,0,0.141,0.133,0.025,0.026,0.571,0.248,0.516,0.514,0.569,0.537,0,0.612,0,0.591,0.602,0.542,0.595,0,0.026,0.025,0.591,0.591,0.553,0.206,0.197,0.024,0.025,0.205,0.024,0.175,0.198,0.212,0.204,0.173,0.163,0.192,0.18,0.206,0.2,0.189,0.205,0.146,0.14,0.192,0.177,0.197,0.175,0.025,0,0,0.027,0.031,0.03,0,0.154,0.589,0.591,0.499,0.508,0.023,0.836,0.027,0.916,0.971,0.199,0,0,0,0,0,0.028,0,0,0.173,0.538,0.54,0.215,0,0,0,0,0.028,0.193,0.193,0.547,0.176,0,0.174,0.021,0.021,0.026,0.024,0.022,0.023,0.025,0.021,0.021,0.021,0,0.026,0.02,0,0.027,0.022,0,0,0,0.198,0.185,0.211,0,0.19,0.194,0.018,0.148,0.02,0.023,0.023,0.024,0.021,0.024,0.021,0.556,0.214,0.52,0.133,0.131,0.182,0.466,0.221,0.14,0.137,0.212,0.576,0.141,0.182,0,0.13,0.182,0.446,0.214,0.176,0.438,0.189,0.473,0.556,0.027,0.024,0.026,0.022,0.018,0.026,0.025,0.023,0.026,0.022,0.022,0.026,0.026,0.027,0.026,0,0,0,0,0.02,0,0,0.143,0.386,0.029,0.02,0.027,0.02,0.02,0.025,0,0,0,0.466,0,0,0,0,0,0,0,0.179,0,0.178,0.166,0.924,0.025,0,0,0.029,0.029,0,0.022,0.192,0.176,0.022,0.021,0.226,0.158,0.131,0.111,0.029,0.179,0.173,0.168,0,0,0.175,0.017,0.029,0,0,0.02,0.193,0,0.02,0.025,0.024,0.528,0.911,0.712,0.223,0.963,0.228,0.22,0,0,0,0,0,0.148,0.193,0.154,0.489,0.489,0.226,0,0,0,0.022,0.187,0.025,0.016,0.022,0.748,0.173,0.029,0,0,0,0.022,0.941,0.805,0.999,0.223,0.782,0.788,0.704,0.204,0.19,0.223,0.836,0.858,0.02,0.84,0.76,0.632,0.89,0.532,0.18,0.476,0.687,0.02,0.026,0.023,0.185,0.482,0.149,0.151,0.891,0.938,0.023,0.767,0.532,0.146,0.023,0.025,0.023,0.026,0.02,0.8,0.782,0.021,0.028,0,0.027,0.03,0.03,0.026,0.021,0.031,0.278,0.206,0.201,0.183,0,0,0,0,0,0,0,0,0.022,0.14,0.023,0.193,0.028,0.024,0.023,0,0,0.026,0.158,0.169,0,0.024,0.024,0.178,0.026,0.189,0.146,0.239,0,0.201,0.179,0.158,0.117,0.026,0.024,0.196,0.185,0,0,0.178,0.178,0.158,0.152,0.202,0,0.147,0.117,0.15,0.484,0.154,0.428
GO:1902680,0.31,0.037,0.217,0.054,0.04,0.62,0.684,0.337,0.298,0.28,0.28,0.258,0.306,0.332,0.404,0,0.301,0.252,0.04,0.515,0.507,0.468,0.509,0.55,0.502,0.04,0,0.28,0.874,0.277,0.889,0.285,0.226,0.909,0.705,0.778,0.233,0.676,0.912,0.631,0.673,0.301,0.284,0.202,0.205,0.03,0,0,0.503,0.753,0.18,0.182,0.569,0.813,0.257,0.517,0.3,0.602,0.524,0.55,0.75,0.727,0.594,0.616,0.73,0.618,0.254,0.729,0.532,0.728,0.277,0.244,0.248,0.549,0.736,0.75,0.56,0.75,0.517,0.517,0.034,0.295,0.245,0.276,0,0.034,0,0.036,0,0,0.404,0.61,0.472,0.489,0.561,0.704,0.582,0.582,0.535,0.498,0.216,0.582,0.22,0.585,0.572,0.555,0.572,0.225,0.032,0.031,0.585,0.585,0.518,0.49,0.732,0.029,0.03,0.763,0.03,0.64,0.732,0.506,0.756,0.399,0.589,0.226,0.508,0.49,0.472,0.697,0.763,0.174,0.166,0.449,0.646,0.563,0.203,0.03,0.555,0.633,0.554,0.564,0.626,0.559,0.186,0.255,0.256,0.203,0.207,0.028,0.266,0.033,0.245,0.23,0.236,0,0,0,0,0,0.036,0,0,0.209,0.229,0.23,0.258,0,0,0,0,0.036,0.239,0.238,0.233,0.218,0,0.21,0.341,0.342,0.44,0.405,0.358,0.376,0.031,0.024,0.024,0.025,0,0.033,0.024,0,0.034,0.026,0,0,0,0.568,0.226,0.252,0,0.54,0.553,0.021,0.405,0.362,0.434,0.431,0.438,0.372,0.029,0.025,0.238,0.257,0.22,0.38,0.597,0.213,0.194,0.268,0.165,0.161,0.254,0.248,0.167,0.213,0,0.152,0.213,0.184,0.256,0.204,0.18,0.222,0.197,0.238,0.212,0.45,0.526,0.429,0.342,0.363,0.205,0.426,0.211,0.178,0.406,0.519,0.211,0.37,0.524,0.159,0.494,0,0,0.023,0,0,0.166,0.15,0.731,0.483,0.683,0.475,0.352,0.463,0.154,0,0,0.194,0,0,0,0,0,0,0,0.975,0.15,0.978,0.758,0.243,0.48,0.207,0.16,0.686,0.688,0,0.026,0.226,0.495,0.409,0.374,0.975,0.4,0.154,0.127,0.731,0.476,0.732,0.71,0.135,0,0.463,0.292,0.694,0,0,0.023,0.227,0,0.359,0.031,0.03,0.224,0.246,0.581,0.991,0.233,0.966,0.971,0,0,0,0,0,0.167,0.503,0.62,0.198,0.198,0.972,0,0,0,0.026,0.219,0.03,0.018,0.027,0.563,0.484,0.731,0,0.681,0,0.027,0.238,0.509,0.223,0.991,0.203,0.194,0.436,0.537,0.787,0.991,0.194,0.187,0.023,0.023,0.031,0.035,0.208,0.45,0.417,0.396,0.033,0.024,0.032,0.027,0.43,0.401,0.179,0.181,0.027,0.026,0.028,0.023,0.45,0.174,0.027,0.03,0.027,0.032,0.024,0.209,0.03,0.025,0.035,0,0.245,0.244,0.244,0.032,0.024,0.039,0.355,0.246,0.239,0.213,0,0,0,0,0,0,0,0,0.026,0.166,0.028,0.551,0.225,0.029,0.202,0.233,0.202,0.032,0.18,0.203,0,0.03,0.029,0.207,0.031,0.222,0.175,0.294,0,0.577,0.208,0.436,0.132,0.032,0.029,0.231,0.525,0,0,0.569,0.57,0.188,0.471,0.24,0,0.176,0.132,0.177,0.202,0.175,0.175
GO:1902806,0,0.026,0,0.034,0.027,0.197,0.242,0,0.03,0,0.026,0.184,0.223,0.22,0.271,0,0.198,0,0.028,0.028,0.028,0.029,0.028,0.028,0,0.028,0,0,0.173,0.207,0.172,0.212,0.167,0.215,0.189,0.231,0.172,0.192,0.169,0.196,0.192,0,0,0.15,0.151,0.022,0,0,0.155,0.147,0.137,0.139,0.17,0.155,0.196,0.024,0,0.027,0.175,0.206,0.234,0.187,0.189,0.193,0.187,0.195,0.194,0.237,0.154,0.237,0,0.188,0.19,0.158,0.236,0.234,0.195,0.234,0.197,0.197,0.025,0.217,0.665,0.727,0,0.024,0,0.026,0,0,0.13,0.124,0.023,0.023,0.189,0.224,0.159,0.159,0.174,0.165,0,0.201,0,0.195,0.198,0.166,0.196,0,0.023,0.023,0.195,0.195,0.183,0.189,0.181,0.022,0.022,0.188,0.022,0.163,0.182,0.194,0.187,0.161,0.152,0.177,0.167,0.189,0.184,0.174,0.188,0.134,0.129,0.177,0.164,0.181,0.163,0.023,0,0,0.024,0.028,0.027,0,0.14,0.194,0.195,0.154,0.157,0.021,0.762,0.024,0.84,0.801,0.183,0,0,0,0,0,0.025,0,0,0.158,0.179,0.179,0.196,0,0,0,0,0.025,0.175,0.174,0.182,0.158,0,0.159,0.02,0.02,0.024,0.022,0.02,0.021,0.023,0.019,0.019,0.019,0,0.024,0.019,0,0.024,0.02,0,0,0,0.183,0.168,0.193,0,0.175,0.179,0.017,0.139,0.019,0.021,0.021,0.022,0.019,0.022,0.019,0.185,0.196,0.173,0.124,0.122,0.169,0.157,0.202,0.129,0.126,0.194,0.191,0.13,0.169,0,0.12,0.169,0.15,0.195,0.164,0.148,0.175,0.159,0.185,0.024,0.022,0.023,0.02,0.017,0.024,0.023,0.021,0.024,0.02,0.02,0.023,0.024,0.024,0.024,0,0,0,0,0.018,0,0,0.132,0.122,0.026,0.019,0.024,0.018,0.018,0.022,0,0,0,0.157,0,0,0,0,0,0,0,0.163,0,0.162,0.152,0.712,0.023,0,0,0.026,0.026,0,0.02,0.177,0.164,0.02,0.019,0.206,0.148,0.122,0.104,0.026,0.166,0.161,0.157,0,0,0.162,0.016,0.026,0,0,0.018,0.178,0,0.018,0.023,0.022,0.176,0.667,0.654,0.203,0.639,0.207,0.2,0,0,0,0,0,0.139,0.178,0.144,0.152,0.152,0.206,0,0,0,0.02,0.173,0.023,0.015,0.02,0.688,0.161,0.026,0,0,0,0.021,0.822,0.746,0.782,0.203,1,0.961,0.907,0.187,0.175,0.203,0.961,0.934,0.019,0.708,0.524,0.568,0.739,0.177,0.167,0.16,0.62,0.019,0.024,0.021,0.171,0.162,0.137,0.138,0.816,0.785,0.021,0.711,0.177,0.134,0.021,0.022,0.021,0.023,0.019,0.742,0.582,0.019,0.025,0,0.024,0.027,0.027,0.024,0.019,0.027,0.248,0.189,0.185,0.169,0,0,0,0,0,0,0,0,0.02,0.129,0.021,0.178,0.025,0.022,0.021,0,0,0.024,0.148,0.155,0,0.022,0.022,0.165,0.023,0.175,0.134,0.216,0,0.185,0.166,0.148,0.11,0.024,0.022,0.18,0.172,0,0,0.162,0.162,0.146,0.14,0.186,0,0.135,0.11,0.139,0.162,0.144,0.144
GO:1902807,0,0.025,0,0.031,0.026,0.185,0.228,0,0.028,0,0.025,0.515,0.585,0.206,0.254,0,0.185,0,0.026,0.026,0.026,0.027,0.026,0.026,0,0.026,0,0,0.165,0.197,0.163,0.201,0.159,0.204,0.179,0.219,0.163,0.181,0.161,0.185,0.181,0,0,0.142,0.144,0.021,0,0,0.148,0.14,0.131,0.132,0.161,0.148,0.187,0.023,0,0.026,0.49,0.544,0.222,0.177,0.181,0.182,0.177,0.186,0.185,0.224,0.147,0.224,0,0.18,0.182,0.15,0.223,0.222,0.186,0.222,0.188,0.188,0.023,0.206,0.635,0.692,0,0.023,0,0.024,0,0,0.125,0.119,0.022,0.022,0.5,0.212,0.449,0.447,0.488,0.464,0,0.532,0,0.516,0.524,0.468,0.519,0,0.022,0.022,0.516,0.516,0.486,0.181,0.173,0.021,0.021,0.18,0.021,0.157,0.174,0.185,0.179,0.155,0.147,0.17,0.16,0.181,0.176,0.167,0.18,0.128,0.124,0.169,0.158,0.173,0.157,0.021,0,0,0.023,0.026,0.025,0,0.134,0.514,0.516,0.435,0.443,0.02,0.727,0.023,0.803,0.767,0.175,0,0,0,0,0,0.024,0,0,0.151,0.475,0.476,0.187,0,0,0,0,0.024,0.166,0.165,0.482,0.15,0,0.151,0.019,0.019,0.022,0.021,0.019,0.02,0.022,0.018,0.018,0.019,0,0.023,0.018,0,0.023,0.019,0,0,0,0.175,0.159,0.184,0,0.168,0.171,0.016,0.134,0.018,0.02,0.02,0.021,0.018,0.021,0.019,0.489,0.187,0.461,0.119,0.117,0.162,0.418,0.192,0.123,0.121,0.185,0.505,0.124,0.162,0,0.116,0.162,0.402,0.186,0.157,0.396,0.167,0.424,0.489,0.023,0.021,0.022,0.019,0.016,0.023,0.022,0.02,0.023,0.019,0.019,0.022,0.023,0.023,0.022,0,0,0,0,0.018,0,0,0.127,0.347,0.024,0.018,0.023,0.018,0.017,0.021,0,0,0,0.418,0,0,0,0,0,0,0,0.155,0,0.155,0.145,0.811,0.022,0,0,0.025,0.025,0,0.019,0.17,0.157,0.02,0.018,0.196,0.143,0.117,0.1,0.024,0.16,0.155,0.151,0,0,0.156,0.015,0.025,0,0,0.018,0.17,0,0.018,0.022,0.021,0.467,0.798,0.626,0.194,0.765,0.197,0.191,0,0,0,0,0,0.134,0.17,0.14,0.428,0.428,0.196,0,0,0,0.019,0.166,0.022,0.015,0.02,0.659,0.155,0.024,0,0,0,0.02,0.827,0.717,0.788,0.194,0.961,1,0.875,0.179,0.168,0.194,0.926,0.973,0.018,0.681,0.498,0.538,0.71,0.47,0.16,0.426,0.588,0.018,0.022,0.02,0.164,0.431,0.13,0.132,0.779,0.751,0.02,0.682,0.47,0.128,0.02,0.021,0.02,0.022,0.018,0.713,0.554,0.019,0.024,0,0.023,0.025,0.025,0.022,0.018,0.026,0.234,0.181,0.177,0.163,0,0,0,0,0,0,0,0,0.019,0.123,0.02,0.171,0.024,0.021,0.02,0,0,0.022,0.143,0.148,0,0.021,0.021,0.159,0.022,0.168,0.128,0.205,0,0.177,0.16,0.143,0.106,0.022,0.021,0.173,0.165,0,0,0.154,0.155,0.139,0.134,0.178,0,0.129,0.106,0.133,0.433,0.14,0.387
GO:1902808,0,0.023,0,0.028,0.024,0.17,0.21,0,0.026,0,0.023,0.161,0.195,0.187,0.231,0,0.168,0,0.024,0.024,0.024,0.025,0.024,0.024,0,0.024,0,0,0.401,0.183,0.398,0.187,0.148,0.458,0.434,0.488,0.151,0.167,0.393,0.169,0.167,0,0,0.132,0.133,0.02,0,0,0.138,0.346,0.122,0.123,0.149,0.364,0.174,0.021,0,0.023,0.153,0.183,0.204,0.163,0.409,0.167,0.163,0.42,0.173,0.206,0.361,0.206,0,0.168,0.17,0.369,0.206,0.204,0.174,0.204,0.175,0.175,0.022,0.191,0.594,0.643,0,0.021,0,0.022,0,0,0.118,0.297,0.02,0.021,0.169,0.196,0.141,0.141,0.153,0.146,0,0.179,0,0.174,0.176,0.147,0.175,0,0.021,0.02,0.174,0.174,0.164,0.169,0.394,0.019,0.02,0.407,0.02,0.358,0.396,0.173,0.405,0.146,0.336,0.16,0.366,0.169,0.165,0.38,0.407,0.12,0.116,0.159,0.36,0.394,0.148,0.02,0,0,0.021,0.024,0.023,0,0.125,0.173,0.174,0.137,0.14,0.019,0.677,0.021,0.751,0.72,0.164,0,0,0,0,0,0.022,0,0,0.141,0.161,0.161,0.175,0,0,0,0,0.022,0.153,0.153,0.163,0.139,0,0.141,0.018,0.018,0.021,0.02,0.018,0.019,0.02,0.017,0.017,0.017,0,0.021,0.017,0,0.021,0.018,0,0,0,0.396,0.148,0.172,0,0.383,0.389,0.015,0.309,0.017,0.019,0.019,0.019,0.017,0.02,0.018,0.165,0.174,0.156,0.113,0.292,0.153,0.143,0.179,0.115,0.113,0.173,0.17,0.116,0.153,0,0.109,0.153,0.137,0.174,0.148,0.135,0.157,0.144,0.165,0.021,0.019,0.021,0.018,0.015,0.021,0.02,0.019,0.021,0.018,0.018,0.021,0.021,0.021,0.021,0,0,0,0,0.016,0,0,0.12,0.111,0.022,0.017,0.021,0.017,0.016,0.02,0,0,0,0.143,0,0,0,0,0,0,0,0.379,0,0.379,0.358,0.637,0.02,0,0,0.023,0.023,0,0.018,0.159,0.359,0.018,0.017,0.441,0.135,0.11,0.095,0.022,0.15,0.353,0.345,0,0,0.147,0.014,0.023,0,0,0.017,0.16,0,0.017,0.02,0.02,0.158,0.596,0.769,0.436,0.573,0.443,0.431,0,0,0,0,0,0.128,0.16,0.321,0.135,0.135,0.441,0,0,0,0.018,0.156,0.02,0.014,0.018,0.796,0.353,0.022,0,0,0,0.018,0.737,0.879,0.704,0.436,0.907,0.875,1,0.167,0.382,0.436,0.875,0.853,0.017,0.641,0.462,0.496,0.67,0.159,0.151,0.145,0.544,0.017,0.021,0.019,0.154,0.147,0.122,0.123,0.728,0.703,0.019,0.643,0.159,0.119,0.018,0.02,0.019,0.021,0.017,0.671,0.515,0.017,0.022,0,0.021,0.023,0.023,0.021,0.017,0.024,0.215,0.169,0.166,0.153,0,0,0,0,0,0,0,0,0.018,0.116,0.019,0.388,0.022,0.02,0.019,0,0,0.021,0.135,0.138,0,0.02,0.02,0.15,0.02,0.158,0.12,0.19,0,0.4,0.15,0.327,0.101,0.021,0.02,0.162,0.375,0,0,0.378,0.379,0.131,0.332,0.166,0,0.12,0.101,0.125,0.147,0.132,0.132
GO:1903311,0.262,0.032,0.182,0.044,0.034,0.537,0.596,0.285,0.252,0.236,0.243,0.226,0.27,0.281,0.344,0,0.254,0.212,0.035,0.443,0.436,0.401,0.437,0.474,0.431,0.034,0,0.244,0.46,0.248,0.467,0.254,0.201,0.515,0.234,0.283,0.207,0.588,0.505,0.547,0.585,0.259,0.243,0.18,0.182,0.027,0,0,0.453,0.425,0.162,0.164,0.505,0.456,0.232,0.456,0.259,0.521,0.464,0.491,0.638,0.506,0.222,0.536,0.518,0.23,0.229,0.637,0.182,0.581,0.241,0.221,0.224,0.187,0.644,0.638,0.459,0.638,0.465,0.465,0.03,0.262,0.222,0.246,0,0.03,0,0.031,0,0,0.371,0.35,0.421,0.434,0.492,0.603,0.415,0.424,0.474,0.445,0.194,0.477,0.197,0.511,0.514,0.494,0.515,0.201,0.028,0.027,0.511,0.511,0.427,0.443,0.422,0.026,0.027,0.441,0.026,0.373,0.424,0.456,0.437,0.367,0.345,0.206,0.192,0.443,0.428,0.403,0.441,0.157,0.151,0.409,0.376,0.211,0.187,0.027,0.155,0.247,0.22,0.222,0.37,0.183,0.167,0.229,0.231,0.182,0.186,0.025,0.238,0.029,0.222,0.21,0.214,0,0,0,0,0,0.031,0,0,0.188,0.208,0.209,0.232,0,0,0,0,0.031,0.212,0.211,0.212,0.192,0,0.188,0.311,0.311,0.39,0.362,0.324,0.338,0.028,0.022,0.022,0.023,0,0.029,0.022,0,0.03,0.023,0,0,0,0.213,0.201,0.228,0,0.204,0.208,0.019,0.156,0.331,0.39,0.388,0.393,0.34,0.026,0.023,0.216,0.232,0.201,0.35,0.343,0.195,0.179,0.24,0.15,0.147,0.229,0.224,0.152,0.195,0,0.139,0.195,0.171,0.231,0.188,0.167,0.203,0.182,0.216,0.187,0.403,0.314,0.363,0.295,0.321,0.183,0.384,0.186,0.161,0.367,0.314,0.186,0.326,0.317,0.14,0.209,0,0,0.021,0,0,0.152,0.139,0.484,0.334,0.457,0.329,0.619,0.792,0.142,0,0,0.179,0,0,0,0,0,0,0,0.426,0.139,0.436,0.404,0.22,0.819,0.186,0.147,0.399,0.396,0,0.024,0.206,0.188,0.37,0.654,0.489,0.761,0.141,0.118,0.485,0.424,0.408,0.397,0.126,0,0.413,0.521,0.403,0,0,0.021,0.207,0,0.328,0.028,0.026,0.204,0.223,0.217,0.537,0.211,0.541,0.528,0,0,0,0,0,0.156,0.939,0.741,0.178,0.179,0.546,0,0,0,0.023,0.2,0.027,0.017,0.024,0.211,0.184,0.485,0,0.392,0,0.024,0.216,0.193,0.204,0.537,0.187,0.179,0.167,0.997,0.924,0.537,0.179,0.173,0.021,0.021,0.028,0.03,0.191,0.41,0.382,0.365,0.029,0.022,0.029,0.025,0.394,0.369,0.161,0.163,0.025,0.023,0.025,0.021,0.41,0.157,0.024,0.027,0.025,0.028,0.022,0.192,0.027,0.023,0.031,0,0.217,0.212,0.212,0.029,0.022,0.034,0.308,0.223,0.216,0.195,0,0,0,0,0,0,0,0,0.023,0.151,0.025,0.207,0.198,0.026,0.182,0.207,0.182,0.029,0.167,0.183,0,0.027,0.026,0.19,0.028,0.203,0.158,0.261,0,0.216,0.191,0.167,0.123,0.028,0.026,0.21,0.198,0,0,0.193,0.194,0.17,0.163,0.218,0,0.159,0.123,0.161,0.186,0.163,0.163
GO:1903313,0.232,0.029,0.161,0.039,0.031,0.483,0.538,0.253,0.223,0.208,0.219,0.205,0.246,0.249,0.306,0,0.225,0.187,0.031,0.396,0.39,0.358,0.391,0.425,0.385,0.031,0,0.22,0.707,0.227,0.721,0.233,0.184,0.739,0.556,0.621,0.189,0.531,0.742,0.493,0.528,0.232,0.217,0.165,0.166,0.025,0,0,0.418,0.634,0.149,0.151,0.462,0.675,0.214,0.415,0.232,0.468,0.423,0.451,0.578,0.458,0.498,0.484,0.469,0.514,0.211,0.577,0.443,0.526,0.218,0.205,0.207,0.454,0.583,0.578,0.424,0.578,0.429,0.429,0.028,0.24,0.205,0.226,0,0.027,0,0.028,0,0,0.348,0.529,0.386,0.397,0.456,0.549,0.382,0.39,0.432,0.408,0.178,0.439,0.181,0.472,0.474,0.453,0.475,0.185,0.026,0.025,0.472,0.472,0.397,0.41,0.618,0.024,0.025,0.639,0.024,0.551,0.618,0.421,0.635,0.344,0.513,0.192,0.435,0.41,0.397,0.593,0.639,0.146,0.14,0.381,0.556,0.475,0.175,0.025,0.139,0.223,0.2,0.199,0.333,0.165,0.154,0.212,0.213,0.168,0.172,0.023,0.22,0.027,0.205,0.195,0.199,0,0,0,0,0,0.028,0,0,0.173,0.194,0.194,0.215,0,0,0,0,0.028,0.193,0.192,0.197,0.175,0,0.173,0.289,0.289,0.356,0.333,0.3,0.313,0.025,0.021,0.021,0.021,0,0.026,0.02,0,0.027,0.022,0,0,0,0.479,0.184,0.21,0,0.459,0.468,0.018,0.358,0.309,0.36,0.358,0.362,0.316,0.024,0.021,0.2,0.214,0.187,0.329,0.519,0.182,0.168,0.221,0.14,0.137,0.212,0.208,0.141,0.182,0,0.13,0.182,0.161,0.213,0.176,0.158,0.189,0.17,0.2,0.171,0.371,0.287,0.337,0.278,0.293,0.168,0.354,0.17,0.149,0.34,0.287,0.17,0.297,0.29,0.127,0.19,0,0,0.02,0,0,0.142,0.13,0.439,0.312,0.416,0.307,0.578,0.727,0.134,0,0,0.168,0,0,0,0,0,0,0,0.658,0.131,0.677,0.632,0.204,0.75,0.172,0.138,0.36,0.358,0,0.022,0.192,0.426,0.342,0.609,0.705,0.718,0.131,0.111,0.439,0.397,0.61,0.594,0.119,0,0.387,0.492,0.364,0,0,0.02,0.193,0,0.307,0.025,0.024,0.19,0.206,0.488,0.787,0.196,0.792,0.774,0,0,0,0,0,0.148,0.874,0.812,0.165,0.165,0.799,0,0,0,0.022,0.187,0.025,0.016,0.022,0.475,0.418,0.439,0,0.354,0,0.022,0.201,0.437,0.19,0.787,0.175,0.168,0.382,0.924,0.999,0.787,0.168,0.163,0.02,0.019,0.025,0.028,0.179,0.382,0.358,0.342,0.027,0.02,0.026,0.023,0.368,0.346,0.149,0.15,0.023,0.022,0.023,0.02,0.382,0.146,0.023,0.025,0.023,0.026,0.02,0.179,0.025,0.021,0.028,0,0.197,0.191,0.191,0.026,0.021,0.031,0.277,0.206,0.201,0.183,0,0,0,0,0,0,0,0,0.022,0.14,0.023,0.467,0.179,0.024,0.168,0.189,0.168,0.026,0.158,0.169,0,0.024,0.024,0.178,0.026,0.189,0.146,0.239,0,0.485,0.179,0.382,0.117,0.026,0.024,0.195,0.448,0,0,0.468,0.469,0.158,0.399,0.202,0,0.147,0.117,0.15,0.174,0.154,0.154
GO:1903508,0.31,0.037,0.217,0.054,0.04,0.62,0.684,0.337,0.298,0.28,0.28,0.258,0.306,0.332,0.404,0,0.301,0.252,0.04,0.515,0.507,0.468,0.509,0.55,0.502,0.04,0,0.28,0.874,0.277,0.889,0.285,0.226,0.909,0.705,0.778,0.233,0.676,0.912,0.631,0.673,0.301,0.284,0.202,0.205,0.03,0,0,0.503,0.753,0.18,0.182,0.569,0.813,0.257,0.517,0.544,0.602,0.524,0.55,0.75,0.727,0.594,0.616,0.73,0.618,0.254,0.729,0.532,0.728,0.277,0.244,0.248,0.549,0.736,0.751,0.56,0.75,0.517,0.517,0.034,0.295,0.245,0.276,0,0.034,0,0.036,0,0,0.404,0.61,0.472,0.489,0.561,0.704,0.582,0.582,0.535,0.498,0.216,0.582,0.22,0.585,0.572,0.555,0.572,0.225,0.032,0.031,0.585,0.585,0.518,0.49,0.732,0.029,0.03,0.763,0.03,0.64,0.732,0.506,0.756,0.399,0.589,0.226,0.508,0.49,0.472,0.697,0.763,0.174,0.166,0.449,0.646,0.563,0.203,0.03,0.555,0.633,0.554,0.564,0.626,0.559,0.186,0.255,0.256,0.203,0.207,0.028,0.266,0.033,0.245,0.23,0.236,0,0,0,0,0,0.036,0,0,0.209,0.229,0.23,0.258,0,0,0,0,0.036,0.239,0.238,0.233,0.218,0,0.21,0.341,0.342,0.44,0.405,0.358,0.376,0.031,0.024,0.024,0.025,0,0.033,0.024,0,0.034,0.026,0,0,0,0.568,0.226,0.252,0,0.54,0.553,0.021,0.405,0.362,0.434,0.431,0.438,0.372,0.029,0.025,0.238,0.257,0.22,0.38,0.597,0.213,0.194,0.268,0.165,0.161,0.254,0.248,0.167,0.213,0,0.152,0.213,0.184,0.256,0.204,0.18,0.222,0.197,0.238,0.212,0.45,0.526,0.429,0.342,0.363,0.205,0.426,0.211,0.178,0.406,0.519,0.211,0.37,0.524,0.159,0.494,0,0,0.023,0,0,0.166,0.15,0.732,0.484,0.684,0.475,0.352,0.463,0.154,0,0,0.194,0,0,0,0,0,0,0,0.975,0.15,0.978,0.758,0.243,0.48,0.207,0.16,0.686,0.688,0,0.026,0.226,0.495,0.409,0.374,0.975,0.4,0.154,0.127,0.731,0.476,0.732,0.71,0.135,0,0.463,0.292,0.694,0,0,0.023,0.227,0,0.359,0.031,0.03,0.224,0.246,0.581,0.991,0.233,0.966,0.971,0,0,0,0,0,0.167,0.503,0.62,0.198,0.198,0.972,0,0,0,0.026,0.219,0.03,0.018,0.027,0.563,0.484,0.732,0,0.681,0,0.027,0.238,0.509,0.223,0.991,0.203,0.194,0.436,0.537,0.787,0.991,0.194,0.187,0.023,0.023,0.031,0.035,0.208,0.45,0.417,0.396,0.033,0.024,0.032,0.027,0.43,0.401,0.179,0.181,0.027,0.026,0.028,0.023,0.45,0.174,0.027,0.03,0.027,0.032,0.024,0.209,0.03,0.025,0.035,0,0.245,0.244,0.244,0.032,0.024,0.039,0.355,0.246,0.239,0.213,0,0,0,0,0,0,0,0,0.026,0.166,0.028,0.551,0.225,0.029,0.202,0.233,0.202,0.032,0.18,0.203,0,0.03,0.029,0.207,0.031,0.222,0.175,0.294,0,0.577,0.208,0.436,0.132,0.032,0.029,0.231,0.525,0,0,0.569,0.57,0.188,0.471,0.24,0,0.176,0.132,0.177,0.202,0.175,0.175
GO:2000045,0,0.025,0,0.031,0.026,0.185,0.228,0,0.028,0,0.025,0.174,0.211,0.206,0.254,0,0.185,0,0.026,0.026,0.026,0.027,0.026,0.026,0,0.026,0,0,0.165,0.197,0.163,0.201,0.159,0.204,0.179,0.219,0.163,0.181,0.161,0.185,0.181,0,0,0.142,0.144,0.021,0,0,0.148,0.14,0.131,0.132,0.161,0.148,0.187,0.023,0,0.026,0.166,0.196,0.222,0.177,0.181,0.182,0.177,0.186,0.185,0.224,0.147,0.224,0,0.18,0.182,0.15,0.223,0.222,0.186,0.222,0.188,0.188,0.023,0.206,0.803,0.692,0,0.023,0,0.024,0,0,0.125,0.119,0.022,0.022,0.18,0.212,0.152,0.151,0.165,0.157,0,0.192,0,0.186,0.189,0.158,0.187,0,0.022,0.022,0.186,0.186,0.175,0.181,0.173,0.021,0.021,0.18,0.021,0.157,0.174,0.185,0.179,0.155,0.147,0.17,0.16,0.181,0.176,0.167,0.18,0.128,0.124,0.169,0.158,0.173,0.157,0.021,0,0,0.023,0.026,0.025,0,0.134,0.185,0.186,0.147,0.15,0.02,0.727,0.023,0.803,0.857,0.175,0,0,0,0,0,0.024,0,0,0.151,0.171,0.172,0.187,0,0,0,0,0.024,0.166,0.165,0.174,0.15,0,0.151,0.019,0.019,0.022,0.021,0.019,0.02,0.022,0.018,0.018,0.019,0,0.023,0.018,0,0.023,0.019,0,0,0,0.175,0.159,0.184,0,0.168,0.171,0.016,0.134,0.018,0.02,0.02,0.021,0.018,0.021,0.019,0.177,0.187,0.166,0.119,0.117,0.162,0.151,0.192,0.123,0.121,0.185,0.182,0.124,0.162,0,0.116,0.162,0.145,0.186,0.157,0.143,0.167,0.153,0.177,0.023,0.021,0.022,0.019,0.016,0.023,0.022,0.02,0.023,0.019,0.019,0.022,0.023,0.023,0.022,0,0,0,0,0.018,0,0,0.127,0.117,0.024,0.018,0.023,0.018,0.017,0.021,0,0,0,0.151,0,0,0,0,0,0,0,0.155,0,0.155,0.145,0.68,0.022,0,0,0.025,0.025,0,0.019,0.17,0.157,0.02,0.018,0.196,0.143,0.117,0.1,0.024,0.16,0.155,0.151,0,0,0.156,0.015,0.025,0,0,0.018,0.17,0,0.018,0.022,0.021,0.168,0.638,0.626,0.194,0.773,0.197,0.191,0,0,0,0,0,0.134,0.17,0.14,0.145,0.145,0.196,0,0,0,0.019,0.166,0.022,0.015,0.02,0.659,0.155,0.024,0,0,0,0.02,0.787,0.717,0.836,0.194,0.961,0.926,0.875,0.179,0.168,0.194,1,0.973,0.018,0.748,0.655,0.538,0.793,0.17,0.16,0.154,0.588,0.018,0.022,0.02,0.164,0.155,0.13,0.132,0.779,0.825,0.02,0.682,0.17,0.128,0.02,0.021,0.02,0.022,0.018,0.713,0.676,0.019,0.024,0,0.023,0.025,0.025,0.022,0.018,0.026,0.234,0.181,0.177,0.163,0,0,0,0,0,0,0,0,0.019,0.123,0.02,0.171,0.024,0.021,0.02,0,0,0.022,0.143,0.148,0,0.021,0.021,0.159,0.022,0.168,0.128,0.205,0,0.177,0.16,0.143,0.106,0.022,0.021,0.173,0.165,0,0,0.154,0.155,0.139,0.134,0.178,0,0.129,0.106,0.133,0.156,0.14,0.14
GO:2000134,0,0.024,0,0.03,0.025,0.178,0.219,0,0.027,0,0.024,0.495,0.563,0.196,0.243,0,0.177,0,0.025,0.025,0.025,0.026,0.025,0.025,0,0.025,0,0,0.159,0.19,0.157,0.194,0.154,0.197,0.172,0.21,0.157,0.174,0.155,0.177,0.174,0,0,0.137,0.138,0.021,0,0,0.143,0.136,0.126,0.128,0.155,0.143,0.181,0.022,0,0.025,0.471,0.525,0.213,0.17,0.175,0.174,0.17,0.18,0.179,0.215,0.142,0.215,0,0.174,0.176,0.145,0.214,0.213,0.18,0.213,0.182,0.182,0.023,0.199,0.777,0.668,0,0.022,0,0.023,0,0,0.122,0.116,0.021,0.021,0.484,0.204,0.433,0.432,0.47,0.448,0,0.513,0,0.499,0.506,0.451,0.502,0,0.021,0.021,0.499,0.499,0.471,0.175,0.168,0.02,0.021,0.174,0.02,0.152,0.169,0.179,0.173,0.15,0.143,0.165,0.156,0.175,0.17,0.162,0.174,0.124,0.12,0.164,0.153,0.168,0.152,0.021,0,0,0.022,0.025,0.024,0,0.129,0.497,0.499,0.421,0.428,0.02,0.702,0.022,0.777,0.83,0.17,0,0,0,0,0,0.023,0,0,0.146,0.46,0.462,0.181,0,0,0,0,0.023,0.16,0.159,0.467,0.144,0,0.146,0.018,0.018,0.022,0.02,0.019,0.019,0.021,0.018,0.018,0.018,0,0.022,0.017,0,0.022,0.018,0,0,0,0.169,0.154,0.178,0,0.163,0.166,0.016,0.131,0.017,0.02,0.02,0.02,0.018,0.02,0.018,0.474,0.181,0.447,0.116,0.114,0.157,0.407,0.186,0.119,0.117,0.179,0.488,0.12,0.157,0,0.112,0.157,0.392,0.18,0.153,0.385,0.163,0.412,0.474,0.022,0.02,0.021,0.019,0.016,0.022,0.021,0.019,0.022,0.019,0.019,0.021,0.022,0.022,0.022,0,0,0,0,0.017,0,0,0.123,0.338,0.023,0.017,0.022,0.017,0.017,0.021,0,0,0,0.407,0,0,0,0,0,0,0,0.149,0,0.149,0.141,0.785,0.021,0,0,0.024,0.024,0,0.019,0.165,0.153,0.019,0.018,0.189,0.139,0.113,0.098,0.023,0.155,0.15,0.147,0,0,0.152,0.015,0.024,0,0,0.017,0.165,0,0.017,0.021,0.02,0.453,0.773,0.606,0.187,0.822,0.19,0.184,0,0,0,0,0,0.131,0.165,0.136,0.414,0.414,0.189,0,0,0,0.018,0.161,0.021,0.014,0.019,0.639,0.15,0.023,0,0,0,0.019,0.801,0.696,0.858,0.187,0.934,0.973,0.853,0.173,0.163,0.187,0.973,1,0.017,0.726,0.632,0.517,0.77,0.456,0.155,0.415,0.566,0.017,0.022,0.019,0.159,0.419,0.126,0.127,0.754,0.799,0.02,0.663,0.456,0.124,0.019,0.021,0.019,0.021,0.017,0.692,0.652,0.018,0.023,0,0.022,0.024,0.024,0.022,0.018,0.025,0.224,0.175,0.171,0.158,0,0,0,0,0,0,0,0,0.018,0.12,0.02,0.165,0.023,0.02,0.019,0,0,0.022,0.139,0.143,0,0.02,0.02,0.154,0.021,0.163,0.124,0.198,0,0.171,0.155,0.139,0.104,0.022,0.02,0.167,0.16,0,0,0.149,0.149,0.135,0.13,0.172,0,0.124,0.104,0.129,0.421,0.136,0.377
GO:0070828,0,0.409,0,0.037,0.432,0,0.028,0,0.033,0,0.029,0,0.026,0,0.032,0,0,0,0.416,0.03,0.031,0.031,0.031,0.03,0,0.03,0,0,0,0.024,0,0.024,0,0.025,0,0.027,0,0,0,0,0,0,0,0,0,0.35,0,0,0,0,0,0,0,0,0.023,0.026,0,0.029,0,0.024,0.027,0,0.022,0,0,0.022,0.022,0.028,0,0.028,0,0.022,0.022,0,0.027,0.027,0.022,0.027,0.023,0.023,0.371,0.367,0.022,0.024,0,0.026,0,0.028,0,0,0,0,0.024,0.025,0.022,0.026,0,0,0,0,0,0.023,0,0.022,0.023,0,0.023,0,0.025,0.024,0.022,0.022,0.021,0.022,0.021,0.023,0.024,0.022,0.024,0.019,0.021,0.022,0.021,0.018,0.017,0.02,0.019,0.022,0.021,0.02,0.022,0,0,0.02,0.019,0.021,0.019,0.335,0,0,0.026,0.03,0.029,0,0,0.022,0.022,0,0,0.833,0.023,0.378,0.022,0.021,0.306,0,0,0,0,0,0.027,0,0,0,0.02,0.02,0.023,0,0,0,0,0.027,0,0,0.021,0,0,0,0.021,0.021,0.025,0.024,0.021,0.022,0.025,0.294,0.294,0.299,0,0.025,0.02,0,0.026,0.021,0,0,0,0.021,0,0.022,0,0.02,0.02,0.017,0.016,0.273,0.317,0.023,0.023,0.279,0.328,0.287,0.308,0.328,0.288,0,0,0.019,0.018,0.339,0,0,0.311,0.319,0,0.281,0,0,0.281,0.248,0.327,0.272,0.244,0.291,0.263,0.021,0.026,0.023,0.025,0.021,0.018,0.026,0.024,0.022,0.026,0.022,0.022,0.025,0.026,0.026,0.025,0,0,0,0,0.019,0,0,0,0,0.028,0.02,0.026,0.019,0.019,0.024,0,0,0,0.018,0,0,0,0,0,0,0,0,0,0,0,0.021,0.025,0,0,0.028,0.028,0,0.315,0.02,0.019,0.022,0.02,0.024,0.017,0,0,0.028,0.019,0.018,0.018,0,0,0.018,0.238,0.028,0,0,0.019,0.02,0,0.019,0.357,0.024,0.02,0.022,0.021,0.023,0.021,0.024,0.023,0,0,0,0,0,0.016,0.02,0.016,0,0,0.024,0,0,0,0.021,0.02,0.352,0.016,0.316,0.021,0.018,0.028,0,0,0,0.022,0.021,0.019,0.02,0.023,0.019,0.018,0.017,0.021,0.02,0.023,0.018,0.017,0.999,0.019,0.024,0.027,0.019,0.02,0.019,0.018,0.026,0.02,0.369,0.324,0.019,0.018,0,0,0.022,0.021,0.329,0.019,0.02,0,0.32,0.35,0.323,0.366,0.02,0.019,0.024,0.021,0.027,0,0.026,0.029,0.029,0.369,0.292,0.029,0.029,0.022,0.021,0.019,0,0,0,0,0,0,0,0,0.021,0.306,0.328,0.02,0.027,0.023,0.022,0,0,0.025,0.017,0,0,0.024,0.343,0.019,0.025,0.02,0.318,0.025,0,0.021,0.019,0.017,0,0.025,0.024,0.021,0.02,0,0,0,0,0,0,0.021,0,0,0,0,0.018,0.016,0.016
GO:0000086,0,0.027,0,0.035,0.028,0,0.027,0,0.032,0,0.027,0,0.025,0,0.031,0,0,0,0.029,0.029,0.029,0.03,0.029,0.029,0,0.029,0,0,0,0.023,0,0.024,0,0.024,0,0.026,0,0,0,0,0,0,0,0,0,0.023,0,0,0,0,0,0,0,0,0.022,0.025,0,0.028,0,0.023,0.026,0,0.021,0,0,0.022,0.022,0.027,0,0.027,0,0.021,0.021,0,0.026,0.026,0.022,0.026,0.022,0.022,0.026,0.024,0.631,0.526,0,0.025,0,0.027,0,0,0,0,0.024,0.024,0.021,0.025,0,0,0,0,0,0.022,0,0.022,0.022,0,0.022,0,0.024,0.023,0.022,0.022,0.02,0.021,0.02,0.022,0.023,0.021,0.023,0.018,0.02,0.022,0.021,0.018,0.017,0.02,0.019,0.021,0.02,0.019,0.021,0,0,0.02,0.018,0.02,0.018,0.023,0,0,0.025,0.029,0.028,0,0,0.022,0.022,0,0,0.022,0.577,0.025,0.823,0.861,0.02,0,0,0,0,0,0.026,0,0,0,0.02,0.02,0.022,0,0,0,0,0.026,0,0,0.02,0,0,0,0.02,0.02,0.024,0.023,0.021,0.022,0.024,0.02,0.02,0.02,0,0.025,0.019,0,0.025,0.02,0,0,0,0.02,0,0.022,0,0.02,0.02,0.017,0.015,0.019,0.022,0.022,0.022,0.02,0.023,0.02,0.021,0.022,0.019,0,0,0.019,0.017,0.023,0,0,0.022,0.021,0,0.019,0,0,0.019,0.017,0.022,0.018,0.016,0.019,0.018,0.021,0.025,0.023,0.024,0.021,0.017,0.025,0.023,0.022,0.025,0.021,0.021,0.024,0.025,0.025,0.024,0,0,0,0,0.019,0,0,0,0,0.027,0.019,0.025,0.019,0.019,0.023,0,0,0,0.017,0,0,0,0,0,0,0,0,0,0,0,0.537,0.024,0,0,0.027,0.027,0,0.021,0.02,0.018,0.021,0.02,0.023,0.016,0,0,0.027,0.018,0.018,0.017,0,0,0.018,0.016,0.027,0,0,0.019,0.02,0,0.019,0.024,0.023,0.02,0.482,0.472,0.023,0.606,0.023,0.022,0,0,0,0,0,0.015,0.02,0.016,0,0,0.023,0,0,0,0.021,0.019,0.023,0.015,0.021,0.519,0.018,0.027,0,0,0,0.021,0.805,0.729,0.84,0.023,0.708,0.681,0.641,0.021,0.019,0.023,0.748,0.726,0.019,0.999,0.712,0.588,0.993,0.02,0.018,0.018,0.641,0.019,0.024,0.022,0.019,0.018,0,0,0.84,0.887,0.022,0.996,0.02,0,0.021,0.023,0.021,0.024,0.019,0.99,0.733,0.02,0.026,0,0.025,0.028,0.028,0.024,0.02,0.028,0.028,0.021,0.021,0.019,0,0,0,0,0,0,0,0,0.02,0.02,0.022,0.02,0.026,0.023,0.021,0,0,0.024,0.016,0,0,0.023,0.023,0.018,0.024,0.019,0.021,0.024,0,0.021,0.018,0.016,0,0.024,0.023,0.02,0.019,0,0,0,0,0,0,0.021,0,0,0,0,0.018,0.016,0.016
GO:0000278,0,0.04,0,0.06,0.043,0,0.04,0,0.051,0,0.04,0,0.035,0,0.048,0,0,0,0.043,0.044,0.045,0.046,0.045,0.044,0,0.043,0,0,0,0.032,0,0.033,0,0.033,0,0.037,0,0,0,0,0,0,0,0,0,0.032,0,0,0,0,0,0,0,0,0.029,0.036,0,0.042,0,0.032,0.038,0,0.028,0,0,0.029,0.029,0.039,0,0.039,0,0.028,0.028,0,0.038,0.038,0.029,0.038,0.03,0.03,0.037,0.034,0.837,0.721,0,0.036,0,0.039,0,0,0,0,0.032,0.034,0.028,0.035,0,0,0,0,0,0.03,0,0.029,0.03,0,0.029,0,0.034,0.032,0.029,0.029,0.027,0.028,0.026,0.03,0.032,0.028,0.031,0.023,0.027,0.029,0.028,0.023,0.021,0.026,0.024,0.028,0.027,0.025,0.028,0,0,0.026,0.023,0.026,0.023,0.032,0,0,0.036,0.043,0.041,0,0,0.029,0.029,0,0,0.03,0.694,0.035,0.636,0.786,0.027,0,0,0,0,0,0.038,0,0,0,0.026,0.026,0.029,0,0,0,0,0.038,0,0,0.026,0,0,0,0.026,0.026,0.034,0.031,0.028,0.029,0.033,0.026,0.025,0.026,0,0.035,0.025,0,0.036,0.027,0,0,0,0.027,0,0.029,0,0.025,0.026,0.021,0.019,0.025,0.03,0.029,0.03,0.025,0.031,0.026,0.027,0.029,0.025,0,0,0.024,0.022,0.031,0,0,0.029,0.028,0,0.024,0,0,0.024,0.021,0.029,0.023,0.02,0.025,0.022,0.027,0.035,0.031,0.034,0.027,0.022,0.035,0.032,0.029,0.035,0.028,0.028,0.034,0.035,0.035,0.034,0,0,0,0,0.024,0,0,0,0,0.038,0.025,0.036,0.024,0.024,0.032,0,0,0,0.022,0,0,0,0,0,0,0,0,0,0,0,0.631,0.033,0,0,0.04,0.04,0,0.028,0.026,0.023,0.028,0.025,0.031,0.02,0,0,0.039,0.023,0.023,0.022,0,0,0.023,0.02,0.04,0,0,0.024,0.026,0,0.024,0.033,0.031,0.025,0.64,0.623,0.031,0.793,0.032,0.03,0,0,0,0,0,0.019,0.026,0.02,0,0,0.032,0,0,0,0.027,0.025,0.032,0.019,0.028,0.603,0.023,0.039,0,0,0,0.028,0.618,0.543,0.76,0.031,0.524,0.498,0.462,0.028,0.025,0.031,0.655,0.632,0.024,0.712,0.985,0.843,0.706,0.026,0.024,0.022,0.802,0.025,0.034,0.029,0.024,0.023,0,0,0.654,0.816,0.029,0.543,0.026,0,0.028,0.032,0.029,0.034,0.025,0.539,0.964,0.026,0.038,0,0.035,0.041,0.041,0.034,0.025,0.042,0.041,0.028,0.027,0.024,0,0,0,0,0,0,0,0,0.027,0.027,0.029,0.026,0.037,0.031,0.029,0,0,0.034,0.02,0,0,0.031,0.031,0.023,0.033,0.025,0.028,0.034,0,0.027,0.023,0.02,0,0.034,0.031,0.026,0.025,0,0,0,0,0,0,0.027,0,0,0,0,0.023,0.02,0.02
GO:0007049,0,0.046,0,0.075,0.05,0,0.046,0,0.061,0,0.047,0,0.04,0,0.057,0,0,0,0.051,0.052,0.053,0.054,0.053,0.051,0,0.05,0,0,0,0.036,0,0.037,0,0.038,0,0.043,0,0,0,0,0,0,0,0,0,0.036,0,0,0,0,0,0,0,0,0.033,0.041,0,0.049,0,0.035,0.044,0,0.031,0,0,0.032,0.032,0.044,0,0.044,0,0.031,0.031,0,0.044,0.044,0.032,0.044,0.033,0.033,0.042,0.038,0.703,0.807,0,0.041,0,0.044,0,0,0,0,0.036,0.038,0.031,0.04,0,0,0,0,0,0.034,0,0.032,0.033,0,0.033,0,0.038,0.036,0.032,0.032,0.029,0.031,0.029,0.034,0.036,0.031,0.035,0.025,0.029,0.032,0.03,0.024,0.023,0.028,0.026,0.031,0.03,0.027,0.031,0,0,0.028,0.025,0.029,0.025,0.036,0,0,0.041,0.05,0.048,0,0,0.032,0.032,0,0,0.033,0.773,0.04,0.703,0.655,0.029,0,0,0,0,0,0.044,0,0,0,0.028,0.029,0.033,0,0,0,0,0.044,0,0,0.029,0,0,0,0.029,0.029,0.039,0.035,0.03,0.032,0.037,0.028,0.028,0.028,0,0.039,0.027,0,0.041,0.029,0,0,0,0.029,0,0.032,0,0.028,0.028,0.023,0.02,0.027,0.033,0.033,0.033,0.028,0.035,0.029,0.03,0.033,0.027,0,0,0.026,0.024,0.034,0,0,0.032,0.031,0,0.026,0,0,0.026,0.022,0.032,0.025,0.022,0.027,0.024,0.03,0.04,0.034,0.038,0.03,0.023,0.039,0.036,0.032,0.039,0.031,0.031,0.038,0.039,0.04,0.039,0,0,0,0,0.026,0,0,0,0,0.044,0.027,0.041,0.027,0.026,0.036,0,0,0,0.024,0,0,0,0,0,0,0,0,0,0,0,0.696,0.037,0,0,0.046,0.046,0,0.031,0.028,0.025,0.031,0.028,0.035,0.022,0,0,0.044,0.026,0.024,0.024,0,0,0.025,0.021,0.046,0,0,0.026,0.028,0,0.027,0.037,0.035,0.028,0.707,0.686,0.035,0.662,0.036,0.034,0,0,0,0,0,0.02,0.028,0.021,0,0,0.035,0,0,0,0.03,0.027,0.036,0.02,0.031,0.662,0.024,0.044,0,0,0,0.031,0.681,0.591,0.632,0.035,0.568,0.538,0.496,0.03,0.028,0.035,0.538,0.517,0.027,0.588,0.843,0.963,0.583,0.028,0.026,0.024,0.911,0.027,0.039,0.032,0.027,0.025,0,0,0.724,0.683,0.033,0.591,0.028,0,0.031,0.036,0.032,0.038,0.027,0.586,0.822,0.029,0.043,0,0.04,0.047,0.047,0.039,0.028,0.049,0.048,0.031,0.03,0.026,0,0,0,0,0,0,0,0,0.03,0.029,0.033,0.028,0.043,0.035,0.032,0,0,0.039,0.022,0,0,0.035,0.035,0.025,0.038,0.028,0.031,0.038,0,0.03,0.026,0.022,0,0.039,0.035,0.029,0.027,0,0,0,0,0,0,0.03,0,0,0,0,0.025,0.021,0.021
GO:0010389,0,0.027,0,0.035,0.028,0.202,0.249,0,0.031,0,0.027,0.189,0.228,0.227,0.279,0,0.204,0,0.028,0.029,0.029,0.029,0.029,0.029,0,0.028,0,0,0.178,0.212,0.176,0.217,0.172,0.22,0.195,0.237,0.176,0.197,0.174,0.201,0.198,0,0,0.153,0.155,0.023,0,0,0.158,0.15,0.14,0.142,0.174,0.159,0.2,0.025,0,0.028,0.179,0.211,0.241,0.193,0.193,0.198,0.192,0.199,0.198,0.243,0.157,0.243,0,0.192,0.195,0.161,0.242,0.241,0.199,0.241,0.201,0.201,0.025,0.223,0.858,0.744,0,0.025,0,0.026,0,0,0.133,0.126,0.023,0.024,0.193,0.23,0.163,0.162,0.178,0.169,0,0.206,0,0.199,0.203,0.17,0.201,0,0.024,0.023,0.199,0.199,0.187,0.193,0.185,0.022,0.023,0.192,0.023,0.166,0.186,0.198,0.191,0.164,0.155,0.181,0.17,0.193,0.188,0.178,0.192,0.137,0.132,0.18,0.167,0.185,0.166,0.023,0,0,0.025,0.028,0.028,0,0.144,0.199,0.199,0.158,0.161,0.022,0.78,0.025,0.858,0.913,0.187,0,0,0,0,0,0.026,0,0,0.162,0.182,0.183,0.201,0,0,0,0,0.026,0.179,0.178,0.186,0.162,0,0.162,0.02,0.02,0.024,0.023,0.021,0.021,0.024,0.02,0.019,0.02,0,0.024,0.019,0,0.025,0.02,0,0,0,0.186,0.172,0.197,0,0.179,0.182,0.017,0.141,0.019,0.022,0.022,0.022,0.019,0.023,0.02,0.188,0.2,0.177,0.126,0.124,0.172,0.16,0.207,0.131,0.129,0.198,0.195,0.132,0.172,0,0.123,0.172,0.153,0.2,0.167,0.15,0.178,0.162,0.188,0.025,0.022,0.024,0.021,0.017,0.025,0.023,0.022,0.024,0.021,0.021,0.024,0.024,0.025,0.024,0,0,0,0,0.019,0,0,0.135,0.124,0.026,0.019,0.025,0.019,0.019,0.023,0,0,0,0.16,0,0,0,0,0,0,0,0.166,0,0.166,0.156,0.727,0.024,0,0,0.027,0.027,0,0.021,0.181,0.167,0.021,0.019,0.21,0.15,0.124,0.106,0.026,0.169,0.164,0.16,0,0,0.165,0.016,0.027,0,0,0.019,0.182,0,0.019,0.023,0.023,0.179,0.682,0.668,0.208,0.824,0.212,0.205,0,0,0,0,0,0.141,0.181,0.147,0.155,0.155,0.211,0,0,0,0.02,0.176,0.023,0.015,0.021,0.703,0.164,0.026,0,0,0,0.021,0.84,0.76,0.89,0.208,0.739,0.71,0.67,0.191,0.179,0.208,0.793,0.77,0.019,0.993,0.706,0.583,0.999,0.181,0.17,0.163,0.636,0.019,0.024,0.021,0.174,0.164,0.14,0.141,0.834,0.881,0.022,0.99,0.181,0.137,0.021,0.023,0.021,0.024,0.019,0.996,0.728,0.02,0.026,0,0.025,0.027,0.027,0.024,0.019,0.028,0.255,0.193,0.189,0.173,0,0,0,0,0,0,0,0,0.02,0.132,0.022,0.182,0.026,0.023,0.021,0,0,0.024,0.15,0.158,0,0.023,0.023,0.169,0.024,0.178,0.137,0.222,0,0.189,0.169,0.15,0.112,0.024,0.023,0.184,0.175,0,0,0.166,0.166,0.149,0.143,0.19,0,0.138,0.112,0.142,0.165,0.147,0.147
GO:0010563,0.157,0.029,0.164,0.039,0.031,0.491,0.546,0.156,0.227,0.159,0.193,0.614,0.692,0.254,0.312,0,0.229,0.161,0.032,0.207,0.208,0.211,0.208,0.204,0.145,0.031,0,0.135,0.426,0.23,0.421,0.236,0.187,0.478,0.214,0.26,0.192,0.477,0.415,0.488,0.478,0.143,0.147,0.167,0.169,0.025,0,0,0.375,0.353,0.151,0.153,0.415,0.377,0.217,0.176,0.142,0.199,0.706,0.807,0.527,0.465,0.208,0.479,0.464,0.215,0.214,0.534,0.17,0.534,0.133,0.207,0.21,0.175,0.532,0.527,0.429,0.527,0.87,0.87,0.028,0.243,0.208,0.229,0,0.027,0,0.029,0,0,0.311,0.294,0.163,0.168,0.732,0.501,0.637,0.634,0.703,0.663,0.109,0.785,0.111,0.758,0.772,0.669,0.763,0.113,0.026,0.025,0.758,0.758,0.709,0.833,0.794,0.024,0.025,0.828,0.025,0.708,0.799,0.855,0.822,0.697,0.658,0.194,0.182,0.833,0.806,0.762,0.828,0.147,0.142,0.773,0.714,0.199,0.177,0.025,0.142,0.137,0.176,0.203,0.197,0.141,0.156,0.595,0.598,0.504,0.514,0.024,0.222,0.027,0.208,0.197,0.201,0,0,0,0,0,0.029,0,0,0.175,0.543,0.545,0.217,0,0,0,0,0.029,0.196,0.195,0.553,0.178,0,0.176,0.138,0.138,0.17,0.159,0.143,0.149,0.026,0.021,0.021,0.021,0,0.027,0.02,0,0.027,0.022,0,0,0,0.2,0.187,0.213,0,0.192,0.196,0.018,0.149,0.13,0.152,0.151,0.153,0.134,0.025,0.021,0.562,0.216,0.524,0.294,0.289,0.184,0.47,0.224,0.141,0.138,0.214,0.582,0.142,0.184,0,0.131,0.184,0.45,0.216,0.178,0.442,0.191,0.477,0.562,0.173,0.157,0.169,0.142,0.117,0.173,0.162,0.15,0.172,0.144,0.144,0.169,0.172,0.175,0.17,0.128,0.128,0,0,0.02,0,0,0.144,0.389,0.186,0.132,0.176,0.13,0.128,0.161,0.082,0,0,0.47,0,0,0,0,0,0,0,0.396,0.08,0.395,0.369,0.571,0.166,0.105,0.084,0.191,0.191,0,0.022,0.194,0.178,0.145,0.134,0.455,0.318,0.133,0.112,0.186,0.36,0.348,0.338,0.072,0,0.351,0.108,0.19,0,0,0.02,0.195,0,0.13,0.026,0.025,0.533,0.578,0.204,0.45,0.551,0.459,0.442,0,0,0,0,0,0.149,0.388,0.31,0.494,0.494,0.456,0,0,0,0.022,0.189,0.025,0.016,0.022,0.199,0.174,0.186,0,0.133,0,0.023,0.562,0.182,0.532,0.45,0.177,0.47,0.159,0.41,0.382,0.45,0.17,0.456,0.02,0.02,0.026,0.028,0.181,0.999,0.724,0.894,0.027,0.02,0.026,0.023,0.745,0.904,0.151,0.152,0.023,0.022,0.023,0.02,0.999,0.147,0.023,0.025,0.023,0.026,0.02,0.181,0.025,0.021,0.028,0,0.464,0.519,0.518,0.026,0.021,0.031,0.282,0.209,0.203,0.184,0,0,0,0,0,0,0,0,0.022,0.141,0.023,0.195,0.486,0.024,0.394,0.116,0.103,0.026,0.159,0.171,0,0.025,0.024,0.18,0.026,0.191,0.148,0.242,0,0.203,0.181,0.159,0.118,0.026,0.025,0.198,0.187,0,0,0.18,0.18,0.16,0.153,0.204,0,0.148,0.118,0.152,0.488,0.155,0.431
GO:0010921,0.141,0.027,0.146,0.035,0.028,0.446,0.498,0.14,0.204,0.143,0.176,0.19,0.229,0.228,0.281,0,0.205,0.144,0.029,0.187,0.188,0.191,0.188,0.185,0.131,0.029,0,0.123,0.392,0.213,0.388,0.218,0.172,0.441,0.196,0.238,0.177,0.435,0.382,0.444,0.436,0.129,0.133,0.704,0.691,0.023,0,0,0.348,0.33,0.643,0.633,0.383,0.35,0.201,0.162,0.129,0.181,0.394,0.423,0.482,0.424,0.194,0.436,0.424,0.2,0.199,0.487,0.158,0.488,0.122,0.193,0.195,0.162,0.486,0.482,0.399,0.482,0.808,0.808,0.026,0.224,0.193,0.212,0,0.025,0,0.026,0,0,0.292,0.278,0.151,0.155,0.386,0.46,0.359,0.357,0.393,0.372,0.101,0.412,0.102,0.399,0.406,0.376,0.401,0.104,0.024,0.023,0.399,0.399,0.375,0.776,0.742,0.022,0.023,0.771,0.023,0.666,0.747,0.795,0.766,0.656,0.622,0.182,0.171,0.776,0.752,0.714,0.771,0.628,0.605,0.723,0.671,0.186,0.167,0.023,0.128,0.124,0.162,0.184,0.179,0.128,0.792,0.199,0.2,0.158,0.161,0.022,0.206,0.025,0.193,0.184,0.188,0,0,0,0,0,0.026,0,0,0.162,0.183,0.184,0.202,0,0,0,0,0.026,0.18,0.179,0.186,0.163,0,0.163,0.129,0.129,0.157,0.147,0.134,0.139,0.024,0.02,0.02,0.02,0,0.025,0.019,0,0.025,0.02,0,0,0,0.187,0.172,0.198,0,0.18,0.183,0.017,0.142,0.122,0.141,0.141,0.142,0.125,0.023,0.02,0.189,0.201,0.177,0.278,0.273,0.173,0.16,0.207,0.723,0.71,0.199,0.195,0.729,0.173,0,0.676,0.173,0.153,0.2,0.167,0.151,0.179,0.162,0.189,0.159,0.145,0.156,0.133,0.111,0.159,0.15,0.139,0.158,0.134,0.134,0.156,0.158,0.161,0.157,0.117,0.117,0,0,0.019,0,0,0.135,0.124,0.17,0.124,0.162,0.122,0.12,0.149,0.077,0,0,0.16,0,0,0,0,0,0,0,0.367,0.075,0.366,0.343,0.192,0.153,0.098,0.079,0.174,0.174,0,0.021,0.181,0.167,0.135,0.126,0.421,0.301,0.124,0.106,0.17,0.338,0.327,0.319,0.069,0,0.331,0.103,0.173,0,0,0.019,0.182,0,0.122,0.024,0.023,0.18,0.194,0.19,0.417,0.186,0.424,0.41,0,0,0,0,0,0.142,0.363,0.294,0.155,0.156,0.422,0,0,0,0.02,0.177,0.023,0.015,0.021,0.186,0.164,0.17,0,0.121,0,0.021,0.189,0.171,0.18,0.417,0.167,0.16,0.151,0.382,0.358,0.417,0.16,0.155,0.019,0.018,0.024,0.026,0.17,0.724,0.999,0.958,0.025,0.019,0.024,0.021,0.973,0.918,0.641,0.629,0.021,0.021,0.022,0.019,0.724,0.753,0.021,0.023,0.021,0.024,0.019,0.17,0.023,0.02,0.026,0,0.428,0.472,0.474,0.024,0.019,0.028,0.256,0.194,0.189,0.173,0,0,0,0,0,0,0,0,0.02,0.132,0.022,0.182,0.447,0.023,0.369,0.107,0.096,0.024,0.151,0.159,0,0.023,0.023,0.169,0.024,0.179,0.137,0.223,0,0.189,0.17,0.151,0.112,0.024,0.023,0.185,0.176,0,0,0.167,0.167,0.149,0.143,0.19,0,0.138,0.112,0.142,0.166,0.147,0.147
GO:0010923,0.132,0.025,0.136,0.032,0.027,0.419,0.469,0.13,0.19,0.133,0.165,0.53,0.601,0.213,0.262,0,0.191,0.134,0.027,0.176,0.176,0.179,0.176,0.173,0.123,0.027,0,0.115,0.371,0.202,0.367,0.206,0.163,0.417,0.184,0.225,0.167,0.409,0.362,0.417,0.41,0.121,0.124,0.667,0.655,0.022,0,0,0.331,0.315,0.612,0.602,0.362,0.333,0.191,0.153,0.121,0.17,0.614,0.709,0.454,0.4,0.185,0.41,0.399,0.19,0.189,0.459,0.15,0.459,0.114,0.184,0.186,0.154,0.458,0.454,0.379,0.454,0.769,0.769,0.024,0.212,0.184,0.201,0,0.024,0,0.025,0,0,0.28,0.267,0.143,0.147,0.65,0.434,0.561,0.559,0.612,0.581,0.096,0.692,0.097,0.671,0.682,0.586,0.675,0.099,0.023,0.022,0.671,0.671,0.632,0.739,0.709,0.021,0.022,0.736,0.022,0.639,0.713,0.757,0.731,0.63,0.598,0.174,0.164,0.739,0.718,0.683,0.736,0.598,0.577,0.692,0.644,0.177,0.16,0.022,0.12,0.117,0.153,0.172,0.168,0.12,0.753,0.526,0.528,0.446,0.453,0.021,0.196,0.024,0.184,0.176,0.179,0,0,0,0,0,0.025,0,0,0.154,0.485,0.487,0.192,0,0,0,0,0.025,0.17,0.17,0.493,0.154,0,0.155,0.123,0.123,0.148,0.14,0.127,0.132,0.022,0.019,0.019,0.019,0,0.023,0.018,0,0.024,0.019,0,0,0,0.179,0.163,0.189,0,0.172,0.175,0.016,0.137,0.117,0.135,0.134,0.135,0.12,0.022,0.019,0.5,0.191,0.47,0.267,0.262,0.165,0.426,0.197,0.691,0.678,0.19,0.516,0.696,0.165,0,0.647,0.165,0.409,0.191,0.16,0.403,0.171,0.432,0.5,0.15,0.138,0.147,0.127,0.106,0.15,0.142,0.133,0.15,0.128,0.128,0.147,0.15,0.152,0.148,0.111,0.111,0,0,0.018,0,0,0.129,0.353,0.16,0.118,0.153,0.117,0.115,0.141,0.074,0,0,0.426,0,0,0,0,0,0,0,0.348,0.073,0.347,0.327,0.508,0.145,0.093,0.076,0.164,0.164,0,0.02,0.173,0.16,0.129,0.12,0.4,0.29,0.119,0.102,0.16,0.325,0.314,0.307,0.066,0,0.317,0.099,0.163,0,0,0.018,0.174,0,0.116,0.022,0.022,0.477,0.513,0.182,0.396,0.492,0.403,0.39,0,0,0,0,0,0.137,0.347,0.283,0.438,0.438,0.401,0,0,0,0.02,0.169,0.022,0.015,0.02,0.177,0.158,0.16,0,0.114,0,0.02,0.501,0.164,0.476,0.396,0.16,0.426,0.145,0.365,0.342,0.396,0.154,0.415,0.018,0.018,0.022,0.024,0.163,0.894,0.958,1,0.023,0.018,0.023,0.02,0.932,0.989,0.787,0.776,0.02,0.02,0.021,0.018,0.894,0.813,0.02,0.022,0.02,0.023,0.018,0.163,0.022,0.019,0.025,0,0.405,0.444,0.445,0.023,0.019,0.026,0.241,0.185,0.181,0.166,0,0,0,0,0,0,0,0,0.019,0.126,0.021,0.174,0.421,0.021,0.351,0.101,0.091,0.023,0.145,0.151,0,0.022,0.022,0.162,0.023,0.171,0.131,0.211,0,0.181,0.163,0.145,0.108,0.023,0.022,0.176,0.168,0,0,0.158,0.158,0.142,0.137,0.182,0,0.132,0.108,0.136,0.441,0.142,0.394
GO:0022402,0,0.043,0,0.068,0.047,0,0.043,0,0.056,0,0.044,0,0.038,0,0.053,0,0,0,0.047,0.049,0.049,0.05,0.049,0.048,0,0.047,0,0,0,0.034,0,0.035,0,0.036,0,0.04,0,0,0,0,0,0,0,0,0,0.034,0,0,0,0,0,0,0,0,0.031,0.039,0,0.046,0,0.034,0.041,0,0.03,0,0,0.031,0.031,0.042,0,0.042,0,0.029,0.03,0,0.042,0.041,0.031,0.041,0.031,0.031,0.04,0.036,0.675,0.77,0,0.039,0,0.042,0,0,0,0,0.035,0.036,0.03,0.038,0,0,0,0,0,0.032,0,0.031,0.032,0,0.031,0,0.036,0.035,0.031,0.031,0.028,0.03,0.028,0.032,0.034,0.029,0.033,0.024,0.028,0.031,0.029,0.024,0.022,0.027,0.025,0.03,0.028,0.026,0.029,0,0,0.027,0.024,0.028,0.024,0.034,0,0,0.039,0.047,0.045,0,0,0.031,0.031,0,0,0.032,0.834,0.038,0.761,0.711,0.028,0,0,0,0,0,0.041,0,0,0,0.027,0.027,0.031,0,0,0,0,0.041,0,0,0.028,0,0,0,0.028,0.028,0.037,0.034,0.029,0.031,0.035,0.027,0.027,0.027,0,0.037,0.026,0,0.039,0.028,0,0,0,0.028,0,0.031,0,0.027,0.027,0.022,0.019,0.026,0.032,0.031,0.032,0.027,0.033,0.028,0.029,0.031,0.026,0,0,0.025,0.023,0.033,0,0,0.031,0.03,0,0.025,0,0,0.025,0.022,0.031,0.024,0.021,0.026,0.023,0.029,0.038,0.033,0.036,0.029,0.023,0.037,0.034,0.031,0.037,0.029,0.029,0.036,0.037,0.038,0.037,0,0,0,0,0.025,0,0,0,0,0.042,0.026,0.039,0.026,0.025,0.034,0,0,0,0.023,0,0,0,0,0,0,0,0,0,0,0,0.754,0.035,0,0,0.043,0.043,0,0.029,0.027,0.024,0.03,0.027,0.034,0.021,0,0,0.042,0.025,0.024,0.023,0,0,0.024,0.02,0.043,0,0,0.025,0.027,0,0.026,0.035,0.033,0.027,0.678,0.659,0.033,0.637,0.034,0.032,0,0,0,0,0,0.019,0.027,0.02,0,0,0.034,0,0,0,0.029,0.026,0.034,0.019,0.03,0.718,0.024,0.042,0,0,0,0.03,0.738,0.644,0.687,0.033,0.62,0.588,0.544,0.029,0.027,0.033,0.588,0.566,0.026,0.641,0.802,0.911,0.636,0.027,0.025,0.023,0.974,0.026,0.037,0.031,0.026,0.024,0,0,0.783,0.74,0.031,0.644,0.027,0,0.03,0.034,0.03,0.036,0.026,0.638,0.884,0.028,0.041,0,0.038,0.044,0.044,0.037,0.027,0.046,0.045,0.03,0.029,0.025,0,0,0,0,0,0,0,0,0.028,0.028,0.031,0.027,0.04,0.033,0.03,0,0,0.037,0.021,0,0,0.033,0.033,0.025,0.036,0.027,0.03,0.036,0,0.029,0.025,0.021,0,0.037,0.033,0.028,0.026,0,0,0,0,0,0,0.029,0,0,0,0,0.024,0.02,0.02
GO:0022406,0,0.029,0,0.038,0.03,0,0.029,0,0.034,0,0.029,0,0.026,0,0.032,0,0,0,0.03,0.031,0.031,0.032,0.031,0.031,0,0.03,0,0,0,0.024,0,0.025,0,0.025,0,0.027,0,0,0,0,0,0,0,0,0,0.024,0,0,0,0,0,0,0,0,0.023,0.027,0,0.03,0,0.024,0.028,0,0.022,0,0,0.023,0.023,0.028,0,0.028,0,0.022,0.022,0,0.028,0.028,0.023,0.028,0.023,0.023,0.027,0.026,0.022,0.024,0,0.027,0,0.028,0,0,0,0,0.025,0.025,0.022,0.026,0,0,0,0,0,0.023,0,0.023,0.023,0,0.023,0,0.025,0.025,0.023,0.023,0.021,0.022,0.021,0.023,0.024,0.022,0.024,0.019,0.021,0.023,0.022,0.018,0.017,0.021,0.019,0.022,0.021,0.02,0.022,0,0,0.02,0.019,0.021,0.019,0.024,0,0,0.027,0.03,0.03,0,0,0.023,0.023,0,0,0.023,0.023,0.026,0.022,0.021,0.021,0,0,0,0,0,0.028,0,0,0,0.021,0.021,0.023,0,0,0,0,0.028,0,0,0.021,0,0,0,0.021,0.021,0.026,0.024,0.022,0.023,0.025,0.02,0.02,0.021,0,0.026,0.02,0,0.027,0.021,0,0,0,0.021,0,0.022,0,0.02,0.021,0.018,0.016,0.02,0.023,0.023,0.023,0.02,0.024,0.021,0.021,0.023,0.02,0,0,0.019,0.018,0.024,0,0,0.023,0.022,0,0.019,0,0,0.019,0.017,0.023,0.019,0.017,0.02,0.018,0.021,0.026,0.024,0.025,0.022,0.018,0.026,0.024,0.023,0.026,0.022,0.022,0.025,0.026,0.026,0.026,0,0,0,0,0.019,0,0,0,0,0.028,0.02,0.027,0.02,0.019,0.024,0,0,0,0.018,0,0,0,0,0,0,0,0,0,0,0,0.022,0.025,0,0,0.029,0.029,0,0.022,0.02,0.019,0.022,0.02,0.024,0.017,0,0,0.028,0.019,0.018,0.018,0,0,0.019,0.016,0.029,0,0,0.02,0.021,0,0.02,0.025,0.024,0.02,0.022,0.022,0.024,0.021,0.024,0.023,0,0,0,0,0,0.016,0.021,0.016,0,0,0.024,0,0,0,0.021,0.02,0.024,0.016,0.022,0.021,0.018,0.028,0,0,0,0.022,0.021,0.019,0.02,0.024,0.019,0.018,0.017,0.022,0.02,0.024,0.018,0.017,0.02,0.019,0.025,0.027,0.019,0.02,0.019,0.018,0.026,0.999,0.026,0.023,0.02,0.019,0,0,0.022,0.021,0.023,0.019,0.02,0,0.022,0.024,0.022,0.025,0.997,0.019,0.024,0.021,0.028,0,0.026,0.029,0.029,0.026,0.02,0.03,0.029,0.022,0.021,0.02,0,0,0,0,0,0,0,0,0.021,0.021,0.023,0.021,0.027,0.024,0.022,0,0,0.026,0.017,0,0,0.024,0.024,0.019,0.025,0.02,0.022,0.025,0,0.021,0.019,0.017,0,0.026,0.024,0.021,0.02,0,0,0,0,0,0,0.022,0,0,0,0,0.019,0.016,0.016
GO:0030030,0,0.607,0,0.065,0.66,0,0.042,0,0.054,0,0.043,0,0.037,0,0.051,0,0,0,0.639,0.047,0.047,0.049,0.047,0.046,0,0.046,0,0,0,0.033,0,0.034,0,0.035,0,0.039,0,0,0,0,0,0,0,0,0,0.485,0,0,0,0,0,0,0,0,0.031,0.037,0,0.044,0,0.033,0.04,0,0.029,0,0,0.03,0.03,0.041,0,0.041,0,0.029,0.029,0,0.04,0.04,0.03,0.04,0.031,0.031,0.538,0.518,0.029,0.033,0,0.037,0,0.04,0,0,0,0,0.034,0.035,0.029,0.037,0,0,0,0,0,0.032,0,0.03,0.031,0,0.031,0,0.035,0.034,0.03,0.03,0.028,0.029,0.027,0.032,0.033,0.029,0.033,0.024,0.028,0.03,0.029,0.023,0.022,0.027,0.024,0.029,0.028,0.026,0.029,0,0,0.026,0.024,0.027,0.024,0.465,0,0,0.038,0.046,0.044,0,0,0.03,0.03,0,0,0.45,0.032,0.542,0.029,0.027,0.404,0,0,0,0,0,0.04,0,0,0,0.027,0.027,0.031,0,0,0,0,0.04,0,0,0.027,0,0,0,0.027,0.027,0.036,0.033,0.029,0.03,0.034,0.385,0.384,0.392,0,0.036,0.025,0,0.038,0.028,0,0,0,0.028,0,0.03,0,0.026,0.027,0.022,0.019,0.353,0.43,0.031,0.031,0.364,0.453,0.378,0.409,0.834,0.702,0,0,0.025,0.022,0.465,0,0,0.42,0.428,0,0.678,0,0,0.678,0.581,0.831,0.65,0.569,0.379,0.333,0.028,0.037,0.032,0.035,0.028,0.022,0.036,0.034,0.03,0.036,0.029,0.029,0.035,0.036,0.037,0.036,0,0,0,0,0.025,0,0,0,0,0.04,0.026,0.038,0.025,0.025,0.033,0,0,0,0.022,0,0,0,0,0,0,0,0,0,0,0,0.029,0.035,0,0,0.042,0.042,0,0.421,0.026,0.024,0.029,0.026,0.033,0.021,0,0,0.041,0.024,0.023,0.022,0,0,0.023,0.294,0.042,0,0,0.025,0.027,0,0.025,0.499,0.033,0.026,0.029,0.028,0.032,0.027,0.033,0.031,0,0,0,0,0,0.019,0.027,0.02,0,0,0.033,0,0,0,0.028,0.026,0.489,0.019,0.422,0.027,0.023,0.04,0,0,0,0.029,0.028,0.025,0.026,0.032,0.024,0.022,0.021,0.029,0.026,0.032,0.022,0.022,0.369,0.024,0.034,0.039,0.024,0.026,0.024,0.023,0.037,0.026,0.979,0.819,0.025,0.023,0,0,0.03,0.028,0.835,0.025,0.026,0,0.807,0.485,0.815,0.97,0.026,0.024,0.033,0.027,0.04,0,0.037,0.043,0.043,0.523,0.381,0.045,0.044,0.029,0.028,0.025,0,0,0,0,0,0,0,0,0.028,0.404,0.445,0.027,0.039,0.032,0.03,0,0,0.036,0.021,0,0,0.033,0.472,0.024,0.035,0.026,0.427,0.035,0,0.028,0.024,0.021,0,0.036,0.032,0.027,0.025,0,0,0,0,0,0,0.028,0,0,0,0,0.023,0.02,0.02
GO:0030031,0,0.494,0,0.048,0.529,0,0.034,0,0.042,0,0.035,0,0.031,0,0.04,0,0,0,0.51,0.037,0.038,0.038,0.038,0.037,0,0.037,0,0,0,0.028,0,0.029,0,0.029,0,0.032,0,0,0,0,0,0,0,0,0,0.41,0,0,0,0,0,0,0,0,0.026,0.031,0,0.036,0,0.028,0.033,0,0.025,0,0,0.026,0.026,0.033,0,0.033,0,0.025,0.025,0,0.033,0.033,0.026,0.033,0.026,0.026,0.733,0.434,0.025,0.028,0,0.031,0,0.033,0,0,0,0,0.029,0.03,0.025,0.031,0,0,0,0,0,0.027,0,0.026,0.027,0,0.026,0,0.03,0.028,0.026,0.026,0.024,0.025,0.024,0.027,0.028,0.025,0.028,0.021,0.024,0.026,0.025,0.021,0.019,0.023,0.022,0.025,0.024,0.023,0.025,0,0,0.023,0.021,0.024,0.021,0.649,0,0,0.031,0.037,0.035,0,0,0.026,0.026,0,0,0.385,0.027,0.777,0.025,0.024,0.351,0,0,0,0,0,0.033,0,0,0,0.023,0.023,0.026,0,0,0,0,0.033,0,0,0.024,0,0,0,0.024,0.024,0.03,0.028,0.025,0.026,0.029,0.336,0.336,0.342,0,0.03,0.022,0,0.031,0.024,0,0,0,0.024,0,0.026,0,0.023,0.023,0.02,0.017,0.512,0.608,0.026,0.027,0.526,0.635,0.543,0.354,0.715,0.616,0,0,0.022,0.02,0.396,0,0,0.595,0.369,0,0.845,0,0,0.845,0.737,0.713,0.814,0.722,0.572,0.511,0.024,0.03,0.027,0.03,0.025,0.02,0.03,0.028,0.026,0.03,0.025,0.025,0.03,0.03,0.031,0.03,0,0,0,0,0.022,0,0,0,0,0.033,0.023,0.031,0.022,0.022,0.028,0,0,0,0.02,0,0,0,0,0,0,0,0,0,0,0,0.025,0.029,0,0,0.034,0.034,0,0.626,0.023,0.021,0.025,0.023,0.028,0.019,0,0,0.033,0.021,0.021,0.02,0,0,0.021,0.457,0.034,0,0,0.022,0.023,0,0.022,0.421,0.028,0.023,0.025,0.024,0.027,0.024,0.028,0.027,0,0,0,0,0,0.017,0.023,0.018,0,0,0.028,0,0,0,0.024,0.022,0.712,0.017,0.364,0.024,0.021,0.033,0,0,0,0.025,0.024,0.022,0.023,0.027,0.021,0.02,0.019,0.025,0.023,0.027,0.02,0.019,0.324,0.022,0.029,0.032,0.021,0.023,0.021,0.02,0.031,0.023,0.819,0.995,0.022,0.021,0,0,0.026,0.024,0.715,0.022,0.023,0,0.983,0.708,0.992,0.812,0.022,0.021,0.028,0.023,0.033,0,0.031,0.035,0.035,0.438,0.334,0.036,0.035,0.025,0.024,0.022,0,0,0,0,0,0,0,0,0.024,0.351,0.381,0.023,0.032,0.027,0.026,0,0,0.03,0.019,0,0,0.028,0.401,0.021,0.029,0.023,0.368,0.03,0,0.024,0.021,0.019,0,0.03,0.028,0.024,0.022,0,0,0,0,0,0,0.024,0,0,0,0,0.021,0.018,0.018
GO:0035303,0.148,0.028,0.153,0.037,0.03,0.464,0.518,0.146,0.213,0.149,0.183,0.197,0.238,0.238,0.293,0,0.215,0.151,0.03,0.195,0.196,0.199,0.196,0.193,0.137,0.03,0,0.128,0.406,0.22,0.402,0.225,0.178,0.456,0.203,0.247,0.183,0.452,0.396,0.462,0.453,0.135,0.139,0.159,0.161,0.024,0,0,0.359,0.339,0.145,0.147,0.396,0.361,0.207,0.168,0.134,0.188,0.409,0.437,0.5,0.441,0.2,0.454,0.44,0.206,0.205,0.506,0.163,0.506,0.126,0.199,0.201,0.167,0.504,0.501,0.411,0.501,0.834,0.834,0.027,0.231,0.199,0.219,0,0.026,0,0.027,0,0,0.3,0.285,0.156,0.161,0.398,0.476,0.371,0.369,0.407,0.385,0.104,0.425,0.106,0.412,0.419,0.388,0.414,0.108,0.025,0.024,0.412,0.412,0.386,0.799,0.764,0.023,0.024,0.795,0.024,0.683,0.768,0.819,0.789,0.673,0.637,0.187,0.175,0.799,0.775,0.734,0.795,0.142,0.136,0.744,0.689,0.191,0.171,0.024,0.134,0.129,0.168,0.191,0.186,0.134,0.149,0.206,0.207,0.163,0.166,0.023,0.213,0.026,0.199,0.19,0.193,0,0,0,0,0,0.027,0,0,0.168,0.188,0.189,0.208,0,0,0,0,0.027,0.186,0.186,0.192,0.169,0,0.168,0.132,0.133,0.162,0.152,0.138,0.143,0.024,0.02,0.02,0.02,0,0.025,0.02,0,0.026,0.021,0,0,0,0.193,0.178,0.204,0,0.185,0.188,0.017,0.145,0.126,0.146,0.145,0.147,0.129,0.023,0.021,0.195,0.207,0.182,0.285,0.279,0.177,0.164,0.214,0.136,0.133,0.205,0.201,0.137,0.177,0,0.126,0.177,0.157,0.207,0.172,0.154,0.184,0.166,0.195,0.165,0.15,0.161,0.137,0.113,0.164,0.155,0.144,0.164,0.138,0.138,0.161,0.164,0.167,0.162,0.122,0.122,0,0,0.019,0,0,0.139,0.127,0.177,0.127,0.168,0.125,0.123,0.154,0.079,0,0,0.164,0,0,0,0,0,0,0,0.379,0.077,0.378,0.354,0.198,0.158,0.101,0.081,0.181,0.181,0,0.022,0.187,0.172,0.139,0.129,0.435,0.308,0.128,0.109,0.177,0.347,0.336,0.327,0.07,0,0.339,0.105,0.18,0,0,0.019,0.187,0,0.125,0.024,0.024,0.185,0.2,0.196,0.43,0.191,0.438,0.423,0,0,0,0,0,0.145,0.373,0.3,0.16,0.16,0.436,0,0,0,0.021,0.182,0.024,0.016,0.022,0.191,0.168,0.177,0,0.126,0,0.022,0.195,0.176,0.185,0.43,0.171,0.164,0.154,0.394,0.368,0.43,0.164,0.159,0.019,0.019,0.024,0.027,0.174,0.745,0.973,0.932,0.026,0.02,0.025,0.022,0.999,0.942,0.145,0.146,0.022,0.021,0.022,0.019,0.745,0.141,0.022,0.024,0.022,0.025,0.02,0.175,0.024,0.02,0.027,0,0.443,0.491,0.493,0.025,0.02,0.029,0.267,0.2,0.195,0.178,0,0,0,0,0,0,0,0,0.021,0.136,0.022,0.188,0.464,0.023,0.38,0.111,0.099,0.025,0.154,0.164,0,0.024,0.023,0.174,0.025,0.184,0.142,0.231,0,0.195,0.174,0.154,0.114,0.025,0.023,0.19,0.18,0,0,0.172,0.172,0.154,0.148,0.196,0,0.142,0.114,0.146,0.17,0.151,0.151
GO:0035305,0.134,0.026,0.138,0.033,0.027,0.426,0.476,0.133,0.193,0.135,0.168,0.538,0.61,0.216,0.267,0,0.195,0.137,0.027,0.178,0.179,0.182,0.179,0.176,0.125,0.027,0,0.117,0.376,0.205,0.372,0.209,0.165,0.423,0.187,0.228,0.17,0.416,0.367,0.424,0.416,0.123,0.126,0.148,0.149,0.022,0,0,0.336,0.318,0.136,0.137,0.367,0.337,0.194,0.155,0.123,0.172,0.622,0.718,0.461,0.406,0.187,0.417,0.405,0.193,0.192,0.466,0.152,0.466,0.116,0.186,0.188,0.156,0.465,0.461,0.384,0.461,0.779,0.779,0.025,0.215,0.187,0.204,0,0.024,0,0.025,0,0,0.283,0.27,0.145,0.149,0.658,0.441,0.568,0.566,0.621,0.589,0.097,0.701,0.098,0.679,0.69,0.594,0.683,0.1,0.023,0.022,0.679,0.679,0.639,0.748,0.717,0.022,0.022,0.745,0.022,0.646,0.721,0.766,0.74,0.637,0.604,0.176,0.165,0.748,0.727,0.691,0.745,0.132,0.128,0.7,0.651,0.179,0.162,0.022,0.122,0.119,0.155,0.175,0.171,0.122,0.139,0.533,0.535,0.451,0.459,0.021,0.199,0.024,0.187,0.178,0.181,0,0,0,0,0,0.025,0,0,0.156,0.491,0.492,0.194,0,0,0,0,0.025,0.173,0.172,0.499,0.156,0,0.157,0.124,0.125,0.151,0.142,0.129,0.134,0.023,0.019,0.019,0.019,0,0.024,0.018,0,0.024,0.02,0,0,0,0.181,0.166,0.191,0,0.174,0.177,0.017,0.138,0.118,0.136,0.136,0.137,0.121,0.022,0.019,0.506,0.194,0.476,0.27,0.265,0.167,0.431,0.2,0.127,0.125,0.192,0.523,0.128,0.167,0,0.119,0.167,0.413,0.193,0.162,0.407,0.173,0.437,0.506,0.153,0.14,0.149,0.128,0.107,0.152,0.144,0.134,0.152,0.13,0.129,0.149,0.152,0.154,0.151,0.112,0.112,0,0,0.018,0,0,0.131,0.357,0.163,0.12,0.155,0.118,0.116,0.143,0.075,0,0,0.431,0,0,0,0,0,0,0,0.353,0.073,0.352,0.331,0.514,0.147,0.094,0.077,0.166,0.166,0,0.02,0.175,0.162,0.13,0.122,0.405,0.292,0.12,0.103,0.163,0.328,0.318,0.31,0.067,0,0.321,0.1,0.166,0,0,0.018,0.176,0,0.118,0.023,0.022,0.482,0.519,0.184,0.401,0.497,0.408,0.395,0,0,0,0,0,0.138,0.351,0.286,0.443,0.443,0.406,0,0,0,0.02,0.171,0.022,0.015,0.02,0.179,0.159,0.163,0,0.116,0,0.02,0.507,0.166,0.482,0.401,0.162,0.431,0.147,0.369,0.346,0.401,0.155,0.419,0.018,0.018,0.023,0.025,0.164,0.904,0.918,0.989,0.024,0.019,0.023,0.021,0.942,1,0.135,0.136,0.021,0.02,0.021,0.018,0.904,0.132,0.02,0.022,0.021,0.023,0.019,0.165,0.022,0.019,0.025,0,0.41,0.451,0.452,0.023,0.019,0.027,0.245,0.187,0.183,0.168,0,0,0,0,0,0,0,0,0.02,0.128,0.021,0.176,0.428,0.022,0.356,0.103,0.092,0.023,0.147,0.153,0,0.022,0.022,0.164,0.023,0.173,0.133,0.214,0,0.183,0.164,0.147,0.109,0.023,0.022,0.179,0.17,0,0,0.16,0.16,0.144,0.139,0.184,0,0.133,0.109,0.137,0.446,0.143,0.397
GO:0043086,0,0,0,0,0,0.232,0.223,0,0,0,0,0.213,0.201,0.269,0.26,0,0.273,0,0,0,0,0,0,0,0,0,0,0,0.197,0.183,0.194,0.188,0.188,0.192,0.221,0.21,0.194,0.224,0.191,0.23,0.225,0,0,0.865,0.851,0,0,0,0.17,0.16,0.774,0.764,0.191,0.171,0.171,0,0,0,0.198,0.182,0.214,0.218,0.163,0.225,0.217,0.17,0.168,0.217,0.17,0.217,0,0.163,0.165,0.175,0.216,0.214,0.17,0.214,0.172,0.172,0,0.194,0.163,0.182,0,0,0,0,0,0,0.139,0.13,0,0,0.163,0.202,0.177,0.176,0.198,0.185,0,0.177,0,0.17,0.173,0.187,0.171,0,0,0,0.17,0.17,0.157,0.164,0.155,0,0,0.163,0,0.625,0.714,0.168,0.161,0.614,0.577,0.151,0.141,0.748,0.721,0.677,0.163,0.752,0.72,0.688,0.631,0.155,0.137,0,0,0,0,0,0,0,0.798,0.169,0.17,0.17,0.174,0,0.176,0,0.163,0.154,0.157,0,0,0,0,0,0,0,0,0.175,0.153,0.153,0.171,0,0,0,0,0,0.199,0.198,0.156,0.203,0,0.176,0,0,0,0,0,0,0,0,0,0,0,0,0,0,0,0,0,0,0,0.157,0.189,0.168,0,0.149,0.153,0,0.113,0,0,0,0,0,0,0,0.159,0.171,0.147,0.13,0.128,0.143,0.13,0.177,0.716,0.7,0.169,0.165,0.723,0.143,0,0.661,0.143,0.124,0.17,0.137,0.122,0.148,0.133,0.159,0,0,0,0,0,0,0,0,0,0,0,0,0,0,0,0,0,0,0,0,0,0,0.141,0.128,0,0,0,0,0,0,0,0,0,0.13,0,0,0,0,0,0,0,0.181,0,0.181,0.167,0.162,0,0,0,0,0,0,0,0.151,0.137,0,0,0.181,0.122,0.146,0.122,0,0.14,0.134,0.13,0,0,0.136,0,0,0,0,0,0.152,0,0,0,0,0.15,0.164,0.16,0.179,0.155,0.183,0.176,0,0,0,0,0,0.113,0.152,0.119,0.166,0.166,0.182,0,0,0,0,0.147,0,0,0,0.155,0.134,0,0,0,0,0,0.159,0.141,0.149,0.179,0.137,0.13,0.122,0.161,0.149,0.179,0.13,0.126,0,0,0,0,0.14,0.151,0.641,0.787,0,0,0,0,0.145,0.135,0.995,0.984,0,0,0,0,0.151,0.969,0,0,0,0,0,0.14,0,0,0,0,0,0,0,0,0,0,0.231,0.164,0.159,0.143,0,0,0,0,0,0,0,0,0,0.157,0,0.152,0,0,0,0,0,0,0.122,0.171,0,0,0,0.139,0,0.149,0.165,0.193,0,0.159,0.14,0.122,0.113,0,0,0.154,0.145,0,0,0.181,0.181,0.158,0.151,0.16,0,0.166,0.113,0.149,0.136,0.119,0.119
GO:0044092,0,0,0,0,0,0.235,0.227,0,0,0,0,0.216,0.203,0.274,0.264,0,0.278,0,0,0,0,0,0,0,0,0,0,0,0.199,0.185,0.197,0.191,0.191,0.194,0.224,0.213,0.197,0.228,0.193,0.234,0.228,0,0,0.852,0.862,0,0,0,0.172,0.161,0.761,0.772,0.194,0.173,0.173,0,0,0,0.201,0.184,0.217,0.221,0.165,0.229,0.22,0.172,0.17,0.22,0.171,0.221,0,0.164,0.167,0.177,0.219,0.217,0.171,0.217,0.174,0.174,0,0.197,0.165,0.184,0,0,0,0,0,0,0.14,0.132,0,0,0.165,0.205,0.179,0.178,0.2,0.187,0,0.179,0,0.172,0.175,0.189,0.173,0,0,0,0.172,0.172,0.159,0.165,0.157,0,0,0.164,0,0.613,0.702,0.17,0.163,0.603,0.565,0.153,0.142,0.735,0.709,0.665,0.164,0.739,0.707,0.676,0.619,0.157,0.138,0,0,0,0,0,0,0,0.785,0.171,0.172,0.172,0.176,0,0.178,0,0.165,0.155,0.159,0,0,0,0,0,0,0,0,0.177,0.154,0.155,0.173,0,0,0,0,0,0.201,0.2,0.157,0.206,0,0.178,0,0,0,0,0,0,0,0,0,0,0,0,0,0,0,0,0,0,0,0.158,0.191,0.17,0,0.151,0.154,0,0.114,0,0,0,0,0,0,0,0.16,0.173,0.148,0.132,0.129,0.144,0.132,0.179,0.704,0.687,0.171,0.167,0.71,0.144,0,0.649,0.144,0.125,0.172,0.139,0.123,0.15,0.134,0.16,0,0,0,0,0,0,0,0,0,0,0,0,0,0,0,0,0,0,0,0,0,0,0.142,0.129,0,0,0,0,0,0,0,0,0,0.132,0,0,0,0,0,0,0,0.184,0,0.183,0.169,0.163,0,0,0,0,0,0,0,0.153,0.139,0,0,0.184,0.123,0.148,0.123,0,0.141,0.136,0.132,0,0,0.137,0,0,0,0,0,0.153,0,0,0,0,0.151,0.166,0.162,0.181,0.157,0.185,0.178,0,0,0,0,0,0.114,0.153,0.119,0.168,0.168,0.184,0,0,0,0,0.148,0,0,0,0.157,0.136,0,0,0,0,0,0.16,0.143,0.151,0.181,0.138,0.132,0.123,0.163,0.15,0.181,0.132,0.127,0,0,0,0,0.141,0.152,0.629,0.776,0,0,0,0,0.146,0.136,0.984,0.995,0,0,0,0,0.152,0.958,0,0,0,0,0,0.141,0,0,0,0,0,0,0,0,0,0,0.234,0.166,0.161,0.144,0,0,0,0,0,0,0,0,0,0.159,0,0.154,0,0,0,0,0,0,0.123,0.173,0,0,0,0.14,0,0.15,0.167,0.196,0,0.16,0.141,0.123,0.114,0,0,0.156,0.147,0,0,0.183,0.183,0.16,0.153,0.162,0,0.168,0.114,0.151,0.137,0.119,0.119
GO:0044770,0,0.034,0,0.047,0.036,0,0.034,0,0.041,0,0.034,0,0.03,0,0.039,0,0,0,0.036,0.037,0.037,0.038,0.037,0.036,0,0.036,0,0,0,0.028,0,0.029,0,0.029,0,0.032,0,0,0,0,0,0,0,0,0,0.028,0,0,0,0,0,0,0,0,0.026,0.031,0,0.035,0,0.028,0.033,0,0.025,0,0,0.026,0.026,0.033,0,0.033,0,0.025,0.025,0,0.033,0.033,0.026,0.033,0.026,0.026,0.032,0.03,0.567,0.632,0,0.031,0,0.033,0,0,0,0,0.028,0.029,0.025,0.031,0,0,0,0,0,0.027,0,0.026,0.026,0,0.026,0,0.029,0.028,0.026,0.026,0.024,0.025,0.024,0.027,0.028,0.025,0.027,0.021,0.024,0.026,0.025,0.02,0.019,0.023,0.021,0.025,0.024,0.023,0.025,0,0,0.023,0.021,0.024,0.021,0.028,0,0,0.031,0.036,0.035,0,0,0.026,0.026,0,0,0.026,0.69,0.031,0.972,0.918,0.024,0,0,0,0,0,0.033,0,0,0,0.023,0.023,0.026,0,0,0,0,0.033,0,0,0.024,0,0,0,0.023,0.024,0.03,0.028,0.025,0.026,0.029,0.023,0.023,0.023,0,0.03,0.022,0,0.031,0.024,0,0,0,0.024,0,0.026,0,0.023,0.023,0.019,0.017,0.022,0.026,0.026,0.026,0.023,0.027,0.023,0.024,0.026,0.022,0,0,0.022,0.02,0.027,0,0,0.026,0.025,0,0.022,0,0,0.022,0.019,0.026,0.021,0.019,0.023,0.02,0.024,0.03,0.027,0.029,0.024,0.02,0.03,0.028,0.026,0.03,0.025,0.025,0.029,0.03,0.031,0.03,0,0,0,0,0.022,0,0,0,0,0.033,0.022,0.031,0.022,0.022,0.028,0,0,0,0.02,0,0,0,0,0,0,0,0,0,0,0,0.634,0.029,0,0,0.034,0.034,0,0.025,0.023,0.021,0.025,0.023,0.028,0.019,0,0,0.033,0.021,0.02,0.02,0,0,0.021,0.018,0.034,0,0,0.022,0.023,0,0.022,0.029,0.027,0.023,0.569,0.556,0.027,0.54,0.028,0.027,0,0,0,0,0,0.017,0.023,0.018,0,0,0.028,0,0,0,0.024,0.022,0.028,0.017,0.025,0.609,0.02,0.033,0,0,0,0.025,0.947,0.843,0.891,0.027,0.816,0.779,0.728,0.025,0.023,0.027,0.779,0.754,0.022,0.84,0.654,0.724,0.834,0.023,0.021,0.02,0.783,0.022,0.03,0.026,0.022,0.021,0,0,0.996,0.95,0.026,0.843,0.023,0,0.025,0.028,0.025,0.029,0.022,0.837,0.724,0.023,0.032,0,0.03,0.035,0.034,0.03,0.023,0.036,0.035,0.025,0.024,0.022,0,0,0,0,0,0,0,0,0.024,0.024,0.026,0.023,0.032,0.027,0.025,0,0,0.03,0.019,0,0,0.028,0.027,0.021,0.029,0.023,0.025,0.029,0,0.024,0.021,0.019,0,0.03,0.027,0.023,0.022,0,0,0,0,0,0,0.024,0,0,0,0,0.021,0.018,0.018
GO:0044772,0,0.032,0,0.043,0.034,0,0.032,0,0.038,0,0.032,0,0.029,0,0.037,0,0,0,0.034,0.035,0.035,0.035,0.035,0.034,0,0.034,0,0,0,0.026,0,0.027,0,0.028,0,0.03,0,0,0,0,0,0,0,0,0,0.027,0,0,0,0,0,0,0,0,0.025,0.029,0,0.033,0,0.026,0.031,0,0.024,0,0,0.025,0.024,0.031,0,0.031,0,0.024,0.024,0,0.031,0.031,0.025,0.031,0.025,0.025,0.03,0.028,0.712,0.601,0,0.029,0,0.031,0,0,0,0,0.027,0.028,0.024,0.029,0,0,0,0,0,0.026,0,0.025,0.025,0,0.025,0,0.028,0.027,0.025,0.025,0.023,0.024,0.023,0.025,0.026,0.024,0.026,0.02,0.023,0.024,0.023,0.02,0.019,0.022,0.021,0.024,0.023,0.022,0.024,0,0,0.022,0.02,0.023,0.02,0.027,0,0,0.029,0.034,0.033,0,0,0.025,0.025,0,0,0.025,0.656,0.029,0.928,0.966,0.023,0,0,0,0,0,0.031,0,0,0,0.022,0.022,0.025,0,0,0,0,0.031,0,0,0.023,0,0,0,0.022,0.023,0.028,0.026,0.023,0.024,0.027,0.022,0.022,0.022,0,0.028,0.021,0,0.029,0.023,0,0,0,0.023,0,0.024,0,0.022,0.022,0.019,0.017,0.021,0.025,0.025,0.025,0.022,0.026,0.022,0.023,0.025,0.021,0,0,0.021,0.019,0.026,0,0,0.024,0.024,0,0.021,0,0,0.021,0.018,0.025,0.02,0.018,0.022,0.019,0.023,0.029,0.026,0.028,0.023,0.019,0.029,0.027,0.025,0.028,0.024,0.024,0.028,0.028,0.029,0.028,0,0,0,0,0.021,0,0,0,0,0.031,0.021,0.029,0.021,0.021,0.026,0,0,0,0.019,0,0,0,0,0,0,0,0,0,0,0,0.605,0.027,0,0,0.032,0.032,0,0.024,0.022,0.02,0.024,0.022,0.026,0.018,0,0,0.031,0.02,0.02,0.019,0,0,0.02,0.017,0.032,0,0,0.021,0.022,0,0.021,0.027,0.026,0.022,0.544,0.531,0.026,0.68,0.026,0.025,0,0,0,0,0,0.017,0.022,0.017,0,0,0.026,0,0,0,0.023,0.021,0.027,0.017,0.024,0.583,0.02,0.031,0,0,0,0.024,0.906,0.81,0.938,0.026,0.785,0.751,0.703,0.023,0.022,0.026,0.825,0.799,0.021,0.887,0.816,0.683,0.881,0.022,0.021,0.02,0.74,0.021,0.028,0.024,0.021,0.02,0,0,0.95,0.997,0.025,0.81,0.022,0,0.024,0.027,0.024,0.028,0.021,0.804,0.839,0.022,0.03,0,0.029,0.032,0.032,0.028,0.022,0.033,0.033,0.024,0.023,0.021,0,0,0,0,0,0,0,0,0.023,0.023,0.025,0.022,0.03,0.026,0.024,0,0,0.028,0.018,0,0,0.026,0.026,0.02,0.028,0.022,0.024,0.028,0,0.023,0.02,0.018,0,0.028,0.026,0.022,0.021,0,0,0,0,0,0,0.023,0,0,0,0,0.02,0.017,0.017
GO:0044782,0,0.655,0,0.049,0.542,0,0.035,0,0.043,0,0.035,0,0.031,0,0.041,0,0,0,0.523,0.038,0.039,0.039,0.039,0.038,0,0.037,0,0,0,0.029,0,0.029,0,0.03,0,0.033,0,0,0,0,0,0,0,0,0,0.541,0,0,0,0,0,0,0,0,0.027,0.032,0,0.037,0,0.028,0.033,0,0.025,0,0,0.026,0.026,0.034,0,0.034,0,0.025,0.026,0,0.034,0.033,0.026,0.033,0.027,0.027,0.453,0.442,0.025,0.028,0,0.032,0,0.034,0,0,0,0,0.029,0.03,0.025,0.032,0,0,0,0,0,0.027,0,0.026,0.027,0,0.027,0,0.03,0.029,0.026,0.026,0.024,0.025,0.024,0.027,0.029,0.025,0.028,0.021,0.024,0.026,0.025,0.021,0.02,0.024,0.022,0.025,0.025,0.023,0.025,0,0,0.023,0.021,0.024,0.021,0.401,0,0,0.032,0.037,0.036,0,0,0.026,0.026,0,0,0.391,0.027,0.46,0.025,0.024,0.357,0,0,0,0,0,0.034,0,0,0,0.024,0.024,0.027,0,0,0,0,0.034,0,0,0.024,0,0,0,0.024,0.024,0.031,0.028,0.025,0.026,0.029,0.442,0.442,0.45,0,0.031,0.023,0,0.032,0.024,0,0,0,0.024,0,0.026,0,0.023,0.024,0.02,0.018,0.315,0.374,0.027,0.027,0.323,0.391,0.334,0.466,0.727,0.625,0,0,0.022,0.02,0.522,0,0,0.366,0.375,0,0.606,0,0,0.618,0.538,0.74,0.797,0.706,0.436,0.389,0.025,0.031,0.028,0.03,0.025,0.02,0.031,0.029,0.026,0.031,0.025,0.025,0.03,0.031,0.032,0.031,0,0,0,0,0.022,0,0,0,0,0.034,0.023,0.032,0.022,0.022,0.029,0,0,0,0.02,0,0,0,0,0,0,0,0,0,0,0,0.025,0.03,0,0,0.035,0.035,0,0.369,0.023,0.021,0.025,0.023,0.028,0.019,0,0,0.034,0.022,0.021,0.02,0,0,0.021,0.268,0.035,0,0,0.022,0.024,0,0.022,0.429,0.028,0.023,0.025,0.025,0.028,0.024,0.028,0.027,0,0,0,0,0,0.018,0.024,0.018,0,0,0.028,0,0,0,0.025,0.023,0.421,0.018,0.37,0.024,0.021,0.034,0,0,0,0.026,0.025,0.022,0.023,0.028,0.021,0.02,0.019,0.025,0.023,0.028,0.02,0.02,0.329,0.022,0.029,0.033,0.022,0.023,0.022,0.021,0.031,0.023,0.835,0.715,0.022,0.021,0,0,0.026,0.025,0.995,0.022,0.023,0,0.966,0.542,0.727,0.845,0.023,0.022,0.029,0.024,0.033,0,0.031,0.036,0.036,0.578,0.439,0.037,0.036,0.025,0.025,0.022,0,0,0,0,0,0,0,0,0.025,0.357,0.388,0.024,0.033,0.028,0.026,0,0,0.031,0.019,0,0,0.028,0.529,0.022,0.03,0.023,0.374,0.03,0,0.025,0.022,0.019,0,0.03,0.028,0.024,0.023,0,0,0,0,0,0,0.025,0,0,0,0,0.021,0.018,0.018
GO:0044839,0,0.027,0,0.035,0.029,0,0.027,0,0.032,0,0.028,0,0.025,0,0.031,0,0,0,0.029,0.029,0.029,0.03,0.029,0.029,0,0.029,0,0,0,0.023,0,0.024,0,0.024,0,0.026,0,0,0,0,0,0,0,0,0,0.023,0,0,0,0,0,0,0,0,0.022,0.025,0,0.028,0,0.023,0.026,0,0.021,0,0,0.022,0.022,0.027,0,0.027,0,0.021,0.021,0,0.027,0.026,0.022,0.026,0.022,0.022,0.026,0.024,0.481,0.528,0,0.025,0,0.027,0,0,0,0,0.024,0.024,0.021,0.025,0,0,0,0,0,0.023,0,0.022,0.022,0,0.022,0,0.024,0.024,0.022,0.022,0.02,0.021,0.02,0.022,0.023,0.021,0.023,0.018,0.02,0.022,0.021,0.018,0.017,0.02,0.019,0.021,0.021,0.019,0.021,0,0,0.02,0.018,0.02,0.018,0.023,0,0,0.025,0.029,0.028,0,0,0.022,0.022,0,0,0.022,0.579,0.025,0.826,0.787,0.02,0,0,0,0,0,0.026,0,0,0,0.02,0.02,0.022,0,0,0,0,0.027,0,0,0.02,0,0,0,0.02,0.02,0.025,0.023,0.021,0.022,0.024,0.02,0.02,0.02,0,0.025,0.019,0,0.025,0.02,0,0,0,0.02,0,0.022,0,0.02,0.02,0.017,0.015,0.019,0.022,0.022,0.022,0.02,0.023,0.02,0.021,0.022,0.019,0,0,0.019,0.017,0.023,0,0,0.022,0.021,0,0.019,0,0,0.019,0.017,0.022,0.018,0.016,0.019,0.018,0.021,0.025,0.023,0.024,0.021,0.017,0.025,0.023,0.022,0.025,0.021,0.021,0.024,0.025,0.025,0.025,0,0,0,0,0.019,0,0,0,0,0.027,0.019,0.025,0.019,0.019,0.023,0,0,0,0.017,0,0,0,0,0,0,0,0,0,0,0,0.539,0.024,0,0,0.027,0.027,0,0.021,0.02,0.018,0.021,0.02,0.023,0.016,0,0,0.027,0.018,0.018,0.017,0,0,0.018,0.016,0.027,0,0,0.019,0.02,0,0.019,0.024,0.023,0.02,0.483,0.474,0.023,0.462,0.023,0.022,0,0,0,0,0,0.015,0.02,0.016,0,0,0.023,0,0,0,0.021,0.019,0.023,0.015,0.021,0.521,0.018,0.027,0,0,0,0.021,0.808,0.731,0.767,0.023,0.711,0.682,0.643,0.021,0.02,0.023,0.682,0.663,0.019,0.996,0.543,0.591,0.99,0.02,0.019,0.018,0.644,0.019,0.025,0.022,0.019,0.018,0,0,0.843,0.81,0.022,0.999,0.02,0,0.021,0.023,0.022,0.024,0.019,0.993,0.603,0.02,0.026,0,0.025,0.028,0.028,0.025,0.02,0.028,0.028,0.021,0.021,0.019,0,0,0,0,0,0,0,0,0.021,0.02,0.022,0.02,0.026,0.023,0.021,0,0,0.025,0.016,0,0,0.023,0.023,0.018,0.024,0.02,0.021,0.024,0,0.021,0.018,0.016,0,0.024,0.023,0.02,0.019,0,0,0,0,0,0,0.021,0,0,0,0,0.018,0.016,0.016
GO:0045936,0.157,0.029,0.164,0.039,0.031,0.491,0.546,0.156,0.227,0.159,0.193,0.614,0.692,0.254,0.312,0,0.229,0.161,0.032,0.207,0.208,0.211,0.208,0.204,0.145,0.031,0,0.135,0.426,0.23,0.421,0.236,0.187,0.478,0.214,0.26,0.192,0.477,0.415,0.488,0.478,0.143,0.147,0.167,0.169,0.025,0,0,0.375,0.353,0.151,0.153,0.415,0.377,0.217,0.176,0.142,0.199,0.706,0.807,0.527,0.465,0.208,0.479,0.464,0.215,0.214,0.534,0.17,0.534,0.133,0.207,0.21,0.175,0.532,0.527,0.429,0.527,0.87,0.87,0.028,0.243,0.208,0.229,0,0.027,0,0.029,0,0,0.311,0.294,0.163,0.168,0.732,0.501,0.637,0.634,0.703,0.663,0.109,0.785,0.111,0.758,0.772,0.669,0.763,0.113,0.026,0.025,0.758,0.758,0.709,0.833,0.794,0.024,0.025,0.828,0.025,0.708,0.799,0.855,0.822,0.697,0.658,0.194,0.182,0.833,0.806,0.762,0.828,0.147,0.142,0.773,0.714,0.199,0.177,0.025,0.142,0.137,0.176,0.203,0.197,0.141,0.156,0.595,0.598,0.504,0.514,0.024,0.222,0.027,0.208,0.197,0.201,0,0,0,0,0,0.029,0,0,0.175,0.543,0.545,0.217,0,0,0,0,0.029,0.196,0.195,0.553,0.178,0,0.176,0.138,0.138,0.17,0.159,0.143,0.149,0.026,0.021,0.021,0.021,0,0.027,0.02,0,0.027,0.022,0,0,0,0.2,0.187,0.213,0,0.192,0.196,0.018,0.149,0.13,0.152,0.151,0.153,0.134,0.025,0.021,0.562,0.216,0.524,0.294,0.289,0.184,0.47,0.224,0.141,0.138,0.214,0.582,0.142,0.184,0,0.131,0.184,0.45,0.216,0.178,0.442,0.191,0.477,0.562,0.173,0.157,0.169,0.142,0.117,0.173,0.162,0.15,0.172,0.144,0.144,0.169,0.172,0.175,0.17,0.128,0.128,0,0,0.02,0,0,0.144,0.389,0.186,0.132,0.176,0.13,0.128,0.161,0.082,0,0,0.47,0,0,0,0,0,0,0,0.396,0.08,0.395,0.369,0.571,0.166,0.105,0.084,0.191,0.191,0,0.022,0.194,0.178,0.145,0.134,0.455,0.318,0.133,0.112,0.186,0.36,0.348,0.338,0.072,0,0.351,0.108,0.19,0,0,0.02,0.195,0,0.13,0.026,0.025,0.533,0.578,0.204,0.45,0.551,0.459,0.442,0,0,0,0,0,0.149,0.388,0.31,0.494,0.494,0.456,0,0,0,0.022,0.189,0.025,0.016,0.022,0.199,0.174,0.186,0,0.133,0,0.023,0.562,0.182,0.532,0.45,0.177,0.47,0.159,0.41,0.382,0.45,0.17,0.456,0.02,0.02,0.026,0.028,0.181,0.999,0.724,0.894,0.027,0.02,0.026,0.023,0.745,0.904,0.151,0.152,0.023,0.022,0.023,0.02,0.999,0.147,0.023,0.025,0.023,0.026,0.02,0.181,0.025,0.021,0.028,0,0.466,0.519,0.52,0.026,0.021,0.031,0.282,0.209,0.203,0.184,0,0,0,0,0,0,0,0,0.022,0.141,0.023,0.195,0.488,0.024,0.396,0.116,0.103,0.026,0.159,0.171,0,0.025,0.024,0.18,0.026,0.191,0.148,0.242,0,0.203,0.181,0.159,0.118,0.026,0.025,0.198,0.187,0,0,0.18,0.18,0.16,0.153,0.204,0,0.148,0.118,0.152,0.488,0.155,0.431
GO:0051346,0,0,0,0,0,0.224,0.216,0,0,0,0,0.206,0.194,0.258,0.249,0,0.262,0,0,0,0,0,0,0,0,0,0,0,0.191,0.178,0.189,0.183,0.183,0.186,0.213,0.204,0.188,0.217,0.185,0.222,0.217,0,0,0.84,0.826,0,0,0,0.166,0.156,0.754,0.744,0.186,0.167,0.166,0,0,0,0.192,0.177,0.207,0.21,0.159,0.217,0.21,0.165,0.164,0.21,0.165,0.21,0,0.159,0.161,0.17,0.209,0.207,0.165,0.207,0.167,0.167,0,0.189,0.159,0.177,0,0,0,0,0,0,0.136,0.128,0,0,0.159,0.196,0.172,0.171,0.192,0.18,0,0.172,0,0.165,0.169,0.181,0.167,0,0,0,0.165,0.165,0.154,0.159,0.152,0,0,0.158,0,0.611,0.697,0.164,0.157,0.601,0.565,0.148,0.138,0.729,0.704,0.662,0.158,0.733,0.702,0.672,0.617,0.152,0.134,0,0,0,0,0,0,0,0.933,0.165,0.166,0.166,0.169,0,0.171,0,0.159,0.15,0.153,0,0,0,0,0,0,0,0,0.171,0.149,0.15,0.167,0,0,0,0,0,0.193,0.192,0.152,0.197,0,0.171,0,0,0,0,0,0,0,0,0,0,0,0,0,0,0,0,0,0,0,0.153,0.183,0.163,0,0.146,0.149,0,0.111,0,0,0,0,0,0,0,0.155,0.166,0.144,0.128,0.125,0.139,0.128,0.172,0.839,0.821,0.164,0.161,0.847,0.139,0,0.776,0.139,0.122,0.166,0.134,0.119,0.145,0.13,0.155,0,0,0,0,0,0,0,0,0,0,0,0,0,0,0,0,0,0,0,0,0,0,0.138,0.125,0,0,0,0,0,0,0,0,0,0.128,0,0,0,0,0,0,0,0.176,0,0.176,0.163,0.158,0,0,0,0,0,0,0,0.148,0.134,0,0,0.176,0.119,0.143,0.119,0,0.137,0.132,0.128,0,0,0.133,0,0,0,0,0,0.148,0,0,0,0,0.146,0.16,0.156,0.174,0.152,0.178,0.171,0,0,0,0,0,0.111,0.148,0.116,0.162,0.162,0.177,0,0,0,0,0.143,0,0,0,0.152,0.132,0,0,0,0,0,0.155,0.138,0.146,0.174,0.134,0.128,0.119,0.157,0.146,0.174,0.128,0.124,0,0,0,0,0.137,0.147,0.753,0.813,0,0,0,0,0.141,0.132,0.969,0.958,0,0,0,0,0.147,0.996,0,0,0,0,0,0.137,0,0,0,0,0,0,0,0,0,0,0.223,0.16,0.155,0.14,0,0,0,0,0,0,0,0,0,0.153,0,0.148,0,0,0,0,0,0,0.119,0.166,0,0,0,0.136,0,0.145,0.161,0.188,0,0.155,0.137,0.119,0.111,0,0,0.151,0.142,0,0,0.176,0.176,0.154,0.148,0.156,0,0.162,0.111,0.146,0.133,0.116,0.116
GO:0060271,0,0.63,0,0.047,0.52,0,0.034,0,0.041,0,0.034,0,0.03,0,0.039,0,0,0,0.502,0.037,0.037,0.038,0.037,0.036,0,0.036,0,0,0,0.028,0,0.028,0,0.029,0,0.032,0,0,0,0,0,0,0,0,0,0.524,0,0,0,0,0,0,0,0,0.026,0.031,0,0.035,0,0.027,0.032,0,0.025,0,0,0.026,0.025,0.033,0,0.033,0,0.025,0.025,0,0.033,0.032,0.026,0.032,0.026,0.026,0.722,0.428,0.025,0.027,0,0.031,0,0.033,0,0,0,0,0.028,0.029,0.025,0.03,0,0,0,0,0,0.027,0,0.026,0.026,0,0.026,0,0.029,0.028,0.026,0.026,0.024,0.025,0.023,0.027,0.028,0.025,0.027,0.021,0.024,0.025,0.024,0.02,0.019,0.023,0.021,0.025,0.024,0.022,0.025,0,0,0.023,0.021,0.023,0.021,0.641,0,0,0.031,0.036,0.035,0,0,0.026,0.026,0,0,0.38,0.027,0.766,0.025,0.023,0.347,0,0,0,0,0,0.032,0,0,0,0.023,0.023,0.026,0,0,0,0,0.032,0,0,0.024,0,0,0,0.023,0.023,0.03,0.027,0.024,0.026,0.029,0.431,0.43,0.438,0,0.03,0.022,0,0.031,0.024,0,0,0,0.024,0,0.025,0,0.023,0.023,0.019,0.017,0.507,0.6,0.026,0.026,0.52,0.626,0.537,0.454,0.706,0.609,0,0,0.022,0.02,0.506,0,0,0.588,0.364,0,0.836,0,0,0.843,0.736,0.718,0.826,0.734,0.716,0.64,0.024,0.03,0.027,0.029,0.024,0.02,0.03,0.028,0.026,0.03,0.025,0.025,0.029,0.03,0.03,0.03,0,0,0,0,0.022,0,0,0,0,0.033,0.022,0.031,0.022,0.021,0.028,0,0,0,0.02,0,0,0,0,0,0,0,0,0,0,0,0.024,0.029,0,0,0.034,0.034,0,0.619,0.023,0.021,0.025,0.023,0.027,0.018,0,0,0.033,0.021,0.02,0.02,0,0,0.021,0.453,0.033,0,0,0.022,0.023,0,0.022,0.415,0.027,0.023,0.025,0.024,0.027,0.023,0.028,0.027,0,0,0,0,0,0.017,0.023,0.018,0,0,0.027,0,0,0,0.024,0.022,0.703,0.017,0.36,0.023,0.02,0.033,0,0,0,0.025,0.024,0.021,0.023,0.027,0.021,0.02,0.018,0.024,0.023,0.027,0.02,0.019,0.32,0.021,0.028,0.031,0.021,0.023,0.021,0.02,0.03,0.022,0.807,0.983,0.022,0.02,0,0,0.025,0.024,0.966,0.021,0.023,0,0.996,0.884,0.987,0.817,0.022,0.021,0.028,0.023,0.032,0,0.03,0.034,0.034,0.559,0.427,0.035,0.035,0.025,0.024,0.022,0,0,0,0,0,0,0,0,0.024,0.347,0.377,0.023,0.032,0.027,0.025,0,0,0.029,0.018,0,0,0.027,0.512,0.021,0.029,0.023,0.364,0.029,0,0.024,0.021,0.018,0,0.029,0.027,0.023,0.022,0,0,0,0,0,0,0.024,0,0,0,0,0.021,0.018,0.018
GO:0070925,0,0.722,0,0.057,0.602,0,0.039,0,0.049,0,0.039,0,0.034,0,0.046,0,0,0,0.582,0.043,0.043,0.044,0.043,0.042,0,0.042,0,0,0,0.031,0,0.032,0,0.032,0,0.036,0,0,0,0,0,0,0,0,0,0.587,0,0,0,0,0,0,0,0,0.029,0.035,0,0.041,0,0.031,0.037,0,0.027,0,0,0.028,0.028,0.037,0,0.037,0,0.027,0.028,0,0.037,0.037,0.028,0.037,0.029,0.029,0.821,0.482,0.027,0.031,0,0.035,0,0.037,0,0,0,0,0.032,0.033,0.027,0.034,0,0,0,0,0,0.03,0,0.028,0.029,0,0.029,0,0.033,0.031,0.028,0.028,0.026,0.027,0.026,0.03,0.031,0.027,0.03,0.022,0.026,0.028,0.027,0.022,0.021,0.025,0.023,0.027,0.026,0.025,0.027,0,0,0.025,0.023,0.026,0.022,0.717,0,0,0.035,0.042,0.04,0,0,0.028,0.028,0,0,0.422,0.03,0.866,0.027,0.026,0.382,0,0,0,0,0,0.037,0,0,0,0.025,0.025,0.029,0,0,0,0,0.037,0,0,0.026,0,0,0,0.026,0.026,0.033,0.031,0.027,0.028,0.032,0.472,0.471,0.481,0,0.034,0.024,0,0.035,0.026,0,0,0,0.026,0,0.028,0,0.025,0.025,0.021,0.018,0.553,0.667,0.029,0.029,0.57,0.699,0.589,0.5,0.418,0.355,0,0,0.024,0.021,0.564,0,0,0.651,0.403,0,0.592,0,0,0.592,0.511,0.416,0.72,0.634,0.783,0.693,0.026,0.034,0.03,0.033,0.027,0.021,0.034,0.031,0.028,0.034,0.027,0.027,0.033,0.034,0.034,0.033,0,0,0,0,0.023,0,0,0,0,0.037,0.024,0.035,0.024,0.023,0.031,0,0,0,0.021,0,0,0,0,0,0,0,0,0,0,0,0.027,0.032,0,0,0.038,0.038,0,0.683,0.025,0.023,0.027,0.025,0.031,0.02,0,0,0.037,0.023,0.022,0.021,0,0,0.022,0.486,0.038,0,0,0.024,0.025,0,0.024,0.465,0.03,0.025,0.027,0.027,0.03,0.026,0.031,0.03,0,0,0,0,0,0.018,0.025,0.019,0,0,0.031,0,0,0,0.026,0.024,0.787,0.018,0.397,0.026,0.022,0.037,0,0,0,0.027,0.026,0.023,0.025,0.03,0.022,0.021,0.02,0.027,0.025,0.03,0.021,0.021,0.35,0.023,0.032,0.036,0.023,0.025,0.023,0.022,0.034,0.024,0.485,0.708,0.024,0.022,0,0,0.028,0.027,0.542,0.023,0.025,0,0.884,0.989,0.705,0.481,0.024,0.023,0.031,0.025,0.036,0,0.034,0.039,0.039,0.63,0.468,0.041,0.04,0.027,0.026,0.024,0,0,0,0,0,0,0,0,0.026,0.382,0.418,0.025,0.036,0.03,0.028,0,0,0.033,0.02,0,0,0.031,0.572,0.023,0.032,0.025,0.402,0.033,0,0.026,0.023,0.02,0,0.033,0.03,0.026,0.024,0,0,0,0,0,0,0.027,0,0,0,0,0.022,0.019,0.019
GO:0120031,0,0.492,0,0.047,0.526,0,0.034,0,0.041,0,0.034,0,0.031,0,0.039,0,0,0,0.508,0.037,0.037,0.038,0.037,0.037,0,0.036,0,0,0,0.028,0,0.029,0,0.029,0,0.032,0,0,0,0,0,0,0,0,0,0.409,0,0,0,0,0,0,0,0,0.026,0.031,0,0.036,0,0.028,0.033,0,0.025,0,0,0.026,0.026,0.033,0,0.033,0,0.025,0.025,0,0.033,0.033,0.026,0.033,0.026,0.026,0.73,0.432,0.025,0.028,0,0.031,0,0.033,0,0,0,0,0.028,0.029,0.025,0.031,0,0,0,0,0,0.027,0,0.026,0.026,0,0.026,0,0.029,0.028,0.026,0.026,0.024,0.025,0.024,0.027,0.028,0.025,0.028,0.021,0.024,0.026,0.025,0.021,0.019,0.023,0.021,0.025,0.024,0.023,0.025,0,0,0.023,0.021,0.024,0.021,0.647,0,0,0.031,0.036,0.035,0,0,0.026,0.026,0,0,0.383,0.027,0.773,0.025,0.023,0.35,0,0,0,0,0,0.033,0,0,0,0.023,0.023,0.026,0,0,0,0,0.033,0,0,0.024,0,0,0,0.024,0.024,0.03,0.028,0.025,0.026,0.029,0.335,0.335,0.341,0,0.03,0.022,0,0.031,0.024,0,0,0,0.024,0,0.026,0,0.023,0.023,0.02,0.017,0.51,0.605,0.026,0.027,0.524,0.632,0.541,0.353,0.712,0.614,0,0,0.022,0.02,0.394,0,0,0.593,0.367,0,0.842,0,0,0.849,0.74,0.724,0.818,0.726,0.57,0.509,0.024,0.03,0.027,0.03,0.024,0.02,0.03,0.028,0.026,0.03,0.025,0.025,0.03,0.03,0.031,0.03,0,0,0,0,0.022,0,0,0,0,0.033,0.022,0.031,0.022,0.022,0.028,0,0,0,0.02,0,0,0,0,0,0,0,0,0,0,0,0.025,0.029,0,0,0.034,0.034,0,0.624,0.023,0.021,0.025,0.023,0.028,0.019,0,0,0.033,0.021,0.021,0.02,0,0,0.021,0.456,0.034,0,0,0.022,0.023,0,0.022,0.419,0.028,0.023,0.025,0.024,0.027,0.024,0.028,0.027,0,0,0,0,0,0.017,0.023,0.018,0,0,0.028,0,0,0,0.024,0.022,0.709,0.017,0.363,0.024,0.021,0.033,0,0,0,0.025,0.024,0.022,0.023,0.027,0.021,0.02,0.019,0.025,0.023,0.027,0.02,0.019,0.323,0.021,0.029,0.032,0.021,0.023,0.021,0.02,0.03,0.022,0.815,0.992,0.022,0.021,0,0,0.025,0.024,0.727,0.022,0.023,0,0.987,0.705,0.996,0.825,0.022,0.021,0.028,0.023,0.032,0,0.03,0.035,0.035,0.436,0.332,0.036,0.035,0.025,0.024,0.022,0,0,0,0,0,0,0,0,0.024,0.35,0.38,0.023,0.032,0.027,0.025,0,0,0.03,0.019,0,0,0.028,0.399,0.021,0.029,0.023,0.367,0.029,0,0.024,0.021,0.019,0,0.03,0.027,0.024,0.022,0,0,0,0,0,0,0.024,0,0,0,0,0.021,0.018,0.018
GO:0120036,0,0.6,0,0.064,0.652,0,0.042,0,0.053,0,0.042,0,0.037,0,0.05,0,0,0,0.631,0.047,0.047,0.048,0.047,0.046,0,0.045,0,0,0,0.033,0,0.034,0,0.035,0,0.039,0,0,0,0,0,0,0,0,0,0.481,0,0,0,0,0,0,0,0,0.03,0.037,0,0.044,0,0.033,0.039,0,0.029,0,0,0.03,0.03,0.04,0,0.04,0,0.029,0.029,0,0.04,0.04,0.03,0.04,0.03,0.03,0.532,0.513,0.029,0.033,0,0.037,0,0.04,0,0,0,0,0.034,0.035,0.029,0.037,0,0,0,0,0,0.031,0,0.03,0.031,0,0.03,0,0.035,0.033,0.03,0.03,0.028,0.029,0.027,0.031,0.033,0.029,0.032,0.023,0.027,0.03,0.028,0.023,0.021,0.026,0.024,0.029,0.028,0.026,0.029,0,0,0.026,0.024,0.027,0.023,0.461,0,0,0.037,0.045,0.043,0,0,0.03,0.03,0,0,0.446,0.031,0.537,0.029,0.027,0.401,0,0,0,0,0,0.04,0,0,0,0.027,0.027,0.03,0,0,0,0,0.04,0,0,0.027,0,0,0,0.027,0.027,0.036,0.032,0.028,0.03,0.034,0.382,0.382,0.389,0,0.036,0.025,0,0.037,0.028,0,0,0,0.027,0,0.03,0,0.026,0.027,0.022,0.019,0.351,0.427,0.03,0.031,0.362,0.449,0.375,0.406,0.827,0.697,0,0,0.025,0.022,0.461,0,0,0.416,0.424,0,0.674,0,0,0.688,0.59,0.841,0.659,0.577,0.376,0.331,0.028,0.036,0.032,0.035,0.028,0.022,0.036,0.033,0.03,0.036,0.029,0.028,0.035,0.036,0.037,0.036,0,0,0,0,0.025,0,0,0,0,0.04,0.025,0.037,0.025,0.024,0.033,0,0,0,0.022,0,0,0,0,0,0,0,0,0,0,0,0.028,0.034,0,0,0.041,0.041,0,0.417,0.026,0.024,0.029,0.026,0.032,0.021,0,0,0.04,0.024,0.023,0.022,0,0,0.023,0.293,0.041,0,0,0.025,0.026,0,0.025,0.495,0.032,0.026,0.029,0.028,0.032,0.027,0.033,0.031,0,0,0,0,0,0.019,0.026,0.02,0,0,0.033,0,0,0,0.028,0.025,0.485,0.019,0.419,0.027,0.023,0.04,0,0,0,0.029,0.028,0.024,0.026,0.032,0.023,0.022,0.021,0.028,0.026,0.032,0.022,0.021,0.366,0.024,0.034,0.038,0.024,0.026,0.024,0.023,0.036,0.025,0.97,0.812,0.025,0.023,0,0,0.029,0.028,0.845,0.024,0.026,0,0.817,0.481,0.825,0.981,0.025,0.024,0.033,0.027,0.039,0,0.036,0.042,0.042,0.519,0.379,0.044,0.043,0.029,0.028,0.025,0,0,0,0,0,0,0,0,0.028,0.401,0.441,0.026,0.039,0.032,0.029,0,0,0.035,0.021,0,0,0.032,0.468,0.024,0.035,0.026,0.424,0.035,0,0.028,0.024,0.021,0,0.035,0.032,0.027,0.025,0,0,0,0,0,0,0.028,0,0,0,0,0.023,0.02,0.02
GO:0140056,0,0.028,0,0.038,0.03,0,0.029,0,0.034,0,0.029,0,0.026,0,0.032,0,0,0,0.03,0.031,0.031,0.032,0.031,0.03,0,0.03,0.365,0,0,0.024,0,0.025,0,0.025,0,0.027,0,0,0,0,0,0,0,0,0,0.024,0,0,0,0,0,0,0,0,0.023,0.026,0,0.03,0,0.024,0.028,0,0.022,0,0,0.023,0.023,0.028,0,0.028,0,0.022,0.022,0,0.028,0.028,0.023,0.028,0.023,0.023,0.027,0.025,0.022,0.024,0,0.026,0.789,0.326,0.359,0.36,0,0,0.025,0.025,0.022,0.026,0,0,0,0,0,0.023,0,0.023,0.023,0,0.023,0,0.025,0.025,0.023,0.023,0.021,0.022,0.021,0.023,0.024,0.022,0.024,0.019,0.021,0.022,0.022,0.018,0.017,0.02,0.019,0.022,0.021,0.02,0.022,0,0,0.02,0.019,0.021,0.019,0.024,0,0,0.026,0.03,0.029,0,0,0.023,0.023,0,0,0.023,0.023,0.026,0.022,0.021,0.021,0,0,0,0,0,0.028,0,0,0,0.021,0.021,0.023,0,0,0,0,0.028,0,0,0.021,0,0,0,0.021,0.021,0.026,0.024,0.022,0.023,0.025,0.02,0.02,0.021,0.305,0.301,0.652,0.702,0.309,0.697,0.766,0.66,0.246,0.021,0.289,0.261,0,0.02,0.021,0.018,0.016,0.02,0.023,0.023,0.023,0.02,0.024,0.021,0.021,0.023,0.02,0,0,0.019,0.018,0.024,0,0,0.023,0.022,0,0.019,0,0,0.019,0.017,0.023,0.019,0.017,0.02,0.018,0.021,0.026,0.024,0.025,0.022,0.018,0.026,0.024,0.023,0.026,0.022,0.022,0.025,0.026,0.026,0.026,0,0,0,0,0.019,0,0,0,0,0.028,0.02,0.026,0.02,0.019,0.024,0,0,0,0.018,0,0,0,0,0,0,0,0,0,0,0,0.022,0.025,0,0,0.029,0.029,0,0.022,0.02,0.019,0.022,0.02,0.024,0.017,0,0,0.028,0.019,0.018,0.018,0,0,0.019,0.016,0.028,0,0,0.02,0.021,0,0.02,0.025,0.024,0.02,0.022,0.021,0.024,0.021,0.024,0.023,0,0,0,0,0,0.016,0.021,0.016,0,0,0.024,0,0,0,0.021,0.02,0.024,0.016,0.022,0.021,0.018,0.028,0,0,0,0.022,0.021,0.019,0.02,0.024,0.019,0.018,0.017,0.022,0.02,0.024,0.018,0.017,0.02,0.019,0.025,0.027,0.019,0.02,0.019,0.018,0.026,0.997,0.026,0.022,0.02,0.019,0,0,0.022,0.021,0.023,0.019,0.02,0,0.022,0.024,0.022,0.025,0.999,0.019,0.024,0.242,0.32,0,0.026,0.029,0.029,0.026,0.02,0.03,0.029,0.022,0.021,0.019,0,0,0,0,0,0,0,0,0.021,0.021,0.023,0.021,0.027,0.024,0.022,0,0,0.026,0.017,0,0,0.024,0.024,0.019,0.025,0.02,0.022,0.025,0,0.021,0.019,0.017,0,0.026,0.024,0.021,0.02,0,0,0,0,0,0,0.022,0,0,0,0,0.019,0.016,0.016
GO:1902749,0,0.027,0,0.035,0.028,0.203,0.25,0,0.032,0,0.027,0.19,0.229,0.228,0.281,0,0.205,0,0.029,0.029,0.029,0.03,0.029,0.029,0,0.029,0,0,0.179,0.213,0.177,0.218,0.172,0.221,0.196,0.238,0.177,0.198,0.174,0.202,0.199,0,0,0.154,0.156,0.023,0,0,0.159,0.15,0.141,0.142,0.174,0.16,0.201,0.025,0,0.028,0.18,0.212,0.242,0.193,0.194,0.199,0.193,0.2,0.199,0.244,0.158,0.245,0,0.193,0.195,0.162,0.244,0.242,0.2,0.242,0.202,0.202,0.026,0.224,0.682,0.747,0,0.025,0,0.026,0,0,0.133,0.127,0.023,0.024,0.194,0.231,0.164,0.163,0.179,0.17,0,0.207,0,0.2,0.203,0.171,0.201,0,0.024,0.023,0.2,0.2,0.188,0.194,0.186,0.022,0.023,0.193,0.023,0.167,0.187,0.199,0.192,0.164,0.155,0.182,0.171,0.194,0.188,0.178,0.193,0.137,0.132,0.181,0.168,0.186,0.167,0.023,0,0,0.025,0.029,0.028,0,0.144,0.199,0.2,0.158,0.161,0.022,0.783,0.025,0.861,0.821,0.188,0,0,0,0,0,0.026,0,0,0.162,0.183,0.184,0.202,0,0,0,0,0.026,0.18,0.179,0.186,0.163,0,0.163,0.02,0.02,0.024,0.023,0.021,0.022,0.024,0.02,0.02,0.02,0,0.025,0.019,0,0.025,0.02,0,0,0,0.187,0.172,0.198,0,0.18,0.183,0.017,0.142,0.019,0.022,0.022,0.022,0.019,0.023,0.02,0.189,0.201,0.177,0.127,0.124,0.173,0.16,0.207,0.132,0.129,0.199,0.195,0.133,0.173,0,0.123,0.173,0.153,0.2,0.167,0.151,0.179,0.162,0.189,0.025,0.023,0.024,0.021,0.017,0.025,0.023,0.022,0.025,0.021,0.021,0.024,0.025,0.025,0.024,0,0,0,0,0.019,0,0,0.135,0.124,0.026,0.019,0.025,0.019,0.019,0.023,0,0,0,0.16,0,0,0,0,0,0,0,0.167,0,0.167,0.156,0.73,0.024,0,0,0.027,0.027,0,0.021,0.181,0.167,0.021,0.02,0.211,0.151,0.124,0.106,0.026,0.17,0.164,0.16,0,0,0.166,0.016,0.027,0,0,0.019,0.182,0,0.019,0.024,0.023,0.18,0.684,0.67,0.209,0.654,0.213,0.206,0,0,0,0,0,0.142,0.182,0.147,0.155,0.156,0.212,0,0,0,0.02,0.177,0.023,0.015,0.021,0.705,0.164,0.026,0,0,0,0.021,0.843,0.763,0.8,0.209,0.742,0.713,0.671,0.192,0.179,0.209,0.713,0.692,0.019,0.99,0.539,0.586,0.996,0.181,0.17,0.163,0.638,0.019,0.024,0.021,0.175,0.165,0.14,0.141,0.837,0.804,0.022,0.993,0.181,0.137,0.021,0.023,0.021,0.024,0.019,0.999,0.598,0.02,0.026,0,0.025,0.027,0.027,0.024,0.019,0.028,0.256,0.194,0.189,0.173,0,0,0,0,0,0,0,0,0.02,0.132,0.022,0.182,0.026,0.023,0.021,0,0,0.024,0.151,0.159,0,0.023,0.023,0.169,0.024,0.179,0.137,0.223,0,0.189,0.17,0.151,0.112,0.024,0.023,0.185,0.176,0,0,0.167,0.167,0.149,0.143,0.19,0,0.138,0.112,0.142,0.166,0.147,0.147
GO:1903047,0,0.038,0,0.057,0.042,0,0.039,0,0.049,0,0.039,0,0.034,0,0.046,0,0,0,0.042,0.043,0.043,0.044,0.043,0.042,0,0.042,0,0,0,0.031,0,0.032,0,0.033,0,0.036,0,0,0,0,0,0,0,0,0,0.031,0,0,0,0,0,0,0,0,0.029,0.035,0,0.041,0,0.031,0.037,0,0.027,0,0,0.029,0.028,0.038,0,0.038,0,0.027,0.028,0,0.037,0.037,0.029,0.037,0.029,0.029,0.036,0.033,0.822,0.706,0,0.035,0,0.038,0,0,0,0,0.032,0.033,0.027,0.035,0,0,0,0,0,0.03,0,0.029,0.029,0,0.029,0,0.033,0.032,0.029,0.029,0.026,0.027,0.026,0.03,0.031,0.027,0.031,0.023,0.026,0.028,0.027,0.022,0.021,0.025,0.023,0.027,0.026,0.025,0.027,0,0,0.025,0.023,0.026,0.023,0.031,0,0,0.035,0.042,0.04,0,0,0.028,0.029,0,0,0.029,0.767,0.035,0.705,0.808,0.026,0,0,0,0,0,0.037,0,0,0,0.025,0.026,0.029,0,0,0,0,0.037,0,0,0.026,0,0,0,0.026,0.026,0.034,0.031,0.027,0.028,0.032,0.025,0.025,0.026,0,0.034,0.024,0,0.035,0.026,0,0,0,0.026,0,0.028,0,0.025,0.025,0.021,0.019,0.024,0.029,0.029,0.029,0.025,0.031,0.026,0.027,0.029,0.024,0,0,0.024,0.021,0.03,0,0,0.028,0.028,0,0.024,0,0,0.024,0.02,0.029,0.023,0.02,0.025,0.022,0.027,0.034,0.03,0.033,0.027,0.021,0.034,0.031,0.029,0.034,0.027,0.027,0.033,0.034,0.035,0.034,0,0,0,0,0.024,0,0,0,0,0.038,0.024,0.035,0.024,0.023,0.031,0,0,0,0.021,0,0,0,0,0,0,0,0,0,0,0,0.698,0.032,0,0,0.039,0.039,0,0.027,0.025,0.023,0.027,0.025,0.031,0.02,0,0,0.038,0.023,0.022,0.021,0,0,0.022,0.019,0.039,0,0,0.024,0.025,0,0.024,0.032,0.031,0.025,0.628,0.612,0.03,0.779,0.031,0.03,0,0,0,0,0,0.019,0.025,0.019,0,0,0.031,0,0,0,0.027,0.024,0.031,0.019,0.027,0.668,0.022,0.038,0,0,0,0.028,0.685,0.603,0.782,0.03,0.582,0.554,0.515,0.027,0.025,0.03,0.676,0.652,0.024,0.733,0.964,0.822,0.728,0.025,0.023,0.022,0.884,0.024,0.033,0.028,0.024,0.022,0,0,0.724,0.839,0.029,0.603,0.025,0,0.028,0.031,0.028,0.033,0.024,0.598,0.988,0.026,0.037,0,0.034,0.04,0.04,0.034,0.025,0.041,0.04,0.027,0.027,0.024,0,0,0,0,0,0,0,0,0.026,0.026,0.029,0.025,0.036,0.03,0.028,0,0,0.033,0.02,0,0,0.031,0.03,0.023,0.033,0.025,0.028,0.033,0,0.027,0.023,0.02,0,0.033,0.03,0.026,0.024,0,0,0,0,0,0,0.027,0,0,0,0,0.022,0.019,0.019
GO:0006839,0,0.03,0,0.041,0.032,0,0.03,0,0.036,0,0.031,0,0.028,0,0.035,0,0,0,0.032,0.033,0.033,0.034,0.033,0.032,0,0.032,0.389,0,0,0.025,0,0.026,0,0.026,0,0.029,0,0,0,0,0,0,0,0,0,0.025,0,0,0,0,0,0,0,0,0.024,0.028,0,0.032,0,0.025,0.029,0,0.023,0,0,0.024,0.024,0.03,0,0.03,0,0.023,0.023,0,0.029,0.029,0.024,0.029,0.024,0.024,0.029,0.027,0.023,0.025,0,0.028,0.293,0.601,0.422,0.416,0,0,0.026,0.027,0.023,0.028,0,0,0,0,0,0.025,0,0.024,0.024,0,0.024,0,0.027,0.026,0.024,0.024,0.022,0.023,0.022,0.025,0.025,0.023,0.025,0.019,0.022,0.024,0.023,0.019,0.018,0.021,0.02,0.023,0.022,0.021,0.023,0,0,0.021,0.02,0.022,0.019,0.026,0,0,0.028,0.032,0.031,0,0,0.024,0.024,0,0,0.024,0.025,0.028,0.023,0.022,0.022,0,0,0,0,0,0.029,0,0,0,0.022,0.022,0.024,0,0,0,0,0.029,0,0,0.022,0,0,0,0.022,0.022,0.027,0.025,0.023,0.024,0.026,0.021,0.021,0.022,0.356,0.725,0.504,0.26,0.685,0.541,0.308,0.244,0.284,0.022,0.304,0.477,0,0.021,0.022,0.018,0.016,0.021,0.024,0.024,0.024,0.021,0.025,0.022,0.022,0.024,0.021,0,0,0.02,0.019,0.025,0,0,0.024,0.023,0,0.02,0,0,0.02,0.018,0.024,0.02,0.017,0.021,0.019,0.022,0.027,0.025,0.027,0.022,0.018,0.027,0.026,0.024,0.027,0.023,0.023,0.027,0.027,0.028,0.027,0,0,0,0,0.02,0,0,0,0,0.03,0.021,0.028,0.02,0.02,0.025,0,0,0,0.019,0,0,0,0,0,0,0,0,0,0,0,0.023,0.026,0,0,0.03,0.03,0,0.023,0.021,0.02,0.023,0.021,0.025,0.017,0,0,0.03,0.02,0.019,0.019,0,0,0.019,0.017,0.03,0,0,0.02,0.021,0,0.02,0.026,0.025,0.021,0.023,0.022,0.025,0.022,0.025,0.024,0,0,0,0,0,0.016,0.021,0.017,0,0,0.025,0,0,0,0.022,0.021,0.026,0.016,0.023,0.022,0.019,0.03,0,0,0,0.023,0.022,0.02,0.021,0.025,0.019,0.019,0.017,0.023,0.021,0.025,0.019,0.018,0.021,0.02,0.026,0.029,0.02,0.021,0.02,0.019,0.028,0.021,0.027,0.023,0.02,0.019,0,0,0.023,0.022,0.024,0.02,0.021,0,0.023,0.025,0.023,0.027,0.242,0.02,0.026,0.998,0.374,0,0.028,0.031,0.031,0.027,0.021,0.032,0.031,0.023,0.022,0.02,0,0,0,0,0,0,0,0,0.022,0.022,0.024,0.021,0.029,0.025,0.023,0,0,0.027,0.017,0,0,0.025,0.025,0.02,0.026,0.021,0.023,0.027,0,0.022,0.02,0.017,0,0.027,0.025,0.022,0.021,0,0,0,0,0,0,0.022,0,0,0,0,0.019,0.017,0.017
GO:0055085,0,0.047,0,0.078,0.051,0,0.047,0,0.063,0,0.048,0,0.041,0,0.059,0,0,0,0.052,0.054,0.054,0.056,0.054,0.053,0,0.052,0.642,0,0,0.036,0,0.038,0,0.038,0,0.044,0,0,0,0,0,0,0,0,0,0.036,0,0,0,0,0,0,0,0,0.033,0.042,0,0.05,0,0.036,0.045,0,0.031,0,0,0.033,0.033,0.046,0,0.046,0,0.031,0.032,0,0.045,0.045,0.033,0.045,0.033,0.033,0.043,0.039,0.031,0.036,0,0.042,0.418,0.529,0.689,0.68,0,0,0.037,0.039,0.031,0.041,0,0,0,0,0,0.035,0,0.033,0.034,0,0.033,0,0.039,0.037,0.033,0.033,0.03,0.031,0.029,0.035,0.036,0.031,0.036,0.025,0.03,0.033,0.031,0.025,0.023,0.029,0.026,0.031,0.03,0.028,0.031,0,0,0.028,0.026,0.029,0.025,0.037,0,0,0.042,0.052,0.05,0,0,0.033,0.033,0,0,0.034,0.035,0.041,0.031,0.029,0.03,0,0,0,0,0,0.045,0,0,0,0.029,0.029,0.033,0,0,0,0,0.045,0,0,0.03,0,0,0,0.029,0.029,0.04,0.036,0.031,0.033,0.038,0.028,0.028,0.029,0.528,0.517,0.351,0.352,0.528,0.378,0.433,0.324,0.383,0.03,0.439,0.378,0,0.028,0.029,0.023,0.02,0.027,0.034,0.033,0.034,0.028,0.036,0.029,0.03,0.033,0.028,0,0,0.027,0.024,0.035,0,0,0.033,0.032,0,0.027,0,0,0.027,0.023,0.033,0.025,0.022,0.028,0.024,0.03,0.041,0.035,0.039,0.031,0.024,0.04,0.037,0.033,0.04,0.031,0.031,0.039,0.04,0.041,0.04,0,0,0,0,0.026,0,0,0,0,0.045,0.028,0.042,0.027,0.026,0.036,0,0,0,0.024,0,0,0,0,0,0,0,0,0,0,0,0.031,0.038,0,0,0.047,0.047,0,0.031,0.028,0.025,0.031,0.028,0.036,0.022,0,0,0.045,0.026,0.025,0.024,0,0,0.025,0.021,0.047,0,0,0.027,0.029,0,0.027,0.038,0.036,0.028,0.031,0.031,0.035,0.029,0.036,0.034,0,0,0,0,0,0.02,0.029,0.021,0,0,0.036,0,0,0,0.03,0.027,0.037,0.02,0.031,0.029,0.025,0.045,0,0,0,0.032,0.03,0.026,0.028,0.035,0.025,0.024,0.022,0.031,0.028,0.035,0.024,0.023,0.027,0.026,0.038,0.043,0.026,0.028,0.026,0.025,0.041,0.028,0.04,0.033,0.027,0.025,0,0,0.032,0.03,0.033,0.026,0.028,0,0.032,0.036,0.032,0.039,0.32,0.026,0.037,0.374,0.956,0,0.041,0.049,0.048,0.04,0.028,0.051,0.049,0.031,0.03,0.027,0,0,0,0,0,0,0,0,0.03,0.03,0.033,0.029,0.044,0.035,0.032,0,0,0.04,0.022,0,0,0.036,0.035,0.026,0.038,0.028,0.032,0.039,0,0.03,0.026,0.022,0,0.039,0.035,0.029,0.027,0,0,0,0,0,0,0.031,0,0,0,0,0.025,0.021,0.021
GO:0003008,0,0,0,0,0,0,0,0,0,0,0,0,0,0,0,0,0,0,0,0,0,0,0,0,0,0,0,0,0,0,0,0,0,0,0,0,0,0,0,0,0,0,0,0,0,0,0,0,0,0,0,0,0,0,0,0,0,0,0,0,0,0,0,0,0,0,0,0,0,0,0,0,0,0,0,0,0,0,0,0,0,0,0,0,0,0,0,0,0,0,0,0,0,0,0,0,0,0,0,0,0,0,0,0,0,0,0,0,0,0,0,0,0,0,0,0,0,0,0,0,0,0,0,0,0,0,0,0,0,0,0,0,0,0,0,0,0,0,0,0,0,0,0,0,0,0,0,0,0,0,0,0,0,0,0,0.217,0.499,0,0,0,0,0.554,0,0,0,0,0,0,0.217,0.438,0,0,0,0.412,0,0,0,0.358,0,0,0,0,0,0,0,0,0,0,0,0,0,0,0,0,0,0,0,0,0,0,0,0,0,0,0,0,0,0,0,0,0,0,0,0,0,0,0,0,0,0,0,0,0,0,0,0,0,0,0,0,0,0,0,0,0,0,0,0,0,0,0,0,0,0,0,0,0,0,0,0,0,0,0,0.32,0.283,0.28,0,0,0,0,0,0,0,0,0,0,0,0.331,0,0,0,0,0,0.406,0.402,0.28,0,0,0,0,0,0,0,0,0,0,0,0.257,0,0,0,0,0,0,0,0,0,0,0,0,0,0,0,0,0,0,0.305,0.328,0.283,0,0,0,0,0,0,0,0,0,0,0,0,0.228,0,0.358,0,0,0,0,0,0,0.336,0,0,0,0.259,0.317,0,0,0,0,0,0,0,0,0,0,0,0,0,0,0,0,0,0,0,0,0,0,0,0,0,0,0,0,0,0,0,0,0,0,0,0,0,0,0,0,0,0,0,0,0,0,0,0,0,0,0,0,0,0,0.977,0,0,0,0,0,0,0,0,0,0,0.421,0.285,0.241,0.414,0.742,0.702,0.677,0.317,0,0,0,0,0,0,0,0,0,0.407,0,0,0,0,0,0,0.397,0,0,0,0,0,0.275,0.235,0.217,0.406,0,0.308,0.287,0.95,0.752,0,0.371,0.317,0.3,0,0,0,0.217,0,0,0,0
GO:0006468,0.377,0.043,0.267,0.068,0.047,0.204,0.279,0.408,0.363,0.341,0.327,0,0.038,0,0.053,0,0,0.308,0.047,0.329,0.316,0.34,0.316,0.354,0.261,0.047,0,0.77,0.166,0.034,0.271,0.035,0,0.231,0,0.04,0,0.294,0.241,0.335,0.261,0.64,0.564,0,0,0.034,0,0,0.567,0.524,0,0,0.476,0.417,0.031,0.286,0.356,0.342,0.168,0.217,0.305,0.188,0.03,0.325,0.31,0.031,0.031,0.282,0,0.27,0.792,0.029,0.03,0,0.309,0.305,0.23,0.305,0.543,0.541,0.04,0.036,0.03,0.034,0,0.039,0,0.042,0,0,0.445,0.415,0.258,0.269,0.22,0.284,0.146,0.24,0.276,0.255,0.596,0.209,0.608,0.23,0.214,0.234,0.232,0.626,0.036,0.035,0.23,0.23,0.21,0.765,0.719,0.032,0.034,0.506,0.033,0.62,0.622,0.679,0.645,0.609,0.566,0.027,0.025,0.656,0.733,0.681,0.508,0,0,0.694,0.627,0.028,0.024,0.034,0.213,0.334,0.287,0.304,0.305,0.251,0,0.031,0.031,0,0,0.032,0.032,0.038,0.03,0.028,0.028,0,0,0,0,0,0.041,0,0,0,0.027,0.027,0.031,0,0,0,0,0.041,0,0,0.028,0,0,0,0.206,0.206,0.273,0.249,0.216,0.229,0.035,0.027,0.027,0.027,0,0.037,0.026,0,0.039,0.028,0,0,0,0.028,0,0.031,0,0.027,0.027,0.022,0.019,0.451,0.235,0.547,0.237,0.198,0.033,0.028,0.029,0.031,0.026,0.415,0.406,0.025,0.023,0.033,0,0,0.031,0.03,0,0.025,0,0,0.025,0.022,0.031,0.024,0.021,0.026,0.023,0.029,0.242,0.244,0.484,0.385,0.3,0.421,0.386,0.23,0.241,0.33,0.329,0.409,0.241,0.258,0.248,0.185,0.461,0,0,0.025,0,0,0,0,0.31,0.194,0.287,0.191,0.186,0.252,0.411,0,0,0.023,0,0,0,0,0,0,0,0.15,0.4,0.248,0.226,0.029,0.263,0.568,0.426,0.278,0.278,0,0.029,0.027,0.024,0.219,0.199,0.216,0.157,0,0,0.31,0.183,0.175,0.169,0.355,0,0.178,0.152,0.29,0,0,0.025,0.027,0,0.19,0.035,0.033,0.027,0.03,0.029,0.245,0.028,0.228,0.239,0,0,0,0,0,0.019,0.201,0.152,0,0,0.25,0,0,0,0.029,0.026,0.034,0.019,0.03,0.028,0.024,0.31,0,0.23,0,0.03,0.029,0.025,0.027,0.245,0.024,0.023,0.021,0.217,0.197,0.245,0.023,0.022,0.026,0.025,0.035,0.04,0.025,0.464,0.428,0.405,0.038,0.026,0.037,0.031,0.443,0.41,0,0,0.03,0.029,0.031,0.025,0.466,0,0.03,0.034,0.03,0.036,0.026,0.025,0.034,0.028,0.041,0,0.975,0.763,0.765,0.037,0.027,0.046,0.045,0.03,0.029,0.025,0,0,0,0,0,0,0,0,0.028,0.028,0.031,0.027,0.893,0.033,0.782,0.649,0.552,0.037,0.021,0,0,0.033,0.033,0.025,0.036,0.027,0.03,0.036,0,0.029,0.025,0.021,0,0.037,0.033,0.028,0.026,0,0,0,0,0,0,0.029,0,0,0,0,0.024,0.02,0.02
GO:0006793,0.321,0.052,0.348,0.093,0.057,0.248,0.336,0.314,0.466,0.33,0.343,0,0.045,0,0.066,0,0,0.338,0.058,0.389,0.392,0.405,0.391,0.378,0.274,0.058,0,0.24,0.194,0.039,0.191,0.041,0,0.269,0,0.048,0,0.236,0.186,0.246,0.237,0.266,0.281,0,0,0.039,0,0,0.159,0.146,0,0,0.186,0.16,0.036,0.292,0.265,0.362,0.197,0.25,0.316,0.225,0.034,0.237,0.224,0.035,0.035,0.323,0,0.323,0.235,0.033,0.034,0,0.32,0.316,0.227,0.316,0.617,0.617,0.047,0.043,0.033,0.039,0,0.045,0,0.05,0,0,0.121,0.112,0.259,0.272,0.215,0.29,0.167,0.166,0.196,0.178,0.169,0.24,0.172,0.227,0.234,0.181,0.23,0.178,0.042,0.04,0.227,0.227,0.205,0.577,0.538,0.037,0.039,0.572,0.038,0.457,0.543,0.6,0.566,0.447,0.413,0.03,0.028,0.577,0.55,0.507,0.572,0,0,0.518,0.462,0.031,0.027,0.04,0.262,0.245,0.293,0.374,0.354,0.262,0,0.035,0.035,0,0,0.036,0.037,0.045,0.033,0.031,0.032,0,0,0,0,0,0.049,0,0,0,0.031,0.031,0.036,0,0,0,0,0.049,0,0,0.031,0,0,0,0.2,0.2,0.277,0.249,0.212,0.225,0.041,0.03,0.03,0.031,0,0.044,0.029,0,0.046,0.032,0,0,0,0.032,0,0.035,0,0.03,0.031,0.024,0.021,0.185,0.232,0.23,0.235,0.192,0.038,0.031,0.032,0.036,0.029,0.112,0.11,0.028,0.025,0.037,0,0,0.035,0.034,0,0.028,0,0,0.028,0.024,0.035,0.027,0.023,0.03,0.026,0.032,0.284,0.243,0.273,0.21,0.159,0.283,0.256,0.227,0.282,0.214,0.213,0.274,0.282,0.29,0.277,0.22,0.22,0,0,0.028,0,0,0,0,0.321,0.188,0.293,0.184,0.179,0.253,0.111,0,0,0.025,0,0,0,0,0,0,0,0.173,0.108,0.173,0.155,0.033,0.265,0.16,0.116,0.336,0.335,0,0.033,0.03,0.027,0.215,0.193,0.249,0.148,0,0,0.322,0.176,0.167,0.161,0.095,0,0.17,0.143,0.333,0,0,0.028,0.03,0,0.183,0.041,0.038,0.03,0.034,0.033,0.244,0.031,0.252,0.238,0,0,0,0,0,0.021,0.195,0.143,0,0,0.25,0,0,0,0.032,0.029,0.04,0.021,0.033,0.031,0.026,0.322,0,0.235,0,0.034,0.032,0.028,0.03,0.244,0.027,0.025,0.023,0.212,0.191,0.244,0.025,0.024,0.029,0.028,0.041,0.047,0.027,0.519,0.472,0.444,0.044,0.029,0.043,0.035,0.491,0.451,0,0,0.035,0.032,0.036,0.028,0.519,0,0.034,0.039,0.035,0.042,0.029,0.027,0.04,0.031,0.049,0,0.763,0.924,0.922,0.043,0.03,0.056,0.055,0.034,0.032,0.028,0,0,0,0,0,0,0,0,0.032,0.032,0.036,0.03,0.825,0.038,0.592,0.186,0.155,0.043,0.023,0,0,0.039,0.038,0.027,0.042,0.03,0.034,0.042,0,0.032,0.027,0.023,0,0.043,0.038,0.031,0.029,0,0,0,0,0,0,0.033,0,0,0,0,0.026,0.022,0.022
GO:0006796,0.321,0.052,0.348,0.092,0.057,0.248,0.336,0.314,0.465,0.329,0.342,0,0.044,0,0.066,0,0,0.337,0.058,0.389,0.391,0.404,0.39,0.377,0.274,0.058,0,0.239,0.194,0.039,0.191,0.041,0,0.268,0,0.048,0,0.236,0.186,0.245,0.236,0.265,0.28,0,0,0.039,0,0,0.159,0.145,0,0,0.186,0.16,0.036,0.292,0.264,0.361,0.196,0.25,0.315,0.225,0.033,0.237,0.224,0.035,0.035,0.322,0,0.322,0.235,0.033,0.034,0,0.32,0.315,0.227,0.315,0.619,0.616,0.047,0.042,0.033,0.039,0,0.045,0,0.05,0,0,0.121,0.112,0.259,0.271,0.215,0.289,0.167,0.166,0.195,0.178,0.168,0.239,0.172,0.227,0.233,0.18,0.229,0.178,0.042,0.04,0.227,0.227,0.205,0.579,0.54,0.037,0.039,0.571,0.038,0.459,0.545,0.602,0.568,0.449,0.415,0.03,0.028,0.579,0.552,0.509,0.574,0,0,0.519,0.464,0.031,0.027,0.039,0.262,0.245,0.293,0.373,0.354,0.261,0,0.035,0.035,0,0,0.036,0.037,0.045,0.033,0.031,0.032,0,0,0,0,0,0.049,0,0,0,0.031,0.031,0.036,0,0,0,0,0.049,0,0,0.031,0,0,0,0.2,0.2,0.277,0.248,0.212,0.225,0.041,0.03,0.03,0.031,0,0.044,0.029,0,0.046,0.032,0,0,0,0.032,0,0.035,0,0.03,0.031,0.024,0.021,0.185,0.232,0.23,0.235,0.191,0.038,0.031,0.032,0.035,0.029,0.112,0.109,0.028,0.025,0.037,0,0,0.035,0.034,0,0.028,0,0,0.028,0.024,0.035,0.027,0.023,0.03,0.026,0.032,0.284,0.243,0.273,0.21,0.159,0.282,0.256,0.227,0.282,0.214,0.213,0.273,0.282,0.289,0.277,0.22,0.219,0,0,0.028,0,0,0,0,0.321,0.188,0.293,0.184,0.179,0.252,0.111,0,0,0.025,0,0,0,0,0,0,0,0.173,0.108,0.172,0.155,0.033,0.265,0.159,0.116,0.335,0.334,0,0.033,0.03,0.027,0.215,0.193,0.248,0.148,0,0,0.321,0.176,0.167,0.161,0.095,0,0.17,0.143,0.333,0,0,0.028,0.03,0,0.183,0.041,0.038,0.03,0.034,0.032,0.244,0.031,0.251,0.238,0,0,0,0,0,0.021,0.195,0.143,0,0,0.249,0,0,0,0.032,0.029,0.04,0.021,0.033,0.031,0.026,0.321,0,0.234,0,0.034,0.032,0.028,0.03,0.244,0.027,0.025,0.023,0.212,0.191,0.244,0.025,0.024,0.029,0.028,0.041,0.047,0.027,0.518,0.474,0.445,0.044,0.029,0.043,0.035,0.493,0.452,0,0,0.034,0.032,0.036,0.028,0.52,0,0.034,0.039,0.035,0.042,0.029,0.027,0.04,0.031,0.048,0,0.765,0.922,0.925,0.043,0.03,0.056,0.055,0.034,0.032,0.028,0,0,0,0,0,0,0,0,0.032,0.032,0.035,0.03,0.828,0.038,0.594,0.186,0.154,0.043,0.023,0,0,0.038,0.038,0.027,0.042,0.03,0.034,0.042,0,0.032,0.027,0.023,0,0.043,0.038,0.031,0.029,0,0,0,0,0,0,0.033,0,0,0,0,0.026,0.022,0.022
GO:0007010,0,0.788,0,0.065,0.662,0,0.042,0,0.054,0,0.043,0,0.037,0,0.051,0,0,0,0.64,0.047,0.048,0.049,0.047,0.046,0,0.046,0,0,0,0.033,0,0.034,0,0.035,0,0.039,0,0,0,0,0,0,0,0,0,0.63,0,0,0,0,0,0,0,0,0.031,0.038,0,0.045,0,0.033,0.04,0,0.029,0,0,0.03,0.03,0.041,0,0.041,0,0.029,0.029,0,0.04,0.04,0.03,0.04,0.031,0.031,0.539,0.519,0.029,0.033,0,0.038,0,0.041,0,0,0,0,0.034,0.035,0.029,0.037,0,0,0,0,0,0.032,0,0.03,0.031,0,0.031,0,0.035,0.034,0.03,0.03,0.028,0.029,0.027,0.032,0.033,0.029,0.033,0.024,0.028,0.03,0.029,0.023,0.022,0.027,0.024,0.029,0.028,0.026,0.029,0,0,0.026,0.024,0.027,0.024,0.466,0,0,0.038,0.046,0.044,0,0,0.03,0.03,0,0,0.451,0.032,0.544,0.029,0.027,0.405,0,0,0,0,0,0.04,0,0,0,0.027,0.027,0.031,0,0,0,0,0.04,0,0,0.027,0,0,0,0.027,0.027,0.036,0.033,0.029,0.03,0.034,0.5,0.499,0.509,0,0.036,0.025,0,0.038,0.028,0,0,0,0.028,0,0.03,0,0.026,0.027,0.022,0.019,0.354,0.431,0.031,0.031,0.365,0.454,0.378,0.53,0.446,0.375,0,0,0.025,0.022,0.604,0,0,0.42,0.429,0,0.362,0,0,0.362,0.31,0.444,0.45,0.393,0.492,0.432,0.028,0.037,0.032,0.035,0.028,0.022,0.037,0.034,0.03,0.036,0.029,0.029,0.036,0.036,0.037,0.036,0,0,0,0,0.025,0,0,0,0,0.041,0.026,0.038,0.025,0.025,0.033,0,0,0,0.022,0,0,0,0,0,0,0,0,0,0,0,0.029,0.035,0,0,0.042,0.042,0,0.421,0.027,0.024,0.029,0.026,0.033,0.021,0,0,0.041,0.024,0.023,0.022,0,0,0.024,0.295,0.042,0,0,0.025,0.027,0,0.025,0.501,0.033,0.026,0.029,0.028,0.032,0.027,0.033,0.032,0,0,0,0,0,0.019,0.027,0.02,0,0,0.033,0,0,0,0.028,0.026,0.49,0.019,0.423,0.027,0.023,0.041,0,0,0,0.029,0.028,0.025,0.026,0.032,0.024,0.022,0.021,0.029,0.026,0.032,0.022,0.022,0.369,0.024,0.034,0.039,0.024,0.026,0.024,0.023,0.037,0.026,0.523,0.438,0.025,0.023,0,0,0.03,0.028,0.578,0.025,0.026,0,0.559,0.63,0.436,0.519,0.026,0.024,0.034,0.027,0.04,0,0.037,0.043,0.043,0.979,0.495,0.045,0.044,0.029,0.028,0.025,0,0,0,0,0,0,0,0,0.028,0.405,0.446,0.027,0.039,0.032,0.03,0,0,0.036,0.021,0,0,0.033,0.882,0.024,0.035,0.026,0.428,0.035,0,0.028,0.024,0.021,0,0.036,0.032,0.027,0.025,0,0,0,0,0,0,0.028,0,0,0,0,0.024,0.02,0.02
GO:0007030,0,0.55,0,0.039,0.45,0,0.029,0,0.035,0,0.03,0,0.027,0,0.033,0,0,0,0.433,0.032,0.032,0.032,0.032,0.031,0,0.031,0,0,0,0.025,0,0.025,0,0.026,0,0.028,0,0,0,0,0,0,0,0,0,0.468,0,0,0,0,0,0,0,0,0.023,0.027,0,0.03,0,0.025,0.028,0,0.022,0,0,0.023,0.023,0.029,0,0.029,0,0.022,0.022,0,0.028,0.028,0.023,0.028,0.023,0.023,0.385,0.379,0.022,0.025,0,0.027,0,0.029,0,0,0,0,0.025,0.026,0.022,0.027,0,0,0,0,0,0.024,0,0.023,0.023,0,0.023,0,0.026,0.025,0.023,0.023,0.022,0.022,0.021,0.024,0.025,0.022,0.024,0.019,0.021,0.023,0.022,0.019,0.018,0.021,0.02,0.022,0.022,0.02,0.022,0,0,0.021,0.019,0.021,0.019,0.346,0,0,0.027,0.031,0.03,0,0,0.023,0.023,0,0,0.341,0.024,0.392,0.022,0.021,0.314,0,0,0,0,0,0.028,0,0,0,0.021,0.021,0.023,0,0,0,0,0.028,0,0,0.021,0,0,0,0.021,0.021,0.026,0.024,0.022,0.023,0.025,0.392,0.391,0.398,0,0.026,0.02,0,0.027,0.022,0,0,0,0.021,0,0.023,0,0.021,0.021,0.018,0.016,0.28,0.326,0.023,0.024,0.287,0.339,0.295,0.411,0.338,0.296,0,0,0.02,0.018,0.453,0,0,0.32,0.328,0,0.288,0,0,0.288,0.254,0.337,0.361,0.323,0.387,0.349,0.022,0.027,0.024,0.026,0.022,0.018,0.026,0.025,0.023,0.026,0.022,0.022,0.026,0.026,0.027,0.026,0,0,0,0,0.02,0,0,0,0,0.029,0.02,0.027,0.02,0.02,0.025,0,0,0,0.018,0,0,0,0,0,0,0,0,0,0,0,0.022,0.025,0,0,0.029,0.029,0,0.324,0.021,0.019,0.022,0.021,0.024,0.017,0,0,0.029,0.019,0.019,0.018,0,0,0.019,0.244,0.029,0,0,0.02,0.021,0,0.02,0.369,0.024,0.021,0.022,0.022,0.024,0.021,0.025,0.024,0,0,0,0,0,0.016,0.021,0.017,0,0,0.025,0,0,0,0.022,0.02,0.363,0.016,0.325,0.021,0.019,0.029,0,0,0,0.022,0.022,0.02,0.021,0.024,0.019,0.018,0.017,0.022,0.021,0.024,0.018,0.018,0.292,0.02,0.025,0.028,0.019,0.021,0.019,0.019,0.027,0.02,0.381,0.334,0.02,0.019,0,0,0.023,0.022,0.439,0.02,0.021,0,0.427,0.468,0.332,0.379,0.02,0.019,0.025,0.021,0.028,0,0.027,0.03,0.03,0.495,0.999,0.031,0.03,0.022,0.022,0.02,0,0,0,0,0,0,0,0,0.022,0.314,0.868,0.021,0.028,0.024,0.023,0,0,0.026,0.017,0,0,0.024,0.458,0.019,0.026,0.021,0.328,0.026,0,0.022,0.019,0.017,0,0.026,0.024,0.021,0.02,0,0,0,0,0,0,0.022,0,0,0,0,0.019,0.017,0.017
GO:0007154,0,0.054,0,0.101,0.06,0,0.055,0,0.077,0,0.056,0,0.046,0,0.071,0,0,0,0.062,0.064,0.064,0.067,0.064,0.062,0,0.061,0,0,0,0.615,0,0.64,0,0.043,0,0.05,0,0,0,0,0,0,0,0,0,0.041,0,0,0,0,0,0,0,0,0.557,0.047,0,0.059,0,0.04,0.051,0,0.524,0,0,0.552,0.036,0.052,0,0.053,0,0.034,0.035,0,0.052,0.051,0.036,0.051,0.037,0.037,0.049,0.044,0.034,0.04,0,0.047,0,0.052,0,0,0,0,0.042,0.044,0.035,0.047,0,0,0,0,0,0.038,0,0.036,0.037,0,0.037,0,0.044,0.041,0.036,0.036,0.033,0.035,0.032,0.038,0.041,0.034,0.04,0.027,0.033,0.036,0.034,0.027,0.372,0.472,0.429,0.035,0.033,0.03,0.034,0,0,0.031,0.028,0.488,0.412,0.041,0,0,0.047,0.061,0.058,0,0,0.549,0.553,0,0,0.037,0.038,0.047,0.034,0.032,0.033,0,0,0,0,0,0.052,0,0,0,0.032,0.032,0.037,0,0,0,0,0.052,0,0,0.032,0,0,0,0.032,0.032,0.045,0.04,0.034,0.036,0.043,0.031,0.031,0.032,0,0.045,0.03,0,0.048,0.033,0,0,0,0.033,0,0.036,0,0.031,0.032,0.025,0.326,0.029,0.037,0.037,0.038,0.031,0.04,0.032,0.033,0.037,0.03,0,0,0.436,0.388,0.039,0,0,0.036,0.035,0,0.029,0,0,0.029,0.024,0.037,0.027,0.024,0.03,0.026,0.503,0.046,0.039,0.044,0.034,0.025,0.046,0.041,0.036,0.046,0.034,0.034,0.044,0.046,0.047,0.045,0,0,0,0,0.029,0,0,0,0,0.052,0.03,0.047,0.029,0.029,0.041,0,0,0,0.026,0,0,0,0,0,0,0,0,0,0,0,0.034,0.043,0,0,0.055,0.055,0,0.034,0.471,0.415,0.034,0.031,0.04,0.024,0,0,0.052,0.028,0.027,0.026,0,0,0.027,0.023,0.054,0,0,0.029,0.031,0,0.029,0.042,0.04,0.031,0.035,0.034,0.039,0.032,0.04,0.038,0,0,0,0,0,0.022,0.031,0.023,0,0,0.04,0,0,0,0.033,0.453,0.041,0.022,0.034,0.032,0.404,0.052,0,0,0,0.035,0.033,0.028,0.031,0.039,0.027,0.026,0.024,0.034,0.031,0.039,0.026,0.025,0.029,0.028,0.042,0.049,0.028,0.031,0.028,0.026,0.046,0.03,0.045,0.036,0.029,0.027,0,0,0.036,0.033,0.037,0.028,0.031,0,0.035,0.041,0.036,0.044,0.03,0.028,0.041,0.032,0.051,0,0.046,0.056,0.056,0.045,0.031,0.903,0.875,0.525,0.504,0.438,0,0,0,0,0,0,0,0,0.033,0.033,0.037,0.031,0.05,0.039,0.036,0,0,0.045,0.024,0,0,0.04,0.039,0.028,0.043,0.461,0.035,0.666,0,0.033,0.028,0.024,0,0.044,0.04,0.032,0.029,0,0,0,0,0,0,0.034,0,0,0,0,0.41,0.344,0.344
GO:0007165,0,0.053,0,0.096,0.059,0.413,0.492,0,0.074,0,0.054,0.362,0.419,0.528,0.629,0.68,0.484,0,0.06,0.062,0.062,0.064,0.062,0.06,0,0.838,0,0,0.322,0.649,0.316,0.626,0.631,0.391,0.382,0.449,0.446,0.392,0.308,0.409,0.393,0,0,0.271,0.275,0.04,0.436,0.527,0.263,0.24,0.232,0.237,0.309,0.265,0.589,0.046,0,0.057,0.326,0.364,0.462,0.374,0.555,0.394,0.373,0.541,0.327,0.472,0.545,0.472,0,0.312,0.317,0.384,0.469,0.462,0.33,0.462,0.336,0.336,0.048,0.4,0.313,0.364,0.539,0.653,0,0.051,0,0,0.2,0.185,0.041,0.043,0.313,0.423,0.276,0.274,0.324,0.294,0,0.349,0,0.33,0.34,0.299,0.334,0,0.605,0.574,0.33,0.33,0.298,0.314,0.293,0.038,0.04,0.311,0.039,0.248,0.295,0.327,0.308,0.243,0.396,0.5,0.455,0.314,0.299,0.275,0.311,0.223,0.21,0.281,0.251,0.517,0.438,0.04,0,0,0.046,0.059,0.056,0,0.242,0.581,0.543,0.547,0.381,0.036,0.347,0.046,0.313,0.289,0.298,0,0,0,0,0,0.05,0,0,0.273,0.286,0.288,0.335,0,0,0,0,0.05,0.326,0.324,0.294,0.3,0,0.274,0.444,0.445,0.044,0.553,0.471,0.035,0.588,0.03,0.03,0.031,0,0.044,0.029,0,0.046,0.032,0,0,0,0.296,0.302,0.325,0.255,0.278,0.286,0.348,0.347,0.029,0.037,0.036,0.037,0.03,0.039,0.031,0.301,0.333,0.272,0.185,0.18,0.463,0.413,0.351,0.209,0.202,0.328,0.318,0.211,0.262,0.337,0.188,0.262,0.22,0.332,0.25,0.215,0.276,0.239,0.533,0.045,0.038,0.043,0.033,0.025,0.045,0.04,0.036,0.045,0.034,0.034,0.043,0.045,0.046,0.044,0,0,0,0,0.028,0,0.22,0.204,0.18,0.051,0.029,0.046,0.029,0.028,0.04,0,0,0,0.234,0.492,0.436,0.383,0,0,0,0,0.287,0,0.286,0.256,0.309,0.042,0,0,0.053,0.053,0,0.034,0.499,0.441,0.034,0.03,0.362,0.215,0.191,0.151,0.051,0.255,0.243,0.234,0,0.251,0.246,0.022,0.053,0,0,0.029,0.284,0.436,0.029,0.041,0.039,0.279,0.315,0.304,0.355,0.293,0.366,0.346,0,0,0,0,0,0.196,0.284,0.207,0.254,0.254,0.364,0.436,0,0,0.033,0.48,0.04,0.3,0.034,0.293,0.429,0.051,0,0,0.369,0.484,0.302,0.259,0.278,0.355,0.248,0.234,0.215,0.308,0.277,0.355,0.234,0.224,0.029,0.028,0.041,0.048,0.255,0.282,0.256,0.241,0.045,0.029,0.044,0.035,0.267,0.245,0.231,0.234,0.035,0.033,0.036,0.028,0.282,0.223,0.035,0.04,0.035,0.043,0.029,0.256,0.04,0.031,0.049,0,0.045,0.055,0.055,0.044,0.03,0.875,0.916,0.556,0.534,0.465,0,0,0,0,0,0,0,0,0.032,0.21,0.036,0.285,0.049,0.038,0.035,0,0,0.044,0.215,0.263,0.879,0.039,0.039,0.254,0.042,0.489,0.223,0.702,0,0.302,0.255,0.215,0.155,0.043,0.039,0.29,0.268,0,0,0.285,0.286,0.238,0.223,0.305,0,0.225,0.155,0.22,0.435,0.367,0.367
GO:0007264,0,0.033,0,0.046,0.035,0.25,0.305,0,0.04,0,0.033,0.23,0.275,0.288,0.352,0.387,0.26,0,0.035,0.036,0.036,0.037,0.036,0.035,0,0.498,0,0,0.213,0.445,0.211,0.424,0.427,0.263,0.238,0.288,0.298,0.242,0.207,0.248,0.243,0,0,0.183,0.185,0.027,0.293,0.332,0.186,0.174,0.164,0.167,0.208,0.187,0.717,0.03,0,0.035,0.215,0.25,0.293,0.235,0.398,0.243,0.235,0.383,0.232,0.297,0.386,0.297,0,0.224,0.227,0.269,0.296,0.293,0.234,0.293,0.237,0.237,0.031,0.267,0.225,0.25,0.337,0.426,0,0.032,0,0,0.152,0.143,0.028,0.029,0.225,0.277,0.192,0.191,0.214,0.201,0,0.243,0,0.234,0.239,0.203,0.236,0,0.405,0.391,0.234,0.234,0.217,0.226,0.214,0.026,0.027,0.224,0.027,0.189,0.216,0.232,0.222,0.186,0.534,0.638,0.594,0.226,0.218,0.205,0.224,0.16,0.153,0.208,0.191,0.654,0.335,0.027,0,0,0.03,0.035,0.034,0,0.169,0.412,0.384,0.387,0.267,0.026,0.242,0.03,0.225,0.213,0.217,0,0,0,0,0,0.032,0,0,0.191,0.211,0.212,0.236,0,0,0,0,0.032,0.215,0.214,0.215,0.196,0,0.191,0.326,0.326,0.029,0.381,0.34,0.025,0.397,0.023,0.022,0.023,0,0.029,0.022,0,0.03,0.024,0,0,0,0.216,0.205,0.231,0.198,0.206,0.211,0.271,0.279,0.022,0.026,0.026,0.026,0.022,0.027,0.023,0.219,0.235,0.203,0.143,0.14,0.602,0.552,0.244,0.152,0.149,0.233,0.228,0.154,0.197,0.245,0.141,0.197,0.172,0.234,0.19,0.169,0.205,0.184,0.668,0.03,0.027,0.029,0.024,0.019,0.029,0.028,0.025,0.029,0.024,0.024,0.029,0.029,0.03,0.029,0,0,0,0,0.021,0,0.176,0.154,0.14,0.032,0.022,0.03,0.022,0.021,0.027,0,0,0,0.181,0.318,0.293,0.268,0,0,0,0,0.197,0,0.197,0.182,0.223,0.028,0,0,0.033,0.033,0,0.024,0.369,0.336,0.024,0.022,0.249,0.169,0.143,0.119,0.032,0.193,0.186,0.181,0,0.196,0.188,0.018,0.033,0,0,0.021,0.21,0.293,0.022,0.028,0.027,0.207,0.226,0.221,0.246,0.214,0.251,0.242,0,0,0,0,0,0.158,0.209,0.165,0.181,0.181,0.25,0.293,0,0,0.024,0.359,0.028,0.241,0.024,0.214,0.329,0.032,0,0,0.261,0.347,0.219,0.196,0.206,0.246,0.189,0.181,0.169,0.223,0.206,0.246,0.181,0.175,0.022,0.021,0.028,0.031,0.193,0.209,0.194,0.185,0.03,0.022,0.029,0.025,0.2,0.187,0.164,0.166,0.025,0.024,0.025,0.021,0.209,0.16,0.025,0.027,0.025,0.029,0.022,0.194,0.027,0.023,0.031,0,0.03,0.034,0.034,0.029,0.022,0.525,0.556,0.997,0.968,0.873,0,0,0,0,0,0,0,0,0.024,0.153,0.025,0.21,0.031,0.027,0.025,0,0,0.029,0.169,0.186,0.528,0.027,0.027,0.193,0.028,0.627,0.16,0.809,0,0.219,0.193,0.169,0.125,0.029,0.027,0.213,0.201,0,0,0.197,0.197,0.173,0.165,0.221,0,0.161,0.125,0.163,0.333,0.291,0.291
GO:0007265,0,0.032,0,0.043,0.034,0.24,0.293,0,0.038,0,0.032,0.222,0.265,0.275,0.337,0.37,0.248,0,0.034,0.035,0.035,0.035,0.035,0.034,0,0.477,0,0,0.206,0.431,0.204,0.41,0.413,0.254,0.229,0.278,0.288,0.233,0.201,0.239,0.233,0,0,0.177,0.179,0.026,0.284,0.319,0.18,0.169,0.16,0.162,0.201,0.181,0.696,0.029,0,0.033,0.208,0.243,0.282,0.226,0.387,0.234,0.226,0.372,0.225,0.286,0.375,0.286,0,0.218,0.221,0.261,0.285,0.282,0.227,0.282,0.23,0.23,0.03,0.258,0.218,0.242,0.324,0.411,0,0.031,0,0,0.148,0.14,0.027,0.028,0.219,0.267,0.186,0.186,0.207,0.194,0,0.236,0,0.227,0.231,0.196,0.229,0,0.392,0.378,0.227,0.227,0.211,0.219,0.209,0.025,0.026,0.218,0.026,0.185,0.21,0.225,0.216,0.182,0.522,0.621,0.579,0.219,0.212,0.2,0.218,0.155,0.149,0.203,0.186,0.636,0.327,0.027,0,0,0.029,0.034,0.033,0,0.164,0.4,0.373,0.376,0.259,0.025,0.235,0.029,0.218,0.207,0.211,0,0,0,0,0,0.031,0,0,0.185,0.205,0.206,0.229,0,0,0,0,0.031,0.208,0.207,0.209,0.189,0,0.185,0.317,0.317,0.028,0.369,0.33,0.024,0.384,0.022,0.022,0.022,0,0.028,0.021,0,0.029,0.023,0,0,0,0.21,0.198,0.224,0.194,0.201,0.205,0.265,0.273,0.021,0.025,0.025,0.025,0.022,0.026,0.022,0.213,0.228,0.198,0.14,0.137,0.587,0.539,0.237,0.148,0.145,0.226,0.221,0.149,0.192,0.238,0.137,0.192,0.169,0.228,0.186,0.166,0.2,0.18,0.649,0.029,0.026,0.028,0.023,0.019,0.028,0.027,0.025,0.028,0.024,0.024,0.028,0.028,0.029,0.028,0,0,0,0,0.021,0,0.173,0.15,0.137,0.031,0.021,0.029,0.021,0.021,0.026,0,0,0,0.177,0.306,0.284,0.26,0,0,0,0,0.191,0,0.191,0.177,0.217,0.027,0,0,0.032,0.032,0,0.024,0.359,0.328,0.024,0.022,0.242,0.166,0.139,0.117,0.031,0.189,0.182,0.177,0,0.191,0.184,0.017,0.032,0,0,0.021,0.204,0.284,0.021,0.027,0.026,0.201,0.219,0.214,0.239,0.209,0.243,0.234,0,0,0,0,0,0.155,0.204,0.161,0.176,0.176,0.242,0.284,0,0,0.023,0.349,0.027,0.236,0.024,0.209,0.321,0.031,0,0,0.254,0.337,0.213,0.191,0.201,0.239,0.185,0.177,0.166,0.216,0.201,0.239,0.177,0.171,0.021,0.021,0.027,0.03,0.189,0.203,0.189,0.181,0.029,0.021,0.028,0.024,0.195,0.183,0.159,0.161,0.024,0.023,0.025,0.021,0.203,0.155,0.024,0.026,0.024,0.028,0.021,0.189,0.027,0.022,0.03,0,0.029,0.032,0.032,0.028,0.022,0.504,0.534,0.968,0.998,0.902,0,0,0,0,0,0,0,0,0.023,0.149,0.025,0.204,0.03,0.026,0.024,0,0,0.028,0.166,0.18,0.507,0.026,0.026,0.188,0.028,0.611,0.155,0.782,0,0.213,0.189,0.166,0.122,0.028,0.026,0.207,0.196,0,0,0.19,0.191,0.168,0.161,0.215,0,0.156,0.122,0.159,0.325,0.285,0.285
GO:0007266,0,0.028,0,0.036,0.029,0.209,0.256,0,0.033,0,0.028,0.195,0.235,0.235,0.289,0.318,0.212,0,0.029,0.03,0.03,0.03,0.03,0.029,0,0.413,0,0,0.183,0.385,0.181,0.365,0.368,0.226,0.2,0.244,0.255,0.203,0.178,0.208,0.204,0,0,0.157,0.159,0.024,0.252,0.28,0.162,0.153,0.143,0.145,0.178,0.163,0.625,0.026,0,0.029,0.184,0.217,0.248,0.198,0.349,0.204,0.198,0.335,0.203,0.25,0.337,0.251,0,0.197,0.199,0.234,0.25,0.248,0.204,0.248,0.206,0.206,0.026,0.229,0.197,0.216,0.283,0.363,0,0.027,0,0,0.136,0.129,0.024,0.025,0.197,0.236,0.167,0.166,0.183,0.173,0,0.211,0,0.204,0.208,0.175,0.205,0,0.347,0.337,0.204,0.204,0.191,0.198,0.189,0.023,0.024,0.197,0.023,0.169,0.19,0.203,0.195,0.167,0.481,0.564,0.529,0.198,0.192,0.182,0.197,0.14,0.135,0.184,0.171,0.576,0.299,0.024,0,0,0.026,0.029,0.028,0,0.147,0.359,0.335,0.338,0.233,0.022,0.21,0.026,0.197,0.188,0.191,0,0,0,0,0,0.027,0,0,0.166,0.186,0.187,0.206,0,0,0,0,0.027,0.184,0.183,0.19,0.167,0,0.166,0.288,0.288,0.025,0.33,0.298,0.022,0.342,0.02,0.02,0.02,0,0.025,0.019,0,0.026,0.021,0,0,0,0.191,0.176,0.202,0.179,0.183,0.186,0.244,0.254,0.019,0.022,0.022,0.023,0.02,0.023,0.02,0.193,0.205,0.18,0.129,0.126,0.536,0.496,0.212,0.134,0.132,0.203,0.199,0.135,0.176,0.215,0.125,0.176,0.156,0.205,0.17,0.153,0.182,0.165,0.587,0.025,0.023,0.025,0.021,0.017,0.025,0.024,0.022,0.025,0.021,0.021,0.025,0.025,0.026,0.025,0,0,0,0,0.019,0,0.161,0.137,0.126,0.027,0.02,0.026,0.019,0.019,0.024,0,0,0,0.163,0.27,0.252,0.233,0,0,0,0,0.171,0,0.17,0.159,0.196,0.024,0,0,0.028,0.028,0,0.021,0.326,0.3,0.021,0.02,0.216,0.153,0.127,0.108,0.027,0.173,0.167,0.163,0,0.176,0.169,0.016,0.028,0,0,0.019,0.185,0.252,0.019,0.024,0.023,0.183,0.198,0.194,0.213,0.189,0.217,0.21,0,0,0,0,0,0.144,0.185,0.149,0.158,0.159,0.216,0.252,0,0,0.021,0.318,0.024,0.22,0.021,0.189,0.295,0.027,0,0,0.228,0.304,0.193,0.174,0.183,0.213,0.169,0.163,0.153,0.195,0.183,0.213,0.163,0.158,0.019,0.019,0.024,0.026,0.173,0.184,0.173,0.166,0.025,0.02,0.025,0.022,0.178,0.168,0.143,0.144,0.022,0.021,0.022,0.019,0.184,0.14,0.022,0.024,0.022,0.025,0.019,0.173,0.024,0.02,0.027,0,0.025,0.028,0.028,0.025,0.02,0.438,0.465,0.873,0.902,0.999,0,0,0,0,0,0,0,0,0.021,0.135,0.022,0.186,0.026,0.023,0.022,0,0,0.025,0.153,0.162,0.44,0.023,0.023,0.172,0.024,0.556,0.14,0.694,0,0.193,0.173,0.153,0.114,0.025,0.023,0.188,0.179,0,0,0.17,0.17,0.152,0.146,0.194,0,0.141,0.114,0.145,0.298,0.264,0.264
GO:0007399,0,0,0,0,0,0,0,0,0,0,0,0,0,0,0,0,0,0,0,0,0,0,0,0,0,0,0,0,0,0,0,0,0,0,0,0,0,0,0,0,0,0,0,0,0,0,0,0,0,0,0,0,0,0,0,0,0,0,0,0,0,0,0,0,0,0,0,0,0,0,0,0,0,0,0,0,0,0,0,0,0,0,0,0,0,0,0,0,0,0,0,0,0,0,0,0,0,0,0,0,0,0,0,0,0,0,0,0,0,0,0,0,0,0,0,0,0,0,0,0,0,0,0,0,0,0,0,0,0,0,0,0,0,0,0,0,0,0,0,0,0,0,0,0,0,0,0,0,0,0,0,0,0,0,0,0.455,0.743,0.38,0.566,0.453,0.531,0.57,0.625,0,0,0,0.402,0.515,0.455,0.926,0.679,0.532,0.48,0.421,0,0,0.368,0.53,0,0,0,0,0,0,0,0,0,0,0,0,0,0,0,0,0,0,0,0,0,0,0,0,0,0,0,0,0,0,0,0,0,0,0,0,0,0,0,0,0,0,0,0,0,0,0,0,0,0,0,0,0,0,0,0,0,0,0,0,0,0,0,0,0,0,0,0,0,0,0,0,0,0,0,0.473,0.417,0.413,0.397,0,0,0,0,0,0,0,0,0,0,0.49,0.378,0,0,0,0,0.602,0.597,0.413,0.462,0,0,0,0,0,0,0,0,0,0,0.295,0,0,0,0,0,0,0,0,0,0,0,0,0,0,0,0,0,0,0.45,0.484,0.417,0,0,0,0,0.427,0.342,0,0,0,0,0,0,0.336,0.453,0.529,0.449,0.431,0,0,0,0.387,0.342,0,0,0.411,0.381,0.469,0,0,0,0,0,0,0,0.295,0,0,0,0,0,0,0,0,0,0,0,0,0,0,0,0,0,0,0,0,0,0,0,0,0,0,0,0,0,0,0,0,0,0,0,0,0,0,0,0,0,0,0,0,0,0,0.421,0,0,0,0,0,0,0,0,0,0,0.973,0.653,0.55,0.423,0.318,0.301,0.29,0.322,0,0,0,0.391,0,0,0,0,0,0.94,0,0.449,0,0,0,0,0.916,0,0,0,0,0.367,0.63,0.538,0.455,0.937,0,0.707,0.659,0.409,0.322,0.428,0.378,0.728,0.69,0.416,0.316,0,0.455,0.383,0,0,0
GO:0007417,0,0,0,0,0,0,0,0,0,0,0,0,0,0,0,0,0,0,0,0,0,0,0,0,0,0,0,0,0,0,0,0,0,0,0,0,0,0,0,0,0,0,0,0,0,0,0,0,0,0,0,0,0,0,0,0,0,0,0,0,0,0,0,0,0,0,0,0,0,0,0,0,0,0,0,0,0,0,0,0,0,0,0,0,0,0,0,0,0,0,0,0,0,0,0,0,0,0,0,0,0,0,0,0,0,0,0,0,0,0,0,0,0,0,0,0,0,0,0,0,0,0,0,0,0,0,0,0,0,0,0,0,0,0,0,0,0,0,0,0,0,0,0,0,0,0,0,0,0,0,0,0,0,0,0,0.364,0.47,0.284,0.376,0.323,0.346,0.346,0.384,0,0,0,0.286,0.353,0.364,0.614,0.423,0.347,0.324,0.285,0,0,0.277,0.375,0,0,0,0,0,0,0,0,0,0,0,0,0,0,0,0,0,0,0,0,0,0,0,0,0,0,0,0,0,0,0,0,0,0,0,0,0,0,0,0,0,0,0,0,0,0,0,0,0,0,0,0,0,0,0,0,0,0,0,0,0,0,0,0,0,0,0,0,0,0,0,0,0,0,0,0.345,0.315,0.312,0.293,0,0,0,0,0,0,0,0,0,0,0.354,0.283,0,0,0,0,0.409,0.407,0.312,0.327,0,0,0,0,0,0,0,0,0,0,0.227,0,0,0,0,0,0,0,0,0,0,0,0,0,0,0,0,0,0,0.333,0.351,0.315,0,0,0,0,0.299,0.254,0,0,0,0,0,0,0.266,0.322,0.374,0.321,0.311,0,0,0,0.279,0.246,0,0,0.3,0.294,0.343,0,0,0,0,0,0,0,0.227,0,0,0,0,0,0,0,0,0,0,0,0,0,0,0,0,0,0,0,0,0,0,0,0,0,0,0,0,0,0,0,0,0,0,0,0,0,0,0,0,0,0,0,0,0,0,0.285,0,0,0,0,0,0,0,0,0,0,0.653,0.999,0.876,0.286,0.234,0.224,0.218,0.236,0,0,0,0.29,0,0,0,0,0,0.638,0,0.32,0,0,0,0,0.627,0,0,0,0,0.268,0.478,0.424,0.364,0.637,0,0.521,0.495,0.279,0.236,0.299,0.264,0.533,0.512,0.303,0.246,0,0.364,0.286,0,0,0
GO:0007420,0,0,0,0,0,0,0,0,0,0,0,0,0,0,0,0,0,0,0,0,0,0,0,0,0,0,0,0,0,0,0,0,0,0,0,0,0,0,0,0,0,0,0,0,0,0,0,0,0,0,0,0,0,0,0,0,0,0,0,0,0,0,0,0,0,0,0,0,0,0,0,0,0,0,0,0,0,0,0,0,0,0,0,0,0,0,0,0,0,0,0,0,0,0,0,0,0,0,0,0,0,0,0,0,0,0,0,0,0,0,0,0,0,0,0,0,0,0,0,0,0,0,0,0,0,0,0,0,0,0,0,0,0,0,0,0,0,0,0,0,0,0,0,0,0,0,0,0,0,0,0,0,0,0,0,0.407,0.389,0.502,0.316,0.561,0.289,0.283,0.315,0,0,0,0.246,0.605,0.407,0.515,0.348,0.289,0.273,0.24,0,0,0.491,0.321,0,0,0,0,0,0,0,0,0,0,0,0,0,0,0,0,0,0,0,0,0,0,0,0,0,0,0,0,0,0,0,0,0,0,0,0,0,0,0,0,0,0,0,0,0,0,0,0,0,0,0,0,0,0,0,0,0,0,0,0,0,0,0,0,0,0,0,0,0,0,0,0,0,0,0,0.299,0.276,0.274,0.255,0,0,0,0,0,0,0,0,0,0,0.306,0.247,0,0,0,0,0.346,0.344,0.274,0.281,0,0,0,0,0,0,0,0,0,0,0.201,0,0,0,0,0,0,0,0,0,0,0,0,0,0,0,0,0,0,0.29,0.304,0.276,0,0,0,0,0.255,0.222,0,0,0,0,0,0,0.422,0.561,0.321,0.276,0.269,0,0,0,0.24,0.212,0,0,0.261,0.26,0.298,0,0,0,0,0,0,0,0.201,0,0,0,0,0,0,0,0,0,0,0,0,0,0,0,0,0,0,0,0,0,0,0,0,0,0,0,0,0,0,0,0,0,0,0,0,0,0,0,0,0,0,0,0,0,0,0.241,0,0,0,0,0,0,0,0,0,0,0.55,0.876,1,0.241,0.203,0.196,0.191,0.205,0,0,0,0.253,0,0,0,0,0,0.54,0,0.275,0,0,0,0,0.532,0,0,0,0,0.232,0.421,0.378,0.327,0.538,0,0.454,0.434,0.237,0.205,0.256,0.226,0.462,0.447,0.263,0.988,0,0.327,0.505,0,0,0
GO:0007610,0,0,0,0,0,0,0,0,0,0,0,0,0,0,0,0,0,0,0,0,0,0,0,0,0,0,0,0,0,0,0,0,0,0,0,0,0,0,0,0,0,0,0,0,0,0,0,0,0,0,0,0,0,0,0,0,0,0,0,0,0,0,0,0,0,0,0,0,0,0,0,0,0,0,0,0,0,0,0,0,0,0,0,0,0,0,0,0,0,0,0,0,0,0,0,0,0,0,0,0,0,0,0,0,0,0,0,0,0,0,0,0,0,0,0,0,0,0,0,0,0,0,0,0,0,0,0,0,0,0,0,0,0,0,0,0,0,0,0,0,0,0,0,0,0,0,0,0,0,0,0,0,0,0,0,0.218,0.501,0,0,0,0,0.557,0,0,0,0,0,0,0.218,0.439,0,0,0,0.414,0,0,0,0.359,0,0,0,0,0,0,0,0,0,0,0,0,0,0,0,0,0,0,0,0,0,0,0,0,0,0,0,0,0,0,0,0,0,0,0,0,0,0,0,0,0,0,0,0,0,0,0,0,0,0,0,0,0,0,0,0,0,0,0,0,0,0,0,0,0,0,0,0,0,0,0,0,0,0,0,0.321,0.284,0.281,0,0,0,0,0,0,0,0,0,0,0,0.332,0,0,0,0,0,0.407,0.404,0.281,0,0,0,0,0,0,0,0,0,0,0,0.257,0,0,0,0,0,0,0,0,0,0,0,0,0,0,0,0,0,0,0.305,0.328,0.284,0,0,0,0,0,0,0,0,0,0,0,0,0.229,0,0.359,0,0,0,0,0,0,0.337,0,0,0,0.259,0.318,0,0,0,0,0,0,0,0,0,0,0,0,0,0,0,0,0,0,0,0,0,0,0,0,0,0,0,0,0,0,0,0,0,0,0,0,0,0,0,0,0,0,0,0,0,0,0,0,0,0,0,0,0,0,0.414,0,0,0,0,0,0,0,0,0,0,0.423,0.286,0.241,0.977,0.738,0.698,0.673,0.747,0,0,0,0,0,0,0,0,0,0.409,0,0,0,0,0,0,0.398,0,0,0,0,0,0.275,0.236,0.218,0.407,0,0.309,0.288,0.402,0.318,0,0.372,0.318,0.301,0,0,0,0.218,0,0,0,0
GO:0007611,0,0,0,0,0,0,0,0,0,0,0,0,0,0,0,0,0,0,0,0,0,0,0,0,0,0,0,0,0,0,0,0,0,0,0,0,0,0,0,0,0,0,0,0,0,0,0,0,0,0,0,0,0,0,0,0,0,0,0,0,0,0,0,0,0,0,0,0,0,0,0,0,0,0,0,0,0,0,0,0,0,0,0,0,0,0,0,0,0,0,0,0,0,0,0,0,0,0,0,0,0,0,0,0,0,0,0,0,0,0,0,0,0,0,0,0,0,0,0,0,0,0,0,0,0,0,0,0,0,0,0,0,0,0,0,0,0,0,0,0,0,0,0,0,0,0,0,0,0,0,0,0,0,0,0,0.186,0.36,0,0,0,0,0.389,0,0,0,0,0,0,0.186,0.328,0,0,0,0.313,0,0,0,0.281,0,0,0,0,0,0,0,0,0,0,0,0,0,0,0,0,0,0,0,0,0,0,0,0,0,0,0,0,0,0,0,0,0,0,0,0,0,0,0,0,0,0,0,0,0,0,0,0,0,0,0,0,0,0,0,0,0,0,0,0,0,0,0,0,0,0,0,0,0,0,0,0,0,0,0,0.257,0.232,0.231,0,0,0,0,0,0,0,0,0,0,0,0.264,0,0,0,0,0,0.309,0.307,0.231,0,0,0,0,0,0,0,0,0,0,0,0.214,0,0,0,0,0,0,0,0,0,0,0,0,0,0,0,0,0,0,0.247,0.262,0.232,0,0,0,0,0,0,0,0,0,0,0,0,0.194,0,0.28,0,0,0,0,0,0,0.267,0,0,0,0.216,0.255,0,0,0,0,0,0,0,0,0,0,0,0,0,0,0,0,0,0,0,0,0,0,0,0,0,0,0,0,0,0,0,0,0,0,0,0,0,0,0,0,0,0,0,0,0,0,0,0,0,0,0,0,0,0,0.742,0,0,0,0,0,0,0,0,0,0,0.318,0.234,0.203,0.738,0.998,0.954,0.926,0.599,0,0,0,0,0,0,0,0,0,0.31,0,0,0,0,0,0,0.304,0,0,0,0,0,0.227,0.199,0.186,0.309,0,0.249,0.235,0.772,0.987,0,0.289,0.255,0.244,0,0,0,0.186,0,0,0,0
GO:0007612,0,0,0,0,0,0,0,0,0,0,0,0,0,0,0,0,0,0,0,0,0,0,0,0,0,0,0,0,0,0,0,0,0,0,0,0,0,0,0,0,0,0,0,0,0,0,0,0,0,0,0,0,0,0,0,0,0,0,0,0,0,0,0,0,0,0,0,0,0,0,0,0,0,0,0,0,0,0,0,0,0,0,0,0,0,0,0,0,0,0,0,0,0,0,0,0,0,0,0,0,0,0,0,0,0,0,0,0,0,0,0,0,0,0,0,0,0,0,0,0,0,0,0,0,0,0,0,0,0,0,0,0,0,0,0,0,0,0,0,0,0,0,0,0,0,0,0,0,0,0,0,0,0,0,0,0.18,0.338,0,0,0,0,0.363,0,0,0,0,0,0,0.18,0.309,0,0,0,0.296,0,0,0,0.267,0,0,0,0,0,0,0,0,0,0,0,0,0,0,0,0,0,0,0,0,0,0,0,0,0,0,0,0,0,0,0,0,0,0,0,0,0,0,0,0,0,0,0,0,0,0,0,0,0,0,0,0,0,0,0,0,0,0,0,0,0,0,0,0,0,0,0,0,0,0,0,0,0,0,0,0.245,0.223,0.221,0,0,0,0,0,0,0,0,0,0,0,0.252,0,0,0,0,0,0.293,0.291,0.221,0,0,0,0,0,0,0,0,0,0,0,0.206,0,0,0,0,0,0,0,0,0,0,0,0,0,0,0,0,0,0,0.236,0.25,0.223,0,0,0,0,0,0,0,0,0,0,0,0,0.188,0,0.267,0,0,0,0,0,0,0.255,0,0,0,0.208,0.244,0,0,0,0,0,0,0,0,0,0,0,0,0,0,0,0,0,0,0,0,0,0,0,0,0,0,0,0,0,0,0,0,0,0,0,0,0,0,0,0,0,0,0,0,0,0,0,0,0,0,0,0,0,0,0.702,0,0,0,0,0,0,0,0,0,0,0.301,0.224,0.196,0.698,0.954,0.999,0.888,0.573,0,0,0,0,0,0,0,0,0,0.294,0,0,0,0,0,0,0.288,0,0,0,0,0,0.218,0.192,0.18,0.293,0,0.238,0.226,0.731,0.944,0,0.274,0.244,0.234,0,0,0,0.18,0,0,0,0
GO:0007613,0,0,0,0,0,0,0,0,0,0,0,0,0,0,0,0,0,0,0,0,0,0,0,0,0,0,0,0,0,0,0,0,0,0,0,0,0,0,0,0,0,0,0,0,0,0,0,0,0,0,0,0,0,0,0,0,0,0,0,0,0,0,0,0,0,0,0,0,0,0,0,0,0,0,0,0,0,0,0,0,0,0,0,0,0,0,0,0,0,0,0,0,0,0,0,0,0,0,0,0,0,0,0,0,0,0,0,0,0,0,0,0,0,0,0,0,0,0,0,0,0,0,0,0,0,0,0,0,0,0,0,0,0,0,0,0,0,0,0,0,0,0,0,0,0,0,0,0,0,0,0,0,0,0,0,0.176,0.324,0,0,0,0,0.347,0,0,0,0,0,0,0.176,0.298,0,0,0,0.286,0,0,0,0.259,0,0,0,0,0,0,0,0,0,0,0,0,0,0,0,0,0,0,0,0,0,0,0,0,0,0,0,0,0,0,0,0,0,0,0,0,0,0,0,0,0,0,0,0,0,0,0,0,0,0,0,0,0,0,0,0,0,0,0,0,0,0,0,0,0,0,0,0,0,0,0,0,0,0,0,0.238,0.217,0.215,0,0,0,0,0,0,0,0,0,0,0,0.244,0,0,0,0,0,0.282,0.281,0.215,0,0,0,0,0,0,0,0,0,0,0,0.201,0,0,0,0,0,0,0,0,0,0,0,0,0,0,0,0,0,0,0.229,0.242,0.217,0,0,0,0,0,0,0,0,0,0,0,0,0.183,0,0.258,0,0,0,0,0,0,0.247,0,0,0,0.202,0.237,0,0,0,0,0,0,0,0,0,0,0,0,0,0,0,0,0,0,0,0,0,0,0,0,0,0,0,0,0,0,0,0,0,0,0,0,0,0,0,0,0,0,0,0,0,0,0,0,0,0,0,0,0,0,0.677,0,0,0,0,0,0,0,0,0,0,0.29,0.218,0.191,0.673,0.926,0.888,0.999,0.555,0,0,0,0,0,0,0,0,0,0.283,0,0,0,0,0,0,0.278,0,0,0,0,0,0.212,0.188,0.176,0.282,0,0.231,0.219,0.705,0.915,0,0.265,0.236,0.227,0,0,0,0.176,0,0,0,0
GO:0007626,0,0,0,0,0,0,0,0,0,0,0,0,0,0,0,0,0,0,0,0,0,0,0,0,0,0,0,0,0,0,0,0,0,0,0,0,0,0,0,0,0,0,0,0,0,0,0,0,0,0,0,0,0,0,0,0,0,0,0,0,0,0,0,0,0,0,0,0,0,0,0,0,0,0,0,0,0,0,0,0,0,0,0,0,0,0,0,0,0,0,0,0,0,0,0,0,0,0,0,0,0,0,0,0,0,0,0,0,0,0,0,0,0,0,0,0,0,0,0,0,0,0,0,0,0,0,0,0,0,0,0,0,0,0,0,0,0,0,0,0,0,0,0,0,0,0,0,0,0,0,0,0,0,0,0,0.188,0.365,0,0,0,0,0.394,0,0,0,0,0,0,0.188,0.332,0,0,0,0.317,0,0,0,0.284,0,0,0,0,0,0,0,0,0,0,0,0,0,0,0,0,0,0,0,0,0,0,0,0,0,0,0,0,0,0,0,0,0,0,0,0,0,0,0,0,0,0,0,0,0,0,0,0,0,0,0,0,0,0,0,0,0,0,0,0,0,0,0,0,0,0,0,0,0,0,0,0,0,0,0,0.259,0.235,0.233,0,0,0,0,0,0,0,0,0,0,0,0.267,0,0,0,0,0,0.313,0.311,0.233,0,0,0,0,0,0,0,0,0,0,0,0.216,0,0,0,0,0,0,0,0,0,0,0,0,0,0,0,0,0,0,0.249,0.264,0.235,0,0,0,0,0,0,0,0,0,0,0,0,0.196,0,0.283,0,0,0,0,0,0,0.27,0,0,0,0.218,0.258,0,0,0,0,0,0,0,0,0,0,0,0,0,0,0,0,0,0,0,0,0,0,0,0,0,0,0,0,0,0,0,0,0,0,0,0,0,0,0,0,0,0,0,0,0,0,0,0,0,0,0,0,0,0,0.317,0,0,0,0,0,0,0,0,0,0,0.322,0.236,0.205,0.747,0.599,0.573,0.555,0.998,0,0,0,0,0,0,0,0,0,0.314,0,0,0,0,0,0,0.308,0,0,0,0,0,0.229,0.201,0.188,0.313,0,0.251,0.237,0.31,0.258,0,0.292,0.257,0.246,0,0,0,0.188,0,0,0,0
GO:0008283,0,0.031,0,0.043,0.033,0,0.031,0,0.038,0,0.032,0,0.028,0,0.036,0,0,0,0.034,0.034,0.034,0.035,0.034,0.034,0,0.033,0,0,0,0.026,0,0.027,0,0.027,0,0.03,0,0,0,0,0,0,0,0,0,0.026,0,0,0,0,0,0,0,0,0.025,0.029,0,0.033,0,0.026,0.03,0,0.024,0,0,0.024,0.024,0.031,0,0.031,0,0.023,0.024,0,0.031,0.03,0.024,0.03,0.025,0.025,0.029,0.028,0.023,0.026,0,0.029,0,0.031,0,0,0,0,0.027,0.027,0.023,0.029,0,0,0,0,0,0.025,0,0.024,0.025,0,0.025,0,0.027,0.027,0.024,0.024,0.023,0.024,0.022,0.025,0.026,0.023,0.026,0.02,0.023,0.024,0.023,0.02,0.018,0.022,0.02,0.024,0.023,0.021,0.023,0,0,0.022,0.02,0.022,0.02,0.026,0,0,0.029,0.033,0.032,0,0,0.024,0.024,0,0,0.025,0.025,0.029,0.023,0.022,0.023,0,0,0,0,0,0.03,0,0,0,0.022,0.022,0.025,0,0,0,0,0.03,0,0,0.022,0,0,0,0.022,0.022,0.028,0.026,0.023,0.024,0.027,0.022,0.022,0.022,0,0.028,0.021,0,0.029,0.023,0,0,0,0.023,0,0.024,0,0.022,0.022,0.019,0.017,0.021,0.025,0.025,0.025,0.022,0.026,0.022,0.023,0.025,0.021,0,0,0.021,0.019,0.025,0,0,0.024,0.024,0,0.021,0,0,0.021,0.018,0.024,0.02,0.018,0.021,0.019,0.023,0.028,0.026,0.028,0.023,0.019,0.028,0.026,0.024,0.028,0.023,0.023,0.028,0.028,0.029,0.028,0,0,0,0,0.021,0,0,0,0,0.031,0.021,0.029,0.021,0.021,0.026,0,0,0,0.834,0,0,0,0,0,0,0,0,0,0,0,0.023,0.027,0,0,0.031,0.031,0,0.023,0.022,0.02,0.023,0.022,0.026,0.018,0,0,0.031,0.02,0.02,0.019,0,0,0.02,0.017,0.031,0,0,0.021,0.962,0,0.021,0.027,0.026,0.022,0.024,0.023,0.026,0.022,0.026,0.025,0,0,0,0,0,0.73,0.022,0.017,0,0,0.026,0,0,0,0.023,0.021,0.026,0.017,0.023,0.022,0.02,0.031,0,0,0,0.024,0.023,0.021,0.022,0.026,0.02,0.019,0.018,0.023,0.022,0.026,0.019,0.018,0.021,0.02,0.027,0.03,0.02,0.022,0.02,0.019,0.028,0.021,0.028,0.024,0.021,0.02,0,0,0.024,0.023,0.025,0.021,0.022,0,0.024,0.026,0.024,0.028,0.021,0.02,0.026,0.022,0.03,0,0.028,0.032,0.032,0.028,0.022,0.033,0.032,0.024,0.023,0.021,0,0,0,0,0,0,0,0,0.998,0.023,0.025,0.022,0.03,0.026,0.024,0,0,0.028,0.018,0,0,0.026,0.026,0.02,0.027,0.022,0.024,0.028,0,0.023,0.02,0.018,0,0.028,0.026,0.022,0.021,0,0,0,0,0,0,0.023,0,0,0,0,0.02,0.017,0.017
GO:0008361,0,0.453,0,0.042,0.482,0.211,0.203,0,0.038,0,0.032,0.195,0.184,0.241,0.233,0,0.244,0,0.465,0.034,0.034,0.035,0.034,0.033,0,0.033,0,0,0.181,0.17,0.179,0.174,0.174,0.177,0.201,0.193,0.179,0.204,0.176,0.209,0.205,0,0,0.175,0.177,0.381,0,0,0.159,0.149,0.158,0.16,0.176,0.159,0.159,0.029,0,0.033,0.183,0.169,0.196,0.199,0.153,0.205,0.198,0.158,0.157,0.198,0.158,0.199,0,0.152,0.154,0.162,0.198,0.196,0.158,0.196,0.16,0.16,0.409,0.402,0.152,0.169,0,0.029,0,0.03,0,0,0.131,0.123,0.027,0.027,0.152,0.186,0.164,0.163,0.182,0.171,0,0.164,0,0.158,0.161,0.173,0.159,0,0.027,0.026,0.158,0.158,0.147,0.153,0.145,0.025,0.026,0.152,0.026,0.129,0.146,0.157,0.151,0.127,0.12,0.142,0.133,0.153,0.148,0.139,0.152,0.154,0.147,0.141,0.13,0.145,0.129,0.366,0,0,0.029,0.033,0.032,0,0.162,0.157,0.158,0.158,0.161,0.359,0.163,0.416,0.152,0.144,0.33,0,0,0,0,0,0.03,0,0,0.163,0.143,0.144,0.159,0,0,0,0,0.03,0.183,0.182,0.146,0.71,0,0.163,0.022,0.022,0.028,0.026,0.023,0.024,0.027,0.317,0.316,0.322,0,0.028,0.021,0,0.029,0.023,0,0,0,0.147,0.174,0.156,0,0.14,0.143,0.019,0.108,0.293,0.344,0.025,0.025,0.3,0.358,0.309,0.333,0.356,0.31,0.123,0.121,0.134,0.123,0.369,0.147,0.143,0.337,0.345,0.148,0.301,0,0.136,0.301,0.264,0.355,0.29,0.259,0.313,0.281,0.148,0.028,0.025,0.027,0.023,0.019,0.028,0.026,0.024,0.028,0.023,0.023,0.028,0.028,0.029,0.028,0,0,0,0,0.021,0,0,0.133,0.121,0.03,0.021,0.029,0.021,0.02,0.026,0,0,0,0.123,0,0,0,0,0,0,0,0.168,0,0.168,0.156,0.151,0.027,0,0,0.031,0.031,0,0.34,0.142,0.13,0.023,0.022,0.168,0.116,0.523,0.44,0.03,0.132,0.127,0.123,0,0,0.128,0.253,0.031,0,0,0.021,0.142,0,0.021,0.39,0.026,0.14,0.153,0.149,0.166,0.145,0.169,0.163,0,0,0,0,0,0.108,0.142,0.113,0.155,0.155,0.168,0,0,0,0.023,0.138,0.384,0.017,0.341,0.145,0.127,0.03,0,0,0,0.024,0.149,0.133,0.14,0.166,0.129,0.123,0.116,0.151,0.14,0.166,0.123,0.12,0.306,0.02,0.027,0.029,0.132,0.141,0.132,0.126,0.028,0.021,0.404,0.351,0.136,0.128,0.157,0.159,0.024,0.023,0.357,0.02,0.141,0.153,0.347,0.382,0.35,0.401,0.021,0.132,0.026,0.022,0.03,0,0.028,0.032,0.032,0.405,0.314,0.033,0.21,0.153,0.149,0.135,0,0,0,0,0,0,0,0,0.023,0.998,0.356,0.143,0.03,0.025,0.024,0,0,0.028,0.116,0.159,0,0.026,0.373,0.131,0.027,0.14,0.951,0.178,0,0.149,0.132,0.116,0.108,0.028,0.026,0.145,0.137,0,0,0.167,0.168,0.148,0.142,0.15,0,0.945,0.108,0.14,0.128,0.113,0.113
GO:0010256,0,0.505,0,0.049,0.541,0,0.035,0,0.043,0,0.035,0,0.031,0,0.041,0,0,0,0.522,0.038,0.039,0.039,0.038,0.038,0,0.037,0,0,0,0.029,0,0.029,0,0.03,0,0.033,0,0,0,0,0,0,0,0,0,0.417,0,0,0,0,0,0,0,0,0.027,0.032,0,0.037,0,0.028,0.033,0,0.025,0,0,0.026,0.026,0.034,0,0.034,0,0.025,0.026,0,0.034,0.033,0.026,0.033,0.027,0.027,0.453,0.442,0.025,0.028,0,0.032,0,0.034,0,0,0,0,0.029,0.03,0.025,0.031,0,0,0,0,0,0.027,0,0.026,0.027,0,0.027,0,0.03,0.029,0.026,0.026,0.024,0.025,0.024,0.027,0.029,0.025,0.028,0.021,0.024,0.026,0.025,0.021,0.02,0.023,0.022,0.025,0.025,0.023,0.025,0,0,0.023,0.021,0.024,0.021,0.4,0,0,0.032,0.037,0.036,0,0,0.026,0.026,0,0,0.391,0.027,0.459,0.025,0.024,0.356,0,0,0,0,0,0.034,0,0,0,0.024,0.024,0.027,0,0,0,0,0.034,0,0,0.024,0,0,0,0.024,0.024,0.031,0.028,0.025,0.026,0.029,0.341,0.341,0.347,0,0.031,0.023,0,0.032,0.024,0,0,0,0.024,0,0.026,0,0.023,0.024,0.02,0.018,0.314,0.374,0.027,0.027,0.323,0.391,0.334,0.36,0.387,0.333,0,0,0.022,0.02,0.403,0,0,0.366,0.374,0,0.323,0,0,0.323,0.281,0.386,0.311,0.275,0.336,0.3,0.025,0.031,0.028,0.03,0.025,0.02,0.031,0.029,0.026,0.031,0.025,0.025,0.03,0.031,0.031,0.031,0,0,0,0,0.022,0,0,0,0,0.034,0.023,0.032,0.022,0.022,0.029,0,0,0,0.02,0,0,0,0,0,0,0,0,0,0,0,0.025,0.03,0,0,0.035,0.035,0,0.369,0.023,0.021,0.025,0.023,0.028,0.019,0,0,0.034,0.022,0.021,0.02,0,0,0.021,0.268,0.035,0,0,0.022,0.024,0,0.022,0.428,0.028,0.023,0.025,0.025,0.028,0.024,0.028,0.027,0,0,0,0,0,0.018,0.024,0.018,0,0,0.028,0,0,0,0.025,0.023,0.421,0.018,0.37,0.024,0.021,0.034,0,0,0,0.026,0.025,0.022,0.023,0.028,0.021,0.02,0.019,0.025,0.023,0.028,0.02,0.02,0.328,0.022,0.029,0.033,0.022,0.023,0.022,0.021,0.031,0.023,0.445,0.381,0.022,0.021,0,0,0.026,0.025,0.388,0.022,0.023,0,0.377,0.418,0.38,0.441,0.023,0.022,0.029,0.024,0.033,0,0.031,0.036,0.035,0.446,0.868,0.037,0.036,0.025,0.025,0.022,0,0,0,0,0,0,0,0,0.025,0.356,0.995,0.024,0.033,0.028,0.026,0,0,0.03,0.019,0,0,0.028,0.408,0.022,0.03,0.023,0.374,0.03,0,0.025,0.022,0.019,0,0.03,0.028,0.024,0.023,0,0,0,0,0,0,0.025,0,0,0,0,0.021,0.018,0.018
GO:0010720,0,0.03,0,0.04,0.032,0.226,0.277,0,0.036,0,0.03,0.21,0.252,0.257,0.315,0,0.232,0,0.032,0.033,0.033,0.033,0.033,0.032,0,0.032,0,0,0.516,0.232,0.51,0.238,0.188,0.585,0.57,0.636,0.193,0.22,0.502,0.225,0.22,0,0,0.168,0.17,0.025,0,0,0.172,0.427,0.152,0.154,0.191,0.456,0.218,0.028,0,0.031,0.197,0.231,0.267,0.214,0.507,0.22,0.214,0.525,0.215,0.27,0.451,0.27,0,0.209,0.211,0.464,0.269,0.267,0.217,0.267,0.219,0.219,0.028,0.245,0.209,0.231,0,0.028,0,0.029,0,0,0.143,0.355,0.026,0.026,0.209,0.253,0.178,0.177,0.197,0.185,0,0.225,0,0.217,0.221,0.187,0.218,0,0.026,0.025,0.217,0.217,0.203,0.21,0.484,0.024,0.025,0.505,0.025,0.431,0.487,0.215,0.501,0.175,0.4,0.196,0.443,0.21,0.203,0.464,0.505,0.149,0.143,0.195,0.435,0.484,0.178,0.025,0,0,0.028,0.032,0.031,0,0.157,0.216,0.217,0.172,0.175,0.024,0.224,0.027,0.209,0.199,0.202,0.232,0.441,0.297,0.4,0.34,0.605,0,0.413,0.177,0.197,0.198,0.88,0.374,0.232,0.402,0.454,0.603,0.711,0.197,0.201,0.179,0.29,0.637,0.022,0.022,0.027,0.025,0.022,0.023,0.026,0.021,0.021,0.021,0,0.027,0.02,0,0.028,0.022,0,0,0,0.488,0.188,0.215,0,0.467,0.477,0.018,0.363,0.02,0.024,0.024,0.024,0.021,0.025,0.022,0.204,0.218,0.19,0.135,0.349,0.185,0.171,0.226,0.142,0.139,0.216,0.212,0.143,0.185,0,0.132,0.185,0.163,0.217,0.179,0.16,0.192,0.173,0.204,0.027,0.025,0.026,0.022,0.018,0.027,0.025,0.023,0.027,0.023,0.023,0.026,0.027,0.027,0.027,0,0,0.318,0.289,0.417,0.308,0,0.145,0.132,0.029,0.021,0.028,0.02,0.02,0.025,0,0.327,0.296,0.171,0,0,0,0.381,0.378,0.286,0.346,0.48,0,0.479,0.446,0.208,0.026,0,0,0.03,0.03,0.237,0.023,0.195,0.433,0.023,0.021,0.557,0.16,0.134,0.113,0.029,0.182,0.424,0.413,0,0,0.177,0.017,0.03,0.306,0.324,0.42,0.196,0,0.02,0.026,0.518,0.778,0.21,0.497,0.551,0.2,0.561,0.541,0.242,0.34,0.346,0.338,0.328,0.15,0.196,0.378,0.606,0.168,0.559,0,0.316,0.268,0.46,0.19,0.025,0.016,0.023,0.484,0.424,0.029,0.237,0,0,0.023,0.204,0.444,0.193,0.551,0.178,0.171,0.388,0.207,0.467,0.551,0.171,0.165,0.02,0.02,0.026,0.028,0.182,0.195,0.182,0.174,0.027,0.021,0.027,0.023,0.188,0.176,0.152,0.154,0.023,0.022,0.024,0.02,0.195,0.148,0.023,0.025,0.023,0.026,0.021,0.182,0.025,0.021,0.029,0,0.027,0.03,0.03,0.027,0.021,0.031,0.285,0.21,0.204,0.186,0.391,0.29,0.253,0,0,0,0,0,0.022,0.143,0.024,0.999,0.029,0.025,0.023,0,0,0.556,0.16,0.621,0,0.025,0.025,0.181,0.546,0.192,0.149,0.244,0,0.957,0.731,0.75,0.427,0.554,0.025,0.919,0.958,0,0,0.823,0.479,0.58,0.7,0.95,0.256,0.15,0.427,0.55,0.177,0.156,0.156
GO:0016310,0.277,0.046,0.297,0.077,0.051,0.221,0.301,0.272,0.401,0.283,0.307,0,0.041,0,0.058,0,0,0.289,0.052,0.343,0.345,0.355,0.345,0.334,0.241,0.051,0,0.214,0.177,0.036,0.175,0.037,0,0.246,0,0.043,0,0.211,0.17,0.219,0.212,0.235,0.247,0,0,0.036,0,0,0.147,0.136,0,0,0.171,0.149,0.033,0.266,0.234,0.321,0.179,0.23,0.285,0.202,0.031,0.212,0.202,0.033,0.032,0.29,0,0.29,0.211,0.031,0.032,0,0.288,0.285,0.21,0.285,0.574,0.571,0.043,0.039,0.031,0.036,0,0.041,0,0.045,0,0,0.114,0.106,0.238,0.248,0.201,0.263,0.154,0.153,0.178,0.163,0.156,0.221,0.159,0.211,0.216,0.166,0.213,0.164,0.039,0.037,0.211,0.211,0.192,0.691,0.648,0.034,0.036,0.533,0.035,0.555,0.653,0.716,0.678,0.544,0.505,0.028,0.026,0.691,0.661,0.612,0.535,0,0,0.624,0.561,0.029,0.025,0.036,0.232,0.219,0.266,0.331,0.316,0.231,0,0.033,0.033,0,0,0.033,0.034,0.041,0.031,0.029,0.03,0,0,0,0,0,0.044,0,0,0,0.029,0.029,0.033,0,0,0,0,0.045,0,0,0.029,0,0,0,0.187,0.187,0.253,0.229,0.197,0.209,0.038,0.028,0.028,0.029,0,0.04,0.027,0,0.041,0.03,0,0,0,0.03,0,0.032,0,0.028,0.029,0.023,0.02,0.174,0.215,0.213,0.217,0.18,0.035,0.029,0.03,0.033,0.027,0.106,0.104,0.026,0.024,0.035,0,0,0.032,0.032,0,0.026,0,0,0.026,0.022,0.033,0.025,0.022,0.028,0.024,0.03,0.259,0.224,0.249,0.196,0.151,0.258,0.235,0.21,0.257,0.199,0.199,0.25,0.257,0.263,0.253,0.199,0.198,0,0,0.026,0,0,0,0,0.289,0.176,0.266,0.173,0.169,0.232,0.105,0,0,0.024,0,0,0,0,0,0,0,0.16,0.102,0.159,0.144,0.031,0.243,0.148,0.109,0.301,0.3,0,0.031,0.028,0.025,0.2,0.181,0.229,0.141,0,0,0.29,0.166,0.158,0.153,0.09,0,0.161,0.137,0.299,0,0,0.027,0.028,0,0.172,0.037,0.035,0.028,0.031,0.03,0.225,0.029,0.231,0.22,0,0,0,0,0,0.02,0.183,0.137,0,0,0.23,0,0,0,0.03,0.027,0.036,0.02,0.031,0.029,0.025,0.289,0,0.21,0,0.031,0.03,0.026,0.028,0.225,0.025,0.024,0.022,0.198,0.179,0.225,0.024,0.023,0.027,0.026,0.037,0.043,0.026,0.486,0.447,0.421,0.04,0.027,0.039,0.032,0.464,0.428,0,0,0.032,0.03,0.033,0.026,0.488,0,0.032,0.036,0.032,0.039,0.027,0.026,0.036,0.029,0.044,0,0.893,0.825,0.828,0.039,0.028,0.05,0.049,0.031,0.03,0.026,0,0,0,0,0,0,0,0,0.03,0.03,0.033,0.029,0.959,0.035,0.707,0.17,0.144,0.039,0.022,0,0,0.035,0.035,0.026,0.038,0.028,0.031,0.039,0,0.03,0.026,0.022,0,0.039,0.035,0.029,0.027,0,0,0,0,0,0,0.03,0,0,0,0,0.025,0.021,0.021
GO:0016477,0,0.037,0,0.054,0.04,0,0.037,0,0.046,0,0.038,0,0.033,0,0.044,0,0,0,0.04,0.041,0.041,0.042,0.041,0.04,0,0.04,0,0,0,0.03,0,0.031,0,0.031,0,0.035,0,0,0,0,0,0,0,0,0,0.03,0,0,0,0,0,0,0,0,0.028,0.034,0,0.039,0,0.03,0.035,0,0.027,0,0,0.028,0.027,0.036,0,0.036,0,0.026,0.027,0,0.036,0.035,0.028,0.035,0.028,0.028,0.034,0.032,0.027,0.03,0,0.034,0,0.036,0,0,0,0,0.031,0.032,0.027,0.033,0,0,0,0,0,0.029,0,0.028,0.028,0,0.028,0,0.032,0.03,0.028,0.028,0.026,0.027,0.025,0.029,0.03,0.026,0.03,0.022,0.025,0.027,0.026,0.022,0.02,0.024,0.023,0.027,0.026,0.024,0.026,0,0,0.024,0.022,0.025,0.022,0.03,0,0,0.034,0.04,0.039,0,0,0.028,0.028,0,0,0.028,0.029,0.033,0.027,0.025,0.025,0,0,0,0,0,0.036,0,0,0,0.025,0.025,0.028,0,0,0,0,0.036,0,0,0.025,0,0,0,0.025,0.025,0.032,0.03,0.026,0.028,0.031,0.024,0.024,0.025,0,0.033,0.024,0,0.034,0.026,0,0,0,0.025,0,0.027,0,0.024,0.025,0.021,0.018,0.023,0.028,0.028,0.028,0.024,0.029,0.025,0.026,0.028,0.024,0,0,0.023,0.021,0.029,0,0,0.028,0.027,0,0.023,0,0,0.023,0.02,0.028,0.022,0.02,0.024,0.021,0.026,0.033,0.029,0.032,0.026,0.021,0.033,0.03,0.028,0.033,0.026,0.026,0.032,0.033,0.033,0.032,0,0,0,0,0.023,0,0,0,0,0.036,0.024,0.034,0.023,0.023,0.03,0,0,0,0.021,0,0,0,0,0,0,0,0,0,0,0,0.026,0.031,0,0,0.037,0.037,0,0.026,0.024,0.022,0.027,0.024,0.03,0.02,0,0,0.036,0.023,0.022,0.021,0,0,0.022,0.019,0.037,0,0,0.023,0.025,0,0.023,0.031,0.03,0.024,0.027,0.026,0.029,0.025,0.03,0.029,0,0,0,0,0,0.018,0.025,0.019,0,0,0.03,0,0,0,0.026,0.024,0.03,0.018,0.027,0.025,0.022,0.036,0,0,0,0.027,0.026,0.023,0.024,0.029,0.022,0.021,0.02,0.026,0.024,0.029,0.021,0.02,0.023,0.023,0.031,0.035,0.023,0.024,0.023,0.021,0.033,0.024,0.032,0.027,0.023,0.022,0,0,0.027,0.026,0.028,0.023,0.024,0,0.027,0.03,0.027,0.032,0.024,0.023,0.03,0.025,0.035,0,0.033,0.038,0.038,0.032,0.024,0.039,0.038,0.027,0.026,0.023,0,0,0,0,0,0,0,0,0.026,0.025,0.028,0.025,0.035,0.991,0.027,0,0,0.032,0.02,0,0,0.03,0.029,0.022,0.031,0.024,0.027,0.032,0,0.026,0.023,0.02,0,0.032,0.985,0.025,0.023,0,0,0,0,0,0,0.026,0,0,0,0,0.022,0.019,0.019
GO:0018105,0.276,0.034,0.192,0.047,0.036,0.157,0.218,0.301,0.266,0.249,0.254,0,0.03,0,0.039,0,0,0.224,0.036,0.25,0.24,0.256,0.239,0.27,0.198,0.036,0,0.599,0.134,0.028,0.219,0.029,0,0.187,0,0.032,0,0.229,0.195,0.259,0.203,0.487,0.425,0,0,0.028,0,0,0.471,0.441,0,0,0.386,0.347,0.026,0.229,0.271,0.263,0.135,0.178,0.241,0.148,0.025,0.253,0.244,0.026,0.026,0.222,0,0.212,0.617,0.025,0.025,0,0.243,0.241,0.191,0.241,0.451,0.449,0.032,0.029,0.025,0.028,0,0.031,0,0.033,0,0,0.384,0.362,0.21,0.218,0.184,0.227,0.12,0.198,0.223,0.208,0.491,0.173,0.499,0.192,0.177,0.191,0.193,0.511,0.029,0.028,0.192,0.192,0.178,0.641,0.609,0.027,0.028,0.425,0.027,0.536,0.526,0.566,0.542,0.528,0.496,0.023,0.021,0.55,0.619,0.581,0.427,0,0,0.591,0.542,0.024,0.021,0.028,0.163,0.259,0.229,0.233,0.236,0.192,0,0.026,0.026,0,0,0.026,0.027,0.031,0.025,0.023,0.024,0,0,0,0,0,0.033,0,0,0,0.023,0.023,0.026,0,0,0,0,0.033,0,0,0.024,0,0,0,0.174,0.174,0.221,0.204,0.182,0.19,0.029,0.023,0.023,0.023,0,0.03,0.022,0,0.031,0.024,0,0,0,0.024,0,0.025,0,0.023,0.023,0.019,0.017,0.386,0.195,0.454,0.196,0.169,0.027,0.023,0.024,0.026,0.022,0.362,0.354,0.022,0.02,0.027,0,0,0.026,0.025,0,0.022,0,0,0.022,0.019,0.026,0.021,0.019,0.023,0.02,0.024,0.195,0.201,0.391,0.324,0.262,0.338,0.315,0.191,0.194,0.277,0.276,0.331,0.194,0.206,0.2,0.146,0.364,0,0,0.022,0,0,0,0,0.244,0.166,0.229,0.163,0.16,0.207,0.358,0,0,0.02,0,0,0,0,0,0,0,0.124,0.35,0.204,0.189,0.025,0.214,0.472,0.37,0.217,0.217,0,0.025,0.023,0.021,0.184,0.169,0.177,0.138,0,0,0.244,0.158,0.152,0.147,0.315,0,0.154,0.134,0.226,0,0,0.022,0.023,0,0.163,0.029,0.027,0.023,0.025,0.024,0.202,0.024,0.187,0.198,0,0,0,0,0,0.017,0.171,0.134,0,0,0.205,0,0,0,0.024,0.022,0.028,0.017,0.025,0.024,0.02,0.244,0,0.179,0,0.025,0.024,0.021,0.023,0.202,0.021,0.02,0.019,0.182,0.168,0.202,0.02,0.019,0.022,0.021,0.029,0.032,0.021,0.394,0.369,0.351,0.03,0.022,0.03,0.026,0.38,0.356,0,0,0.025,0.024,0.026,0.021,0.396,0,0.025,0.028,0.025,0.029,0.022,0.021,0.028,0.023,0.032,0,0.782,0.592,0.594,0.03,0.023,0.036,0.035,0.025,0.024,0.022,0,0,0,0,0,0,0,0,0.024,0.024,0.026,0.023,0.707,0.027,0.996,0.844,0.995,0.03,0.019,0,0,0.027,0.027,0.021,0.029,0.023,0.025,0.029,0,0.024,0.021,0.019,0,0.03,0.027,0.023,0.022,0,0,0,0,0,0,0.024,0,0,0,0,0.021,0.018,0.018
GO:0018193,0.346,0,0.244,0,0,0.19,0.182,0.375,0.232,0.312,0.306,0,0,0,0,0,0,0.282,0,0.305,0.204,0.314,0.204,0.329,0.242,0,0,0.72,0.157,0,0.256,0,0,0.152,0,0,0,0.275,0.228,0.312,0.244,0.594,0.522,0,0,0,0,0,0.54,0.501,0,0,0.45,0.397,0,0.269,0.33,0.318,0.158,0.143,0.287,0.176,0,0.304,0.291,0,0,0.264,0,0.176,0.74,0,0,0,0.29,0.287,0.219,0.287,0.134,0.134,0,0,0,0,0,0,0,0,0,0,0.428,0.401,0.244,0.254,0.21,0.267,0.139,0.228,0.261,0.241,0.566,0.138,0.577,0.219,0.204,0.222,0.221,0.593,0,0,0.219,0.219,0.201,0.515,0.486,0,0,0.126,0,0.422,0.121,0.131,0.125,0.414,0.386,0,0,0.127,0.495,0.461,0.126,0,0,0.47,0.426,0,0,0,0.198,0.312,0.27,0.197,0.284,0.234,0,0,0,0,0,0,0,0,0,0,0,0,0,0,0,0,0,0,0,0,0,0,0,0,0,0,0,0,0,0,0,0,0,0,0.197,0.197,0.258,0.236,0.207,0.218,0,0,0,0,0,0,0,0,0,0,0,0,0,0,0,0,0,0,0,0,0,0.433,0.223,0.521,0.225,0.19,0,0,0,0,0,0.401,0.392,0,0,0,0,0,0,0,0,0,0,0,0,0,0,0,0,0,0,0,0.188,0.232,0.457,0.368,0.29,0.397,0.366,0.219,0.187,0.315,0.314,0.386,0.187,0.243,0.234,0.173,0.432,0,0,0,0,0,0,0,0.29,0.186,0.27,0.183,0.179,0.239,0.396,0,0,0,0,0,0,0,0,0,0,0.143,0.386,0.236,0.216,0,0.249,0.541,0.411,0.181,0.181,0,0,0,0,0.209,0.191,0.143,0.152,0,0,0.291,0.176,0.169,0.163,0.344,0,0.171,0.147,0.271,0,0,0,0,0,0.183,0,0,0,0,0,0.233,0,0.217,0.228,0,0,0,0,0,0,0.193,0.147,0,0,0.237,0,0,0,0,0,0,0,0,0,0,0.291,0,0.215,0,0,0,0,0,0.233,0,0,0,0.207,0.189,0.233,0,0,0,0,0,0,0,0.116,0.107,0.101,0,0,0,0,0.111,0.103,0,0,0,0,0,0,0.116,0,0,0,0,0,0,0,0,0,0,0,0.649,0.186,0.186,0,0,0,0,0,0,0,0,0,0,0,0,0,0,0,0,0,0,0,0.17,0,0.844,0.984,0.845,0,0,0,0,0,0,0,0,0,0,0,0,0,0,0,0,0,0,0,0,0,0,0,0,0,0,0,0,0,0,0,0,0,0
GO:0018209,0.277,0,0.193,0,0,0.157,0.152,0.301,0.185,0.249,0.254,0,0,0,0,0,0,0.224,0,0.25,0.167,0.256,0.167,0.271,0.198,0,0,0.599,0.134,0,0.219,0,0,0.13,0,0,0,0.229,0.195,0.259,0.203,0.488,0.426,0,0,0,0,0,0.471,0.442,0,0,0.386,0.347,0,0.229,0.271,0.263,0.135,0.124,0.241,0.148,0,0.253,0.244,0,0,0.222,0,0.148,0.618,0,0,0,0.243,0.241,0.191,0.241,0.117,0.117,0,0,0,0,0,0,0,0,0,0,0.384,0.362,0.211,0.218,0.184,0.227,0.12,0.198,0.223,0.208,0.492,0.12,0.5,0.192,0.177,0.191,0.193,0.512,0,0,0.192,0.192,0.178,0.453,0.43,0,0,0.111,0,0.379,0.107,0.115,0.11,0.373,0.35,0,0,0.112,0.437,0.411,0.111,0,0,0.417,0.382,0,0,0,0.163,0.259,0.229,0.162,0.236,0.192,0,0,0,0,0,0,0,0,0,0,0,0,0,0,0,0,0,0,0,0,0,0,0,0,0,0,0,0,0,0,0,0,0,0,0.174,0.174,0.221,0.204,0.182,0.191,0,0,0,0,0,0,0,0,0,0,0,0,0,0,0,0,0,0,0,0,0,0.386,0.195,0.455,0.196,0.169,0,0,0,0,0,0.362,0.354,0,0,0,0,0,0,0,0,0,0,0,0,0,0,0,0,0,0,0,0.16,0.201,0.392,0.324,0.262,0.338,0.316,0.191,0.16,0.277,0.277,0.331,0.16,0.207,0.2,0.146,0.364,0,0,0,0,0,0,0,0.244,0.166,0.229,0.163,0.16,0.207,0.358,0,0,0,0,0,0,0,0,0,0,0.124,0.35,0.204,0.189,0,0.214,0.473,0.37,0.152,0.151,0,0,0,0,0.184,0.17,0.124,0.138,0,0,0.244,0.158,0.152,0.148,0.315,0,0.154,0.134,0.227,0,0,0,0,0,0.163,0,0,0,0,0,0.202,0,0.187,0.198,0,0,0,0,0,0,0.171,0.134,0,0,0.205,0,0,0,0,0,0,0,0,0,0,0.244,0,0.18,0,0,0,0,0,0.202,0,0,0,0.182,0.168,0.202,0,0,0,0,0,0,0,0.103,0.096,0.091,0,0,0,0,0.099,0.092,0,0,0,0,0,0,0.103,0,0,0,0,0,0,0,0,0,0,0,0.552,0.155,0.154,0,0,0,0,0,0,0,0,0,0,0,0,0,0,0,0,0,0,0,0.144,0,0.995,0.845,0.996,0,0,0,0,0,0,0,0,0,0,0,0,0,0,0,0,0,0,0,0,0,0,0,0,0,0,0,0,0,0,0,0,0,0
GO:0022008,0,0.042,0,0.065,0.045,0,0.042,0,0.054,0,0.043,0,0.037,0,0.051,0,0,0,0.046,0.047,0.047,0.049,0.047,0.046,0,0.046,0,0,0,0.033,0,0.034,0,0.035,0,0.039,0,0,0,0,0,0,0,0,0,0.033,0,0,0,0,0,0,0,0,0.03,0.037,0,0.044,0,0.033,0.04,0,0.029,0,0,0.03,0.03,0.041,0,0.041,0,0.029,0.029,0,0.04,0.04,0.03,0.04,0.031,0.031,0.039,0.036,0.029,0.033,0,0.037,0,0.04,0,0,0,0,0.034,0.035,0.029,0.037,0,0,0,0,0,0.032,0,0.03,0.031,0,0.031,0,0.035,0.034,0.03,0.03,0.028,0.029,0.027,0.032,0.033,0.029,0.033,0.024,0.028,0.03,0.029,0.023,0.022,0.027,0.024,0.029,0.028,0.026,0.029,0,0,0.026,0.024,0.027,0.024,0.033,0,0,0.038,0.046,0.044,0,0,0.03,0.03,0,0,0.031,0.032,0.037,0.029,0.027,0.028,0.447,0.714,0.371,0.546,0.44,0.837,0.545,0.598,0,0.027,0.027,0.639,0.499,0.447,0.894,0.651,0.835,0.464,0.407,0.027,0,0.36,0.515,0.027,0.027,0.036,0.033,0.029,0.03,0.034,0.026,0.026,0.027,0,0.036,0.025,0,0.038,0.028,0,0,0,0.028,0,0.03,0,0.026,0.027,0.022,0.019,0.025,0.031,0.031,0.031,0.026,0.032,0.027,0.028,0.03,0.026,0,0,0.025,0.022,0.032,0,0,0.03,0.029,0,0.025,0,0,0.025,0.021,0.03,0.024,0.021,0.026,0.023,0.028,0.037,0.032,0.035,0.028,0.022,0.036,0.034,0.03,0.036,0.029,0.029,0.035,0.036,0.037,0.036,0,0,0.461,0.408,0.515,0.387,0,0,0,0.04,0.026,0.038,0.025,0.025,0.033,0,0.477,0.369,0.022,0,0,0,0.582,0.577,0.404,0.449,0,0,0,0,0.029,0.035,0,0,0.042,0.042,0.289,0.029,0.026,0.024,0.029,0.026,0.033,0.021,0,0,0.041,0.024,0.023,0.022,0,0,0.023,0.02,0.042,0.438,0.471,0.52,0.027,0,0.025,0.034,0.678,0.546,0.029,0.028,0.032,0.027,0.033,0.031,0.33,0.44,0.514,0.437,0.42,0.019,0.027,0.02,0.376,0.332,0.033,0,0.4,0.373,0.583,0.026,0.034,0.019,0.029,0.027,0.023,0.04,0.289,0,0,0.029,0.028,0.025,0.026,0.032,0.024,0.022,0.021,0.029,0.026,0.032,0.022,0.022,0.025,0.024,0.034,0.039,0.024,0.026,0.024,0.023,0.037,0.026,0.036,0.03,0.025,0.023,0,0,0.03,0.028,0.031,0.025,0.026,0,0.029,0.033,0.03,0.035,0.026,0.024,0.033,0.027,0.04,0.407,0.037,0.043,0.043,0.036,0.026,0.045,0.044,0.029,0.028,0.025,0.94,0.638,0.54,0.409,0.31,0.294,0.283,0.314,0.028,0.028,0.03,0.556,0.039,0.032,0.03,0,0,0.979,0.021,0.436,0,0.033,0.032,0.024,0.955,0.026,0.029,0.035,0,0.585,0.663,0.569,0.447,0.976,0.032,0.742,0.693,0.396,0.314,0.415,0.367,0.709,0.673,0.589,0.309,0,0.447,0.374,0.023,0.02,0.02
GO:0022407,0,0.023,0,0.028,0.024,0.17,0.21,0,0.026,0,0.023,0.161,0.195,0.187,0.231,0,0.168,0,0.024,0.024,0.024,0.025,0.024,0.024,0,0.024,0,0,0.152,0.183,0.151,0.187,0.148,0.189,0.165,0.202,0.151,0.167,0.149,0.169,0.167,0,0,0.132,0.133,0.02,0,0,0.138,0.131,0.122,0.123,0.149,0.138,0.174,0.021,0,0.023,0.153,0.183,0.204,0.163,0.169,0.167,0.163,0.174,0.173,0.206,0.137,0.206,0,0.168,0.17,0.14,0.206,0.204,0.174,0.204,0.175,0.175,0.022,0.191,0.169,0.183,0,0.021,0,0.022,0,0,0.118,0.113,0.02,0.021,0.169,0.196,0.141,0.141,0.153,0.146,0,0.179,0,0.174,0.176,0.147,0.175,0,0.021,0.02,0.174,0.174,0.164,0.169,0.163,0.019,0.02,0.168,0.02,0.148,0.164,0.173,0.167,0.146,0.139,0.16,0.151,0.169,0.165,0.157,0.168,0.12,0.116,0.159,0.149,0.163,0.148,0.02,0,0,0.021,0.024,0.023,0,0.125,0.173,0.174,0.137,0.14,0.019,0.178,0.021,0.169,0.162,0.164,0,0,0,0,0,0.022,0,0,0.141,0.161,0.161,0.175,0,0,0,0,0.022,0.153,0.153,0.163,0.139,0,0.141,0.018,0.018,0.021,0.02,0.018,0.019,0.02,0.017,0.017,0.017,0,0.021,0.017,0,0.021,0.018,0,0,0,0.164,0.148,0.172,0,0.158,0.161,0.015,0.128,0.017,0.019,0.019,0.019,0.017,0.02,0.018,0.165,0.174,0.156,0.113,0.111,0.153,0.143,0.179,0.115,0.113,0.173,0.17,0.116,0.153,0,0.109,0.153,0.137,0.174,0.148,0.135,0.157,0.144,0.165,0.021,0.019,0.021,0.018,0.015,0.021,0.02,0.019,0.021,0.018,0.018,0.021,0.021,0.021,0.021,0,0,0,0,0.016,0,0,0.12,0.111,0.022,0.017,0.021,0.017,0.016,0.02,0,0,0,0.143,0,0,0,0,0,0,0,0.144,0,0.144,0.136,0.168,0.02,0,0,0.023,0.023,0,0.018,0.159,0.148,0.018,0.017,0.182,0.135,0.11,0.095,0.022,0.15,0.146,0.143,0,0,0.147,0.014,0.023,0,0,0.017,0.16,0,0.017,0.02,0.02,0.158,0.169,0.166,0.18,0.163,0.183,0.178,0,0,0,0,0,0.128,0.16,0.132,0.135,0.135,0.182,0,0,0,0.018,0.156,0.02,0.014,0.018,0.163,0.146,0.022,0,0,0,0.018,0.165,0.152,0.158,0.18,0.148,0.143,0.135,0.167,0.158,0.18,0.143,0.139,0.017,0.016,0.02,0.022,0.15,0.159,0.151,0.145,0.021,0.017,0.021,0.019,0.154,0.147,0.122,0.123,0.019,0.018,0.019,0.016,0.159,0.119,0.018,0.02,0.019,0.021,0.017,0.151,0.02,0.017,0.022,0,0.021,0.023,0.023,0.021,0.017,0.024,0.215,0.169,0.166,0.153,0,0,0,0,0,0,0,0,0.018,0.116,0.019,0.16,0.022,0.02,0.019,0,0,0.021,1,0.138,0,0.02,0.02,0.892,0.02,0.158,0.12,0.19,0,0.165,0.15,0.135,0.101,0.021,0.02,0.162,0.155,0,0,0.144,0.144,0.131,0.126,0.166,0,0.12,0.101,0.125,0.147,0.132,0.132
GO:0022603,0,0,0,0,0,0.264,0.254,0,0,0,0,0.242,0.228,0.307,0.296,0,0.278,0,0,0,0,0,0,0,0,0,0,0,0.224,0.208,0.221,0.214,0.214,0.218,0.251,0.24,0.221,0.256,0.217,0.263,0.256,0,0,0.192,0.194,0,0,0,0.194,0.181,0.171,0.174,0.217,0.195,0.194,0,0,0,0.226,0.207,0.244,0.248,0.185,0.257,0.247,0.193,0.191,0.248,0.193,0.248,0,0.185,0.187,0.198,0.246,0.244,0.193,0.244,0.195,0.195,0,0.221,0.185,0.207,0,0,0,0,0,0,0.157,0.148,0,0,0.185,0.23,0.201,0.2,0.225,0.21,0,0.201,0,0.193,0.197,0.212,0.194,0,0,0,0.193,0.193,0.179,0.186,0.176,0,0,0.184,0,0.155,0.177,0.191,0.183,0.152,0.143,0.172,0.159,0.186,0.179,0.168,0.184,0.166,0.159,0.171,0.156,0.176,0.155,0,0,0,0,0,0,0,0.177,0.192,0.193,0.193,0.197,0,0.2,0,0.185,0.175,0.178,0.251,0.515,0.329,0.761,0.633,0.427,0,0.486,0.199,0.173,0.174,0.701,0.426,0.416,0.463,0.532,0.428,0.814,0.225,0.177,0.206,0.53,0.719,0,0,0,0,0,0,0,0,0,0,0,0,0,0,0,0,0,0,0,0.178,0.214,0.19,0,0.169,0.173,0,0.128,0,0,0,0,0,0,0,0.18,0.194,0.167,0.148,0.145,0.162,0.148,0.201,0.158,0.155,0.192,0.187,0.16,0.162,0,0.146,0.162,0.141,0.193,0.156,0.138,0.168,0.15,0.18,0,0,0,0,0,0,0,0,0,0,0,0,0,0,0,0,0,0.587,0.527,0.522,0.566,0,0.159,0.145,0,0,0,0,0,0,0,0.605,0.328,0.148,0,0,0,0.435,0.431,0.522,0.389,0.206,0,0.206,0.19,0.183,0,0,0,0,0,0.26,0,0.171,0.156,0,0,0.206,0.138,0.148,0.123,0,0.158,0.152,0.148,0,0,0.154,0,0,0.562,0.362,0.527,0.172,0,0,0,0.358,0.611,0.186,0.181,0.203,0.176,0.208,0.199,0.435,0.383,0.646,0.629,0.607,0.128,0.172,0.134,0.679,0.189,0.207,0,0.352,0.487,0.582,0.166,0,0,0,0.176,0.152,0,0.26,0,0,0,0.18,0.16,0.169,0.203,0.155,0.148,0.138,0.183,0.169,0.203,0.148,0.143,0,0,0,0,0.158,0.171,0.159,0.151,0,0,0,0,0.164,0.153,0.171,0.173,0,0,0,0,0.171,0.166,0,0,0,0,0,0.159,0,0,0,0,0,0,0,0,0,0,0.263,0.186,0.18,0.162,0.449,0.32,0.275,0,0,0,0,0,0,0.159,0,0.621,0,0,0,0,0,0.436,0.138,0.995,0,0,0,0.158,0.427,0.169,0.167,0.22,0,0.649,0.57,0.496,0.659,0.435,0,0.63,0.593,0,0,0.739,0.206,0.646,0.617,0.654,0.28,0.168,0.462,0.869,0.154,0.134,0.134
GO:0023052,0,0,0,0,0,0,0,0,0,0,0,0,0,0,0,0,0,0,0,0,0,0,0,0,0,0,0,0,0,0.619,0,0,0.643,0,0,0,0,0,0,0,0,0,0,0,0,0,0,0,0,0,0,0,0,0,0.56,0,0,0,0,0,0,0,0.527,0,0,0,0,0,0.554,0,0,0,0,0,0,0,0,0,0,0,0,0,0,0,0,0,0,0,0,0,0,0,0,0,0,0,0,0,0,0,0,0,0,0,0,0,0,0,0,0,0,0,0,0,0,0,0,0,0,0,0,0,0,0,0.375,0.475,0.431,0,0,0,0,0,0,0,0,0.491,0.415,0,0,0,0,0,0,0,0,0.552,0,0.556,0,0,0,0,0,0,0,0,0,0,0,0,0,0,0,0,0,0,0,0,0,0,0,0,0,0,0,0,0,0,0,0,0,0,0,0,0,0,0,0,0,0,0,0,0,0,0,0,0,0,0,0,0,0,0,0,0.328,0,0,0,0,0,0,0,0,0,0,0,0,0.439,0.391,0,0,0,0,0,0,0,0,0,0,0,0,0,0,0,0,0.506,0,0,0,0,0,0,0,0,0,0,0,0,0,0,0,0,0,0,0,0,0,0,0,0,0,0,0,0,0,0,0,0,0,0,0,0,0,0,0,0,0,0,0,0,0,0,0,0,0,0,0,0,0,0.474,0.418,0,0,0,0,0,0,0,0,0,0,0,0,0,0,0,0,0,0,0,0,0,0,0,0,0,0,0,0,0,0,0,0,0,0,0,0,0,0,0,0,0,0,0,0,0,0.455,0,0,0,0,0.406,0,0,0,0,0,0,0,0,0,0,0,0,0,0,0,0,0,0,0,0,0,0,0,0,0,0,0,0,0,0,0,0,0,0,0,0,0,0,0,0,0,0,0,0,0,0,0,0,0,0,0,0,0,0,0,0.879,0.528,0.507,0.44,0,0,0,0,0,0,0,0,0,0,0,0,0,0,0,0,0,0,0,0,0.904,0,0,0,0,0.464,0,0.67,0,0,0,0,0,0,0,0,0,0,0,0,0,0,0,0,0,0,0,0,0.412,0.347,0.347
GO:0030029,0,0.037,0,0.055,0.04,0,0.038,0,0.047,0,0.038,0,0.034,0,0.045,0,0,0,0.041,0.042,0.042,0.043,0.042,0.041,0,0.041,0,0,0,0.03,0,0.031,0,0.032,0,0.035,0,0,0,0,0,0,0,0,0,0.031,0,0,0,0,0,0,0,0,0.028,0.034,0,0.04,0,0.03,0.036,0,0.027,0,0,0.028,0.028,0.037,0,0.037,0,0.027,0.027,0,0.036,0.036,0.028,0.036,0.028,0.028,0.035,0.032,0.027,0.03,0,0.034,0,0.037,0,0,0,0,0.031,0.032,0.027,0.034,0,0,0,0,0,0.029,0,0.028,0.029,0,0.028,0,0.032,0.031,0.028,0.028,0.026,0.027,0.025,0.029,0.03,0.027,0.03,0.022,0.026,0.028,0.026,0.022,0.02,0.025,0.023,0.027,0.026,0.024,0.027,0,0,0.025,0.022,0.025,0.022,0.031,0,0,0.034,0.041,0.039,0,0,0.028,0.028,0,0,0.028,0.029,0.034,0.027,0.025,0.026,0,0,0,0,0,0.036,0,0,0,0.025,0.025,0.028,0,0,0,0,0.036,0,0,0.026,0,0,0,0.025,0.025,0.033,0.03,0.026,0.028,0.031,0.025,0.025,0.025,0,0.033,0.024,0,0.034,0.026,0,0,0,0.026,0,0.028,0,0.024,0.025,0.021,0.018,0.024,0.029,0.028,0.029,0.024,0.03,0.025,0.026,0.028,0.024,0,0,0.023,0.021,0.029,0,0,0.028,0.027,0,0.023,0,0,0.023,0.02,0.028,0.022,0.02,0.024,0.022,0.026,0.033,0.03,0.032,0.026,0.021,0.033,0.031,0.028,0.033,0.027,0.027,0.032,0.033,0.034,0.033,0,0,0,0,0.023,0,0,0,0,0.037,0.024,0.034,0.024,0.023,0.03,0,0,0,0.021,0,0,0,0,0,0,0,0,0,0,0,0.027,0.032,0,0,0.038,0.038,0,0.027,0.025,0.022,0.027,0.025,0.03,0.02,0,0,0.037,0.023,0.022,0.021,0,0,0.022,0.019,0.037,0,0,0.023,0.025,0,0.024,0.031,0.03,0.024,0.027,0.026,0.03,0.025,0.03,0.029,0,0,0,0,0,0.018,0.025,0.019,0,0,0.03,0,0,0,0.026,0.024,0.031,0.018,0.027,0.025,0.022,0.037,0,0,0,0.027,0.026,0.023,0.024,0.03,0.022,0.021,0.02,0.027,0.024,0.03,0.021,0.02,0.024,0.023,0.031,0.035,0.023,0.025,0.023,0.022,0.033,0.024,0.033,0.028,0.024,0.022,0,0,0.028,0.026,0.028,0.023,0.025,0,0.027,0.031,0.028,0.032,0.024,0.023,0.031,0.025,0.036,0,0.033,0.039,0.038,0.033,0.024,0.04,0.039,0.027,0.026,0.023,0,0,0,0,0,0,0,0,0.026,0.026,0.028,0.025,0.035,0.03,0.027,0,0,0.033,0.02,0,0,0.99,0.981,0.023,0.032,0.024,0.027,0.032,0,0.026,0.023,0.02,0,0.033,0.03,0.025,0.024,0,0,0,0,0,0,0.026,0,0,0,0,0.022,0.019,0.019
GO:0030036,0,0.699,0,0.054,0.581,0,0.037,0,0.047,0,0.038,0,0.033,0,0.044,0,0,0,0.561,0.041,0.041,0.042,0.041,0.04,0,0.04,0,0,0,0.03,0,0.031,0,0.032,0,0.035,0,0,0,0,0,0,0,0,0,0.571,0,0,0,0,0,0,0,0,0.028,0.034,0,0.039,0,0.03,0.036,0,0.027,0,0,0.028,0.028,0.036,0,0.036,0,0.027,0.027,0,0.036,0.036,0.028,0.036,0.028,0.028,0.482,0.468,0.027,0.03,0,0.034,0,0.036,0,0,0,0,0.031,0.032,0.027,0.033,0,0,0,0,0,0.029,0,0.028,0.028,0,0.028,0,0.032,0.031,0.028,0.028,0.026,0.027,0.025,0.029,0.03,0.027,0.03,0.022,0.025,0.028,0.026,0.022,0.02,0.025,0.023,0.027,0.026,0.024,0.027,0,0,0.024,0.022,0.025,0.022,0.423,0,0,0.034,0.04,0.039,0,0,0.028,0.028,0,0,0.412,0.029,0.488,0.027,0.025,0.373,0,0,0,0,0,0.036,0,0,0,0.025,0.025,0.028,0,0,0,0,0.036,0,0,0.025,0,0,0,0.025,0.025,0.032,0.03,0.026,0.028,0.031,0.462,0.461,0.47,0,0.033,0.024,0,0.034,0.026,0,0,0,0.025,0,0.027,0,0.024,0.025,0.021,0.018,0.328,0.394,0.028,0.029,0.338,0.412,0.349,0.488,0.408,0.348,0,0,0.023,0.021,0.55,0,0,0.385,0.393,0,0.337,0,0,0.337,0.291,0.406,0.419,0.37,0.455,0.404,0.026,0.033,0.029,0.032,0.026,0.021,0.033,0.03,0.028,0.033,0.026,0.026,0.032,0.033,0.033,0.032,0,0,0,0,0.023,0,0,0,0,0.036,0.024,0.034,0.023,0.023,0.03,0,0,0,0.021,0,0,0,0,0,0,0,0,0,0,0,0.026,0.031,0,0,0.037,0.037,0,0.387,0.025,0.022,0.027,0.024,0.03,0.02,0,0,0.036,0.023,0.022,0.021,0,0,0.022,0.278,0.037,0,0,0.023,0.025,0,0.023,0.453,0.03,0.024,0.027,0.026,0.029,0.025,0.03,0.029,0,0,0,0,0,0.018,0.025,0.019,0,0,0.03,0,0,0,0.026,0.024,0.444,0.018,0.388,0.025,0.022,0.036,0,0,0,0.027,0.026,0.023,0.024,0.029,0.022,0.021,0.02,0.026,0.024,0.029,0.021,0.02,0.343,0.023,0.031,0.035,0.023,0.024,0.023,0.022,0.033,0.024,0.472,0.401,0.023,0.022,0,0,0.027,0.026,0.529,0.023,0.024,0,0.512,0.572,0.399,0.468,0.024,0.023,0.03,0.025,0.035,0,0.033,0.038,0.038,0.882,0.458,0.039,0.039,0.027,0.026,0.023,0,0,0,0,0,0,0,0,0.026,0.373,0.408,0.025,0.035,0.029,0.027,0,0,0.032,0.02,0,0,0.981,0.991,0.022,0.032,0.024,0.392,0.032,0,0.026,0.023,0.02,0,0.032,0.03,0.025,0.024,0,0,0,0,0,0,0.026,0,0,0,0,0.022,0.019,0.019
GO:0030155,0,0.027,0,0.035,0.028,0.201,0.247,0,0.031,0,0.027,0.188,0.227,0.225,0.278,0,0.203,0,0.028,0.029,0.029,0.029,0.029,0.028,0,0.028,0,0,0.177,0.211,0.175,0.216,0.171,0.219,0.194,0.236,0.175,0.196,0.173,0.2,0.197,0,0,0.153,0.154,0.023,0,0,0.158,0.149,0.14,0.141,0.173,0.158,0.2,0.025,0,0.028,0.178,0.21,0.24,0.192,0.192,0.197,0.191,0.198,0.197,0.242,0.157,0.242,0,0.192,0.194,0.161,0.241,0.24,0.198,0.24,0.201,0.201,0.025,0.222,0.192,0.21,0,0.025,0,0.026,0,0,0.132,0.126,0.023,0.024,0.192,0.228,0.162,0.162,0.178,0.168,0,0.205,0,0.199,0.202,0.17,0.2,0,0.024,0.023,0.199,0.199,0.186,0.192,0.184,0.022,0.023,0.191,0.023,0.165,0.185,0.197,0.19,0.163,0.154,0.18,0.17,0.192,0.187,0.177,0.191,0.136,0.131,0.18,0.167,0.184,0.165,0.023,0,0,0.025,0.028,0.027,0,0.143,0.198,0.199,0.157,0.16,0.022,0.205,0.025,0.192,0.183,0.186,0,0,0,0,0,0.026,0,0,0.161,0.182,0.182,0.2,0,0,0,0,0.026,0.178,0.178,0.185,0.162,0,0.162,0.02,0.02,0.024,0.023,0.021,0.021,0.023,0.019,0.019,0.02,0,0.024,0.019,0,0.025,0.02,0,0,0,0.186,0.171,0.196,0,0.178,0.182,0.017,0.141,0.019,0.022,0.022,0.022,0.019,0.023,0.02,0.188,0.199,0.176,0.126,0.124,0.172,0.159,0.206,0.131,0.128,0.198,0.194,0.132,0.172,0,0.122,0.172,0.152,0.199,0.166,0.15,0.178,0.161,0.188,0.024,0.022,0.024,0.02,0.017,0.024,0.023,0.021,0.024,0.021,0.021,0.024,0.024,0.025,0.024,0,0,0,0,0.019,0,0,0.134,0.124,0.026,0.019,0.025,0.019,0.018,0.023,0,0,0,0.159,0,0,0,0,0,0,0,0.166,0,0.165,0.155,0.191,0.024,0,0,0.027,0.027,0,0.021,0.18,0.166,0.021,0.019,0.21,0.15,0.124,0.106,0.026,0.169,0.163,0.159,0,0,0.165,0.016,0.027,0,0,0.019,0.181,0,0.019,0.023,0.023,0.179,0.193,0.189,0.207,0.184,0.211,0.204,0,0,0,0,0,0.141,0.181,0.146,0.154,0.154,0.21,0,0,0,0.02,0.176,0.023,0.015,0.021,0.184,0.163,0.026,0,0,0,0.021,0.188,0.17,0.178,0.207,0.165,0.159,0.15,0.19,0.178,0.207,0.159,0.154,0.019,0.018,0.023,0.025,0.169,0.18,0.169,0.162,0.025,0.019,0.024,0.021,0.174,0.164,0.139,0.14,0.021,0.02,0.022,0.018,0.18,0.136,0.021,0.023,0.021,0.024,0.019,0.169,0.023,0.02,0.026,0,0.025,0.027,0.027,0.024,0.019,0.028,0.254,0.193,0.188,0.172,0,0,0,0,0,0,0,0,0.02,0.131,0.022,0.181,0.026,0.022,0.021,0,0,0.024,0.892,0.158,0,0.023,0.022,1,0.024,0.178,0.136,0.221,0,0.188,0.169,0.15,0.111,0.024,0.023,0.183,0.174,0,0,0.165,0.165,0.148,0.142,0.189,0,0.137,0.111,0.141,0.165,0.146,0.146
GO:0030182,0,0.04,0,0.062,0.044,0,0.041,0,0.052,0,0.041,0,0.036,0,0.049,0,0,0,0.044,0.046,0.046,0.047,0.046,0.045,0,0.044,0,0,0,0.032,0,0.033,0,0.034,0,0.038,0,0,0,0,0,0,0,0,0,0.032,0,0,0,0,0,0,0,0,0.03,0.036,0,0.043,0,0.032,0.039,0,0.028,0,0,0.03,0.029,0.039,0,0.039,0,0.028,0.029,0,0.039,0.039,0.03,0.039,0.03,0.03,0.038,0.035,0.028,0.032,0,0.037,0,0.039,0,0,0,0,0.033,0.034,0.028,0.036,0,0,0,0,0,0.031,0,0.03,0.03,0,0.03,0,0.034,0.033,0.03,0.03,0.027,0.028,0.027,0.031,0.032,0.028,0.032,0.023,0.027,0.029,0.028,0.023,0.021,0.026,0.024,0.028,0.027,0.025,0.028,0,0,0.026,0.023,0.027,0.023,0.033,0,0,0.037,0.044,0.042,0,0,0.029,0.03,0,0,0.03,0.031,0.036,0.028,0.027,0.027,0.441,0.692,0.364,0.531,0.431,0.813,0.526,0.579,0,0.026,0.026,0.625,0.487,0.441,0.87,0.63,0.811,0.452,0.397,0.027,0,0.353,0.504,0.027,0.027,0.035,0.032,0.028,0.029,0.034,0.026,0.026,0.026,0,0.035,0.025,0,0.037,0.027,0,0,0,0.027,0,0.029,0,0.026,0.026,0.022,0.019,0.025,0.03,0.03,0.03,0.026,0.032,0.027,0.027,0.03,0.025,0,0,0.024,0.022,0.031,0,0,0.029,0.029,0,0.024,0,0,0.024,0.021,0.03,0.023,0.02,0.025,0.022,0.027,0.036,0.031,0.035,0.028,0.022,0.036,0.033,0.03,0.035,0.028,0.028,0.035,0.035,0.036,0.035,0,0,0.451,0.401,0.506,0.38,0,0,0,0.039,0.025,0.037,0.025,0.024,0.032,0,0.467,0.363,0.022,0,0,0,0.568,0.563,0.397,0.439,0,0,0,0,0.028,0.034,0,0,0.041,0.041,0.284,0.028,0.026,0.023,0.028,0.026,0.032,0.02,0,0,0.039,0.024,0.023,0.022,0,0,0.023,0.02,0.04,0.43,0.462,0.511,0.026,0,0.025,0.033,0.663,0.536,0.028,0.028,0.031,0.027,0.032,0.031,0.325,0.431,0.503,0.427,0.411,0.019,0.026,0.02,0.369,0.325,0.032,0,0.392,0.367,0.571,0.025,0.033,0.019,0.028,0.027,0.023,0.039,0.284,0,0,0.029,0.027,0.024,0.026,0.031,0.023,0.022,0.02,0.028,0.026,0.031,0.022,0.021,0.025,0.024,0.033,0.038,0.024,0.026,0.024,0.023,0.036,0.025,0.035,0.029,0.025,0.023,0,0,0.029,0.028,0.03,0.024,0.026,0,0.029,0.032,0.029,0.035,0.025,0.024,0.033,0.026,0.038,0.397,0.036,0.042,0.042,0.035,0.026,0.043,0.042,0.028,0.028,0.024,0.916,0.627,0.532,0.398,0.304,0.288,0.278,0.308,0.027,0.027,0.03,0.546,0.038,0.031,0.029,0,0,0.955,0.02,0.427,0,0.032,0.032,0.024,0.983,0.026,0.029,0.034,0,0.573,0.688,0.591,0.441,0.959,0.032,0.728,0.681,0.386,0.308,0.406,0.359,0.696,0.66,0.578,0.305,0,0.441,0.367,0.023,0.02,0.02
GO:0031098,0,0.029,0,0.039,0.031,0.22,0.269,0,0.035,0,0.029,0.204,0.246,0.249,0.305,0.336,0.224,0,0.031,0.032,0.032,0.032,0.032,0.031,0,0.436,0,0,0.191,0.401,0.189,0.381,0.384,0.236,0.211,0.256,0.267,0.214,0.186,0.219,0.214,0,0,0.164,0.166,0.025,0.263,0.294,0.169,0.159,0.149,0.151,0.186,0.169,0.651,0.027,0,0.03,0.192,0.226,0.26,0.208,0.363,0.214,0.208,0.348,0.211,0.263,0.351,0.263,0,0.204,0.207,0.243,0.262,0.26,0.212,0.26,0.215,0.215,0.027,0.239,0.205,0.226,0.556,0.663,0,0.028,0,0,0.14,0.133,0.025,0.026,0.205,0.247,0.174,0.173,0.192,0.181,0,0.22,0,0.212,0.216,0.183,0.214,0,0.363,0.352,0.212,0.212,0.199,0.205,0.196,0.024,0.025,0.204,0.024,0.175,0.197,0.211,0.203,0.172,0.496,0.584,0.548,0.205,0.199,0.188,0.204,0.145,0.14,0.191,0.176,0.598,0.309,0.025,0,0,0.027,0.031,0.03,0,0.153,0.374,0.349,0.351,0.242,0.023,0.219,0.027,0.205,0.195,0.198,0,0,0,0,0,0.028,0,0,0.173,0.193,0.194,0.214,0,0,0,0,0.028,0.193,0.192,0.197,0.175,0,0.173,0.52,0.521,0.026,0.6,0.541,0.023,0.623,0.021,0.021,0.021,0,0.026,0.02,0,0.027,0.021,0,0,0,0.198,0.184,0.21,0.184,0.189,0.193,0.252,0.261,0.02,0.023,0.023,0.023,0.021,0.024,0.021,0.2,0.213,0.187,0.133,0.13,0.554,0.511,0.221,0.139,0.136,0.211,0.207,0.14,0.182,0.223,0.13,0.182,0.16,0.213,0.176,0.158,0.189,0.17,0.61,0.026,0.024,0.026,0.022,0.018,0.026,0.025,0.023,0.026,0.022,0.022,0.026,0.026,0.027,0.026,0,0,0,0,0.02,0,0.165,0.142,0.13,0.028,0.02,0.027,0.02,0.02,0.025,0,0,0,0.168,0.283,0.263,0.243,0,0,0,0,0.178,0,0.178,0.166,0.203,0.025,0,0,0.029,0.029,0,0.022,0.338,0.311,0.022,0.021,0.225,0.158,0.131,0.111,0.028,0.178,0.172,0.168,0,0.182,0.174,0.017,0.029,0,0,0.02,0.192,0.263,0.02,0.025,0.024,0.19,0.206,0.201,0.222,0.196,0.227,0.219,0,0,0,0,0,0.148,0.192,0.154,0.165,0.165,0.226,0.263,0,0,0.022,0.33,0.025,0.226,0.022,0.196,0.305,0.028,0,0,0.237,0.316,0.2,0.18,0.189,0.222,0.175,0.168,0.158,0.203,0.189,0.222,0.168,0.163,0.02,0.019,0.025,0.028,0.178,0.191,0.179,0.171,0.027,0.02,0.026,0.023,0.184,0.173,0.149,0.15,0.023,0.022,0.023,0.02,0.191,0.145,0.023,0.025,0.023,0.026,0.02,0.179,0.025,0.021,0.028,0,0.027,0.03,0.03,0.026,0.021,0.461,0.489,0.627,0.611,0.556,0,0,0,0,0,0,0,0,0.022,0.14,0.023,0.192,0.028,0.024,0.023,0,0,0.026,0.158,0.169,0.464,0.024,0.024,0.178,0.026,0.999,0.146,0.726,0,0.2,0.178,0.158,0.117,0.026,0.024,0.195,0.185,0,0,0.177,0.178,0.158,0.151,0.201,0,0.146,0.117,0.15,0.308,0.272,0.272
GO:0032535,0,0.482,0,0.046,0.514,0.224,0.216,0,0.04,0,0.034,0.207,0.195,0.259,0.25,0,0.263,0,0.496,0.036,0.037,0.037,0.037,0.036,0,0.036,0,0,0.191,0.179,0.189,0.183,0.183,0.186,0.214,0.204,0.189,0.217,0.186,0.223,0.218,0,0,0.184,0.186,0.402,0,0,0.166,0.156,0.165,0.168,0.186,0.167,0.167,0.03,0,0.035,0.193,0.178,0.208,0.211,0.16,0.218,0.211,0.166,0.165,0.211,0.166,0.211,0,0.159,0.161,0.17,0.21,0.208,0.166,0.208,0.168,0.168,0.433,0.424,0.159,0.178,0,0.03,0,0.032,0,0,0.136,0.128,0.028,0.029,0.16,0.196,0.172,0.172,0.192,0.18,0,0.172,0,0.166,0.169,0.182,0.167,0,0.029,0.028,0.166,0.166,0.154,0.16,0.152,0.026,0.027,0.159,0.027,0.134,0.153,0.164,0.158,0.132,0.124,0.148,0.138,0.16,0.154,0.145,0.159,0.161,0.154,0.147,0.135,0.152,0.134,0.385,0,0,0.03,0.036,0.034,0,0.17,0.165,0.166,0.166,0.169,0.377,0.172,0.44,0.159,0.151,0.345,0,0,0,0,0,0.032,0,0,0.171,0.149,0.15,0.167,0,0,0,0,0.032,0.193,0.192,0.152,0.751,0,0.171,0.023,0.023,0.029,0.027,0.024,0.025,0.028,0.331,0.33,0.336,0,0.03,0.022,0,0.03,0.024,0,0,0,0.153,0.184,0.164,0,0.146,0.149,0.019,0.112,0.305,0.361,0.026,0.026,0.313,0.376,0.323,0.348,0.374,0.323,0.128,0.125,0.14,0.128,0.388,0.153,0.15,0.353,0.362,0.155,0.313,0,0.142,0.313,0.274,0.373,0.302,0.268,0.326,0.292,0.155,0.03,0.027,0.029,0.024,0.019,0.03,0.028,0.025,0.03,0.024,0.024,0.029,0.03,0.03,0.029,0,0,0,0,0.021,0,0,0.138,0.125,0.032,0.022,0.03,0.022,0.021,0.027,0,0,0,0.128,0,0,0,0,0,0,0,0.177,0,0.176,0.163,0.158,0.028,0,0,0.033,0.033,0,0.356,0.148,0.135,0.024,0.023,0.177,0.12,0.545,0.455,0.032,0.137,0.132,0.128,0,0,0.133,0.261,0.033,0,0,0.022,0.149,0,0.022,0.411,0.027,0.146,0.16,0.156,0.175,0.152,0.178,0.171,0,0,0,0,0,0.112,0.148,0.117,0.162,0.162,0.177,0,0,0,0.024,0.144,0.404,0.017,0.357,0.152,0.132,0.032,0,0,0,0.025,0.155,0.138,0.146,0.175,0.134,0.128,0.12,0.158,0.146,0.175,0.128,0.124,0.318,0.021,0.028,0.031,0.137,0.148,0.137,0.131,0.03,0.022,0.427,0.368,0.142,0.133,0.165,0.167,0.025,0.024,0.374,0.021,0.148,0.161,0.364,0.402,0.367,0.424,0.022,0.137,0.028,0.023,0.032,0,0.03,0.034,0.034,0.428,0.328,0.035,0.223,0.16,0.155,0.14,0,0,0,0,0,0,0,0,0.024,0.951,0.374,0.149,0.031,0.027,0.025,0,0,0.029,0.12,0.167,0,0.027,0.392,0.136,0.029,0.146,0.996,0.188,0,0.155,0.137,0.12,0.112,0.029,0.027,0.151,0.142,0,0,0.176,0.176,0.155,0.148,0.156,0,0.99,0.112,0.146,0.133,0.117,0.117
GO:0035556,0,0.041,0,0.063,0.044,0.316,0.382,0,0.053,0,0.042,0.285,0.336,0.379,0.459,0.501,0.344,0,0.045,0.046,0.047,0.048,0.046,0.045,0,0.634,0,0,0.26,0.534,0.256,0.511,0.515,0.318,0.297,0.355,0.361,0.304,0.251,0.313,0.304,0,0,0.221,0.224,0.033,0.355,0.412,0.22,0.204,0.194,0.198,0.251,0.221,0.849,0.037,0,0.044,0.262,0.3,0.363,0.292,0.468,0.305,0.292,0.453,0.274,0.369,0.457,0.37,0,0.263,0.267,0.32,0.367,0.363,0.276,0.363,0.281,0.281,0.038,0.324,0.264,0.3,0.42,0.522,0,0.04,0,0,0.174,0.163,0.033,0.035,0.264,0.339,0.229,0.228,0.261,0.241,0,0.289,0,0.277,0.283,0.244,0.279,0,0.491,0.47,0.277,0.277,0.254,0.265,0.25,0.031,0.033,0.263,0.032,0.216,0.252,0.274,0.261,0.212,0.604,0.74,0.682,0.265,0.254,0.237,0.263,0.188,0.179,0.241,0.219,0.761,0.382,0.033,0,0,0.037,0.045,0.043,0,0.201,0.487,0.454,0.458,0.317,0.03,0.288,0.037,0.264,0.247,0.253,0,0,0,0,0,0.04,0,0,0.227,0.245,0.246,0.28,0,0,0,0,0.04,0.263,0.261,0.251,0.24,0,0.228,0.379,0.38,0.035,0.456,0.398,0.03,0.479,0.026,0.026,0.027,0,0.036,0.025,0,0.037,0.027,0,0,0,0.252,0.247,0.273,0.225,0.239,0.245,0.307,0.311,0.025,0.031,0.03,0.031,0.026,0.032,0.027,0.256,0.278,0.235,0.163,0.159,0.692,0.626,0.291,0.178,0.173,0.275,0.268,0.18,0.227,0.286,0.162,0.227,0.195,0.277,0.218,0.19,0.238,0.209,0.781,0.036,0.032,0.035,0.028,0.022,0.036,0.033,0.03,0.036,0.028,0.028,0.035,0.036,0.037,0.035,0,0,0,0,0.024,0,0.197,0.177,0.159,0.04,0.025,0.037,0.025,0.024,0.033,0,0,0,0.205,0.391,0.355,0.319,0,0,0,0,0.236,0,0.236,0.215,0.262,0.034,0,0,0.041,0.041,0,0.029,0.428,0.385,0.029,0.026,0.299,0.19,0.165,0.134,0.04,0.222,0.212,0.205,0,0.221,0.215,0.02,0.041,0,0,0.025,0.243,0.355,0.025,0.034,0.032,0.239,0.265,0.258,0.294,0.25,0.301,0.288,0,0,0,0,0,0.176,0.243,0.185,0.213,0.214,0.3,0.355,0,0,0.028,0.414,0.033,0.269,0.029,0.25,0.375,0.04,0,0,0.309,0.408,0.256,0.224,0.239,0.294,0.216,0.205,0.19,0.261,0.239,0.294,0.205,0.198,0.025,0.024,0.034,0.038,0.222,0.242,0.223,0.211,0.036,0.025,0.035,0.03,0.231,0.214,0.193,0.196,0.029,0.028,0.03,0.024,0.242,0.188,0.029,0.033,0.029,0.035,0.025,0.223,0.033,0.027,0.039,0,0.036,0.042,0.042,0.035,0.026,0.666,0.702,0.809,0.782,0.694,0,0,0,0,0,0,0,0,0.028,0.178,0.03,0.244,0.039,0.032,0.029,0,0,0.035,0.19,0.22,0.67,0.032,0.032,0.221,0.034,0.726,0.188,0.981,0,0.256,0.222,0.19,0.139,0.035,0.032,0.248,0.232,0,0,0.235,0.236,0.202,0.192,0.258,0,0.19,0.139,0.189,0.38,0.327,0.327
GO:0040011,0,0,0,0,0,0,0,0,0,0,0,0,0,0,0,0,0,0,0,0,0,0,0,0,0,0,0,0,0,0,0,0,0,0,0,0,0,0,0,0,0,0,0,0,0,0,0,0,0,0,0,0,0,0,0,0,0,0,0,0,0,0,0,0,0,0,0,0,0,0,0,0,0,0,0,0,0,0,0,0,0,0,0,0,0,0,0,0,0,0,0,0,0,0,0,0,0,0,0,0,0,0,0,0,0,0,0,0,0,0,0,0,0,0,0,0,0,0,0,0,0,0,0,0,0,0,0,0,0,0,0,0,0,0,0,0,0,0,0,0,0,0,0,0,0,0,0,0,0,0,0,0,0,0,0,0,0,0,0,0,0,0,0,0,0,0,0,0,0,0,0,0,0,0,0,0,0,0,0,0,0,0,0,0,0,0,0,0,0,0,0,0,0,0,0,0,0,0,0,0,0,0,0,0,0,0,0,0,0,0,0,0,0,0,0,0,0,0,0,0,0,0,0,0,0,0,0,0,0,0,0,0,0,0,0,0,0,0,0,0,0,0,0,0,0,0,0,0,0,0,0,0,0,0,0,0,0,0,0,0,0,0,0,0,0,0,0,0,0,0,0,0,0,0,0,0,0,0,0,0,0,0,0,0,0,0,0,0,0,0,0,0,0,0,0,0,0,0,0,0,0,0,0,0,0,0,0,0,0,0,0,0,0,0,0,0,0,0,0,0,0,0,0,0,0,0,0,0,0,0,0,0,0,0,0,0,0,0,0,0,0,0,0,0,0,0,0,0,0,0,0,0,0,0,0,0,0,0,0,0,0,0,0,0,0,0,0,0,0,0,0,0,0,0,0,0,0,0,0,0,0,0,0,0,0,0,0,0,0,0,0,0,0,0,0,0,0,0,0,0,0,0,0,0,0,0,0,0,0,0,0,0,0,0,0,0,0,0,0,0,0,0,0,0,0,0,0,0,0,0.977,0,0,0,0,0,0,0,0,0,0,0,0,0,0,0,0,0,0,0,0,0,0
GO:0045597,0,0.031,0,0.043,0.034,0.24,0.293,0,0.038,0,0.032,0.222,0.265,0.275,0.336,0,0.248,0,0.034,0.035,0.035,0.035,0.035,0.034,0,0.034,0,0,0.542,0.244,0.537,0.25,0.198,0.615,0.603,0.671,0.203,0.233,0.528,0.238,0.233,0,0,0.177,0.179,0.026,0,0,0.18,0.446,0.159,0.162,0.2,0.477,0.228,0.029,0,0.033,0.208,0.242,0.282,0.226,0.53,0.233,0.226,0.548,0.225,0.286,0.472,0.286,0,0.218,0.221,0.485,0.284,0.282,0.227,0.282,0.229,0.229,0.03,0.258,0.218,0.242,0,0.029,0,0.031,0,0,0.148,0.368,0.027,0.028,0.219,0.267,0.186,0.185,0.207,0.194,0,0.235,0,0.227,0.231,0.196,0.228,0,0.028,0.027,0.227,0.227,0.211,0.219,0.504,0.025,0.026,0.527,0.026,0.447,0.508,0.225,0.523,0.182,0.414,0.203,0.46,0.219,0.212,0.483,0.527,0.155,0.149,0.203,0.451,0.504,0.185,0.027,0,0,0.029,0.034,0.033,0,0.164,0.226,0.227,0.18,0.183,0.025,0.235,0.029,0.218,0.207,0.211,0.213,0.416,0.275,0.375,0.317,0.639,0,0.439,0.185,0.205,0.206,0.92,0.35,0.213,0.378,0.429,0.637,0.748,0.207,0.209,0.189,0.268,0.667,0.022,0.022,0.028,0.026,0.023,0.024,0.027,0.022,0.022,0.022,0,0.028,0.021,0,0.029,0.023,0,0,0,0.509,0.198,0.224,0,0.486,0.496,0.019,0.374,0.021,0.025,0.025,0.025,0.022,0.026,0.022,0.213,0.228,0.198,0.14,0.361,0.192,0.177,0.236,0.148,0.145,0.226,0.221,0.149,0.192,0,0.137,0.192,0.169,0.227,0.186,0.165,0.2,0.179,0.213,0.029,0.026,0.028,0.023,0.019,0.028,0.027,0.025,0.028,0.024,0.023,0.028,0.028,0.029,0.028,0,0,0.295,0.267,0.433,0.285,0,0.15,0.137,0.031,0.021,0.029,0.021,0.021,0.026,0,0.303,0.274,0.177,0,0,0,0.356,0.354,0.264,0.322,0.503,0,0.502,0.466,0.217,0.027,0,0,0.032,0.032,0.246,0.024,0.203,0.449,0.024,0.022,0.584,0.165,0.139,0.117,0.031,0.189,0.44,0.427,0,0,0.184,0.017,0.032,0.283,0.301,0.436,0.204,0,0.021,0.027,0.542,0.809,0.219,0.519,0.577,0.208,0.589,0.567,0.222,0.317,0.323,0.315,0.305,0.154,0.204,0.39,0.633,0.176,0.586,0,0.293,0.247,0.479,0.198,0.027,0.017,0.024,0.504,0.44,0.031,0.246,0,0,0.024,0.213,0.461,0.201,0.577,0.185,0.177,0.4,0.216,0.485,0.577,0.177,0.171,0.021,0.021,0.027,0.03,0.189,0.203,0.189,0.181,0.029,0.021,0.028,0.024,0.195,0.183,0.159,0.16,0.024,0.023,0.025,0.021,0.203,0.155,0.024,0.026,0.024,0.028,0.021,0.189,0.027,0.022,0.03,0,0.029,0.032,0.032,0.028,0.022,0.033,0.302,0.219,0.213,0.193,0.367,0.268,0.232,0,0,0,0,0,0.023,0.149,0.025,0.957,0.03,0.026,0.024,0,0,0.585,0.165,0.649,0,0.026,0.026,0.188,0.573,0.2,0.155,0.256,0,0.998,0.758,0.775,0.44,0.583,0.026,0.833,0.917,0,0,0.862,0.502,0.604,0.728,0.862,0.236,0.156,0.44,0.572,0.184,0.161,0.161
GO:0045664,0,0.027,0,0.035,0.028,0.202,0.249,0,0.031,0,0.027,0.189,0.228,0.227,0.279,0,0.204,0,0.028,0.029,0.029,0.029,0.029,0.029,0,0.028,0,0,0.178,0.212,0.176,0.217,0.172,0.22,0.195,0.237,0.176,0.197,0.174,0.201,0.198,0,0,0.153,0.155,0.023,0,0,0.158,0.15,0.14,0.142,0.174,0.159,0.2,0.025,0,0.028,0.179,0.211,0.241,0.193,0.193,0.198,0.192,0.199,0.198,0.243,0.157,0.243,0,0.192,0.195,0.161,0.242,0.241,0.199,0.241,0.201,0.201,0.025,0.223,0.193,0.211,0,0.025,0,0.026,0,0,0.133,0.126,0.023,0.024,0.193,0.23,0.163,0.162,0.178,0.169,0,0.206,0,0.199,0.203,0.17,0.201,0,0.024,0.023,0.199,0.199,0.187,0.193,0.185,0.022,0.023,0.192,0.023,0.166,0.186,0.198,0.191,0.164,0.155,0.181,0.17,0.193,0.188,0.178,0.192,0.137,0.132,0.18,0.167,0.185,0.166,0.023,0,0,0.025,0.028,0.028,0,0.144,0.199,0.199,0.158,0.161,0.022,0.205,0.025,0.193,0.184,0.187,0.356,0.451,0.276,0.362,0.312,0.545,0.331,0.368,0.162,0.182,0.183,0.808,0.341,0.356,0.591,0.405,0.543,0.645,0.275,0.186,0.162,0.269,0.584,0.02,0.02,0.024,0.023,0.021,0.021,0.024,0.02,0.019,0.02,0,0.024,0.019,0,0.025,0.02,0,0,0,0.186,0.172,0.197,0,0.179,0.182,0.017,0.141,0.019,0.022,0.022,0.022,0.019,0.023,0.02,0.188,0.2,0.177,0.126,0.124,0.172,0.16,0.207,0.131,0.129,0.198,0.195,0.132,0.172,0,0.123,0.172,0.153,0.2,0.167,0.15,0.178,0.162,0.188,0.025,0.022,0.024,0.021,0.017,0.025,0.023,0.022,0.024,0.021,0.021,0.024,0.024,0.025,0.024,0,0,0.335,0.306,0.387,0.285,0,0.135,0.124,0.026,0.019,0.025,0.019,0.019,0.023,0,0.343,0.275,0.16,0,0,0,0.395,0.392,0.304,0.317,0.166,0,0.166,0.156,0.191,0.024,0,0,0.027,0.027,0.222,0.021,0.181,0.167,0.021,0.019,0.21,0.15,0.124,0.106,0.026,0.169,0.164,0.16,0,0,0.165,0.016,0.027,0.323,0.34,0.39,0.182,0,0.019,0.023,0.473,0.721,0.193,0.19,0.208,0.185,0.212,0.205,0.26,0.312,0.362,0.31,0.302,0.141,0.181,0.147,0.558,0.238,0.211,0,0.292,0.286,0.425,0.176,0.023,0.015,0.021,0.185,0.164,0.026,0.222,0,0,0.021,0.189,0.171,0.179,0.208,0.166,0.16,0.15,0.191,0.179,0.208,0.16,0.155,0.019,0.018,0.023,0.026,0.169,0.181,0.17,0.163,0.025,0.019,0.024,0.021,0.174,0.164,0.14,0.141,0.021,0.02,0.022,0.018,0.181,0.137,0.021,0.023,0.021,0.024,0.019,0.17,0.023,0.02,0.026,0.275,0.025,0.027,0.027,0.024,0.019,0.028,0.255,0.193,0.189,0.173,0.63,0.478,0.421,0.275,0.227,0.218,0.212,0.229,0.02,0.132,0.022,0.731,0.026,0.023,0.021,0,0,0.663,0.15,0.57,0,0.023,0.023,0.169,0.688,0.178,0.137,0.222,0,0.758,0.999,0.888,0.402,0.667,0.023,0.74,0.703,0.269,0.229,0.598,0.256,0.535,0.515,0.763,0.24,0.138,0.402,0.51,0.165,0.147,0.147
GO:0045666,0,0.023,0,0.028,0.024,0.17,0.21,0,0.026,0,0.023,0.161,0.195,0.187,0.231,0,0.168,0,0.024,0.024,0.024,0.025,0.024,0.024,0,0.024,0,0,0.401,0.183,0.398,0.187,0.148,0.458,0.434,0.488,0.151,0.167,0.393,0.169,0.167,0,0,0.132,0.133,0.02,0,0,0.138,0.346,0.122,0.123,0.149,0.364,0.174,0.021,0,0.023,0.153,0.183,0.204,0.163,0.409,0.167,0.163,0.42,0.173,0.206,0.361,0.206,0,0.168,0.17,0.369,0.206,0.204,0.174,0.204,0.175,0.175,0.022,0.191,0.169,0.183,0,0.021,0,0.022,0,0,0.118,0.297,0.02,0.021,0.169,0.196,0.141,0.141,0.153,0.146,0,0.179,0,0.174,0.176,0.147,0.175,0,0.021,0.02,0.174,0.174,0.164,0.169,0.394,0.019,0.02,0.407,0.02,0.358,0.396,0.173,0.405,0.146,0.336,0.16,0.366,0.169,0.165,0.38,0.407,0.12,0.116,0.159,0.36,0.394,0.148,0.02,0,0,0.021,0.024,0.023,0,0.125,0.173,0.174,0.137,0.14,0.019,0.178,0.021,0.169,0.162,0.164,0.322,0.379,0.244,0.309,0.272,0.462,0.275,0.307,0.141,0.161,0.161,0.703,0.293,0.322,0.503,0.339,0.461,0.552,0.235,0.163,0.139,0.239,0.507,0.018,0.018,0.021,0.02,0.018,0.019,0.02,0.017,0.017,0.017,0,0.021,0.017,0,0.021,0.018,0,0,0,0.396,0.148,0.172,0,0.383,0.389,0.015,0.309,0.017,0.019,0.019,0.019,0.017,0.02,0.018,0.165,0.174,0.156,0.113,0.292,0.153,0.143,0.179,0.115,0.113,0.173,0.17,0.116,0.153,0,0.109,0.153,0.137,0.174,0.148,0.135,0.157,0.144,0.165,0.021,0.019,0.021,0.018,0.015,0.021,0.02,0.019,0.021,0.018,0.018,0.021,0.021,0.021,0.021,0,0,0.294,0.271,0.344,0.251,0,0.12,0.111,0.022,0.017,0.021,0.017,0.016,0.02,0,0.3,0.243,0.143,0,0,0,0.339,0.337,0.269,0.275,0.379,0,0.379,0.358,0.168,0.02,0,0,0.023,0.023,0.198,0.018,0.159,0.359,0.018,0.017,0.441,0.135,0.11,0.095,0.022,0.15,0.353,0.345,0,0,0.147,0.014,0.023,0.284,0.298,0.346,0.16,0,0.017,0.02,0.41,0.636,0.169,0.402,0.436,0.163,0.443,0.431,0.234,0.272,0.314,0.27,0.264,0.128,0.16,0.321,0.487,0.208,0.441,0,0.256,0.255,0.373,0.156,0.02,0.014,0.018,0.394,0.353,0.022,0.198,0,0,0.018,0.165,0.367,0.158,0.436,0.148,0.143,0.327,0.167,0.382,0.436,0.143,0.139,0.017,0.016,0.02,0.022,0.15,0.159,0.151,0.145,0.021,0.017,0.021,0.019,0.154,0.147,0.122,0.123,0.019,0.018,0.019,0.016,0.159,0.119,0.018,0.02,0.019,0.021,0.017,0.151,0.02,0.017,0.022,0.235,0.021,0.023,0.023,0.021,0.017,0.024,0.215,0.169,0.166,0.153,0.538,0.424,0.378,0.236,0.199,0.192,0.188,0.201,0.018,0.116,0.019,0.75,0.022,0.02,0.019,0,0,0.569,0.135,0.496,0,0.02,0.02,0.15,0.591,0.158,0.12,0.19,0,0.775,0.888,1,0.364,0.572,0.02,0.651,0.725,0.231,0.201,0.651,0.379,0.47,0.572,0.669,0.215,0.12,0.364,0.45,0.147,0.132,0.132
GO:0045765,0,0,0,0,0,0.156,0.152,0,0,0,0,0.148,0.143,0.17,0.166,0,0.153,0,0,0,0,0,0,0,0,0,0,0,0.141,0.134,0.14,0.137,0.137,0.138,0.151,0.147,0.14,0.153,0.138,0.155,0.153,0,0,0.122,0.123,0,0,0,0.128,0.123,0.114,0.115,0.138,0.129,0.128,0,0,0,0.142,0.134,0.149,0.15,0.125,0.153,0.15,0.128,0.127,0.15,0.128,0.15,0,0.124,0.125,0.13,0.149,0.149,0.128,0.149,0.129,0.129,0,0.14,0.124,0.134,0,0,0,0,0,0,0.111,0.106,0,0,0.124,0.143,0.131,0.131,0.141,0.135,0,0.131,0,0.128,0.13,0.136,0.128,0,0,0,0.128,0.128,0.121,0.125,0.12,0,0,0.124,0,0.11,0.121,0.127,0.123,0.109,0.104,0.118,0.112,0.125,0.122,0.116,0.124,0.111,0.108,0.118,0.111,0.12,0.11,0,0,0,0,0,0,0,0.116,0.127,0.128,0.128,0.13,0,0.131,0,0.124,0.12,0.121,0.305,0.347,0.228,0.47,0.418,0.26,0.251,0.28,0.131,0.119,0.119,0.463,0.271,0.311,0.464,0.31,0.26,0.51,0.515,0.121,0.128,0.37,0.631,0,0,0,0,0,0,0,0,0,0,0,0,0,0,0,0,0,0,0,0.121,0.137,0.127,0,0.117,0.119,0,0.096,0,0,0,0,0,0,0,0.122,0.128,0.116,0.106,0.105,0.113,0.106,0.132,0.108,0.106,0.127,0.125,0.108,0.113,0,0.102,0.113,0.103,0.128,0.11,0.101,0.117,0.108,0.122,0,0,0,0,0,0,0,0,0,0,0,0,0,0,0,0,0,0.628,0.583,0.579,0.388,0,0.112,0.105,0,0,0,0,0,0,0,0.406,0.228,0.106,0,0,0,0.313,0.312,0.367,0.256,0.134,0,0.133,0.127,0.124,0,0,0,0,0,0.187,0,0.118,0.11,0,0,0.134,0.101,0.103,0.09,0,0.112,0.109,0.106,0,0,0.11,0,0,0.757,0.702,0.583,0.118,0,0,0,0.232,0.422,0.125,0.123,0.132,0.12,0.134,0.131,0.321,0.253,0.424,0.657,0.407,0.096,0.118,0.099,0.454,0.46,0.134,0,0.239,0.685,0.625,0.116,0,0,0,0.12,0.109,0,0.187,0,0,0,0.122,0.113,0.117,0.132,0.11,0.106,0.101,0.123,0.117,0.132,0.106,0.104,0,0,0,0,0.112,0.118,0.112,0.108,0,0,0,0,0.114,0.109,0.113,0.114,0,0,0,0,0.118,0.111,0,0,0,0,0,0.112,0,0,0,0.217,0,0,0,0,0,0,0.155,0.125,0.122,0.114,0.455,0.364,0.327,0.218,0.186,0.18,0.176,0.188,0,0.108,0,0.427,0,0,0,0,0,0.447,0.101,0.659,0,0,0,0.111,0.441,0.117,0.112,0.139,0,0.44,0.402,0.364,1,0.446,0,0.578,0.554,0.214,0.188,0.48,0.486,0.588,0.569,0.442,0.203,0.112,1,0.601,0.11,0.099,0.099
GO:0048699,0,0.041,0,0.064,0.045,0,0.042,0,0.054,0,0.042,0,0.037,0,0.05,0,0,0,0.046,0.047,0.047,0.048,0.047,0.046,0,0.045,0,0,0,0.033,0,0.034,0,0.035,0,0.039,0,0,0,0,0,0,0,0,0,0.033,0,0,0,0,0,0,0,0,0.03,0.037,0,0.044,0,0.033,0.04,0,0.029,0,0,0.03,0.03,0.04,0,0.04,0,0.029,0.029,0,0.04,0.04,0.03,0.04,0.031,0.031,0.038,0.035,0.029,0.033,0,0.037,0,0.04,0,0,0,0,0.034,0.035,0.029,0.037,0,0,0,0,0,0.032,0,0.03,0.031,0,0.03,0,0.035,0.034,0.03,0.03,0.028,0.029,0.027,0.032,0.033,0.029,0.032,0.024,0.027,0.03,0.028,0.023,0.022,0.026,0.024,0.029,0.028,0.026,0.029,0,0,0.026,0.024,0.027,0.024,0.033,0,0,0.037,0.045,0.044,0,0,0.03,0.03,0,0,0.031,0.031,0.037,0.029,0.027,0.028,0.446,0.71,0.37,0.544,0.439,0.833,0.542,0.595,0,0.027,0.027,0.637,0.497,0.446,0.89,0.648,0.831,0.462,0.406,0.027,0,0.359,0.513,0.027,0.027,0.036,0.033,0.028,0.03,0.034,0.026,0.026,0.027,0,0.036,0.025,0,0.037,0.028,0,0,0,0.028,0,0.03,0,0.026,0.027,0.022,0.019,0.025,0.031,0.031,0.031,0.026,0.032,0.027,0.028,0.03,0.026,0,0,0.025,0.022,0.032,0,0,0.03,0.029,0,0.025,0,0,0.025,0.021,0.03,0.024,0.021,0.026,0.023,0.028,0.036,0.032,0.035,0.028,0.022,0.036,0.033,0.03,0.036,0.029,0.029,0.035,0.036,0.037,0.036,0,0,0.459,0.407,0.514,0.386,0,0,0,0.04,0.026,0.037,0.025,0.025,0.033,0,0.475,0.368,0.022,0,0,0,0.58,0.575,0.403,0.448,0,0,0,0,0.029,0.034,0,0,0.042,0.042,0.288,0.029,0.026,0.024,0.029,0.026,0.033,0.021,0,0,0.04,0.024,0.023,0.022,0,0,0.023,0.02,0.041,0.437,0.47,0.519,0.027,0,0.025,0.034,0.676,0.544,0.029,0.028,0.032,0.027,0.033,0.031,0.329,0.439,0.512,0.435,0.418,0.019,0.026,0.02,0.375,0.331,0.033,0,0.399,0.372,0.581,0.026,0.033,0.019,0.029,0.027,0.023,0.04,0.288,0,0,0.029,0.028,0.024,0.026,0.032,0.024,0.022,0.021,0.028,0.026,0.032,0.022,0.022,0.025,0.024,0.034,0.039,0.024,0.026,0.024,0.023,0.037,0.026,0.036,0.03,0.025,0.023,0,0,0.03,0.028,0.03,0.024,0.026,0,0.029,0.033,0.03,0.035,0.026,0.024,0.033,0.027,0.039,0.406,0.037,0.043,0.043,0.036,0.026,0.044,0.043,0.029,0.028,0.025,0.937,0.637,0.538,0.407,0.309,0.293,0.282,0.313,0.028,0.028,0.03,0.554,0.039,0.032,0.03,0,0,0.976,0.021,0.435,0,0.033,0.032,0.024,0.959,0.026,0.029,0.035,0,0.583,0.667,0.572,0.446,0.98,0.032,0.74,0.691,0.395,0.313,0.414,0.366,0.707,0.671,0.588,0.309,0,0.446,0.373,0.023,0.02,0.02
GO:0048870,0,0.037,0,0.054,0.04,0,0.037,0,0.047,0,0.038,0,0.033,0,0.044,0,0,0,0.04,0.041,0.042,0.043,0.042,0.041,0,0.04,0,0,0,0.03,0,0.031,0,0.032,0,0.035,0,0,0,0,0,0,0,0,0,0.03,0,0,0,0,0,0,0,0,0.028,0.034,0,0.039,0,0.03,0.036,0,0.027,0,0,0.028,0.028,0.036,0,0.036,0,0.027,0.027,0,0.036,0.036,0.028,0.036,0.028,0.028,0.035,0.032,0.027,0.03,0,0.034,0,0.036,0,0,0,0,0.031,0.032,0.027,0.034,0,0,0,0,0,0.029,0,0.028,0.028,0,0.028,0,0.032,0.031,0.028,0.028,0.026,0.027,0.025,0.029,0.03,0.027,0.03,0.022,0.025,0.028,0.026,0.022,0.02,0.025,0.023,0.027,0.026,0.024,0.027,0,0,0.024,0.022,0.025,0.022,0.03,0,0,0.034,0.04,0.039,0,0,0.028,0.028,0,0,0.028,0.029,0.034,0.027,0.025,0.026,0,0,0,0,0,0.036,0,0,0,0.025,0.025,0.028,0,0,0,0,0.036,0,0,0.025,0,0,0,0.025,0.025,0.032,0.03,0.026,0.028,0.031,0.024,0.024,0.025,0,0.033,0.024,0,0.034,0.026,0,0,0,0.026,0,0.027,0,0.024,0.025,0.021,0.018,0.024,0.028,0.028,0.029,0.024,0.03,0.025,0.026,0.028,0.024,0,0,0.023,0.021,0.029,0,0,0.028,0.027,0,0.023,0,0,0.023,0.02,0.028,0.022,0.02,0.024,0.021,0.026,0.033,0.029,0.032,0.026,0.021,0.033,0.031,0.028,0.033,0.027,0.026,0.032,0.033,0.034,0.032,0,0,0,0,0.023,0,0,0,0,0.036,0.024,0.034,0.023,0.023,0.03,0,0,0,0.021,0,0,0,0,0,0,0,0,0,0,0,0.026,0.031,0,0,0.037,0.037,0,0.027,0.025,0.022,0.027,0.024,0.03,0.02,0,0,0.036,0.023,0.022,0.021,0,0,0.022,0.019,0.037,0,0,0.023,0.025,0,0.023,0.031,0.03,0.024,0.027,0.026,0.029,0.025,0.03,0.029,0,0,0,0,0,0.018,0.025,0.019,0,0,0.03,0,0,0,0.026,0.024,0.031,0.018,0.027,0.025,0.022,0.036,0,0,0,0.027,0.026,0.023,0.024,0.029,0.022,0.021,0.02,0.026,0.024,0.029,0.021,0.02,0.024,0.023,0.031,0.035,0.023,0.025,0.023,0.022,0.033,0.024,0.032,0.028,0.023,0.022,0,0,0.027,0.026,0.028,0.023,0.025,0,0.027,0.03,0.027,0.032,0.024,0.023,0.03,0.025,0.035,0,0.033,0.038,0.038,0.032,0.024,0.04,0.039,0.027,0.026,0.023,0,0,0,0,0,0,0,0,0.026,0.026,0.028,0.025,0.035,0.985,0.027,0,0,0.032,0.02,0,0,0.03,0.03,0.023,0.032,0.024,0.027,0.032,0,0.026,0.023,0.02,0,0.032,0.991,0.025,0.024,0,0,0,0,0,0,0.026,0,0,0,0,0.022,0.019,0.019
GO:0050767,0,0.03,0,0.041,0.032,0.231,0.282,0,0.036,0,0.031,0.214,0.256,0.263,0.322,0,0.237,0,0.033,0.033,0.033,0.034,0.033,0.033,0,0.032,0,0,0.199,0.236,0.197,0.242,0.191,0.246,0.221,0.268,0.197,0.224,0.194,0.229,0.224,0,0,0.171,0.173,0.026,0,0,0.175,0.165,0.155,0.157,0.194,0.176,0.222,0.028,0,0.032,0.201,0.235,0.272,0.218,0.213,0.225,0.218,0.22,0.219,0.275,0.174,0.275,0,0.212,0.214,0.179,0.274,0.272,0.22,0.272,0.223,0.223,0.029,0.249,0.212,0.235,0,0.028,0,0.03,0,0,0.144,0.137,0.026,0.027,0.212,0.258,0.181,0.18,0.2,0.188,0,0.228,0,0.22,0.224,0.19,0.222,0,0.027,0.026,0.22,0.22,0.206,0.213,0.203,0.025,0.026,0.212,0.025,0.18,0.204,0.219,0.21,0.178,0.167,0.198,0.185,0.213,0.206,0.194,0.212,0.151,0.145,0.197,0.182,0.203,0.18,0.026,0,0,0.028,0.032,0.031,0,0.159,0.219,0.221,0.174,0.178,0.024,0.228,0.028,0.212,0.201,0.205,0.381,0.514,0.301,0.407,0.346,0.616,0.38,0.422,0.179,0.2,0.201,0.893,0.381,0.381,0.666,0.463,0.614,0.723,0.729,0.204,0.183,0.294,0.867,0.022,0.022,0.027,0.025,0.023,0.024,0.026,0.021,0.021,0.022,0,0.027,0.021,0,0.028,0.022,0,0,0,0.205,0.192,0.218,0,0.196,0.2,0.018,0.151,0.021,0.024,0.024,0.024,0.021,0.025,0.022,0.207,0.221,0.193,0.137,0.134,0.188,0.173,0.229,0.144,0.141,0.219,0.215,0.145,0.188,0,0.134,0.188,0.165,0.221,0.181,0.162,0.195,0.175,0.207,0.028,0.025,0.027,0.023,0.019,0.028,0.026,0.024,0.027,0.023,0.023,0.027,0.027,0.028,0.027,0,0,0.368,0.334,0.422,0.312,0,0.147,0.134,0.03,0.021,0.028,0.021,0.02,0.026,0,0.378,0.3,0.173,0,0,0,0.442,0.439,0.331,0.351,0.185,0,0.185,0.172,0.211,0.026,0,0,0.03,0.03,0.24,0.023,0.198,0.181,0.023,0.021,0.234,0.162,0.135,0.114,0.03,0.184,0.178,0.173,0,0,0.179,0.017,0.03,0.354,0.375,0.426,0.199,0,0.021,0.026,0.526,0.788,0.213,0.208,0.231,0.203,0.236,0.227,0.279,0.345,0.401,0.343,0.333,0.151,0.198,0.158,0.615,0.623,0.235,0,0.32,0.31,0.466,0.193,0.026,0.016,0.023,0.203,0.178,0.03,0.24,0,0,0.023,0.207,0.186,0.196,0.231,0.18,0.173,0.162,0.21,0.195,0.231,0.173,0.167,0.021,0.02,0.026,0.029,0.184,0.198,0.185,0.176,0.028,0.021,0.027,0.024,0.19,0.179,0.154,0.156,0.023,0.022,0.024,0.02,0.198,0.151,0.023,0.026,0.024,0.027,0.021,0.185,0.026,0.022,0.029,0.308,0.028,0.031,0.031,0.027,0.021,0.032,0.29,0.213,0.207,0.188,0.707,0.521,0.454,0.309,0.249,0.238,0.231,0.251,0.022,0.145,0.024,0.919,0.029,0.025,0.023,0,0,0.742,0.162,0.63,0,0.025,0.025,0.183,0.728,0.195,0.151,0.248,0,0.833,0.74,0.651,0.578,0.74,0.025,0.998,0.944,0.301,0.252,0.664,0.673,0.974,0.934,0.964,0.259,0.152,0.578,0.557,0.179,0.158,0.158
GO:0050769,0,0.028,0,0.037,0.03,0.213,0.261,0,0.033,0,0.029,0.199,0.239,0.24,0.295,0,0.217,0,0.03,0.031,0.031,0.031,0.031,0.03,0,0.03,0,0,0.49,0.221,0.485,0.226,0.179,0.556,0.539,0.602,0.184,0.208,0.478,0.212,0.208,0,0,0.16,0.162,0.024,0,0,0.165,0.409,0.146,0.148,0.181,0.436,0.208,0.026,0,0.029,0.187,0.22,0.253,0.202,0.486,0.208,0.202,0.502,0.206,0.255,0.432,0.256,0,0.2,0.202,0.443,0.255,0.253,0.207,0.253,0.21,0.21,0.027,0.233,0.2,0.22,0,0.026,0,0.028,0,0,0.137,0.343,0.024,0.025,0.2,0.24,0.17,0.169,0.187,0.176,0,0.214,0,0.207,0.211,0.178,0.209,0,0.025,0.024,0.207,0.207,0.194,0.201,0.464,0.023,0.024,0.483,0.024,0.415,0.467,0.206,0.48,0.169,0.387,0.188,0.426,0.201,0.195,0.446,0.483,0.142,0.137,0.187,0.419,0.464,0.172,0.024,0,0,0.026,0.03,0.029,0,0.15,0.207,0.208,0.164,0.167,0.023,0.214,0.026,0.2,0.19,0.194,0.366,0.475,0.286,0.379,0.325,0.572,0.349,0.388,0.169,0.189,0.19,0.841,0.356,0.366,0.619,0.427,0.57,0.675,0.681,0.192,0.17,0.279,0.815,0.021,0.021,0.025,0.024,0.021,0.022,0.025,0.02,0.02,0.021,0,0.026,0.02,0,0.026,0.021,0,0,0,0.468,0.179,0.205,0,0.449,0.458,0.017,0.351,0.02,0.023,0.023,0.023,0.02,0.024,0.021,0.196,0.208,0.183,0.13,0.337,0.178,0.165,0.215,0.136,0.134,0.206,0.202,0.137,0.178,0,0.127,0.178,0.158,0.208,0.172,0.155,0.185,0.167,0.196,0.026,0.023,0.025,0.021,0.018,0.026,0.024,0.022,0.026,0.022,0.022,0.025,0.026,0.026,0.025,0,0,0.348,0.317,0.401,0.295,0,0.139,0.128,0.028,0.02,0.026,0.02,0.019,0.024,0,0.357,0.285,0.165,0,0,0,0.413,0.41,0.314,0.33,0.457,0,0.456,0.427,0.199,0.025,0,0,0.028,0.028,0.229,0.022,0.187,0.417,0.022,0.02,0.531,0.155,0.128,0.109,0.028,0.175,0.409,0.398,0,0,0.171,0.016,0.028,0.335,0.354,0.404,0.188,0,0.019,0.025,0.493,0.747,0.201,0.476,0.525,0.192,0.535,0.517,0.267,0.325,0.377,0.323,0.314,0.145,0.188,0.366,0.58,0.587,0.532,0,0.303,0.295,0.441,0.183,0.024,0.016,0.022,0.464,0.409,0.028,0.229,0,0,0.022,0.196,0.427,0.185,0.525,0.172,0.165,0.375,0.198,0.448,0.525,0.165,0.16,0.02,0.019,0.025,0.027,0.175,0.187,0.176,0.168,0.026,0.02,0.025,0.022,0.18,0.17,0.145,0.147,0.022,0.021,0.023,0.019,0.187,0.142,0.022,0.024,0.022,0.025,0.02,0.176,0.024,0.021,0.027,0.287,0.026,0.029,0.029,0.025,0.02,0.029,0.268,0.201,0.196,0.179,0.659,0.495,0.434,0.288,0.235,0.226,0.219,0.237,0.021,0.137,0.023,0.958,0.027,0.023,0.022,0,0,0.693,0.155,0.593,0,0.024,0.024,0.174,0.681,0.185,0.142,0.232,0,0.917,0.703,0.725,0.554,0.691,0.024,0.944,0.999,0.282,0.238,0.785,0.783,0.921,0.964,0.91,0.248,0.143,0.554,0.528,0.171,0.151,0.151
GO:0050877,0,0,0,0,0,0,0,0,0,0,0,0,0,0,0,0,0,0,0,0,0,0,0,0,0,0,0,0,0,0,0,0,0,0,0,0,0,0,0,0,0,0,0,0,0,0,0,0,0,0,0,0,0,0,0,0,0,0,0,0,0,0,0,0,0,0,0,0,0,0,0,0,0,0,0,0,0,0,0,0,0,0,0,0,0,0,0,0,0,0,0,0,0,0,0,0,0,0,0,0,0,0,0,0,0,0,0,0,0,0,0,0,0,0,0,0,0,0,0,0,0,0,0,0,0,0,0,0,0,0,0,0,0,0,0,0,0,0,0,0,0,0,0,0,0,0,0,0,0,0,0,0,0,0,0,0.214,0.482,0,0,0,0,0.533,0,0,0,0,0,0,0.214,0.425,0,0,0,0.401,0,0,0,0.349,0,0,0,0,0,0,0,0,0,0,0,0,0,0,0,0,0,0,0,0,0,0,0,0,0,0,0,0,0,0,0,0,0,0,0,0,0,0,0,0,0,0,0,0,0,0,0,0,0,0,0,0,0,0,0,0,0,0,0,0,0,0,0,0,0,0,0,0,0,0,0,0,0,0,0,0.313,0.278,0.275,0,0,0,0,0,0,0,0,0,0,0,0.324,0,0,0,0,0,0.394,0.391,0.275,0,0,0,0,0,0,0,0,0,0,0,0.252,0,0,0,0,0,0,0,0,0,0,0,0,0,0,0,0,0,0,0.298,0.32,0.278,0,0,0,0,0,0,0,0,0,0,0,0,0.225,0,0.349,0,0,0,0,0,0,0.328,0,0,0,0.254,0.31,0,0,0,0,0,0,0,0,0,0,0,0,0,0,0,0,0,0,0,0,0,0,0,0,0,0,0,0,0,0,0,0,0,0,0,0,0,0,0,0,0,0,0,0,0,0,0,0,0,0,0,0,0,0,0.95,0,0,0,0,0,0,0,0,0,0,0.409,0.279,0.237,0.402,0.772,0.731,0.705,0.31,0,0,0,0,0,0,0,0,0,0.396,0,0,0,0,0,0,0.386,0,0,0,0,0,0.269,0.231,0.214,0.395,0,0.301,0.282,0.982,0.781,0,0.362,0.31,0.294,0,0,0,0.214,0,0,0,0
GO:0050890,0,0,0,0,0,0,0,0,0,0,0,0,0,0,0,0,0,0,0,0,0,0,0,0,0,0,0,0,0,0,0,0,0,0,0,0,0,0,0,0,0,0,0,0,0,0,0,0,0,0,0,0,0,0,0,0,0,0,0,0,0,0,0,0,0,0,0,0,0,0,0,0,0,0,0,0,0,0,0,0,0,0,0,0,0,0,0,0,0,0,0,0,0,0,0,0,0,0,0,0,0,0,0,0,0,0,0,0,0,0,0,0,0,0,0,0,0,0,0,0,0,0,0,0,0,0,0,0,0,0,0,0,0,0,0,0,0,0,0,0,0,0,0,0,0,0,0,0,0,0,0,0,0,0,0,0.188,0.366,0,0,0,0,0.395,0,0,0,0,0,0,0.188,0.332,0,0,0,0.317,0,0,0,0.284,0,0,0,0,0,0,0,0,0,0,0,0,0,0,0,0,0,0,0,0,0,0,0,0,0,0,0,0,0,0,0,0,0,0,0,0,0,0,0,0,0,0,0,0,0,0,0,0,0,0,0,0,0,0,0,0,0,0,0,0,0,0,0,0,0,0,0,0,0,0,0,0,0,0,0,0.26,0.235,0.233,0,0,0,0,0,0,0,0,0,0,0,0.267,0,0,0,0,0,0.313,0.311,0.233,0,0,0,0,0,0,0,0,0,0,0,0.216,0,0,0,0,0,0,0,0,0,0,0,0,0,0,0,0,0,0,0.249,0.264,0.235,0,0,0,0,0,0,0,0,0,0,0,0,0.196,0,0.284,0,0,0,0,0,0,0.27,0,0,0,0.218,0.258,0,0,0,0,0,0,0,0,0,0,0,0,0,0,0,0,0,0,0,0,0,0,0,0,0,0,0,0,0,0,0,0,0,0,0,0,0,0,0,0,0,0,0,0,0,0,0,0,0,0,0,0,0,0,0.752,0,0,0,0,0,0,0,0,0,0,0.322,0.236,0.205,0.318,0.987,0.944,0.915,0.258,0,0,0,0,0,0,0,0,0,0.314,0,0,0,0,0,0,0.308,0,0,0,0,0,0.229,0.201,0.188,0.313,0,0.252,0.238,0.781,0.998,0,0.292,0.258,0.247,0,0,0,0.188,0,0,0,0
GO:0051094,0,0,0,0,0,0.286,0.275,0,0,0,0,0.261,0.245,0.338,0.325,0,0.306,0,0,0,0,0,0,0,0,0,0,0,0.631,0.222,0.623,0.228,0.228,0.613,0.714,0.678,0.236,0.276,0.611,0.284,0.277,0,0,0.204,0.207,0,0,0,0.205,0.503,0.181,0.184,0.232,0.544,0.206,0,0,0,0.242,0.22,0.263,0.267,0.517,0.277,0.267,0.538,0.203,0.267,0.537,0.267,0,0.195,0.198,0.555,0.266,0.263,0.204,0.263,0.207,0.207,0,0.236,0.196,0.22,0,0,0,0,0,0,0.165,0.407,0,0,0.196,0.246,0.213,0.212,0.241,0.224,0,0.213,0,0.204,0.209,0.226,0.206,0,0,0,0.204,0.204,0.188,0.196,0.489,0,0,0.513,0,0.427,0.492,0.202,0.509,0.159,0.392,0.181,0.44,0.196,0.189,0.465,0.513,0.176,0.168,0.18,0.431,0.489,0.162,0,0,0,0,0,0,0,0.187,0.203,0.204,0.204,0.209,0,0.212,0,0.196,0.184,0.188,0.232,0.497,0.308,0.44,0.361,0.46,0,0.53,0.211,0.182,0.183,0.743,0.405,0.232,0.443,0.515,0.461,0.871,0.241,0.186,0.221,0.299,0.763,0,0,0,0,0,0,0,0,0,0,0,0,0,0,0,0,0,0,0,0.494,0.229,0.202,0,0.469,0.48,0,0.351,0,0,0,0,0,0,0,0.19,0.206,0.175,0.154,0.398,0.17,0.154,0.214,0.167,0.163,0.203,0.198,0.169,0.17,0,0.153,0.17,0.147,0.205,0.163,0.144,0.177,0.157,0.19,0,0,0,0,0,0,0,0,0,0,0,0,0,0,0,0,0,0.333,0.298,0.295,0.321,0,0.167,0.151,0,0,0,0,0,0,0,0.344,0.307,0.154,0,0,0,0.414,0.41,0.295,0.368,0.578,0,0.576,0.53,0.194,0,0,0,0,0,0.272,0,0.18,0.429,0,0,0.578,0.144,0.155,0.128,0,0.166,0.42,0.407,0,0,0.161,0,0,0.318,0.34,0.298,0.181,0,0,0,0.38,0.642,0.197,0.504,0.569,0.186,0.583,0.558,0.243,0.361,0.369,0.358,0.346,0.133,0.181,0.368,0.719,0.2,0.579,0,0.331,0.274,0.331,0.175,0,0,0,0.489,0.42,0,0.272,0,0,0,0.19,0.442,0.178,0.569,0.162,0.154,0.378,0.193,0.468,0.569,0.154,0.149,0,0,0,0,0.166,0.18,0.167,0.158,0,0,0,0,0.172,0.16,0.181,0.183,0,0,0,0,0.18,0.176,0,0,0,0,0,0.167,0,0,0,0,0,0,0,0,0,0,0.285,0.197,0.19,0.17,0.428,0.299,0.256,0,0,0,0,0,0,0.167,0,0.823,0,0,0,0,0,0.415,0.144,0.739,0,0,0,0.165,0.406,0.177,0.176,0.235,0,0.862,0.598,0.651,0.48,0.414,0,0.664,0.785,0,0,0.99,0.576,0.682,0.818,0.69,0.26,0.177,0.48,0.641,0.161,0.14,0.14
GO:0051240,0,0,0,0,0,0.287,0.275,0,0,0,0,0.261,0.245,0.339,0.325,0,0.307,0,0,0,0,0,0,0,0,0,0,0,0.632,0.222,0.624,0.229,0.229,0.614,0.716,0.68,0.236,0.277,0.612,0.285,0.278,0,0,0.205,0.207,0,0,0,0.205,0.504,0.182,0.185,0.232,0.544,0.206,0,0,0,0.242,0.221,0.263,0.268,0.517,0.278,0.267,0.538,0.203,0.267,0.538,0.267,0,0.195,0.198,0.556,0.266,0.263,0.204,0.263,0.207,0.207,0,0.237,0.196,0.221,0,0,0,0,0,0,0.165,0.407,0,0,0.196,0.247,0.214,0.212,0.241,0.224,0,0.213,0,0.205,0.209,0.227,0.206,0,0,0,0.205,0.205,0.189,0.197,0.49,0,0,0.514,0,0.428,0.493,0.203,0.51,0.159,0.393,0.181,0.441,0.197,0.189,0.466,0.514,0.176,0.168,0.18,0.432,0.49,0.162,0,0,0,0,0,0,0,0.188,0.204,0.205,0.205,0.21,0,0.213,0,0.196,0.184,0.188,0.205,0.439,0,0,0,0,0.482,0,0.212,0.183,0.183,0.207,0,0.205,0.391,0,0,0.242,0.879,0.187,0.221,0,0.774,0,0,0,0,0,0,0,0,0,0,0,0,0,0,0,0,0,0,0,0.494,0.229,0.202,0,0.47,0.481,0,0.351,0,0,0,0,0,0,0,0.19,0.206,0.175,0.155,0.398,0.17,0.155,0.214,0.167,0.163,0.203,0.199,0.169,0.17,0,0.153,0.17,0.147,0.205,0.163,0.144,0.177,0.157,0.19,0,0,0,0,0,0,0,0,0,0,0,0,0,0,0,0,0,0.294,0.263,0.26,0,0,0.167,0.151,0,0,0,0,0,0,0,0.304,0,0.155,0,0,0,0.366,0.363,0.26,0,0.579,0,0.577,0.53,0.194,0,0,0,0,0,0.24,0,0.181,0.43,0,0,0.579,0.144,0.155,0.128,0,0.166,0.42,0.407,0,0,0.161,0,0,0.281,0.301,0.263,0.181,0,0,0,0,0.179,0.197,0.505,0.57,0.186,0.584,0.559,0.215,0,0.326,0,0,0.133,0.181,0.368,0.2,0.729,0.58,0,0,0.242,0.292,0.175,0,0,0,0.49,0.42,0,0,0,0,0,0.19,0.443,0.178,0.57,0.162,0.155,0.379,0.194,0.469,0.57,0.155,0.149,0,0,0,0,0.166,0.18,0.167,0.158,0,0,0,0,0.172,0.16,0.181,0.183,0,0,0,0,0.18,0.176,0,0,0,0,0,0.167,0,0,0,0.371,0,0,0,0,0,0,0.286,0.197,0.191,0.17,0.378,0.264,0.226,0.372,0.289,0.274,0.265,0.292,0,0.168,0,0.479,0,0,0,0,0,0.367,0.144,0.206,0,0,0,0.165,0.359,0.178,0.176,0.236,0,0.502,0.256,0.379,0.486,0.366,0,0.673,0.783,0.362,0.292,0.576,0.99,0.692,0.816,0.192,0,0.178,0.486,0.178,0.161,0.14,0.14
GO:0051960,0,0,0,0,0,0.239,0.231,0,0,0,0,0.221,0.209,0.273,0.264,0,0.247,0,0,0,0,0,0,0,0,0,0,0,0.205,0.192,0.203,0.197,0.197,0.2,0.228,0.218,0.202,0.232,0.2,0.237,0.232,0,0,0.176,0.178,0,0,0,0.179,0.169,0.159,0.161,0.2,0.18,0.18,0,0,0,0.207,0.191,0.222,0.225,0.172,0.232,0.225,0.179,0.177,0.225,0.178,0.225,0,0.172,0.174,0.184,0.224,0.222,0.178,0.222,0.181,0.181,0,0.203,0.172,0.191,0,0,0,0,0,0,0.148,0.139,0,0,0.172,0.21,0.186,0.185,0.206,0.193,0,0.185,0,0.179,0.182,0.195,0.18,0,0,0,0.179,0.179,0.166,0.173,0.164,0,0,0.172,0,0.146,0.165,0.177,0.17,0.143,0.135,0.16,0.15,0.173,0.167,0.157,0.172,0.155,0.148,0.16,0.147,0.164,0.146,0,0,0,0,0,0,0,0.163,0.178,0.179,0.179,0.182,0,0.185,0,0.172,0.163,0.166,0.388,0.531,0.308,0.42,0.355,0.388,0.394,0.437,0.184,0.162,0.162,0.649,0.391,0.388,0.686,0.479,0.389,0.745,0.751,0.165,0.188,0.3,0.89,0,0,0,0,0,0,0,0,0,0,0,0,0,0,0,0,0,0,0,0.166,0.197,0.177,0,0.158,0.162,0,0.122,0,0,0,0,0,0,0,0.168,0.18,0.156,0.139,0.137,0.152,0.139,0.186,0.148,0.144,0.178,0.174,0.149,0.152,0,0.137,0.152,0.133,0.179,0.146,0.131,0.158,0.141,0.168,0,0,0,0,0,0,0,0,0,0,0,0,0,0,0,0,0,0.377,0.341,0.338,0.319,0,0.15,0.137,0,0,0,0,0,0,0,0.388,0.307,0.139,0,0,0,0.455,0.452,0.338,0.36,0.19,0,0.19,0.176,0.171,0,0,0,0,0,0.245,0,0.16,0.146,0,0,0.19,0.131,0.138,0.116,0,0.149,0.143,0.139,0,0,0.145,0,0,0.362,0.384,0.341,0.161,0,0,0,0.33,0.571,0.173,0.169,0.188,0.164,0.192,0.184,0.284,0.354,0.412,0.352,0.341,0.122,0.161,0.127,0.631,0.639,0.191,0,0.328,0.316,0.374,0.156,0,0,0,0.164,0.143,0,0.245,0,0,0,0.168,0.15,0.158,0.188,0.146,0.139,0.131,0.17,0.158,0.188,0.139,0.135,0,0,0,0,0.149,0.16,0.149,0.142,0,0,0,0,0.154,0.144,0.158,0.16,0,0,0,0,0.16,0.154,0,0,0,0,0,0.149,0,0,0,0.317,0,0,0,0,0,0,0.238,0.173,0.168,0.152,0.728,0.533,0.462,0.318,0.255,0.244,0.236,0.257,0,0.148,0,0.58,0,0,0,0,0,0.709,0.131,0.646,0,0,0,0.148,0.696,0.158,0.155,0.202,0,0.604,0.535,0.47,0.588,0.707,0,0.974,0.921,0.31,0.258,0.682,0.692,0.998,0.955,0.609,0.264,0.156,0.588,0.57,0.145,0.127,0.127
GO:0051962,0,0,0,0,0,0.224,0.217,0,0,0,0,0.208,0.198,0.255,0.247,0,0.23,0,0,0,0,0,0,0,0,0,0,0,0.512,0.183,0.507,0.187,0.187,0.5,0.566,0.543,0.192,0.218,0.499,0.223,0.218,0,0,0.167,0.169,0,0,0,0.171,0.425,0.152,0.154,0.19,0.453,0.172,0,0,0,0.196,0.182,0.21,0.212,0.434,0.219,0.212,0.449,0.169,0.212,0.449,0.212,0,0.164,0.166,0.461,0.211,0.21,0.17,0.21,0.172,0.172,0,0.192,0.164,0.182,0,0,0,0,0,0,0.142,0.354,0,0,0.165,0.199,0.177,0.176,0.195,0.184,0,0.177,0,0.171,0.174,0.186,0.172,0,0,0,0.171,0.171,0.159,0.165,0.414,0,0,0.432,0,0.369,0.417,0.169,0.429,0.138,0.343,0.154,0.379,0.165,0.16,0.397,0.432,0.148,0.142,0.153,0.372,0.414,0.14,0,0,0,0,0,0,0,0.156,0.17,0.171,0.171,0.174,0,0.176,0,0.164,0.156,0.159,0.376,0.499,0.296,0.397,0.338,0.367,0.369,0.409,0.176,0.155,0.156,0.62,0.372,0.376,0.649,0.45,0.367,0.706,0.712,0.158,0.178,0.288,0.848,0,0,0,0,0,0,0,0,0,0,0,0,0,0,0,0,0,0,0,0.418,0.187,0.169,0,0.4,0.408,0,0.311,0,0,0,0,0,0,0,0.161,0.171,0.15,0.134,0.347,0.146,0.134,0.177,0.141,0.138,0.17,0.166,0.142,0.146,0,0.131,0.146,0.128,0.171,0.141,0.126,0.151,0.136,0.161,0,0,0,0,0,0,0,0,0,0,0,0,0,0,0,0,0,0.361,0.328,0.325,0.306,0,0.144,0.132,0,0,0,0,0,0,0,0.371,0.295,0.134,0,0,0,0.431,0.429,0.325,0.343,0.477,0,0.476,0.443,0.163,0,0,0,0,0,0.236,0,0.154,0.371,0,0,0.477,0.126,0.133,0.112,0,0.143,0.364,0.354,0,0,0.139,0,0,0.347,0.367,0.328,0.154,0,0,0,0.314,0.548,0.165,0.426,0.471,0.157,0.48,0.463,0.275,0.338,0.393,0.336,0.326,0.118,0.154,0.324,0.603,0.61,0.478,0,0.314,0.305,0.358,0.149,0,0,0,0.414,0.364,0,0.236,0,0,0,0.161,0.38,0.152,0.471,0.14,0.134,0.332,0.163,0.399,0.471,0.134,0.13,0,0,0,0,0.143,0.153,0.143,0.137,0,0,0,0,0.148,0.139,0.151,0.153,0,0,0,0,0.153,0.148,0,0,0,0,0,0.143,0,0,0,0.3,0,0,0,0,0,0,0.223,0.165,0.161,0.146,0.69,0.512,0.447,0.301,0.244,0.234,0.227,0.246,0,0.142,0,0.7,0,0,0,0,0,0.673,0.126,0.617,0,0,0,0.142,0.66,0.151,0.148,0.192,0,0.728,0.515,0.572,0.569,0.671,0,0.934,0.964,0.294,0.247,0.818,0.816,0.955,0.999,0.582,0.255,0.149,0.569,0.547,0.139,0.123,0.123
GO:0060284,0,0.032,0,0.044,0.034,0.242,0.296,0,0.039,0,0.032,0.224,0.267,0.278,0.34,0,0.251,0,0.034,0.035,0.035,0.036,0.035,0.034,0,0.034,0,0,0.208,0.246,0.205,0.252,0.199,0.256,0.231,0.28,0.205,0.235,0.202,0.241,0.235,0,0,0.178,0.18,0.027,0,0,0.181,0.17,0.161,0.163,0.202,0.182,0.23,0.029,0,0.033,0.209,0.244,0.284,0.228,0.22,0.236,0.228,0.228,0.227,0.288,0.18,0.288,0,0.219,0.222,0.186,0.287,0.284,0.228,0.284,0.231,0.231,0.03,0.26,0.22,0.244,0,0.029,0,0.031,0,0,0.149,0.14,0.027,0.028,0.22,0.269,0.188,0.187,0.209,0.196,0,0.237,0,0.228,0.233,0.198,0.23,0,0.028,0.027,0.228,0.228,0.213,0.22,0.21,0.026,0.027,0.219,0.026,0.186,0.211,0.227,0.217,0.183,0.172,0.205,0.191,0.22,0.213,0.201,0.219,0.156,0.15,0.204,0.187,0.21,0.186,0.027,0,0,0.029,0.034,0.033,0,0.165,0.228,0.229,0.181,0.185,0.025,0.236,0.029,0.22,0.208,0.212,0.241,0.472,0.311,0.425,0.359,0.645,0,0.443,0.186,0.206,0.207,0.927,0.396,0.241,0.428,0.487,0.643,0.754,0.209,0.21,0.191,0.303,0.672,0.023,0.023,0.028,0.026,0.024,0.025,0.027,0.022,0.022,0.022,0,0.029,0.021,0,0.029,0.023,0,0,0,0.212,0.199,0.226,0,0.202,0.206,0.019,0.155,0.021,0.025,0.025,0.025,0.022,0.026,0.023,0.214,0.23,0.199,0.14,0.138,0.193,0.178,0.238,0.149,0.146,0.227,0.222,0.15,0.193,0,0.138,0.193,0.169,0.229,0.187,0.166,0.201,0.18,0.214,0.029,0.026,0.028,0.023,0.019,0.029,0.027,0.025,0.029,0.024,0.024,0.028,0.029,0.029,0.028,0,0,0.334,0.301,0.435,0.322,0,0.151,0.138,0.031,0.022,0.029,0.021,0.021,0.027,0,0.343,0.31,0.178,0,0,0,0.404,0.401,0.299,0.364,0.192,0,0.192,0.178,0.218,0.027,0,0,0.032,0.032,0.247,0.024,0.204,0.187,0.024,0.022,0.243,0.166,0.14,0.117,0.031,0.19,0.183,0.178,0,0,0.185,0.018,0.032,0.32,0.34,0.439,0.205,0,0.021,0.027,0.546,0.814,0.221,0.216,0.24,0.21,0.245,0.236,0.251,0.358,0.365,0.356,0.345,0.155,0.205,0.162,0.638,0.177,0.244,0,0.331,0.28,0.483,0.199,0.027,0.017,0.024,0.21,0.183,0.031,0.247,0,0,0.024,0.214,0.192,0.202,0.24,0.186,0.178,0.166,0.218,0.202,0.24,0.178,0.172,0.021,0.021,0.027,0.03,0.19,0.204,0.19,0.182,0.029,0.022,0.028,0.024,0.196,0.184,0.16,0.162,0.024,0.023,0.025,0.021,0.204,0.156,0.024,0.027,0.024,0.028,0.022,0.19,0.027,0.022,0.031,0,0.029,0.033,0.033,0.028,0.022,0.034,0.305,0.221,0.215,0.194,0.416,0.303,0.263,0,0,0,0,0,0.023,0.15,0.025,0.95,0.03,0.026,0.024,0,0,0.589,0.166,0.654,0,0.026,0.026,0.189,0.578,0.201,0.156,0.258,0,0.862,0.763,0.669,0.442,0.588,0.026,0.964,0.91,0,0,0.69,0.192,0.609,0.582,0.997,0.267,0.157,0.442,0.576,0.185,0.162,0.162
GO:0060322,0,0,0,0,0,0,0,0,0,0,0,0,0,0,0,0,0,0,0,0,0,0,0,0,0,0,0,0,0,0,0,0,0,0,0,0,0,0,0,0,0,0,0,0,0,0,0,0,0,0,0,0,0,0,0,0,0,0,0,0,0,0,0,0,0,0,0,0,0,0,0,0,0,0,0,0,0,0,0,0,0,0,0,0,0,0,0,0,0,0,0,0,0,0,0,0,0,0,0,0,0,0,0,0,0,0,0,0,0,0,0,0,0,0,0,0,0,0,0,0,0,0,0,0,0,0,0,0,0,0,0,0,0,0,0,0,0,0,0,0,0,0,0,0,0,0,0,0,0,0,0,0,0,0,0,0.203,0.347,0.251,0.321,0.282,0.295,0,0.321,0,0,0,0.25,0.304,0.203,0.323,0.355,0.295,0.278,0,0,0,0.246,0.286,0,0,0,0,0,0,0,0,0,0,0,0,0,0,0,0,0,0,0,0,0,0,0,0,0,0,0,0,0,0,0,0,0,0,0,0,0,0,0,0,0,0,0,0,0,0,0,0,0,0,0,0,0,0,0,0,0,0,0,0,0,0,0,0,0,0,0,0,0,0,0,0,0,0,0,0.266,0.245,0.243,0.259,0,0,0,0,0,0,0,0,0,0,0.272,0.251,0,0,0,0,0.309,0.307,0.243,0.285,0,0,0,0,0,0,0,0,0,0,0.204,0,0,0,0,0,0,0,0,0,0,0,0,0,0,0,0,0,0,0.258,0.27,0.245,0,0,0,0,0.26,0.225,0,0,0,0,0,0,0.211,0.281,0.286,0.28,0.273,0,0,0,0.244,0,0,0,0.265,0.231,0.265,0,0,0,0,0,0,0,0.204,0,0,0,0,0,0,0,0,0,0,0,0,0,0,0,0,0,0,0,0,0,0,0,0,0,0,0,0,0,0,0,0,0,0,0,0,0,0,0,0,0,0,0,0,0,0,0,0,0,0,0,0,0,0,0,0,0,0.316,0.246,0.988,0,0,0,0,0,0,0,0,0.256,0,0,0,0,0,0.309,0,0.28,0,0,0,0,0.305,0,0,0,0,0.236,0.24,0.215,0.203,0.309,0,0.259,0.248,0,0,0.26,0,0.264,0.255,0.267,1,0,0.203,0.253,0,0,0
GO:0090066,0,0,0,0,0,0.226,0.218,0,0,0,0,0.208,0.196,0.262,0.253,0,0.265,0,0,0,0,0,0,0,0,0,0,0,0.193,0.18,0.191,0.185,0.185,0.188,0.216,0.206,0.19,0.219,0.187,0.225,0.22,0,0,0.186,0.188,0,0,0,0.167,0.157,0.166,0.169,0.187,0.168,0.168,0,0,0,0.194,0.179,0.21,0.213,0.161,0.22,0.212,0.167,0.166,0.212,0.167,0.213,0,0.16,0.162,0.172,0.212,0.21,0.167,0.21,0.169,0.169,0,0.191,0.16,0.179,0,0,0,0,0,0,0.137,0.129,0,0,0.16,0.198,0.174,0.173,0.194,0.181,0,0.173,0,0.167,0.17,0.183,0.168,0,0,0,0.167,0.167,0.155,0.161,0.153,0,0,0.16,0,0.135,0.154,0.165,0.158,0.132,0.124,0.149,0.139,0.161,0.155,0.146,0.16,0.162,0.155,0.148,0.136,0.153,0.135,0,0,0,0,0,0,0,0.171,0.166,0.167,0.167,0.171,0,0.173,0,0.16,0.151,0.155,0,0,0,0,0,0,0,0,0.172,0.15,0.151,0.168,0,0,0,0,0,0.195,0.194,0.153,0.756,0,0.173,0,0,0,0,0,0,0,0,0,0,0,0,0,0,0,0,0,0,0,0.154,0.185,0.165,0,0.147,0.15,0,0.112,0,0,0,0,0,0,0,0.156,0.168,0.145,0.129,0.126,0.14,0.129,0.174,0.154,0.151,0.166,0.162,0.155,0.14,0,0.142,0.14,0.123,0.167,0.135,0.12,0.146,0.131,0.156,0,0,0,0,0,0,0,0,0,0,0,0,0,0,0,0,0,0,0,0,0,0,0.139,0.126,0,0,0,0,0,0,0,0,0,0.129,0,0,0,0,0,0,0,0.178,0,0.178,0.164,0.159,0,0,0,0,0,0,0,0.149,0.135,0,0,0.178,0.12,0.548,0.457,0,0.138,0.132,0.129,0,0,0.134,0,0,0,0,0,0.149,0,0,0,0,0.147,0.161,0.157,0.176,0.153,0.179,0.172,0,0,0,0,0,0.112,0.149,0.117,0.163,0.163,0.178,0,0,0,0,0.144,0,0,0,0.153,0.132,0,0,0,0,0,0.156,0.139,0.147,0.176,0.135,0.129,0.12,0.159,0.147,0.176,0.129,0.124,0,0,0,0,0.138,0.148,0.138,0.132,0,0,0,0,0.142,0.133,0.166,0.168,0,0,0,0,0.148,0.162,0,0,0,0,0,0.138,0,0,0,0,0,0,0,0,0,0,0.225,0.161,0.156,0.141,0,0,0,0,0,0,0,0,0,0.945,0,0.15,0,0,0,0,0,0,0.12,0.168,0,0,0,0.137,0,0.146,0.99,0.19,0,0.156,0.138,0.12,0.112,0,0,0.152,0.143,0,0,0.177,0.178,0.156,0.149,0.157,0,0.996,0.112,0.147,0.134,0.117,0.117
GO:1901342,0,0,0,0,0,0.156,0.152,0,0,0,0,0.148,0.143,0.17,0.166,0,0.153,0,0,0,0,0,0,0,0,0,0,0,0.141,0.134,0.14,0.137,0.137,0.138,0.151,0.147,0.14,0.153,0.138,0.155,0.153,0,0,0.122,0.123,0,0,0,0.128,0.123,0.114,0.115,0.138,0.129,0.128,0,0,0,0.142,0.134,0.149,0.15,0.125,0.153,0.15,0.128,0.127,0.15,0.128,0.15,0,0.124,0.125,0.13,0.149,0.149,0.128,0.149,0.129,0.129,0,0.14,0.124,0.134,0,0,0,0,0,0,0.111,0.106,0,0,0.124,0.143,0.131,0.131,0.141,0.135,0,0.131,0,0.128,0.13,0.136,0.128,0,0,0,0.128,0.128,0.121,0.125,0.12,0,0,0.124,0,0.11,0.121,0.127,0.123,0.109,0.104,0.118,0.112,0.125,0.122,0.116,0.124,0.111,0.108,0.118,0.111,0.12,0.11,0,0,0,0,0,0,0,0.116,0.127,0.128,0.128,0.13,0,0.131,0,0.124,0.12,0.121,0.305,0.347,0.228,0.284,0.253,0.26,0.251,0.28,0.131,0.119,0.119,0.463,0.271,0.305,0.464,0.31,0.26,0.51,0.515,0.121,0.128,0.224,0.631,0,0,0,0,0,0,0,0,0,0,0,0,0,0,0,0,0,0,0,0.121,0.137,0.127,0,0.117,0.119,0,0.096,0,0,0,0,0,0,0,0.122,0.128,0.116,0.106,0.105,0.113,0.106,0.132,0.108,0.106,0.127,0.125,0.108,0.113,0,0.102,0.113,0.103,0.128,0.11,0.101,0.117,0.108,0.122,0,0,0,0,0,0,0,0,0,0,0,0,0,0,0,0,0,0.274,0.254,0.253,0.234,0,0.112,0.105,0,0,0,0,0,0,0,0.28,0.228,0.106,0,0,0,0.313,0.312,0.253,0.256,0.134,0,0.133,0.127,0.124,0,0,0,0,0,0.187,0,0.118,0.11,0,0,0.134,0.101,0.103,0.09,0,0.112,0.109,0.106,0,0,0.11,0,0,0.266,0.278,0.254,0.118,0,0,0,0.232,0.422,0.125,0.123,0.132,0.12,0.134,0.131,0.222,0.253,0.292,0.252,0.246,0.096,0.118,0.099,0.454,0.46,0.134,0,0.239,0.241,0.273,0.116,0,0,0,0.12,0.109,0,0.187,0,0,0,0.122,0.113,0.117,0.132,0.11,0.106,0.101,0.123,0.117,0.132,0.106,0.104,0,0,0,0,0.112,0.118,0.112,0.108,0,0,0,0,0.114,0.109,0.113,0.114,0,0,0,0,0.118,0.111,0,0,0,0,0,0.112,0,0,0,0.217,0,0,0,0,0,0,0.155,0.125,0.122,0.114,0.455,0.364,0.327,0.218,0.186,0.18,0.176,0.188,0,0.108,0,0.427,0,0,0,0,0,0.447,0.101,0.462,0,0,0,0.111,0.441,0.117,0.112,0.139,0,0.44,0.402,0.364,1,0.446,0,0.578,0.554,0.214,0.188,0.48,0.486,0.588,0.569,0.442,0.203,0.112,1,0.422,0.11,0.099,0.099
GO:2000027,0,0,0,0,0,0.221,0.214,0,0,0,0,0.205,0.195,0.25,0.243,0,0.226,0,0,0,0,0,0,0,0,0,0,0,0.192,0.18,0.19,0.185,0.185,0.187,0.212,0.203,0.19,0.215,0.187,0.22,0.215,0,0,0.165,0.167,0,0,0,0.169,0.16,0.15,0.152,0.187,0.17,0.169,0,0,0,0.193,0.179,0.206,0.209,0.163,0.215,0.209,0.168,0.167,0.209,0.168,0.209,0,0.162,0.164,0.173,0.208,0.207,0.168,0.207,0.17,0.17,0,0.19,0.163,0.179,0,0,0,0,0,0,0.141,0.133,0,0,0.163,0.196,0.175,0.174,0.193,0.182,0,0.174,0,0.169,0.172,0.183,0.17,0,0,0,0.169,0.169,0.158,0.163,0.156,0,0,0.162,0,0.139,0.157,0.167,0.161,0.137,0.129,0.152,0.143,0.163,0.158,0.149,0.162,0.146,0.14,0.151,0.14,0.156,0.139,0,0,0,0,0,0,0,0.154,0.168,0.169,0.169,0.172,0,0.174,0,0.163,0.154,0.157,0.464,0.431,0.592,0.648,0.86,0.361,0,0.403,0.173,0.153,0.154,0.612,0.742,0.59,0.394,0.443,0.362,0.696,0.193,0.156,0.176,0.735,0.626,0,0,0,0,0,0,0,0,0,0,0,0,0,0,0,0,0,0,0,0.157,0.185,0.167,0,0.15,0.153,0,0.117,0,0,0,0,0,0,0,0.159,0.169,0.148,0.133,0.131,0.144,0.133,0.175,0.14,0.137,0.168,0.164,0.141,0.144,0,0.13,0.144,0.127,0.169,0.139,0.125,0.15,0.135,0.159,0,0,0,0,0,0,0,0,0,0,0,0,0,0,0,0,0,0.517,0.47,0.466,0.501,0,0.143,0.131,0,0,0,0,0,0,0,0.531,0.292,0.133,0,0,0,0.373,0.371,0.466,0.339,0.179,0,0.178,0.166,0.161,0,0,0,0,0,0.234,0,0.152,0.139,0,0,0.179,0.125,0.131,0.111,0,0.142,0.137,0.133,0,0,0.138,0,0,0.498,0.318,0.47,0.153,0,0,0,0.31,0.542,0.163,0.16,0.177,0.156,0.18,0.174,0.615,0.676,0.562,0.549,0.533,0.117,0.152,0.122,0.596,0.165,0.179,0,0.311,0.438,0.514,0.148,0,0,0,0.156,0.137,0,0.234,0,0,0,0.159,0.143,0.15,0.177,0.139,0.133,0.125,0.161,0.15,0.177,0.133,0.129,0,0,0,0,0.142,0.152,0.142,0.136,0,0,0,0,0.146,0.137,0.149,0.151,0,0,0,0,0.152,0.146,0,0,0,0,0,0.142,0,0,0,0,0,0,0,0,0,0,0.22,0.163,0.159,0.145,0.383,0.286,0.505,0,0,0,0,0,0,0.14,0,0.55,0,0,0,0,0,0.374,0.125,0.869,0,0,0,0.141,0.367,0.15,0.146,0.189,0,0.572,0.51,0.45,0.601,0.373,0,0.557,0.528,0,0,0.641,0.178,0.57,0.547,0.576,0.253,0.147,0.422,0.999,0.138,0.122,0.122
GO:2001234,0,0.026,0,0.033,0.027,0.195,0.24,0,0.03,0,0.026,0.542,0.614,0.218,0.269,0.296,0.196,0,0.027,0.028,0.028,0.028,0.028,0.028,0,0.387,0,0,0.172,0.716,0.171,0.687,0.687,0.213,0.188,0.23,0.652,0.191,0.168,0.195,0.191,0,0,0.149,0.15,0.022,0.238,0.263,0.154,0.146,0.136,0.138,0.169,0.155,0.677,0.024,0,0.027,0.513,0.569,0.233,0.186,0.654,0.191,0.186,0.632,0.803,0.235,0.632,0.235,0,0.838,0.825,0.6,0.235,0.233,0.194,0.233,0.196,0.196,0.025,0.216,0.188,0.205,0.266,0.342,0,0.025,0,0,0.13,0.123,0.023,0.023,0.521,0.222,0.468,0.466,0.511,0.485,0,0.555,0,0.538,0.547,0.489,0.541,0,0.328,0.319,0.538,0.538,0.506,0.188,0.18,0.757,0.717,0.187,0.732,0.162,0.181,0.193,0.186,0.16,0.527,0.614,0.578,0.188,0.183,0.174,0.187,0.133,0.129,0.176,0.164,0.627,0.995,0.022,0,0,0.024,0.027,0.027,0,0.14,0.8,0.794,0.794,0.773,0.021,0.2,0.024,0.188,0.179,0.182,0,0,0,0,0,0.025,0,0,0.157,0.898,0.894,0.195,0,0,0,0,0.025,0.174,0.173,0.879,0.157,0,0.158,0.274,0.275,0.024,0.312,0.284,0.021,0.323,0.019,0.019,0.019,0,0.024,0.019,0,0.024,0.02,0,0,0,0.757,0.167,0.192,0.171,0.781,0.775,0.234,0.85,0.018,0.021,0.021,0.021,0.019,0.022,0.019,0.509,0.195,0.478,0.123,0.121,0.584,0.646,0.201,0.128,0.126,0.193,0.526,0.129,0.168,0.205,0.12,0.168,0.415,0.194,0.163,0.408,0.174,0.439,0.76,0.024,0.022,0.023,0.02,0.017,0.024,0.022,0.021,0.024,0.02,0.02,0.023,0.024,0.024,0.024,0,0,0,0,0.018,0,0.155,0.132,0.359,0.025,0.019,0.024,0.018,0.018,0.022,0,0,0,0.433,0.254,0.238,0.221,0,0,0,0,0.162,0,0.161,0.152,0.517,0.023,0,0,0.026,0.026,0,0.02,0.613,0.566,0.02,0.019,0.204,0.147,0.121,0.104,0.025,0.165,0.16,0.156,0,0.17,0.162,0.016,0.026,0,0,0.018,0.177,0.238,0.018,0.023,0.022,0.485,0.522,0.185,0.202,0.5,0.206,0.199,0,0,0,0,0,0.139,0.177,0.144,0.446,0.446,0.205,0.238,0,0,0.02,0.598,0.022,0.212,0.02,0.18,0.556,0.025,0,0,0.217,0.289,0.509,0.167,0.484,0.202,0.162,0.433,0.147,0.186,0.174,0.202,0.156,0.421,0.018,0.018,0.023,0.025,0.165,0.488,0.166,0.441,0.024,0.019,0.023,0.021,0.17,0.446,0.136,0.137,0.021,0.02,0.021,0.018,0.488,0.133,0.021,0.022,0.021,0.023,0.019,0.166,0.022,0.019,0.025,0,0.024,0.026,0.026,0.024,0.019,0.41,0.435,0.333,0.325,0.298,0,0,0,0,0,0,0,0,0.02,0.128,0.021,0.177,0.025,0.022,0.021,0,0,0.023,0.147,0.154,0.412,0.022,0.022,0.165,0.023,0.308,0.133,0.38,0,0.184,0.165,0.147,0.11,0.023,0.022,0.179,0.171,0,0,0.161,0.161,0.145,0.139,0.185,0,0.134,0.11,0.138,1,0.883,0.89
GO:2001236,0,0.022,0,0.027,0.023,0.165,0.203,0,0.025,0,0.022,0.156,0.189,0.18,0.223,0.247,0.162,0,0.023,0.023,0.023,0.024,0.023,0.023,0,0.324,0,0,0.148,0.619,0.147,0.592,0.592,0.184,0.159,0.196,0.561,0.161,0.145,0.164,0.161,0,0,0.128,0.129,0.019,0.205,0.223,0.134,0.128,0.119,0.12,0.145,0.135,0.59,0.021,0,0.023,0.149,0.177,0.198,0.158,0.572,0.162,0.158,0.551,0.701,0.2,0.551,0.2,0,0.733,0.721,0.522,0.199,0.198,0.169,0.198,0.17,0.17,0.021,0.186,0.164,0.177,0.225,0.292,0,0.022,0,0,0.115,0.11,0.02,0.02,0.164,0.19,0.138,0.137,0.148,0.142,0,0.174,0,0.169,0.171,0.143,0.17,0,0.282,0.275,0.169,0.169,0.16,0.165,0.159,0.658,0.62,0.164,0.634,0.144,0.159,0.168,0.163,0.143,0.473,0.541,0.513,0.165,0.16,0.153,0.164,0.116,0.113,0.155,0.145,0.551,0.886,0.019,0,0,0.021,0.023,0.022,0,0.121,0.586,0.552,0.552,0.519,0.018,0.173,0.021,0.164,0.158,0.16,0,0,0,0,0,0.021,0,0,0.137,0.701,0.684,0.17,0,0,0,0,0.021,0.149,0.148,0.663,0.135,0,0.137,0.241,0.242,0.02,0.27,0.249,0.018,0.278,0.017,0.017,0.017,0,0.02,0.016,0,0.021,0.017,0,0,0,0.665,0.144,0.168,0.154,0.69,0.682,0.21,0.769,0.016,0.019,0.018,0.019,0.017,0.019,0.017,0.161,0.17,0.152,0.11,0.109,0.518,0.485,0.174,0.112,0.111,0.168,0.166,0.113,0.149,0.18,0.106,0.149,0.134,0.169,0.145,0.132,0.154,0.141,0.56,0.02,0.019,0.02,0.018,0.015,0.02,0.019,0.018,0.02,0.018,0.018,0.02,0.02,0.021,0.02,0,0,0,0,0.016,0,0.14,0.117,0.109,0.022,0.016,0.021,0.016,0.016,0.019,0,0,0,0.14,0.217,0.205,0.192,0,0,0,0,0.14,0,0.14,0.132,0.163,0.02,0,0,0.022,0.022,0,0.018,0.541,0.504,0.018,0.017,0.177,0.132,0.107,0.093,0.022,0.147,0.143,0.14,0,0.152,0.144,0.014,0.022,0,0,0.016,0.156,0.205,0.016,0.02,0.019,0.154,0.165,0.162,0.175,0.159,0.178,0.173,0,0,0,0,0,0.125,0.156,0.13,0.132,0.132,0.177,0.205,0,0,0.017,0.529,0.019,0.192,0.018,0.159,0.496,0.022,0,0,0.189,0.253,0.161,0.148,0.154,0.175,0.144,0.14,0.132,0.163,0.154,0.175,0.14,0.136,0.016,0.016,0.02,0.021,0.147,0.155,0.147,0.142,0.02,0.016,0.02,0.018,0.151,0.143,0.119,0.119,0.018,0.017,0.018,0.016,0.155,0.116,0.018,0.019,0.018,0.02,0.016,0.147,0.019,0.017,0.021,0,0.02,0.022,0.022,0.02,0.017,0.344,0.367,0.291,0.285,0.264,0,0,0,0,0,0,0,0,0.017,0.113,0.018,0.156,0.021,0.019,0.018,0,0,0.02,0.132,0.134,0.347,0.019,0.019,0.146,0.02,0.272,0.117,0.327,0,0.161,0.147,0.132,0.099,0.02,0.019,0.158,0.151,0,0,0.14,0.14,0.127,0.123,0.162,0,0.117,0.099,0.122,0.883,1,1
GO:2001237,0,0.022,0,0.027,0.023,0.165,0.203,0,0.025,0,0.022,0.461,0.525,0.18,0.223,0.247,0.162,0,0.023,0.023,0.023,0.024,0.023,0.023,0,0.324,0,0,0.148,0.619,0.147,0.592,0.592,0.184,0.159,0.196,0.561,0.161,0.145,0.164,0.161,0,0,0.128,0.129,0.019,0.205,0.223,0.134,0.128,0.119,0.12,0.145,0.135,0.59,0.021,0,0.023,0.44,0.492,0.198,0.158,0.572,0.162,0.158,0.551,0.701,0.2,0.551,0.2,0,0.733,0.721,0.522,0.199,0.198,0.169,0.198,0.17,0.17,0.021,0.186,0.164,0.177,0.225,0.292,0,0.022,0,0,0.115,0.11,0.02,0.02,0.456,0.19,0.406,0.405,0.439,0.419,0,0.482,0,0.469,0.475,0.422,0.471,0,0.282,0.275,0.469,0.469,0.444,0.165,0.159,0.658,0.62,0.164,0.634,0.144,0.159,0.168,0.163,0.143,0.473,0.541,0.513,0.165,0.16,0.153,0.164,0.116,0.113,0.155,0.145,0.551,0.886,0.019,0,0,0.021,0.023,0.022,0,0.121,0.697,0.692,0.692,0.672,0.018,0.173,0.021,0.164,0.158,0.16,0,0,0,0,0,0.021,0,0,0.137,0.791,0.787,0.17,0,0,0,0,0.021,0.149,0.148,0.773,0.135,0,0.137,0.241,0.242,0.02,0.27,0.249,0.018,0.278,0.017,0.017,0.017,0,0.02,0.016,0,0.021,0.017,0,0,0,0.665,0.144,0.168,0.154,0.69,0.682,0.21,0.769,0.016,0.019,0.018,0.019,0.017,0.019,0.017,0.447,0.17,0.423,0.11,0.109,0.518,0.577,0.174,0.112,0.111,0.168,0.459,0.113,0.149,0.18,0.106,0.149,0.373,0.169,0.145,0.367,0.154,0.392,0.667,0.02,0.019,0.02,0.018,0.015,0.02,0.019,0.018,0.02,0.018,0.018,0.02,0.02,0.021,0.02,0,0,0,0,0.016,0,0.14,0.117,0.321,0.022,0.016,0.021,0.016,0.016,0.019,0,0,0,0.387,0.217,0.205,0.192,0,0,0,0,0.14,0,0.14,0.132,0.453,0.02,0,0,0.022,0.022,0,0.018,0.541,0.504,0.018,0.017,0.177,0.132,0.107,0.093,0.022,0.147,0.143,0.14,0,0.152,0.144,0.014,0.022,0,0,0.016,0.156,0.205,0.016,0.02,0.019,0.428,0.457,0.162,0.175,0.44,0.178,0.173,0,0,0,0,0,0.125,0.156,0.13,0.389,0.389,0.177,0.205,0,0,0.017,0.529,0.019,0.192,0.018,0.159,0.496,0.022,0,0,0.189,0.253,0.447,0.148,0.428,0.175,0.144,0.387,0.132,0.163,0.154,0.175,0.14,0.377,0.016,0.016,0.02,0.021,0.147,0.431,0.147,0.394,0.02,0.016,0.02,0.018,0.151,0.397,0.119,0.119,0.018,0.017,0.018,0.016,0.431,0.116,0.018,0.019,0.018,0.02,0.016,0.147,0.019,0.017,0.021,0,0.02,0.022,0.022,0.02,0.017,0.344,0.367,0.291,0.285,0.264,0,0,0,0,0,0,0,0,0.017,0.113,0.018,0.156,0.021,0.019,0.018,0,0,0.02,0.132,0.134,0.347,0.019,0.019,0.146,0.02,0.272,0.117,0.327,0,0.161,0.147,0.132,0.099,0.02,0.019,0.158,0.151,0,0,0.14,0.14,0.127,0.123,0.162,0,0.117,0.099,0.122,0.89,1,1
